run_id,config_id,pair_key,base_id,cornea_id,platform_id,optic_state,pupil_mm,defocus_retina_d,defocus_shape_d,mtfa,mtf10,mtf20,mtf30,mtf40,mtf50,mtf60
analysis-1cc1441dec4744a18d7ac73763507a6c,CFG_ATC_M3_AL24477_A0_HOA_MONO_EPD3,CAR_ATC_M3_AL24477_A0_HOA_EPD3,ATC_M3_AL24477,A0,HOA,MONO,3.0,0.5,0.5,0.1586585295702942,0.36411675132533494,0.07316014398296873,0.013744418399085061,0.004558677951453765,0.011612443131214628,0.015221405413307717
analysis-1cc1441dec4744a18d7ac73763507a6c,CFG_ATC_M3_AL24477_A0_HOA_MONO_EPD3,CAR_ATC_M3_AL24477_A0_HOA_EPD3,ATC_M3_AL24477,A0,HOA,MONO,3.0,0.25,0.25,0.35403471808535575,0.664739203887423,0.4111204187793459,0.26966329983305926,0.17077279824222366,0.096015860985461,0.04817939172699033
analysis-1cc1441dec4744a18d7ac73763507a6c,CFG_ATC_M3_AL24477_A0_HOA_MONO_EPD3,CAR_ATC_M3_AL24477_A0_HOA_EPD3,ATC_M3_AL24477,A0,HOA,MONO,3.0,0.0,0.0,0.5711105562017111,0.8292997055386017,0.6728330654115402,0.5399127077569906,0.43078649450535145,0.3374283116995566,0.2401938646566325
analysis-1cc1441dec4744a18d7ac73763507a6c,CFG_ATC_M3_AL24477_A0_HOA_MONO_EPD3,CAR_ATC_M3_AL24477_A0_HOA_EPD3,ATC_M3_AL24477,A0,HOA,MONO,3.0,-0.25,-0.25,0.30045494045777493,0.7259871965904864,0.3396598818067276,0.10479302815874614,0.042474309375630355,0.05705867557920506,0.09381866172264515
analysis-1cc1441dec4744a18d7ac73763507a6c,CFG_ATC_M3_AL24477_A0_HOA_MONO_EPD3,CAR_ATC_M3_AL24477_A0_HOA_EPD3,ATC_M3_AL24477,A0,HOA,MONO,3.0,-0.5,-0.5,0.1721729182361461,0.3928999865889995,0.1052587430367762,0.07026614631605331,0.004044236989584,0.0006807828613512064,0.012560026067228714
analysis-1cc1441dec4744a18d7ac73763507a6c,CFG_ATC_M3_AL24477_A0_HOA_MONO_EPD3,CAR_ATC_M3_AL24477_A0_HOA_EPD3,ATC_M3_AL24477,A0,HOA,MONO,3.0,-0.75,-0.75,0.13596757155457814,0.025752446583363193,0.059839152854789544,0.06720767399545137,0.02464296760114622,0.01571579682598745,0.019178593761706844
analysis-1cc1441dec4744a18d7ac73763507a6c,CFG_ATC_M3_AL24477_A0_HOA_MONO_EPD3,CAR_ATC_M3_AL24477_A0_HOA_EPD3,ATC_M3_AL24477,A0,HOA,MONO,3.0,-1.0,-1.0,0.10289164680262264,0.17056185565263748,0.08481933920198041,0.02547310469209519,0.012290501035151105,0.006126360724305196,0.006785740741958678
analysis-1cc1441dec4744a18d7ac73763507a6c,CFG_ATC_M3_AL24477_A0_HOA_MONO_EPD3,CAR_ATC_M3_AL24477_A0_HOA_EPD3,ATC_M3_AL24477,A0,HOA,MONO,3.0,-1.25,-1.25,0.08442689800776454,0.13983205062763834,0.006076952465234607,0.011634931950082248,0.012786049252283948,0.007463938747263962,0.00609252218285736
analysis-1cc1441dec4744a18d7ac73763507a6c,CFG_ATC_M3_AL24477_A0_HOA_MONO_EPD3,CAR_ATC_M3_AL24477_A0_HOA_EPD3,ATC_M3_AL24477,A0,HOA,MONO,3.0,-1.5,-1.5,0.06957103072032432,0.0010626002704245123,0.03130063996003202,0.0019303328915417528,0.00807024006318245,0.003757693933286417,0.0018293475227192004
analysis-1cc1441dec4744a18d7ac73763507a6c,CFG_ATC_M3_AL24477_A0_HOA_MONO_EPD3,CAR_ATC_M3_AL24477_A0_HOA_EPD3,ATC_M3_AL24477,A0,HOA,MONO,3.0,-1.75,-1.75,0.0597820707836667,0.08823859316754644,0.02973880736131602,0.0049471832536489855,0.006879540214058857,0.005557259884539227,0.00038753367178856246
analysis-1cc1441dec4744a18d7ac73763507a6c,CFG_ATC_M3_AL24477_A0_HOA_MONO_EPD3,CAR_ATC_M3_AL24477_A0_HOA_EPD3,ATC_M3_AL24477,A0,HOA,MONO,3.0,-2.0,-2.0,0.052313621595841166,0.05913705598679294,0.00371180575598998,0.009109405603577675,0.0058226724185196175,0.0038367973328279716,0.0015649700847549545
analysis-1cc1441dec4744a18d7ac73763507a6c,CFG_ATC_M3_AL24477_A0_HOA_MONO_EPD3,CAR_ATC_M3_AL24477_A0_HOA_EPD3,ATC_M3_AL24477,A0,HOA,MONO,3.0,-2.25,-2.25,0.0460566101355482,0.01883756280457372,0.013035434354256147,0.006913335093203013,0.006142812972992636,0.0031660211140618383,0.0022078243678216557
analysis-1cc1441dec4744a18d7ac73763507a6c,CFG_ATC_M3_AL24477_A0_HOA_MONO_EPD3,CAR_ATC_M3_AL24477_A0_HOA_EPD3,ATC_M3_AL24477,A0,HOA,MONO,3.0,-2.5,-2.5,0.04137607735596582,0.04918974007587464,0.016138488401035225,0.008034705198913916,0.004328551173315202,0.003070568679089702,0.0019078032944087593
analysis-1cc1441dec4744a18d7ac73763507a6c,CFG_ATC_M3_AL24477_A0_HOA_MONO_EPD3,CAR_ATC_M3_AL24477_A0_HOA_EPD3,ATC_M3_AL24477,A0,HOA,MONO,3.0,-2.75,-2.75,0.037470127605278084,0.013436301525341643,0.006234510266995587,0.006990986942318229,0.0036111630043231275,0.002245056478943187,0.0023500508805131323
analysis-1cc1441dec4744a18d7ac73763507a6c,CFG_ATC_M3_AL24477_A0_HOA_MONO_EPD3,CAR_ATC_M3_AL24477_A0_HOA_EPD3,ATC_M3_AL24477,A0,HOA,MONO,3.0,-3.0,-3.0,0.03428848958111155,0.028527497193110388,0.005211100277033197,0.005955267795727763,0.0032907506314732806,0.0018361414439822393,0.001284746389328538
analysis-1cc1441dec4744a18d7ac73763507a6c,CFG_ATC_M3_AL24477_A0_HOA_MONO_EPD5,CAR_ATC_M3_AL24477_A0_HOA_EPD5,ATC_M3_AL24477,A0,HOA,MONO,5.0,0.5,0.5,0.07246805865169786,0.11199611392449763,0.039029654324022854,0.01479188383266882,0.00998306835173404,0.0009535009380658737,0.0025495502965776746
analysis-1cc1441dec4744a18d7ac73763507a6c,CFG_ATC_M3_AL24477_A0_HOA_MONO_EPD5,CAR_ATC_M3_AL24477_A0_HOA_EPD5,ATC_M3_AL24477,A0,HOA,MONO,5.0,0.25,0.25,0.13107829692523004,0.18344238174351093,0.1235874248841766,0.07857203348727702,0.054798945465476,0.028733318773771513,0.010858340127670563
analysis-1cc1441dec4744a18d7ac73763507a6c,CFG_ATC_M3_AL24477_A0_HOA_MONO_EPD5,CAR_ATC_M3_AL24477_A0_HOA_EPD5,ATC_M3_AL24477,A0,HOA,MONO,5.0,0.0,0.0,0.23069421029052128,0.305250335369599,0.22967201049054822,0.1806753088053911,0.1553085422639763,0.1268011070228039,0.0909336857657232
analysis-1cc1441dec4744a18d7ac73763507a6c,CFG_ATC_M3_AL24477_A0_HOA_MONO_EPD5,CAR_ATC_M3_AL24477_A0_HOA_EPD5,ATC_M3_AL24477,A0,HOA,MONO,5.0,-0.25,-0.25,0.2153235026087588,0.3977856407045222,0.2172240415978849,0.1250175006297648,0.07678706833014956,0.06370502810844568,0.07404177611345208
analysis-1cc1441dec4744a18d7ac73763507a6c,CFG_ATC_M3_AL24477_A0_HOA_MONO_EPD5,CAR_ATC_M3_AL24477_A0_HOA_EPD5,ATC_M3_AL24477,A0,HOA,MONO,5.0,-0.5,-0.5,0.17035497015639972,0.3477915812423328,0.07183453254752219,0.013672392904469106,0.053024538517797974,0.06402192637958638,0.05391758426086594
analysis-1cc1441dec4744a18d7ac73763507a6c,CFG_ATC_M3_AL24477_A0_HOA_MONO_EPD5,CAR_ATC_M3_AL24477_A0_HOA_EPD5,ATC_M3_AL24477,A0,HOA,MONO,5.0,-0.75,-0.75,0.14129012129761456,0.22194746979923372,0.0019101402288315026,0.09840777370515694,0.030115757206732142,0.009065060270639722,0.0008477495658687464
analysis-1cc1441dec4744a18d7ac73763507a6c,CFG_ATC_M3_AL24477_A0_HOA_MONO_EPD5,CAR_ATC_M3_AL24477_A0_HOA_EPD5,ATC_M3_AL24477,A0,HOA,MONO,5.0,-1.0,-1.0,0.14933010919241402,0.09111972898363697,0.18021079566528628,0.007792868677924617,0.08841831537420021,0.03419258276435917,0.007871672753238619
analysis-1cc1441dec4744a18d7ac73763507a6c,CFG_ATC_M3_AL24477_A0_HOA_MONO_EPD5,CAR_ATC_M3_AL24477_A0_HOA_EPD5,ATC_M3_AL24477,A0,HOA,MONO,5.0,-1.25,-1.25,0.10095238085585923,0.027885850417719165,0.0004567039229922409,0.06905104517029244,0.0060425153581620365,0.036868474618172685,0.012892532610824207
analysis-1cc1441dec4744a18d7ac73763507a6c,CFG_ATC_M3_AL24477_A0_HOA_MONO_EPD5,CAR_ATC_M3_AL24477_A0_HOA_EPD5,ATC_M3_AL24477,A0,HOA,MONO,5.0,-1.5,-1.5,0.08187513472950173,0.005886918749991196,0.010722649592476348,0.014189587409393353,0.024171558973256343,0.024972948311803574,0.007965801448226213
analysis-1cc1441dec4744a18d7ac73763507a6c,CFG_ATC_M3_AL24477_A0_HOA_MONO_EPD5,CAR_ATC_M3_AL24477_A0_HOA_EPD5,ATC_M3_AL24477,A0,HOA,MONO,5.0,-1.75,-1.75,0.0740176282962326,0.12999962868407855,0.03345113354710305,0.007347430849990378,0.011506737137968081,0.009434599328986272,0.011529618789882129
analysis-1cc1441dec4744a18d7ac73763507a6c,CFG_ATC_M3_AL24477_A0_HOA_MONO_EPD5,CAR_ATC_M3_AL24477_A0_HOA_EPD5,ATC_M3_AL24477,A0,HOA,MONO,5.0,-2.0,-2.0,0.06890737138009709,0.033846986550212815,0.03690822778788981,0.04353237632404444,0.0016289895920603929,0.0068208646669805275,0.007452671308399218
analysis-1cc1441dec4744a18d7ac73763507a6c,CFG_ATC_M3_AL24477_A0_HOA_MONO_EPD5,CAR_ATC_M3_AL24477_A0_HOA_EPD5,ATC_M3_AL24477,A0,HOA,MONO,5.0,-2.25,-2.25,0.06329168413758503,0.11932946779443131,0.033731233112881676,0.0036745125291795353,0.0015594858044092597,0.012010180083182253,0.005128658742928065
analysis-1cc1441dec4744a18d7ac73763507a6c,CFG_ATC_M3_AL24477_A0_HOA_MONO_EPD5,CAR_ATC_M3_AL24477_A0_HOA_EPD5,ATC_M3_AL24477,A0,HOA,MONO,5.0,-2.5,-2.5,0.055146181787653674,0.005908030667982768,0.016001318826679163,0.027241801934865577,2.2869662856899836e-05,0.003165492490628731,0.0014373797171240244
analysis-1cc1441dec4744a18d7ac73763507a6c,CFG_ATC_M3_AL24477_A0_HOA_MONO_EPD5,CAR_ATC_M3_AL24477_A0_HOA_EPD5,ATC_M3_AL24477,A0,HOA,MONO,5.0,-2.75,-2.75,0.04721097737332884,0.09579374133449998,0.004049728214762979,0.016766008859555016,0.003727120529368161,0.004061377280120294,0.0031412603332114553
analysis-1cc1441dec4744a18d7ac73763507a6c,CFG_ATC_M3_AL24477_A0_HOA_MONO_EPD5,CAR_ATC_M3_AL24477_A0_HOA_EPD5,ATC_M3_AL24477,A0,HOA,MONO,5.0,-3.0,-3.0,0.04332846515640728,0.04578049540374048,0.02234890912454937,0.0027634320668739124,0.004159078721662087,0.004282953014366221,0.0015715575332062859
analysis-1cc1441dec4744a18d7ac73763507a6c,CFG_ATC_M3_AL24477_A0_HOA_EDOF_EPD3,CAR_ATC_M3_AL24477_A0_HOA_EPD3,ATC_M3_AL24477,A0,HOA,EDOF,3.0,0.5,0.75,0.0855617380087457,0.04052763711004887,0.045570223314016375,0.042627898683740686,0.03552765133153319,0.022985677078366278,0.016011987980992425
analysis-1cc1441dec4744a18d7ac73763507a6c,CFG_ATC_M3_AL24477_A0_HOA_EDOF_EPD3,CAR_ATC_M3_AL24477_A0_HOA_EPD3,ATC_M3_AL24477,A0,HOA,EDOF,3.0,0.25,0.5,0.06866685393667944,0.07310649243685462,0.01937748337859401,0.00626592723829698,0.007198233132108324,0.0037152653266321906,0.02958744257157936
analysis-1cc1441dec4744a18d7ac73763507a6c,CFG_ATC_M3_AL24477_A0_HOA_EDOF_EPD3,CAR_ATC_M3_AL24477_A0_HOA_EPD3,ATC_M3_AL24477,A0,HOA,EDOF,3.0,0.0,0.25,0.09556390280011057,0.13501825876022752,0.05191446894112849,0.025979108510974284,0.03509129915712439,0.031143624557439933,0.02167646986734758
analysis-1cc1441dec4744a18d7ac73763507a6c,CFG_ATC_M3_AL24477_A0_HOA_EDOF_EPD3,CAR_ATC_M3_AL24477_A0_HOA_EPD3,ATC_M3_AL24477,A0,HOA,EDOF,3.0,-0.25,0.0,0.15314715799003603,0.18699723859874878,0.15453945169015537,0.12169589192274088,0.07333596183548324,0.07122634608025252,0.09324728291257788
analysis-1cc1441dec4744a18d7ac73763507a6c,CFG_ATC_M3_AL24477_A0_HOA_EDOF_EPD3,CAR_ATC_M3_AL24477_A0_HOA_EPD3,ATC_M3_AL24477,A0,HOA,EDOF,3.0,-0.5,-0.25,0.1136042334385823,0.18483823896762544,0.0876158496251708,0.05149626158726442,0.05402392155791637,0.014882732785133006,0.03246099597968626
analysis-1cc1441dec4744a18d7ac73763507a6c,CFG_ATC_M3_AL24477_A0_HOA_EDOF_EPD3,CAR_ATC_M3_AL24477_A0_HOA_EPD3,ATC_M3_AL24477,A0,HOA,EDOF,3.0,-0.75,-0.5,0.08228578158238964,0.12187386470961781,0.0174052465673999,0.011813683909200692,0.047825358679191465,0.006066507051953777,0.008757843619117363
analysis-1cc1441dec4744a18d7ac73763507a6c,CFG_ATC_M3_AL24477_A0_HOA_EDOF_EPD3,CAR_ATC_M3_AL24477_A0_HOA_EPD3,ATC_M3_AL24477,A0,HOA,EDOF,3.0,-1.0,-0.75,0.08139585701963929,0.04038308090766518,0.03489262100097225,0.04108200517830885,0.04522579501756863,0.028293159800744358,0.045555059587383415
analysis-1cc1441dec4744a18d7ac73763507a6c,CFG_ATC_M3_AL24477_A0_HOA_EDOF_EPD3,CAR_ATC_M3_AL24477_A0_HOA_EPD3,ATC_M3_AL24477,A0,HOA,EDOF,3.0,-1.25,-1.0,0.0644180092720791,0.003230542197106273,0.07574218279418152,0.014097263993638032,0.017045794801885235,0.025810674306642148,0.02175031037079907
analysis-1cc1441dec4744a18d7ac73763507a6c,CFG_ATC_M3_AL24477_A0_HOA_EDOF_EPD3,CAR_ATC_M3_AL24477_A0_HOA_EPD3,ATC_M3_AL24477,A0,HOA,EDOF,3.0,-1.5,-1.25,0.05928845235079476,0.0112984711726438,0.016347709520292207,0.02738542330223006,0.017012612921988815,0.017762232813833673,0.007367481850434945
analysis-1cc1441dec4744a18d7ac73763507a6c,CFG_ATC_M3_AL24477_A0_HOA_EDOF_EPD3,CAR_ATC_M3_AL24477_A0_HOA_EPD3,ATC_M3_AL24477,A0,HOA,EDOF,3.0,-1.75,-1.5,0.04791971886572712,0.05127709657080505,0.01640532453852489,0.012238758336645197,0.0031866031038753134,0.00029469963403936587,0.010852880749158519
analysis-1cc1441dec4744a18d7ac73763507a6c,CFG_ATC_M3_AL24477_A0_HOA_EDOF_EPD3,CAR_ATC_M3_AL24477_A0_HOA_EPD3,ATC_M3_AL24477,A0,HOA,EDOF,3.0,-2.0,-1.75,0.04093475862201434,0.06545364669944559,0.023692027781776065,0.00813445371143711,0.0012288057138528385,0.017683556080216805,0.0020258081218298392
analysis-1cc1441dec4744a18d7ac73763507a6c,CFG_ATC_M3_AL24477_A0_HOA_EDOF_EPD3,CAR_ATC_M3_AL24477_A0_HOA_EPD3,ATC_M3_AL24477,A0,HOA,EDOF,3.0,-2.25,-2.0,0.041945734333196705,0.03584809588821794,0.007738950804103635,0.02640508503030856,0.00042646829582384247,0.0063321871770833996,0.012538977425034245
analysis-1cc1441dec4744a18d7ac73763507a6c,CFG_ATC_M3_AL24477_A0_HOA_EDOF_EPD3,CAR_ATC_M3_AL24477_A0_HOA_EPD3,ATC_M3_AL24477,A0,HOA,EDOF,3.0,-2.5,-2.25,0.043123575344440924,0.005886395213638541,0.03629399055337536,0.01395058736664746,0.0014835941886557611,0.03981953826356019,0.005112820105702406
analysis-1cc1441dec4744a18d7ac73763507a6c,CFG_ATC_M3_AL24477_A0_HOA_EDOF_EPD3,CAR_ATC_M3_AL24477_A0_HOA_EPD3,ATC_M3_AL24477,A0,HOA,EDOF,3.0,-2.75,-2.5,0.04239816751561225,0.01460518408496906,0.05014522928160436,0.0179865838815984,0.020889660315141827,0.0001165669887422645,0.00996199160193667
analysis-1cc1441dec4744a18d7ac73763507a6c,CFG_ATC_M3_AL24477_A0_HOA_EDOF_EPD3,CAR_ATC_M3_AL24477_A0_HOA_EPD3,ATC_M3_AL24477,A0,HOA,EDOF,3.0,-3.0,-2.75,0.03327612475485216,0.018417347256325566,0.01676811241610996,0.0010070808606638128,0.0035075391942974285,0.006688298856197747,0.0015799120273083478
analysis-1cc1441dec4744a18d7ac73763507a6c,CFG_ATC_M3_AL24477_A0_HOA_EDOF_EPD5,CAR_ATC_M3_AL24477_A0_HOA_EPD5,ATC_M3_AL24477,A0,HOA,EDOF,5.0,0.5,1.0,0.04403867292635057,0.01522510146211096,0.0076172833590669575,0.004731947092826166,0.008698116088444327,0.005004873076772399,0.001654733544511582
analysis-1cc1441dec4744a18d7ac73763507a6c,CFG_ATC_M3_AL24477_A0_HOA_EDOF_EPD5,CAR_ATC_M3_AL24477_A0_HOA_EPD5,ATC_M3_AL24477,A0,HOA,EDOF,5.0,0.25,0.75,0.04626362385199155,0.033942159026351185,0.011865054891560041,0.010480809099674717,0.005677055697466758,0.008659252546802228,0.011064021636585772
analysis-1cc1441dec4744a18d7ac73763507a6c,CFG_ATC_M3_AL24477_A0_HOA_EDOF_EPD5,CAR_ATC_M3_AL24477_A0_HOA_EPD5,ATC_M3_AL24477,A0,HOA,EDOF,5.0,0.0,0.5,0.06072981647226379,0.057504569692663904,0.0045080882356718505,0.013119831540864622,0.012886061938840933,0.008404225518619288,0.0072364642350543
analysis-1cc1441dec4744a18d7ac73763507a6c,CFG_ATC_M3_AL24477_A0_HOA_EDOF_EPD5,CAR_ATC_M3_AL24477_A0_HOA_EPD5,ATC_M3_AL24477,A0,HOA,EDOF,5.0,-0.25,0.25,0.14078930343816587,0.20704917005349005,0.10192308134066133,0.08455409589783983,0.06853533090493094,0.05920258354323358,0.07232640852705305
analysis-1cc1441dec4744a18d7ac73763507a6c,CFG_ATC_M3_AL24477_A0_HOA_EDOF_EPD5,CAR_ATC_M3_AL24477_A0_HOA_EPD5,ATC_M3_AL24477,A0,HOA,EDOF,5.0,-0.5,0.0,0.19587138957236636,0.2721976349982375,0.20161134114205376,0.14293908487410778,0.07388231996858359,0.0814258167671604,0.06371158757829232
analysis-1cc1441dec4744a18d7ac73763507a6c,CFG_ATC_M3_AL24477_A0_HOA_EDOF_EPD5,CAR_ATC_M3_AL24477_A0_HOA_EPD5,ATC_M3_AL24477,A0,HOA,EDOF,5.0,-0.75,-0.25,0.12739026778026077,0.2526790461705085,0.0001884896197459121,0.004156871266313541,0.03567227457089884,0.031693541067958395,0.015481259085246989
analysis-1cc1441dec4744a18d7ac73763507a6c,CFG_ATC_M3_AL24477_A0_HOA_EDOF_EPD5,CAR_ATC_M3_AL24477_A0_HOA_EPD5,ATC_M3_AL24477,A0,HOA,EDOF,5.0,-1.0,-0.5,0.17285372576844646,0.1652354053825127,0.1279874593381024,0.08977905275067677,0.09712583310353111,0.09076314628639989,0.07552024186583209
analysis-1cc1441dec4744a18d7ac73763507a6c,CFG_ATC_M3_AL24477_A0_HOA_EDOF_EPD5,CAR_ATC_M3_AL24477_A0_HOA_EPD5,ATC_M3_AL24477,A0,HOA,EDOF,5.0,-1.25,-0.75,0.11887191184226963,0.0237329218850195,0.07453776006528308,0.04921681564704379,0.06176508536701434,0.060840159994900195,0.049920896378860394
analysis-1cc1441dec4744a18d7ac73763507a6c,CFG_ATC_M3_AL24477_A0_HOA_EDOF_EPD5,CAR_ATC_M3_AL24477_A0_HOA_EPD5,ATC_M3_AL24477,A0,HOA,EDOF,5.0,-1.5,-1.0,0.07674811020314207,0.012738064352877415,0.008671247216882118,0.01654782939464957,0.038347070060336844,0.03703161856533072,0.015596312663485646
analysis-1cc1441dec4744a18d7ac73763507a6c,CFG_ATC_M3_AL24477_A0_HOA_EDOF_EPD5,CAR_ATC_M3_AL24477_A0_HOA_EPD5,ATC_M3_AL24477,A0,HOA,EDOF,5.0,-1.75,-1.25,0.05964407847606572,0.11720156085613812,0.028874619667338744,0.024961614035213894,0.02850094998822033,0.012107597051422767,0.010248534236071093
analysis-1cc1441dec4744a18d7ac73763507a6c,CFG_ATC_M3_AL24477_A0_HOA_EDOF_EPD5,CAR_ATC_M3_AL24477_A0_HOA_EPD5,ATC_M3_AL24477,A0,HOA,EDOF,5.0,-2.0,-1.5,0.0568415808204131,0.03521474591645811,0.021834759292700824,0.023378513478035476,0.01981454152220935,0.008900125832170792,0.006524178641244799
analysis-1cc1441dec4744a18d7ac73763507a6c,CFG_ATC_M3_AL24477_A0_HOA_EDOF_EPD5,CAR_ATC_M3_AL24477_A0_HOA_EPD5,ATC_M3_AL24477,A0,HOA,EDOF,5.0,-2.25,-1.75,0.05607602440433117,0.09854683036507086,0.026953794886192498,0.014560262003693317,0.009265013492727603,0.006608688654859782,0.0124076340412127
analysis-1cc1441dec4744a18d7ac73763507a6c,CFG_ATC_M3_AL24477_A0_HOA_EDOF_EPD5,CAR_ATC_M3_AL24477_A0_HOA_EPD5,ATC_M3_AL24477,A0,HOA,EDOF,5.0,-2.5,-2.0,0.05240909220039119,0.02585591352998771,0.003580249047459803,0.01489327340396343,0.0009522031221208345,0.006859608439049902,0.0021950935318485816
analysis-1cc1441dec4744a18d7ac73763507a6c,CFG_ATC_M3_AL24477_A0_HOA_EDOF_EPD5,CAR_ATC_M3_AL24477_A0_HOA_EPD5,ATC_M3_AL24477,A0,HOA,EDOF,5.0,-2.75,-2.25,0.04488688947247266,0.09943796003742053,0.004385866771894131,0.004404599674936778,0.0035934377219830906,0.0014739000993296584,0.0018968131449427846
analysis-1cc1441dec4744a18d7ac73763507a6c,CFG_ATC_M3_AL24477_A0_HOA_EDOF_EPD5,CAR_ATC_M3_AL24477_A0_HOA_EPD5,ATC_M3_AL24477,A0,HOA,EDOF,5.0,-3.0,-2.5,0.04508457220822531,0.05111330786028393,0.027334294386957506,0.007280710976777667,0.00779918654782324,0.00583958828050523,0.0029306280560713995
analysis-1cc1441dec4744a18d7ac73763507a6c,CFG_ATC_M3_AL24477_A0_RAD_MONO_EPD3,CAR_ATC_M3_AL24477_A0_RAD_EPD3,ATC_M3_AL24477,A0,RAD,MONO,3.0,0.5,0.5,0.15785132707826519,0.3525240131127749,0.025755944067757344,0.04693618759626371,0.020910104105609693,0.01216274721894813,0.015493339375663471
analysis-1cc1441dec4744a18d7ac73763507a6c,CFG_ATC_M3_AL24477_A0_RAD_MONO_EPD3,CAR_ATC_M3_AL24477_A0_RAD_EPD3,ATC_M3_AL24477,A0,RAD,MONO,3.0,0.25,0.25,0.3209300590383292,0.6914363706974826,0.37392008561713264,0.187872015177242,0.09769081877305957,0.061349738153419965,0.05169082361331662
analysis-1cc1441dec4744a18d7ac73763507a6c,CFG_ATC_M3_AL24477_A0_RAD_MONO_EPD3,CAR_ATC_M3_AL24477_A0_RAD_EPD3,ATC_M3_AL24477,A0,RAD,MONO,3.0,0.0,0.0,0.6041449519769234,0.8611290763264319,0.7256227601913784,0.5956113253918933,0.4708820274608519,0.3528885348576214,0.24302552943970102
analysis-1cc1441dec4744a18d7ac73763507a6c,CFG_ATC_M3_AL24477_A0_RAD_MONO_EPD3,CAR_ATC_M3_AL24477_A0_RAD_EPD3,ATC_M3_AL24477,A0,RAD,MONO,3.0,-0.25,-0.25,0.3489601695734067,0.7394395055478421,0.4138329701293834,0.20318106086216361,0.1132164640457703,0.09024413115586064,0.09149976581730489
analysis-1cc1441dec4744a18d7ac73763507a6c,CFG_ATC_M3_AL24477_A0_RAD_MONO_EPD3,CAR_ATC_M3_AL24477_A0_RAD_EPD3,ATC_M3_AL24477,A0,RAD,MONO,3.0,-0.5,-0.5,0.17674762513560957,0.3967207449759137,0.05234492422513613,0.07475433403910454,0.03274008867069032,0.0201186143296645,0.019932524976292342
analysis-1cc1441dec4744a18d7ac73763507a6c,CFG_ATC_M3_AL24477_A0_RAD_MONO_EPD3,CAR_ATC_M3_AL24477_A0_RAD_EPD3,ATC_M3_AL24477,A0,RAD,MONO,3.0,-0.75,-0.75,0.12494272195665344,0.04693498578353073,0.051776771414588606,0.044352228215627,0.025733919408573874,0.0171361418437018,0.01635477364510832
analysis-1cc1441dec4744a18d7ac73763507a6c,CFG_ATC_M3_AL24477_A0_RAD_MONO_EPD3,CAR_ATC_M3_AL24477_A0_RAD_EPD3,ATC_M3_AL24477,A0,RAD,MONO,3.0,-1.0,-1.0,0.09319918162592027,0.12245891964750204,0.05659243082904601,0.016520917349375285,0.013356253933226302,0.008583532137300887,0.0067997296065567215
analysis-1cc1441dec4744a18d7ac73763507a6c,CFG_ATC_M3_AL24477_A0_RAD_MONO_EPD3,CAR_ATC_M3_AL24477_A0_RAD_EPD3,ATC_M3_AL24477,A0,RAD,MONO,3.0,-1.25,-1.25,0.07519997868399247,0.08938307289672631,0.010956267742406203,0.008646916246966448,0.011921944440506779,0.008241066854858516,0.0050774269200757295
analysis-1cc1441dec4744a18d7ac73763507a6c,CFG_ATC_M3_AL24477_A0_RAD_MONO_EPD3,CAR_ATC_M3_AL24477_A0_RAD_EPD3,ATC_M3_AL24477,A0,RAD,MONO,3.0,-1.5,-1.5,0.06241658974765509,0.018485379930482253,0.015028312261975518,0.0003087864789647965,0.008243123616474588,0.004610500501702376,0.0016227558636655935
analysis-1cc1441dec4744a18d7ac73763507a6c,CFG_ATC_M3_AL24477_A0_RAD_MONO_EPD3,CAR_ATC_M3_AL24477_A0_RAD_EPD3,ATC_M3_AL24477,A0,RAD,MONO,3.0,-1.75,-1.75,0.05358793456267223,0.0650610052167602,0.022321196370408993,0.0023886348449890598,0.006552336469968722,0.00565687982365295,0.0008759154954999993
analysis-1cc1441dec4744a18d7ac73763507a6c,CFG_ATC_M3_AL24477_A0_RAD_MONO_EPD3,CAR_ATC_M3_AL24477_A0_RAD_EPD3,ATC_M3_AL24477,A0,RAD,MONO,3.0,-2.0,-2.0,0.047096483743704204,0.02510443474326226,0.009698088338603939,0.006665507488971797,0.005313306628613977,0.0045333139182285875,0.002049813178305663
analysis-1cc1441dec4744a18d7ac73763507a6c,CFG_ATC_M3_AL24477_A0_RAD_MONO_EPD3,CAR_ATC_M3_AL24477_A0_RAD_EPD3,ATC_M3_AL24477,A0,RAD,MONO,3.0,-2.25,-2.25,0.04156844754271661,0.02842007840903075,0.003679347291617264,0.005258771202616805,0.005871641523480368,0.003412900909251604,0.0024429590257249167
analysis-1cc1441dec4744a18d7ac73763507a6c,CFG_ATC_M3_AL24477_A0_RAD_MONO_EPD3,CAR_ATC_M3_AL24477_A0_RAD_EPD3,ATC_M3_AL24477,A0,RAD,MONO,3.0,-2.5,-2.5,0.0373920034420893,0.03046489076749389,0.01162057431011342,0.006163932236670755,0.004611460389236552,0.003326853348474439,0.0019406146521100162
analysis-1cc1441dec4744a18d7ac73763507a6c,CFG_ATC_M3_AL24477_A0_RAD_MONO_EPD3,CAR_ATC_M3_AL24477_A0_RAD_EPD3,ATC_M3_AL24477,A0,RAD,MONO,3.0,-2.75,-2.75,0.03442373046546947,0.006287497271988748,0.009409724464564187,0.006002077833463731,0.003564888023494072,0.0023557820639645176,0.0020656685758016257
analysis-1cc1441dec4744a18d7ac73763507a6c,CFG_ATC_M3_AL24477_A0_RAD_MONO_EPD3,CAR_ATC_M3_AL24477_A0_RAD_EPD3,ATC_M3_AL24477,A0,RAD,MONO,3.0,-3.0,-3.0,0.03149301213539612,0.026145420062576766,0.000854485538818243,0.005959456331630133,0.0031424313485649237,0.001806454758799337,0.0009321470956872665
analysis-1cc1441dec4744a18d7ac73763507a6c,CFG_ATC_M3_AL24477_A0_RAD_MONO_EPD5,CAR_ATC_M3_AL24477_A0_RAD_EPD5,ATC_M3_AL24477,A0,RAD,MONO,5.0,0.5,0.75,0.0684854968705349,0.07847424341268869,0.010782676034182495,0.007678443978101287,0.005817194997261492,0.0016677062977564353,0.005244343814921136
analysis-1cc1441dec4744a18d7ac73763507a6c,CFG_ATC_M3_AL24477_A0_RAD_MONO_EPD5,CAR_ATC_M3_AL24477_A0_RAD_EPD5,ATC_M3_AL24477,A0,RAD,MONO,5.0,0.25,0.5,0.1243568186286661,0.17870003776086318,0.07517589903664883,0.020597284096654407,0.01958272868523379,0.013044938445558962,0.00601693410625082
analysis-1cc1441dec4744a18d7ac73763507a6c,CFG_ATC_M3_AL24477_A0_RAD_MONO_EPD5,CAR_ATC_M3_AL24477_A0_RAD_EPD5,ATC_M3_AL24477,A0,RAD,MONO,5.0,0.0,0.25,0.3447725432407878,0.482583048887858,0.3248867094179705,0.27968938713879876,0.23530842401264135,0.18971303144031565,0.14369094228521426
analysis-1cc1441dec4744a18d7ac73763507a6c,CFG_ATC_M3_AL24477_A0_RAD_MONO_EPD5,CAR_ATC_M3_AL24477_A0_RAD_EPD5,ATC_M3_AL24477,A0,RAD,MONO,5.0,-0.25,0.0,0.39195283668469405,0.7628368423289813,0.5018548677985757,0.29981615008425555,0.16893603730978468,0.09503755132168215,0.06190772418000712
analysis-1cc1441dec4744a18d7ac73763507a6c,CFG_ATC_M3_AL24477_A0_RAD_MONO_EPD5,CAR_ATC_M3_AL24477_A0_RAD_EPD5,ATC_M3_AL24477,A0,RAD,MONO,5.0,-0.5,-0.25,0.20584224072737295,0.44610338929874976,0.10366029628017535,0.004123769607068605,0.13127248786594947,0.05571542812896915,0.006175660612326357
analysis-1cc1441dec4744a18d7ac73763507a6c,CFG_ATC_M3_AL24477_A0_RAD_MONO_EPD5,CAR_ATC_M3_AL24477_A0_RAD_EPD5,ATC_M3_AL24477,A0,RAD,MONO,5.0,-0.75,-0.5,0.1365229577398677,0.13942928660922482,0.12296665664969439,0.07087574047771611,0.047771689877024626,0.004867083864057986,0.021500001914521345
analysis-1cc1441dec4744a18d7ac73763507a6c,CFG_ATC_M3_AL24477_A0_RAD_MONO_EPD5,CAR_ATC_M3_AL24477_A0_RAD_EPD5,ATC_M3_AL24477,A0,RAD,MONO,5.0,-1.0,-0.75,0.0993315616991986,0.15031128421318615,0.08601007067552967,0.026706489338033216,0.020407494650943048,0.014012375946561581,0.002757556170662682
analysis-1cc1441dec4744a18d7ac73763507a6c,CFG_ATC_M3_AL24477_A0_RAD_MONO_EPD5,CAR_ATC_M3_AL24477_A0_RAD_EPD5,ATC_M3_AL24477,A0,RAD,MONO,5.0,-1.25,-1.0,0.07599762922035949,0.12700436368603715,0.06952821368543728,0.036342062780294275,0.013506278195539978,0.01007418909212794,0.0062850837472386055
analysis-1cc1441dec4744a18d7ac73763507a6c,CFG_ATC_M3_AL24477_A0_RAD_MONO_EPD5,CAR_ATC_M3_AL24477_A0_RAD_EPD5,ATC_M3_AL24477,A0,RAD,MONO,5.0,-1.5,-1.25,0.060406591775743916,0.03486237573391928,0.042249077501961725,0.009947346126227413,0.010843248588623499,0.0016169291630550072,0.0026455927213273247
analysis-1cc1441dec4744a18d7ac73763507a6c,CFG_ATC_M3_AL24477_A0_RAD_MONO_EPD5,CAR_ATC_M3_AL24477_A0_RAD_EPD5,ATC_M3_AL24477,A0,RAD,MONO,5.0,-1.75,-1.5,0.04985277805516865,0.08505008059330979,0.01589151258570157,0.004884655572473602,0.0078064149699544946,0.004919113731746252,0.0002659857310920463
analysis-1cc1441dec4744a18d7ac73763507a6c,CFG_ATC_M3_AL24477_A0_RAD_MONO_EPD5,CAR_ATC_M3_AL24477_A0_RAD_EPD5,ATC_M3_AL24477,A0,RAD,MONO,5.0,-2.0,-1.75,0.041599116988224695,0.03152273494907218,0.006305148136111265,0.010388444677876243,0.005286164334424007,0.0007759359089898537,0.0026559967662248504
analysis-1cc1441dec4744a18d7ac73763507a6c,CFG_ATC_M3_AL24477_A0_RAD_MONO_EPD5,CAR_ATC_M3_AL24477_A0_RAD_EPD5,ATC_M3_AL24477,A0,RAD,MONO,5.0,-2.25,-2.0,0.033959747263952185,0.028481534878606128,0.013772542726444546,0.007302590355139313,0.002603583274811159,0.0027521227455273765,0.00239182614197895
analysis-1cc1441dec4744a18d7ac73763507a6c,CFG_ATC_M3_AL24477_A0_RAD_MONO_EPD5,CAR_ATC_M3_AL24477_A0_RAD_EPD5,ATC_M3_AL24477,A0,RAD,MONO,5.0,-2.5,-2.25,0.029950871006185823,0.03852175422312769,0.011445868326712634,0.0030909473001953782,0.0009698427557000291,5.158841345942866e-05,0.00030457667569580186
analysis-1cc1441dec4744a18d7ac73763507a6c,CFG_ATC_M3_AL24477_A0_RAD_MONO_EPD5,CAR_ATC_M3_AL24477_A0_RAD_EPD5,ATC_M3_AL24477,A0,RAD,MONO,5.0,-2.75,-2.5,0.02630645417193814,0.011568553125272591,0.0014408341260816859,0.00014094967163079207,0.002000305598607121,0.0025543538652917025,0.0018906264888889131
analysis-1cc1441dec4744a18d7ac73763507a6c,CFG_ATC_M3_AL24477_A0_RAD_MONO_EPD5,CAR_ATC_M3_AL24477_A0_RAD_EPD5,ATC_M3_AL24477,A0,RAD,MONO,5.0,-3.0,-2.75,0.022709397521031936,0.013015230780270656,0.006226399240481761,0.0023073504845056514,0.0022939024519654356,0.0005092466324561357,0.0017310240827024394
analysis-1cc1441dec4744a18d7ac73763507a6c,CFG_ATC_M3_AL24477_A0_RAD_EDOF_EPD3,CAR_ATC_M3_AL24477_A0_RAD_EPD3,ATC_M3_AL24477,A0,RAD,EDOF,3.0,0.5,0.5,0.13873219588728308,0.2957954157194763,0.07270414783348662,0.06539855472850772,0.04423540967834645,0.018386404427258328,0.0039769714282095695
analysis-1cc1441dec4744a18d7ac73763507a6c,CFG_ATC_M3_AL24477_A0_RAD_EDOF_EPD3,CAR_ATC_M3_AL24477_A0_RAD_EPD3,ATC_M3_AL24477,A0,RAD,EDOF,3.0,0.25,0.25,0.1766442511038281,0.35733002456976826,0.17357542002094561,0.04247079143665554,0.024731246795699262,0.055049120687809795,0.03768517905337239
analysis-1cc1441dec4744a18d7ac73763507a6c,CFG_ATC_M3_AL24477_A0_RAD_EDOF_EPD3,CAR_ATC_M3_AL24477_A0_RAD_EPD3,ATC_M3_AL24477,A0,RAD,EDOF,3.0,0.0,0.0,0.32146438088299695,0.3737710168267237,0.36761457993865043,0.3124589217725997,0.24076963766296178,0.16457693213438152,0.11228074155127157
analysis-1cc1441dec4744a18d7ac73763507a6c,CFG_ATC_M3_AL24477_A0_RAD_EDOF_EPD3,CAR_ATC_M3_AL24477_A0_RAD_EPD3,ATC_M3_AL24477,A0,RAD,EDOF,3.0,-0.25,-0.25,0.19113599182650037,0.34081881329077446,0.23123569713837752,0.107849839271359,0.03606450217223288,0.003895880398519025,0.02425129021526406
analysis-1cc1441dec4744a18d7ac73763507a6c,CFG_ATC_M3_AL24477_A0_RAD_EDOF_EPD3,CAR_ATC_M3_AL24477_A0_RAD_EPD3,ATC_M3_AL24477,A0,RAD,EDOF,3.0,-0.5,-0.5,0.14360670902872621,0.2765061524877878,0.0022968186103805447,0.011215829270147904,0.04451796757998022,0.012643814074088253,0.0586226480036175
analysis-1cc1441dec4744a18d7ac73763507a6c,CFG_ATC_M3_AL24477_A0_RAD_EDOF_EPD3,CAR_ATC_M3_AL24477_A0_RAD_EPD3,ATC_M3_AL24477,A0,RAD,EDOF,3.0,-0.75,-0.75,0.17795557822480818,0.2152511059556262,0.05881759559362236,0.11447443056312112,0.11287191436086753,0.11131553577647374,0.012898876426577631
analysis-1cc1441dec4744a18d7ac73763507a6c,CFG_ATC_M3_AL24477_A0_RAD_EDOF_EPD3,CAR_ATC_M3_AL24477_A0_RAD_EPD3,ATC_M3_AL24477,A0,RAD,EDOF,3.0,-1.0,-1.0,0.1457391350381608,0.1833703245346949,0.11738251804997012,0.01651428913203738,0.0012433361503611982,0.1012447016622623,0.03507618149609175
analysis-1cc1441dec4744a18d7ac73763507a6c,CFG_ATC_M3_AL24477_A0_RAD_EDOF_EPD3,CAR_ATC_M3_AL24477_A0_RAD_EPD3,ATC_M3_AL24477,A0,RAD,EDOF,3.0,-1.25,-1.25,0.12292581082849688,0.17481201924908946,0.00662842228149191,0.025685356239380865,0.006989405141920324,0.050103774728705905,0.061078787474063256
analysis-1cc1441dec4744a18d7ac73763507a6c,CFG_ATC_M3_AL24477_A0_RAD_EDOF_EPD3,CAR_ATC_M3_AL24477_A0_RAD_EPD3,ATC_M3_AL24477,A0,RAD,EDOF,3.0,-1.5,-1.5,0.13811642596995105,0.15480098425463656,0.03525859585420607,0.11480463004059138,0.06687308024786516,0.026799630993236026,0.0655913841095697
analysis-1cc1441dec4744a18d7ac73763507a6c,CFG_ATC_M3_AL24477_A0_RAD_EDOF_EPD3,CAR_ATC_M3_AL24477_A0_RAD_EPD3,ATC_M3_AL24477,A0,RAD,EDOF,3.0,-1.75,-1.75,0.12801816972750507,0.09566144420070335,0.14479761276390513,0.06746447762508309,0.06443279508109717,0.03743632867659484,0.05648815774481415
analysis-1cc1441dec4744a18d7ac73763507a6c,CFG_ATC_M3_AL24477_A0_RAD_EDOF_EPD3,CAR_ATC_M3_AL24477_A0_RAD_EPD3,ATC_M3_AL24477,A0,RAD,EDOF,3.0,-2.0,-2.0,0.07912361301432468,0.012269142963622344,0.08062914879511462,0.014115229342933931,0.0051610519681034965,0.01957126133638246,0.033463540945381245
analysis-1cc1441dec4744a18d7ac73763507a6c,CFG_ATC_M3_AL24477_A0_RAD_EDOF_EPD3,CAR_ATC_M3_AL24477_A0_RAD_EPD3,ATC_M3_AL24477,A0,RAD,EDOF,3.0,-2.25,-2.25,0.06385034710423688,0.04336575035588874,0.032968821749135985,0.0021696876893650564,0.0043470516943048395,0.011760085222824715,0.01164539653476833
analysis-1cc1441dec4744a18d7ac73763507a6c,CFG_ATC_M3_AL24477_A0_RAD_EDOF_EPD3,CAR_ATC_M3_AL24477_A0_RAD_EPD3,ATC_M3_AL24477,A0,RAD,EDOF,3.0,-2.5,-2.5,0.05811610575154326,0.030600217087376272,0.04113877689005878,0.03358664297788224,0.005258938083114931,0.0015584639870231912,0.009477611772521956
analysis-1cc1441dec4744a18d7ac73763507a6c,CFG_ATC_M3_AL24477_A0_RAD_EDOF_EPD3,CAR_ATC_M3_AL24477_A0_RAD_EPD3,ATC_M3_AL24477,A0,RAD,EDOF,3.0,-2.75,-2.75,0.05300625393976946,0.03492129650244176,0.014237493354202891,0.00285193478564247,0.008124109173092649,0.004493908616214267,0.00309274728415521
analysis-1cc1441dec4744a18d7ac73763507a6c,CFG_ATC_M3_AL24477_A0_RAD_EDOF_EPD3,CAR_ATC_M3_AL24477_A0_RAD_EPD3,ATC_M3_AL24477,A0,RAD,EDOF,3.0,-3.0,-3.0,0.04820915532636353,0.08933325567185976,0.04757081669221152,0.003940982970208116,0.0024244884254332726,0.00037230802719039903,0.002343715958619202
analysis-1cc1441dec4744a18d7ac73763507a6c,CFG_ATC_M3_AL24477_A0_RAD_EDOF_EPD5,CAR_ATC_M3_AL24477_A0_RAD_EPD5,ATC_M3_AL24477,A0,RAD,EDOF,5.0,0.5,0.5,0.07855893989459209,0.05975265896777021,0.028811327897035457,0.06874246308381869,0.03863534729035098,0.019658540725913852,0.00890970729916303
analysis-1cc1441dec4744a18d7ac73763507a6c,CFG_ATC_M3_AL24477_A0_RAD_EDOF_EPD5,CAR_ATC_M3_AL24477_A0_RAD_EPD5,ATC_M3_AL24477,A0,RAD,EDOF,5.0,0.25,0.25,0.12011970096981964,0.1196819593691004,0.06317256340869065,0.021318480109055415,0.010005804943505933,0.04354392170966825,0.024519683062125083
analysis-1cc1441dec4744a18d7ac73763507a6c,CFG_ATC_M3_AL24477_A0_RAD_EDOF_EPD5,CAR_ATC_M3_AL24477_A0_RAD_EPD5,ATC_M3_AL24477,A0,RAD,EDOF,5.0,0.0,0.0,0.28697187555334047,0.42321487658610546,0.24034907696860575,0.19060506145232062,0.21571426511472608,0.14243267156410044,0.12208174051910117
analysis-1cc1441dec4744a18d7ac73763507a6c,CFG_ATC_M3_AL24477_A0_RAD_EDOF_EPD5,CAR_ATC_M3_AL24477_A0_RAD_EPD5,ATC_M3_AL24477,A0,RAD,EDOF,5.0,-0.25,-0.25,0.2859886294921861,0.6019137351358508,0.36949209567014984,0.17936273491043797,0.05965427794061806,0.02920700757098927,0.023788699558650515
analysis-1cc1441dec4744a18d7ac73763507a6c,CFG_ATC_M3_AL24477_A0_RAD_EDOF_EPD5,CAR_ATC_M3_AL24477_A0_RAD_EPD5,ATC_M3_AL24477,A0,RAD,EDOF,5.0,-0.5,-0.5,0.16208843530325884,0.22766399992318936,0.07029071390166837,0.08917953054728213,0.08493053311787643,0.037428183144618,0.04318775013979809
analysis-1cc1441dec4744a18d7ac73763507a6c,CFG_ATC_M3_AL24477_A0_RAD_EDOF_EPD5,CAR_ATC_M3_AL24477_A0_RAD_EPD5,ATC_M3_AL24477,A0,RAD,EDOF,5.0,-0.75,-0.75,0.11113847146808432,0.12365582478307707,0.10289488729682675,0.007889364208715013,0.06147167783984871,0.017653463823258338,0.010159123610558212
analysis-1cc1441dec4744a18d7ac73763507a6c,CFG_ATC_M3_AL24477_A0_RAD_EDOF_EPD5,CAR_ATC_M3_AL24477_A0_RAD_EPD5,ATC_M3_AL24477,A0,RAD,EDOF,5.0,-1.0,-1.0,0.09438436692685838,0.0813689032234563,0.01292757311325705,0.030576430070193485,0.012529658830744837,0.040574987831417844,0.035491492289314155
analysis-1cc1441dec4744a18d7ac73763507a6c,CFG_ATC_M3_AL24477_A0_RAD_EDOF_EPD5,CAR_ATC_M3_AL24477_A0_RAD_EPD5,ATC_M3_AL24477,A0,RAD,EDOF,5.0,-1.25,-1.25,0.08102983659452584,0.23116302017885235,0.033949575974704715,0.004616456599929734,0.009251394398231794,0.02929113623987383,0.027586097057256207
analysis-1cc1441dec4744a18d7ac73763507a6c,CFG_ATC_M3_AL24477_A0_RAD_EDOF_EPD5,CAR_ATC_M3_AL24477_A0_RAD_EPD5,ATC_M3_AL24477,A0,RAD,EDOF,5.0,-1.5,-1.5,0.07440168762683341,0.0027477541693097544,0.023869844614913434,0.05214237089954597,0.029291129568480984,0.014893581358602808,0.024562276639363757
analysis-1cc1441dec4744a18d7ac73763507a6c,CFG_ATC_M3_AL24477_A0_RAD_EDOF_EPD5,CAR_ATC_M3_AL24477_A0_RAD_EPD5,ATC_M3_AL24477,A0,RAD,EDOF,5.0,-1.75,-1.75,0.06109277064260456,0.05227200604983245,0.016437740426217668,0.03913304292265311,0.01909121559445935,0.007124664339239013,0.01989456902187325
analysis-1cc1441dec4744a18d7ac73763507a6c,CFG_ATC_M3_AL24477_A0_RAD_EDOF_EPD5,CAR_ATC_M3_AL24477_A0_RAD_EPD5,ATC_M3_AL24477,A0,RAD,EDOF,5.0,-2.0,-2.0,0.04558872209533343,0.0631275588378091,0.05833030394204544,0.003703118210420744,0.00064338702116128,0.0025923469161647076,0.008331335206705228
analysis-1cc1441dec4744a18d7ac73763507a6c,CFG_ATC_M3_AL24477_A0_RAD_EDOF_EPD5,CAR_ATC_M3_AL24477_A0_RAD_EPD5,ATC_M3_AL24477,A0,RAD,EDOF,5.0,-2.25,-2.25,0.03772197853552447,0.002257762834773718,0.019744318601110394,0.002067414069906942,0.00016743175355419997,0.004384715832719071,0.00480458496185888
analysis-1cc1441dec4744a18d7ac73763507a6c,CFG_ATC_M3_AL24477_A0_RAD_EDOF_EPD5,CAR_ATC_M3_AL24477_A0_RAD_EPD5,ATC_M3_AL24477,A0,RAD,EDOF,5.0,-2.5,-2.5,0.03246979576368293,0.042279833958921584,0.018624645698320973,0.006431230435795229,0.0005173545950128587,0.003555120141695502,0.004374181424635849
analysis-1cc1441dec4744a18d7ac73763507a6c,CFG_ATC_M3_AL24477_A0_RAD_EDOF_EPD5,CAR_ATC_M3_AL24477_A0_RAD_EPD5,ATC_M3_AL24477,A0,RAD,EDOF,5.0,-2.75,-2.75,0.02919102248146216,0.02458332792679499,0.011824358604169312,0.005191287891856931,0.0007100052139730807,0.0007018054917453968,2.8256633340768514e-05
analysis-1cc1441dec4744a18d7ac73763507a6c,CFG_ATC_M3_AL24477_A0_RAD_EDOF_EPD5,CAR_ATC_M3_AL24477_A0_RAD_EPD5,ATC_M3_AL24477,A0,RAD,EDOF,5.0,-3.0,-3.0,0.026140570625254364,0.029414914833904782,0.011452566534829407,0.006037224973624645,0.0019264897129439578,0.0010033978168736742,0.0003564533953249637
analysis-1cc1441dec4744a18d7ac73763507a6c,CFG_ATC_M3_AL24477_A0_WFS_MONO_EPD3,CAR_ATC_M3_AL24477_A0_WFS_EPD3,ATC_M3_AL24477,A0,WFS,MONO,3.0,0.5,0.5,0.15651039561219424,0.35990831387997596,0.004052218057591999,0.03361993750722148,0.020695813746168638,0.014477786237547327,0.016489259983988504
analysis-1cc1441dec4744a18d7ac73763507a6c,CFG_ATC_M3_AL24477_A0_WFS_MONO_EPD3,CAR_ATC_M3_AL24477_A0_WFS_EPD3,ATC_M3_AL24477,A0,WFS,MONO,3.0,0.25,0.25,0.3361983218694971,0.6889775182689198,0.39415717027649905,0.22087605212572636,0.12464565616854946,0.07447064264027983,0.05250335283067286
analysis-1cc1441dec4744a18d7ac73763507a6c,CFG_ATC_M3_AL24477_A0_WFS_MONO_EPD3,CAR_ATC_M3_AL24477_A0_WFS_EPD3,ATC_M3_AL24477,A0,WFS,MONO,3.0,0.0,0.0,0.5994785831225735,0.8558661831907841,0.7173388283762797,0.5873835488311155,0.4656437779919986,0.35174465000051347,0.24354599641615238
analysis-1cc1441dec4744a18d7ac73763507a6c,CFG_ATC_M3_AL24477_A0_WFS_MONO_EPD3,CAR_ATC_M3_AL24477_A0_WFS_EPD3,ATC_M3_AL24477,A0,WFS,MONO,3.0,-0.25,-0.25,0.33133422395412787,0.7358531109358547,0.38846036949061846,0.16773725500249215,0.08634046413494907,0.07696220903950418,0.09044752129116881
analysis-1cc1441dec4744a18d7ac73763507a6c,CFG_ATC_M3_AL24477_A0_WFS_MONO_EPD3,CAR_ATC_M3_AL24477_A0_WFS_EPD3,ATC_M3_AL24477,A0,WFS,MONO,3.0,-0.5,-0.5,0.1758650936824533,0.39212962871634255,0.07410485563435475,0.07734528050279106,0.025552754134598968,0.014624141713553428,0.01791584297169035
analysis-1cc1441dec4744a18d7ac73763507a6c,CFG_ATC_M3_AL24477_A0_WFS_MONO_EPD3,CAR_ATC_M3_AL24477_A0_WFS_EPD3,ATC_M3_AL24477,A0,WFS,MONO,3.0,-0.75,-0.75,0.1281492291638983,0.03590810941268721,0.05564523155833181,0.05083131668280284,0.02519620532457179,0.016258886893985566,0.01692435975294155
analysis-1cc1441dec4744a18d7ac73763507a6c,CFG_ATC_M3_AL24477_A0_WFS_MONO_EPD3,CAR_ATC_M3_AL24477_A0_WFS_EPD3,ATC_M3_AL24477,A0,WFS,MONO,3.0,-1.0,-1.0,0.09595324689205163,0.13962401038255112,0.06437354107868738,0.01904364207978928,0.012863109724679692,0.007696035826656218,0.006905052896341362
analysis-1cc1441dec4744a18d7ac73763507a6c,CFG_ATC_M3_AL24477_A0_WFS_MONO_EPD3,CAR_ATC_M3_AL24477_A0_WFS_EPD3,ATC_M3_AL24477,A0,WFS,MONO,3.0,-1.25,-1.25,0.07770623618813986,0.10434825349583651,0.010140095067992164,0.009711008229017467,0.0119122833215855,0.007821140066936941,0.005467268398804713
analysis-1cc1441dec4744a18d7ac73763507a6c,CFG_ATC_M3_AL24477_A0_WFS_MONO_EPD3,CAR_ATC_M3_AL24477_A0_WFS_EPD3,ATC_M3_AL24477,A0,WFS,MONO,3.0,-1.5,-1.5,0.06441986438668777,0.014559801446279786,0.018867176259051252,0.000323893329321207,0.008029545810128214,0.004235736125554685,0.0018375783240745308
analysis-1cc1441dec4744a18d7ac73763507a6c,CFG_ATC_M3_AL24477_A0_WFS_MONO_EPD3,CAR_ATC_M3_AL24477_A0_WFS_EPD3,ATC_M3_AL24477,A0,WFS,MONO,3.0,-1.75,-1.75,0.05527502028372014,0.0720886116679263,0.024471376696161635,0.0027171360441311924,0.006475839957365858,0.005522238697086315,0.0006337188766374795
analysis-1cc1441dec4744a18d7ac73763507a6c,CFG_ATC_M3_AL24477_A0_WFS_MONO_EPD3,CAR_ATC_M3_AL24477_A0_WFS_EPD3,ATC_M3_AL24477,A0,WFS,MONO,3.0,-2.0,-2.0,0.0483687612852594,0.033751273260690724,0.008722822212683624,0.007061901632356623,0.005332429309045277,0.004294254143720071,0.0018165280011735122
analysis-1cc1441dec4744a18d7ac73763507a6c,CFG_ATC_M3_AL24477_A0_WFS_MONO_EPD3,CAR_ATC_M3_AL24477_A0_WFS_EPD3,ATC_M3_AL24477,A0,WFS,MONO,3.0,-2.25,-2.25,0.04280571193828807,0.027020431232769027,0.005822969187521495,0.0055194487590232546,0.0058817402093127025,0.003308888622602272,0.00234004491596153
analysis-1cc1441dec4744a18d7ac73763507a6c,CFG_ATC_M3_AL24477_A0_WFS_MONO_EPD3,CAR_ATC_M3_AL24477_A0_WFS_EPD3,ATC_M3_AL24477,A0,WFS,MONO,3.0,-2.5,-2.5,0.038514391206512094,0.03585246476354509,0.013017181005857475,0.006569517273827315,0.004482087197790339,0.0032362934686442717,0.0019304561121708849
analysis-1cc1441dec4744a18d7ac73763507a6c,CFG_ATC_M3_AL24477_A0_WFS_MONO_EPD3,CAR_ATC_M3_AL24477_A0_WFS_EPD3,ATC_M3_AL24477,A0,WFS,MONO,3.0,-2.75,-2.75,0.03509883870384218,0.0018501553107840294,0.00901295201700317,0.0062876560271693535,0.003527565924144151,0.0023338393494610156,0.0021695698738761937
analysis-1cc1441dec4744a18d7ac73763507a6c,CFG_ATC_M3_AL24477_A0_WFS_MONO_EPD3,CAR_ATC_M3_AL24477_A0_WFS_EPD3,ATC_M3_AL24477,A0,WFS,MONO,3.0,-3.0,-3.0,0.03210837847893261,0.02770829310455845,0.0005052491027633726,0.0060429644180060174,0.0031558690528581024,0.001817187801019782,0.0010934954733054644
analysis-1cc1441dec4744a18d7ac73763507a6c,CFG_ATC_M3_AL24477_A0_WFS_MONO_EPD5,CAR_ATC_M3_AL24477_A0_WFS_EPD5,ATC_M3_AL24477,A0,WFS,MONO,5.0,0.5,0.75,0.06817947260384785,0.08666224972073341,0.015870110235572575,0.009636848903700503,0.004395329647499524,0.0021782542436016112,0.004723783082729761
analysis-1cc1441dec4744a18d7ac73763507a6c,CFG_ATC_M3_AL24477_A0_WFS_MONO_EPD5,CAR_ATC_M3_AL24477_A0_WFS_EPD5,ATC_M3_AL24477,A0,WFS,MONO,5.0,0.25,0.5,0.12265410650780825,0.21199922745600694,0.08585117540014513,0.054166096428682,0.017187902859850047,0.005042980764898827,0.0020327919767154146
analysis-1cc1441dec4744a18d7ac73763507a6c,CFG_ATC_M3_AL24477_A0_WFS_MONO_EPD5,CAR_ATC_M3_AL24477_A0_WFS_EPD5,ATC_M3_AL24477,A0,WFS,MONO,5.0,0.0,0.25,0.28617789965438833,0.366793127113414,0.3061163188794259,0.22987199913493228,0.17794257676179387,0.13435650733400836,0.09061184748566886
analysis-1cc1441dec4744a18d7ac73763507a6c,CFG_ATC_M3_AL24477_A0_WFS_MONO_EPD5,CAR_ATC_M3_AL24477_A0_WFS_EPD5,ATC_M3_AL24477,A0,WFS,MONO,5.0,-0.25,0.0,0.294831561651511,0.5873727518749462,0.3378011129715728,0.18316985211653805,0.09155809540519955,0.05678671763873348,0.059239761350598504
analysis-1cc1441dec4744a18d7ac73763507a6c,CFG_ATC_M3_AL24477_A0_WFS_MONO_EPD5,CAR_ATC_M3_AL24477_A0_WFS_EPD5,ATC_M3_AL24477,A0,WFS,MONO,5.0,-0.5,-0.25,0.24532295344560273,0.5607016330276242,0.09465639568931512,0.03315681972329499,0.1042635907398935,0.12985828883775014,0.11126634108982025
analysis-1cc1441dec4744a18d7ac73763507a6c,CFG_ATC_M3_AL24477_A0_WFS_MONO_EPD5,CAR_ATC_M3_AL24477_A0_WFS_EPD5,ATC_M3_AL24477,A0,WFS,MONO,5.0,-0.75,-0.5,0.1527846074500756,0.08356885427364832,0.008714946139515697,0.06839037727193543,0.04307836135161561,0.06293859018797296,0.03658172302467531
analysis-1cc1441dec4744a18d7ac73763507a6c,CFG_ATC_M3_AL24477_A0_WFS_MONO_EPD5,CAR_ATC_M3_AL24477_A0_WFS_EPD5,ATC_M3_AL24477,A0,WFS,MONO,5.0,-1.0,-0.75,0.1163521833631492,0.2261650908140823,0.051292303791162,0.05641725086211721,0.04737937909901999,0.03716455314579239,0.008969355845226169
analysis-1cc1441dec4744a18d7ac73763507a6c,CFG_ATC_M3_AL24477_A0_WFS_MONO_EPD5,CAR_ATC_M3_AL24477_A0_WFS_EPD5,ATC_M3_AL24477,A0,WFS,MONO,5.0,-1.25,-1.0,0.09234788758415448,0.013675754915148513,0.021880379443277108,0.0416314872010116,0.029027847186361897,0.01776912422057339,0.0076851468716117805
analysis-1cc1441dec4744a18d7ac73763507a6c,CFG_ATC_M3_AL24477_A0_WFS_MONO_EPD5,CAR_ATC_M3_AL24477_A0_WFS_EPD5,ATC_M3_AL24477,A0,WFS,MONO,5.0,-1.5,-1.25,0.07412848953115744,0.15140872627325078,0.0021876196235242266,0.0319804865286711,0.019562065434082763,0.0013068083864579603,0.005302919298126234
analysis-1cc1441dec4744a18d7ac73763507a6c,CFG_ATC_M3_AL24477_A0_WFS_MONO_EPD5,CAR_ATC_M3_AL24477_A0_WFS_EPD5,ATC_M3_AL24477,A0,WFS,MONO,5.0,-1.75,-1.5,0.059283583931770495,0.05748246191362644,0.0258191166508838,0.0026254236315972524,0.01251950980982465,0.006922420221041524,0.0006565171528867285
analysis-1cc1441dec4744a18d7ac73763507a6c,CFG_ATC_M3_AL24477_A0_WFS_MONO_EPD5,CAR_ATC_M3_AL24477_A0_WFS_EPD5,ATC_M3_AL24477,A0,WFS,MONO,5.0,-2.0,-1.75,0.05014539246900959,0.06342277821219047,0.03338810270065229,0.016889317099280758,0.00819735453057398,1.0987492003262064e-05,0.0028541123793644064
analysis-1cc1441dec4744a18d7ac73763507a6c,CFG_ATC_M3_AL24477_A0_WFS_MONO_EPD5,CAR_ATC_M3_AL24477_A0_WFS_EPD5,ATC_M3_AL24477,A0,WFS,MONO,5.0,-2.25,-2.0,0.0421397815533778,0.0697642661903475,0.02804569478518766,0.012051881980971155,0.0050881322997089985,0.003357063271526207,0.002531917467181318
analysis-1cc1441dec4744a18d7ac73763507a6c,CFG_ATC_M3_AL24477_A0_WFS_MONO_EPD5,CAR_ATC_M3_AL24477_A0_WFS_EPD5,ATC_M3_AL24477,A0,WFS,MONO,5.0,-2.5,-2.25,0.033544768733989906,0.003965762483121064,0.010697049691584625,0.0039360456331615406,0.0002030541999022628,0.001477328848387434,0.000821069756239436
analysis-1cc1441dec4744a18d7ac73763507a6c,CFG_ATC_M3_AL24477_A0_WFS_MONO_EPD5,CAR_ATC_M3_AL24477_A0_WFS_EPD5,ATC_M3_AL24477,A0,WFS,MONO,5.0,-2.75,-2.5,0.030957919013902987,0.03883816376230959,0.0039375386423877255,0.0008291844470253289,0.0010606927480102852,0.0028535559265692144,0.0017359582909297474
analysis-1cc1441dec4744a18d7ac73763507a6c,CFG_ATC_M3_AL24477_A0_WFS_MONO_EPD5,CAR_ATC_M3_AL24477_A0_WFS_EPD5,ATC_M3_AL24477,A0,WFS,MONO,5.0,-3.0,-2.75,0.026973464737200168,0.027872696158439826,0.011289879741557565,0.0043411399701876515,0.0026094945610557786,0.001145821346211318,0.0015090388369588352
analysis-1cc1441dec4744a18d7ac73763507a6c,CFG_ATC_M3_AL24477_A0_WFS_EDOF_EPD3,CAR_ATC_M3_AL24477_A0_WFS_EPD3,ATC_M3_AL24477,A0,WFS,EDOF,3.0,0.5,0.5,0.18355830384808097,0.28621588172648105,0.19129581329643341,0.07936616161070614,0.03086575008444559,0.005127014718886617,0.049214787938722776
analysis-1cc1441dec4744a18d7ac73763507a6c,CFG_ATC_M3_AL24477_A0_WFS_EDOF_EPD3,CAR_ATC_M3_AL24477_A0_WFS_EPD3,ATC_M3_AL24477,A0,WFS,EDOF,3.0,0.25,0.25,0.3013162455318355,0.5173823313777043,0.297900166173142,0.24204100632507747,0.15404582686876572,0.0958455656853778,0.014730577560750035
analysis-1cc1441dec4744a18d7ac73763507a6c,CFG_ATC_M3_AL24477_A0_WFS_EDOF_EPD3,CAR_ATC_M3_AL24477_A0_WFS_EPD3,ATC_M3_AL24477,A0,WFS,EDOF,3.0,0.0,0.0,0.4341184085459873,0.687811749312897,0.44355353605818426,0.34259243645592785,0.2761048794374507,0.2590115533933486,0.2041697121820925
analysis-1cc1441dec4744a18d7ac73763507a6c,CFG_ATC_M3_AL24477_A0_WFS_EDOF_EPD3,CAR_ATC_M3_AL24477_A0_WFS_EPD3,ATC_M3_AL24477,A0,WFS,EDOF,3.0,-0.25,-0.25,0.25341926883142024,0.6462972855956763,0.2481950712125108,0.0074080722388587365,0.03999856657084462,0.03514116679483133,0.12402448277810568
analysis-1cc1441dec4744a18d7ac73763507a6c,CFG_ATC_M3_AL24477_A0_WFS_EDOF_EPD3,CAR_ATC_M3_AL24477_A0_WFS_EPD3,ATC_M3_AL24477,A0,WFS,EDOF,3.0,-0.5,-0.5,0.17388261344829473,0.3794430703459242,0.06114597484133316,0.017458938223038834,0.0459579999882641,0.05833967771355529,0.055250257540662415
analysis-1cc1441dec4744a18d7ac73763507a6c,CFG_ATC_M3_AL24477_A0_WFS_EDOF_EPD3,CAR_ATC_M3_AL24477_A0_WFS_EPD3,ATC_M3_AL24477,A0,WFS,EDOF,3.0,-0.75,-0.75,0.1345681026701518,0.04219399410257602,0.007238972817508583,0.08857212592769013,0.020716426210048194,0.01770454822330265,0.007456710217603071
analysis-1cc1441dec4744a18d7ac73763507a6c,CFG_ATC_M3_AL24477_A0_WFS_EDOF_EPD3,CAR_ATC_M3_AL24477_A0_WFS_EPD3,ATC_M3_AL24477,A0,WFS,EDOF,3.0,-1.0,-1.0,0.10298219520623392,0.1603686669650783,0.1414866572406214,0.010970443981700533,0.00390907691623994,0.007039206570313641,0.013649595422575447
analysis-1cc1441dec4744a18d7ac73763507a6c,CFG_ATC_M3_AL24477_A0_WFS_EDOF_EPD3,CAR_ATC_M3_AL24477_A0_WFS_EPD3,ATC_M3_AL24477,A0,WFS,EDOF,3.0,-1.25,-1.25,0.0859468477121405,0.13880665317910412,0.0072504464022636345,0.02104931114009287,0.0012627241546752826,0.004288320038346777,0.008873215703569894
analysis-1cc1441dec4744a18d7ac73763507a6c,CFG_ATC_M3_AL24477_A0_WFS_EDOF_EPD3,CAR_ATC_M3_AL24477_A0_WFS_EPD3,ATC_M3_AL24477,A0,WFS,EDOF,3.0,-1.5,-1.5,0.07377630308631672,0.018970680785026048,0.05078932097947676,0.0029070039100423783,0.0035997745597471363,0.003640853911175359,0.004386884524335598
analysis-1cc1441dec4744a18d7ac73763507a6c,CFG_ATC_M3_AL24477_A0_WFS_EDOF_EPD3,CAR_ATC_M3_AL24477_A0_WFS_EPD3,ATC_M3_AL24477,A0,WFS,EDOF,3.0,-1.75,-1.75,0.06634464336797734,0.14296584539015583,0.03386732032791159,0.013876473802323994,0.007020239774527873,0.004292329904786443,0.003466022324376123
analysis-1cc1441dec4744a18d7ac73763507a6c,CFG_ATC_M3_AL24477_A0_WFS_EDOF_EPD3,CAR_ATC_M3_AL24477_A0_WFS_EPD3,ATC_M3_AL24477,A0,WFS,EDOF,3.0,-2.0,-2.0,0.05671124575707217,0.13484684050524165,0.0014193101851817673,0.0015271494614815917,0.0027739300691847642,0.0026926002158419024,0.0012270510398628021
analysis-1cc1441dec4744a18d7ac73763507a6c,CFG_ATC_M3_AL24477_A0_WFS_EDOF_EPD3,CAR_ATC_M3_AL24477_A0_WFS_EPD3,ATC_M3_AL24477,A0,WFS,EDOF,3.0,-2.25,-2.25,0.05077249659130546,0.033148488323380076,0.02815637763975918,0.003434547707354422,0.004338875540492835,0.0012979303689006454,0.0012545543722192287
analysis-1cc1441dec4744a18d7ac73763507a6c,CFG_ATC_M3_AL24477_A0_WFS_EDOF_EPD3,CAR_ATC_M3_AL24477_A0_WFS_EPD3,ATC_M3_AL24477,A0,WFS,EDOF,3.0,-2.5,-2.5,0.04472113834305232,0.05595088847130855,0.015397023207325784,0.004841480669869147,0.0015113231218984802,0.001607634926926162,0.0017361543306395415
analysis-1cc1441dec4744a18d7ac73763507a6c,CFG_ATC_M3_AL24477_A0_WFS_EDOF_EPD3,CAR_ATC_M3_AL24477_A0_WFS_EPD3,ATC_M3_AL24477,A0,WFS,EDOF,3.0,-2.75,-2.75,0.04025662712447527,0.07111731697308815,0.0036871916470323247,0.006540109886544614,0.0018217950842341502,0.0013141851231789725,0.002620755827518051
analysis-1cc1441dec4744a18d7ac73763507a6c,CFG_ATC_M3_AL24477_A0_WFS_EDOF_EPD3,CAR_ATC_M3_AL24477_A0_WFS_EPD3,ATC_M3_AL24477,A0,WFS,EDOF,3.0,-3.0,-3.0,0.03616263598730595,0.034546006173677674,0.008815475346101938,0.005684130784498621,0.001314506696790254,0.0016499396336880526,0.0020183589665606167
analysis-1cc1441dec4744a18d7ac73763507a6c,CFG_ATC_M3_AL24477_A0_WFS_EDOF_EPD5,CAR_ATC_M3_AL24477_A0_WFS_EPD5,ATC_M3_AL24477,A0,WFS,EDOF,5.0,0.5,0.75,0.08834093681604353,0.059610637450416344,0.10098688374699821,0.04725151224665672,0.021013555979389684,0.014391697366520507,0.0026729219639924527
analysis-1cc1441dec4744a18d7ac73763507a6c,CFG_ATC_M3_AL24477_A0_WFS_EDOF_EPD5,CAR_ATC_M3_AL24477_A0_WFS_EPD5,ATC_M3_AL24477,A0,WFS,EDOF,5.0,0.25,0.5,0.11500639302678013,0.15136649558630677,0.05526023151773078,0.08292433765756543,0.021335956071833438,0.012267263546533794,0.009832721298324099
analysis-1cc1441dec4744a18d7ac73763507a6c,CFG_ATC_M3_AL24477_A0_WFS_EDOF_EPD5,CAR_ATC_M3_AL24477_A0_WFS_EPD5,ATC_M3_AL24477,A0,WFS,EDOF,5.0,0.0,0.25,0.21725328715009323,0.3098413395950552,0.17939765991309564,0.09941788368435231,0.1117917408838087,0.10212776301808078,0.08360597151604898
analysis-1cc1441dec4744a18d7ac73763507a6c,CFG_ATC_M3_AL24477_A0_WFS_EDOF_EPD5,CAR_ATC_M3_AL24477_A0_WFS_EPD5,ATC_M3_AL24477,A0,WFS,EDOF,5.0,-0.25,0.0,0.2804521477515211,0.5591683010676565,0.3174501424941487,0.17728552787019675,0.07313293037362915,0.03927933657481057,0.07144661083946177
analysis-1cc1441dec4744a18d7ac73763507a6c,CFG_ATC_M3_AL24477_A0_WFS_EDOF_EPD5,CAR_ATC_M3_AL24477_A0_WFS_EPD5,ATC_M3_AL24477,A0,WFS,EDOF,5.0,-0.5,-0.25,0.21369627692304988,0.5545035376481698,0.09608342390339253,0.013109986294826851,0.05457401417507045,0.05290514983327277,0.037197567744334414
analysis-1cc1441dec4744a18d7ac73763507a6c,CFG_ATC_M3_AL24477_A0_WFS_EDOF_EPD5,CAR_ATC_M3_AL24477_A0_WFS_EPD5,ATC_M3_AL24477,A0,WFS,EDOF,5.0,-0.75,-0.5,0.1533590391886481,0.08037474949937409,0.007214124965779741,0.11409227450121309,0.04807089026949413,0.04165039237209332,0.007736942205899259
analysis-1cc1441dec4744a18d7ac73763507a6c,CFG_ATC_M3_AL24477_A0_WFS_EDOF_EPD5,CAR_ATC_M3_AL24477_A0_WFS_EPD5,ATC_M3_AL24477,A0,WFS,EDOF,5.0,-1.0,-0.75,0.12117329549118651,0.23387572578486815,0.09998269356408715,0.04856677287852564,0.05084488942257515,0.0335812011659136,0.020224300191803338
analysis-1cc1441dec4744a18d7ac73763507a6c,CFG_ATC_M3_AL24477_A0_WFS_EDOF_EPD5,CAR_ATC_M3_AL24477_A0_WFS_EPD5,ATC_M3_AL24477,A0,WFS,EDOF,5.0,-1.25,-1.0,0.08994432997531362,0.0036012279277736602,0.01939337181793277,0.04092067906551626,0.021533492971644745,0.02215810868449658,2.0283801093942432e-05
analysis-1cc1441dec4744a18d7ac73763507a6c,CFG_ATC_M3_AL24477_A0_WFS_EDOF_EPD5,CAR_ATC_M3_AL24477_A0_WFS_EPD5,ATC_M3_AL24477,A0,WFS,EDOF,5.0,-1.5,-1.25,0.07000441429106653,0.1496966607437495,0.02159774389990191,0.02034267942154046,0.005884967246215274,0.0035199811046963867,0.006603538621888267
analysis-1cc1441dec4744a18d7ac73763507a6c,CFG_ATC_M3_AL24477_A0_WFS_EDOF_EPD5,CAR_ATC_M3_AL24477_A0_WFS_EPD5,ATC_M3_AL24477,A0,WFS,EDOF,5.0,-1.75,-1.5,0.0591075710495756,0.03556484250418099,0.04015021134571155,0.00403544546525417,0.004137662716923889,0.008530916459451593,0.00318366509133316
analysis-1cc1441dec4744a18d7ac73763507a6c,CFG_ATC_M3_AL24477_A0_WFS_EDOF_EPD5,CAR_ATC_M3_AL24477_A0_WFS_EPD5,ATC_M3_AL24477,A0,WFS,EDOF,5.0,-2.0,-1.75,0.050987724726048504,0.024945764709051833,0.03844271499583772,0.01740194558391475,0.006959726933290265,0.005695826653092624,0.001399056478898007
analysis-1cc1441dec4744a18d7ac73763507a6c,CFG_ATC_M3_AL24477_A0_WFS_EDOF_EPD5,CAR_ATC_M3_AL24477_A0_WFS_EPD5,ATC_M3_AL24477,A0,WFS,EDOF,5.0,-2.25,-2.0,0.0423682640038052,0.09400339524826626,0.02488309415019982,0.010326854854341788,0.006620025946762256,0.0011303560927112604,0.0034890231969377243
analysis-1cc1441dec4744a18d7ac73763507a6c,CFG_ATC_M3_AL24477_A0_WFS_EDOF_EPD5,CAR_ATC_M3_AL24477_A0_WFS_EPD5,ATC_M3_AL24477,A0,WFS,EDOF,5.0,-2.5,-2.25,0.034490907659570656,0.009531186165140277,0.010291812147168651,0.007240511303159985,0.0013247771143117331,0.0039523647308975386,0.0009031592811302662
analysis-1cc1441dec4744a18d7ac73763507a6c,CFG_ATC_M3_AL24477_A0_WFS_EDOF_EPD5,CAR_ATC_M3_AL24477_A0_WFS_EPD5,ATC_M3_AL24477,A0,WFS,EDOF,5.0,-2.75,-2.5,0.03137447394994139,0.0625448969152555,0.0037297836000126775,0.002885073351145603,0.0009787421201610676,0.000556715275800902,0.000974696027863442
analysis-1cc1441dec4744a18d7ac73763507a6c,CFG_ATC_M3_AL24477_A0_WFS_EDOF_EPD5,CAR_ATC_M3_AL24477_A0_WFS_EPD5,ATC_M3_AL24477,A0,WFS,EDOF,5.0,-3.0,-2.75,0.026524638570020416,0.004893219651484317,0.010306893811595604,0.003100917395011178,0.0029094102270410256,0.002500633817433256,0.0020886087980942847
analysis-1cc1441dec4744a18d7ac73763507a6c,CFG_ATC_M3_AL24477_B0_HOA_MONO_EPD3,CAR_ATC_M3_AL24477_B0_HOA_EPD3,ATC_M3_AL24477,B0,HOA,MONO,3.0,0.5,0.5,0.17983473756567872,0.3579010237428684,0.13959972693967532,0.07382745909647527,0.028127769734279114,0.0011914802888679625,0.009291502982970564
analysis-1cc1441dec4744a18d7ac73763507a6c,CFG_ATC_M3_AL24477_B0_HOA_MONO_EPD3,CAR_ATC_M3_AL24477_B0_HOA_EPD3,ATC_M3_AL24477,B0,HOA,MONO,3.0,0.25,0.25,0.35089534488023627,0.6204938567384837,0.39606853606580844,0.28314571228884106,0.19340758346101075,0.10665683673803684,0.03863980728236131
analysis-1cc1441dec4744a18d7ac73763507a6c,CFG_ATC_M3_AL24477_B0_HOA_MONO_EPD3,CAR_ATC_M3_AL24477_B0_HOA_EPD3,ATC_M3_AL24477,B0,HOA,MONO,3.0,0.0,0.0,0.5220577917760567,0.7816921777063695,0.5966456771907838,0.4622681723775353,0.3728360519893383,0.30965425416655024,0.22909466211176777
analysis-1cc1441dec4744a18d7ac73763507a6c,CFG_ATC_M3_AL24477_B0_HOA_MONO_EPD3,CAR_ATC_M3_AL24477_B0_HOA_EPD3,ATC_M3_AL24477,B0,HOA,MONO,3.0,-0.25,-0.25,0.27838028725465797,0.7064174630524436,0.29866384127857454,0.064728956240347,0.018622559260050346,0.04703086498662563,0.10171069276106863
analysis-1cc1441dec4744a18d7ac73763507a6c,CFG_ATC_M3_AL24477_B0_HOA_MONO_EPD3,CAR_ATC_M3_AL24477_B0_HOA_EPD3,ATC_M3_AL24477,B0,HOA,MONO,3.0,-0.5,-0.5,0.1735700497589698,0.4013715974245,0.11082935347655537,0.04823936906239299,0.022481911636561488,0.015157506958982794,0.005880313159923634
analysis-1cc1441dec4744a18d7ac73763507a6c,CFG_ATC_M3_AL24477_B0_HOA_MONO_EPD3,CAR_ATC_M3_AL24477_B0_HOA_EPD3,ATC_M3_AL24477,B0,HOA,MONO,3.0,-0.75,-0.75,0.1431291150101887,0.03427180008598185,0.05677607848676632,0.08371122667601302,0.024676380037878774,0.017227392361143817,0.023011262321071285
analysis-1cc1441dec4744a18d7ac73763507a6c,CFG_ATC_M3_AL24477_B0_HOA_MONO_EPD3,CAR_ATC_M3_AL24477_B0_HOA_EPD3,ATC_M3_AL24477,B0,HOA,MONO,3.0,-1.0,-1.0,0.10926304959435394,0.18595711558191744,0.10507026647050925,0.032462774132855594,0.011815797309738866,0.004882552522363575,0.005969417559250026
analysis-1cc1441dec4744a18d7ac73763507a6c,CFG_ATC_M3_AL24477_B0_HOA_MONO_EPD3,CAR_ATC_M3_AL24477_B0_HOA_EPD3,ATC_M3_AL24477,B0,HOA,MONO,3.0,-1.25,-1.25,0.09126928482280465,0.17230837413654196,0.001035822231938668,0.013449454062857129,0.014755879896832625,0.007975690334025499,0.0064409515962385155
analysis-1cc1441dec4744a18d7ac73763507a6c,CFG_ATC_M3_AL24477_B0_HOA_MONO_EPD3,CAR_ATC_M3_AL24477_B0_HOA_EPD3,ATC_M3_AL24477,B0,HOA,MONO,3.0,-1.5,-1.5,0.07554169752821288,0.018686092221859477,0.0468983063350637,0.005334293325962057,0.008785546094354035,0.0038632108360694946,0.0011292277492145663
analysis-1cc1441dec4744a18d7ac73763507a6c,CFG_ATC_M3_AL24477_B0_HOA_MONO_EPD3,CAR_ATC_M3_AL24477_B0_HOA_EPD3,ATC_M3_AL24477,B0,HOA,MONO,3.0,-1.75,-1.75,0.06550591511449537,0.10007369959819497,0.033668060095040794,0.008792370855926475,0.008116405911383129,0.00603297266484667,0.0005604726758644916
analysis-1cc1441dec4744a18d7ac73763507a6c,CFG_ATC_M3_AL24477_B0_HOA_MONO_EPD3,CAR_ATC_M3_AL24477_B0_HOA_EPD3,ATC_M3_AL24477,B0,HOA,MONO,3.0,-2.0,-2.0,0.05727030252843026,0.08872244489221584,0.005685968790533359,0.012350001890187706,0.006814707436431097,0.0035305617216581857,0.0017260441600652633
analysis-1cc1441dec4744a18d7ac73763507a6c,CFG_ATC_M3_AL24477_B0_HOA_MONO_EPD3,CAR_ATC_M3_AL24477_B0_HOA_EPD3,ATC_M3_AL24477,B0,HOA,MONO,3.0,-2.25,-2.25,0.050099311615862556,0.0026162685747324584,0.022160499761801043,0.009065750537934817,0.0066170248802738295,0.0032808665364773217,0.002228917441643451
analysis-1cc1441dec4744a18d7ac73763507a6c,CFG_ATC_M3_AL24477_B0_HOA_MONO_EPD3,CAR_ATC_M3_AL24477_B0_HOA_EPD3,ATC_M3_AL24477,B0,HOA,MONO,3.0,-2.5,-2.5,0.04431756953502228,0.06008741089931738,0.01730077440313602,0.009771723679456848,0.004379621200182225,0.003025527797032469,0.002012551492547993
analysis-1cc1441dec4744a18d7ac73763507a6c,CFG_ATC_M3_AL24477_B0_HOA_MONO_EPD3,CAR_ATC_M3_AL24477_B0_HOA_EPD3,ATC_M3_AL24477,B0,HOA,MONO,3.0,-2.75,-2.75,0.04056103500205762,0.03437509923837284,0.0002375839507653394,0.007278072584042355,0.003937833476161009,0.002184747327115273,0.002472487078496627
analysis-1cc1441dec4744a18d7ac73763507a6c,CFG_ATC_M3_AL24477_B0_HOA_MONO_EPD3,CAR_ATC_M3_AL24477_B0_HOA_EPD3,ATC_M3_AL24477,B0,HOA,MONO,3.0,-3.0,-3.0,0.03677093024021542,0.02290382250676736,0.011159940412392455,0.005247146492192967,0.0035588962977815266,0.002034487350732097,0.0011902111111368183
analysis-1cc1441dec4744a18d7ac73763507a6c,CFG_ATC_M3_AL24477_B0_HOA_MONO_EPD5,CAR_ATC_M3_AL24477_B0_HOA_EPD5,ATC_M3_AL24477,B0,HOA,MONO,5.0,0.5,0.5,0.07941445832043142,0.11735019542993025,0.06276989103562985,0.03772408815394828,0.01499846264161194,0.006755722221845012,0.002098150414453756
analysis-1cc1441dec4744a18d7ac73763507a6c,CFG_ATC_M3_AL24477_B0_HOA_MONO_EPD5,CAR_ATC_M3_AL24477_B0_HOA_EPD5,ATC_M3_AL24477,B0,HOA,MONO,5.0,0.25,0.25,0.1331207278061061,0.1870596959677517,0.13642108829776114,0.10314102133189154,0.06612748053709405,0.03973197876449776,0.017129842596206587
analysis-1cc1441dec4744a18d7ac73763507a6c,CFG_ATC_M3_AL24477_B0_HOA_MONO_EPD5,CAR_ATC_M3_AL24477_B0_HOA_EPD5,ATC_M3_AL24477,B0,HOA,MONO,5.0,0.0,0.0,0.1889314295912615,0.2664305669432474,0.18415900979171737,0.14494551302003347,0.1162015395923316,0.0979342611467055,0.06948076622597138
analysis-1cc1441dec4744a18d7ac73763507a6c,CFG_ATC_M3_AL24477_B0_HOA_MONO_EPD5,CAR_ATC_M3_AL24477_B0_HOA_EPD5,ATC_M3_AL24477,B0,HOA,MONO,5.0,-0.25,-0.25,0.15335983359489194,0.29440850929253426,0.15519884669844783,0.06347429650920242,0.02914205151834833,0.02851816569441621,0.051912329401463154
analysis-1cc1441dec4744a18d7ac73763507a6c,CFG_ATC_M3_AL24477_B0_HOA_MONO_EPD5,CAR_ATC_M3_AL24477_B0_HOA_EPD5,ATC_M3_AL24477,B0,HOA,MONO,5.0,-0.5,-0.5,0.12226248595107227,0.26758952596382457,0.037501615935043316,0.0024776936248741576,0.022446094766452068,0.02917346248761103,0.017891891512419173
analysis-1cc1441dec4744a18d7ac73763507a6c,CFG_ATC_M3_AL24477_B0_HOA_MONO_EPD5,CAR_ATC_M3_AL24477_B0_HOA_EPD5,ATC_M3_AL24477,B0,HOA,MONO,5.0,-0.75,-0.75,0.12168013066975718,0.1922737367224727,0.005767515951793594,0.08685063766288238,0.042990358526566304,0.01404938128814541,0.012014311544457751
analysis-1cc1441dec4744a18d7ac73763507a6c,CFG_ATC_M3_AL24477_B0_HOA_MONO_EPD5,CAR_ATC_M3_AL24477_B0_HOA_EPD5,ATC_M3_AL24477,B0,HOA,MONO,5.0,-1.0,-1.0,0.12200062498389268,0.05874131211437126,0.11226538748924499,0.02455650464982478,0.03157752560770939,0.05614290780401338,0.044984712604627
analysis-1cc1441dec4744a18d7ac73763507a6c,CFG_ATC_M3_AL24477_B0_HOA_MONO_EPD5,CAR_ATC_M3_AL24477_B0_HOA_EPD5,ATC_M3_AL24477,B0,HOA,MONO,5.0,-1.25,-1.25,0.09999412598984889,0.01685133665562957,0.05337384070159152,0.04616911455097576,0.003874038445933117,0.01263110990163672,0.03411272689468264
analysis-1cc1441dec4744a18d7ac73763507a6c,CFG_ATC_M3_AL24477_B0_HOA_MONO_EPD5,CAR_ATC_M3_AL24477_B0_HOA_EPD5,ATC_M3_AL24477,B0,HOA,MONO,5.0,-1.5,-1.5,0.10785728492814561,0.07174574728162836,0.02373424667932661,0.02378704624328112,0.057534565980560844,0.004772423218863795,0.031934033057844
analysis-1cc1441dec4744a18d7ac73763507a6c,CFG_ATC_M3_AL24477_B0_HOA_MONO_EPD5,CAR_ATC_M3_AL24477_B0_HOA_EPD5,ATC_M3_AL24477,B0,HOA,MONO,5.0,-1.75,-1.75,0.09062525464732231,0.1702922440223719,0.08497150584821841,0.0541632626427126,0.01855100555102632,0.007159639317224169,0.02208148425108447
analysis-1cc1441dec4744a18d7ac73763507a6c,CFG_ATC_M3_AL24477_B0_HOA_MONO_EPD5,CAR_ATC_M3_AL24477_B0_HOA_EPD5,ATC_M3_AL24477,B0,HOA,MONO,5.0,-2.0,-2.0,0.0674409042674399,0.11691529846584114,0.008605354938387851,0.016578543328499725,0.010928072251386048,0.006454199767074426,0.02007240312890703
analysis-1cc1441dec4744a18d7ac73763507a6c,CFG_ATC_M3_AL24477_B0_HOA_MONO_EPD5,CAR_ATC_M3_AL24477_B0_HOA_EPD5,ATC_M3_AL24477,B0,HOA,MONO,5.0,-2.25,-2.25,0.05930658891125911,0.0003543357036081814,0.0018915630582427739,0.030127579800202205,0.002668531687427378,0.003921535190348004,0.01839907305970353
analysis-1cc1441dec4744a18d7ac73763507a6c,CFG_ATC_M3_AL24477_B0_HOA_MONO_EPD5,CAR_ATC_M3_AL24477_B0_HOA_EPD5,ATC_M3_AL24477,B0,HOA,MONO,5.0,-2.5,-2.5,0.05334891966748656,0.05920124375280338,0.020812017635361207,0.0009626168091763357,0.01857095323914887,0.0051846952583406245,0.0016517419384185137
analysis-1cc1441dec4744a18d7ac73763507a6c,CFG_ATC_M3_AL24477_B0_HOA_MONO_EPD5,CAR_ATC_M3_AL24477_B0_HOA_EPD5,ATC_M3_AL24477,B0,HOA,MONO,5.0,-2.75,-2.75,0.05085976519684113,0.023513180423905024,0.023133681258368146,0.017960455119479243,0.023073895498596037,0.01380287615893846,0.007198475979992022
analysis-1cc1441dec4744a18d7ac73763507a6c,CFG_ATC_M3_AL24477_B0_HOA_MONO_EPD5,CAR_ATC_M3_AL24477_B0_HOA_EPD5,ATC_M3_AL24477,B0,HOA,MONO,5.0,-3.0,-3.0,0.04758083666043918,0.06477627186208755,0.03015964214644007,0.022843103567155472,0.020184842557907576,0.01107865176937391,0.0005087218908732796
analysis-1cc1441dec4744a18d7ac73763507a6c,CFG_ATC_M3_AL24477_B0_HOA_EDOF_EPD3,CAR_ATC_M3_AL24477_B0_HOA_EPD3,ATC_M3_AL24477,B0,HOA,EDOF,3.0,0.5,0.75,0.08112347832663423,0.03591183244824152,0.031913346583857305,0.032453682850238696,0.0294393802930887,0.021848463549738406,0.014081163288720583
analysis-1cc1441dec4744a18d7ac73763507a6c,CFG_ATC_M3_AL24477_B0_HOA_EDOF_EPD3,CAR_ATC_M3_AL24477_B0_HOA_EPD3,ATC_M3_AL24477,B0,HOA,EDOF,3.0,0.25,0.5,0.06505565463219713,0.04996940560261705,0.021230225898426495,0.0015048945414764905,0.01346802278042337,0.0050797034572011065,0.0240863075855218
analysis-1cc1441dec4744a18d7ac73763507a6c,CFG_ATC_M3_AL24477_B0_HOA_EDOF_EPD3,CAR_ATC_M3_AL24477_B0_HOA_EPD3,ATC_M3_AL24477,B0,HOA,EDOF,3.0,0.0,0.25,0.08475008516717146,0.10363418820667453,0.05057882919269109,0.022921736788705516,0.02470807528012082,0.024794196239391882,0.019396366925469172
analysis-1cc1441dec4744a18d7ac73763507a6c,CFG_ATC_M3_AL24477_B0_HOA_EDOF_EPD3,CAR_ATC_M3_AL24477_B0_HOA_EPD3,ATC_M3_AL24477,B0,HOA,EDOF,3.0,-0.25,0.0,0.14428037176514996,0.16787601872505983,0.13789437552200934,0.11490549986308382,0.06650582188274504,0.0641044795582828,0.08862467591765769
analysis-1cc1441dec4744a18d7ac73763507a6c,CFG_ATC_M3_AL24477_B0_HOA_EDOF_EPD3,CAR_ATC_M3_AL24477_B0_HOA_EPD3,ATC_M3_AL24477,B0,HOA,EDOF,3.0,-0.5,-0.25,0.11610441439155426,0.1920207370617644,0.08184998671010482,0.04808821842054466,0.058923108257994114,0.015217751141866707,0.031788872912270116
analysis-1cc1441dec4744a18d7ac73763507a6c,CFG_ATC_M3_AL24477_B0_HOA_EDOF_EPD3,CAR_ATC_M3_AL24477_B0_HOA_EPD3,ATC_M3_AL24477,B0,HOA,EDOF,3.0,-0.75,-0.5,0.09117950113116194,0.15034532992132182,0.0004433792884661861,0.016219533704367503,0.051554535346311915,0.0001067009233411335,0.007394925374025026
analysis-1cc1441dec4744a18d7ac73763507a6c,CFG_ATC_M3_AL24477_B0_HOA_EDOF_EPD3,CAR_ATC_M3_AL24477_B0_HOA_EPD3,ATC_M3_AL24477,B0,HOA,EDOF,3.0,-1.0,-0.75,0.10036786369776267,0.06977967069293273,0.054587459743601824,0.06102711816851947,0.05679221292620386,0.041366784344953694,0.05165220746004982
analysis-1cc1441dec4744a18d7ac73763507a6c,CFG_ATC_M3_AL24477_B0_HOA_EDOF_EPD3,CAR_ATC_M3_AL24477_B0_HOA_EPD3,ATC_M3_AL24477,B0,HOA,EDOF,3.0,-1.25,-1.0,0.07069666450803111,0.008658091648523223,0.08976052223169964,0.01641605190325071,0.020942148773968265,0.027749162058995087,0.018880666975901225
analysis-1cc1441dec4744a18d7ac73763507a6c,CFG_ATC_M3_AL24477_B0_HOA_EDOF_EPD3,CAR_ATC_M3_AL24477_B0_HOA_EPD3,ATC_M3_AL24477,B0,HOA,EDOF,3.0,-1.5,-1.25,0.05415262536078529,0.004188212449941046,0.011184972646035504,0.018081463465228313,0.009519412606245836,0.0111817232660958,0.0013445665804674893
analysis-1cc1441dec4744a18d7ac73763507a6c,CFG_ATC_M3_AL24477_B0_HOA_EDOF_EPD3,CAR_ATC_M3_AL24477_B0_HOA_EPD3,ATC_M3_AL24477,B0,HOA,EDOF,3.0,-1.75,-1.5,0.047000061626667346,0.03954971227025707,0.001277445314879898,0.012964336983952612,0.00268297406192294,0.00466020382136656,0.016147876205310656
analysis-1cc1441dec4744a18d7ac73763507a6c,CFG_ATC_M3_AL24477_B0_HOA_EDOF_EPD3,CAR_ATC_M3_AL24477_B0_HOA_EPD3,ATC_M3_AL24477,B0,HOA,EDOF,3.0,-2.0,-1.75,0.041995973522850484,0.06403135833763116,0.030053465537264096,0.01078133725456001,0.0023321014841617485,0.015230540546973464,0.003735166041996897
analysis-1cc1441dec4744a18d7ac73763507a6c,CFG_ATC_M3_AL24477_B0_HOA_EDOF_EPD3,CAR_ATC_M3_AL24477_B0_HOA_EPD3,ATC_M3_AL24477,B0,HOA,EDOF,3.0,-2.25,-2.0,0.04528824939502172,0.04621380648575676,0.006324618279067138,0.0303419721210285,0.0014481589273299452,0.00019853659689050824,0.016644901188387386
analysis-1cc1441dec4744a18d7ac73763507a6c,CFG_ATC_M3_AL24477_B0_HOA_EDOF_EPD3,CAR_ATC_M3_AL24477_B0_HOA_EPD3,ATC_M3_AL24477,B0,HOA,EDOF,3.0,-2.5,-2.25,0.04392880452195753,0.005240380945396147,0.030643596162632812,0.011337252720408069,0.004333841528987848,0.041237236193327746,0.005260294591860467
analysis-1cc1441dec4744a18d7ac73763507a6c,CFG_ATC_M3_AL24477_B0_HOA_EDOF_EPD3,CAR_ATC_M3_AL24477_B0_HOA_EPD3,ATC_M3_AL24477,B0,HOA,EDOF,3.0,-2.75,-2.5,0.039947597116562414,0.012672515903143312,0.044756636234752296,0.01558099349488513,0.019187570794283876,0.006365546095016019,0.008983039389758203
analysis-1cc1441dec4744a18d7ac73763507a6c,CFG_ATC_M3_AL24477_B0_HOA_EDOF_EPD3,CAR_ATC_M3_AL24477_B0_HOA_EPD3,ATC_M3_AL24477,B0,HOA,EDOF,3.0,-3.0,-2.75,0.03393985882709728,0.013162344671793058,0.021967905392579874,0.0007502973154792738,0.0007017913307415388,0.008727515728508831,0.0025532307371322746
analysis-1cc1441dec4744a18d7ac73763507a6c,CFG_ATC_M3_AL24477_B0_HOA_EDOF_EPD5,CAR_ATC_M3_AL24477_B0_HOA_EPD5,ATC_M3_AL24477,B0,HOA,EDOF,5.0,0.5,1.0,0.03965040467913823,0.01173131857841583,0.01281206812248652,0.007119991692045562,0.003886124080064196,0.006096500818103218,0.004755419027972409
analysis-1cc1441dec4744a18d7ac73763507a6c,CFG_ATC_M3_AL24477_B0_HOA_EDOF_EPD5,CAR_ATC_M3_AL24477_B0_HOA_EPD5,ATC_M3_AL24477,B0,HOA,EDOF,5.0,0.25,0.75,0.03925419817200096,0.0250446771019217,0.00018291579341305386,0.0034965767476903423,0.0015342366293828887,0.001255829509805172,0.005085968600334602
analysis-1cc1441dec4744a18d7ac73763507a6c,CFG_ATC_M3_AL24477_B0_HOA_EDOF_EPD5,CAR_ATC_M3_AL24477_B0_HOA_EPD5,ATC_M3_AL24477,B0,HOA,EDOF,5.0,0.0,0.5,0.047217745598322196,0.023895430051636114,0.017738317781697648,0.003557678831720058,0.010508280701624052,0.00477120875756808,0.01185768177808762
analysis-1cc1441dec4744a18d7ac73763507a6c,CFG_ATC_M3_AL24477_B0_HOA_EDOF_EPD5,CAR_ATC_M3_AL24477_B0_HOA_EPD5,ATC_M3_AL24477,B0,HOA,EDOF,5.0,-0.25,0.25,0.08495763678099469,0.10395394228384333,0.03614519969744873,0.05702143607107664,0.01497682047661456,0.018441929653854435,0.04132789869799189
analysis-1cc1441dec4744a18d7ac73763507a6c,CFG_ATC_M3_AL24477_B0_HOA_EDOF_EPD5,CAR_ATC_M3_AL24477_B0_HOA_EPD5,ATC_M3_AL24477,B0,HOA,EDOF,5.0,-0.5,0.0,0.1272619663191673,0.19032966691314523,0.12590228343197718,0.03692187618044755,0.05004935534590295,0.03272086843354516,0.03791318191539164
analysis-1cc1441dec4744a18d7ac73763507a6c,CFG_ATC_M3_AL24477_B0_HOA_EDOF_EPD5,CAR_ATC_M3_AL24477_B0_HOA_EPD5,ATC_M3_AL24477,B0,HOA,EDOF,5.0,-0.75,-0.25,0.13718763909676893,0.22759655441541016,0.07223445021161076,0.09410807271173814,0.07523536513380802,0.02580780734436666,0.027639084317566794
analysis-1cc1441dec4744a18d7ac73763507a6c,CFG_ATC_M3_AL24477_B0_HOA_EDOF_EPD5,CAR_ATC_M3_AL24477_B0_HOA_EPD5,ATC_M3_AL24477,B0,HOA,EDOF,5.0,-1.0,-0.5,0.10029753426983244,0.1471940884496183,0.037327327978591084,0.027909306022406453,0.013097941058499402,0.0017443327459631516,0.0029168771746039173
analysis-1cc1441dec4744a18d7ac73763507a6c,CFG_ATC_M3_AL24477_B0_HOA_EDOF_EPD5,CAR_ATC_M3_AL24477_B0_HOA_EPD5,ATC_M3_AL24477,B0,HOA,EDOF,5.0,-1.25,-0.75,0.12531365614677592,0.05215847345370204,0.10699541001226068,0.04746902964723994,0.07889944943350678,0.04916609709167148,0.041538573687251265
analysis-1cc1441dec4744a18d7ac73763507a6c,CFG_ATC_M3_AL24477_B0_HOA_EDOF_EPD5,CAR_ATC_M3_AL24477_B0_HOA_EPD5,ATC_M3_AL24477,B0,HOA,EDOF,5.0,-1.5,-1.0,0.12823793852310253,0.0876003724884026,0.06720382461972446,0.06395127012869992,0.06831958592299639,0.0659346700030059,0.05533897879154614
analysis-1cc1441dec4744a18d7ac73763507a6c,CFG_ATC_M3_AL24477_B0_HOA_EDOF_EPD5,CAR_ATC_M3_AL24477_B0_HOA_EPD5,ATC_M3_AL24477,B0,HOA,EDOF,5.0,-1.75,-1.25,0.092716135760863,0.1524182821572643,0.038544162081701715,0.005853551894060778,0.009805584564056717,0.02513516886793217,0.041030098043964014
analysis-1cc1441dec4744a18d7ac73763507a6c,CFG_ATC_M3_AL24477_B0_HOA_EDOF_EPD5,CAR_ATC_M3_AL24477_B0_HOA_EPD5,ATC_M3_AL24477,B0,HOA,EDOF,5.0,-2.0,-1.5,0.05934644514033402,0.10600095493819395,0.03879048990486124,0.02976106201838054,0.0016927519460036137,0.015554223308590107,0.00039191379510363606
analysis-1cc1441dec4744a18d7ac73763507a6c,CFG_ATC_M3_AL24477_B0_HOA_EDOF_EPD5,CAR_ATC_M3_AL24477_B0_HOA_EPD5,ATC_M3_AL24477,B0,HOA,EDOF,5.0,-2.25,-1.75,0.04888441176772458,0.015804697149946072,0.0043949283269259865,0.02241351265145554,0.004223571122679516,0.0050203002604552755,8.758547566145016e-05
analysis-1cc1441dec4744a18d7ac73763507a6c,CFG_ATC_M3_AL24477_B0_HOA_EDOF_EPD5,CAR_ATC_M3_AL24477_B0_HOA_EPD5,ATC_M3_AL24477,B0,HOA,EDOF,5.0,-2.5,-2.0,0.045290918223822745,0.03201024166315491,0.025821265602267992,0.0034952808430590604,0.00034986333677140873,0.018773534843081363,0.0038478098706384626
analysis-1cc1441dec4744a18d7ac73763507a6c,CFG_ATC_M3_AL24477_B0_HOA_EDOF_EPD5,CAR_ATC_M3_AL24477_B0_HOA_EPD5,ATC_M3_AL24477,B0,HOA,EDOF,5.0,-2.75,-2.25,0.04330208159572781,0.009123596681191587,0.0021624960369881893,0.009014131119990079,0.00446910317995222,0.010163036349593086,0.01021995082544247
analysis-1cc1441dec4744a18d7ac73763507a6c,CFG_ATC_M3_AL24477_B0_HOA_EDOF_EPD5,CAR_ATC_M3_AL24477_B0_HOA_EPD5,ATC_M3_AL24477,B0,HOA,EDOF,5.0,-3.0,-2.5,0.03980911339475885,0.0625790803609923,0.019104221134660815,0.015621533131775105,0.007844611391990195,0.009640019747461627,0.0007436385038266835
analysis-1cc1441dec4744a18d7ac73763507a6c,CFG_ATC_M3_AL24477_B0_RAD_MONO_EPD3,CAR_ATC_M3_AL24477_B0_RAD_EPD3,ATC_M3_AL24477,B0,RAD,MONO,3.0,0.5,0.5,0.1484755423836167,0.34549886229625465,0.03534883399107205,0.0076123299800870655,0.009492216016924989,0.009591772875955794,0.013084334994546316
analysis-1cc1441dec4744a18d7ac73763507a6c,CFG_ATC_M3_AL24477_B0_RAD_MONO_EPD3,CAR_ATC_M3_AL24477_B0_RAD_EPD3,ATC_M3_AL24477,B0,RAD,MONO,3.0,0.25,0.25,0.3300231787727458,0.6611741091512848,0.3828012103194328,0.2274518933115644,0.13121925098399131,0.07077071637912957,0.0391240870154089
analysis-1cc1441dec4744a18d7ac73763507a6c,CFG_ATC_M3_AL24477_B0_RAD_MONO_EPD3,CAR_ATC_M3_AL24477_B0_RAD_EPD3,ATC_M3_AL24477,B0,RAD,MONO,3.0,0.0,0.0,0.5849588944183687,0.8395357775275509,0.6935914613875077,0.5656137718769992,0.45078434549511476,0.3442881530171496,0.2383489302195716
analysis-1cc1441dec4744a18d7ac73763507a6c,CFG_ATC_M3_AL24477_B0_RAD_MONO_EPD3,CAR_ATC_M3_AL24477_B0_RAD_EPD3,ATC_M3_AL24477,B0,RAD,MONO,3.0,-0.25,-0.25,0.331350118647605,0.7435343774538852,0.38742917745486194,0.1566533251311617,0.07991993802551492,0.08122778214605408,0.1047187172298386
analysis-1cc1441dec4744a18d7ac73763507a6c,CFG_ATC_M3_AL24477_B0_RAD_MONO_EPD3,CAR_ATC_M3_AL24477_B0_RAD_EPD3,ATC_M3_AL24477,B0,RAD,MONO,3.0,-0.5,-0.5,0.17958213088682012,0.41171894633822037,0.08287361439800395,0.08110684229488524,0.021297510547119754,0.011738812474018763,0.015989467773224103
analysis-1cc1441dec4744a18d7ac73763507a6c,CFG_ATC_M3_AL24477_B0_RAD_MONO_EPD3,CAR_ATC_M3_AL24477_B0_RAD_EPD3,ATC_M3_AL24477,B0,RAD,MONO,3.0,-0.75,-0.75,0.1356514847905182,0.04314807688451601,0.06860658788523727,0.060003793131954766,0.029450999445393863,0.019082260160225052,0.01834956302095922
analysis-1cc1441dec4744a18d7ac73763507a6c,CFG_ATC_M3_AL24477_B0_RAD_MONO_EPD3,CAR_ATC_M3_AL24477_B0_RAD_EPD3,ATC_M3_AL24477,B0,RAD,MONO,3.0,-1.0,-1.0,0.10160446435808551,0.15589028824034462,0.07590905684941845,0.019653801384325216,0.014806858053579283,0.008519805200827497,0.006127790867896137
analysis-1cc1441dec4744a18d7ac73763507a6c,CFG_ATC_M3_AL24477_B0_RAD_MONO_EPD3,CAR_ATC_M3_AL24477_B0_RAD_EPD3,ATC_M3_AL24477,B0,RAD,MONO,3.0,-1.25,-1.25,0.08255441038875869,0.130614440420929,0.0031922374632593785,0.007913042250528964,0.01385693223552211,0.008746834878128355,0.005048264108449413
analysis-1cc1441dec4744a18d7ac73763507a6c,CFG_ATC_M3_AL24477_B0_RAD_MONO_EPD3,CAR_ATC_M3_AL24477_B0_RAD_EPD3,ATC_M3_AL24477,B0,RAD,MONO,3.0,-1.5,-1.5,0.06794188854293551,0.0018119041107075365,0.028550473291829147,0.0035672381990620463,0.008904755413879382,0.004803000668836816,0.000875038420519837
analysis-1cc1441dec4744a18d7ac73763507a6c,CFG_ATC_M3_AL24477_B0_RAD_MONO_EPD3,CAR_ATC_M3_AL24477_B0_RAD_EPD3,ATC_M3_AL24477,B0,RAD,MONO,3.0,-1.75,-1.75,0.058413500691736585,0.08150552630206165,0.027249473916375777,0.00563414666214885,0.007353215217463375,0.006179841077037397,0.0012511541912650099
analysis-1cc1441dec4744a18d7ac73763507a6c,CFG_ATC_M3_AL24477_B0_RAD_MONO_EPD3,CAR_ATC_M3_AL24477_B0_RAD_EPD3,ATC_M3_AL24477,B0,RAD,MONO,3.0,-2.0,-2.0,0.0509575836264506,0.051319651524830076,0.0042285573530816915,0.0092613506946835,0.006158010681462122,0.004364140021852587,0.002194179633794418
analysis-1cc1441dec4744a18d7ac73763507a6c,CFG_ATC_M3_AL24477_B0_RAD_MONO_EPD3,CAR_ATC_M3_AL24477_B0_RAD_EPD3,ATC_M3_AL24477,B0,RAD,MONO,3.0,-2.25,-2.25,0.04496188145683796,0.020849779205911356,0.011285025916630817,0.00683937207057491,0.006386972710563511,0.003471704958168578,0.0024904351719723075
analysis-1cc1441dec4744a18d7ac73763507a6c,CFG_ATC_M3_AL24477_B0_RAD_MONO_EPD3,CAR_ATC_M3_AL24477_B0_RAD_EPD3,ATC_M3_AL24477,B0,RAD,MONO,3.0,-2.5,-2.5,0.04040510785753734,0.04469386153688101,0.015132408325126086,0.007695856817366033,0.00457547672641287,0.0032969144999425055,0.002003651268287963
analysis-1cc1441dec4744a18d7ac73763507a6c,CFG_ATC_M3_AL24477_B0_RAD_MONO_EPD3,CAR_ATC_M3_AL24477_B0_RAD_EPD3,ATC_M3_AL24477,B0,RAD,MONO,3.0,-2.75,-2.75,0.03644949739330264,0.008406305037247772,0.006802780662482118,0.0066861168055597575,0.0037051454281424173,0.0023060790852801856,0.0021264305426680753
analysis-1cc1441dec4744a18d7ac73763507a6c,CFG_ATC_M3_AL24477_B0_RAD_MONO_EPD3,CAR_ATC_M3_AL24477_B0_RAD_EPD3,ATC_M3_AL24477,B0,RAD,MONO,3.0,-3.0,-3.0,0.03357727272742836,0.028410150925165006,0.0040510986059445085,0.005728801255540385,0.00339828841884235,0.001967769900991569,0.0008218025618941498
analysis-1cc1441dec4744a18d7ac73763507a6c,CFG_ATC_M3_AL24477_B0_RAD_MONO_EPD5,CAR_ATC_M3_AL24477_B0_RAD_EPD5,ATC_M3_AL24477,B0,RAD,MONO,5.0,0.5,0.75,0.06769746541606421,0.08692048570091851,0.034263735901393456,0.014280379354981653,0.0011746299167006366,0.002977447438249152,0.003651918116096791
analysis-1cc1441dec4744a18d7ac73763507a6c,CFG_ATC_M3_AL24477_B0_RAD_MONO_EPD5,CAR_ATC_M3_AL24477_B0_RAD_EPD5,ATC_M3_AL24477,B0,RAD,MONO,5.0,0.25,0.5,0.12189386370859068,0.18161554702176494,0.10045093357459145,0.06893953670230926,0.032763101650353746,0.016011355462914535,0.007330794877786848
analysis-1cc1441dec4744a18d7ac73763507a6c,CFG_ATC_M3_AL24477_B0_RAD_MONO_EPD5,CAR_ATC_M3_AL24477_B0_RAD_EPD5,ATC_M3_AL24477,B0,RAD,MONO,5.0,0.0,0.25,0.23655771140340845,0.33752665042904184,0.2451239833361644,0.19183068049728724,0.14922230110621146,0.1125345025380194,0.07265761552826215
analysis-1cc1441dec4744a18d7ac73763507a6c,CFG_ATC_M3_AL24477_B0_RAD_MONO_EPD5,CAR_ATC_M3_AL24477_B0_RAD_EPD5,ATC_M3_AL24477,B0,RAD,MONO,5.0,-0.25,0.0,0.24001051956081906,0.4214746670521982,0.26759502338347635,0.14552426413356154,0.08417243667471681,0.06604342660004542,0.07822349403860775
analysis-1cc1441dec4744a18d7ac73763507a6c,CFG_ATC_M3_AL24477_B0_RAD_MONO_EPD5,CAR_ATC_M3_AL24477_B0_RAD_EPD5,ATC_M3_AL24477,B0,RAD,MONO,5.0,-0.5,-0.25,0.17281929277273902,0.39058299161747867,0.060254680338873316,0.010844336196075674,0.026549684909905204,0.05672694545721172,0.059397052750205154
analysis-1cc1441dec4744a18d7ac73763507a6c,CFG_ATC_M3_AL24477_B0_RAD_MONO_EPD5,CAR_ATC_M3_AL24477_B0_RAD_EPD5,ATC_M3_AL24477,B0,RAD,MONO,5.0,-0.75,-0.5,0.1666368718677655,0.2711811914952104,0.04368602956265796,0.14553255516333427,0.03046188204254888,0.011893635929981454,0.02075908823990917
analysis-1cc1441dec4744a18d7ac73763507a6c,CFG_ATC_M3_AL24477_B0_RAD_MONO_EPD5,CAR_ATC_M3_AL24477_B0_RAD_EPD5,ATC_M3_AL24477,B0,RAD,MONO,5.0,-1.0,-0.75,0.12617599804603608,0.037629111198850415,0.14184923720306852,0.0008012474986693873,0.07182909293329509,0.003371039837179541,0.002782570779632513
analysis-1cc1441dec4744a18d7ac73763507a6c,CFG_ATC_M3_AL24477_B0_RAD_MONO_EPD5,CAR_ATC_M3_AL24477_B0_RAD_EPD5,ATC_M3_AL24477,B0,RAD,MONO,5.0,-1.25,-1.0,0.09500996573472188,0.1044243616784052,0.029699605549879316,0.04306971944534848,0.021252820214866498,0.012178673616013045,0.011080217931984724
analysis-1cc1441dec4744a18d7ac73763507a6c,CFG_ATC_M3_AL24477_B0_RAD_MONO_EPD5,CAR_ATC_M3_AL24477_B0_RAD_EPD5,ATC_M3_AL24477,B0,RAD,MONO,5.0,-1.5,-1.25,0.08519443644630406,0.050352633936857356,0.03606319519152589,0.017318937067517394,0.014972034262455186,0.020991110220680915,0.01792040839276916
analysis-1cc1441dec4744a18d7ac73763507a6c,CFG_ATC_M3_AL24477_B0_RAD_MONO_EPD5,CAR_ATC_M3_AL24477_B0_RAD_EPD5,ATC_M3_AL24477,B0,RAD,MONO,5.0,-1.75,-1.5,0.07653145087692953,0.1415904620790853,0.025024068303133466,0.045421785126551706,0.02127355643019293,0.016529860501562122,0.0016937718011281995
analysis-1cc1441dec4744a18d7ac73763507a6c,CFG_ATC_M3_AL24477_B0_RAD_MONO_EPD5,CAR_ATC_M3_AL24477_B0_RAD_EPD5,ATC_M3_AL24477,B0,RAD,MONO,5.0,-2.0,-1.75,0.06578747938668422,0.05669916981436294,0.03618491579001324,0.010696611517799937,0.017086864566098793,0.0023356058609711014,0.005434486043943649
analysis-1cc1441dec4744a18d7ac73763507a6c,CFG_ATC_M3_AL24477_B0_RAD_MONO_EPD5,CAR_ATC_M3_AL24477_B0_RAD_EPD5,ATC_M3_AL24477,B0,RAD,MONO,5.0,-2.25,-2.0,0.05773255333456493,0.0917217622869827,0.043556364573402694,0.026271271271388962,0.011057117043982444,0.0069945322442754,0.002107270677112637
analysis-1cc1441dec4744a18d7ac73763507a6c,CFG_ATC_M3_AL24477_B0_RAD_MONO_EPD5,CAR_ATC_M3_AL24477_B0_RAD_EPD5,ATC_M3_AL24477,B0,RAD,MONO,5.0,-2.5,-2.25,0.04986969031253418,0.08162938363130977,0.04504345609202878,0.02004080582134528,0.004471583971151739,0.004198711279915355,0.002986856327560561
analysis-1cc1441dec4744a18d7ac73763507a6c,CFG_ATC_M3_AL24477_B0_RAD_MONO_EPD5,CAR_ATC_M3_AL24477_B0_RAD_EPD5,ATC_M3_AL24477,B0,RAD,MONO,5.0,-2.75,-2.5,0.040892703081472935,0.027817592313931945,0.0326205365892571,0.0028350468369225247,0.0001797868080179248,0.002542709595073112,0.0024685933284574434
analysis-1cc1441dec4744a18d7ac73763507a6c,CFG_ATC_M3_AL24477_B0_RAD_MONO_EPD5,CAR_ATC_M3_AL24477_B0_RAD_EPD5,ATC_M3_AL24477,B0,RAD,MONO,5.0,-3.0,-2.75,0.038001691077772425,0.07016435679296289,0.014849138519496218,0.007918818971824958,0.002375811005325833,0.0031753244837193313,0.0005820385421496582
analysis-1cc1441dec4744a18d7ac73763507a6c,CFG_ATC_M3_AL24477_B0_RAD_EDOF_EPD3,CAR_ATC_M3_AL24477_B0_RAD_EPD3,ATC_M3_AL24477,B0,RAD,EDOF,3.0,0.5,0.5,0.14354423106708902,0.30373407979489997,0.10024858536261544,0.08039786186173642,0.042710279540216056,0.014092532340295982,0.006007708476746697
analysis-1cc1441dec4744a18d7ac73763507a6c,CFG_ATC_M3_AL24477_B0_RAD_EDOF_EPD3,CAR_ATC_M3_AL24477_B0_RAD_EPD3,ATC_M3_AL24477,B0,RAD,EDOF,3.0,0.25,0.25,0.17524691706236903,0.35022592807048114,0.17032039449397027,0.05596742851760765,0.008926146267153746,0.050599412625262664,0.043712587464714084
analysis-1cc1441dec4744a18d7ac73763507a6c,CFG_ATC_M3_AL24477_B0_RAD_EDOF_EPD3,CAR_ATC_M3_AL24477_B0_RAD_EPD3,ATC_M3_AL24477,B0,RAD,EDOF,3.0,0.0,0.0,0.31460601230078655,0.3577187077848479,0.35061107475142395,0.3010064648551813,0.23795322089808363,0.16288758340038936,0.1101097823604151
analysis-1cc1441dec4744a18d7ac73763507a6c,CFG_ATC_M3_AL24477_B0_RAD_EDOF_EPD3,CAR_ATC_M3_AL24477_B0_RAD_EPD3,ATC_M3_AL24477,B0,RAD,EDOF,3.0,-0.25,-0.25,0.18524440396288674,0.3274022061008403,0.21872466088371795,0.0936041981439397,0.03406095430613129,0.002376594769865765,0.03030559357288893
analysis-1cc1441dec4744a18d7ac73763507a6c,CFG_ATC_M3_AL24477_B0_RAD_EDOF_EPD3,CAR_ATC_M3_AL24477_B0_RAD_EPD3,ATC_M3_AL24477,B0,RAD,EDOF,3.0,-0.5,-0.5,0.14787745324100537,0.27113250838573444,0.035441824767919086,0.030663237671835895,0.05085089620433301,0.004445767708843942,0.06422952113275682
analysis-1cc1441dec4744a18d7ac73763507a6c,CFG_ATC_M3_AL24477_B0_RAD_EDOF_EPD3,CAR_ATC_M3_AL24477_B0_RAD_EPD3,ATC_M3_AL24477,B0,RAD,EDOF,3.0,-0.75,-0.75,0.1682980505073976,0.21154062219448772,0.03113920511481475,0.0977283877474803,0.08553574946936789,0.1180846509664945,0.016150805053927138
analysis-1cc1441dec4744a18d7ac73763507a6c,CFG_ATC_M3_AL24477_B0_RAD_EDOF_EPD3,CAR_ATC_M3_AL24477_B0_RAD_EPD3,ATC_M3_AL24477,B0,RAD,EDOF,3.0,-1.0,-1.0,0.14752291489711408,0.17067364302849952,0.13364238445467574,0.009865066763197313,0.006380965809694909,0.09450431192792186,0.04717179982131699
analysis-1cc1441dec4744a18d7ac73763507a6c,CFG_ATC_M3_AL24477_B0_RAD_EDOF_EPD3,CAR_ATC_M3_AL24477_B0_RAD_EPD3,ATC_M3_AL24477,B0,RAD,EDOF,3.0,-1.25,-1.25,0.12905483395829304,0.15153622206272863,0.02557724847158486,0.057729315078791796,0.03067279989334277,0.039418430601100826,0.06561776605452069
analysis-1cc1441dec4744a18d7ac73763507a6c,CFG_ATC_M3_AL24477_B0_RAD_EDOF_EPD3,CAR_ATC_M3_AL24477_B0_RAD_EPD3,ATC_M3_AL24477,B0,RAD,EDOF,3.0,-1.5,-1.5,0.1360962961369789,0.13277916823201086,0.03574460163644674,0.11406586260457063,0.07085210534155881,0.022258903005558574,0.06309996265890025
analysis-1cc1441dec4744a18d7ac73763507a6c,CFG_ATC_M3_AL24477_B0_RAD_EDOF_EPD3,CAR_ATC_M3_AL24477_B0_RAD_EPD3,ATC_M3_AL24477,B0,RAD,EDOF,3.0,-1.75,-1.75,0.12104215606058516,0.08967826281615404,0.15125976011186912,0.03808109595158462,0.05278966318284083,0.04045504355131631,0.0554296570713119
analysis-1cc1441dec4744a18d7ac73763507a6c,CFG_ATC_M3_AL24477_B0_RAD_EDOF_EPD3,CAR_ATC_M3_AL24477_B0_RAD_EPD3,ATC_M3_AL24477,B0,RAD,EDOF,3.0,-2.0,-2.0,0.08014908297737117,0.025270378412145703,0.07299351081855288,0.008989758466085818,0.00317912279567495,0.022839355832956744,0.03527717454647118
analysis-1cc1441dec4744a18d7ac73763507a6c,CFG_ATC_M3_AL24477_B0_RAD_EDOF_EPD3,CAR_ATC_M3_AL24477_B0_RAD_EPD3,ATC_M3_AL24477,B0,RAD,EDOF,3.0,-2.25,-2.25,0.0634525145177897,0.023422306117175818,0.05311159532228201,0.012858485065753775,0.009899027962984062,0.011693361879903016,0.011543957966691588
analysis-1cc1441dec4744a18d7ac73763507a6c,CFG_ATC_M3_AL24477_B0_RAD_EDOF_EPD3,CAR_ATC_M3_AL24477_B0_RAD_EPD3,ATC_M3_AL24477,B0,RAD,EDOF,3.0,-2.5,-2.5,0.05657945292465981,0.018822944161935484,0.030994010343213776,0.03185703867449924,0.005044646891812244,0.0003765613810990998,0.008183062882634623
analysis-1cc1441dec4744a18d7ac73763507a6c,CFG_ATC_M3_AL24477_B0_RAD_EDOF_EPD3,CAR_ATC_M3_AL24477_B0_RAD_EPD3,ATC_M3_AL24477,B0,RAD,EDOF,3.0,-2.75,-2.75,0.05128727762900937,0.03387219073585596,0.032819344057648484,0.011617721127054056,0.006506114238270538,0.004048270695556633,0.0025640141885822547
analysis-1cc1441dec4744a18d7ac73763507a6c,CFG_ATC_M3_AL24477_B0_RAD_EDOF_EPD3,CAR_ATC_M3_AL24477_B0_RAD_EPD3,ATC_M3_AL24477,B0,RAD,EDOF,3.0,-3.0,-3.0,0.0465804950776321,0.08216013477059744,0.0408891183369053,0.0010363388912860284,0.0021468046449790107,0.0002033795112334057,0.002632559854499967
analysis-1cc1441dec4744a18d7ac73763507a6c,CFG_ATC_M3_AL24477_B0_RAD_EDOF_EPD5,CAR_ATC_M3_AL24477_B0_RAD_EPD5,ATC_M3_AL24477,B0,RAD,EDOF,5.0,0.5,1.0,0.0701690145405707,0.05891958782378918,0.023158732147008528,0.021264051238236485,0.029597373551074564,0.009484097527425624,0.008798622990918001
analysis-1cc1441dec4744a18d7ac73763507a6c,CFG_ATC_M3_AL24477_B0_RAD_EDOF_EPD5,CAR_ATC_M3_AL24477_B0_RAD_EPD5,ATC_M3_AL24477,B0,RAD,EDOF,5.0,0.25,0.75,0.08818035691395713,0.1103331685727861,0.07690391533052993,0.008169788009677229,0.0011963022821627853,0.025435944850260434,0.026322955140713276
analysis-1cc1441dec4744a18d7ac73763507a6c,CFG_ATC_M3_AL24477_B0_RAD_EDOF_EPD5,CAR_ATC_M3_AL24477_B0_RAD_EPD5,ATC_M3_AL24477,B0,RAD,EDOF,5.0,0.0,0.5,0.17823332905645584,0.21857782990781116,0.12468742962769239,0.17125905521178764,0.13073497233691736,0.09037144303570221,0.061755371504253566
analysis-1cc1441dec4744a18d7ac73763507a6c,CFG_ATC_M3_AL24477_B0_RAD_EDOF_EPD5,CAR_ATC_M3_AL24477_B0_RAD_EPD5,ATC_M3_AL24477,B0,RAD,EDOF,5.0,-0.25,0.25,0.182492225946432,0.28770668470603705,0.21263896943076122,0.06469141162905205,0.08180333337008108,0.022203356716313242,0.029039153144703192
analysis-1cc1441dec4744a18d7ac73763507a6c,CFG_ATC_M3_AL24477_B0_RAD_EDOF_EPD5,CAR_ATC_M3_AL24477_B0_RAD_EPD5,ATC_M3_AL24477,B0,RAD,EDOF,5.0,-0.5,0.0,0.19382965154524656,0.3264257382042215,0.06191101952273295,0.04742568660702453,0.13059937405868788,0.09896027444691458,0.06521494016268244
analysis-1cc1441dec4744a18d7ac73763507a6c,CFG_ATC_M3_AL24477_B0_RAD_EDOF_EPD5,CAR_ATC_M3_AL24477_B0_RAD_EPD5,ATC_M3_AL24477,B0,RAD,EDOF,5.0,-0.75,-0.25,0.17579977342671413,0.28890923683529396,0.10860370535194949,0.12064400115722149,0.0028893549881562454,0.029859432688139592,0.027195324218329944
analysis-1cc1441dec4744a18d7ac73763507a6c,CFG_ATC_M3_AL24477_B0_RAD_EDOF_EPD5,CAR_ATC_M3_AL24477_B0_RAD_EPD5,ATC_M3_AL24477,B0,RAD,EDOF,5.0,-1.0,-0.5,0.12720581710922463,0.10857689742685522,0.10085375819604993,0.001043935416056388,0.0126219570778311,0.03826024730634587,0.023190642417520342
analysis-1cc1441dec4744a18d7ac73763507a6c,CFG_ATC_M3_AL24477_B0_RAD_EDOF_EPD5,CAR_ATC_M3_AL24477_B0_RAD_EPD5,ATC_M3_AL24477,B0,RAD,EDOF,5.0,-1.25,-0.75,0.09259286492379318,0.028117550976624897,0.005232569859355114,0.039663286218367136,0.019609649522828565,0.04081674203545106,0.035739431984546696
analysis-1cc1441dec4744a18d7ac73763507a6c,CFG_ATC_M3_AL24477_B0_RAD_EDOF_EPD5,CAR_ATC_M3_AL24477_B0_RAD_EPD5,ATC_M3_AL24477,B0,RAD,EDOF,5.0,-1.5,-1.0,0.0804305610707081,0.14701256453895,0.06331323773878514,0.07414340940227729,0.027886949902326326,0.00899183327988189,0.021116491447103237
analysis-1cc1441dec4744a18d7ac73763507a6c,CFG_ATC_M3_AL24477_B0_RAD_EDOF_EPD5,CAR_ATC_M3_AL24477_B0_RAD_EPD5,ATC_M3_AL24477,B0,RAD,EDOF,5.0,-1.75,-1.25,0.0661560124871984,0.08915236321906853,0.004500929533001106,0.019101961093221133,0.008217911616014588,0.018595167932216466,0.009820009251067007
analysis-1cc1441dec4744a18d7ac73763507a6c,CFG_ATC_M3_AL24477_B0_RAD_EDOF_EPD5,CAR_ATC_M3_AL24477_B0_RAD_EPD5,ATC_M3_AL24477,B0,RAD,EDOF,5.0,-2.0,-1.5,0.059343917132433824,0.11224507982532121,0.07950806867360177,0.027648835190615027,0.0013316483322681574,0.022304306839707966,0.014245343235335627
analysis-1cc1441dec4744a18d7ac73763507a6c,CFG_ATC_M3_AL24477_B0_RAD_EDOF_EPD5,CAR_ATC_M3_AL24477_B0_RAD_EPD5,ATC_M3_AL24477,B0,RAD,EDOF,5.0,-2.25,-1.75,0.054924482802036274,0.02839995684796759,0.05196388450364183,0.011900973780612022,0.004075026177996112,0.010835563288856875,0.008897825840176055
analysis-1cc1441dec4744a18d7ac73763507a6c,CFG_ATC_M3_AL24477_B0_RAD_EDOF_EPD5,CAR_ATC_M3_AL24477_B0_RAD_EPD5,ATC_M3_AL24477,B0,RAD,EDOF,5.0,-2.5,-2.0,0.048502996009493655,0.10386586092989186,0.004329218472583709,0.00802401944338637,0.005670546777271283,0.001286936021538857,0.00017791792665264528
analysis-1cc1441dec4744a18d7ac73763507a6c,CFG_ATC_M3_AL24477_B0_RAD_EDOF_EPD5,CAR_ATC_M3_AL24477_B0_RAD_EPD5,ATC_M3_AL24477,B0,RAD,EDOF,5.0,-2.75,-2.25,0.04294761828256864,0.01842915316448366,0.012523151716832782,0.008839941705838943,0.004528942435647868,0.0017656826853291974,0.0014782826540751855
analysis-1cc1441dec4744a18d7ac73763507a6c,CFG_ATC_M3_AL24477_B0_RAD_EDOF_EPD5,CAR_ATC_M3_AL24477_B0_RAD_EPD5,ATC_M3_AL24477,B0,RAD,EDOF,5.0,-3.0,-2.5,0.03665966545765021,0.038114731934716074,0.0009700676023151615,0.010769261049060138,0.0026297710507445417,0.001377608238370189,0.001976531740964649
analysis-1cc1441dec4744a18d7ac73763507a6c,CFG_ATC_M3_AL24477_B0_WFS_MONO_EPD3,CAR_ATC_M3_AL24477_B0_WFS_EPD3,ATC_M3_AL24477,B0,WFS,MONO,3.0,0.5,0.5,0.15952809013835792,0.36478161041950696,0.07626542712590283,0.015817247167094504,0.003831900353858135,0.01158335257729039,0.015314888625811316
analysis-1cc1441dec4744a18d7ac73763507a6c,CFG_ATC_M3_AL24477_B0_WFS_MONO_EPD3,CAR_ATC_M3_AL24477_B0_WFS_EPD3,ATC_M3_AL24477,B0,WFS,MONO,3.0,0.25,0.25,0.35547710180185804,0.6641881346119041,0.41269186939529057,0.27250959111611567,0.17356617413252973,0.09778133834062465,0.04870572433401503
analysis-1cc1441dec4744a18d7ac73763507a6c,CFG_ATC_M3_AL24477_B0_WFS_MONO_EPD3,CAR_ATC_M3_AL24477_B0_WFS_EPD3,ATC_M3_AL24477,B0,WFS,MONO,3.0,0.0,0.0,0.5689557958205239,0.8278125202298624,0.6700377900606547,0.5364636167573099,0.4278399410107318,0.3357199021927342,0.2392809853948654
analysis-1cc1441dec4744a18d7ac73763507a6c,CFG_ATC_M3_AL24477_B0_WFS_MONO_EPD3,CAR_ATC_M3_AL24477_B0_WFS_EPD3,ATC_M3_AL24477,B0,WFS,MONO,3.0,-0.25,-0.25,0.2975459303087018,0.7237653620070161,0.3344549673710652,0.09996100025112661,0.03946194065536897,0.05530420351103095,0.09319181526045975
analysis-1cc1441dec4744a18d7ac73763507a6c,CFG_ATC_M3_AL24477_B0_WFS_MONO_EPD3,CAR_ATC_M3_AL24477_B0_WFS_EPD3,ATC_M3_AL24477,B0,WFS,MONO,3.0,-0.5,-0.5,0.17148009293528121,0.39016156804483376,0.10724585738743249,0.06850168043286371,0.0022898252932643903,0.00020746437716779312,0.012285642370484852
analysis-1cc1441dec4744a18d7ac73763507a6c,CFG_ATC_M3_AL24477_B0_WFS_MONO_EPD3,CAR_ATC_M3_AL24477_B0_WFS_EPD3,ATC_M3_AL24477,B0,WFS,MONO,3.0,-0.75,-0.75,0.13578844812120083,0.02313156770052588,0.05785652394223498,0.06770314452843318,0.024079813518480996,0.01550933995082284,0.019242231967839345
analysis-1cc1441dec4744a18d7ac73763507a6c,CFG_ATC_M3_AL24477_B0_WFS_MONO_EPD3,CAR_ATC_M3_AL24477_B0_WFS_EPD3,ATC_M3_AL24477,B0,WFS,MONO,3.0,-1.0,-1.0,0.10288734082026804,0.1720804158969176,0.08565068651153337,0.026175964537713453,0.01194243395114508,0.005973876503773065,0.0067088051926418
analysis-1cc1441dec4744a18d7ac73763507a6c,CFG_ATC_M3_AL24477_B0_WFS_MONO_EPD3,CAR_ATC_M3_AL24477_B0_WFS_EPD3,ATC_M3_AL24477,B0,WFS,MONO,3.0,-1.25,-1.25,0.08449965700761063,0.1396916917143538,0.0071237204090052915,0.012271451629820037,0.012623393092014676,0.007375466585774784,0.006074451010830764
analysis-1cc1441dec4744a18d7ac73763507a6c,CFG_ATC_M3_AL24477_B0_WFS_MONO_EPD3,CAR_ATC_M3_AL24477_B0_WFS_EPD3,ATC_M3_AL24477,B0,WFS,MONO,3.0,-1.5,-1.5,0.06967587967803676,0.0022997346423301,0.03108752859056066,0.0014981754051118553,0.00792477130479115,0.003727792236705292,0.0017119346394868587
analysis-1cc1441dec4744a18d7ac73763507a6c,CFG_ATC_M3_AL24477_B0_WFS_MONO_EPD3,CAR_ATC_M3_AL24477_B0_WFS_EPD3,ATC_M3_AL24477,B0,WFS,MONO,3.0,-1.75,-1.75,0.0598169398050755,0.08925529744013014,0.03016360001427009,0.004648702656050205,0.006789187642294827,0.005538665510458578,0.00046277578121164275
analysis-1cc1441dec4744a18d7ac73763507a6c,CFG_ATC_M3_AL24477_B0_WFS_MONO_EPD3,CAR_ATC_M3_AL24477_B0_WFS_EPD3,ATC_M3_AL24477,B0,WFS,MONO,3.0,-2.0,-2.0,0.05234877867308308,0.059088512982855605,0.004168716091634693,0.008921547961570023,0.0057633373506219025,0.0037940724705160934,0.0016350518198858116
analysis-1cc1441dec4744a18d7ac73763507a6c,CFG_ATC_M3_AL24477_B0_WFS_MONO_EPD3,CAR_ATC_M3_AL24477_B0_WFS_EPD3,ATC_M3_AL24477,B0,WFS,MONO,3.0,-2.25,-2.25,0.046067857797959334,0.019563154082474738,0.012847461893159804,0.006804149454565783,0.0060785011787840215,0.0031563993325826986,0.0022228833223771243
analysis-1cc1441dec4744a18d7ac73763507a6c,CFG_ATC_M3_AL24477_B0_WFS_MONO_EPD3,CAR_ATC_M3_AL24477_B0_WFS_EPD3,ATC_M3_AL24477,B0,WFS,MONO,3.0,-2.5,-2.5,0.04143649113499997,0.049581544585352064,0.01627896391191935,0.008022410092144763,0.00427465401978706,0.003067507610032662,0.0019459351467182538
analysis-1cc1441dec4744a18d7ac73763507a6c,CFG_ATC_M3_AL24477_B0_WFS_MONO_EPD3,CAR_ATC_M3_AL24477_B0_WFS_EPD3,ATC_M3_AL24477,B0,WFS,MONO,3.0,-2.75,-2.75,0.03747926797930683,0.013108996798694119,0.006531172092563569,0.007025796384758789,0.0035642726085844765,0.002200038165773921,0.0023295641029689026
analysis-1cc1441dec4744a18d7ac73763507a6c,CFG_ATC_M3_AL24477_B0_WFS_MONO_EPD3,CAR_ATC_M3_AL24477_B0_WFS_EPD3,ATC_M3_AL24477,B0,WFS,MONO,3.0,-3.0,-3.0,0.03430838230712889,0.028984556571677318,0.004967938898620794,0.00604487642195763,0.0032865500249192325,0.0018874118716920743,0.0011820220711507244
analysis-1cc1441dec4744a18d7ac73763507a6c,CFG_ATC_M3_AL24477_B0_WFS_MONO_EPD5,CAR_ATC_M3_AL24477_B0_WFS_EPD5,ATC_M3_AL24477,B0,WFS,MONO,5.0,0.5,0.5,0.0725972775086808,0.11457758776123043,0.03930835610953554,0.014496060228004011,0.01020974493180484,0.0006055263791592443,0.002696032864995765
analysis-1cc1441dec4744a18d7ac73763507a6c,CFG_ATC_M3_AL24477_B0_WFS_MONO_EPD5,CAR_ATC_M3_AL24477_B0_WFS_EPD5,ATC_M3_AL24477,B0,WFS,MONO,5.0,0.25,0.25,0.13080453150395632,0.18585137039572852,0.12689630194257034,0.0809620561260401,0.05574092106014991,0.027115293878141683,0.008592420867283956
analysis-1cc1441dec4744a18d7ac73763507a6c,CFG_ATC_M3_AL24477_B0_WFS_MONO_EPD5,CAR_ATC_M3_AL24477_B0_WFS_EPD5,ATC_M3_AL24477,B0,WFS,MONO,5.0,0.0,0.0,0.22915121854156364,0.29865039034961544,0.22467487080564785,0.18240975658040795,0.15506395797256833,0.1256176147758388,0.09000936630967794
analysis-1cc1441dec4744a18d7ac73763507a6c,CFG_ATC_M3_AL24477_B0_WFS_MONO_EPD5,CAR_ATC_M3_AL24477_B0_WFS_EPD5,ATC_M3_AL24477,B0,WFS,MONO,5.0,-0.25,-0.25,0.2121533740057954,0.393122977802126,0.21518123939914474,0.1226497764744176,0.07429096763472331,0.06355011833769314,0.07574247902486604
analysis-1cc1441dec4744a18d7ac73763507a6c,CFG_ATC_M3_AL24477_B0_WFS_MONO_EPD5,CAR_ATC_M3_AL24477_B0_WFS_EPD5,ATC_M3_AL24477,B0,WFS,MONO,5.0,-0.5,-0.5,0.16544106437800707,0.34445349996276364,0.06606704143231497,0.007914288961228193,0.049433452534712416,0.0628328953995851,0.05054489613379864
analysis-1cc1441dec4744a18d7ac73763507a6c,CFG_ATC_M3_AL24477_B0_WFS_MONO_EPD5,CAR_ATC_M3_AL24477_B0_WFS_EPD5,ATC_M3_AL24477,B0,WFS,MONO,5.0,-0.75,-0.75,0.13741121041056814,0.20715691133054345,0.0023408244503005915,0.09173235264328591,0.0272067000228451,0.00986505699349815,0.002994304687241622
analysis-1cc1441dec4744a18d7ac73763507a6c,CFG_ATC_M3_AL24477_B0_WFS_MONO_EPD5,CAR_ATC_M3_AL24477_B0_WFS_EPD5,ATC_M3_AL24477,B0,WFS,MONO,5.0,-1.0,-1.0,0.1482169041663927,0.08668329943353517,0.1765112399272899,0.0096275850618785,0.08723229506412211,0.03516255726954594,0.00996402984618185
analysis-1cc1441dec4744a18d7ac73763507a6c,CFG_ATC_M3_AL24477_B0_WFS_MONO_EPD5,CAR_ATC_M3_AL24477_B0_WFS_EPD5,ATC_M3_AL24477,B0,WFS,MONO,5.0,-1.25,-1.25,0.10475405291750496,0.008713748141369266,0.0065734837262132004,0.0756497244472345,0.008841931512108903,0.04101786220108833,0.009967285512936467
analysis-1cc1441dec4744a18d7ac73763507a6c,CFG_ATC_M3_AL24477_B0_WFS_MONO_EPD5,CAR_ATC_M3_AL24477_B0_WFS_EPD5,ATC_M3_AL24477,B0,WFS,MONO,5.0,-1.5,-1.5,0.08143609666889746,0.012655392724890087,0.015236478202135915,0.011826097935378423,0.01898079364649765,0.030646851003650884,0.012453781979709783
analysis-1cc1441dec4744a18d7ac73763507a6c,CFG_ATC_M3_AL24477_B0_WFS_MONO_EPD5,CAR_ATC_M3_AL24477_B0_WFS_EPD5,ATC_M3_AL24477,B0,WFS,MONO,5.0,-1.75,-1.75,0.07290904903793456,0.12137916223957558,0.033043377729906696,0.0018675620846555791,0.00444292489185715,0.016479657810111896,0.007640886597196623
analysis-1cc1441dec4744a18d7ac73763507a6c,CFG_ATC_M3_AL24477_B0_WFS_MONO_EPD5,CAR_ATC_M3_AL24477_B0_WFS_EPD5,ATC_M3_AL24477,B0,WFS,MONO,5.0,-2.0,-2.0,0.06818063978492177,0.041776769737778024,0.038465793921346345,0.04179540077105308,0.006214256440927078,0.0016801290950327619,0.00956215231153813
analysis-1cc1441dec4744a18d7ac73763507a6c,CFG_ATC_M3_AL24477_B0_WFS_MONO_EPD5,CAR_ATC_M3_AL24477_B0_WFS_EPD5,ATC_M3_AL24477,B0,WFS,MONO,5.0,-2.25,-2.25,0.06276046276996242,0.11407105952972296,0.03971058861228899,0.004767610038666614,0.008315016249367056,0.01126589929481782,0.003469543151248474
analysis-1cc1441dec4744a18d7ac73763507a6c,CFG_ATC_M3_AL24477_B0_WFS_MONO_EPD5,CAR_ATC_M3_AL24477_B0_WFS_EPD5,ATC_M3_AL24477,B0,WFS,MONO,5.0,-2.5,-2.5,0.05574508156903128,0.005849148048678049,0.02491158929705667,0.030201504714023913,0.0049740612339006195,0.005631534312154651,0.003337397456173062
analysis-1cc1441dec4744a18d7ac73763507a6c,CFG_ATC_M3_AL24477_B0_WFS_MONO_EPD5,CAR_ATC_M3_AL24477_B0_WFS_EPD5,ATC_M3_AL24477,B0,WFS,MONO,5.0,-2.75,-2.75,0.04793841516401344,0.09902064207759488,0.0050868447166547625,0.012918056857734804,0.0003416370653473844,0.0026449249452253527,0.003398949341053744
analysis-1cc1441dec4744a18d7ac73763507a6c,CFG_ATC_M3_AL24477_B0_WFS_MONO_EPD5,CAR_ATC_M3_AL24477_B0_WFS_EPD5,ATC_M3_AL24477,B0,WFS,MONO,5.0,-3.0,-3.0,0.04347835519542049,0.03712701245317947,0.01619409289044941,0.008212820587289232,0.0017202842332909695,0.005054210673619114,0.0005328542142426113
analysis-1cc1441dec4744a18d7ac73763507a6c,CFG_ATC_M3_AL24477_B0_WFS_EDOF_EPD3,CAR_ATC_M3_AL24477_B0_WFS_EPD3,ATC_M3_AL24477,B0,WFS,EDOF,3.0,0.5,0.5,0.19506600937204077,0.27049455162962155,0.22755751150850434,0.11745549386039869,0.05011571201663309,0.006902029463564571,0.04350308752753693
analysis-1cc1441dec4744a18d7ac73763507a6c,CFG_ATC_M3_AL24477_B0_WFS_EDOF_EPD3,CAR_ATC_M3_AL24477_B0_WFS_EPD3,ATC_M3_AL24477,B0,WFS,EDOF,3.0,0.25,0.25,0.2832021914572197,0.46554861519943824,0.25139414292669193,0.2165503112036121,0.15510678653007326,0.10766197033781591,0.01815149090290913
analysis-1cc1441dec4744a18d7ac73763507a6c,CFG_ATC_M3_AL24477_B0_WFS_EDOF_EPD3,CAR_ATC_M3_AL24477_B0_WFS_EPD3,ATC_M3_AL24477,B0,WFS,EDOF,3.0,0.0,0.0,0.36810441719724996,0.6320018797677112,0.34308935102882965,0.23924090601588172,0.1912482537087271,0.21391336945709272,0.1947198746843407
analysis-1cc1441dec4744a18d7ac73763507a6c,CFG_ATC_M3_AL24477_B0_WFS_EDOF_EPD3,CAR_ATC_M3_AL24477_B0_WFS_EPD3,ATC_M3_AL24477,B0,WFS,EDOF,3.0,-0.25,-0.25,0.24288273263620697,0.618488319863153,0.21682776328453576,0.01988140166490484,0.04418340883033056,0.025666729842488252,0.12189104469530943
analysis-1cc1441dec4744a18d7ac73763507a6c,CFG_ATC_M3_AL24477_B0_WFS_EDOF_EPD3,CAR_ATC_M3_AL24477_B0_WFS_EPD3,ATC_M3_AL24477,B0,WFS,EDOF,3.0,-0.5,-0.5,0.19538124222153028,0.38497374633826764,0.015861756705100163,0.08640127488902428,0.0990158845118079,0.08557699562428807,0.0647171523014359
analysis-1cc1441dec4744a18d7ac73763507a6c,CFG_ATC_M3_AL24477_B0_WFS_EDOF_EPD3,CAR_ATC_M3_AL24477_B0_WFS_EPD3,ATC_M3_AL24477,B0,WFS,EDOF,3.0,-0.75,-0.75,0.13642739114084523,0.05879254359402443,0.03948012289575088,0.09795550249427523,0.01640050978495102,0.017636157058361156,0.01027506278688006
analysis-1cc1441dec4744a18d7ac73763507a6c,CFG_ATC_M3_AL24477_B0_WFS_EDOF_EPD3,CAR_ATC_M3_AL24477_B0_WFS_EPD3,ATC_M3_AL24477,B0,WFS,EDOF,3.0,-1.0,-1.0,0.10519739694468784,0.15732342098821453,0.13803420639092856,0.03182317213153953,0.0061477243604016775,0.005944817672878325,0.014890128665320574
analysis-1cc1441dec4744a18d7ac73763507a6c,CFG_ATC_M3_AL24477_B0_WFS_EDOF_EPD3,CAR_ATC_M3_AL24477_B0_WFS_EPD3,ATC_M3_AL24477,B0,WFS,EDOF,3.0,-1.25,-1.25,0.08908745360404038,0.15160846621386131,0.009550445255150334,0.02588762575385322,0.0020137145519803596,0.0020052623186152994,0.009652593816770482
analysis-1cc1441dec4744a18d7ac73763507a6c,CFG_ATC_M3_AL24477_B0_WFS_EDOF_EPD3,CAR_ATC_M3_AL24477_B0_WFS_EPD3,ATC_M3_AL24477,B0,WFS,EDOF,3.0,-1.5,-1.5,0.07666596597678854,0.008462500014446362,0.06499438724973752,0.0032753941016324542,0.0010848064652930647,0.002582288277964725,0.004507796277903417
analysis-1cc1441dec4744a18d7ac73763507a6c,CFG_ATC_M3_AL24477_B0_WFS_EDOF_EPD3,CAR_ATC_M3_AL24477_B0_WFS_EPD3,ATC_M3_AL24477,B0,WFS,EDOF,3.0,-1.75,-1.75,0.06975124634090364,0.14868348739643245,0.03969368371697113,0.010242361725241376,0.006511967149393993,0.004198836365419317,0.003658240252632922
analysis-1cc1441dec4744a18d7ac73763507a6c,CFG_ATC_M3_AL24477_B0_WFS_EDOF_EPD3,CAR_ATC_M3_AL24477_B0_WFS_EPD3,ATC_M3_AL24477,B0,WFS,EDOF,3.0,-2.0,-2.0,0.06061985640693583,0.14866543883849193,0.009017791557321308,0.001747752199062821,0.002577795637648984,0.001547997432204636,0.0012264059276299645
analysis-1cc1441dec4744a18d7ac73763507a6c,CFG_ATC_M3_AL24477_B0_WFS_EDOF_EPD3,CAR_ATC_M3_AL24477_B0_WFS_EPD3,ATC_M3_AL24477,B0,WFS,EDOF,3.0,-2.25,-2.25,0.05427501009304304,0.034861542553633454,0.03664941639972981,0.004405595723953893,0.0038379994097639605,0.000794708093588597,0.0014003941332259122
analysis-1cc1441dec4744a18d7ac73763507a6c,CFG_ATC_M3_AL24477_B0_WFS_EDOF_EPD3,CAR_ATC_M3_AL24477_B0_WFS_EPD3,ATC_M3_AL24477,B0,WFS,EDOF,3.0,-2.5,-2.5,0.048180044237925344,0.07330019459528456,0.017125208588895005,0.007005103482046075,0.001194811909468628,0.0010390500713123568,0.0016699555339610298
analysis-1cc1441dec4744a18d7ac73763507a6c,CFG_ATC_M3_AL24477_B0_WFS_EDOF_EPD3,CAR_ATC_M3_AL24477_B0_WFS_EPD3,ATC_M3_AL24477,B0,WFS,EDOF,3.0,-2.75,-2.75,0.04381527844250973,0.091752430370443,0.004989269357401146,0.007511884112527946,0.0018464054354189556,0.0009934115929167457,0.002574527359280666
analysis-1cc1441dec4744a18d7ac73763507a6c,CFG_ATC_M3_AL24477_B0_WFS_EDOF_EPD3,CAR_ATC_M3_AL24477_B0_WFS_EPD3,ATC_M3_AL24477,B0,WFS,EDOF,3.0,-3.0,-3.0,0.03942983152032127,0.03809104793083732,0.01353925268143569,0.006161421791678877,0.0013004876010300486,0.001614593601293506,0.001983945085638106
analysis-1cc1441dec4744a18d7ac73763507a6c,CFG_ATC_M3_AL24477_B0_WFS_EDOF_EPD5,CAR_ATC_M3_AL24477_B0_WFS_EPD5,ATC_M3_AL24477,B0,WFS,EDOF,5.0,0.5,1.0,0.08785354109410297,0.07950461431452371,0.09503596799718761,0.04736422984457153,0.03437682575194165,0.011524561577762505,0.007968836593716954
analysis-1cc1441dec4744a18d7ac73763507a6c,CFG_ATC_M3_AL24477_B0_WFS_EDOF_EPD5,CAR_ATC_M3_AL24477_B0_WFS_EPD5,ATC_M3_AL24477,B0,WFS,EDOF,5.0,0.25,0.75,0.108124001646898,0.1159132400710366,0.08628018748045131,0.07111799407648886,0.04964652203467988,0.026497168225598087,8.793799367642717e-05
analysis-1cc1441dec4744a18d7ac73763507a6c,CFG_ATC_M3_AL24477_B0_WFS_EDOF_EPD5,CAR_ATC_M3_AL24477_B0_WFS_EPD5,ATC_M3_AL24477,B0,WFS,EDOF,5.0,0.0,0.5,0.15286406692707677,0.23153486309119128,0.08280915108260814,0.06716855462172512,0.07350231587529782,0.08117162047538169,0.07558291430451124
analysis-1cc1441dec4744a18d7ac73763507a6c,CFG_ATC_M3_AL24477_B0_WFS_EDOF_EPD5,CAR_ATC_M3_AL24477_B0_WFS_EPD5,ATC_M3_AL24477,B0,WFS,EDOF,5.0,-0.25,0.25,0.17541309691131926,0.3573270573112022,0.17716009249574083,0.06804683849314933,0.018462105519132025,0.032085766518603606,0.06393559805167781
analysis-1cc1441dec4744a18d7ac73763507a6c,CFG_ATC_M3_AL24477_B0_WFS_EDOF_EPD5,CAR_ATC_M3_AL24477_B0_WFS_EPD5,ATC_M3_AL24477,B0,WFS,EDOF,5.0,-0.5,0.0,0.2165005732413574,0.342164958631128,0.12234515999575542,0.09499964472637115,0.12373000270170416,0.12441937657702651,0.1101975660970557
analysis-1cc1441dec4744a18d7ac73763507a6c,CFG_ATC_M3_AL24477_B0_WFS_EDOF_EPD5,CAR_ATC_M3_AL24477_B0_WFS_EPD5,ATC_M3_AL24477,B0,WFS,EDOF,5.0,-0.75,-0.25,0.1305781493504912,0.21881226979615515,0.0014883250803879027,0.07220763160627047,0.009341079070079198,0.0004928759429429711,0.00548048622277794
analysis-1cc1441dec4744a18d7ac73763507a6c,CFG_ATC_M3_AL24477_B0_WFS_EDOF_EPD5,CAR_ATC_M3_AL24477_B0_WFS_EPD5,ATC_M3_AL24477,B0,WFS,EDOF,5.0,-1.0,-0.5,0.145464398573799,0.09045459380985468,0.2064287688330882,0.0204281104818788,0.06383449572498151,0.0042108737849891765,0.004886033572822605
analysis-1cc1441dec4744a18d7ac73763507a6c,CFG_ATC_M3_AL24477_B0_WFS_EDOF_EPD5,CAR_ATC_M3_AL24477_B0_WFS_EPD5,ATC_M3_AL24477,B0,WFS,EDOF,5.0,-1.25,-0.75,0.1071430362790368,0.015138754605181343,0.019097561401403618,0.08833600223950536,0.017943476353265014,0.013778243769977645,0.010457565837197605
analysis-1cc1441dec4744a18d7ac73763507a6c,CFG_ATC_M3_AL24477_B0_WFS_EDOF_EPD5,CAR_ATC_M3_AL24477_B0_WFS_EPD5,ATC_M3_AL24477,B0,WFS,EDOF,5.0,-1.5,-1.0,0.08461945234914335,0.013367972756683446,0.01712398746379936,0.03376700470715055,0.005985478714687308,0.015681466409077416,0.002982741680124086
analysis-1cc1441dec4744a18d7ac73763507a6c,CFG_ATC_M3_AL24477_B0_WFS_EDOF_EPD5,CAR_ATC_M3_AL24477_B0_WFS_EPD5,ATC_M3_AL24477,B0,WFS,EDOF,5.0,-1.75,-1.25,0.07647718242067217,0.14094017548455207,0.0482910521762118,0.017944415702797825,0.013188663391691138,0.013665219531754104,0.01705346412218344
analysis-1cc1441dec4744a18d7ac73763507a6c,CFG_ATC_M3_AL24477_B0_WFS_EDOF_EPD5,CAR_ATC_M3_AL24477_B0_WFS_EPD5,ATC_M3_AL24477,B0,WFS,EDOF,5.0,-2.0,-1.5,0.06813618795643216,0.07212827255717201,0.035444152593142694,0.03528917222558585,0.026396673272389877,0.0007705605296652268,0.005126014489092957
analysis-1cc1441dec4744a18d7ac73763507a6c,CFG_ATC_M3_AL24477_B0_WFS_EDOF_EPD5,CAR_ATC_M3_AL24477_B0_WFS_EPD5,ATC_M3_AL24477,B0,WFS,EDOF,5.0,-2.25,-1.75,0.059427676357945394,0.09090918596654321,0.026692628849733425,0.008780861583944373,0.02318237116769193,0.011596286220991237,0.006727359138551671
analysis-1cc1441dec4744a18d7ac73763507a6c,CFG_ATC_M3_AL24477_B0_WFS_EDOF_EPD5,CAR_ATC_M3_AL24477_B0_WFS_EPD5,ATC_M3_AL24477,B0,WFS,EDOF,5.0,-2.5,-2.0,0.05334280084190521,0.00667368562554178,0.01729713705882175,0.024383361587240096,0.011867793206401512,0.010787985953113508,0.00039618559326063123
analysis-1cc1441dec4744a18d7ac73763507a6c,CFG_ATC_M3_AL24477_B0_WFS_EDOF_EPD5,CAR_ATC_M3_AL24477_B0_WFS_EPD5,ATC_M3_AL24477,B0,WFS,EDOF,5.0,-2.75,-2.25,0.04759983528243929,0.07281091266608111,0.001923598668959449,0.014434061201879442,0.0028388934937977764,0.0014265973251790015,0.003379016104791302
analysis-1cc1441dec4744a18d7ac73763507a6c,CFG_ATC_M3_AL24477_B0_WFS_EDOF_EPD5,CAR_ATC_M3_AL24477_B0_WFS_EPD5,ATC_M3_AL24477,B0,WFS,EDOF,5.0,-3.0,-2.5,0.04328083802527434,0.0654019757869925,0.01886642809555213,0.006406468268481768,0.00013000336666380293,0.006538854690303214,0.0021543266946542575
analysis-1cc1441dec4744a18d7ac73763507a6c,CFG_ATC_M3_AL24477_C0_HOA_MONO_EPD3,CAR_ATC_M3_AL24477_C0_HOA_EPD3,ATC_M3_AL24477,C0,HOA,MONO,3.0,0.5,0.5,0.1553516846817848,0.3625372207752484,0.05707829176401298,0.0018546338618740405,0.009350370709323663,0.01268661553604084,0.015547139361319212
analysis-1cc1441dec4744a18d7ac73763507a6c,CFG_ATC_M3_AL24477_C0_HOA_MONO_EPD3,CAR_ATC_M3_AL24477_C0_HOA_EPD3,ATC_M3_AL24477,C0,HOA,MONO,3.0,0.25,0.25,0.3498582952197086,0.6703025974212113,0.40762445030327765,0.2591150877341353,0.15995873498263838,0.09015670331156742,0.04826525907019395
analysis-1cc1441dec4744a18d7ac73763507a6c,CFG_ATC_M3_AL24477_C0_HOA_MONO_EPD3,CAR_ATC_M3_AL24477_C0_HOA_EPD3,ATC_M3_AL24477,C0,HOA,MONO,3.0,0.0,0.0,0.5796183820354871,0.8367110472307626,0.6856231051757117,0.55404340303734,0.4416295434954091,0.3423271751992206,0.24158950694182865
analysis-1cc1441dec4744a18d7ac73763507a6c,CFG_ATC_M3_AL24477_C0_HOA_MONO_EPD3,CAR_ATC_M3_AL24477_C0_HOA_EPD3,ATC_M3_AL24477,C0,HOA,MONO,3.0,-0.25,-0.25,0.3088416928053752,0.7305812566732276,0.35356194645523076,0.12026189328659512,0.05284420468000749,0.06246191483959172,0.09413482299080445
analysis-1cc1441dec4744a18d7ac73763507a6c,CFG_ATC_M3_AL24477_C0_HOA_MONO_EPD3,CAR_ATC_M3_AL24477_C0_HOA_EPD3,ATC_M3_AL24477,C0,HOA,MONO,3.0,-0.5,-0.5,0.17394798446027016,0.39478123005239096,0.09907518129871212,0.07430254225875504,0.010300715627384398,0.004499416451078069,0.013971532083065402
analysis-1cc1441dec4744a18d7ac73763507a6c,CFG_ATC_M3_AL24477_C0_HOA_MONO_EPD3,CAR_ATC_M3_AL24477_C0_HOA_EPD3,ATC_M3_AL24477,C0,HOA,MONO,3.0,-0.75,-0.75,0.13471969429602002,0.028620617702827325,0.061213258922844564,0.0635575828496825,0.025330458029796468,0.016051663510858107,0.018598916656133346
analysis-1cc1441dec4744a18d7ac73763507a6c,CFG_ATC_M3_AL24477_C0_HOA_MONO_EPD3,CAR_ATC_M3_AL24477_C0_HOA_EPD3,ATC_M3_AL24477,C0,HOA,MONO,3.0,-1.0,-1.0,0.10158840953234093,0.1644905166790253,0.08016410706863059,0.023554647211674478,0.012707142974633726,0.006636922959149267,0.00681092872912818
analysis-1cc1441dec4744a18d7ac73763507a6c,CFG_ATC_M3_AL24477_C0_HOA_MONO_EPD3,CAR_ATC_M3_AL24477_C0_HOA_EPD3,ATC_M3_AL24477,C0,HOA,MONO,3.0,-1.25,-1.25,0.08305489972978704,0.13311785977063373,0.006361139113932568,0.010787946376125908,0.012705413742038601,0.007619068732011806,0.0059091002338574295
analysis-1cc1441dec4744a18d7ac73763507a6c,CFG_ATC_M3_AL24477_C0_HOA_MONO_EPD3,CAR_ATC_M3_AL24477_C0_HOA_EPD3,ATC_M3_AL24477,C0,HOA,MONO,3.0,-1.5,-1.5,0.06848980138873147,0.003498638205809366,0.028693692554320846,0.0017895464788196672,0.008133380152964761,0.0039188962693289765,0.0018017488634992443
analysis-1cc1441dec4744a18d7ac73763507a6c,CFG_ATC_M3_AL24477_C0_HOA_MONO_EPD3,CAR_ATC_M3_AL24477_C0_HOA_EPD3,ATC_M3_AL24477,C0,HOA,MONO,3.0,-1.75,-1.75,0.05880383172074526,0.08472174696930673,0.02851657703300793,0.0045712261582021825,0.00682095201208249,0.005590859610201396,0.0004847166969872226
analysis-1cc1441dec4744a18d7ac73763507a6c,CFG_ATC_M3_AL24477_C0_HOA_MONO_EPD3,CAR_ATC_M3_AL24477_C0_HOA_EPD3,ATC_M3_AL24477,C0,HOA,MONO,3.0,-2.0,-2.0,0.05136035485099574,0.053579890122493395,0.004830785351865774,0.008708335605501315,0.005746335814426716,0.003974252079256945,0.0016436044575975305
analysis-1cc1441dec4744a18d7ac73763507a6c,CFG_ATC_M3_AL24477_C0_HOA_MONO_EPD3,CAR_ATC_M3_AL24477_C0_HOA_EPD3,ATC_M3_AL24477,C0,HOA,MONO,3.0,-2.25,-2.25,0.045287334899597,0.02086400089000645,0.011447561114418654,0.00661339388565598,0.00611499740920889,0.0032159138863006764,0.0022585762205127504
analysis-1cc1441dec4744a18d7ac73763507a6c,CFG_ATC_M3_AL24477_C0_HOA_MONO_EPD3,CAR_ATC_M3_AL24477_C0_HOA_EPD3,ATC_M3_AL24477,C0,HOA,MONO,3.0,-2.5,-2.5,0.04074080426738822,0.04637203908951993,0.01554387188431934,0.007708844980839758,0.004374237664083969,0.0031224285338674438,0.0019228775980405766
analysis-1cc1441dec4744a18d7ac73763507a6c,CFG_ATC_M3_AL24477_C0_HOA_MONO_EPD3,CAR_ATC_M3_AL24477_C0_HOA_EPD3,ATC_M3_AL24477,C0,HOA,MONO,3.0,-2.75,-2.75,0.036778489325525285,0.009780909523474218,0.006972676964042126,0.0068456213766268335,0.0035936888655273653,0.0022737221457682813,0.0022990313502493334
analysis-1cc1441dec4744a18d7ac73763507a6c,CFG_ATC_M3_AL24477_C0_HOA_MONO_EPD3,CAR_ATC_M3_AL24477_C0_HOA_EPD3,ATC_M3_AL24477,C0,HOA,MONO,3.0,-3.0,-3.0,0.0338139173534469,0.028712287262211325,0.004134760531922956,0.0059792813769469644,0.003273235780546455,0.0018504306684315132,0.001207903099275402
analysis-1cc1441dec4744a18d7ac73763507a6c,CFG_ATC_M3_AL24477_C0_HOA_MONO_EPD5,CAR_ATC_M3_AL24477_C0_HOA_EPD5,ATC_M3_AL24477,C0,HOA,MONO,5.0,0.5,0.5,0.12159535690173756,0.08797551000660556,0.05621430427690022,0.029692315650207454,0.036107272671157875,0.028281466455806214,0.017745373582136986
analysis-1cc1441dec4744a18d7ac73763507a6c,CFG_ATC_M3_AL24477_C0_HOA_MONO_EPD5,CAR_ATC_M3_AL24477_C0_HOA_EPD5,ATC_M3_AL24477,C0,HOA,MONO,5.0,0.25,0.25,0.15559811064068776,0.229847109791767,0.10751279716483104,0.07287885989075528,0.040252258762638805,0.026075559112515672,0.016732278260886742
analysis-1cc1441dec4744a18d7ac73763507a6c,CFG_ATC_M3_AL24477_C0_HOA_MONO_EPD5,CAR_ATC_M3_AL24477_C0_HOA_EPD5,ATC_M3_AL24477,C0,HOA,MONO,5.0,0.0,0.0,0.3128351101235227,0.5022579083941865,0.3220119934835598,0.2613292148812809,0.2196460187822136,0.1825921876674657,0.1348470777101652
analysis-1cc1441dec4744a18d7ac73763507a6c,CFG_ATC_M3_AL24477_C0_HOA_MONO_EPD5,CAR_ATC_M3_AL24477_C0_HOA_EPD5,ATC_M3_AL24477,C0,HOA,MONO,5.0,-0.25,-0.25,0.18932141318993717,0.42219140717725806,0.2558362650884253,0.08639892033831742,0.008809544741063552,0.004250010593574395,0.029332158938460137
analysis-1cc1441dec4744a18d7ac73763507a6c,CFG_ATC_M3_AL24477_C0_HOA_MONO_EPD5,CAR_ATC_M3_AL24477_C0_HOA_EPD5,ATC_M3_AL24477,C0,HOA,MONO,5.0,-0.5,-0.5,0.10827845930855277,0.16699533300860203,0.08272936917363155,0.031223665040495816,0.017124111869668633,0.01906127836218647,0.011951240842911468
analysis-1cc1441dec4744a18d7ac73763507a6c,CFG_ATC_M3_AL24477_C0_HOA_MONO_EPD5,CAR_ATC_M3_AL24477_C0_HOA_EPD5,ATC_M3_AL24477,C0,HOA,MONO,5.0,-0.75,-0.75,0.0744365018759331,0.010014402370778452,0.008172234845238649,0.026704414823746143,0.01525789419728491,0.000310446765877979,0.0027093871522285633
analysis-1cc1441dec4744a18d7ac73763507a6c,CFG_ATC_M3_AL24477_C0_HOA_MONO_EPD5,CAR_ATC_M3_AL24477_C0_HOA_EPD5,ATC_M3_AL24477,C0,HOA,MONO,5.0,-1.0,-1.0,0.055530656931278996,0.11309356515979753,0.037185498709919974,0.004396792887023488,0.002679917876623183,0.001518569107208049,0.0008973102093635456
analysis-1cc1441dec4744a18d7ac73763507a6c,CFG_ATC_M3_AL24477_C0_HOA_MONO_EPD5,CAR_ATC_M3_AL24477_C0_HOA_EPD5,ATC_M3_AL24477,C0,HOA,MONO,5.0,-1.25,-1.25,0.044309492700657385,0.05353442346902663,0.022237852220279686,0.0064532161358449094,0.0018576793458941023,0.00360350391076035,0.00174676966226594
analysis-1cc1441dec4744a18d7ac73763507a6c,CFG_ATC_M3_AL24477_C0_HOA_MONO_EPD5,CAR_ATC_M3_AL24477_C0_HOA_EPD5,ATC_M3_AL24477,C0,HOA,MONO,5.0,-1.5,-1.5,0.036038556157889486,0.06027481786651054,0.005610741994312097,0.0011082074587509673,0.0021337964677932584,0.0007565397996575,0.0008319286154461595
analysis-1cc1441dec4744a18d7ac73763507a6c,CFG_ATC_M3_AL24477_C0_HOA_MONO_EPD5,CAR_ATC_M3_AL24477_C0_HOA_EPD5,ATC_M3_AL24477,C0,HOA,MONO,5.0,-1.75,-1.75,0.029026032980876346,0.030090177501510024,0.0016397739345352961,0.00041539143119965235,0.0011444226234479128,0.0012257003871345771,0.00010723403664258249
analysis-1cc1441dec4744a18d7ac73763507a6c,CFG_ATC_M3_AL24477_C0_HOA_MONO_EPD5,CAR_ATC_M3_AL24477_C0_HOA_EPD5,ATC_M3_AL24477,C0,HOA,MONO,5.0,-2.0,-2.0,0.0248517211904041,0.023452260950441117,0.0007040291665857604,0.002929443176213681,0.0021897840952110016,7.075312289847306e-05,0.0013334586032397186
analysis-1cc1441dec4744a18d7ac73763507a6c,CFG_ATC_M3_AL24477_C0_HOA_MONO_EPD5,CAR_ATC_M3_AL24477_C0_HOA_EPD5,ATC_M3_AL24477,C0,HOA,MONO,5.0,-2.25,-2.25,0.02145982784202387,0.012185063185033283,0.0012477156711750788,0.0021665245811147414,0.0005397761868206611,0.0016449420701950357,0.0015362609798397187
analysis-1cc1441dec4744a18d7ac73763507a6c,CFG_ATC_M3_AL24477_C0_HOA_MONO_EPD5,CAR_ATC_M3_AL24477_C0_HOA_EPD5,ATC_M3_AL24477,C0,HOA,MONO,5.0,-2.5,-2.5,0.02036635243280902,0.007071189271481551,0.0018006080202227696,0.001562904785506612,0.00043581883505089663,0.0004146060492030614,3.455113781960615e-05
analysis-1cc1441dec4744a18d7ac73763507a6c,CFG_ATC_M3_AL24477_C0_HOA_MONO_EPD5,CAR_ATC_M3_AL24477_C0_HOA_EPD5,ATC_M3_AL24477,C0,HOA,MONO,5.0,-2.75,-2.75,0.017807676027115908,0.005822822490499738,0.0010764641658421942,8.989284683408785e-05,0.0014434082415274974,0.0018803341384552538,0.001156729110829362
analysis-1cc1441dec4744a18d7ac73763507a6c,CFG_ATC_M3_AL24477_C0_HOA_MONO_EPD5,CAR_ATC_M3_AL24477_C0_HOA_EPD5,ATC_M3_AL24477,C0,HOA,MONO,5.0,-3.0,-3.0,0.015352385338068415,0.006941908257582516,0.003387305662185013,9.696822119094594e-05,0.0012580852112587385,0.0012255834471395796,0.0017387020430467159
analysis-1cc1441dec4744a18d7ac73763507a6c,CFG_ATC_M3_AL24477_C0_HOA_EDOF_EPD3,CAR_ATC_M3_AL24477_C0_HOA_EPD3,ATC_M3_AL24477,C0,HOA,EDOF,3.0,0.5,0.75,0.08686839318305052,0.04373006874732974,0.050426358290801096,0.044117418867609864,0.03692934830390797,0.019685884662516886,0.019133068140260362
analysis-1cc1441dec4744a18d7ac73763507a6c,CFG_ATC_M3_AL24477_C0_HOA_EDOF_EPD3,CAR_ATC_M3_AL24477_C0_HOA_EPD3,ATC_M3_AL24477,C0,HOA,EDOF,3.0,0.25,0.5,0.06812861418014798,0.07261231667962996,0.02016252269661514,0.00760320388640786,0.007037609822490907,0.0008181302282138366,0.027915336675801594
analysis-1cc1441dec4744a18d7ac73763507a6c,CFG_ATC_M3_AL24477_C0_HOA_EDOF_EPD3,CAR_ATC_M3_AL24477_C0_HOA_EPD3,ATC_M3_AL24477,C0,HOA,EDOF,3.0,0.0,0.25,0.09411938214593997,0.13025447525208383,0.048730038245178305,0.024555942792277026,0.0363473770330815,0.030657280180763004,0.021627202968500077
analysis-1cc1441dec4744a18d7ac73763507a6c,CFG_ATC_M3_AL24477_C0_HOA_EDOF_EPD3,CAR_ATC_M3_AL24477_C0_HOA_EPD3,ATC_M3_AL24477,C0,HOA,EDOF,3.0,-0.25,0.0,0.1505189402534117,0.18108528306602983,0.1555374760357984,0.11835119430584258,0.06957181367368645,0.0725113614365876,0.09248301902633853
analysis-1cc1441dec4744a18d7ac73763507a6c,CFG_ATC_M3_AL24477_C0_HOA_EDOF_EPD3,CAR_ATC_M3_AL24477_C0_HOA_EPD3,ATC_M3_AL24477,C0,HOA,EDOF,3.0,-0.5,-0.25,0.11102443952717485,0.18097303594793646,0.08415246365337954,0.050832871001644804,0.04656051568792054,0.016455517528227326,0.030954853311798078
analysis-1cc1441dec4744a18d7ac73763507a6c,CFG_ATC_M3_AL24477_C0_HOA_EDOF_EPD3,CAR_ATC_M3_AL24477_C0_HOA_EPD3,ATC_M3_AL24477,C0,HOA,EDOF,3.0,-0.75,-0.5,0.08102235800185947,0.12012886451978468,0.022208577006989687,0.0113042294875929,0.04586818078120475,0.008599046420239988,0.0027736451141064386
analysis-1cc1441dec4744a18d7ac73763507a6c,CFG_ATC_M3_AL24477_C0_HOA_EDOF_EPD3,CAR_ATC_M3_AL24477_C0_HOA_EPD3,ATC_M3_AL24477,C0,HOA,EDOF,3.0,-1.0,-0.75,0.08083781816631701,0.03868612043236788,0.037167843025659925,0.04237863495821603,0.05108848112033876,0.026387364988392732,0.04301476410687012
analysis-1cc1441dec4744a18d7ac73763507a6c,CFG_ATC_M3_AL24477_C0_HOA_EDOF_EPD3,CAR_ATC_M3_AL24477_C0_HOA_EPD3,ATC_M3_AL24477,C0,HOA,EDOF,3.0,-1.25,-1.0,0.065187671112115,0.005558162851197148,0.07659422562553404,0.015345101833989981,0.02243842387430729,0.027286653670801124,0.020866541911291753
analysis-1cc1441dec4744a18d7ac73763507a6c,CFG_ATC_M3_AL24477_C0_HOA_EDOF_EPD3,CAR_ATC_M3_AL24477_C0_HOA_EPD3,ATC_M3_AL24477,C0,HOA,EDOF,3.0,-1.5,-1.25,0.05869973822981869,0.010252124115355378,0.014845468649953465,0.024107925727603112,0.017214674146658317,0.017609529810940702,0.0059659999295981325
analysis-1cc1441dec4744a18d7ac73763507a6c,CFG_ATC_M3_AL24477_C0_HOA_EDOF_EPD3,CAR_ATC_M3_AL24477_C0_HOA_EPD3,ATC_M3_AL24477,C0,HOA,EDOF,3.0,-1.75,-1.5,0.04760429031514843,0.05312337705065699,0.0162681916145841,0.010817619660230145,0.001916027712798359,0.002160041123649512,0.012784703374056718
analysis-1cc1441dec4744a18d7ac73763507a6c,CFG_ATC_M3_AL24477_C0_HOA_EDOF_EPD3,CAR_ATC_M3_AL24477_C0_HOA_EPD3,ATC_M3_AL24477,C0,HOA,EDOF,3.0,-2.0,-1.75,0.04068547340010591,0.06852954008767403,0.02163125662572452,0.008562927309127204,0.0021645856192036034,0.015470643007525682,0.0012546436773050499
analysis-1cc1441dec4744a18d7ac73763507a6c,CFG_ATC_M3_AL24477_C0_HOA_EDOF_EPD3,CAR_ATC_M3_AL24477_C0_HOA_EPD3,ATC_M3_AL24477,C0,HOA,EDOF,3.0,-2.25,-2.0,0.04274023450260935,0.03674037615694962,0.004582225876735458,0.02867815662262524,0.00208907914176197,0.006156858505654133,0.01392316687344199
analysis-1cc1441dec4744a18d7ac73763507a6c,CFG_ATC_M3_AL24477_C0_HOA_EDOF_EPD3,CAR_ATC_M3_AL24477_C0_HOA_EPD3,ATC_M3_AL24477,C0,HOA,EDOF,3.0,-2.5,-2.25,0.04374068439064542,0.007775669047414164,0.04128374113965845,0.015393596217047636,0.0013348531780831656,0.0403076643103117,0.004451262343599114
analysis-1cc1441dec4744a18d7ac73763507a6c,CFG_ATC_M3_AL24477_C0_HOA_EDOF_EPD3,CAR_ATC_M3_AL24477_C0_HOA_EPD3,ATC_M3_AL24477,C0,HOA,EDOF,3.0,-2.75,-2.5,0.04118303173058151,0.015725884295307857,0.0445779592757991,0.01757937922706991,0.019082075604227318,0.0010378708231621656,0.009753089653802154
analysis-1cc1441dec4744a18d7ac73763507a6c,CFG_ATC_M3_AL24477_C0_HOA_EDOF_EPD3,CAR_ATC_M3_AL24477_C0_HOA_EPD3,ATC_M3_AL24477,C0,HOA,EDOF,3.0,-3.0,-2.75,0.03330782095249209,0.021238878633611256,0.02060246143680595,0.0011516380701304765,0.0025365117807510515,0.009286596864023017,0.0019448739885072665
analysis-1cc1441dec4744a18d7ac73763507a6c,CFG_ATC_M3_AL24477_C0_HOA_EDOF_EPD5,CAR_ATC_M3_AL24477_C0_HOA_EPD5,ATC_M3_AL24477,C0,HOA,EDOF,5.0,0.5,0.75,0.0803499542182802,0.02653141871052004,0.019316066917771928,0.011192412921932477,0.00738780542239215,0.013166438255964134,0.003720824236301808
analysis-1cc1441dec4744a18d7ac73763507a6c,CFG_ATC_M3_AL24477_C0_HOA_EDOF_EPD5,CAR_ATC_M3_AL24477_C0_HOA_EPD5,ATC_M3_AL24477,C0,HOA,EDOF,5.0,0.25,0.5,0.08661463221924336,0.014538337905996214,0.011707181349326622,0.050865383253702254,0.03251729118410329,0.0217522563256749,0.01918936350195068
analysis-1cc1441dec4744a18d7ac73763507a6c,CFG_ATC_M3_AL24477_C0_HOA_EDOF_EPD5,CAR_ATC_M3_AL24477_C0_HOA_EPD5,ATC_M3_AL24477,C0,HOA,EDOF,5.0,0.0,0.25,0.10195409601569046,0.24962626405302749,0.06700964105579976,0.006303429302696107,0.006338150821351361,0.022851297482149417,0.01025053012310602
analysis-1cc1441dec4744a18d7ac73763507a6c,CFG_ATC_M3_AL24477_C0_HOA_EDOF_EPD5,CAR_ATC_M3_AL24477_C0_HOA_EPD5,ATC_M3_AL24477,C0,HOA,EDOF,5.0,-0.25,0.0,0.1561077944871194,0.22903221192553957,0.15001758199612075,0.11377681707105797,0.05676238158897195,0.07315575388473845,0.07061591146077892
analysis-1cc1441dec4744a18d7ac73763507a6c,CFG_ATC_M3_AL24477_C0_HOA_EDOF_EPD5,CAR_ATC_M3_AL24477_C0_HOA_EPD5,ATC_M3_AL24477,C0,HOA,EDOF,5.0,-0.5,-0.25,0.07557303749714551,0.09591196792583642,0.055730284592396984,0.017610300566182895,0.0014887504517474514,0.005620232789041027,0.006301135205063684
analysis-1cc1441dec4744a18d7ac73763507a6c,CFG_ATC_M3_AL24477_C0_HOA_EDOF_EPD5,CAR_ATC_M3_AL24477_C0_HOA_EPD5,ATC_M3_AL24477,C0,HOA,EDOF,5.0,-0.75,-0.5,0.05005194407799621,0.0274414047833616,0.03694470774504769,0.010323390859652939,0.0006752426976232558,0.013931484053973884,0.004111538961442706
analysis-1cc1441dec4744a18d7ac73763507a6c,CFG_ATC_M3_AL24477_C0_HOA_EDOF_EPD5,CAR_ATC_M3_AL24477_C0_HOA_EPD5,ATC_M3_AL24477,C0,HOA,EDOF,5.0,-1.0,-0.75,0.04040569083934049,0.0392429389370843,0.016629747666747026,0.0037238837995780157,0.001252405379368151,0.004646462771427074,0.011542461684785694
analysis-1cc1441dec4744a18d7ac73763507a6c,CFG_ATC_M3_AL24477_C0_HOA_EDOF_EPD5,CAR_ATC_M3_AL24477_C0_HOA_EPD5,ATC_M3_AL24477,C0,HOA,EDOF,5.0,-1.25,-1.0,0.04030326697259653,0.010753570605936319,0.035053180556081365,0.035115665759794495,0.006527933056854993,0.01508492114416448,0.003611229240836937
analysis-1cc1441dec4744a18d7ac73763507a6c,CFG_ATC_M3_AL24477_C0_HOA_EDOF_EPD5,CAR_ATC_M3_AL24477_C0_HOA_EPD5,ATC_M3_AL24477,C0,HOA,EDOF,5.0,-1.5,-1.25,0.034028700110742466,0.05956704976012706,0.002594603791176813,0.006787724246407066,0.003702202986700499,0.007854681925993156,0.0016011734455988373
analysis-1cc1441dec4744a18d7ac73763507a6c,CFG_ATC_M3_AL24477_C0_HOA_EDOF_EPD5,CAR_ATC_M3_AL24477_C0_HOA_EPD5,ATC_M3_AL24477,C0,HOA,EDOF,5.0,-1.75,-1.5,0.026973912686519733,0.019029270476709936,0.014765105296850201,0.00521229166844913,0.0002449511107282994,0.0015614669500154696,0.002242780345318953
analysis-1cc1441dec4744a18d7ac73763507a6c,CFG_ATC_M3_AL24477_C0_HOA_EDOF_EPD5,CAR_ATC_M3_AL24477_C0_HOA_EPD5,ATC_M3_AL24477,C0,HOA,EDOF,5.0,-2.0,-1.75,0.02396929745220313,0.01507320169130294,0.0009099396255357487,0.009112458877594987,0.0023539699256008195,0.010338149211627831,0.005883937452038718
analysis-1cc1441dec4744a18d7ac73763507a6c,CFG_ATC_M3_AL24477_C0_HOA_EDOF_EPD5,CAR_ATC_M3_AL24477_C0_HOA_EPD5,ATC_M3_AL24477,C0,HOA,EDOF,5.0,-2.25,-2.0,0.023212059175886958,0.010696328062829226,0.0027625020654921976,0.004898298381206155,0.0007476770520773049,0.002625886608362616,0.002649145465916704
analysis-1cc1441dec4744a18d7ac73763507a6c,CFG_ATC_M3_AL24477_C0_HOA_EDOF_EPD5,CAR_ATC_M3_AL24477_C0_HOA_EPD5,ATC_M3_AL24477,C0,HOA,EDOF,5.0,-2.5,-2.25,0.023400257030422384,0.01992579851496667,0.011308982586417458,0.010554508181642264,0.0017535000869019594,0.013283096379411177,0.004517937212264809
analysis-1cc1441dec4744a18d7ac73763507a6c,CFG_ATC_M3_AL24477_C0_HOA_EDOF_EPD5,CAR_ATC_M3_AL24477_C0_HOA_EPD5,ATC_M3_AL24477,C0,HOA,EDOF,5.0,-2.75,-2.5,0.019277648925505497,0.0012281052074463593,0.0216948362260758,0.0037551233140597886,0.007163316167511601,0.0014980654181245307,0.001332435461923946
analysis-1cc1441dec4744a18d7ac73763507a6c,CFG_ATC_M3_AL24477_C0_HOA_EDOF_EPD5,CAR_ATC_M3_AL24477_C0_HOA_EPD5,ATC_M3_AL24477,C0,HOA,EDOF,5.0,-3.0,-2.75,0.017312345852695032,0.01049747057364983,0.015224980829158196,0.0006815366437316221,0.0013463764122359566,0.0020016790467984246,8.644940350866376e-05
analysis-1cc1441dec4744a18d7ac73763507a6c,CFG_ATC_M3_AL24477_C0_RAD_MONO_EPD3,CAR_ATC_M3_AL24477_C0_RAD_EPD3,ATC_M3_AL24477,C0,RAD,MONO,3.0,0.5,0.5,0.15739617389632907,0.3441769726831918,0.04404022111877394,0.05161303783474345,0.018284886519795634,0.009253518298610352,0.01415691195213278
analysis-1cc1441dec4744a18d7ac73763507a6c,CFG_ATC_M3_AL24477_C0_RAD_MONO_EPD3,CAR_ATC_M3_AL24477_C0_RAD_EPD3,ATC_M3_AL24477,C0,RAD,MONO,3.0,0.25,0.25,0.3074554283889176,0.688664261997779,0.3545118395839688,0.16189575511400975,0.07753974710443053,0.05055287071799494,0.04883774617500612
analysis-1cc1441dec4744a18d7ac73763507a6c,CFG_ATC_M3_AL24477_C0_RAD_MONO_EPD3,CAR_ATC_M3_AL24477_C0_RAD_EPD3,ATC_M3_AL24477,C0,RAD,MONO,3.0,0.0,0.0,0.604213759919298,0.8624712854534226,0.7268226445553202,0.5958750080730043,0.47017193330107954,0.3516553946486534,0.24217669162839944
analysis-1cc1441dec4744a18d7ac73763507a6c,CFG_ATC_M3_AL24477_C0_RAD_MONO_EPD3,CAR_ATC_M3_AL24477_C0_RAD_EPD3,ATC_M3_AL24477,C0,RAD,MONO,3.0,-0.25,-0.25,0.3634885432474241,0.7435263381552821,0.4339550773809289,0.23042110499321028,0.13486909212792092,0.10223217400247869,0.0946793731995605
analysis-1cc1441dec4744a18d7ac73763507a6c,CFG_ATC_M3_AL24477_C0_RAD_MONO_EPD3,CAR_ATC_M3_AL24477_C0_RAD_EPD3,ATC_M3_AL24477,C0,RAD,MONO,3.0,-0.5,-0.5,0.17776703345197448,0.40379062928750903,0.03538022321850363,0.07161473468104212,0.03685077829606622,0.023637978285118592,0.021148391991875865
analysis-1cc1441dec4744a18d7ac73763507a6c,CFG_ATC_M3_AL24477_C0_RAD_MONO_EPD3,CAR_ATC_M3_AL24477_C0_RAD_EPD3,ATC_M3_AL24477,C0,RAD,MONO,3.0,-0.75,-0.75,0.12343501315539918,0.05726099917736722,0.050057642724452255,0.040446350513536025,0.026362259795062768,0.017989620802743838,0.016039104190005257
analysis-1cc1441dec4744a18d7ac73763507a6c,CFG_ATC_M3_AL24477_C0_RAD_MONO_EPD3,CAR_ATC_M3_AL24477_C0_RAD_EPD3,ATC_M3_AL24477,C0,RAD,MONO,3.0,-1.0,-1.0,0.0918213827694116,0.11108859564333602,0.0523697094485691,0.014698398122964577,0.013843646358976135,0.009265991158311455,0.006613110685588577
analysis-1cc1441dec4744a18d7ac73763507a6c,CFG_ATC_M3_AL24477_C0_RAD_MONO_EPD3,CAR_ATC_M3_AL24477_C0_RAD_EPD3,ATC_M3_AL24477,C0,RAD,MONO,3.0,-1.25,-1.25,0.0741343140742916,0.08149611496691976,0.010687444756370387,0.007597597054956858,0.01209333363178398,0.008614499233213085,0.004712469415423192
analysis-1cc1441dec4744a18d7ac73763507a6c,CFG_ATC_M3_AL24477_C0_RAD_MONO_EPD3,CAR_ATC_M3_AL24477_C0_RAD_EPD3,ATC_M3_AL24477,C0,RAD,MONO,3.0,-1.5,-1.5,0.06136614924272961,0.019660768603328917,0.013530820168802365,0.0007404209000331281,0.008466589033709108,0.00491277627514937,0.001337182325356391
analysis-1cc1441dec4744a18d7ac73763507a6c,CFG_ATC_M3_AL24477_C0_RAD_MONO_EPD3,CAR_ATC_M3_AL24477_C0_RAD_EPD3,ATC_M3_AL24477,C0,RAD,MONO,3.0,-1.75,-1.75,0.052732883222388796,0.06100281120276919,0.021161047258364925,0.0025546510387975665,0.006682567187507901,0.005802091932898942,0.0011406963962498477
analysis-1cc1441dec4744a18d7ac73763507a6c,CFG_ATC_M3_AL24477_C0_RAD_MONO_EPD3,CAR_ATC_M3_AL24477_C0_RAD_EPD3,ATC_M3_AL24477,C0,RAD,MONO,3.0,-2.0,-2.0,0.04643888959826754,0.02100556984356338,0.009851505696175624,0.006685196692833761,0.0053778690193895095,0.00469216589390665,0.002273145669160316
analysis-1cc1441dec4744a18d7ac73763507a6c,CFG_ATC_M3_AL24477_C0_RAD_MONO_EPD3,CAR_ATC_M3_AL24477_C0_RAD_EPD3,ATC_M3_AL24477,C0,RAD,MONO,3.0,-2.25,-2.25,0.04091375700012655,0.02857671438587815,0.002841983717479199,0.005264307621924154,0.005908067641951318,0.003473317404492887,0.0025330820118986885
analysis-1cc1441dec4744a18d7ac73763507a6c,CFG_ATC_M3_AL24477_C0_RAD_MONO_EPD3,CAR_ATC_M3_AL24477_C0_RAD_EPD3,ATC_M3_AL24477,C0,RAD,MONO,3.0,-2.5,-2.5,0.036825289991745155,0.02755870505124847,0.010905612754308264,0.006028316077098917,0.004701823541944848,0.0033721608008234457,0.0019378783841798048
analysis-1cc1441dec4744a18d7ac73763507a6c,CFG_ATC_M3_AL24477_C0_RAD_MONO_EPD3,CAR_ATC_M3_AL24477_C0_RAD_EPD3,ATC_M3_AL24477,C0,RAD,MONO,3.0,-2.75,-2.75,0.03400664284223454,0.008240608707868607,0.009447451399950171,0.005862361773525867,0.0035934918680959283,0.0023319602794158174,0.001960228712207259
analysis-1cc1441dec4744a18d7ac73763507a6c,CFG_ATC_M3_AL24477_C0_RAD_MONO_EPD3,CAR_ATC_M3_AL24477_C0_RAD_EPD3,ATC_M3_AL24477,C0,RAD,MONO,3.0,-3.0,-3.0,0.031126300818930364,0.02500013598062396,0.00141145211909501,0.0058723320223791,0.0031455531181842915,0.0017848300642984245,0.0007396467089121968
analysis-1cc1441dec4744a18d7ac73763507a6c,CFG_ATC_M3_AL24477_C0_RAD_MONO_EPD5,CAR_ATC_M3_AL24477_C0_RAD_EPD5,ATC_M3_AL24477,C0,RAD,MONO,5.0,0.5,0.5,0.10525994463679428,0.14587665279138673,0.020654332709854156,0.04854156592607436,0.04175104920169701,0.029818538190453575,0.026368784291617896
analysis-1cc1441dec4744a18d7ac73763507a6c,CFG_ATC_M3_AL24477_C0_RAD_MONO_EPD5,CAR_ATC_M3_AL24477_C0_RAD_EPD5,ATC_M3_AL24477,C0,RAD,MONO,5.0,0.25,0.25,0.1531372471341257,0.33064912171495636,0.1238637179188445,0.009009738182523286,0.03312938961033646,0.037123935563682965,0.03128297437550042
analysis-1cc1441dec4744a18d7ac73763507a6c,CFG_ATC_M3_AL24477_C0_RAD_MONO_EPD5,CAR_ATC_M3_AL24477_C0_RAD_EPD5,ATC_M3_AL24477,C0,RAD,MONO,5.0,0.0,0.0,0.3464778304767477,0.47444890386022304,0.3960271825254474,0.331382992283432,0.27319443384965697,0.21843377303762881,0.16713327425833885
analysis-1cc1441dec4744a18d7ac73763507a6c,CFG_ATC_M3_AL24477_C0_RAD_MONO_EPD5,CAR_ATC_M3_AL24477_C0_RAD_EPD5,ATC_M3_AL24477,C0,RAD,MONO,5.0,-0.25,-0.25,0.13711489244318906,0.3370154389333184,0.15110219738422703,0.03866335474044347,2.1700972435192065e-05,0.003921509635328946,0.00258496603575329
analysis-1cc1441dec4744a18d7ac73763507a6c,CFG_ATC_M3_AL24477_C0_RAD_MONO_EPD5,CAR_ATC_M3_AL24477_C0_RAD_EPD5,ATC_M3_AL24477,C0,RAD,MONO,5.0,-0.5,-0.5,0.0739294106725595,0.0900125481555632,0.048967845906784324,0.00777419240816288,0.0027134365492476986,0.006142490560409418,0.004899364578695118
analysis-1cc1441dec4744a18d7ac73763507a6c,CFG_ATC_M3_AL24477_C0_RAD_MONO_EPD5,CAR_ATC_M3_AL24477_C0_RAD_EPD5,ATC_M3_AL24477,C0,RAD,MONO,5.0,-0.75,-0.75,0.05089788091071675,0.021253769452982185,0.011393774555320214,0.0052335472815232525,0.0044798326065245385,0.0012432067380495878,0.002143706633477283
analysis-1cc1441dec4744a18d7ac73763507a6c,CFG_ATC_M3_AL24477_C0_RAD_MONO_EPD5,CAR_ATC_M3_AL24477_C0_RAD_EPD5,ATC_M3_AL24477,C0,RAD,MONO,5.0,-1.0,-1.0,0.03847010648328743,0.038979702604043466,0.0038744631804498043,0.00212991067804138,0.00043762946644782517,0.0015641305768497949,0.0007831238192110714
analysis-1cc1441dec4744a18d7ac73763507a6c,CFG_ATC_M3_AL24477_C0_RAD_MONO_EPD5,CAR_ATC_M3_AL24477_C0_RAD_EPD5,ATC_M3_AL24477,C0,RAD,MONO,5.0,-1.25,-1.25,0.031019821736333924,0.00505361069083575,0.006234904572927743,0.0018726306058979903,0.0019538719692875806,0.0020689899979949907,0.0016714310859181824
analysis-1cc1441dec4744a18d7ac73763507a6c,CFG_ATC_M3_AL24477_C0_RAD_MONO_EPD5,CAR_ATC_M3_AL24477_C0_RAD_EPD5,ATC_M3_AL24477,C0,RAD,MONO,5.0,-1.5,-1.5,0.02577123653856451,0.021205084058715132,0.00328348765065256,0.0015293819038149285,0.0016890408402205164,0.0006898154708975471,0.0005186644208008299
analysis-1cc1441dec4744a18d7ac73763507a6c,CFG_ATC_M3_AL24477_C0_RAD_MONO_EPD5,CAR_ATC_M3_AL24477_C0_RAD_EPD5,ATC_M3_AL24477,C0,RAD,MONO,5.0,-1.75,-1.75,0.02312330239121669,0.0038051299823548797,0.0011197671548174165,0.0011472186415760384,0.0011168791514380395,0.0009751420748935452,0.000924925114663551
analysis-1cc1441dec4744a18d7ac73763507a6c,CFG_ATC_M3_AL24477_C0_RAD_MONO_EPD5,CAR_ATC_M3_AL24477_C0_RAD_EPD5,ATC_M3_AL24477,C0,RAD,MONO,5.0,-2.0,-2.0,0.019681798653767055,0.008521249906329489,0.001915135201424901,0.0017785748882731616,0.0004595772755987819,0.0005273812630971185,0.0007567921659477385
analysis-1cc1441dec4744a18d7ac73763507a6c,CFG_ATC_M3_AL24477_C0_RAD_MONO_EPD5,CAR_ATC_M3_AL24477_C0_RAD_EPD5,ATC_M3_AL24477,C0,RAD,MONO,5.0,-2.25,-2.25,0.017643701776261553,0.008075518798092122,2.79779518319844e-05,0.0018518547431334805,0.0005470783986777841,0.000734308312057476,0.0014965518872471376
analysis-1cc1441dec4744a18d7ac73763507a6c,CFG_ATC_M3_AL24477_C0_RAD_MONO_EPD5,CAR_ATC_M3_AL24477_C0_RAD_EPD5,ATC_M3_AL24477,C0,RAD,MONO,5.0,-2.5,-2.5,0.01537364514787759,0.007165529521932017,0.0023022482168685654,0.0018569200388673147,0.0012481126876607617,0.0014939989786629025,0.00025432293426319016
analysis-1cc1441dec4744a18d7ac73763507a6c,CFG_ATC_M3_AL24477_C0_RAD_MONO_EPD5,CAR_ATC_M3_AL24477_C0_RAD_EPD5,ATC_M3_AL24477,C0,RAD,MONO,5.0,-2.75,-2.75,0.01323401404780943,0.00554664661862868,0.0019201048358272362,0.0015732738118206106,0.0014155244489354216,0.0006212560839062416,0.00042672748154906214
analysis-1cc1441dec4744a18d7ac73763507a6c,CFG_ATC_M3_AL24477_C0_RAD_MONO_EPD5,CAR_ATC_M3_AL24477_C0_RAD_EPD5,ATC_M3_AL24477,C0,RAD,MONO,5.0,-3.0,-3.0,0.014687681963795964,0.009387749059483204,0.0008563133770595835,0.0007490744664940114,0.0007098807078055601,0.001194804799981841,0.0011120797207557112
analysis-1cc1441dec4744a18d7ac73763507a6c,CFG_ATC_M3_AL24477_C0_RAD_EDOF_EPD3,CAR_ATC_M3_AL24477_C0_RAD_EPD3,ATC_M3_AL24477,C0,RAD,EDOF,3.0,0.5,0.5,0.14111947554796697,0.29337249012759115,0.07064238991105892,0.07055535442556417,0.05380235103343266,0.026990841173877258,0.00814056183942689
analysis-1cc1441dec4744a18d7ac73763507a6c,CFG_ATC_M3_AL24477_C0_RAD_EDOF_EPD3,CAR_ATC_M3_AL24477_C0_RAD_EPD3,ATC_M3_AL24477,C0,RAD,EDOF,3.0,0.25,0.25,0.1750070425096197,0.3530339649704206,0.16518348230841812,0.03397062796981509,0.0323666430934873,0.060131406978170224,0.04063301196279723
analysis-1cc1441dec4744a18d7ac73763507a6c,CFG_ATC_M3_AL24477_C0_RAD_EDOF_EPD3,CAR_ATC_M3_AL24477_C0_RAD_EPD3,ATC_M3_AL24477,C0,RAD,EDOF,3.0,0.0,0.0,0.3168968625745051,0.3685796283856899,0.3652376820305516,0.3065620868706641,0.2344647367168004,0.15862683113990306,0.10725536378218457
analysis-1cc1441dec4744a18d7ac73763507a6c,CFG_ATC_M3_AL24477_C0_RAD_EDOF_EPD3,CAR_ATC_M3_AL24477_C0_RAD_EPD3,ATC_M3_AL24477,C0,RAD,EDOF,3.0,-0.25,-0.25,0.19807807151983087,0.3400804768374612,0.24277474159311577,0.12269325614502548,0.04708939023169037,0.004156863812365116,0.026434070067745615
analysis-1cc1441dec4744a18d7ac73763507a6c,CFG_ATC_M3_AL24477_C0_RAD_EDOF_EPD3,CAR_ATC_M3_AL24477_C0_RAD_EPD3,ATC_M3_AL24477,C0,RAD,EDOF,3.0,-0.5,-0.5,0.14388528601908154,0.2849619160623936,0.008817470760929175,0.009573435025965478,0.03921864581076995,0.01550491907354862,0.06157200729445229
analysis-1cc1441dec4744a18d7ac73763507a6c,CFG_ATC_M3_AL24477_C0_RAD_EDOF_EPD3,CAR_ATC_M3_AL24477_C0_RAD_EPD3,ATC_M3_AL24477,C0,RAD,EDOF,3.0,-0.75,-0.75,0.18442244291525087,0.23167430823419483,0.06454699820853024,0.11811660804704383,0.11913657870558833,0.11687726719285757,0.013680737126570247
analysis-1cc1441dec4744a18d7ac73763507a6c,CFG_ATC_M3_AL24477_C0_RAD_EDOF_EPD3,CAR_ATC_M3_AL24477_C0_RAD_EPD3,ATC_M3_AL24477,C0,RAD,EDOF,3.0,-1.0,-1.0,0.1506938016261524,0.200499671778026,0.12295945879189939,0.011689500491155799,0.0018755138421528168,0.10223144335077292,0.04143043358752971
analysis-1cc1441dec4744a18d7ac73763507a6c,CFG_ATC_M3_AL24477_C0_RAD_EDOF_EPD3,CAR_ATC_M3_AL24477_C0_RAD_EPD3,ATC_M3_AL24477,C0,RAD,EDOF,3.0,-1.25,-1.25,0.12533783740175994,0.18482721146740194,0.006876347468294726,0.02326952216477722,0.008387433035703183,0.04783974362912152,0.06586240199219053
analysis-1cc1441dec4744a18d7ac73763507a6c,CFG_ATC_M3_AL24477_C0_RAD_EDOF_EPD3,CAR_ATC_M3_AL24477_C0_RAD_EPD3,ATC_M3_AL24477,C0,RAD,EDOF,3.0,-1.5,-1.5,0.13749872271258973,0.15503808490937523,0.03075619910984411,0.11546407835834102,0.06720114332536992,0.02371721332074841,0.06670048549223218
analysis-1cc1441dec4744a18d7ac73763507a6c,CFG_ATC_M3_AL24477_C0_RAD_EDOF_EPD3,CAR_ATC_M3_AL24477_C0_RAD_EPD3,ATC_M3_AL24477,C0,RAD,EDOF,3.0,-1.75,-1.75,0.12690454234610804,0.08956969482818083,0.14479104211770727,0.0651927247424072,0.06276894286368333,0.03806405259898284,0.05496131146131404
analysis-1cc1441dec4744a18d7ac73763507a6c,CFG_ATC_M3_AL24477_C0_RAD_EDOF_EPD3,CAR_ATC_M3_AL24477_C0_RAD_EPD3,ATC_M3_AL24477,C0,RAD,EDOF,3.0,-2.0,-2.0,0.07903679495235832,0.005682997902007915,0.08156971101513566,0.014654640989277146,0.003426406670084315,0.019773051910337812,0.03274634082528852
analysis-1cc1441dec4744a18d7ac73763507a6c,CFG_ATC_M3_AL24477_C0_RAD_EDOF_EPD3,CAR_ATC_M3_AL24477_C0_RAD_EPD3,ATC_M3_AL24477,C0,RAD,EDOF,3.0,-2.25,-2.25,0.06435825532096755,0.046500576165561004,0.03636674019347445,0.0004722291524946652,0.005291843806959946,0.011312180227644476,0.010290546720124798
analysis-1cc1441dec4744a18d7ac73763507a6c,CFG_ATC_M3_AL24477_C0_RAD_EDOF_EPD3,CAR_ATC_M3_AL24477_C0_RAD_EPD3,ATC_M3_AL24477,C0,RAD,EDOF,3.0,-2.5,-2.5,0.05830785989704086,0.02966246549333045,0.04184962881590913,0.03247028474047546,0.004632461758816863,0.00029774355980708887,0.008065594732750756
analysis-1cc1441dec4744a18d7ac73763507a6c,CFG_ATC_M3_AL24477_C0_RAD_EDOF_EPD3,CAR_ATC_M3_AL24477_C0_RAD_EPD3,ATC_M3_AL24477,C0,RAD,EDOF,3.0,-2.75,-2.75,0.053009469397042534,0.0380988128983529,0.017688448633865657,0.005136798797234766,0.007389898368335682,0.004023812786584935,0.0024990928069361026
analysis-1cc1441dec4744a18d7ac73763507a6c,CFG_ATC_M3_AL24477_C0_RAD_EDOF_EPD3,CAR_ATC_M3_AL24477_C0_RAD_EPD3,ATC_M3_AL24477,C0,RAD,EDOF,3.0,-3.0,-3.0,0.048223721667245936,0.09170297552468398,0.04662356169959933,0.003256947401806455,0.0026419477802593497,0.0004424768321939891,0.0019757426048949154
analysis-1cc1441dec4744a18d7ac73763507a6c,CFG_ATC_M3_AL24477_C0_RAD_EDOF_EPD5,CAR_ATC_M3_AL24477_C0_RAD_EPD5,ATC_M3_AL24477,C0,RAD,EDOF,5.0,0.5,0.5,0.1307213927473643,0.16755204424003128,0.039712080634108624,0.08369816284311138,0.08972523118226447,0.07093868249425567,0.06071071988914653
analysis-1cc1441dec4744a18d7ac73763507a6c,CFG_ATC_M3_AL24477_C0_RAD_EDOF_EPD5,CAR_ATC_M3_AL24477_C0_RAD_EPD5,ATC_M3_AL24477,C0,RAD,EDOF,5.0,0.25,0.25,0.13718831803621953,0.26286973575562644,0.14028046878040407,0.026620003489497113,0.030599784670601572,0.048673419068013785,0.03781893368885944
analysis-1cc1441dec4744a18d7ac73763507a6c,CFG_ATC_M3_AL24477_C0_RAD_EDOF_EPD5,CAR_ATC_M3_AL24477_C0_RAD_EPD5,ATC_M3_AL24477,C0,RAD,EDOF,5.0,0.0,0.0,0.20528177524170213,0.2745400665260859,0.17855372078384918,0.18471252127606325,0.16200570434995015,0.12411740884914808,0.09720613933925831
analysis-1cc1441dec4744a18d7ac73763507a6c,CFG_ATC_M3_AL24477_C0_RAD_EDOF_EPD5,CAR_ATC_M3_AL24477_C0_RAD_EPD5,ATC_M3_AL24477,C0,RAD,EDOF,5.0,-0.25,-0.25,0.08919999875564784,0.11828225089501722,0.08282679919614304,0.003314738429578965,0.01697400941355255,0.02234144337439243,0.008756844146873433
analysis-1cc1441dec4744a18d7ac73763507a6c,CFG_ATC_M3_AL24477_C0_RAD_EDOF_EPD5,CAR_ATC_M3_AL24477_C0_RAD_EPD5,ATC_M3_AL24477,C0,RAD,EDOF,5.0,-0.5,-0.5,0.06314240347802313,0.035697963203000456,0.003044018014416951,0.016375365549386716,0.031029873030853503,0.0007172094128618923,0.013615580850828089
analysis-1cc1441dec4744a18d7ac73763507a6c,CFG_ATC_M3_AL24477_C0_RAD_EDOF_EPD5,CAR_ATC_M3_AL24477_C0_RAD_EPD5,ATC_M3_AL24477,C0,RAD,EDOF,5.0,-0.75,-0.75,0.06453092535089254,0.07200029146808115,0.01927759048538053,0.019767236262762156,0.03422587391460415,0.030436804688661445,0.005502321972495645
analysis-1cc1441dec4744a18d7ac73763507a6c,CFG_ATC_M3_AL24477_C0_RAD_EDOF_EPD5,CAR_ATC_M3_AL24477_C0_RAD_EPD5,ATC_M3_AL24477,C0,RAD,EDOF,5.0,-1.0,-1.0,0.059428882577802516,0.0878755291788067,0.036898329044195405,4.650360515126339e-05,0.00602564810314762,0.03986784130056545,0.016518912769994336
analysis-1cc1441dec4744a18d7ac73763507a6c,CFG_ATC_M3_AL24477_C0_RAD_EDOF_EPD5,CAR_ATC_M3_AL24477_C0_RAD_EPD5,ATC_M3_AL24477,C0,RAD,EDOF,5.0,-1.25,-1.25,0.055430327352900245,0.0813672314382067,0.010655863772425962,0.011688568516488355,0.00722813840761412,0.026877218841036346,0.02445833513999581
analysis-1cc1441dec4744a18d7ac73763507a6c,CFG_ATC_M3_AL24477_C0_RAD_EDOF_EPD5,CAR_ATC_M3_AL24477_C0_RAD_EPD5,ATC_M3_AL24477,C0,RAD,EDOF,5.0,-1.5,-1.5,0.056473408968997114,0.050311949460931565,0.014981988414814414,0.0441407660827416,0.025319559977606175,0.014288250878313008,0.023640778279261126
analysis-1cc1441dec4744a18d7ac73763507a6c,CFG_ATC_M3_AL24477_C0_RAD_EDOF_EPD5,CAR_ATC_M3_AL24477_C0_RAD_EPD5,ATC_M3_AL24477,C0,RAD,EDOF,5.0,-1.75,-1.75,0.04575928382113611,0.016307178590106948,0.0466578536188577,0.020230763031517093,0.018160202806725975,0.008215654537963954,0.019095654270190086
analysis-1cc1441dec4744a18d7ac73763507a6c,CFG_ATC_M3_AL24477_C0_RAD_EDOF_EPD5,CAR_ATC_M3_AL24477_C0_RAD_EPD5,ATC_M3_AL24477,C0,RAD,EDOF,5.0,-2.0,-2.0,0.03230566701947612,0.0031130594004439194,0.02656671419330804,0.004456592560014217,0.0025582752654684524,0.005744481163658495,0.009803857219141367
analysis-1cc1441dec4744a18d7ac73763507a6c,CFG_ATC_M3_AL24477_C0_RAD_EDOF_EPD5,CAR_ATC_M3_AL24477_C0_RAD_EPD5,ATC_M3_AL24477,C0,RAD,EDOF,5.0,-2.25,-2.25,0.027824334194831303,0.01467229928712956,0.014650682228457178,0.003251941247630672,0.00014266419368193592,0.0051543670439957445,0.005180163990121838
analysis-1cc1441dec4744a18d7ac73763507a6c,CFG_ATC_M3_AL24477_C0_RAD_EDOF_EPD5,CAR_ATC_M3_AL24477_C0_RAD_EPD5,ATC_M3_AL24477,C0,RAD,EDOF,5.0,-2.5,-2.5,0.025281836815344644,0.0007448124811349166,0.01240825015731444,0.008690990333623212,0.0014363480446162656,0.0028400386231224248,0.0038677594514653036
analysis-1cc1441dec4744a18d7ac73763507a6c,CFG_ATC_M3_AL24477_C0_RAD_EDOF_EPD5,CAR_ATC_M3_AL24477_C0_RAD_EPD5,ATC_M3_AL24477,C0,RAD,EDOF,5.0,-2.75,-2.75,0.022865972233398448,0.015107672863010521,0.010293341997969782,0.0015415281823475762,0.0006166198761058497,0.0005890027406930446,0.0008166984718989169
analysis-1cc1441dec4744a18d7ac73763507a6c,CFG_ATC_M3_AL24477_C0_RAD_EDOF_EPD5,CAR_ATC_M3_AL24477_C0_RAD_EPD5,ATC_M3_AL24477,C0,RAD,EDOF,5.0,-3.0,-3.0,0.021122233225632468,0.026888880625121906,0.013532994541863791,0.0028535801805962937,0.0013397972979103537,0.00066964285156828,0.0011694910424585039
analysis-1cc1441dec4744a18d7ac73763507a6c,CFG_ATC_M3_AL24477_C0_WFS_MONO_EPD3,CAR_ATC_M3_AL24477_C0_WFS_EPD3,ATC_M3_AL24477,C0,WFS,MONO,3.0,0.5,0.5,0.15830585979166661,0.3600780399592034,0.009198087643445917,0.04130762319837887,0.022257212132115352,0.014371756875005831,0.016576567660326804
analysis-1cc1441dec4744a18d7ac73763507a6c,CFG_ATC_M3_AL24477_C0_WFS_MONO_EPD3,CAR_ATC_M3_AL24477_C0_WFS_EPD3,ATC_M3_AL24477,C0,WFS,MONO,3.0,0.25,0.25,0.33233052887055103,0.6935304344285704,0.3896068571012424,0.20978828362016907,0.1153354797444621,0.07087979911598807,0.05413306397569846
analysis-1cc1441dec4744a18d7ac73763507a6c,CFG_ATC_M3_AL24477_C0_WFS_MONO_EPD3,CAR_ATC_M3_AL24477_C0_WFS_EPD3,ATC_M3_AL24477,C0,WFS,MONO,3.0,0.0,0.0,0.6027955357461248,0.8593207014731383,0.7227499005136705,0.5927996198845514,0.46940129696255,0.3532460625518144,0.24410147874709262
analysis-1cc1441dec4744a18d7ac73763507a6c,CFG_ATC_M3_AL24477_C0_WFS_MONO_EPD3,CAR_ATC_M3_AL24477_C0_WFS_EPD3,ATC_M3_AL24477,C0,WFS,MONO,3.0,-0.25,-0.25,0.33674773292058885,0.7355914385798041,0.396501297682648,0.18034995470917778,0.09552268017689104,0.08043966123128166,0.08879677917368725
analysis-1cc1441dec4744a18d7ac73763507a6c,CFG_ATC_M3_AL24477_C0_WFS_MONO_EPD3,CAR_ATC_M3_AL24477_C0_WFS_EPD3,ATC_M3_AL24477,C0,WFS,MONO,3.0,-0.5,-0.5,0.17554865563912156,0.39100651451387,0.06574063916475278,0.07596344199708442,0.02829311000505628,0.016642419801106346,0.01871517764093217
analysis-1cc1441dec4744a18d7ac73763507a6c,CFG_ATC_M3_AL24477_C0_WFS_MONO_EPD3,CAR_ATC_M3_AL24477_C0_WFS_EPD3,ATC_M3_AL24477,C0,WFS,MONO,3.0,-0.75,-0.75,0.12611559337042955,0.03880416479326522,0.05276204822025813,0.04760285609037334,0.02483949810998763,0.016176928480433315,0.01655614596967123
analysis-1cc1441dec4744a18d7ac73763507a6c,CFG_ATC_M3_AL24477_C0_WFS_MONO_EPD3,CAR_ATC_M3_AL24477_C0_WFS_EPD3,ATC_M3_AL24477,C0,WFS,MONO,3.0,-1.0,-1.0,0.0943194484936368,0.13169700732130107,0.06026316711837561,0.018127645247005063,0.012769531566070857,0.007856837421114288,0.006962093441516947
analysis-1cc1441dec4744a18d7ac73763507a6c,CFG_ATC_M3_AL24477_C0_WFS_MONO_EPD3,CAR_ATC_M3_AL24477_C0_WFS_EPD3,ATC_M3_AL24477,C0,WFS,MONO,3.0,-1.25,-1.25,0.0762355305854316,0.09609977697259836,0.011145811641765892,0.0095727690003641,0.011661743879459343,0.007833127930297161,0.005392924033117107
analysis-1cc1441dec4744a18d7ac73763507a6c,CFG_ATC_M3_AL24477_C0_WFS_MONO_EPD3,CAR_ATC_M3_AL24477_C0_WFS_EPD3,ATC_M3_AL24477,C0,WFS,MONO,3.0,-1.5,-1.5,0.06327708740954667,0.01725710019086347,0.016373518643356132,8.474432807940914e-05,0.007978077190732078,0.004283594179405066,0.0018855719040959478
analysis-1cc1441dec4744a18d7ac73763507a6c,CFG_ATC_M3_AL24477_C0_WFS_MONO_EPD3,CAR_ATC_M3_AL24477_C0_WFS_EPD3,ATC_M3_AL24477,C0,WFS,MONO,3.0,-1.75,-1.75,0.054284331380296064,0.06836935652087234,0.02329054664174232,0.002218906748874442,0.00638442454253058,0.005477555352836599,0.0006373659881548101
analysis-1cc1441dec4744a18d7ac73763507a6c,CFG_ATC_M3_AL24477_C0_WFS_MONO_EPD3,CAR_ATC_M3_AL24477_C0_WFS_EPD3,ATC_M3_AL24477,C0,WFS,MONO,3.0,-2.0,-2.0,0.0476205379773309,0.028639591038326365,0.009536859039855385,0.006614774051653301,0.005211536179628245,0.004358274922664597,0.0018560849308063693
analysis-1cc1441dec4744a18d7ac73763507a6c,CFG_ATC_M3_AL24477_C0_WFS_MONO_EPD3,CAR_ATC_M3_AL24477_C0_WFS_EPD3,ATC_M3_AL24477,C0,WFS,MONO,3.0,-2.25,-2.25,0.04208711721302578,0.028111348156358032,0.0043714755401305224,0.00522825028133246,0.005796578865802231,0.0033237434267379532,0.0023557786608333167
analysis-1cc1441dec4744a18d7ac73763507a6c,CFG_ATC_M3_AL24477_C0_WFS_MONO_EPD3,CAR_ATC_M3_AL24477_C0_WFS_EPD3,ATC_M3_AL24477,C0,WFS,MONO,3.0,-2.5,-2.5,0.037882256319628965,0.03276284292282293,0.012173067593120826,0.006256110552883475,0.004502355526871255,0.003264514509773084,0.0019302088432052084
analysis-1cc1441dec4744a18d7ac73763507a6c,CFG_ATC_M3_AL24477_C0_WFS_MONO_EPD3,CAR_ATC_M3_AL24477_C0_WFS_EPD3,ATC_M3_AL24477,C0,WFS,MONO,3.0,-2.75,-2.75,0.03472993019307304,0.004650466510613659,0.009376998490594517,0.006106016993142323,0.0035069390620631846,0.0023341807575849335,0.002130515745879969
analysis-1cc1441dec4744a18d7ac73763507a6c,CFG_ATC_M3_AL24477_C0_WFS_MONO_EPD3,CAR_ATC_M3_AL24477_C0_WFS_EPD3,ATC_M3_AL24477,C0,WFS,MONO,3.0,-3.0,-3.0,0.03175208300421626,0.026931221907245492,0.0004641472779466265,0.006036022966677746,0.0031204946449359017,0.0018138056278488122,0.0010293103174233106
analysis-1cc1441dec4744a18d7ac73763507a6c,CFG_ATC_M3_AL24477_C0_WFS_MONO_EPD5,CAR_ATC_M3_AL24477_C0_WFS_EPD5,ATC_M3_AL24477,C0,WFS,MONO,5.0,0.5,0.5,0.10044790670570092,0.16480585520157534,0.01056880757456739,0.04226563082887393,0.036647376869352655,0.010028795701147519,0.005207863974514156
analysis-1cc1441dec4744a18d7ac73763507a6c,CFG_ATC_M3_AL24477_C0_WFS_MONO_EPD5,CAR_ATC_M3_AL24477_C0_WFS_EPD5,ATC_M3_AL24477,C0,WFS,MONO,5.0,0.25,0.25,0.14748449930219884,0.3394252922363742,0.11505942935723286,0.009941304776325656,0.019104779322123375,0.03144219495664897,0.0356435707075867
analysis-1cc1441dec4744a18d7ac73763507a6c,CFG_ATC_M3_AL24477_C0_WFS_MONO_EPD5,CAR_ATC_M3_AL24477_C0_WFS_EPD5,ATC_M3_AL24477,C0,WFS,MONO,5.0,0.0,0.0,0.3688851687647974,0.4437183599629599,0.4081441772581433,0.3578998276463108,0.30409900565761155,0.2502910360218533,0.1970276902637441
analysis-1cc1441dec4744a18d7ac73763507a6c,CFG_ATC_M3_AL24477_C0_WFS_MONO_EPD5,CAR_ATC_M3_AL24477_C0_WFS_EPD5,ATC_M3_AL24477,C0,WFS,MONO,5.0,-0.25,-0.25,0.14568144206765343,0.3832567055160141,0.15354129476799647,0.03766273961507604,0.004360248640884247,0.004367402309785421,0.012056191914986837
analysis-1cc1441dec4744a18d7ac73763507a6c,CFG_ATC_M3_AL24477_C0_WFS_MONO_EPD5,CAR_ATC_M3_AL24477_C0_WFS_EPD5,ATC_M3_AL24477,C0,WFS,MONO,5.0,-0.5,-0.5,0.08332523845933756,0.11258562319152893,0.06146637419527667,0.01208685094508856,0.014144357693927296,0.006462100084029706,0.0001980959681919553
analysis-1cc1441dec4744a18d7ac73763507a6c,CFG_ATC_M3_AL24477_C0_WFS_MONO_EPD5,CAR_ATC_M3_AL24477_C0_WFS_EPD5,ATC_M3_AL24477,C0,WFS,MONO,5.0,-0.75,-0.75,0.05641429981489979,0.06006406935676682,0.012929286592330662,0.0005789713292025391,0.001939940242023095,0.0047110820438767236,0.0008323398191325017
analysis-1cc1441dec4744a18d7ac73763507a6c,CFG_ATC_M3_AL24477_C0_WFS_MONO_EPD5,CAR_ATC_M3_AL24477_C0_WFS_EPD5,ATC_M3_AL24477,C0,WFS,MONO,5.0,-1.0,-1.0,0.041890087503418244,0.04271020397260412,0.0023243832620327264,0.0038358693848876044,0.002691195787703787,0.0017395609515702783,0.0016620275011256052
analysis-1cc1441dec4744a18d7ac73763507a6c,CFG_ATC_M3_AL24477_C0_WFS_MONO_EPD5,CAR_ATC_M3_AL24477_C0_WFS_EPD5,ATC_M3_AL24477,C0,WFS,MONO,5.0,-1.25,-1.25,0.03392396663483226,0.005024662669229986,0.004193907834283722,0.0009524279889578806,0.0020344474373710894,0.002173038776601124,0.0017666896875046837
analysis-1cc1441dec4744a18d7ac73763507a6c,CFG_ATC_M3_AL24477_C0_WFS_MONO_EPD5,CAR_ATC_M3_AL24477_C0_WFS_EPD5,ATC_M3_AL24477,C0,WFS,MONO,5.0,-1.5,-1.5,0.02792698263093961,0.017502742703108514,0.004948696367116796,0.0003358291804190147,0.0012028654983073834,0.00044789413455072555,0.0008359158383950301
analysis-1cc1441dec4744a18d7ac73763507a6c,CFG_ATC_M3_AL24477_C0_WFS_MONO_EPD5,CAR_ATC_M3_AL24477_C0_WFS_EPD5,ATC_M3_AL24477,C0,WFS,MONO,5.0,-1.75,-1.75,0.024565188016348886,0.010989547075608104,0.004832018114427704,0.0010550944667648873,0.002337167271333081,0.0007679214254342608,0.00047178901180488906
analysis-1cc1441dec4744a18d7ac73763507a6c,CFG_ATC_M3_AL24477_C0_WFS_MONO_EPD5,CAR_ATC_M3_AL24477_C0_WFS_EPD5,ATC_M3_AL24477,C0,WFS,MONO,5.0,-2.0,-2.0,0.02078455597432621,0.007613535668244274,0.003903858081350086,0.0016791498947776695,0.0021193857447994622,0.000585006622169512,2.5578897173668837e-05
analysis-1cc1441dec4744a18d7ac73763507a6c,CFG_ATC_M3_AL24477_C0_WFS_MONO_EPD5,CAR_ATC_M3_AL24477_C0_WFS_EPD5,ATC_M3_AL24477,C0,WFS,MONO,5.0,-2.25,-2.25,0.018755323342107885,0.0074191119296839764,0.0003837030709945902,0.0022298130591219436,0.0006858600351717611,0.0017103080856685326,0.0015752248053393248
analysis-1cc1441dec4744a18d7ac73763507a6c,CFG_ATC_M3_AL24477_C0_WFS_MONO_EPD5,CAR_ATC_M3_AL24477_C0_WFS_EPD5,ATC_M3_AL24477,C0,WFS,MONO,5.0,-2.5,-2.5,0.016686341495361908,0.0014669216122236552,0.0024419363788450972,0.0007046670813292778,0.0005437799335236796,0.0001487385871940097,0.0005130602837112573
analysis-1cc1441dec4744a18d7ac73763507a6c,CFG_ATC_M3_AL24477_C0_WFS_MONO_EPD5,CAR_ATC_M3_AL24477_C0_WFS_EPD5,ATC_M3_AL24477,C0,WFS,MONO,5.0,-2.75,-2.75,0.013886489445734422,0.009485543443723116,0.0032554116574685004,0.0003439719956687701,0.0015825473172040934,0.0012377161088559627,0.0009008571423817337
analysis-1cc1441dec4744a18d7ac73763507a6c,CFG_ATC_M3_AL24477_C0_WFS_MONO_EPD5,CAR_ATC_M3_AL24477_C0_WFS_EPD5,ATC_M3_AL24477,C0,WFS,MONO,5.0,-3.0,-3.0,0.014016626555977173,0.001658188113253297,0.0008693088694850786,0.00027192236101784844,0.00016595573068709803,0.00023115411696198905,0.001432029588134898
analysis-1cc1441dec4744a18d7ac73763507a6c,CFG_ATC_M3_AL24477_C0_WFS_EDOF_EPD3,CAR_ATC_M3_AL24477_C0_WFS_EPD3,ATC_M3_AL24477,C0,WFS,EDOF,3.0,0.5,0.5,0.18238184540210386,0.2926122195572344,0.1850923307819424,0.07292740383619914,0.029836053414641125,0.004930832328475251,0.0498716897719001
analysis-1cc1441dec4744a18d7ac73763507a6c,CFG_ATC_M3_AL24477_C0_WFS_EDOF_EPD3,CAR_ATC_M3_AL24477_C0_WFS_EPD3,ATC_M3_AL24477,C0,WFS,EDOF,3.0,0.25,0.25,0.30667337312424986,0.5275186304304754,0.3104292488235173,0.2485520726841353,0.15533990560924482,0.09568143915201652,0.018040507120436394
analysis-1cc1441dec4744a18d7ac73763507a6c,CFG_ATC_M3_AL24477_C0_WFS_EDOF_EPD3,CAR_ATC_M3_AL24477_C0_WFS_EPD3,ATC_M3_AL24477,C0,WFS,EDOF,3.0,0.0,0.0,0.4446646343894998,0.6961217207225581,0.4616778491947001,0.36042165782037505,0.28902779232551323,0.2639517759339106,0.20642016995526985
analysis-1cc1441dec4744a18d7ac73763507a6c,CFG_ATC_M3_AL24477_C0_WFS_EDOF_EPD3,CAR_ATC_M3_AL24477_C0_WFS_EPD3,ATC_M3_AL24477,C0,WFS,EDOF,3.0,-0.25,-0.25,0.253592029367907,0.6488345925962522,0.250105009376105,0.005021136091926273,0.0399932785221184,0.032856512629778484,0.12099096942421664
analysis-1cc1441dec4744a18d7ac73763507a6c,CFG_ATC_M3_AL24477_C0_WFS_EDOF_EPD3,CAR_ATC_M3_AL24477_C0_WFS_EPD3,ATC_M3_AL24477,C0,WFS,EDOF,3.0,-0.5,-0.5,0.17060598819549758,0.3769870678351141,0.06666186012336575,0.008281827252158543,0.037380465039152905,0.052862482879583436,0.0529905903888752
analysis-1cc1441dec4744a18d7ac73763507a6c,CFG_ATC_M3_AL24477_C0_WFS_EDOF_EPD3,CAR_ATC_M3_AL24477_C0_WFS_EPD3,ATC_M3_AL24477,C0,WFS,EDOF,3.0,-0.75,-0.75,0.13411461259258234,0.03932121450369869,0.007104888853601492,0.08683523454160728,0.02164257409913035,0.018450584773473735,0.007376050089548872
analysis-1cc1441dec4744a18d7ac73763507a6c,CFG_ATC_M3_AL24477_C0_WFS_EDOF_EPD3,CAR_ATC_M3_AL24477_C0_WFS_EPD3,ATC_M3_AL24477,C0,WFS,EDOF,3.0,-1.0,-1.0,0.10209235062196392,0.1595109081022434,0.1399729645504489,0.008456165740688533,0.00411163178600121,0.007090059330950818,0.013905169845662438
analysis-1cc1441dec4744a18d7ac73763507a6c,CFG_ATC_M3_AL24477_C0_WFS_EDOF_EPD3,CAR_ATC_M3_AL24477_C0_WFS_EPD3,ATC_M3_AL24477,C0,WFS,EDOF,3.0,-1.25,-1.25,0.0851630360953893,0.13420461612030665,0.005926438626749531,0.020606512471023672,0.0013119978259821276,0.004385592634259156,0.008454829285734128
analysis-1cc1441dec4744a18d7ac73763507a6c,CFG_ATC_M3_AL24477_C0_WFS_EDOF_EPD3,CAR_ATC_M3_AL24477_C0_WFS_EPD3,ATC_M3_AL24477,C0,WFS,EDOF,3.0,-1.5,-1.5,0.07297244716572782,0.02351946700738958,0.04678157048136149,0.002600550425894394,0.0032628954904639165,0.003554690831149989,0.004458915748056923
analysis-1cc1441dec4744a18d7ac73763507a6c,CFG_ATC_M3_AL24477_C0_WFS_EDOF_EPD3,CAR_ATC_M3_AL24477_C0_WFS_EPD3,ATC_M3_AL24477,C0,WFS,EDOF,3.0,-1.75,-1.75,0.06559581969877498,0.14378084050581233,0.0339149604286736,0.013851855662835613,0.007029019711640128,0.004405217483255629,0.003346931080500117
analysis-1cc1441dec4744a18d7ac73763507a6c,CFG_ATC_M3_AL24477_C0_WFS_EDOF_EPD3,CAR_ATC_M3_AL24477_C0_WFS_EPD3,ATC_M3_AL24477,C0,WFS,EDOF,3.0,-2.0,-2.0,0.056011613137824816,0.13186766988740595,0.0015450823223616792,0.0021005674016353034,0.00261477979614509,0.0027981967541651255,0.0011684077416282742
analysis-1cc1441dec4744a18d7ac73763507a6c,CFG_ATC_M3_AL24477_C0_WFS_EDOF_EPD3,CAR_ATC_M3_AL24477_C0_WFS_EPD3,ATC_M3_AL24477,C0,WFS,EDOF,3.0,-2.25,-2.25,0.05017324423231427,0.029564375619943982,0.026237283592433543,0.0030195074923858086,0.004364203041988819,0.0014072350216993237,0.001372369294843741
analysis-1cc1441dec4744a18d7ac73763507a6c,CFG_ATC_M3_AL24477_C0_WFS_EDOF_EPD3,CAR_ATC_M3_AL24477_C0_WFS_EPD3,ATC_M3_AL24477,C0,WFS,EDOF,3.0,-2.5,-2.5,0.04426575504603759,0.057157212231933444,0.015511815753214732,0.004422676117947192,0.0015817537165045902,0.0015568194973733188,0.0017172968128438102
analysis-1cc1441dec4744a18d7ac73763507a6c,CFG_ATC_M3_AL24477_C0_WFS_EDOF_EPD3,CAR_ATC_M3_AL24477_C0_WFS_EPD3,ATC_M3_AL24477,C0,WFS,EDOF,3.0,-2.75,-2.75,0.03975810013624719,0.06978846542501832,0.005394664859771855,0.0062674945331668685,0.001891254528102683,0.0014627141288814911,0.0025975473502594625
analysis-1cc1441dec4744a18d7ac73763507a6c,CFG_ATC_M3_AL24477_C0_WFS_EDOF_EPD3,CAR_ATC_M3_AL24477_C0_WFS_EPD3,ATC_M3_AL24477,C0,WFS,EDOF,3.0,-3.0,-3.0,0.0358043887414047,0.03259699806617636,0.006685037924833078,0.00565767838532418,0.001322644522675598,0.0017799963165592387,0.0019807221727284733
analysis-1cc1441dec4744a18d7ac73763507a6c,CFG_ATC_M3_AL24477_C0_WFS_EDOF_EPD5,CAR_ATC_M3_AL24477_C0_WFS_EPD5,ATC_M3_AL24477,C0,WFS,EDOF,5.0,0.5,0.5,0.12270328902273,0.1434310631293194,0.08511437082806894,0.06672580951615623,0.06986471467723326,0.03871538310430639,0.0137280042690942
analysis-1cc1441dec4744a18d7ac73763507a6c,CFG_ATC_M3_AL24477_C0_WFS_EDOF_EPD5,CAR_ATC_M3_AL24477_C0_WFS_EPD5,ATC_M3_AL24477,C0,WFS,EDOF,5.0,0.25,0.25,0.1394447261105666,0.27885660285495534,0.08947363004390116,0.04501171890103116,0.011762122582249287,0.034176762076482584,0.05845367573093625
analysis-1cc1441dec4744a18d7ac73763507a6c,CFG_ATC_M3_AL24477_C0_WFS_EDOF_EPD5,CAR_ATC_M3_AL24477_C0_WFS_EPD5,ATC_M3_AL24477,C0,WFS,EDOF,5.0,0.0,0.0,0.29557807236076145,0.3842272663868638,0.2850502727376646,0.24712044645886544,0.22194594823443248,0.2008190174972233,0.16489802223587025
analysis-1cc1441dec4744a18d7ac73763507a6c,CFG_ATC_M3_AL24477_C0_WFS_EDOF_EPD5,CAR_ATC_M3_AL24477_C0_WFS_EPD5,ATC_M3_AL24477,C0,WFS,EDOF,5.0,-0.25,-0.25,0.14017883011627033,0.3515336447562525,0.1346085925310478,0.002736051837110256,0.01570440130368554,0.018957919233621032,0.04807912862864419
analysis-1cc1441dec4744a18d7ac73763507a6c,CFG_ATC_M3_AL24477_C0_WFS_EDOF_EPD5,CAR_ATC_M3_AL24477_C0_WFS_EPD5,ATC_M3_AL24477,C0,WFS,EDOF,5.0,-0.5,-0.5,0.08782124865954417,0.10730776047367171,0.07375946481024571,0.007757169566982724,0.018930734902935502,0.016236725384950246,0.013716719943208704
analysis-1cc1441dec4744a18d7ac73763507a6c,CFG_ATC_M3_AL24477_C0_WFS_EDOF_EPD5,CAR_ATC_M3_AL24477_C0_WFS_EPD5,ATC_M3_AL24477,C0,WFS,EDOF,5.0,-0.75,-0.75,0.06241437837754246,0.059790802989117986,0.023226230634732774,0.008847306692016332,0.00541976142231157,0.002545023403441515,0.000321693002266647
analysis-1cc1441dec4744a18d7ac73763507a6c,CFG_ATC_M3_AL24477_C0_WFS_EDOF_EPD5,CAR_ATC_M3_AL24477_C0_WFS_EPD5,ATC_M3_AL24477,C0,WFS,EDOF,5.0,-1.0,-1.0,0.04715414296800786,0.05402200714250162,0.049365922879879176,0.009349885178972114,0.003002169418692002,0.002705867407999521,0.000979798005464207
analysis-1cc1441dec4744a18d7ac73763507a6c,CFG_ATC_M3_AL24477_C0_WFS_EDOF_EPD5,CAR_ATC_M3_AL24477_C0_WFS_EPD5,ATC_M3_AL24477,C0,WFS,EDOF,5.0,-1.25,-1.25,0.03881144050849981,0.019104121446095843,0.013411228636353235,0.006862255904583531,0.0036085519243086684,0.001438210223186638,0.00036927641820752247
analysis-1cc1441dec4744a18d7ac73763507a6c,CFG_ATC_M3_AL24477_C0_WFS_EDOF_EPD5,CAR_ATC_M3_AL24477_C0_WFS_EPD5,ATC_M3_AL24477,C0,WFS,EDOF,5.0,-1.5,-1.5,0.031579881137211864,0.022973591768115878,0.0007397106605238754,0.006599248623500777,0.0010115553718697064,0.0006934822860940312,0.001303335939809525
analysis-1cc1441dec4744a18d7ac73763507a6c,CFG_ATC_M3_AL24477_C0_WFS_EDOF_EPD5,CAR_ATC_M3_AL24477_C0_WFS_EPD5,ATC_M3_AL24477,C0,WFS,EDOF,5.0,-1.75,-1.75,0.026978596158672832,0.041861272607488856,0.003391306330371658,0.00041545211209277665,0.0017372908683949185,0.0004674980470228367,0.0008248100487656897
analysis-1cc1441dec4744a18d7ac73763507a6c,CFG_ATC_M3_AL24477_C0_WFS_EDOF_EPD5,CAR_ATC_M3_AL24477_C0_WFS_EPD5,ATC_M3_AL24477,C0,WFS,EDOF,5.0,-2.0,-2.0,0.023462316193012048,0.02901115712576257,0.0013410211579734798,0.0026014511007917936,0.0022028975741727732,3.796616189229055e-05,0.0002797508792704248
analysis-1cc1441dec4744a18d7ac73763507a6c,CFG_ATC_M3_AL24477_C0_WFS_EDOF_EPD5,CAR_ATC_M3_AL24477_C0_WFS_EPD5,ATC_M3_AL24477,C0,WFS,EDOF,5.0,-2.25,-2.25,0.020355002834950342,0.007668195961791425,0.002181844695364447,0.0016668322027928175,0.0008050808701658531,0.001558923894617175,0.0020475843535375177
analysis-1cc1441dec4744a18d7ac73763507a6c,CFG_ATC_M3_AL24477_C0_WFS_EDOF_EPD5,CAR_ATC_M3_AL24477_C0_WFS_EPD5,ATC_M3_AL24477,C0,WFS,EDOF,5.0,-2.5,-2.5,0.01798953893847127,0.015534637841285549,0.0015210770327715646,0.0002665867551471799,0.0003917003511203083,0.0013805119818318355,0.0011328731643429444
analysis-1cc1441dec4744a18d7ac73763507a6c,CFG_ATC_M3_AL24477_C0_WFS_EDOF_EPD5,CAR_ATC_M3_AL24477_C0_WFS_EPD5,ATC_M3_AL24477,C0,WFS,EDOF,5.0,-2.75,-2.75,0.015459772707733502,0.016842159220916725,0.0012688341400771898,0.0006156638832550455,0.001415706576581485,0.0014767108052865852,0.0005321139769128491
analysis-1cc1441dec4744a18d7ac73763507a6c,CFG_ATC_M3_AL24477_C0_WFS_EDOF_EPD5,CAR_ATC_M3_AL24477_C0_WFS_EPD5,ATC_M3_AL24477,C0,WFS,EDOF,5.0,-3.0,-3.0,0.01506625008423266,0.01820966471921205,0.00048436352854117515,0.0008524490982749142,0.0006035349549226468,0.0006542563298778455,0.0016093985519119198
analysis-1cc1441dec4744a18d7ac73763507a6c,CFG_LB_AL2395_A0_HOA_MONO_EPD3,CAR_LB_AL2395_A0_HOA_EPD3,LB_AL2395,A0,HOA,MONO,3.0,0.5,0.5,0.16109486707934026,0.36296500749941574,0.0837700852442781,0.022734038491488612,0.0002143312245104861,0.010078140856044448,0.0144971700656266
analysis-1cc1441dec4744a18d7ac73763507a6c,CFG_LB_AL2395_A0_HOA_MONO_EPD3,CAR_LB_AL2395_A0_HOA_EPD3,LB_AL2395,A0,HOA,MONO,3.0,0.25,0.25,0.3543439104512747,0.6583442314860398,0.4100120979028269,0.2734692804349838,0.1753751770613811,0.09792646292311254,0.04661299710327815
analysis-1cc1441dec4744a18d7ac73763507a6c,CFG_LB_AL2395_A0_HOA_MONO_EPD3,CAR_LB_AL2395_A0_HOA_EPD3,LB_AL2395,A0,HOA,MONO,3.0,0.0,0.0,0.5644156483592446,0.8229362737391365,0.662520230550481,0.5291920217520877,0.4227735663554262,0.3336438049345666,0.2386631415780694
analysis-1cc1441dec4744a18d7ac73763507a6c,CFG_LB_AL2395_A0_HOA_MONO_EPD3,CAR_LB_AL2395_A0_HOA_EPD3,LB_AL2395,A0,HOA,MONO,3.0,-0.25,-0.25,0.2967195663106036,0.7238198330489882,0.33307568042749935,0.09732491508423904,0.037767178021048356,0.05519868683778481,0.09511583377280225
analysis-1cc1441dec4744a18d7ac73763507a6c,CFG_LB_AL2395_A0_HOA_MONO_EPD3,CAR_LB_AL2395_A0_HOA_EPD3,LB_AL2395,A0,HOA,MONO,3.0,-0.5,-0.5,0.1720573867924496,0.39428248684169287,0.10761576558465401,0.0677362544106485,0.00021068549001805034,0.001626341062521034,0.011623532806713341
analysis-1cc1441dec4744a18d7ac73763507a6c,CFG_LB_AL2395_A0_HOA_MONO_EPD3,CAR_LB_AL2395_A0_HOA_EPD3,LB_AL2395,A0,HOA,MONO,3.0,-0.75,-0.75,0.13725278564974688,0.026315196582458043,0.060013833330460974,0.06994068917729443,0.024749292720583876,0.015913147411654952,0.019714197128987625
analysis-1cc1441dec4744a18d7ac73763507a6c,CFG_LB_AL2395_A0_HOA_MONO_EPD3,CAR_LB_AL2395_A0_HOA_EPD3,LB_AL2395,A0,HOA,MONO,3.0,-1.0,-1.0,0.10404270885947153,0.17400256612466236,0.08819187144395887,0.026512548873012323,0.012315878118039638,0.005962520959632478,0.006714717724549578
analysis-1cc1441dec4744a18d7ac73763507a6c,CFG_LB_AL2395_A0_HOA_MONO_EPD3,CAR_LB_AL2395_A0_HOA_EPD3,LB_AL2395,A0,HOA,MONO,3.0,-1.25,-1.25,0.08558924350178111,0.14560477303282032,0.004916436458995855,0.011805849844409329,0.013106294265577233,0.007524602451341962,0.006175432180969236
analysis-1cc1441dec4744a18d7ac73763507a6c,CFG_LB_AL2395_A0_HOA_MONO_EPD3,CAR_LB_AL2395_A0_HOA_EPD3,LB_AL2395,A0,HOA,MONO,3.0,-1.5,-1.5,0.07051478233634742,0.0021262900969532296,0.03384871849872065,0.0025125702314453178,0.00819902713795743,0.0037492403050316627,0.0017971909842692502
analysis-1cc1441dec4744a18d7ac73763507a6c,CFG_LB_AL2395_A0_HOA_MONO_EPD3,CAR_LB_AL2395_A0_HOA_EPD3,LB_AL2395,A0,HOA,MONO,3.0,-1.75,-1.75,0.06068949150687742,0.09043574488950597,0.03045514036317752,0.005609946321756366,0.007072562722692114,0.00562204413857603,0.00035286199952936514
analysis-1cc1441dec4744a18d7ac73763507a6c,CFG_LB_AL2395_A0_HOA_MONO_EPD3,CAR_LB_AL2395_A0_HOA_EPD3,LB_AL2395,A0,HOA,MONO,3.0,-2.0,-2.0,0.053133027082402175,0.06415402444210909,0.002226186506587639,0.009679059417762974,0.0059931099011957985,0.003787190350582014,0.0015274798886460612
analysis-1cc1441dec4744a18d7ac73763507a6c,CFG_LB_AL2395_A0_HOA_MONO_EPD3,CAR_LB_AL2395_A0_HOA_EPD3,LB_AL2395,A0,HOA,MONO,3.0,-2.25,-2.25,0.046752026952729814,0.016272119541158665,0.014652460156636078,0.007302290719772476,0.006248664797524425,0.0031690748539456148,0.0021815776463960522
analysis-1cc1441dec4744a18d7ac73763507a6c,CFG_LB_AL2395_A0_HOA_MONO_EPD3,CAR_LB_AL2395_A0_HOA_EPD3,LB_AL2395,A0,HOA,MONO,3.0,-2.5,-2.5,0.041876486461577996,0.05129406948741821,0.016481706608790357,0.008350193272559873,0.004353420658909962,0.003053191152885321,0.0018876924410188203
analysis-1cc1441dec4744a18d7ac73763507a6c,CFG_LB_AL2395_A0_HOA_MONO_EPD3,CAR_LB_AL2395_A0_HOA_EPD3,LB_AL2395,A0,HOA,MONO,3.0,-2.75,-2.75,0.038070352765559444,0.017115181350107034,0.0052108485638436355,0.007068402314191316,0.0036817781763223913,0.002254897505721466,0.002395233547553248
analysis-1cc1441dec4744a18d7ac73763507a6c,CFG_LB_AL2395_A0_HOA_MONO_EPD3,CAR_LB_AL2395_A0_HOA_EPD3,LB_AL2395,A0,HOA,MONO,3.0,-3.0,-3.0,0.03467709475828034,0.027761375842145445,0.006420122677481364,0.005816025621361567,0.0033330578165074024,0.0018119114173893978,0.0013774539130155818
analysis-1cc1441dec4744a18d7ac73763507a6c,CFG_LB_AL2395_A0_HOA_MONO_EPD5,CAR_LB_AL2395_A0_HOA_EPD5,LB_AL2395,A0,HOA,MONO,5.0,0.5,0.5,0.07275750101089287,0.11712576864461599,0.04377653798544917,0.01824616081721776,0.00820021135287223,0.0007915774954231255,0.000274996977161176
analysis-1cc1441dec4744a18d7ac73763507a6c,CFG_LB_AL2395_A0_HOA_MONO_EPD5,CAR_LB_AL2395_A0_HOA_EPD5,LB_AL2395,A0,HOA,MONO,5.0,0.25,0.25,0.12992121753276467,0.19025340748763594,0.12973519386387442,0.08751035787161388,0.054650142983070166,0.02456112678312654,0.006353335010839313
analysis-1cc1441dec4744a18d7ac73763507a6c,CFG_LB_AL2395_A0_HOA_MONO_EPD5,CAR_LB_AL2395_A0_HOA_EPD5,LB_AL2395,A0,HOA,MONO,5.0,0.0,0.0,0.2220331987778582,0.2857403170309218,0.2145143899293229,0.1816109932200063,0.1472422315420904,0.11647099582927989,0.08164353932708704
analysis-1cc1441dec4744a18d7ac73763507a6c,CFG_LB_AL2395_A0_HOA_MONO_EPD5,CAR_LB_AL2395_A0_HOA_EPD5,LB_AL2395,A0,HOA,MONO,5.0,-0.25,-0.25,0.20280780144430846,0.37880331949061125,0.21371846597706892,0.11342745073333597,0.06340116507468314,0.05599811959453917,0.0732505266873906
analysis-1cc1441dec4744a18d7ac73763507a6c,CFG_LB_AL2395_A0_HOA_MONO_EPD5,CAR_LB_AL2395_A0_HOA_EPD5,LB_AL2395,A0,HOA,MONO,5.0,-0.5,-0.5,0.15467717629899616,0.3436396753870173,0.055805847134895684,0.006203188193380355,0.03236482339579407,0.05312909435534268,0.042136965090801164
analysis-1cc1441dec4744a18d7ac73763507a6c,CFG_LB_AL2395_A0_HOA_MONO_EPD5,CAR_LB_AL2395_A0_HOA_EPD5,LB_AL2395,A0,HOA,MONO,5.0,-0.75,-0.75,0.1342060912266691,0.1956392494895276,0.00460168999998151,0.09297054779857625,0.029555874317146128,0.0035284159657310073,0.006656703471318655
analysis-1cc1441dec4744a18d7ac73763507a6c,CFG_LB_AL2395_A0_HOA_MONO_EPD5,CAR_LB_AL2395_A0_HOA_EPD5,LB_AL2395,A0,HOA,MONO,5.0,-1.0,-1.0,0.14322289191817994,0.08003102771376748,0.15587436630691986,0.01361007363518072,0.07490568272260789,0.042118777338515545,0.013552422863795656
analysis-1cc1441dec4744a18d7ac73763507a6c,CFG_LB_AL2395_A0_HOA_MONO_EPD5,CAR_LB_AL2395_A0_HOA_EPD5,LB_AL2395,A0,HOA,MONO,5.0,-1.25,-1.25,0.11612988872836906,0.018462153888160377,0.03445375772876755,0.09057516913185729,0.00668086393796245,0.050120124973958916,0.00594911807962503
analysis-1cc1441dec4744a18d7ac73763507a6c,CFG_LB_AL2395_A0_HOA_MONO_EPD5,CAR_LB_AL2395_A0_HOA_EPD5,LB_AL2395,A0,HOA,MONO,5.0,-1.5,-1.5,0.08263504972132606,0.022682054076238974,0.011553705127319985,0.015588864057955103,0.0037057869407291846,0.037325304187291686,0.015059979576484266
analysis-1cc1441dec4744a18d7ac73763507a6c,CFG_LB_AL2395_A0_HOA_MONO_EPD5,CAR_LB_AL2395_A0_HOA_EPD5,LB_AL2395,A0,HOA,MONO,5.0,-1.75,-1.75,0.07274882541926225,0.10498812610192644,0.04108074326002749,0.015801554456798268,0.01914245281524443,0.029522345253748545,0.00855443832193673
analysis-1cc1441dec4744a18d7ac73763507a6c,CFG_LB_AL2395_A0_HOA_MONO_EPD5,CAR_LB_AL2395_A0_HOA_EPD5,LB_AL2395,A0,HOA,MONO,5.0,-2.0,-2.0,0.067025519197202,0.06642901574193746,0.04401970827432456,0.02636084355188118,0.029096617653035207,0.017813681363278197,0.008202710426275578
analysis-1cc1441dec4744a18d7ac73763507a6c,CFG_LB_AL2395_A0_HOA_MONO_EPD5,CAR_LB_AL2395_A0_HOA_EPD5,LB_AL2395,A0,HOA,MONO,5.0,-2.25,-2.25,0.061621737841572724,0.09465833096426121,0.05309044007665109,0.031164315813217054,0.025909134191138602,0.002430494438309523,0.0053525863273738514
analysis-1cc1441dec4744a18d7ac73763507a6c,CFG_LB_AL2395_A0_HOA_MONO_EPD5,CAR_LB_AL2395_A0_HOA_EPD5,LB_AL2395,A0,HOA,MONO,5.0,-2.5,-2.5,0.05678149102375109,0.04528939688627252,0.04894290615599653,0.02160484584464156,0.019307730004844686,0.00717291418405137,0.004954397609348216
analysis-1cc1441dec4744a18d7ac73763507a6c,CFG_LB_AL2395_A0_HOA_MONO_EPD5,CAR_LB_AL2395_A0_HOA_EPD5,LB_AL2395,A0,HOA,MONO,5.0,-2.75,-2.75,0.05016223905171383,0.09975850757539054,0.03838826618711831,0.013977237669655385,0.014557308802495141,0.005540091748052316,0.0003277426362694698
analysis-1cc1441dec4744a18d7ac73763507a6c,CFG_LB_AL2395_A0_HOA_MONO_EPD5,CAR_LB_AL2395_A0_HOA_EPD5,LB_AL2395,A0,HOA,MONO,5.0,-3.0,-3.0,0.04293884379394231,0.0014644024958387278,0.01837359679677027,0.021832326687716168,0.009792669797720093,0.0016470134532315002,0.0027928598954536955
analysis-1cc1441dec4744a18d7ac73763507a6c,CFG_LB_AL2395_A0_HOA_EDOF_EPD3,CAR_LB_AL2395_A0_HOA_EPD3,LB_AL2395,A0,HOA,EDOF,3.0,0.5,0.75,0.0847697975494231,0.03955259355147769,0.04355696859692237,0.04110455921231693,0.034547059551691565,0.02300446304508095,0.015538042517965782
analysis-1cc1441dec4744a18d7ac73763507a6c,CFG_LB_AL2395_A0_HOA_EDOF_EPD3,CAR_LB_AL2395_A0_HOA_EPD3,LB_AL2395,A0,HOA,EDOF,3.0,0.25,0.5,0.06805502837710421,0.06927587867100493,0.01985503059187202,0.005804682816376589,0.008004593010094808,0.004024681737357236,0.028980196467138626
analysis-1cc1441dec4744a18d7ac73763507a6c,CFG_LB_AL2395_A0_HOA_EDOF_EPD3,CAR_LB_AL2395_A0_HOA_EPD3,LB_AL2395,A0,HOA,EDOF,3.0,0.0,0.25,0.09394841463577601,0.13035439658937015,0.05165135130030643,0.025584505003504322,0.03360377496149192,0.030175896176083804,0.02136887775759924
analysis-1cc1441dec4744a18d7ac73763507a6c,CFG_LB_AL2395_A0_HOA_EDOF_EPD3,CAR_LB_AL2395_A0_HOA_EPD3,LB_AL2395,A0,HOA,EDOF,3.0,-0.25,0.0,0.15201935306185627,0.18470203014027467,0.15226518496903949,0.12107932672825715,0.07237303393562555,0.07023609472516787,0.09273253331136941
analysis-1cc1441dec4744a18d7ac73763507a6c,CFG_LB_AL2395_A0_HOA_EDOF_EPD3,CAR_LB_AL2395_A0_HOA_EPD3,LB_AL2395,A0,HOA,EDOF,3.0,-0.5,-0.25,0.11422007421401767,0.1866052878247911,0.08709092419967115,0.05105121138191956,0.05492715263237709,0.01498133703578742,0.032521232768857496
analysis-1cc1441dec4744a18d7ac73763507a6c,CFG_LB_AL2395_A0_HOA_EDOF_EPD3,CAR_LB_AL2395_A0_HOA_EPD3,LB_AL2395,A0,HOA,EDOF,3.0,-0.75,-0.5,0.08369671541437934,0.1264078981757967,0.014903583468568186,0.012482432015678988,0.04852945824379312,0.005145580116074881,0.008460916332027488
analysis-1cc1441dec4744a18d7ac73763507a6c,CFG_LB_AL2395_A0_HOA_EDOF_EPD3,CAR_LB_AL2395_A0_HOA_EPD3,LB_AL2395,A0,HOA,EDOF,3.0,-1.0,-0.75,0.08424386592144553,0.04448270461448541,0.03755119549124198,0.04419091029323628,0.04714853786207704,0.030248072813763027,0.04635472463289689
analysis-1cc1441dec4744a18d7ac73763507a6c,CFG_LB_AL2395_A0_HOA_EDOF_EPD3,CAR_LB_AL2395_A0_HOA_EPD3,LB_AL2395,A0,HOA,EDOF,3.0,-1.25,-1.0,0.06519689661419839,0.001997758388436544,0.07812975097783026,0.01432452573183725,0.017805984714139373,0.026027906419446023,0.021522222505204837
analysis-1cc1441dec4744a18d7ac73763507a6c,CFG_LB_AL2395_A0_HOA_EDOF_EPD3,CAR_LB_AL2395_A0_HOA_EPD3,LB_AL2395,A0,HOA,EDOF,3.0,-1.5,-1.25,0.058522277550844,0.00989009456224723,0.015722137269364396,0.02581087782495198,0.0159024595842727,0.016944747167515567,0.006124439473077621
analysis-1cc1441dec4744a18d7ac73763507a6c,CFG_LB_AL2395_A0_HOA_EDOF_EPD3,CAR_LB_AL2395_A0_HOA_EPD3,LB_AL2395,A0,HOA,EDOF,3.0,-1.75,-1.5,0.047780465947796606,0.04959597746849061,0.013254869774172954,0.01208586449135008,0.0030079385354136725,0.0013060711297195279,0.012043923435724028
analysis-1cc1441dec4744a18d7ac73763507a6c,CFG_LB_AL2395_A0_HOA_EDOF_EPD3,CAR_LB_AL2395_A0_HOA_EPD3,LB_AL2395,A0,HOA,EDOF,3.0,-2.0,-1.75,0.04112891069421476,0.06566120197865055,0.024907866741114476,0.008704777911117931,0.001561958398590771,0.01667300040364686,0.002398006961455319
analysis-1cc1441dec4744a18d7ac73763507a6c,CFG_LB_AL2395_A0_HOA_EDOF_EPD3,CAR_LB_AL2395_A0_HOA_EPD3,LB_AL2395,A0,HOA,EDOF,3.0,-2.25,-2.0,0.042439456803430996,0.03791144120629231,0.00535998450045869,0.02720084429148554,0.00013122946625743204,0.006198999566900166,0.013489587468976168
analysis-1cc1441dec4744a18d7ac73763507a6c,CFG_LB_AL2395_A0_HOA_EDOF_EPD3,CAR_LB_AL2395_A0_HOA_EPD3,LB_AL2395,A0,HOA,EDOF,3.0,-2.5,-2.25,0.04326927389100292,0.00395813135609778,0.03508095298370746,0.01364479611981171,0.0016587567246456824,0.040318864856820194,0.005160106343895897
analysis-1cc1441dec4744a18d7ac73763507a6c,CFG_LB_AL2395_A0_HOA_EDOF_EPD3,CAR_LB_AL2395_A0_HOA_EPD3,LB_AL2395,A0,HOA,EDOF,3.0,-2.75,-2.5,0.042010412645200036,0.014548622466423003,0.04992659704029445,0.01795541436105002,0.020391323364548034,0.00042462382863988084,0.009980982134100709
analysis-1cc1441dec4744a18d7ac73763507a6c,CFG_LB_AL2395_A0_HOA_EDOF_EPD3,CAR_LB_AL2395_A0_HOA_EPD3,LB_AL2395,A0,HOA,EDOF,3.0,-3.0,-2.75,0.03346994349890561,0.017085083374471614,0.017671947555425997,0.0009447879482393267,0.0033923261330702495,0.0076882799530385345,0.0018249183343923034
analysis-1cc1441dec4744a18d7ac73763507a6c,CFG_LB_AL2395_A0_HOA_EDOF_EPD5,CAR_LB_AL2395_A0_HOA_EPD5,LB_AL2395,A0,HOA,EDOF,5.0,0.5,1.0,0.042900475958598944,0.010431363266170678,0.009333526363637826,0.0005642107554061174,0.006532411949692021,0.0032820946178469023,0.0055368300097759365
analysis-1cc1441dec4744a18d7ac73763507a6c,CFG_LB_AL2395_A0_HOA_EDOF_EPD5,CAR_LB_AL2395_A0_HOA_EPD5,LB_AL2395,A0,HOA,EDOF,5.0,0.25,0.75,0.04576156679552615,0.026447663134657615,0.0143349463652217,0.015742721541862688,0.0027666748083920462,0.003919309589449129,0.014657672462050839
analysis-1cc1441dec4744a18d7ac73763507a6c,CFG_LB_AL2395_A0_HOA_EDOF_EPD5,CAR_LB_AL2395_A0_HOA_EPD5,LB_AL2395,A0,HOA,EDOF,5.0,0.0,0.5,0.05712921822520288,0.03859759083302855,0.00797423236241596,0.011970178578595923,0.019248490412049075,0.01185125647899242,0.0030879047726546077
analysis-1cc1441dec4744a18d7ac73763507a6c,CFG_LB_AL2395_A0_HOA_EDOF_EPD5,CAR_LB_AL2395_A0_HOA_EPD5,LB_AL2395,A0,HOA,EDOF,5.0,-0.25,0.25,0.12699559852091727,0.18797384508784726,0.0946872106603027,0.08624525826957213,0.05979356242111192,0.05236307407906855,0.06136829793196588
analysis-1cc1441dec4744a18d7ac73763507a6c,CFG_LB_AL2395_A0_HOA_EDOF_EPD5,CAR_LB_AL2395_A0_HOA_EPD5,LB_AL2395,A0,HOA,EDOF,5.0,-0.5,0.0,0.17499939924575403,0.268039882633016,0.1823216523544331,0.10700882340753974,0.06300738025068686,0.06849232312332826,0.06299443501513696
analysis-1cc1441dec4744a18d7ac73763507a6c,CFG_LB_AL2395_A0_HOA_EDOF_EPD5,CAR_LB_AL2395_A0_HOA_EPD5,LB_AL2395,A0,HOA,EDOF,5.0,-0.75,-0.25,0.12419518574507477,0.22750572358895355,0.017595430820074413,0.001287262192747858,0.0561979505611412,0.03525514420947058,0.019179108366977293
analysis-1cc1441dec4744a18d7ac73763507a6c,CFG_LB_AL2395_A0_HOA_EDOF_EPD5,CAR_LB_AL2395_A0_HOA_EPD5,LB_AL2395,A0,HOA,EDOF,5.0,-1.0,-0.5,0.164083335618967,0.1564870562110815,0.09610530982098428,0.10447382499762316,0.10280146207790794,0.08111606827764864,0.049814110535849485
analysis-1cc1441dec4744a18d7ac73763507a6c,CFG_LB_AL2395_A0_HOA_EDOF_EPD5,CAR_LB_AL2395_A0_HOA_EPD5,LB_AL2395,A0,HOA,EDOF,5.0,-1.25,-0.75,0.1283973157697878,0.07277379306052757,0.1095185519343111,0.04838229288372908,0.06032076983575126,0.04877434885986354,0.03494147154335736
analysis-1cc1441dec4744a18d7ac73763507a6c,CFG_LB_AL2395_A0_HOA_EDOF_EPD5,CAR_LB_AL2395_A0_HOA_EPD5,LB_AL2395,A0,HOA,EDOF,5.0,-1.5,-1.0,0.07786423137454525,0.030941775523255777,0.014706000008079752,0.005355225892412542,0.03079866928566312,0.027645773108380713,0.02619394914443025
analysis-1cc1441dec4744a18d7ac73763507a6c,CFG_LB_AL2395_A0_HOA_EDOF_EPD5,CAR_LB_AL2395_A0_HOA_EPD5,LB_AL2395,A0,HOA,EDOF,5.0,-1.75,-1.25,0.05875001791158416,0.0911444029481851,0.029155732115781423,0.036941388148223134,0.014897041896388552,0.005701441583147864,0.018963898292547316
analysis-1cc1441dec4744a18d7ac73763507a6c,CFG_LB_AL2395_A0_HOA_EDOF_EPD5,CAR_LB_AL2395_A0_HOA_EPD5,LB_AL2395,A0,HOA,EDOF,5.0,-2.0,-1.5,0.053784465483814846,0.06574131284221088,0.023934969214535022,0.0007866005648030825,0.006392102798813474,0.010495364313783333,0.01228405419057646
analysis-1cc1441dec4744a18d7ac73763507a6c,CFG_LB_AL2395_A0_HOA_EDOF_EPD5,CAR_LB_AL2395_A0_HOA_EPD5,LB_AL2395,A0,HOA,EDOF,5.0,-2.25,-1.75,0.0517547158395619,0.07431472621390642,0.04448553623449445,0.009585136961498843,7.215330931518402e-05,0.0050572980099038,0.011419453205840108
analysis-1cc1441dec4744a18d7ac73763507a6c,CFG_LB_AL2395_A0_HOA_EDOF_EPD5,CAR_LB_AL2395_A0_HOA_EPD5,LB_AL2395,A0,HOA,EDOF,5.0,-2.5,-2.0,0.05268344961999591,0.023906203233229492,0.028701803549482378,0.010605708515856332,0.0007723062409372455,0.020319716245193242,0.003087814611149986
analysis-1cc1441dec4744a18d7ac73763507a6c,CFG_LB_AL2395_A0_HOA_EDOF_EPD5,CAR_LB_AL2395_A0_HOA_EPD5,LB_AL2395,A0,HOA,EDOF,5.0,-2.75,-2.25,0.04762293274562965,0.10498561710514695,0.04691158513057006,0.02018376388689816,0.009302073666406306,0.004935703932871645,0.0009186285634213006
analysis-1cc1441dec4744a18d7ac73763507a6c,CFG_LB_AL2395_A0_HOA_EDOF_EPD5,CAR_LB_AL2395_A0_HOA_EPD5,LB_AL2395,A0,HOA,EDOF,5.0,-3.0,-2.5,0.0426034203829158,0.0035040094013646305,0.015153181464172903,0.01309654821691792,0.012958980212035308,0.01326583156054436,0.0006592471311692942
analysis-1cc1441dec4744a18d7ac73763507a6c,CFG_LB_AL2395_A0_RAD_MONO_EPD3,CAR_LB_AL2395_A0_RAD_EPD3,LB_AL2395,A0,RAD,MONO,3.0,0.5,0.5,0.15865638271121207,0.3606683395566309,0.009742053936114478,0.04200812370857066,0.022579690367105894,0.014574775700260827,0.016720342767566055
analysis-1cc1441dec4744a18d7ac73763507a6c,CFG_LB_AL2395_A0_RAD_MONO_EPD3,CAR_LB_AL2395_A0_RAD_EPD3,LB_AL2395,A0,RAD,MONO,3.0,0.25,0.25,0.33327957654731216,0.6945167539676541,0.39094551001972794,0.21071444851115753,0.11620841234240444,0.07192788955056624,0.05518850831729315
analysis-1cc1441dec4744a18d7ac73763507a6c,CFG_LB_AL2395_A0_RAD_MONO_EPD3,CAR_LB_AL2395_A0_RAD_EPD3,LB_AL2395,A0,RAD,MONO,3.0,0.0,0.0,0.6026984327917885,0.8594543168272877,0.7229130907863021,0.5927646306357637,0.46915067259545307,0.3528621091295071,0.24371319870715022
analysis-1cc1441dec4744a18d7ac73763507a6c,CFG_LB_AL2395_A0_RAD_MONO_EPD3,CAR_LB_AL2395_A0_RAD_EPD3,LB_AL2395,A0,RAD,MONO,3.0,-0.25,-0.25,0.3354035153306645,0.7343059989150297,0.3944020245676546,0.17875627564280364,0.0942601992753288,0.07920713049495567,0.08767376878519376
analysis-1cc1441dec4744a18d7ac73763507a6c,CFG_LB_AL2395_A0_RAD_MONO_EPD3,CAR_LB_AL2395_A0_RAD_EPD3,LB_AL2395,A0,RAD,MONO,3.0,-0.5,-0.5,0.17504837275457408,0.3891580077560553,0.06601981299787861,0.0753427294783523,0.027988638543184056,0.016524785446225813,0.018734681396983397
analysis-1cc1441dec4744a18d7ac73763507a6c,CFG_LB_AL2395_A0_RAD_MONO_EPD3,CAR_LB_AL2395_A0_RAD_EPD3,LB_AL2395,A0,RAD,MONO,3.0,-0.75,-0.75,0.12581933478303448,0.03785380911468179,0.051432131624544256,0.04759501901374888,0.024681426455220243,0.01610128250283037,0.016587308346095328
analysis-1cc1441dec4744a18d7ac73763507a6c,CFG_LB_AL2395_A0_RAD_MONO_EPD3,CAR_LB_AL2395_A0_RAD_EPD3,LB_AL2395,A0,RAD,MONO,3.0,-1.0,-1.0,0.09414084293090845,0.13121848928249333,0.060120633015674045,0.01830949998104703,0.012697559591148443,0.007816696024866506,0.00701052931961401
analysis-1cc1441dec4744a18d7ac73763507a6c,CFG_LB_AL2395_A0_RAD_MONO_EPD3,CAR_LB_AL2395_A0_RAD_EPD3,LB_AL2395,A0,RAD,MONO,3.0,-1.25,-1.25,0.07613974487012976,0.0950102399622813,0.011566972495427872,0.00973999223163462,0.011623832743049322,0.007808010163310076,0.0054545734427440965
analysis-1cc1441dec4744a18d7ac73763507a6c,CFG_LB_AL2395_A0_RAD_MONO_EPD3,CAR_LB_AL2395_A0_RAD_EPD3,LB_AL2395,A0,RAD,MONO,3.0,-1.5,-1.5,0.06321808515403497,0.017889324580916098,0.016122495238457567,0.00019421472014924791,0.007965726552623719,0.004253641129547404,0.0019781322673857074
analysis-1cc1441dec4744a18d7ac73763507a6c,CFG_LB_AL2395_A0_RAD_MONO_EPD3,CAR_LB_AL2395_A0_RAD_EPD3,LB_AL2395,A0,RAD,MONO,3.0,-1.75,-1.75,0.05425201480714683,0.06835399480184261,0.023292029264048667,0.002166885535917214,0.006381535748246929,0.005445465134341728,0.000546900402451898
analysis-1cc1441dec4744a18d7ac73763507a6c,CFG_LB_AL2395_A0_RAD_MONO_EPD3,CAR_LB_AL2395_A0_RAD_EPD3,LB_AL2395,A0,RAD,MONO,3.0,-2.0,-2.0,0.047618134442632014,0.028482469641760527,0.009581985019584405,0.006612519010263331,0.0052002027468614235,0.004353331023835382,0.001766492798475575
analysis-1cc1441dec4744a18d7ac73763507a6c,CFG_LB_AL2395_A0_RAD_MONO_EPD3,CAR_LB_AL2395_A0_RAD_EPD3,LB_AL2395,A0,RAD,MONO,3.0,-2.25,-2.25,0.0421030592052958,0.02814842492659892,0.004403813766154379,0.005256796469141624,0.005803632905915635,0.0033211040314919454,0.0023317935873914154
analysis-1cc1441dec4744a18d7ac73763507a6c,CFG_LB_AL2395_A0_RAD_MONO_EPD3,CAR_LB_AL2395_A0_RAD_EPD3,LB_AL2395,A0,RAD,MONO,3.0,-2.5,-2.5,0.037899104892763255,0.03288708380053556,0.012221531982927022,0.006278942880213084,0.004514347865821793,0.003244939006033855,0.0019104670847507556
analysis-1cc1441dec4744a18d7ac73763507a6c,CFG_LB_AL2395_A0_RAD_MONO_EPD3,CAR_LB_AL2395_A0_RAD_EPD3,LB_AL2395,A0,RAD,MONO,3.0,-2.75,-2.75,0.03474851046267238,0.004412204835647984,0.009315507984088853,0.006120234198557982,0.003538528709716645,0.002384356040559245,0.0021654271119263386
analysis-1cc1441dec4744a18d7ac73763507a6c,CFG_LB_AL2395_A0_RAD_MONO_EPD3,CAR_LB_AL2395_A0_RAD_EPD3,LB_AL2395,A0,RAD,MONO,3.0,-3.0,-3.0,0.03178718918612625,0.026970048729280955,0.0002871138916298279,0.006027082293922115,0.0031058136364803934,0.0017677667092661558,0.001190410482394991
analysis-1cc1441dec4744a18d7ac73763507a6c,CFG_LB_AL2395_A0_RAD_MONO_EPD5,CAR_LB_AL2395_A0_RAD_EPD5,LB_AL2395,A0,RAD,MONO,5.0,0.5,0.75,0.06816094513362196,0.08869004930028788,0.01893304780331476,0.001675593318175782,0.00038374363946803975,0.005091921304135752,0.0001693043522106849
analysis-1cc1441dec4744a18d7ac73763507a6c,CFG_LB_AL2395_A0_RAD_MONO_EPD5,CAR_LB_AL2395_A0_RAD_EPD5,LB_AL2395,A0,RAD,MONO,5.0,0.25,0.5,0.12429504583828102,0.2009996142607196,0.0730067579881756,0.047434500648335855,0.021952111472071587,0.0035978576141790543,0.0035034640327330944
analysis-1cc1441dec4744a18d7ac73763507a6c,CFG_LB_AL2395_A0_RAD_MONO_EPD5,CAR_LB_AL2395_A0_RAD_EPD5,LB_AL2395,A0,RAD,MONO,5.0,0.0,0.25,0.3214224223529418,0.41050098191059503,0.3271833073876928,0.27115450183360296,0.2167057584041428,0.16880040132955795,0.12297777303653672
analysis-1cc1441dec4744a18d7ac73763507a6c,CFG_LB_AL2395_A0_RAD_MONO_EPD5,CAR_LB_AL2395_A0_RAD_EPD5,LB_AL2395,A0,RAD,MONO,5.0,-0.25,0.0,0.3367699443417652,0.6740821851963312,0.40176795959383316,0.22083785811794204,0.12090309756320095,0.08002532226079662,0.07020731609673123
analysis-1cc1441dec4744a18d7ac73763507a6c,CFG_LB_AL2395_A0_RAD_MONO_EPD5,CAR_LB_AL2395_A0_RAD_EPD5,LB_AL2395,A0,RAD,MONO,5.0,-0.5,-0.25,0.22537654622798384,0.5242222587994991,0.012639314606824855,0.0006066127165225649,0.12157115759091242,0.11607147267882617,0.05974049954806475
analysis-1cc1441dec4744a18d7ac73763507a6c,CFG_LB_AL2395_A0_RAD_MONO_EPD5,CAR_LB_AL2395_A0_RAD_EPD5,LB_AL2395,A0,RAD,MONO,5.0,-0.75,-0.5,0.145244841924255,0.03510004162824247,0.06323623237039576,0.0074537523784240604,0.0013489480103281866,0.05227717339459675,0.009253845587499207
analysis-1cc1441dec4744a18d7ac73763507a6c,CFG_LB_AL2395_A0_RAD_MONO_EPD5,CAR_LB_AL2395_A0_RAD_EPD5,LB_AL2395,A0,RAD,MONO,5.0,-1.0,-0.75,0.10929336310151719,0.2084396849492387,0.032131351858519924,0.07379001330886735,0.02243526709394783,0.013468380399764241,0.01491443970340619
analysis-1cc1441dec4744a18d7ac73763507a6c,CFG_LB_AL2395_A0_RAD_MONO_EPD5,CAR_LB_AL2395_A0_RAD_EPD5,LB_AL2395,A0,RAD,MONO,5.0,-1.25,-1.0,0.0846925770524734,0.08533701998673396,0.048177439197756244,0.014475450460471509,0.015113360034161031,0.0061123553707141,0.005193085985903632
analysis-1cc1441dec4744a18d7ac73763507a6c,CFG_LB_AL2395_A0_RAD_MONO_EPD5,CAR_LB_AL2395_A0_RAD_EPD5,LB_AL2395,A0,RAD,MONO,5.0,-1.5,-1.25,0.06747460093764,0.10249248415222266,0.050225893797233245,0.02372930759172824,0.008645953868133717,0.00804230171184725,0.003831320367014226
analysis-1cc1441dec4744a18d7ac73763507a6c,CFG_LB_AL2395_A0_RAD_MONO_EPD5,CAR_LB_AL2395_A0_RAD_EPD5,LB_AL2395,A0,RAD,MONO,5.0,-1.75,-1.5,0.0539870305958143,0.08994421230979874,0.04409731143006543,0.019655567819313456,0.0022867019944442144,0.000514605880960349,0.004461986671892717
analysis-1cc1441dec4744a18d7ac73763507a6c,CFG_LB_AL2395_A0_RAD_MONO_EPD5,CAR_LB_AL2395_A0_RAD_EPD5,LB_AL2395,A0,RAD,MONO,5.0,-2.0,-1.75,0.0458745015799291,0.012145444372470116,0.02553137104534347,0.005177255221605864,0.002253715801459141,0.004461939027647563,0.0010591681740304204
analysis-1cc1441dec4744a18d7ac73763507a6c,CFG_LB_AL2395_A0_RAD_MONO_EPD5,CAR_LB_AL2395_A0_RAD_EPD5,LB_AL2395,A0,RAD,MONO,5.0,-2.25,-2.0,0.038464982847977044,0.06107491967031776,0.00621621109940562,0.004762727975322097,0.003059269340489464,0.0008571659203948105,0.0012193966368370124
analysis-1cc1441dec4744a18d7ac73763507a6c,CFG_LB_AL2395_A0_RAD_MONO_EPD5,CAR_LB_AL2395_A0_RAD_EPD5,LB_AL2395,A0,RAD,MONO,5.0,-2.5,-2.25,0.033215077334406755,0.03239836906981109,0.009921512294600022,0.0066134233618693455,0.004260933406129824,0.0018653592651207479,0.0020679846773564545
analysis-1cc1441dec4744a18d7ac73763507a6c,CFG_LB_AL2395_A0_RAD_MONO_EPD5,CAR_LB_AL2395_A0_RAD_EPD5,LB_AL2395,A0,RAD,MONO,5.0,-2.75,-2.5,0.028720871883859505,0.013911206223843077,0.012848517954311044,0.006323819068438006,0.0029725185375462796,0.0004200526975744773,0.0009493562767727475
analysis-1cc1441dec4744a18d7ac73763507a6c,CFG_LB_AL2395_A0_RAD_MONO_EPD5,CAR_LB_AL2395_A0_RAD_EPD5,LB_AL2395,A0,RAD,MONO,5.0,-3.0,-2.75,0.02481117471718108,0.027753333692111977,0.006768682787036696,0.0025346051615761284,0.0015262221658849911,0.0021385089590621963,0.0009314243363537065
analysis-1cc1441dec4744a18d7ac73763507a6c,CFG_LB_AL2395_A0_RAD_EDOF_EPD3,CAR_LB_AL2395_A0_RAD_EPD3,LB_AL2395,A0,RAD,EDOF,3.0,0.5,0.5,0.1375140773621015,0.29966687223313954,0.07737273146660002,0.06365482610593928,0.03843878072479916,0.012670988611185947,0.0011642319775548402
analysis-1cc1441dec4744a18d7ac73763507a6c,CFG_LB_AL2395_A0_RAD_EDOF_EPD3,CAR_LB_AL2395_A0_RAD_EPD3,LB_AL2395,A0,RAD,EDOF,3.0,0.25,0.25,0.17730962276852308,0.35760385792146043,0.17955479419637768,0.05165930331913071,0.0157775196203407,0.04976392133251799,0.03616289308174901
analysis-1cc1441dec4744a18d7ac73763507a6c,CFG_LB_AL2395_A0_RAD_EDOF_EPD3,CAR_LB_AL2395_A0_RAD_EPD3,LB_AL2395,A0,RAD,EDOF,3.0,0.0,0.0,0.32221929333882376,0.37131809266043214,0.3673040540508296,0.3137207028191674,0.24240872464423874,0.16612557406927222,0.11407118150340204
analysis-1cc1441dec4744a18d7ac73763507a6c,CFG_LB_AL2395_A0_RAD_EDOF_EPD3,CAR_LB_AL2395_A0_RAD_EPD3,LB_AL2395,A0,RAD,EDOF,3.0,-0.25,-0.25,0.18626601739339393,0.337790958616756,0.22164854533376865,0.09615136809750134,0.029183959205093438,0.009453049733450472,0.020498494557651584
analysis-1cc1441dec4744a18d7ac73763507a6c,CFG_LB_AL2395_A0_RAD_EDOF_EPD3,CAR_LB_AL2395_A0_RAD_EPD3,LB_AL2395,A0,RAD,EDOF,3.0,-0.5,-0.5,0.14470678404173962,0.27423204989587546,0.011518539529412355,0.011447863631838969,0.05123186056730764,0.004365646726148665,0.058845693812645844
analysis-1cc1441dec4744a18d7ac73763507a6c,CFG_LB_AL2395_A0_RAD_EDOF_EPD3,CAR_LB_AL2395_A0_RAD_EPD3,LB_AL2395,A0,RAD,EDOF,3.0,-0.75,-0.75,0.1761202843511887,0.2130991534636163,0.05687122202747634,0.10995456725510945,0.10466855944688419,0.11423573438719903,0.015080012192712568
analysis-1cc1441dec4744a18d7ac73763507a6c,CFG_LB_AL2395_A0_RAD_EDOF_EPD3,CAR_LB_AL2395_A0_RAD_EPD3,LB_AL2395,A0,RAD,EDOF,3.0,-1.0,-1.0,0.14543248328767377,0.17976203854850153,0.1181132081577089,0.01890149873028453,0.0028677163805675638,0.09880960576277864,0.03815697644910626
analysis-1cc1441dec4744a18d7ac73763507a6c,CFG_LB_AL2395_A0_RAD_EDOF_EPD3,CAR_LB_AL2395_A0_RAD_EPD3,LB_AL2395,A0,RAD,EDOF,3.0,-1.25,-1.25,0.12359337672647418,0.16935461237754548,0.007273836449890695,0.035609895430846264,0.012394846180087545,0.04505360691319393,0.06291000469811316
analysis-1cc1441dec4744a18d7ac73763507a6c,CFG_LB_AL2395_A0_RAD_EDOF_EPD3,CAR_LB_AL2395_A0_RAD_EPD3,LB_AL2395,A0,RAD,EDOF,3.0,-1.5,-1.5,0.13854864725374202,0.14928083814566984,0.03900885456525156,0.11585088270159125,0.0702750510551753,0.02599400370935842,0.06508071721252318
analysis-1cc1441dec4744a18d7ac73763507a6c,CFG_LB_AL2395_A0_RAD_EDOF_EPD3,CAR_LB_AL2395_A0_RAD_EPD3,LB_AL2395,A0,RAD,EDOF,3.0,-1.75,-1.75,0.12574987017967143,0.09273880585133916,0.14784900347486252,0.05958953134407067,0.06045757959225112,0.0379175136070582,0.056275443923483125
analysis-1cc1441dec4744a18d7ac73763507a6c,CFG_LB_AL2395_A0_RAD_EDOF_EPD3,CAR_LB_AL2395_A0_RAD_EPD3,LB_AL2395,A0,RAD,EDOF,3.0,-2.0,-2.0,0.0788421643169155,0.013083724519492804,0.07590864865510848,0.015223338969920733,0.00372301040340456,0.020259456058507853,0.03284739040834916
analysis-1cc1441dec4744a18d7ac73763507a6c,CFG_LB_AL2395_A0_RAD_EDOF_EPD3,CAR_LB_AL2395_A0_RAD_EPD3,LB_AL2395,A0,RAD,EDOF,3.0,-2.25,-2.25,0.063525618537681,0.040214173838677536,0.038942830183449996,0.0023995987272905847,0.005383866573107151,0.011260294494793696,0.011309450974700899
analysis-1cc1441dec4744a18d7ac73763507a6c,CFG_LB_AL2395_A0_RAD_EDOF_EPD3,CAR_LB_AL2395_A0_RAD_EPD3,LB_AL2395,A0,RAD,EDOF,3.0,-2.5,-2.5,0.05780092720111487,0.027710604239833136,0.03858432049345821,0.03339490972822899,0.0057131160369265814,0.0013409585387629836,0.009042074160233424
analysis-1cc1441dec4744a18d7ac73763507a6c,CFG_LB_AL2395_A0_RAD_EDOF_EPD3,CAR_LB_AL2395_A0_RAD_EPD3,LB_AL2395,A0,RAD,EDOF,3.0,-2.75,-2.75,0.052456057352131276,0.03592238886674162,0.01913915630429234,0.005387884760065669,0.0074979490074410906,0.004324482721524227,0.002776789325178339
analysis-1cc1441dec4744a18d7ac73763507a6c,CFG_LB_AL2395_A0_RAD_EDOF_EPD3,CAR_LB_AL2395_A0_RAD_EPD3,LB_AL2395,A0,RAD,EDOF,3.0,-3.0,-3.0,0.0478686473896439,0.08863150167846168,0.046587376234020574,0.0034194364101498963,0.002391387610703213,0.00020310200325566782,0.0025656852402961908
analysis-1cc1441dec4744a18d7ac73763507a6c,CFG_LB_AL2395_A0_RAD_EDOF_EPD5,CAR_LB_AL2395_A0_RAD_EPD5,LB_AL2395,A0,RAD,EDOF,5.0,0.5,0.75,0.07581828432811283,0.07839841400316719,0.043977902751604174,0.06845930756415655,0.05417631378731856,0.017533357373041854,0.004342838361407066
analysis-1cc1441dec4744a18d7ac73763507a6c,CFG_LB_AL2395_A0_RAD_EDOF_EPD5,CAR_LB_AL2395_A0_RAD_EPD5,LB_AL2395,A0,RAD,EDOF,5.0,0.25,0.5,0.10964934880589294,0.12300439290481394,0.05105957660060807,0.02932518305199456,0.007200080055011091,0.028518534872739768,0.025138813602060828
analysis-1cc1441dec4744a18d7ac73763507a6c,CFG_LB_AL2395_A0_RAD_EDOF_EPD5,CAR_LB_AL2395_A0_RAD_EPD5,LB_AL2395,A0,RAD,EDOF,5.0,0.0,0.25,0.2695213951762785,0.3276725454957841,0.2157942818657754,0.19959739188961184,0.20970046127037134,0.15337651668652919,0.13132748871753586
analysis-1cc1441dec4744a18d7ac73763507a6c,CFG_LB_AL2395_A0_RAD_EDOF_EPD5,CAR_LB_AL2395_A0_RAD_EPD5,LB_AL2395,A0,RAD,EDOF,5.0,-0.25,0.0,0.27275484744274664,0.556365767046491,0.3371766160051075,0.19436356819701817,0.06732195327395743,0.008064696981612243,0.009944963057506724
analysis-1cc1441dec4744a18d7ac73763507a6c,CFG_LB_AL2395_A0_RAD_EDOF_EPD5,CAR_LB_AL2395_A0_RAD_EPD5,LB_AL2395,A0,RAD,EDOF,5.0,-0.5,-0.25,0.1758234008055069,0.34419405470821973,0.014594778828297062,0.06226267639716366,0.10971750411574385,0.010467344769878834,0.05966166110920643
analysis-1cc1441dec4744a18d7ac73763507a6c,CFG_LB_AL2395_A0_RAD_EDOF_EPD5,CAR_LB_AL2395_A0_RAD_EPD5,LB_AL2395,A0,RAD,EDOF,5.0,-0.75,-0.5,0.11732582655853971,0.06565545676079332,0.11166243998445033,0.02033460404419125,0.053962488395874975,0.008366715761246379,0.0330514714038838
analysis-1cc1441dec4744a18d7ac73763507a6c,CFG_LB_AL2395_A0_RAD_EDOF_EPD5,CAR_LB_AL2395_A0_RAD_EPD5,LB_AL2395,A0,RAD,EDOF,5.0,-1.0,-0.75,0.08931025390327939,0.001424644111843574,0.043512304232144125,0.00979059102454466,0.0038149613280676316,0.013090884362051785,0.022487813942000612
analysis-1cc1441dec4744a18d7ac73763507a6c,CFG_LB_AL2395_A0_RAD_EDOF_EPD5,CAR_LB_AL2395_A0_RAD_EPD5,LB_AL2395,A0,RAD,EDOF,5.0,-1.25,-1.0,0.08198094034333145,0.23487767436815427,0.08509135253756042,0.03438455023066941,0.012372693939054394,0.012694961056661628,0.036137909056956394
analysis-1cc1441dec4744a18d7ac73763507a6c,CFG_LB_AL2395_A0_RAD_EDOF_EPD5,CAR_LB_AL2395_A0_RAD_EPD5,LB_AL2395,A0,RAD,EDOF,5.0,-1.5,-1.25,0.08019431420083732,0.06426190522253725,0.02832308032805013,0.06868209119353394,0.033665426652860694,0.01920734668166009,0.026185549925257415
analysis-1cc1441dec4744a18d7ac73763507a6c,CFG_LB_AL2395_A0_RAD_EDOF_EPD5,CAR_LB_AL2395_A0_RAD_EPD5,LB_AL2395,A0,RAD,EDOF,5.0,-1.75,-1.5,0.06443125745551019,0.0917364626081377,0.059238590550348455,0.02593308401237487,0.02200330786889252,0.018438551257323514,0.020694290280584796
analysis-1cc1441dec4744a18d7ac73763507a6c,CFG_LB_AL2395_A0_RAD_EDOF_EPD5,CAR_LB_AL2395_A0_RAD_EPD5,LB_AL2395,A0,RAD,EDOF,5.0,-2.0,-1.75,0.050535289720939,0.040137047762711306,0.037068030927084314,0.016680694371446814,0.005752643098308314,0.00681958644458761,0.013253486070467734
analysis-1cc1441dec4744a18d7ac73763507a6c,CFG_LB_AL2395_A0_RAD_EDOF_EPD5,CAR_LB_AL2395_A0_RAD_EPD5,LB_AL2395,A0,RAD,EDOF,5.0,-2.25,-2.0,0.04224099453797608,0.03893714084780144,0.024106721874861223,0.00881403480556299,0.004361334372080829,0.0003784489041359489,0.00237357714314922
analysis-1cc1441dec4744a18d7ac73763507a6c,CFG_LB_AL2395_A0_RAD_EDOF_EPD5,CAR_LB_AL2395_A0_RAD_EPD5,LB_AL2395,A0,RAD,EDOF,5.0,-2.5,-2.25,0.03520660667982782,0.053001223723642736,0.003567926100865137,0.003331315971470679,0.003710612653688917,0.0004067402902237279,0.002331379283465775
analysis-1cc1441dec4744a18d7ac73763507a6c,CFG_LB_AL2395_A0_RAD_EDOF_EPD5,CAR_LB_AL2395_A0_RAD_EPD5,LB_AL2395,A0,RAD,EDOF,5.0,-2.75,-2.5,0.029199958193769214,0.00976636257216142,0.001223967023801893,0.001156899384478167,0.0005068547514301936,0.002721395594275966,0.0024946813956461798
analysis-1cc1441dec4744a18d7ac73763507a6c,CFG_LB_AL2395_A0_RAD_EDOF_EPD5,CAR_LB_AL2395_A0_RAD_EPD5,LB_AL2395,A0,RAD,EDOF,5.0,-3.0,-2.75,0.02695880374326667,0.0455692542700116,0.013128484202247367,0.0008332824649006408,0.0013491924898000997,0.0011055655327874892,0.0017910855715468034
analysis-1cc1441dec4744a18d7ac73763507a6c,CFG_LB_AL2395_A0_WFS_MONO_EPD3,CAR_LB_AL2395_A0_WFS_EPD3,LB_AL2395,A0,WFS,MONO,3.0,0.5,0.5,0.15887508244737872,0.371655731653571,0.02322766637463427,0.02631537259621223,0.021500537397411514,0.017145136815082954,0.018150963081938455
analysis-1cc1441dec4744a18d7ac73763507a6c,CFG_LB_AL2395_A0_WFS_MONO_EPD3,CAR_LB_AL2395_A0_WFS_EPD3,LB_AL2395,A0,WFS,MONO,3.0,0.25,0.25,0.3522438363237764,0.6942664508696371,0.41496710798719516,0.24847626674725182,0.1485373564178223,0.08954395956071898,0.05885740105082618
analysis-1cc1441dec4744a18d7ac73763507a6c,CFG_LB_AL2395_A0_WFS_MONO_EPD3,CAR_LB_AL2395_A0_WFS_EPD3,LB_AL2395,A0,WFS,MONO,3.0,0.0,0.0,0.5951293217726991,0.8530749779312721,0.7111432166826881,0.5791122862839675,0.45901754044957827,0.34940384526246454,0.24411737313180404
analysis-1cc1441dec4744a18d7ac73763507a6c,CFG_LB_AL2395_A0_WFS_MONO_EPD3,CAR_LB_AL2395_A0_WFS_EPD3,LB_AL2395,A0,WFS,MONO,3.0,-0.25,-0.25,0.31323150130590766,0.7264386386586059,0.36114332719954373,0.13709553000298647,0.06351652169625403,0.06251134014747405,0.08363944007395062
analysis-1cc1441dec4744a18d7ac73763507a6c,CFG_LB_AL2395_A0_WFS_MONO_EPD3,CAR_LB_AL2395_A0_WFS_EPD3,LB_AL2395,A0,WFS,MONO,3.0,-0.5,-0.5,0.17232847030832651,0.3795174938138382,0.08875811684286485,0.07390683882963855,0.017734460645838376,0.009359265715096097,0.0161880394644609
analysis-1cc1441dec4744a18d7ac73763507a6c,CFG_LB_AL2395_A0_WFS_MONO_EPD3,CAR_LB_AL2395_A0_WFS_EPD3,LB_AL2395,A0,WFS,MONO,3.0,-0.75,-0.75,0.12807613445135022,0.02383816944604916,0.0513095092340199,0.054112477152249205,0.022755582731563903,0.014382509333358919,0.017071691494881653
analysis-1cc1441dec4744a18d7ac73763507a6c,CFG_LB_AL2395_A0_WFS_MONO_EPD3,CAR_LB_AL2395_A0_WFS_EPD3,LB_AL2395,A0,WFS,MONO,3.0,-1.0,-1.0,0.09642003380305822,0.1482572675283084,0.0681409800947672,0.021685417833989015,0.011484845001816141,0.006426842929525254,0.007179500525626279
analysis-1cc1441dec4744a18d7ac73763507a6c,CFG_LB_AL2395_A0_WFS_MONO_EPD3,CAR_LB_AL2395_A0_WFS_EPD3,LB_AL2395,A0,WFS,MONO,3.0,-1.25,-1.25,0.07836894200464926,0.10804219565087497,0.012103929564903795,0.011597927785070766,0.011173377219851333,0.007056780000499662,0.0059657402178637815
analysis-1cc1441dec4744a18d7ac73763507a6c,CFG_LB_AL2395_A0_WFS_MONO_EPD3,CAR_LB_AL2395_A0_WFS_EPD3,LB_AL2395,A0,WFS,MONO,3.0,-1.5,-1.5,0.06507354355416191,0.01553200727587866,0.019323145976045376,0.0007868993238086817,0.007461449019002389,0.0036278456969979543,0.0023456328150091082
analysis-1cc1441dec4744a18d7ac73763507a6c,CFG_LB_AL2395_A0_WFS_MONO_EPD3,CAR_LB_AL2395_A0_WFS_EPD3,LB_AL2395,A0,WFS,MONO,3.0,-1.75,-1.75,0.05578283219641499,0.07554292690337287,0.02554092890311028,0.002055088025103003,0.006090925743935598,0.005119259053279631,0.0001509767139536114
analysis-1cc1441dec4744a18d7ac73763507a6c,CFG_LB_AL2395_A0_WFS_MONO_EPD3,CAR_LB_AL2395_A0_WFS_EPD3,LB_AL2395,A0,WFS,MONO,3.0,-2.0,-2.0,0.04885610626579525,0.03650064577560796,0.009000535542995791,0.006719014918027439,0.00504247985334878,0.00398080154454087,0.0014278622872393712
analysis-1cc1441dec4744a18d7ac73763507a6c,CFG_LB_AL2395_A0_WFS_MONO_EPD3,CAR_LB_AL2395_A0_WFS_EPD3,LB_AL2395,A0,WFS,MONO,3.0,-2.25,-2.25,0.04323780842014644,0.027073752309902843,0.006219367396605727,0.005355430919401923,0.005676023053526411,0.003113341593255375,0.002153980050244132
analysis-1cc1441dec4744a18d7ac73763507a6c,CFG_LB_AL2395_A0_WFS_MONO_EPD3,CAR_LB_AL2395_A0_WFS_EPD3,LB_AL2395,A0,WFS,MONO,3.0,-2.5,-2.5,0.03895368752771477,0.03803684499599861,0.013508649667459537,0.006595705383136218,0.00429789538598574,0.003084584301561686,0.0018517370556643297
analysis-1cc1441dec4744a18d7ac73763507a6c,CFG_LB_AL2395_A0_WFS_MONO_EPD3,CAR_LB_AL2395_A0_WFS_EPD3,LB_AL2395,A0,WFS,MONO,3.0,-2.75,-2.75,0.03538274493595149,0.00021375666924798277,0.009034017408868668,0.006383427332885463,0.0034324371012658976,0.0023039933200915564,0.0022653037047348098
analysis-1cc1441dec4744a18d7ac73763507a6c,CFG_LB_AL2395_A0_WFS_MONO_EPD3,CAR_LB_AL2395_A0_WFS_EPD3,LB_AL2395,A0,WFS,MONO,3.0,-3.0,-3.0,0.03241906639043509,0.028387803365594197,0.0008570129257390675,0.006156968144695221,0.003055345745298648,0.0017181709075043217,0.0013819589794659293
analysis-1cc1441dec4744a18d7ac73763507a6c,CFG_LB_AL2395_A0_WFS_MONO_EPD5,CAR_LB_AL2395_A0_WFS_EPD5,LB_AL2395,A0,WFS,MONO,5.0,0.5,0.5,0.06927303451691723,0.08089801774952755,0.014831436302257566,0.006315393286308225,0.002377543775264717,0.004553320040606256,0.0001952207614337656
analysis-1cc1441dec4744a18d7ac73763507a6c,CFG_LB_AL2395_A0_WFS_MONO_EPD5,CAR_LB_AL2395_A0_WFS_EPD5,LB_AL2395,A0,WFS,MONO,5.0,0.25,0.25,0.1285322914440315,0.22272538322088878,0.1107389493567843,0.05400650535135144,0.030195389032991266,0.01904457066603439,0.011347605200149938
analysis-1cc1441dec4744a18d7ac73763507a6c,CFG_LB_AL2395_A0_WFS_MONO_EPD5,CAR_LB_AL2395_A0_WFS_EPD5,LB_AL2395,A0,WFS,MONO,5.0,0.0,0.0,0.2764440732163121,0.3608268934923601,0.27843465150703806,0.21513341456766677,0.18018519749822345,0.1440892481272342,0.10252815411966257
analysis-1cc1441dec4744a18d7ac73763507a6c,CFG_LB_AL2395_A0_WFS_MONO_EPD5,CAR_LB_AL2395_A0_WFS_EPD5,LB_AL2395,A0,WFS,MONO,5.0,-0.25,-0.25,0.27410387865616115,0.5030919460874637,0.3081383330522568,0.17782390160809744,0.09554433857876772,0.05812095068705634,0.05579037767897809
analysis-1cc1441dec4744a18d7ac73763507a6c,CFG_LB_AL2395_A0_WFS_MONO_EPD5,CAR_LB_AL2395_A0_WFS_EPD5,LB_AL2395,A0,WFS,MONO,5.0,-0.5,-0.5,0.23630811813234828,0.5255624054870185,0.0846935609752705,0.04456553243346365,0.10638214992336571,0.11357743356371992,0.10672295426157756
analysis-1cc1441dec4744a18d7ac73763507a6c,CFG_LB_AL2395_A0_WFS_MONO_EPD5,CAR_LB_AL2395_A0_WFS_EPD5,LB_AL2395,A0,WFS,MONO,5.0,-0.75,-0.75,0.15332579836679597,0.18447454603344288,0.028334087142592404,0.09559293771143096,0.023174956585645078,0.04367896228989792,0.06805617083990034
analysis-1cc1441dec4744a18d7ac73763507a6c,CFG_LB_AL2395_A0_WFS_MONO_EPD5,CAR_LB_AL2395_A0_WFS_EPD5,LB_AL2395,A0,WFS,MONO,5.0,-1.0,-1.0,0.11882476655587625,0.1841710482226701,0.09551071972018635,0.01018835191385039,0.01767231883023554,0.021848603379389347,0.0200113223112111
analysis-1cc1441dec4744a18d7ac73763507a6c,CFG_LB_AL2395_A0_WFS_MONO_EPD5,CAR_LB_AL2395_A0_WFS_EPD5,LB_AL2395,A0,WFS,MONO,5.0,-1.25,-1.25,0.09699541817512244,0.058717155439543894,0.07545505196057802,0.05916956312711679,0.002141312075910657,0.022614599526616194,0.00974635597504194
analysis-1cc1441dec4744a18d7ac73763507a6c,CFG_LB_AL2395_A0_WFS_MONO_EPD5,CAR_LB_AL2395_A0_WFS_EPD5,LB_AL2395,A0,WFS,MONO,5.0,-1.5,-1.5,0.07987071587792571,0.1659902623075253,0.06008785113841291,0.00725658900113314,0.0058500729735795395,0.014727058447494537,0.003901995289882752
analysis-1cc1441dec4744a18d7ac73763507a6c,CFG_LB_AL2395_A0_WFS_MONO_EPD5,CAR_LB_AL2395_A0_WFS_EPD5,LB_AL2395,A0,WFS,MONO,5.0,-1.75,-1.75,0.06568157895629192,0.0018207515828227985,0.0280185678878769,0.03364847422393692,0.0022463538272653135,0.001389732143754766,0.006301925303222236
analysis-1cc1441dec4744a18d7ac73763507a6c,CFG_LB_AL2395_A0_WFS_MONO_EPD5,CAR_LB_AL2395_A0_WFS_EPD5,LB_AL2395,A0,WFS,MONO,5.0,-2.0,-2.0,0.05551251230458101,0.10666930707303283,0.00033248259167671657,0.015537324410851878,0.002022900907614599,0.0053494342413507225,0.0008408110931635383
analysis-1cc1441dec4744a18d7ac73763507a6c,CFG_LB_AL2395_A0_WFS_MONO_EPD5,CAR_LB_AL2395_A0_WFS_EPD5,LB_AL2395,A0,WFS,MONO,5.0,-2.25,-2.25,0.046600254570750545,0.05061835337039004,0.020111703891275794,0.0051181709346618375,0.00389537461521125,0.0024612141190748413,0.0015065889109039656
analysis-1cc1441dec4744a18d7ac73763507a6c,CFG_LB_AL2395_A0_WFS_MONO_EPD5,CAR_LB_AL2395_A0_WFS_EPD5,LB_AL2395,A0,WFS,MONO,5.0,-2.5,-2.5,0.03766821062602521,0.040322840239468076,0.024055182221071256,0.01023399922543023,0.004788215986006584,0.002692589855597731,0.002129517506474357
analysis-1cc1441dec4744a18d7ac73763507a6c,CFG_LB_AL2395_A0_WFS_MONO_EPD5,CAR_LB_AL2395_A0_WFS_EPD5,LB_AL2395,A0,WFS,MONO,5.0,-2.75,-2.75,0.03414465785413881,0.0552868831591902,0.017759900019647154,0.008169858243814696,0.0047428620962180375,0.001485984695908697,0.0004610080378421768
analysis-1cc1441dec4744a18d7ac73763507a6c,CFG_LB_AL2395_A0_WFS_MONO_EPD5,CAR_LB_AL2395_A0_WFS_EPD5,LB_AL2395,A0,WFS,MONO,5.0,-3.0,-3.0,0.029508239598281163,0.009973360762971211,0.0036805547580964857,0.0033040950872077336,0.0027957123489958866,0.0017940690481300075,0.0010715998572657416
analysis-1cc1441dec4744a18d7ac73763507a6c,CFG_LB_AL2395_A0_WFS_EDOF_EPD3,CAR_LB_AL2395_A0_WFS_EPD3,LB_AL2395,A0,WFS,EDOF,3.0,0.5,0.5,0.18673242427689019,0.28977651770479806,0.19976602401853538,0.08596435944703629,0.03098013771174077,0.006338680366186903,0.051153816744431896
analysis-1cc1441dec4744a18d7ac73763507a6c,CFG_LB_AL2395_A0_WFS_EDOF_EPD3,CAR_LB_AL2395_A0_WFS_EPD3,LB_AL2395,A0,WFS,EDOF,3.0,0.25,0.25,0.30660395779836375,0.5158515458409391,0.2962001519560983,0.24856092417572406,0.16583565275912124,0.10802940062164818,0.022425736852777545
analysis-1cc1441dec4744a18d7ac73763507a6c,CFG_LB_AL2395_A0_WFS_EDOF_EPD3,CAR_LB_AL2395_A0_WFS_EPD3,LB_AL2395,A0,WFS,EDOF,3.0,0.0,0.0,0.41990857465983306,0.681336053329809,0.42615826713380295,0.3165219038537139,0.2532888607243273,0.24729657933768676,0.20428145222798272
analysis-1cc1441dec4744a18d7ac73763507a6c,CFG_LB_AL2395_A0_WFS_EDOF_EPD3,CAR_LB_AL2395_A0_WFS_EPD3,LB_AL2395,A0,WFS,EDOF,3.0,-0.25,-0.25,0.24910607450875666,0.6368170725428721,0.23069766285872817,0.018986500969510045,0.0463138653924315,0.029007558400839444,0.11986193406908933
analysis-1cc1441dec4744a18d7ac73763507a6c,CFG_LB_AL2395_A0_WFS_EDOF_EPD3,CAR_LB_AL2395_A0_WFS_EPD3,LB_AL2395,A0,WFS,EDOF,3.0,-0.5,-0.5,0.1768549854783036,0.3698329693943619,0.05848768890203025,0.03600631268222951,0.05993147365609326,0.06495479077139722,0.055986344639930075
analysis-1cc1441dec4744a18d7ac73763507a6c,CFG_LB_AL2395_A0_WFS_EDOF_EPD3,CAR_LB_AL2395_A0_WFS_EPD3,LB_AL2395,A0,WFS,EDOF,3.0,-0.75,-0.75,0.13309072158041052,0.035043956225084986,0.019269939869516528,0.08778304647174791,0.016571859883894015,0.015001976919789758,0.005832549093761354
analysis-1cc1441dec4744a18d7ac73763507a6c,CFG_LB_AL2395_A0_WFS_EDOF_EPD3,CAR_LB_AL2395_A0_WFS_EPD3,LB_AL2395,A0,WFS,EDOF,3.0,-1.0,-1.0,0.10260621730886905,0.1636301539098583,0.14094526154549034,0.01516833702965747,0.0028795490000423926,0.008075466121036734,0.013161265424012115
analysis-1cc1441dec4744a18d7ac73763507a6c,CFG_LB_AL2395_A0_WFS_EDOF_EPD3,CAR_LB_AL2395_A0_WFS_EPD3,LB_AL2395,A0,WFS,EDOF,3.0,-1.25,-1.25,0.08602922970350016,0.13819914173823683,0.000599650245888533,0.022063476467695384,6.043415189166443e-05,0.0026423748111679326,0.008901781006262386
analysis-1cc1441dec4744a18d7ac73763507a6c,CFG_LB_AL2395_A0_WFS_EDOF_EPD3,CAR_LB_AL2395_A0_WFS_EPD3,LB_AL2395,A0,WFS,EDOF,3.0,-1.5,-1.5,0.07385125717361452,0.02206663799883911,0.05201449292304734,0.0034718402487224726,0.0019249223438746856,0.0025877406815239946,0.004621934521363388
analysis-1cc1441dec4744a18d7ac73763507a6c,CFG_LB_AL2395_A0_WFS_EDOF_EPD3,CAR_LB_AL2395_A0_WFS_EPD3,LB_AL2395,A0,WFS,EDOF,3.0,-1.75,-1.75,0.06661477910833116,0.1461671741817197,0.03603529638329902,0.01390517137244569,0.006205434846175107,0.0037567307890163425,0.0038128967212560988
analysis-1cc1441dec4744a18d7ac73763507a6c,CFG_LB_AL2395_A0_WFS_EDOF_EPD3,CAR_LB_AL2395_A0_WFS_EPD3,LB_AL2395,A0,WFS,EDOF,3.0,-2.0,-2.0,0.057166435493240166,0.13568321683128226,0.0008944205435768875,0.0027112282198710124,0.002234403012487534,0.002171838334881572,0.0016706356138060916
analysis-1cc1441dec4744a18d7ac73763507a6c,CFG_LB_AL2395_A0_WFS_EDOF_EPD3,CAR_LB_AL2395_A0_WFS_EPD3,LB_AL2395,A0,WFS,EDOF,3.0,-2.25,-2.25,0.05116583664951798,0.03057862578676294,0.029151367436531503,0.0028907564672154143,0.003884398014258137,0.0009133554208973584,0.000935182339327934
analysis-1cc1441dec4744a18d7ac73763507a6c,CFG_LB_AL2395_A0_WFS_EDOF_EPD3,CAR_LB_AL2395_A0_WFS_EPD3,LB_AL2395,A0,WFS,EDOF,3.0,-2.5,-2.5,0.04528458702037615,0.060458202600295066,0.016273557692536793,0.004714613154658301,0.0011676002201812439,0.001181766162389829,0.0013962035788885473
analysis-1cc1441dec4744a18d7ac73763507a6c,CFG_LB_AL2395_A0_WFS_EDOF_EPD3,CAR_LB_AL2395_A0_WFS_EPD3,LB_AL2395,A0,WFS,EDOF,3.0,-2.75,-2.75,0.040697029779801656,0.07438688785802755,0.0027539599838101066,0.00646373165816824,0.0015358061703726808,0.0010811406871187265,0.0024708308833705918
analysis-1cc1441dec4744a18d7ac73763507a6c,CFG_LB_AL2395_A0_WFS_EDOF_EPD3,CAR_LB_AL2395_A0_WFS_EPD3,LB_AL2395,A0,WFS,EDOF,3.0,-3.0,-3.0,0.036639597826536176,0.03434442574076895,0.009220879801212915,0.005723845781621176,0.00101798312964499,0.0013683510559601617,0.0021449850273222515
analysis-1cc1441dec4744a18d7ac73763507a6c,CFG_LB_AL2395_A0_WFS_EDOF_EPD5,CAR_LB_AL2395_A0_WFS_EPD5,LB_AL2395,A0,WFS,EDOF,5.0,0.5,0.75,0.08884315535430148,0.05089906902721628,0.09385672245959314,0.04442021082147314,0.026402070072689167,0.012740010656349037,0.00788140486871041
analysis-1cc1441dec4744a18d7ac73763507a6c,CFG_LB_AL2395_A0_WFS_EDOF_EPD5,CAR_LB_AL2395_A0_WFS_EPD5,LB_AL2395,A0,WFS,EDOF,5.0,0.25,0.5,0.11565886634889885,0.16008382882354572,0.07398722205782571,0.07128986496833448,0.031048041585558364,0.022344043952484585,0.0025251435573569476
analysis-1cc1441dec4744a18d7ac73763507a6c,CFG_LB_AL2395_A0_WFS_EDOF_EPD5,CAR_LB_AL2395_A0_WFS_EPD5,LB_AL2395,A0,WFS,EDOF,5.0,0.0,0.25,0.20454477130032306,0.3018927739413261,0.1475943302604882,0.08531253090056627,0.10643874900273363,0.10946060465575544,0.09184404535831146
analysis-1cc1441dec4744a18d7ac73763507a6c,CFG_LB_AL2395_A0_WFS_EDOF_EPD5,CAR_LB_AL2395_A0_WFS_EPD5,LB_AL2395,A0,WFS,EDOF,5.0,-0.25,0.0,0.2584700189642111,0.47428607514754495,0.287967473899823,0.16671587349304748,0.06690694416273885,0.04618145846841029,0.07192415324014975
analysis-1cc1441dec4744a18d7ac73763507a6c,CFG_LB_AL2395_A0_WFS_EDOF_EPD5,CAR_LB_AL2395_A0_WFS_EPD5,LB_AL2395,A0,WFS,EDOF,5.0,-0.5,-0.25,0.2189155316095752,0.5219832192778284,0.09765028165816102,0.039613019319686145,0.07230193247885627,0.0626409021886186,0.06164293979036001
analysis-1cc1441dec4744a18d7ac73763507a6c,CFG_LB_AL2395_A0_WFS_EDOF_EPD5,CAR_LB_AL2395_A0_WFS_EPD5,LB_AL2395,A0,WFS,EDOF,5.0,-0.75,-0.5,0.1604915884867855,0.1837565594898788,0.02559865874358755,0.14236106910933505,0.002081057909018931,0.04820443528542986,0.04089241583937736
analysis-1cc1441dec4744a18d7ac73763507a6c,CFG_LB_AL2395_A0_WFS_EDOF_EPD5,CAR_LB_AL2395_A0_WFS_EPD5,LB_AL2395,A0,WFS,EDOF,5.0,-1.0,-0.75,0.12299357345428837,0.19176751321287117,0.1443257710474273,0.005946565653821531,0.00010986681391347895,0.020924297508697953,0.005497186181151966
analysis-1cc1441dec4744a18d7ac73763507a6c,CFG_LB_AL2395_A0_WFS_EDOF_EPD5,CAR_LB_AL2395_A0_WFS_EPD5,LB_AL2395,A0,WFS,EDOF,5.0,-1.25,-1.0,0.09843312699539415,0.06745206280070615,0.07456098550608001,0.053067702529259554,0.024000613693615214,0.020246539313550596,0.013266196376338225
analysis-1cc1441dec4744a18d7ac73763507a6c,CFG_LB_AL2395_A0_WFS_EDOF_EPD5,CAR_LB_AL2395_A0_WFS_EPD5,LB_AL2395,A0,WFS,EDOF,5.0,-1.5,-1.25,0.07594216895682347,0.1664109212564399,0.03852577638228739,0.014620411776608184,0.025669437904151382,0.019097402716121772,0.0034244353377040704
analysis-1cc1441dec4744a18d7ac73763507a6c,CFG_LB_AL2395_A0_WFS_EDOF_EPD5,CAR_LB_AL2395_A0_WFS_EPD5,LB_AL2395,A0,WFS,EDOF,5.0,-1.75,-1.5,0.06320167509112755,0.02271031104145097,0.011129798637083632,0.02538729964350163,0.011481241230466198,0.007643717328407878,0.005435584407645546
analysis-1cc1441dec4744a18d7ac73763507a6c,CFG_LB_AL2395_A0_WFS_EDOF_EPD5,CAR_LB_AL2395_A0_WFS_EPD5,LB_AL2395,A0,WFS,EDOF,5.0,-2.0,-1.75,0.05593806114922631,0.06963622738396222,0.006768815245499469,0.019660899611583897,0.00031164055789570144,0.004859016840411463,0.0034847942065314155
analysis-1cc1441dec4744a18d7ac73763507a6c,CFG_LB_AL2395_A0_WFS_EDOF_EPD5,CAR_LB_AL2395_A0_WFS_EPD5,LB_AL2395,A0,WFS,EDOF,5.0,-2.25,-2.0,0.04720811762752266,0.07549397160992284,0.018206890698116332,0.005320144669036372,0.003232953889770254,0.007007219251952091,0.00027819154302286225
analysis-1cc1441dec4744a18d7ac73763507a6c,CFG_LB_AL2395_A0_WFS_EDOF_EPD5,CAR_LB_AL2395_A0_WFS_EPD5,LB_AL2395,A0,WFS,EDOF,5.0,-2.5,-2.25,0.037334171524165384,0.034161526921681604,0.02424459463918132,0.00798927938007462,0.0028603838420825324,0.00034768521249324775,0.0021120473877307058
analysis-1cc1441dec4744a18d7ac73763507a6c,CFG_LB_AL2395_A0_WFS_EDOF_EPD5,CAR_LB_AL2395_A0_WFS_EPD5,LB_AL2395,A0,WFS,EDOF,5.0,-2.75,-2.5,0.034387085784032746,0.08029600269340309,0.018091746508289416,0.011291852601347194,0.0025315702163126817,0.0031894771192539904,0.0016049589955054494
analysis-1cc1441dec4744a18d7ac73763507a6c,CFG_LB_AL2395_A0_WFS_EDOF_EPD5,CAR_LB_AL2395_A0_WFS_EPD5,LB_AL2395,A0,WFS,EDOF,5.0,-3.0,-2.75,0.029789517934282948,0.012856034658681343,0.003767948201091287,0.001986038336833104,0.0016780863814492711,0.00034072330173443943,0.00012368464190504536
analysis-1cc1441dec4744a18d7ac73763507a6c,CFG_LB_AL2395_B0_HOA_MONO_EPD3,CAR_LB_AL2395_B0_HOA_EPD3,LB_AL2395,B0,HOA,MONO,3.0,0.5,0.5,0.18373454937083059,0.35697752831960516,0.14945982676833008,0.08327938097207047,0.033940130716016606,0.003710212645936114,0.008159766948193398
analysis-1cc1441dec4744a18d7ac73763507a6c,CFG_LB_AL2395_B0_HOA_MONO_EPD3,CAR_LB_AL2395_B0_HOA_EPD3,LB_AL2395,B0,HOA,MONO,3.0,0.25,0.25,0.3495121316426147,0.6129643240932744,0.3925238702491805,0.2833165793801217,0.1956293850816174,0.10806894355096591,0.037378630614498184
analysis-1cc1441dec4744a18d7ac73763507a6c,CFG_LB_AL2395_B0_HOA_MONO_EPD3,CAR_LB_AL2395_B0_HOA_EPD3,LB_AL2395,B0,HOA,MONO,3.0,0.0,0.0,0.5128987069907386,0.7727191877612516,0.5825640595800395,0.448119079722456,0.3621293608027285,0.30417597012378345,0.2266468428197117
analysis-1cc1441dec4744a18d7ac73763507a6c,CFG_LB_AL2395_B0_HOA_MONO_EPD3,CAR_LB_AL2395_B0_HOA_EPD3,LB_AL2395,B0,HOA,MONO,3.0,-0.25,-0.25,0.2747121525802505,0.7015467209715192,0.2913641668493176,0.059310771869099485,0.015713269046132,0.045449160351167306,0.10254388880537031
analysis-1cc1441dec4744a18d7ac73763507a6c,CFG_LB_AL2395_B0_HOA_MONO_EPD3,CAR_LB_AL2395_B0_HOA_EPD3,LB_AL2395,B0,HOA,MONO,3.0,-0.5,-0.5,0.1739757291592306,0.40182685411208097,0.109978303321899,0.04340870722395724,0.027094368125303376,0.017887308196075383,0.00473785753937904
analysis-1cc1441dec4744a18d7ac73763507a6c,CFG_LB_AL2395_B0_HOA_MONO_EPD3,CAR_LB_AL2395_B0_HOA_EPD3,LB_AL2395,B0,HOA,MONO,3.0,-0.75,-0.75,0.14395974592064914,0.03633290353989525,0.05501678263293586,0.08602826211266179,0.024501499774216343,0.017495073974243186,0.023747619524976338
analysis-1cc1441dec4744a18d7ac73763507a6c,CFG_LB_AL2395_B0_HOA_MONO_EPD3,CAR_LB_AL2395_B0_HOA_EPD3,LB_AL2395,B0,HOA,MONO,3.0,-1.0,-1.0,0.11002708500759074,0.18677554124098242,0.10791705482782964,0.03362742277949621,0.011592244483515899,0.004606915601013911,0.0058123498425386826
analysis-1cc1441dec4744a18d7ac73763507a6c,CFG_LB_AL2395_B0_HOA_MONO_EPD3,CAR_LB_AL2395_B0_HOA_EPD3,LB_AL2395,B0,HOA,MONO,3.0,-1.25,-1.25,0.09226345575615635,0.1764468187944267,0.0022100366297338934,0.013846012373770401,0.01509913327353403,0.008082577618051576,0.006542083900040247
analysis-1cc1441dec4744a18d7ac73763507a6c,CFG_LB_AL2395_B0_HOA_MONO_EPD3,CAR_LB_AL2395_B0_HOA_EPD3,LB_AL2395,B0,HOA,MONO,3.0,-1.5,-1.5,0.076480417978738,0.022150319842125545,0.04938935700038797,0.005973973134638512,0.008938210733446418,0.003873657140599539,0.0010605831682213946
analysis-1cc1441dec4744a18d7ac73763507a6c,CFG_LB_AL2395_B0_HOA_MONO_EPD3,CAR_LB_AL2395_B0_HOA_EPD3,LB_AL2395,B0,HOA,MONO,3.0,-1.75,-1.75,0.06641117940467216,0.10115273491613931,0.03399840234972815,0.009534285793899517,0.008376843676738207,0.006106418388873301,0.0005354240384432965
analysis-1cc1441dec4744a18d7ac73763507a6c,CFG_LB_AL2395_B0_HOA_MONO_EPD3,CAR_LB_AL2395_B0_HOA_EPD3,LB_AL2395,B0,HOA,MONO,3.0,-2.0,-2.0,0.058046750498035454,0.09351642161279741,0.007687015537817714,0.012988179921347152,0.0070004069286018974,0.0034778635736512856,0.001707908908124768
analysis-1cc1441dec4744a18d7ac73763507a6c,CFG_LB_AL2395_B0_HOA_MONO_EPD3,CAR_LB_AL2395_B0_HOA_EPD3,LB_AL2395,B0,HOA,MONO,3.0,-2.25,-2.25,0.050746447975987215,0.001016632850448227,0.023727690555471557,0.0094802288817822,0.006719637164187676,0.00330758000471775,0.002200962489617261
analysis-1cc1441dec4744a18d7ac73763507a6c,CFG_LB_AL2395_B0_HOA_MONO_EPD3,CAR_LB_AL2395_B0_HOA_EPD3,LB_AL2395,B0,HOA,MONO,3.0,-2.5,-2.5,0.04473490460714726,0.06117369410946698,0.01705821781106731,0.010027316825753248,0.004422688383383084,0.0030116450044538924,0.002013366463122102
analysis-1cc1441dec4744a18d7ac73763507a6c,CFG_LB_AL2395_B0_HOA_MONO_EPD3,CAR_LB_AL2395_B0_HOA_EPD3,LB_AL2395,B0,HOA,MONO,3.0,-2.75,-2.75,0.041062951051973454,0.03842736160927798,0.0012789025619823373,0.007213644341129701,0.004026961963787255,0.0021923489313962277,0.0025192910726673347
analysis-1cc1441dec4744a18d7ac73763507a6c,CFG_LB_AL2395_B0_HOA_MONO_EPD3,CAR_LB_AL2395_B0_HOA_EPD3,LB_AL2395,B0,HOA,MONO,3.0,-3.0,-3.0,0.037253507718088774,0.02079477997728931,0.0122968706611136,0.0049789353677105715,0.0036073622921033548,0.002032337770873216,0.0012633333221577123
analysis-1cc1441dec4744a18d7ac73763507a6c,CFG_LB_AL2395_B0_HOA_MONO_EPD5,CAR_LB_AL2395_B0_HOA_EPD5,LB_AL2395,B0,HOA,MONO,5.0,0.5,0.5,0.08050788034943372,0.12381712460127409,0.07062738007322535,0.041272558746914774,0.019529543115477204,0.007182645738825593,0.00031595474655409086
analysis-1cc1441dec4744a18d7ac73763507a6c,CFG_LB_AL2395_B0_HOA_MONO_EPD5,CAR_LB_AL2395_B0_HOA_EPD5,LB_AL2395,B0,HOA,MONO,5.0,0.25,0.25,0.13411993328576755,0.18319818399318702,0.13320330305320166,0.10055859561983779,0.07254742815810204,0.044003321683352366,0.01860476180798742
analysis-1cc1441dec4744a18d7ac73763507a6c,CFG_LB_AL2395_B0_HOA_MONO_EPD5,CAR_LB_AL2395_B0_HOA_EPD5,LB_AL2395,B0,HOA,MONO,5.0,0.0,0.0,0.1857865778423984,0.25809766252340194,0.18050744031042026,0.13592146764774762,0.11620254593561868,0.10097888789913666,0.07425574016695445
analysis-1cc1441dec4744a18d7ac73763507a6c,CFG_LB_AL2395_B0_HOA_MONO_EPD5,CAR_LB_AL2395_B0_HOA_EPD5,LB_AL2395,B0,HOA,MONO,5.0,-0.25,-0.25,0.1490277148744796,0.2919465465874862,0.14757065215280926,0.05678744010893337,0.031695247128222734,0.03318790955431985,0.05425023632589632
analysis-1cc1441dec4744a18d7ac73763507a6c,CFG_LB_AL2395_B0_HOA_MONO_EPD5,CAR_LB_AL2395_B0_HOA_EPD5,LB_AL2395,B0,HOA,MONO,5.0,-0.5,-0.5,0.12085906292632292,0.25403491924992977,0.02843449643720021,0.006559020000826557,0.03269895880319214,0.033459250806715746,0.01759180940383684
analysis-1cc1441dec4744a18d7ac73763507a6c,CFG_LB_AL2395_B0_HOA_MONO_EPD5,CAR_LB_AL2395_B0_HOA_EPD5,LB_AL2395,B0,HOA,MONO,5.0,-0.75,-0.75,0.122490012537265,0.17718511807190362,0.015418402707566402,0.09043653887780788,0.05262780849178501,0.01826771068096643,0.019562449572330835
analysis-1cc1441dec4744a18d7ac73763507a6c,CFG_LB_AL2395_B0_HOA_MONO_EPD5,CAR_LB_AL2395_B0_HOA_EPD5,LB_AL2395,B0,HOA,MONO,5.0,-1.0,-1.0,0.11247547863146518,0.06834242466853603,0.09428657568959578,0.011790471743598731,0.02513203647849401,0.04758265803046514,0.04230139696018578
analysis-1cc1441dec4744a18d7ac73763507a6c,CFG_LB_AL2395_B0_HOA_MONO_EPD5,CAR_LB_AL2395_B0_HOA_EPD5,LB_AL2395,B0,HOA,MONO,5.0,-1.25,-1.25,0.09882393039300433,0.01647681893897271,0.07106684528920289,0.04172818685193477,0.01462275240020952,0.010447965182543636,0.02750183836478489
analysis-1cc1441dec4744a18d7ac73763507a6c,CFG_LB_AL2395_B0_HOA_MONO_EPD5,CAR_LB_AL2395_B0_HOA_EPD5,LB_AL2395,B0,HOA,MONO,5.0,-1.5,-1.5,0.09544171731199698,0.04367111690053663,0.0008896591994839729,0.020459477142887702,0.049929793569105464,0.002444516466247498,0.017366403731546468
analysis-1cc1441dec4744a18d7ac73763507a6c,CFG_LB_AL2395_B0_HOA_MONO_EPD5,CAR_LB_AL2395_B0_HOA_EPD5,LB_AL2395,B0,HOA,MONO,5.0,-1.75,-1.75,0.09803112031267695,0.17159240774571613,0.09135809461927147,0.055958150953351306,0.01512831638951311,0.0191494101535748,0.01444245161604748
analysis-1cc1441dec4744a18d7ac73763507a6c,CFG_LB_AL2395_B0_HOA_MONO_EPD5,CAR_LB_AL2395_B0_HOA_EPD5,LB_AL2395,B0,HOA,MONO,5.0,-2.0,-2.0,0.07173794689890459,0.15229263764524553,0.031538323699026524,0.0005443259165746765,0.0013267990452832,0.020776526923168174,0.007913218515560032
analysis-1cc1441dec4744a18d7ac73763507a6c,CFG_LB_AL2395_B0_HOA_MONO_EPD5,CAR_LB_AL2395_B0_HOA_EPD5,LB_AL2395,B0,HOA,MONO,5.0,-2.25,-2.25,0.059767012254083346,0.014762209199441082,0.011008618356385662,0.038571788866912496,0.014109463353229951,0.018473627508284816,0.013186609712188631
analysis-1cc1441dec4744a18d7ac73763507a6c,CFG_LB_AL2395_B0_HOA_MONO_EPD5,CAR_LB_AL2395_B0_HOA_EPD5,LB_AL2395,B0,HOA,MONO,5.0,-2.5,-2.5,0.05338773079846518,0.057658321097569264,0.03813179060734853,0.013287658088251088,0.02044414783670809,0.014911887156589426,0.014119502239990457
analysis-1cc1441dec4744a18d7ac73763507a6c,CFG_LB_AL2395_B0_HOA_MONO_EPD5,CAR_LB_AL2395_B0_HOA_EPD5,LB_AL2395,B0,HOA,MONO,5.0,-2.75,-2.75,0.05026660337429422,0.02467163722693247,0.031405619066810886,0.0043545963819537166,0.010806509920056476,0.0063551322933649975,0.0006695777264370708
analysis-1cc1441dec4744a18d7ac73763507a6c,CFG_LB_AL2395_B0_HOA_MONO_EPD5,CAR_LB_AL2395_B0_HOA_EPD5,LB_AL2395,B0,HOA,MONO,5.0,-3.0,-3.0,0.04681799668966434,0.04923370323422514,0.03187947347863985,0.022161871759440434,0.00016387537150875286,0.0053316113207445785,0.007204647296000056
analysis-1cc1441dec4744a18d7ac73763507a6c,CFG_LB_AL2395_B0_HOA_EDOF_EPD3,CAR_LB_AL2395_B0_HOA_EPD3,LB_AL2395,B0,HOA,EDOF,3.0,0.5,0.75,0.0803929938055666,0.03589717307695056,0.030136137809020948,0.03090545372256806,0.028560446970507854,0.02186725779482717,0.013533634114442524
analysis-1cc1441dec4744a18d7ac73763507a6c,CFG_LB_AL2395_B0_HOA_EDOF_EPD3,CAR_LB_AL2395_B0_HOA_EPD3,LB_AL2395,B0,HOA,EDOF,3.0,0.25,0.5,0.06450262270577398,0.04667886355910046,0.0214330889898793,0.0004448344315303587,0.014244419285034955,0.005497674361671215,0.023438254836062187
analysis-1cc1441dec4744a18d7ac73763507a6c,CFG_LB_AL2395_B0_HOA_EDOF_EPD3,CAR_LB_AL2395_B0_HOA_EPD3,LB_AL2395,B0,HOA,EDOF,3.0,0.0,0.25,0.08306081526042916,0.09840693053919616,0.050337161116131623,0.022531953306044974,0.023076998979986208,0.02379740991425566,0.01888683822246477
analysis-1cc1441dec4744a18d7ac73763507a6c,CFG_LB_AL2395_B0_HOA_EDOF_EPD3,CAR_LB_AL2395_B0_HOA_EPD3,LB_AL2395,B0,HOA,EDOF,3.0,-0.25,0.0,0.1426643641239145,0.16414028009842868,0.13505533504399914,0.11329175534702814,0.06558787716498327,0.06278017207279407,0.08767475227977305
analysis-1cc1441dec4744a18d7ac73763507a6c,CFG_LB_AL2395_B0_HOA_EDOF_EPD3,CAR_LB_AL2395_B0_HOA_EPD3,LB_AL2395,B0,HOA,EDOF,3.0,-0.5,-0.25,0.11619997979351952,0.19249375211355155,0.08038627850956132,0.047460970394328963,0.05966293176034415,0.015108720023829795,0.03146964593140078
analysis-1cc1441dec4744a18d7ac73763507a6c,CFG_LB_AL2395_B0_HOA_EDOF_EPD3,CAR_LB_AL2395_B0_HOA_EPD3,LB_AL2395,B0,HOA,EDOF,3.0,-0.75,-0.5,0.09271342566285097,0.15469140722768954,0.00236759309818023,0.016988925928032396,0.051992103713723786,0.00080933517210487,0.007244886132715577
analysis-1cc1441dec4744a18d7ac73763507a6c,CFG_LB_AL2395_B0_HOA_EDOF_EPD3,CAR_LB_AL2395_B0_HOA_EPD3,LB_AL2395,B0,HOA,EDOF,3.0,-1.0,-0.75,0.10350510732804113,0.07486102630992464,0.05816625857792816,0.06426011913373737,0.058844085226552045,0.04345966236651763,0.052654734849180734
analysis-1cc1441dec4744a18d7ac73763507a6c,CFG_LB_AL2395_B0_HOA_EDOF_EPD3,CAR_LB_AL2395_B0_HOA_EPD3,LB_AL2395,B0,HOA,EDOF,3.0,-1.25,-1.0,0.0719454958788655,0.011187566931453783,0.09202307791426788,0.01679181424010128,0.021821421354694795,0.028151440142364353,0.017965018373910693
analysis-1cc1441dec4744a18d7ac73763507a6c,CFG_LB_AL2395_B0_HOA_EDOF_EPD3,CAR_LB_AL2395_B0_HOA_EPD3,LB_AL2395,B0,HOA,EDOF,3.0,-1.5,-1.25,0.053433401402138286,0.0034079986139444246,0.010426073500630073,0.016592005672554276,0.008339787124676885,0.01023402765305314,0.0002766796288209948
analysis-1cc1441dec4744a18d7ac73763507a6c,CFG_LB_AL2395_B0_HOA_EDOF_EPD3,CAR_LB_AL2395_B0_HOA_EPD3,LB_AL2395,B0,HOA,EDOF,3.0,-1.75,-1.5,0.04705215434477773,0.03755572504067922,0.0044848381074930055,0.01313958933638042,0.002561650990050155,0.005496238421515351,0.017369923833487715
analysis-1cc1441dec4744a18d7ac73763507a6c,CFG_LB_AL2395_B0_HOA_EDOF_EPD3,CAR_LB_AL2395_B0_HOA_EPD3,LB_AL2395,B0,HOA,EDOF,3.0,-2.0,-1.75,0.042209328791704595,0.06355633044600553,0.03101033947451899,0.011086263645154776,0.0025824667305058228,0.014339641345853204,0.00408738307310634
analysis-1cc1441dec4744a18d7ac73763507a6c,CFG_LB_AL2395_B0_HOA_EDOF_EPD3,CAR_LB_AL2395_B0_HOA_EPD3,LB_AL2395,B0,HOA,EDOF,3.0,-2.25,-2.0,0.045960934799417506,0.04801803656028438,0.00928783100190579,0.030959416429854322,0.00199450627384376,0.0005195974934427185,0.017446730139875563
analysis-1cc1441dec4744a18d7ac73763507a6c,CFG_LB_AL2395_B0_HOA_EDOF_EPD3,CAR_LB_AL2395_B0_HOA_EPD3,LB_AL2395,B0,HOA,EDOF,3.0,-2.5,-2.25,0.044130313709694176,0.007586467057940707,0.02921453118558366,0.011267516774129589,0.004584663040861347,0.04161674465797774,0.00514936168165942
analysis-1cc1441dec4744a18d7ac73763507a6c,CFG_LB_AL2395_B0_HOA_EDOF_EPD3,CAR_LB_AL2395_B0_HOA_EPD3,LB_AL2395,B0,HOA,EDOF,3.0,-2.75,-2.5,0.03967846850803922,0.011999186813584436,0.04368705185064892,0.015490272782368239,0.01861996623346978,0.006791216600605639,0.008722652502784393
analysis-1cc1441dec4744a18d7ac73763507a6c,CFG_LB_AL2395_B0_HOA_EDOF_EPD3,CAR_LB_AL2395_B0_HOA_EPD3,LB_AL2395,B0,HOA,EDOF,3.0,-3.0,-2.75,0.034113964897535015,0.011947933951703465,0.022009687252809905,0.0008407101598726276,0.0008750841613553734,0.009638253226141025,0.0027215695546102163
analysis-1cc1441dec4744a18d7ac73763507a6c,CFG_LB_AL2395_B0_HOA_EDOF_EPD5,CAR_LB_AL2395_B0_HOA_EPD5,LB_AL2395,B0,HOA,EDOF,5.0,0.5,1.0,0.039127666087027606,0.005074702889475703,0.0067087398555983335,0.0037682405621621614,0.0007479393745659763,0.007532832489107288,0.00656574670353865
analysis-1cc1441dec4744a18d7ac73763507a6c,CFG_LB_AL2395_B0_HOA_EDOF_EPD5,CAR_LB_AL2395_B0_HOA_EPD5,LB_AL2395,B0,HOA,EDOF,5.0,0.25,0.75,0.03810852481775846,0.027632066255899295,0.007553556609720909,0.0013289337001884689,0.010604453218814695,0.0012081486457050502,0.003377640418088655
analysis-1cc1441dec4744a18d7ac73763507a6c,CFG_LB_AL2395_B0_HOA_EDOF_EPD5,CAR_LB_AL2395_B0_HOA_EPD5,LB_AL2395,B0,HOA,EDOF,5.0,0.0,0.5,0.04642706701702672,0.016688530816454168,0.022941293867705916,0.00476981285384244,0.01559189666541112,0.0023128584391149346,0.011132530795554083
analysis-1cc1441dec4744a18d7ac73763507a6c,CFG_LB_AL2395_B0_HOA_EDOF_EPD5,CAR_LB_AL2395_B0_HOA_EPD5,LB_AL2395,B0,HOA,EDOF,5.0,-0.25,0.25,0.08200342609007145,0.10189409353481055,0.032556232362201176,0.04804620813895292,0.019934010612078168,0.01947279941406662,0.04118011585840142
analysis-1cc1441dec4744a18d7ac73763507a6c,CFG_LB_AL2395_B0_HOA_EDOF_EPD5,CAR_LB_AL2395_B0_HOA_EPD5,LB_AL2395,B0,HOA,EDOF,5.0,-0.5,0.0,0.12427560257743323,0.17683898873761417,0.10751863443658985,0.04550367877546316,0.059579560017876704,0.03928797236950108,0.0396055893968049
analysis-1cc1441dec4744a18d7ac73763507a6c,CFG_LB_AL2395_B0_HOA_EDOF_EPD5,CAR_LB_AL2395_B0_HOA_EPD5,LB_AL2395,B0,HOA,EDOF,5.0,-0.75,-0.25,0.1404026801628544,0.21310824928896088,0.08912341434455048,0.10124764737810169,0.07693372571496418,0.037807347919098955,0.03844354167125917
analysis-1cc1441dec4744a18d7ac73763507a6c,CFG_LB_AL2395_B0_HOA_EDOF_EPD5,CAR_LB_AL2395_B0_HOA_EPD5,LB_AL2395,B0,HOA,EDOF,5.0,-1.0,-0.5,0.09304426395696709,0.15865646328090832,0.02134071539523677,0.004648640865573541,0.0069528636543737,0.009091135914594525,0.00933060684844383
analysis-1cc1441dec4744a18d7ac73763507a6c,CFG_LB_AL2395_B0_HOA_EDOF_EPD5,CAR_LB_AL2395_B0_HOA_EPD5,LB_AL2395,B0,HOA,EDOF,5.0,-1.25,-0.75,0.13319487578335615,0.055138214469653016,0.11720343775270134,0.06234304692985192,0.08439628047824803,0.06924109822464909,0.04783660503608497
analysis-1cc1441dec4744a18d7ac73763507a6c,CFG_LB_AL2395_B0_HOA_EDOF_EPD5,CAR_LB_AL2395_B0_HOA_EPD5,LB_AL2395,B0,HOA,EDOF,5.0,-1.5,-1.0,0.10451184531212952,0.061051553886024824,0.05213472858646068,0.039367686722225965,0.024806092285086456,0.04591989985934958,0.018214140418892334
analysis-1cc1441dec4744a18d7ac73763507a6c,CFG_LB_AL2395_B0_HOA_EDOF_EPD5,CAR_LB_AL2395_B0_HOA_EPD5,LB_AL2395,B0,HOA,EDOF,5.0,-1.75,-1.25,0.09478264270358168,0.15306709969196972,0.04112248177854938,0.019292702433097247,0.012298942160910395,0.01130772135404276,0.030495258583884202
analysis-1cc1441dec4744a18d7ac73763507a6c,CFG_LB_AL2395_B0_HOA_EDOF_EPD5,CAR_LB_AL2395_B0_HOA_EPD5,LB_AL2395,B0,HOA,EDOF,5.0,-2.0,-1.5,0.07068332780037717,0.13952916734704313,0.059468045593223356,0.050695158871343016,0.0044709229336396695,0.010671282118009929,0.02107683559829801
analysis-1cc1441dec4744a18d7ac73763507a6c,CFG_LB_AL2395_B0_HOA_EDOF_EPD5,CAR_LB_AL2395_B0_HOA_EPD5,LB_AL2395,B0,HOA,EDOF,5.0,-2.25,-1.75,0.053372642333429705,0.029082494258799708,0.002440786932713708,0.013735879154373005,0.00022614937739902282,0.0012130585814894394,0.008136854193073181
analysis-1cc1441dec4744a18d7ac73763507a6c,CFG_LB_AL2395_B0_HOA_EDOF_EPD5,CAR_LB_AL2395_B0_HOA_EPD5,LB_AL2395,B0,HOA,EDOF,5.0,-2.5,-2.0,0.04634703029934062,0.029716399406121263,0.037805983265617134,0.0001241345538111087,0.00894248621661006,0.015749288736166836,0.015506686455888926
analysis-1cc1441dec4744a18d7ac73763507a6c,CFG_LB_AL2395_B0_HOA_EDOF_EPD5,CAR_LB_AL2395_B0_HOA_EPD5,LB_AL2395,B0,HOA,EDOF,5.0,-2.75,-2.25,0.04223994073644748,0.008322361399485834,0.007620297017430756,0.01963725968077845,0.014873492356095724,0.013183952028150604,0.0030662070362382533
analysis-1cc1441dec4744a18d7ac73763507a6c,CFG_LB_AL2395_B0_HOA_EDOF_EPD5,CAR_LB_AL2395_B0_HOA_EPD5,LB_AL2395,B0,HOA,EDOF,5.0,-3.0,-2.5,0.03875220220702255,0.048069363194556555,0.01911537578547306,0.007198767747038081,0.01552414555233333,0.0026535937893002043,0.002932200038766348
analysis-1cc1441dec4744a18d7ac73763507a6c,CFG_LB_AL2395_B0_RAD_MONO_EPD3,CAR_LB_AL2395_B0_RAD_EPD3,LB_AL2395,B0,RAD,MONO,3.0,0.5,0.5,0.1510733894079906,0.3498202774478305,0.05212093002228899,0.002685673458153298,0.006538267504387662,0.009676554071171125,0.01333933235659094
analysis-1cc1441dec4744a18d7ac73763507a6c,CFG_LB_AL2395_B0_RAD_MONO_EPD3,CAR_LB_AL2395_B0_RAD_EPD3,LB_AL2395,B0,RAD,MONO,3.0,0.25,0.25,0.3373189258100809,0.6585904732890637,0.3911857542570193,0.24272438092296247,0.14533400164509602,0.0786453073574209,0.04043514796889772
analysis-1cc1441dec4744a18d7ac73763507a6c,CFG_LB_AL2395_B0_RAD_MONO_EPD3,CAR_LB_AL2395_B0_RAD_EPD3,LB_AL2395,B0,RAD,MONO,3.0,0.0,0.0,0.5782598683179768,0.8334934747636659,0.6831838789259539,0.5541322608890195,0.44228291450792206,0.34098589244200955,0.23782988517854173
analysis-1cc1441dec4744a18d7ac73763507a6c,CFG_LB_AL2395_B0_RAD_MONO_EPD3,CAR_LB_AL2395_B0_RAD_EPD3,LB_AL2395,B0,RAD,MONO,3.0,-0.25,-0.25,0.320243580373114,0.7378740767665932,0.3702205018913878,0.13675463794858977,0.06559927079646931,0.0731331055165701,0.10276870486867867
analysis-1cc1441dec4744a18d7ac73763507a6c,CFG_LB_AL2395_B0_RAD_MONO_EPD3,CAR_LB_AL2395_B0_RAD_EPD3,LB_AL2395,B0,RAD,MONO,3.0,-0.5,-0.5,0.17729948453955727,0.4073014602136251,0.09174644390720003,0.07787620427979701,0.01474460330825092,0.007593168780306867,0.01460285159419943
analysis-1cc1441dec4744a18d7ac73763507a6c,CFG_LB_AL2395_B0_RAD_MONO_EPD3,CAR_LB_AL2395_B0_RAD_EPD3,LB_AL2395,B0,RAD,MONO,3.0,-0.75,-0.75,0.1367611628609602,0.03811619489238432,0.06698490747461916,0.06394899110439861,0.028528407276069846,0.018438159085907558,0.018898894365652917
analysis-1cc1441dec4744a18d7ac73763507a6c,CFG_LB_AL2395_B0_RAD_MONO_EPD3,CAR_LB_AL2395_B0_RAD_EPD3,LB_AL2395,B0,RAD,MONO,3.0,-1.0,-1.0,0.10271975471829424,0.16266186864810944,0.0804541346540685,0.0217974254389339,0.014301095425819449,0.007877211059695993,0.006258458652178813
analysis-1cc1441dec4744a18d7ac73763507a6c,CFG_LB_AL2395_B0_RAD_MONO_EPD3,CAR_LB_AL2395_B0_RAD_EPD3,LB_AL2395,B0,RAD,MONO,3.0,-1.25,-1.25,0.0838185928458084,0.13695790968844015,0.003176321632831607,0.008932641324074736,0.013829404648394335,0.00849057178859427,0.00536604975478005
analysis-1cc1441dec4744a18d7ac73763507a6c,CFG_LB_AL2395_B0_RAD_MONO_EPD3,CAR_LB_AL2395_B0_RAD_EPD3,LB_AL2395,B0,RAD,MONO,3.0,-1.5,-1.5,0.06895154559477473,0.00027699543435100215,0.030790606199632146,0.0034998353627070686,0.008791957686179271,0.004562905463064789,0.00108463091107144
analysis-1cc1441dec4744a18d7ac73763507a6c,CFG_LB_AL2395_B0_RAD_MONO_EPD3,CAR_LB_AL2395_B0_RAD_EPD3,LB_AL2395,B0,RAD,MONO,3.0,-1.75,-1.75,0.05931610840415327,0.0848078521025736,0.028337408146358965,0.005842730695227214,0.007360398475722911,0.006081997057262237,0.0010201604962157805
analysis-1cc1441dec4744a18d7ac73763507a6c,CFG_LB_AL2395_B0_RAD_MONO_EPD3,CAR_LB_AL2395_B0_RAD_EPD3,LB_AL2395,B0,RAD,MONO,3.0,-2.0,-2.0,0.051835859056554676,0.056453101149328694,0.003257120795780177,0.009546258000178784,0.006186973927384565,0.00422209932217179,0.002013550428746533
analysis-1cc1441dec4744a18d7ac73763507a6c,CFG_LB_AL2395_B0_RAD_MONO_EPD3,CAR_LB_AL2395_B0_RAD_EPD3,LB_AL2395,B0,RAD,MONO,3.0,-2.25,-2.25,0.045689170523162174,0.018939101473046362,0.012698724229914748,0.007072758421738056,0.00639866656988216,0.0034143338341876602,0.0024255346239131113
analysis-1cc1441dec4744a18d7ac73763507a6c,CFG_LB_AL2395_B0_RAD_MONO_EPD3,CAR_LB_AL2395_B0_RAD_EPD3,LB_AL2395,B0,RAD,MONO,3.0,-2.5,-2.5,0.04100001028633414,0.047318976957467986,0.015655801011336717,0.007965257891786327,0.004529938668448374,0.003245449136750436,0.001986758418349439
analysis-1cc1441dec4744a18d7ac73763507a6c,CFG_LB_AL2395_B0_RAD_MONO_EPD3,CAR_LB_AL2395_B0_RAD_EPD3,LB_AL2395,B0,RAD,MONO,3.0,-2.75,-2.75,0.0371145704492369,0.01191014959219843,0.006086503344368195,0.00681064739220818,0.003730904630154303,0.002324615504162781,0.0022324469072532997
analysis-1cc1441dec4744a18d7ac73763507a6c,CFG_LB_AL2395_B0_RAD_MONO_EPD3,CAR_LB_AL2395_B0_RAD_EPD3,LB_AL2395,B0,RAD,MONO,3.0,-3.0,-3.0,0.03403684693965113,0.028197052708389368,0.0051004531461263216,0.005701041909740721,0.003400265817967423,0.00193503643861767,0.0010265952523514324
analysis-1cc1441dec4744a18d7ac73763507a6c,CFG_LB_AL2395_B0_RAD_MONO_EPD5,CAR_LB_AL2395_B0_RAD_EPD5,LB_AL2395,B0,RAD,MONO,5.0,0.5,0.5,0.06918839510165277,0.10275449738550399,0.033420275135117326,0.012324773672543232,0.006311096357862476,0.002611891340303659,0.0012172563686582555
analysis-1cc1441dec4744a18d7ac73763507a6c,CFG_LB_AL2395_B0_RAD_MONO_EPD5,CAR_LB_AL2395_B0_RAD_EPD5,LB_AL2395,B0,RAD,MONO,5.0,0.25,0.25,0.12584105084201183,0.17889161378732996,0.11218816766584215,0.06935911630220705,0.04474638981706489,0.024948163234706434,0.011276010188031356
analysis-1cc1441dec4744a18d7ac73763507a6c,CFG_LB_AL2395_B0_RAD_MONO_EPD5,CAR_LB_AL2395_B0_RAD_EPD5,LB_AL2395,B0,RAD,MONO,5.0,0.0,0.0,0.23191771147029075,0.31457233990091943,0.2370346449507982,0.18122314858185015,0.15320917335949524,0.12231858317879589,0.08408428768756288
analysis-1cc1441dec4744a18d7ac73763507a6c,CFG_LB_AL2395_B0_RAD_MONO_EPD5,CAR_LB_AL2395_B0_RAD_EPD5,LB_AL2395,B0,RAD,MONO,5.0,-0.25,-0.25,0.22687103830319616,0.41010320118475724,0.23397971808438045,0.1374482291772873,0.08627989220000344,0.06942412503445475,0.07815779030897953
analysis-1cc1441dec4744a18d7ac73763507a6c,CFG_LB_AL2395_B0_RAD_MONO_EPD5,CAR_LB_AL2395_B0_RAD_EPD5,LB_AL2395,B0,RAD,MONO,5.0,-0.5,-0.5,0.17216749499204367,0.360426150563497,0.07631297878439591,0.012518841574913639,0.04650233933142962,0.05854494418432529,0.053570115548951344
analysis-1cc1441dec4744a18d7ac73763507a6c,CFG_LB_AL2395_B0_RAD_MONO_EPD5,CAR_LB_AL2395_B0_RAD_EPD5,LB_AL2395,B0,RAD,MONO,5.0,-0.75,-0.75,0.14619348525844902,0.23423725124864508,0.0019439614602438195,0.1121913473426434,0.031682760925517396,0.006239950836535778,0.005048652635319065
analysis-1cc1441dec4744a18d7ac73763507a6c,CFG_LB_AL2395_B0_RAD_MONO_EPD5,CAR_LB_AL2395_B0_RAD_EPD5,LB_AL2395,B0,RAD,MONO,5.0,-1.0,-1.0,0.14392472688579402,0.07950814793037335,0.17492359875798147,0.0035702023628153396,0.08503940853652198,0.0286487957446515,0.0026593102346542403
analysis-1cc1441dec4744a18d7ac73763507a6c,CFG_LB_AL2395_B0_RAD_MONO_EPD5,CAR_LB_AL2395_B0_RAD_EPD5,LB_AL2395,B0,RAD,MONO,5.0,-1.25,-1.25,0.09760025642744365,0.049674335739114596,0.010323915125911992,0.05853151967302802,0.007241894132080004,0.025342169742286445,0.011508750356047752
analysis-1cc1441dec4744a18d7ac73763507a6c,CFG_LB_AL2395_B0_RAD_MONO_EPD5,CAR_LB_AL2395_B0_RAD_EPD5,LB_AL2395,B0,RAD,MONO,5.0,-1.5,-1.5,0.08161538721668754,0.016549679561428974,0.016629475662126636,0.008029755209430946,0.030262484070148046,0.009135816115080957,0.002781775407420143
analysis-1cc1441dec4744a18d7ac73763507a6c,CFG_LB_AL2395_B0_RAD_MONO_EPD5,CAR_LB_AL2395_B0_RAD_EPD5,LB_AL2395,B0,RAD,MONO,5.0,-1.75,-1.75,0.07424423733218068,0.13702941206580171,0.018251186784663604,0.026541963640898385,0.026305215270591934,0.0062251795817238045,0.014294418245073102
analysis-1cc1441dec4744a18d7ac73763507a6c,CFG_LB_AL2395_B0_RAD_MONO_EPD5,CAR_LB_AL2395_B0_RAD_EPD5,LB_AL2395,B0,RAD,MONO,5.0,-2.0,-2.0,0.06745690261799643,0.004292098442914517,0.015266650266903669,0.0346402782766061,0.01897591741210901,0.013477874341110113,0.0018391797637889698
analysis-1cc1441dec4744a18d7ac73763507a6c,CFG_LB_AL2395_B0_RAD_MONO_EPD5,CAR_LB_AL2395_B0_RAD_EPD5,LB_AL2395,B0,RAD,MONO,5.0,-2.25,-2.25,0.06143362483739009,0.11749662123086385,0.005600867479346328,0.025466684267883396,0.013604385142016857,0.008317022647676255,0.0053628193603209905
analysis-1cc1441dec4744a18d7ac73763507a6c,CFG_LB_AL2395_B0_RAD_MONO_EPD5,CAR_LB_AL2395_B0_RAD_EPD5,LB_AL2395,B0,RAD,MONO,5.0,-2.5,-2.5,0.0537214867540696,0.03682179360218156,0.013483902998725544,0.010540463857953656,0.010580671817762888,0.003000852407647936,0.0021168388914054783
analysis-1cc1441dec4744a18d7ac73763507a6c,CFG_LB_AL2395_B0_RAD_MONO_EPD5,CAR_LB_AL2395_B0_RAD_EPD5,LB_AL2395,B0,RAD,MONO,5.0,-2.75,-2.75,0.04521206988633453,0.07830319538269663,0.027672511931871903,0.020518391511687856,0.010408379463193165,0.004766198206277584,0.001524707492124782
analysis-1cc1441dec4744a18d7ac73763507a6c,CFG_LB_AL2395_B0_RAD_MONO_EPD5,CAR_LB_AL2395_B0_RAD_EPD5,LB_AL2395,B0,RAD,MONO,5.0,-3.0,-3.0,0.041917145423599325,0.06353301152316285,0.033867711960770805,0.010821356464758835,0.007007865709903862,0.0005812441807024523,0.002514397989458524
analysis-1cc1441dec4744a18d7ac73763507a6c,CFG_LB_AL2395_B0_RAD_EDOF_EPD3,CAR_LB_AL2395_B0_RAD_EPD3,LB_AL2395,B0,RAD,EDOF,3.0,0.5,0.5,0.1433564538434875,0.3067967763167591,0.10545333413349754,0.08139630430670168,0.0397564042478568,0.01042253491544699,0.0044370293935431515
analysis-1cc1441dec4744a18d7ac73763507a6c,CFG_LB_AL2395_B0_RAD_EDOF_EPD3,CAR_LB_AL2395_B0_RAD_EPD3,LB_AL2395,B0,RAD,EDOF,3.0,0.25,0.25,0.17529329720856646,0.34920865482650887,0.17182205750533264,0.06184843414021009,0.0015372309254483602,0.04636988141589504,0.04327956980078826
analysis-1cc1441dec4744a18d7ac73763507a6c,CFG_LB_AL2395_B0_RAD_EDOF_EPD3,CAR_LB_AL2395_B0_RAD_EPD3,LB_AL2395,B0,RAD,EDOF,3.0,0.0,0.0,0.31276202648583745,0.35329109478117116,0.3461469230109201,0.29805694730521026,0.23676765389426435,0.16270286351858942,0.11086857191920337
analysis-1cc1441dec4744a18d7ac73763507a6c,CFG_LB_AL2395_B0_RAD_EDOF_EPD3,CAR_LB_AL2395_B0_RAD_EPD3,LB_AL2395,B0,RAD,EDOF,3.0,-0.25,-0.25,0.18096459945659535,0.32227911876024407,0.21036173735103153,0.08427363004340638,0.030146727870638042,0.004912554906176375,0.028188776712263053
analysis-1cc1441dec4744a18d7ac73763507a6c,CFG_LB_AL2395_B0_RAD_EDOF_EPD3,CAR_LB_AL2395_B0_RAD_EPD3,LB_AL2395,B0,RAD,EDOF,3.0,-0.5,-0.5,0.14894283420731463,0.26761937460776564,0.0439942120926221,0.03256665198896881,0.05419224190603675,0.01187004580444534,0.06472226429795976
analysis-1cc1441dec4744a18d7ac73763507a6c,CFG_LB_AL2395_B0_RAD_EDOF_EPD3,CAR_LB_AL2395_B0_RAD_EPD3,LB_AL2395,B0,RAD,EDOF,3.0,-0.75,-0.75,0.1657000630715967,0.2095196735740711,0.02804812839594801,0.09371839516631819,0.07595947517677688,0.11857018004536013,0.017918575817631097
analysis-1cc1441dec4744a18d7ac73763507a6c,CFG_LB_AL2395_B0_RAD_EDOF_EPD3,CAR_LB_AL2395_B0_RAD_EPD3,LB_AL2395,B0,RAD,EDOF,3.0,-1.0,-1.0,0.14749779492807089,0.1681679446101918,0.13754038806335322,0.007647870748091451,0.006295218818241383,0.09143476158794761,0.05045987955901226
analysis-1cc1441dec4744a18d7ac73763507a6c,CFG_LB_AL2395_B0_RAD_EDOF_EPD3,CAR_LB_AL2395_B0_RAD_EPD3,LB_AL2395,B0,RAD,EDOF,3.0,-1.25,-1.25,0.13138144069880414,0.14730921415671672,0.029990874287423454,0.06759306942982254,0.03792897791136966,0.03602401687032757,0.06763836852121854
analysis-1cc1441dec4744a18d7ac73763507a6c,CFG_LB_AL2395_B0_RAD_EDOF_EPD3,CAR_LB_AL2395_B0_RAD_EPD3,LB_AL2395,B0,RAD,EDOF,3.0,-1.5,-1.5,0.13541251309586358,0.1281722088155065,0.037299684121242,0.11122038763784364,0.07125145031786354,0.022154623586961512,0.06240772698405453
analysis-1cc1441dec4744a18d7ac73763507a6c,CFG_LB_AL2395_B0_RAD_EDOF_EPD3,CAR_LB_AL2395_B0_RAD_EPD3,LB_AL2395,B0,RAD,EDOF,3.0,-1.75,-1.75,0.11831538628013455,0.08758244722809334,0.1511785066273334,0.03000320144877314,0.04819914073600652,0.040939630443587526,0.05487550248455757
analysis-1cc1441dec4744a18d7ac73763507a6c,CFG_LB_AL2395_B0_RAD_EDOF_EPD3,CAR_LB_AL2395_B0_RAD_EPD3,LB_AL2395,B0,RAD,EDOF,3.0,-2.0,-2.0,0.07977144711876909,0.027165108718679866,0.06914760322431575,0.006661496529247615,0.0031287273307581296,0.023380897313871375,0.03490810127092251
analysis-1cc1441dec4744a18d7ac73763507a6c,CFG_LB_AL2395_B0_RAD_EDOF_EPD3,CAR_LB_AL2395_B0_RAD_EPD3,LB_AL2395,B0,RAD,EDOF,3.0,-2.25,-2.25,0.06373929966607628,0.019213364721286534,0.057124438038575906,0.01708377086785648,0.011514839767704014,0.01137883858751154,0.011373261846569525
analysis-1cc1441dec4744a18d7ac73763507a6c,CFG_LB_AL2395_B0_RAD_EDOF_EPD3,CAR_LB_AL2395_B0_RAD_EPD3,LB_AL2395,B0,RAD,EDOF,3.0,-2.5,-2.5,0.056151959729303064,0.015686226663644227,0.027568837933152908,0.030273926882198803,0.004945472154995428,0.00019613081695186576,0.007803387756541768
analysis-1cc1441dec4744a18d7ac73763507a6c,CFG_LB_AL2395_B0_RAD_EDOF_EPD3,CAR_LB_AL2395_B0_RAD_EPD3,LB_AL2395,B0,RAD,EDOF,3.0,-2.75,-2.75,0.05099685519458012,0.034010585032161866,0.037228903640787514,0.013819628302464962,0.00584988619670068,0.0039032198130057377,0.0022341997972829142
analysis-1cc1441dec4744a18d7ac73763507a6c,CFG_LB_AL2395_B0_RAD_EDOF_EPD3,CAR_LB_AL2395_B0_RAD_EPD3,LB_AL2395,B0,RAD,EDOF,3.0,-3.0,-3.0,0.04628462579018411,0.08025051605987392,0.038534649527404014,0.00015191317682584823,0.0019924326045469096,4.893355346041463e-05,0.002825863875426265
analysis-1cc1441dec4744a18d7ac73763507a6c,CFG_LB_AL2395_B0_RAD_EDOF_EPD5,CAR_LB_AL2395_B0_RAD_EPD5,LB_AL2395,B0,RAD,EDOF,5.0,0.5,1.0,0.06867592848556049,0.07085566850920452,0.017706465494576704,0.018723988659073702,0.02055182145910163,0.009323365967332301,0.008731866915216461
analysis-1cc1441dec4744a18d7ac73763507a6c,CFG_LB_AL2395_B0_RAD_EDOF_EPD5,CAR_LB_AL2395_B0_RAD_EPD5,LB_AL2395,B0,RAD,EDOF,5.0,0.25,0.75,0.08569684274687045,0.09732249596954703,0.07693525649568606,0.028894561492639644,0.010992229152948287,0.02969977093221958,0.022784946356685605
analysis-1cc1441dec4744a18d7ac73763507a6c,CFG_LB_AL2395_B0_RAD_EDOF_EPD5,CAR_LB_AL2395_B0_RAD_EPD5,LB_AL2395,B0,RAD,EDOF,5.0,0.0,0.5,0.16363778544583724,0.20085050898470086,0.1288278064559168,0.13313304104996382,0.0966597528096169,0.07394146564310926,0.04895944199673136
analysis-1cc1441dec4744a18d7ac73763507a6c,CFG_LB_AL2395_B0_RAD_EDOF_EPD5,CAR_LB_AL2395_B0_RAD_EPD5,LB_AL2395,B0,RAD,EDOF,5.0,-0.25,0.25,0.16003292802492675,0.2798195012544866,0.17247519259519328,0.043383557707581656,0.032618629477196556,0.011315720728240858,0.01576310439323849
analysis-1cc1441dec4744a18d7ac73763507a6c,CFG_LB_AL2395_B0_RAD_EDOF_EPD5,CAR_LB_AL2395_B0_RAD_EPD5,LB_AL2395,B0,RAD,EDOF,5.0,-0.5,0.0,0.18782727772779065,0.28710585847435444,0.08371244396374197,0.08496260044256855,0.07135253188972651,0.10058364699766731,0.06596945159127104
analysis-1cc1441dec4744a18d7ac73763507a6c,CFG_LB_AL2395_B0_RAD_EDOF_EPD5,CAR_LB_AL2395_B0_RAD_EPD5,LB_AL2395,B0,RAD,EDOF,5.0,-0.75,-0.25,0.16046543762796037,0.2673018038426367,0.0672791893840439,0.09095920920240799,0.06741136994688793,0.012956450098426563,0.0030384102178431516
analysis-1cc1441dec4744a18d7ac73763507a6c,CFG_LB_AL2395_B0_RAD_EDOF_EPD5,CAR_LB_AL2395_B0_RAD_EPD5,LB_AL2395,B0,RAD,EDOF,5.0,-1.0,-0.5,0.14045976026487367,0.16979414615824304,0.1381723932239889,0.019355858226825437,0.007961069302462837,0.006423816493229324,0.020483284481095924
analysis-1cc1441dec4744a18d7ac73763507a6c,CFG_LB_AL2395_B0_RAD_EDOF_EPD5,CAR_LB_AL2395_B0_RAD_EPD5,LB_AL2395,B0,RAD,EDOF,5.0,-1.25,-0.75,0.10631031382694857,0.05971044524128462,0.022936440932285574,0.06760996995870225,0.039011847787719336,0.02451731081393444,0.04000237206236498
analysis-1cc1441dec4744a18d7ac73763507a6c,CFG_LB_AL2395_B0_RAD_EDOF_EPD5,CAR_LB_AL2395_B0_RAD_EPD5,LB_AL2395,B0,RAD,EDOF,5.0,-1.5,-1.0,0.08458502317988896,0.10514823551420438,0.04779807663235791,0.05477788053716387,0.026297786396884095,0.030203799778335316,0.03468217390316987
analysis-1cc1441dec4744a18d7ac73763507a6c,CFG_LB_AL2395_B0_RAD_EDOF_EPD5,CAR_LB_AL2395_B0_RAD_EPD5,LB_AL2395,B0,RAD,EDOF,5.0,-1.75,-1.25,0.06591126464385254,0.11269254475576157,0.020599509342976136,0.010682803826858343,0.0023676867611480083,0.01743181391579718,0.010257365295649572
analysis-1cc1441dec4744a18d7ac73763507a6c,CFG_LB_AL2395_B0_RAD_EDOF_EPD5,CAR_LB_AL2395_B0_RAD_EPD5,LB_AL2395,B0,RAD,EDOF,5.0,-2.0,-1.5,0.057222303944060506,0.06873628187072496,0.06381860837125845,0.023381997103038694,0.007632808547703604,2.433933226358733e-05,0.0008427579932055079
analysis-1cc1441dec4744a18d7ac73763507a6c,CFG_LB_AL2395_B0_RAD_EDOF_EPD5,CAR_LB_AL2395_B0_RAD_EPD5,LB_AL2395,B0,RAD,EDOF,5.0,-2.25,-1.75,0.05385018341139848,0.08017574360495786,0.058852842471909916,0.016839610225449247,0.0023129445022964856,0.00974949070048444,0.006874052651876914
analysis-1cc1441dec4744a18d7ac73763507a6c,CFG_LB_AL2395_B0_RAD_EDOF_EPD5,CAR_LB_AL2395_B0_RAD_EPD5,LB_AL2395,B0,RAD,EDOF,5.0,-2.5,-2.0,0.05048592377291899,0.09362634904503668,0.03324607729373843,0.03013957344358824,7.084011841495061e-05,0.007853380140919117,0.005434334146682721
analysis-1cc1441dec4744a18d7ac73763507a6c,CFG_LB_AL2395_B0_RAD_EDOF_EPD5,CAR_LB_AL2395_B0_RAD_EPD5,LB_AL2395,B0,RAD,EDOF,5.0,-2.75,-2.25,0.0450944008258504,0.03901346498031191,0.028440161125654416,0.009380773909516714,0.0023680230282040206,9.463959447141312e-05,0.0015083507903771848
analysis-1cc1441dec4744a18d7ac73763507a6c,CFG_LB_AL2395_B0_RAD_EDOF_EPD5,CAR_LB_AL2395_B0_RAD_EPD5,LB_AL2395,B0,RAD,EDOF,5.0,-3.0,-2.5,0.0402620382044196,0.06304255203624085,0.03915329399821281,0.005349943031572763,0.0012656396020132741,0.0025156076604502565,0.0011190121530101594
analysis-1cc1441dec4744a18d7ac73763507a6c,CFG_LB_AL2395_B0_WFS_MONO_EPD3,CAR_LB_AL2395_B0_WFS_EPD3,LB_AL2395,B0,WFS,MONO,3.0,0.5,0.5,0.15894798293860476,0.3505781643612176,0.08364718561128542,0.02704113049674877,0.004008702440220188,0.006592626165175075,0.011885989894678874
analysis-1cc1441dec4744a18d7ac73763507a6c,CFG_LB_AL2395_B0_WFS_MONO_EPD3,CAR_LB_AL2395_B0_WFS_EPD3,LB_AL2395,B0,WFS,MONO,3.0,0.25,0.25,0.3418401708805678,0.6439524779655508,0.393368056810642,0.2588558729152516,0.16244469123033403,0.086648990948828,0.03771540995901134
analysis-1cc1441dec4744a18d7ac73763507a6c,CFG_LB_AL2395_B0_WFS_MONO_EPD3,CAR_LB_AL2395_B0_WFS_EPD3,LB_AL2395,B0,WFS,MONO,3.0,0.0,0.0,0.5609617952446878,0.8167035738354871,0.6558897553134008,0.5259546650007626,0.42173796293635507,0.33204600441651605,0.23473218603761337
analysis-1cc1441dec4744a18d7ac73763507a6c,CFG_LB_AL2395_B0_WFS_MONO_EPD3,CAR_LB_AL2395_B0_WFS_EPD3,LB_AL2395,B0,WFS,MONO,3.0,-0.25,-0.25,0.3071035218261505,0.7305397993119279,0.3485004197764119,0.11148573727553618,0.048586486642878485,0.06538645287964609,0.10488264592493414
analysis-1cc1441dec4744a18d7ac73763507a6c,CFG_LB_AL2395_B0_WFS_MONO_EPD3,CAR_LB_AL2395_B0_WFS_EPD3,LB_AL2395,B0,WFS,MONO,3.0,-0.5,-0.5,0.17455994857009663,0.4087167581154534,0.10066920721707867,0.07125715704455372,0.003375244661144208,0.0005711341647788383,0.011749192926660048
analysis-1cc1441dec4744a18d7ac73763507a6c,CFG_LB_AL2395_B0_WFS_MONO_EPD3,CAR_LB_AL2395_B0_WFS_EPD3,LB_AL2395,B0,WFS,MONO,3.0,-0.75,-0.75,0.1401064241824008,0.03752413890428978,0.067296161038165,0.07178756946995425,0.02841460281805856,0.01856442088907684,0.020226477815925608
analysis-1cc1441dec4744a18d7ac73763507a6c,CFG_LB_AL2395_B0_WFS_MONO_EPD3,CAR_LB_AL2395_B0_WFS_EPD3,LB_AL2395,B0,WFS,MONO,3.0,-1.0,-1.0,0.10575672653898985,0.1730648903033591,0.08962156349490052,0.02487900094995808,0.014116523507267466,0.0072039229218212025,0.00609357232007368
analysis-1cc1441dec4744a18d7ac73763507a6c,CFG_LB_AL2395_B0_WFS_MONO_EPD3,CAR_LB_AL2395_B0_WFS_EPD3,LB_AL2395,B0,WFS,MONO,3.0,-1.25,-1.25,0.08682164039636382,0.15241983009323193,0.00032984552231537405,0.009669262673136177,0.01444836302436307,0.008481963660509302,0.0056140906058708235
analysis-1cc1441dec4744a18d7ac73763507a6c,CFG_LB_AL2395_B0_WFS_MONO_EPD3,CAR_LB_AL2395_B0_WFS_EPD3,LB_AL2395,B0,WFS,MONO,3.0,-1.5,-1.5,0.07153803606086691,0.008217512702422427,0.037114128850059346,0.004662757034612261,0.008946032064413646,0.004444007238095037,0.0009933941697088007
analysis-1cc1441dec4744a18d7ac73763507a6c,CFG_LB_AL2395_B0_WFS_MONO_EPD3,CAR_LB_AL2395_B0_WFS_EPD3,LB_AL2395,B0,WFS,MONO,3.0,-1.75,-1.75,0.061696264651679336,0.09073084450128109,0.030120757643719482,0.00718486905027296,0.007707128516258267,0.006162214091636917,0.0009453295403871596
analysis-1cc1441dec4744a18d7ac73763507a6c,CFG_LB_AL2395_B0_WFS_MONO_EPD3,CAR_LB_AL2395_B0_WFS_EPD3,LB_AL2395,B0,WFS,MONO,3.0,-2.0,-2.0,0.053901544233304705,0.06890569858375305,0.00015945405891739568,0.010674577382324224,0.006494552602396545,0.004038832416837404,0.0019525581997930862
analysis-1cc1441dec4744a18d7ac73763507a6c,CFG_LB_AL2395_B0_WFS_MONO_EPD3,CAR_LB_AL2395_B0_WFS_EPD3,LB_AL2395,B0,WFS,MONO,3.0,-2.25,-2.25,0.04739869274827151,0.013029664351333887,0.016330309684177348,0.007815142993894523,0.006539183025541485,0.003396980452319844,0.002389769828532917
analysis-1cc1441dec4744a18d7ac73763507a6c,CFG_LB_AL2395_B0_WFS_MONO_EPD3,CAR_LB_AL2395_B0_WFS_EPD3,LB_AL2395,B0,WFS,MONO,3.0,-2.5,-2.5,0.04223019944084134,0.05251459060270014,0.01644667453804577,0.008625150866754187,0.00449415196703881,0.003197366938193078,0.00199541445092054
analysis-1cc1441dec4744a18d7ac73763507a6c,CFG_LB_AL2395_B0_WFS_MONO_EPD3,CAR_LB_AL2395_B0_WFS_EPD3,LB_AL2395,B0,WFS,MONO,3.0,-2.75,-2.75,0.038498925618593,0.020233636881446526,0.003973414642104818,0.006977083121335845,0.00381905851275366,0.0023025394088550966,0.002316296465308941
analysis-1cc1441dec4744a18d7ac73763507a6c,CFG_LB_AL2395_B0_WFS_MONO_EPD3,CAR_LB_AL2395_B0_WFS_EPD3,LB_AL2395,B0,WFS,MONO,3.0,-3.0,-3.0,0.03494090964843898,0.026789981325203792,0.0075140958033886466,0.0054736308361904235,0.003477342938330384,0.0019750829003794984,0.0010863140825875211
analysis-1cc1441dec4744a18d7ac73763507a6c,CFG_LB_AL2395_B0_WFS_MONO_EPD5,CAR_LB_AL2395_B0_WFS_EPD5,LB_AL2395,B0,WFS,MONO,5.0,0.5,0.5,0.07202705234821458,0.1134914642097812,0.047720363483374294,0.022701468613867234,0.0050311731216189275,0.0025682325772721747,0.0024964511073208933
analysis-1cc1441dec4744a18d7ac73763507a6c,CFG_LB_AL2395_B0_WFS_MONO_EPD5,CAR_LB_AL2395_B0_WFS_EPD5,LB_AL2395,B0,WFS,MONO,5.0,0.25,0.25,0.1268089930438597,0.19189965247887927,0.12429737259229492,0.08766901123619694,0.049480083280781836,0.02449447741139293,0.008931337034301854
analysis-1cc1441dec4744a18d7ac73763507a6c,CFG_LB_AL2395_B0_WFS_MONO_EPD5,CAR_LB_AL2395_B0_WFS_EPD5,LB_AL2395,B0,WFS,MONO,5.0,0.0,0.0,0.21246309459586946,0.27437553571204987,0.2080698868313914,0.17378993155572933,0.13603026308102828,0.10561557602601399,0.06990385321176933
analysis-1cc1441dec4744a18d7ac73763507a6c,CFG_LB_AL2395_B0_WFS_MONO_EPD5,CAR_LB_AL2395_B0_WFS_EPD5,LB_AL2395,B0,WFS,MONO,5.0,-0.25,-0.25,0.19488438435203068,0.3612536909356369,0.21247993758687908,0.10488450902372726,0.05680500511059991,0.049991373010845296,0.06958725887230723
analysis-1cc1441dec4744a18d7ac73763507a6c,CFG_LB_AL2395_B0_WFS_MONO_EPD5,CAR_LB_AL2395_B0_WFS_EPD5,LB_AL2395,B0,WFS,MONO,5.0,-0.5,-0.5,0.14522830631461653,0.344288603460499,0.04914013406675149,0.011493762066985226,0.017636704815138057,0.03723454173604237,0.030813133224886713
analysis-1cc1441dec4744a18d7ac73763507a6c,CFG_LB_AL2395_B0_WFS_MONO_EPD5,CAR_LB_AL2395_B0_WFS_EPD5,LB_AL2395,B0,WFS,MONO,5.0,-0.75,-0.75,0.13636426704646246,0.19394313338783825,0.015551731018712446,0.10502275781773138,0.04040781810062443,0.0072329972466899425,0.0012707578550417288
analysis-1cc1441dec4744a18d7ac73763507a6c,CFG_LB_AL2395_B0_WFS_MONO_EPD5,CAR_LB_AL2395_B0_WFS_EPD5,LB_AL2395,B0,WFS,MONO,5.0,-1.0,-1.0,0.1339606720313913,0.06887972523717942,0.12723075852417268,0.01160419746141773,0.055919647310418416,0.04942892183890576,0.016989197013808792
analysis-1cc1441dec4744a18d7ac73763507a6c,CFG_LB_AL2395_B0_WFS_MONO_EPD5,CAR_LB_AL2395_B0_WFS_EPD5,LB_AL2395,B0,WFS,MONO,5.0,-1.25,-1.25,0.12605035296650588,0.033547597273103726,0.0643550323958768,0.09439106724289713,0.004572927587413359,0.0551235743878352,0.027595095622425448
analysis-1cc1441dec4744a18d7ac73763507a6c,CFG_LB_AL2395_B0_WFS_MONO_EPD5,CAR_LB_AL2395_B0_WFS_EPD5,LB_AL2395,B0,WFS,MONO,5.0,-1.5,-1.5,0.08662646494441963,0.04148445343891092,0.005706149185291538,0.01798745282574366,0.01005619430230284,0.030473685279829847,0.0011528807258328212
analysis-1cc1441dec4744a18d7ac73763507a6c,CFG_LB_AL2395_B0_WFS_MONO_EPD5,CAR_LB_AL2395_B0_WFS_EPD5,LB_AL2395,B0,WFS,MONO,5.0,-1.75,-1.75,0.07200909024581519,0.09525969963143097,0.048849643837331376,0.02595560710430063,0.030074136679625437,0.02196061724309601,0.01602303081665093
analysis-1cc1441dec4744a18d7ac73763507a6c,CFG_LB_AL2395_B0_WFS_MONO_EPD5,CAR_LB_AL2395_B0_WFS_EPD5,LB_AL2395,B0,WFS,MONO,5.0,-2.0,-2.0,0.06619653058812933,0.07610538184780548,0.04070910333233454,0.009231908477304512,0.030804576085299774,0.02259867347436113,0.003098269245702522
analysis-1cc1441dec4744a18d7ac73763507a6c,CFG_LB_AL2395_B0_WFS_MONO_EPD5,CAR_LB_AL2395_B0_WFS_EPD5,LB_AL2395,B0,WFS,MONO,5.0,-2.25,-2.25,0.06114081220667498,0.07209347690054475,0.04921324418239353,0.03500738170620683,0.020854988037092265,0.016142933200176488,0.009461349864268168
analysis-1cc1441dec4744a18d7ac73763507a6c,CFG_LB_AL2395_B0_WFS_MONO_EPD5,CAR_LB_AL2395_B0_WFS_EPD5,LB_AL2395,B0,WFS,MONO,5.0,-2.5,-2.5,0.05728849471715801,0.06797930024934971,0.04971344454224436,0.00014999233337037953,0.014198966660867538,0.001742014431425641,0.0005409403593435352
analysis-1cc1441dec4744a18d7ac73763507a6c,CFG_LB_AL2395_B0_WFS_MONO_EPD5,CAR_LB_AL2395_B0_WFS_EPD5,LB_AL2395,B0,WFS,MONO,5.0,-2.75,-2.75,0.05172936064327696,0.08722151774142164,0.0488793519059788,0.028713148279037044,0.012491497671829749,0.006567422124972463,0.0032378437951916263
analysis-1cc1441dec4744a18d7ac73763507a6c,CFG_LB_AL2395_B0_WFS_MONO_EPD5,CAR_LB_AL2395_B0_WFS_EPD5,LB_AL2395,B0,WFS,MONO,5.0,-3.0,-3.0,0.04464639230577857,0.03126410011260214,0.037814490673289854,0.0153810423792543,0.009792779654867134,0.004764946192921155,0.0021486310090169363
analysis-1cc1441dec4744a18d7ac73763507a6c,CFG_LB_AL2395_B0_WFS_EDOF_EPD3,CAR_LB_AL2395_B0_WFS_EPD3,LB_AL2395,B0,WFS,EDOF,3.0,0.5,0.5,0.19688951594064927,0.2593796342228347,0.23452847185398878,0.12629352274715983,0.05837348863789457,0.013849487470123286,0.037870053530644335
analysis-1cc1441dec4744a18d7ac73763507a6c,CFG_LB_AL2395_B0_WFS_EDOF_EPD3,CAR_LB_AL2395_B0_WFS_EPD3,LB_AL2395,B0,WFS,EDOF,3.0,0.25,0.25,0.2689973331850324,0.4429813027992924,0.2360897641599286,0.19924747007292104,0.1413657765449135,0.09683518848175096,0.008687496121709775
analysis-1cc1441dec4744a18d7ac73763507a6c,CFG_LB_AL2395_B0_WFS_EDOF_EPD3,CAR_LB_AL2395_B0_WFS_EPD3,LB_AL2395,B0,WFS,EDOF,3.0,0.0,0.0,0.356735405272919,0.6128724565818552,0.3189637765502198,0.22712909710312845,0.18450043316367193,0.21009435803927493,0.18918454507172658
analysis-1cc1441dec4744a18d7ac73763507a6c,CFG_LB_AL2395_B0_WFS_EDOF_EPD3,CAR_LB_AL2395_B0_WFS_EPD3,LB_AL2395,B0,WFS,EDOF,3.0,-0.25,-0.25,0.24350589312784413,0.6167170415851366,0.22270367189672852,0.013769649856661719,0.041756411060809795,0.02751749130898844,0.12649865039120933
analysis-1cc1441dec4744a18d7ac73763507a6c,CFG_LB_AL2395_B0_WFS_EDOF_EPD3,CAR_LB_AL2395_B0_WFS_EPD3,LB_AL2395,B0,WFS,EDOF,3.0,-0.5,-0.5,0.20179609721121652,0.40113076681898213,0.0018767170436746437,0.09167387116587268,0.10476963713125553,0.08914265063201646,0.0681484961253693
analysis-1cc1441dec4744a18d7ac73763507a6c,CFG_LB_AL2395_B0_WFS_EDOF_EPD3,CAR_LB_AL2395_B0_WFS_EPD3,LB_AL2395,B0,WFS,EDOF,3.0,-0.75,-0.75,0.14107785522399494,0.07911980179896214,0.03858642526861622,0.10723047296805922,0.02256168465109475,0.022796815190360448,0.014797255903600145
analysis-1cc1441dec4744a18d7ac73763507a6c,CFG_LB_AL2395_B0_WFS_EDOF_EPD3,CAR_LB_AL2395_B0_WFS_EPD3,LB_AL2395,B0,WFS,EDOF,3.0,-1.0,-1.0,0.10684490482235826,0.14873234889015186,0.13776767918598953,0.03586782571287836,0.009468409810407072,0.003814333072023097,0.016267899332313183
analysis-1cc1441dec4744a18d7ac73763507a6c,CFG_LB_AL2395_B0_WFS_EDOF_EPD3,CAR_LB_AL2395_B0_WFS_EPD3,LB_AL2395,B0,WFS,EDOF,3.0,-1.25,-1.25,0.09047448223714324,0.15871642304989247,0.004079697033275617,0.025678758098923855,0.004454276378555787,0.003427289741963953,0.009785704619231037
analysis-1cc1441dec4744a18d7ac73763507a6c,CFG_LB_AL2395_B0_WFS_EDOF_EPD3,CAR_LB_AL2395_B0_WFS_EPD3,LB_AL2395,B0,WFS,EDOF,3.0,-1.5,-1.5,0.07807078360924982,0.003986907537956652,0.0712359926943799,0.0015744924240611744,0.002498429171150274,0.0035922220625210213,0.004187239101084138
analysis-1cc1441dec4744a18d7ac73763507a6c,CFG_LB_AL2395_B0_WFS_EDOF_EPD3,CAR_LB_AL2395_B0_WFS_EPD3,LB_AL2395,B0,WFS,EDOF,3.0,-1.75,-1.75,0.0710439601958496,0.14418311128903327,0.03722721299705694,0.007644605633562783,0.007780112044930065,0.004930380069548286,0.0032476980475646257
analysis-1cc1441dec4744a18d7ac73763507a6c,CFG_LB_AL2395_B0_WFS_EDOF_EPD3,CAR_LB_AL2395_B0_WFS_EPD3,LB_AL2395,B0,WFS,EDOF,3.0,-2.0,-2.0,0.061873489772984507,0.15516926033701156,0.0159570627271573,0.00044181220639313916,0.0034288709488812788,0.001740567754541991,0.0006904491220369772
analysis-1cc1441dec4744a18d7ac73763507a6c,CFG_LB_AL2395_B0_WFS_EDOF_EPD3,CAR_LB_AL2395_B0_WFS_EPD3,LB_AL2395,B0,WFS,EDOF,3.0,-2.25,-2.25,0.05552340235787046,0.04370595240893354,0.039543964341332824,0.006301689279702561,0.004448428502597093,0.0011314870553650255,0.0018112094697391979
analysis-1cc1441dec4744a18d7ac73763507a6c,CFG_LB_AL2395_B0_WFS_EDOF_EPD3,CAR_LB_AL2395_B0_WFS_EPD3,LB_AL2395,B0,WFS,EDOF,3.0,-2.5,-2.5,0.049172311602074706,0.07175431106525607,0.014545969143318984,0.0085245855816077,0.0017189335276440293,0.0012864387192597897,0.0018210295021352215
analysis-1cc1441dec4744a18d7ac73763507a6c,CFG_LB_AL2395_B0_WFS_EDOF_EPD3,CAR_LB_AL2395_B0_WFS_EPD3,LB_AL2395,B0,WFS,EDOF,3.0,-2.75,-2.75,0.04510565288189405,0.09778488640206143,0.01006640366724218,0.008146388869099328,0.002438811456872793,0.0013099753189937905,0.002634936235751238
analysis-1cc1441dec4744a18d7ac73763507a6c,CFG_LB_AL2395_B0_WFS_EDOF_EPD3,CAR_LB_AL2395_B0_WFS_EPD3,LB_AL2395,B0,WFS,EDOF,3.0,-3.0,-3.0,0.040419722194605066,0.04388718099531416,0.015791306608726803,0.006240570069664235,0.001817485135161183,0.0018710940209360624,0.0019544363095118844
analysis-1cc1441dec4744a18d7ac73763507a6c,CFG_LB_AL2395_B0_WFS_EDOF_EPD5,CAR_LB_AL2395_B0_WFS_EPD5,LB_AL2395,B0,WFS,EDOF,5.0,0.5,1.0,0.08728172273898052,0.07962659389855925,0.09869574512056395,0.05538551551377771,0.029359122165207665,0.01620725999539774,0.0042901435183813705
analysis-1cc1441dec4744a18d7ac73763507a6c,CFG_LB_AL2395_B0_WFS_EDOF_EPD5,CAR_LB_AL2395_B0_WFS_EPD5,LB_AL2395,B0,WFS,EDOF,5.0,0.25,0.75,0.10456875739037917,0.1210468772913513,0.08697623516705602,0.07442480710835642,0.04148385522124291,0.027882615211308186,0.0023748639156539074
analysis-1cc1441dec4744a18d7ac73763507a6c,CFG_LB_AL2395_B0_WFS_EDOF_EPD5,CAR_LB_AL2395_B0_WFS_EPD5,LB_AL2395,B0,WFS,EDOF,5.0,0.0,0.5,0.1381863377900561,0.20408350952023951,0.06708454350098508,0.06316339676321728,0.05461340073369818,0.06546011894101281,0.060841842244912854
analysis-1cc1441dec4744a18d7ac73763507a6c,CFG_LB_AL2395_B0_WFS_EDOF_EPD5,CAR_LB_AL2395_B0_WFS_EPD5,LB_AL2395,B0,WFS,EDOF,5.0,-0.25,0.25,0.15136713355853557,0.3226397172507597,0.16303310989561626,0.0417151507555574,0.003097005752158929,0.009618314004249003,0.05112836285968519
analysis-1cc1441dec4744a18d7ac73763507a6c,CFG_LB_AL2395_B0_WFS_EDOF_EPD5,CAR_LB_AL2395_B0_WFS_EPD5,LB_AL2395,B0,WFS,EDOF,5.0,-0.5,0.0,0.19935537382693688,0.341163400508498,0.11365350795057017,0.0868023529942395,0.10460649287306403,0.10182502610048369,0.09370094865574159
analysis-1cc1441dec4744a18d7ac73763507a6c,CFG_LB_AL2395_B0_WFS_EDOF_EPD5,CAR_LB_AL2395_B0_WFS_EPD5,LB_AL2395,B0,WFS,EDOF,5.0,-0.75,-0.25,0.1316228152564858,0.20719970801658297,0.026307119824957165,0.07313912964259833,0.0004721358025326205,0.01409171187070044,0.015751781397789585
analysis-1cc1441dec4744a18d7ac73763507a6c,CFG_LB_AL2395_B0_WFS_EDOF_EPD5,CAR_LB_AL2395_B0_WFS_EPD5,LB_AL2395,B0,WFS,EDOF,5.0,-1.0,-0.5,0.13790769610679052,0.07659170058902959,0.1477490200104328,0.040462717748883145,0.06031983527779197,0.02685940429161935,0.0015283669387151618
analysis-1cc1441dec4744a18d7ac73763507a6c,CFG_LB_AL2395_B0_WFS_EDOF_EPD5,CAR_LB_AL2395_B0_WFS_EPD5,LB_AL2395,B0,WFS,EDOF,5.0,-1.25,-0.75,0.12816112100953117,0.029872153217457106,0.08285023088974408,0.08766575712169156,0.02691777976471945,0.047674505736609314,0.008314757945020207
analysis-1cc1441dec4744a18d7ac73763507a6c,CFG_LB_AL2395_B0_WFS_EDOF_EPD5,CAR_LB_AL2395_B0_WFS_EPD5,LB_AL2395,B0,WFS,EDOF,5.0,-1.5,-1.0,0.08916123961349606,0.04075185738418597,0.027915170413383206,0.028498784997476982,0.01837516853840881,0.02657242803664843,0.014289235469369489
analysis-1cc1441dec4744a18d7ac73763507a6c,CFG_LB_AL2395_B0_WFS_EDOF_EPD5,CAR_LB_AL2395_B0_WFS_EPD5,LB_AL2395,B0,WFS,EDOF,5.0,-1.75,-1.25,0.07529552237240784,0.11250212197712754,0.06000469402074289,0.049941140514817864,0.03448600892125128,0.01640159081883486,0.013649366668151853
analysis-1cc1441dec4744a18d7ac73763507a6c,CFG_LB_AL2395_B0_WFS_EDOF_EPD5,CAR_LB_AL2395_B0_WFS_EPD5,LB_AL2395,B0,WFS,EDOF,5.0,-2.0,-1.5,0.06856880629707389,0.10598995222381702,0.032775472393753634,0.009749365229990602,0.028809206496415815,0.018630782124917415,0.006585644196126857
analysis-1cc1441dec4744a18d7ac73763507a6c,CFG_LB_AL2395_B0_WFS_EDOF_EPD5,CAR_LB_AL2395_B0_WFS_EPD5,LB_AL2395,B0,WFS,EDOF,5.0,-2.25,-1.75,0.06091643980906598,0.049071002079434836,0.034100531743679253,0.030681633560114642,0.010006578895430043,0.018171844454455285,0.00919530193935197
analysis-1cc1441dec4744a18d7ac73763507a6c,CFG_LB_AL2395_B0_WFS_EDOF_EPD5,CAR_LB_AL2395_B0_WFS_EPD5,LB_AL2395,B0,WFS,EDOF,5.0,-2.5,-2.0,0.054903392263070595,0.06747736048203444,0.04303619483293492,0.003013524350818957,0.00035279828957381553,0.006477939641577713,0.003455654261309812
analysis-1cc1441dec4744a18d7ac73763507a6c,CFG_LB_AL2395_B0_WFS_EDOF_EPD5,CAR_LB_AL2395_B0_WFS_EPD5,LB_AL2395,B0,WFS,EDOF,5.0,-2.75,-2.25,0.04970308201967414,0.06340954811493268,0.04774846186436534,0.024321220927492934,0.0026254953813097514,0.005973858447106292,0.0016195924137879683
analysis-1cc1441dec4744a18d7ac73763507a6c,CFG_LB_AL2395_B0_WFS_EDOF_EPD5,CAR_LB_AL2395_B0_WFS_EPD5,LB_AL2395,B0,WFS,EDOF,5.0,-3.0,-2.5,0.043730738575956454,0.0015002291789225496,0.03603943179945199,0.01563860926527342,0.005363692475735,0.009264278044503367,0.0033360563444105326
analysis-1cc1441dec4744a18d7ac73763507a6c,CFG_LB_AL2395_C0_HOA_MONO_EPD3,CAR_LB_AL2395_C0_HOA_EPD3,LB_AL2395,C0,HOA,MONO,3.0,0.5,0.5,0.1565199717887861,0.3615402189072977,0.06587416109549986,0.008959001310301654,0.0061932813961564645,0.011653783922065463,0.015033571567500034
analysis-1cc1441dec4744a18d7ac73763507a6c,CFG_LB_AL2395_C0_HOA_MONO_EPD3,CAR_LB_AL2395_C0_HOA_EPD3,LB_AL2395,C0,HOA,MONO,3.0,0.25,0.25,0.35046220219760726,0.6652833366762747,0.4072951423347376,0.26300364304897733,0.16417902561014835,0.09180544009053077,0.04692807760035357
analysis-1cc1441dec4744a18d7ac73763507a6c,CFG_LB_AL2395_C0_HOA_MONO_EPD3,CAR_LB_AL2395_C0_HOA_EPD3,LB_AL2395,C0,HOA,MONO,3.0,0.0,0.0,0.5746626968460009,0.8319718181081449,0.6779585552931302,0.5460877236799493,0.4357289741347891,0.3395746786199419,0.24044242386806158
analysis-1cc1441dec4744a18d7ac73763507a6c,CFG_LB_AL2395_C0_HOA_MONO_EPD3,CAR_LB_AL2395_C0_HOA_EPD3,LB_AL2395,C0,HOA,MONO,3.0,-0.25,-0.25,0.3057180319707337,0.7292589234153656,0.34824924977339033,0.1136935846660393,0.048556351143909215,0.06084497137089517,0.09529591350100293
analysis-1cc1441dec4744a18d7ac73763507a6c,CFG_LB_AL2395_C0_HOA_MONO_EPD3,CAR_LB_AL2395_C0_HOA_EPD3,LB_AL2395,C0,HOA,MONO,3.0,-0.5,-0.5,0.173335790488691,0.3960400333038988,0.10166559173488741,0.07280591682887161,0.0073830713928997255,0.0027117577976924737,0.013243918389224963
analysis-1cc1441dec4744a18d7ac73763507a6c,CFG_LB_AL2395_C0_HOA_MONO_EPD3,CAR_LB_AL2395_C0_HOA_EPD3,LB_AL2395,C0,HOA,MONO,3.0,-0.75,-0.75,0.1358890567597296,0.02880478996610876,0.06179901059186107,0.06587216320801326,0.025506997118218945,0.016220373794312418,0.019006998703168076
analysis-1cc1441dec4744a18d7ac73763507a6c,CFG_LB_AL2395_C0_HOA_MONO_EPD3,CAR_LB_AL2395_C0_HOA_EPD3,LB_AL2395,C0,HOA,MONO,3.0,-1.0,-1.0,0.10260156350376155,0.1677757043399982,0.08298715145047143,0.02434169216296055,0.012779238935932172,0.00652356179547799,0.006763311327164572
analysis-1cc1441dec4744a18d7ac73763507a6c,CFG_LB_AL2395_C0_HOA_MONO_EPD3,CAR_LB_AL2395_C0_HOA_EPD3,LB_AL2395,C0,HOA,MONO,3.0,-1.25,-1.25,0.08404709829311144,0.13818532494753008,0.005339028481445685,0.010858776948423285,0.012975124756654225,0.007667983984671186,0.005977203187593369
analysis-1cc1441dec4744a18d7ac73763507a6c,CFG_LB_AL2395_C0_HOA_MONO_EPD3,CAR_LB_AL2395_C0_HOA_EPD3,LB_AL2395,C0,HOA,MONO,3.0,-1.5,-1.5,0.06923558001827826,0.0008391304590280157,0.03080686408854912,0.002288463726715369,0.008242733269041711,0.003909048866523407,0.001787826112692248
analysis-1cc1441dec4744a18d7ac73763507a6c,CFG_LB_AL2395_C0_HOA_MONO_EPD3,CAR_LB_AL2395_C0_HOA_EPD3,LB_AL2395,C0,HOA,MONO,3.0,-1.75,-1.75,0.059514708993105285,0.08666340170998928,0.029130289994331655,0.005126035888300256,0.006974642024407756,0.0056423875796719975,0.00044609012679468294
analysis-1cc1441dec4744a18d7ac73763507a6c,CFG_LB_AL2395_C0_HOA_MONO_EPD3,CAR_LB_AL2395_C0_HOA_EPD3,LB_AL2395,C0,HOA,MONO,3.0,-2.0,-2.0,0.052060604409816164,0.05778020841085807,0.0036447267968559376,0.009182285008833484,0.0058863830300733356,0.0039365979429214016,0.001599038469224007
analysis-1cc1441dec4744a18d7ac73763507a6c,CFG_LB_AL2395_C0_HOA_MONO_EPD3,CAR_LB_AL2395_C0_HOA_EPD3,LB_AL2395,C0,HOA,MONO,3.0,-2.25,-2.25,0.0458655739097585,0.018852813921138866,0.012802813118846717,0.00693638380822993,0.006206987001858352,0.0032157121943720743,0.002237131421624977
analysis-1cc1441dec4744a18d7ac73763507a6c,CFG_LB_AL2395_C0_HOA_MONO_EPD3,CAR_LB_AL2395_C0_HOA_EPD3,LB_AL2395,C0,HOA,MONO,3.0,-2.5,-2.5,0.04118644355309104,0.04825658765188641,0.01590076036358702,0.007974904434552954,0.004394646050724569,0.0031062038832567673,0.0019012043680985996
analysis-1cc1441dec4744a18d7ac73763507a6c,CFG_LB_AL2395_C0_HOA_MONO_EPD3,CAR_LB_AL2395_C0_HOA_EPD3,LB_AL2395,C0,HOA,MONO,3.0,-2.75,-2.75,0.03730589977524201,0.01281155718116311,0.006170895439799202,0.006922782613894152,0.003653548121270261,0.002291981937286942,0.002341705343049329
analysis-1cc1441dec4744a18d7ac73763507a6c,CFG_LB_AL2395_C0_HOA_MONO_EPD3,CAR_LB_AL2395_C0_HOA_EPD3,LB_AL2395,C0,HOA,MONO,3.0,-3.0,-3.0,0.0341713168275539,0.028255381303093356,0.005172730651262344,0.005870405826454134,0.0033048671014885636,0.001820620638189852,0.0013105442058451268
analysis-1cc1441dec4744a18d7ac73763507a6c,CFG_LB_AL2395_C0_HOA_MONO_EPD5,CAR_LB_AL2395_C0_HOA_EPD5,LB_AL2395,C0,HOA,MONO,5.0,0.5,0.5,0.13423193738001876,0.15991018519076544,0.09116549602569779,0.03349715500260052,0.014565962978675932,0.00843472522965176,0.0201775038138044
analysis-1cc1441dec4744a18d7ac73763507a6c,CFG_LB_AL2395_C0_HOA_MONO_EPD5,CAR_LB_AL2395_C0_HOA_EPD5,LB_AL2395,C0,HOA,MONO,5.0,0.25,0.25,0.16965199297399508,0.1959342490747947,0.11128150938236277,0.07472692707949899,0.06735214593342138,0.06405752417783141,0.054200638204327814
analysis-1cc1441dec4744a18d7ac73763507a6c,CFG_LB_AL2395_C0_HOA_MONO_EPD5,CAR_LB_AL2395_C0_HOA_EPD5,LB_AL2395,C0,HOA,MONO,5.0,0.0,0.0,0.30066517102567164,0.4753421299082905,0.2907900361734406,0.22551697684117378,0.20453633275213687,0.1803038302265592,0.13502140252684028
analysis-1cc1441dec4744a18d7ac73763507a6c,CFG_LB_AL2395_C0_HOA_MONO_EPD5,CAR_LB_AL2395_C0_HOA_EPD5,LB_AL2395,C0,HOA,MONO,5.0,-0.25,-0.25,0.2086660949072467,0.4619566842390746,0.28510520470368894,0.11953781683382246,0.036766168202067184,0.01949532908534753,0.03513669913404058
analysis-1cc1441dec4744a18d7ac73763507a6c,CFG_LB_AL2395_C0_HOA_MONO_EPD5,CAR_LB_AL2395_C0_HOA_EPD5,LB_AL2395,C0,HOA,MONO,5.0,-0.5,-0.5,0.11387910260397868,0.1714138473322811,0.08940098044182627,0.02557930699543977,0.030956091310733607,0.01896525590079105,0.013697981942779535
analysis-1cc1441dec4744a18d7ac73763507a6c,CFG_LB_AL2395_C0_HOA_MONO_EPD5,CAR_LB_AL2395_C0_HOA_EPD5,LB_AL2395,C0,HOA,MONO,5.0,-0.75,-0.75,0.0773216855530974,0.018416901278546272,0.011444568282857788,0.032498455509529345,0.013527807535058,0.003967123935271161,0.002136429938809184
analysis-1cc1441dec4744a18d7ac73763507a6c,CFG_LB_AL2395_C0_HOA_MONO_EPD5,CAR_LB_AL2395_C0_HOA_EPD5,LB_AL2395,C0,HOA,MONO,5.0,-1.0,-1.0,0.05943063850559733,0.09760988866633971,0.04768093789998903,0.01218350512117,0.0027126348953417354,0.0038981961051952818,0.003108348649503615
analysis-1cc1441dec4744a18d7ac73763507a6c,CFG_LB_AL2395_C0_HOA_MONO_EPD5,CAR_LB_AL2395_C0_HOA_EPD5,LB_AL2395,C0,HOA,MONO,5.0,-1.25,-1.25,0.04605981963563984,0.06864472347207974,0.031538972276466744,0.0022536172681042466,0.004201028374564581,0.0008862776417301998,5.700873619952052e-05
analysis-1cc1441dec4744a18d7ac73763507a6c,CFG_LB_AL2395_C0_HOA_MONO_EPD5,CAR_LB_AL2395_C0_HOA_EPD5,LB_AL2395,C0,HOA,MONO,5.0,-1.5,-1.5,0.03736974157095761,0.05038572406046136,0.00966992546586179,0.004762478204154266,0.0028721155296479468,0.0017292485537221257,0.0011882851397263885
analysis-1cc1441dec4744a18d7ac73763507a6c,CFG_LB_AL2395_C0_HOA_MONO_EPD5,CAR_LB_AL2395_C0_HOA_EPD5,LB_AL2395,C0,HOA,MONO,5.0,-1.75,-1.75,0.029878158300786082,0.04945247761797932,0.0039413976225055655,0.002443040530140172,0.002213333790911204,0.0008634193461850288,0.0018981195611015643
analysis-1cc1441dec4744a18d7ac73763507a6c,CFG_LB_AL2395_C0_HOA_MONO_EPD5,CAR_LB_AL2395_C0_HOA_EPD5,LB_AL2395,C0,HOA,MONO,5.0,-2.0,-2.0,0.025957082854718552,0.024865194915263362,0.006871859787576513,0.0008706056069668023,0.00038436690100580607,0.0013142948118610091,0.00016058347462817078
analysis-1cc1441dec4744a18d7ac73763507a6c,CFG_LB_AL2395_C0_HOA_MONO_EPD5,CAR_LB_AL2395_C0_HOA_EPD5,LB_AL2395,C0,HOA,MONO,5.0,-2.25,-2.25,0.022255568316123894,0.020987714033310633,0.004362563196686631,0.0006862368995100237,9.997933167393198e-05,0.0007789245964491239,0.0002396385331888699
analysis-1cc1441dec4744a18d7ac73763507a6c,CFG_LB_AL2395_C0_HOA_MONO_EPD5,CAR_LB_AL2395_C0_HOA_EPD5,LB_AL2395,C0,HOA,MONO,5.0,-2.5,-2.5,0.020972448609370968,0.008465198731370473,0.0001681083456189432,0.0022335316682540814,0.0006157721321391407,0.0009240557785316376,0.0008385583413353256
analysis-1cc1441dec4744a18d7ac73763507a6c,CFG_LB_AL2395_C0_HOA_MONO_EPD5,CAR_LB_AL2395_C0_HOA_EPD5,LB_AL2395,C0,HOA,MONO,5.0,-2.75,-2.75,0.01824271722990745,0.010505742502537921,0.0014022051577537446,0.001857401817848468,0.0011257891264767183,0.0003304567156634014,0.0005129055156619966
analysis-1cc1441dec4744a18d7ac73763507a6c,CFG_LB_AL2395_C0_HOA_MONO_EPD5,CAR_LB_AL2395_C0_HOA_EPD5,LB_AL2395,C0,HOA,MONO,5.0,-3.0,-3.0,0.015763529692113507,0.007319527976689848,0.00015015348215358695,0.0006632339103562002,0.0009176537251192848,0.0016715387616075767,0.0003401258731527707
analysis-1cc1441dec4744a18d7ac73763507a6c,CFG_LB_AL2395_C0_HOA_EDOF_EPD3,CAR_LB_AL2395_C0_HOA_EPD3,LB_AL2395,C0,HOA,EDOF,3.0,0.5,0.75,0.08630872710762082,0.04315040036678627,0.048888635590483426,0.042879746121345555,0.036210902445412516,0.019745676105987847,0.01882009648099666
analysis-1cc1441dec4744a18d7ac73763507a6c,CFG_LB_AL2395_C0_HOA_EDOF_EPD3,CAR_LB_AL2395_C0_HOA_EPD3,LB_AL2395,C0,HOA,EDOF,3.0,0.25,0.5,0.06765659093475855,0.06975880833275422,0.020427132992100867,0.00724864917463361,0.007741002098646038,0.0011745275576930175,0.027419848567285268
analysis-1cc1441dec4744a18d7ac73763507a6c,CFG_LB_AL2395_C0_HOA_EDOF_EPD3,CAR_LB_AL2395_C0_HOA_EPD3,LB_AL2395,C0,HOA,EDOF,3.0,0.0,0.25,0.0927966199969202,0.12655074599393468,0.04846420262098769,0.024263060523907483,0.03515101283034507,0.02990146721590947,0.021269443815235007
analysis-1cc1441dec4744a18d7ac73763507a6c,CFG_LB_AL2395_C0_HOA_EDOF_EPD3,CAR_LB_AL2395_C0_HOA_EPD3,LB_AL2395,C0,HOA,EDOF,3.0,-0.25,0.0,0.1496199049553246,0.17909835749991088,0.15364529098338248,0.1178925526688176,0.06867793278930774,0.07173548821278161,0.09197682803716412
analysis-1cc1441dec4744a18d7ac73763507a6c,CFG_LB_AL2395_C0_HOA_EDOF_EPD3,CAR_LB_AL2395_C0_HOA_EPD3,LB_AL2395,C0,HOA,EDOF,3.0,-0.5,-0.25,0.11154805628665916,0.1822527724104583,0.08380318773432621,0.050519858925825084,0.04729137206972685,0.01654154007989924,0.030903944645509225
analysis-1cc1441dec4744a18d7ac73763507a6c,CFG_LB_AL2395_C0_HOA_EDOF_EPD3,CAR_LB_AL2395_C0_HOA_EPD3,LB_AL2395,C0,HOA,EDOF,3.0,-0.75,-0.5,0.08204420034473789,0.12381606097279413,0.020332401487381344,0.011863661559452024,0.04645594760460147,0.007924192463267993,0.002441413175050944
analysis-1cc1441dec4744a18d7ac73763507a6c,CFG_LB_AL2395_C0_HOA_EDOF_EPD3,CAR_LB_AL2395_C0_HOA_EPD3,LB_AL2395,C0,HOA,EDOF,3.0,-1.0,-0.75,0.08315952299566821,0.04217136577968378,0.03931663042804639,0.044894986569973684,0.05267353565208367,0.027915045561043836,0.043678394897491396
analysis-1cc1441dec4744a18d7ac73763507a6c,CFG_LB_AL2395_C0_HOA_EDOF_EPD3,CAR_LB_AL2395_C0_HOA_EPD3,LB_AL2395,C0,HOA,EDOF,3.0,-1.25,-1.0,0.06584804201608982,0.004456592806310563,0.07884839826563073,0.015463739783740667,0.023155726379333892,0.027468617970684752,0.02035798434255774
analysis-1cc1441dec4744a18d7ac73763507a6c,CFG_LB_AL2395_C0_HOA_EDOF_EPD3,CAR_LB_AL2395_C0_HOA_EPD3,LB_AL2395,C0,HOA,EDOF,3.0,-1.5,-1.25,0.05809511021222956,0.009007892057296263,0.014175896539200906,0.02277735684110241,0.016374513998693087,0.017035576169380354,0.005055070640505241
analysis-1cc1441dec4744a18d7ac73763507a6c,CFG_LB_AL2395_C0_HOA_EDOF_EPD3,CAR_LB_AL2395_C0_HOA_EPD3,LB_AL2395,C0,HOA,EDOF,3.0,-1.75,-1.5,0.0474951656455093,0.05159126595308533,0.013485933495341766,0.010754817811810244,0.001763442924526814,0.0030766016359499273,0.014028568902218834
analysis-1cc1441dec4744a18d7ac73763507a6c,CFG_LB_AL2395_C0_HOA_EDOF_EPD3,CAR_LB_AL2395_C0_HOA_EPD3,LB_AL2395,C0,HOA,EDOF,3.0,-2.0,-1.75,0.040857098636814436,0.06875038909679831,0.022941992100699138,0.009031531102516182,0.0024820923341770194,0.014493941517267992,0.0015067734216349976
analysis-1cc1441dec4744a18d7ac73763507a6c,CFG_LB_AL2395_C0_HOA_EDOF_EPD3,CAR_LB_AL2395_C0_HOA_EPD3,LB_AL2395,C0,HOA,EDOF,3.0,-2.25,-2.0,0.04323420857041753,0.03874714016467114,0.002597318119034571,0.029258845394563054,0.0026242813398802203,0.006142592568808709,0.014722219548019097
analysis-1cc1441dec4744a18d7ac73763507a6c,CFG_LB_AL2395_C0_HOA_EDOF_EPD3,CAR_LB_AL2395_C0_HOA_EPD3,LB_AL2395,C0,HOA,EDOF,3.0,-2.5,-2.25,0.043869086365033526,0.005924830765745366,0.040178617304531594,0.015239484311052966,0.0014663287610062004,0.04063082487793072,0.004497664329607605
analysis-1cc1441dec4744a18d7ac73763507a6c,CFG_LB_AL2395_C0_HOA_EDOF_EPD3,CAR_LB_AL2395_C0_HOA_EPD3,LB_AL2395,C0,HOA,EDOF,3.0,-2.75,-2.5,0.040872117722704264,0.015789887217444586,0.044394210558267956,0.01768141403954145,0.018563742873464142,0.0011447290164217452,0.009653757136663273
analysis-1cc1441dec4744a18d7ac73763507a6c,CFG_LB_AL2395_C0_HOA_EDOF_EPD3,CAR_LB_AL2395_C0_HOA_EPD3,LB_AL2395,C0,HOA,EDOF,3.0,-3.0,-2.75,0.03345836212735152,0.019776022005365827,0.021584497331139256,0.0011715007121888919,0.0025253551933778944,0.010214145448254684,0.002047162828337689
analysis-1cc1441dec4744a18d7ac73763507a6c,CFG_LB_AL2395_C0_HOA_EDOF_EPD5,CAR_LB_AL2395_C0_HOA_EPD5,LB_AL2395,C0,HOA,EDOF,5.0,0.5,0.75,0.0988254253783735,0.04505088402797989,0.04849268149039887,0.037646041723168655,0.025443177424892535,0.002174745573566719,0.0002019470432382801
analysis-1cc1441dec4744a18d7ac73763507a6c,CFG_LB_AL2395_C0_HOA_EDOF_EPD5,CAR_LB_AL2395_C0_HOA_EPD5,LB_AL2395,C0,HOA,EDOF,5.0,0.25,0.5,0.08203815945767108,0.018689789650676455,0.011311668992696351,0.02658969252277974,0.014322082377630455,0.005392455509354153,0.006478156833174888
analysis-1cc1441dec4744a18d7ac73763507a6c,CFG_LB_AL2395_C0_HOA_EDOF_EPD5,CAR_LB_AL2395_C0_HOA_EPD5,LB_AL2395,C0,HOA,EDOF,5.0,0.0,0.25,0.09844326242882924,0.2229232719466564,0.04719483530090046,0.010281833634553861,0.02104469390703414,0.007139896148871283,0.011340300971402682
analysis-1cc1441dec4744a18d7ac73763507a6c,CFG_LB_AL2395_C0_HOA_EDOF_EPD5,CAR_LB_AL2395_C0_HOA_EPD5,LB_AL2395,C0,HOA,EDOF,5.0,-0.25,0.0,0.17153173536983995,0.26843830844048466,0.17264733809068494,0.13946179016569488,0.07042661271353458,0.08414296265433215,0.08441666984790991
analysis-1cc1441dec4744a18d7ac73763507a6c,CFG_LB_AL2395_C0_HOA_EDOF_EPD5,CAR_LB_AL2395_C0_HOA_EPD5,LB_AL2395,C0,HOA,EDOF,5.0,-0.5,-0.25,0.08564608422321392,0.10002176986229286,0.050022556413451345,0.029794226938038657,0.011584734344247163,0.023182676253289014,0.011305537260711922
analysis-1cc1441dec4744a18d7ac73763507a6c,CFG_LB_AL2395_C0_HOA_EDOF_EPD5,CAR_LB_AL2395_C0_HOA_EPD5,LB_AL2395,C0,HOA,EDOF,5.0,-0.75,-0.5,0.05216225160784761,0.019683192466826663,0.032300486445472495,0.008112098487019352,0.007162287166878057,0.005615218338258451,0.005795372031282931
analysis-1cc1441dec4744a18d7ac73763507a6c,CFG_LB_AL2395_C0_HOA_EDOF_EPD5,CAR_LB_AL2395_C0_HOA_EPD5,LB_AL2395,C0,HOA,EDOF,5.0,-1.0,-0.75,0.04238967485859758,0.02143584614495366,0.01824611790762922,0.0032126706989020377,0.00464493137462739,0.0005894332733789154,0.012961453534139064
analysis-1cc1441dec4744a18d7ac73763507a6c,CFG_LB_AL2395_C0_HOA_EDOF_EPD5,CAR_LB_AL2395_C0_HOA_EPD5,LB_AL2395,C0,HOA,EDOF,5.0,-1.25,-1.0,0.04179103887462777,0.023171481377882646,0.031929261989851,0.026864108102358716,0.008856311782988183,0.010923650590659886,0.005373294555488076
analysis-1cc1441dec4744a18d7ac73763507a6c,CFG_LB_AL2395_C0_HOA_EDOF_EPD5,CAR_LB_AL2395_C0_HOA_EPD5,LB_AL2395,C0,HOA,EDOF,5.0,-1.5,-1.25,0.034162430405360246,0.05042818934849638,0.00020588296900647457,0.012966753589309172,0.002245386052313622,0.009279630671042222,0.001815822614577485
analysis-1cc1441dec4744a18d7ac73763507a6c,CFG_LB_AL2395_C0_HOA_EDOF_EPD5,CAR_LB_AL2395_C0_HOA_EPD5,LB_AL2395,C0,HOA,EDOF,5.0,-1.75,-1.5,0.027865527410944523,0.03698902266753313,0.015215312954285388,0.009761501518254329,0.000836232800629753,0.0008561971251343748,0.004255514987251101
analysis-1cc1441dec4744a18d7ac73763507a6c,CFG_LB_AL2395_C0_HOA_EDOF_EPD5,CAR_LB_AL2395_C0_HOA_EPD5,LB_AL2395,C0,HOA,EDOF,5.0,-2.0,-1.75,0.024941800319943263,0.01816080403899889,0.005353805685748727,0.006400863286061661,0.0007922725015272301,0.009371841147529657,0.0031538607150259426
analysis-1cc1441dec4744a18d7ac73763507a6c,CFG_LB_AL2395_C0_HOA_EDOF_EPD5,CAR_LB_AL2395_C0_HOA_EPD5,LB_AL2395,C0,HOA,EDOF,5.0,-2.25,-2.0,0.023843124070350493,0.0019871197895676646,0.007576717298534617,0.0023170904065526747,0.0017486099005303052,0.0014082368178614541,0.003170036057911145
analysis-1cc1441dec4744a18d7ac73763507a6c,CFG_LB_AL2395_C0_HOA_EDOF_EPD5,CAR_LB_AL2395_C0_HOA_EPD5,LB_AL2395,C0,HOA,EDOF,5.0,-2.5,-2.25,0.024214272493637737,0.023199481050431812,0.010966098231293865,0.018008920289484854,0.0016594390385929543,0.017105903551088146,0.005220317157762384
analysis-1cc1441dec4744a18d7ac73763507a6c,CFG_LB_AL2395_C0_HOA_EDOF_EPD5,CAR_LB_AL2395_C0_HOA_EPD5,LB_AL2395,C0,HOA,EDOF,5.0,-2.75,-2.5,0.019825425401786126,0.0072497038338838055,0.017155707119365222,0.0030995317387481312,0.007896423608512053,0.00018534147553633232,0.001610561109142848
analysis-1cc1441dec4744a18d7ac73763507a6c,CFG_LB_AL2395_C0_HOA_EDOF_EPD5,CAR_LB_AL2395_C0_HOA_EPD5,LB_AL2395,C0,HOA,EDOF,5.0,-3.0,-2.75,0.017259997188332852,0.011601255172223567,0.009217884435717128,0.0003603364157413885,8.050685808284963e-05,0.005047330955740861,0.0011978391542524559
analysis-1cc1441dec4744a18d7ac73763507a6c,CFG_LB_AL2395_C0_RAD_MONO_EPD3,CAR_LB_AL2395_C0_RAD_EPD3,LB_AL2395,C0,RAD,MONO,3.0,0.5,0.5,0.16291685211095136,0.3673774658180644,0.022844549803344303,0.05161791442703068,0.025479540045279837,0.01558187961719691,0.017559307839730455
analysis-1cc1441dec4744a18d7ac73763507a6c,CFG_LB_AL2395_C0_RAD_MONO_EPD3,CAR_LB_AL2395_C0_RAD_EPD3,LB_AL2395,C0,RAD,MONO,3.0,0.25,0.25,0.3346313139465767,0.7048144955801539,0.3936469448036753,0.20528419868677772,0.11199693546439053,0.0734003164240129,0.061553217587426566
analysis-1cc1441dec4744a18d7ac73763507a6c,CFG_LB_AL2395_C0_RAD_MONO_EPD3,CAR_LB_AL2395_C0_RAD_EPD3,LB_AL2395,C0,RAD,MONO,3.0,0.0,0.0,0.6056301339594197,0.8629388782702826,0.7279271136499095,0.5972686735317211,0.47206593323315715,0.3541015420329302,0.24444469042900208
analysis-1cc1441dec4744a18d7ac73763507a6c,CFG_LB_AL2395_C0_RAD_MONO_EPD3,CAR_LB_AL2395_C0_RAD_EPD3,LB_AL2395,C0,RAD,MONO,3.0,-0.25,-0.25,0.3349861423558531,0.7278933089289534,0.3937288518483037,0.1846110652822399,0.09803909407908906,0.07737919002551688,0.0810236040112131
analysis-1cc1441dec4744a18d7ac73763507a6c,CFG_LB_AL2395_C0_RAD_MONO_EPD3,CAR_LB_AL2395_C0_RAD_EPD3,LB_AL2395,C0,RAD,MONO,3.0,-0.5,-0.5,0.17217026010384515,0.3803994505963359,0.05817573914124072,0.07069810114369018,0.02842164686771855,0.01718652901200809,0.019107680037043728
analysis-1cc1441dec4744a18d7ac73763507a6c,CFG_LB_AL2395_C0_RAD_MONO_EPD3,CAR_LB_AL2395_C0_RAD_EPD3,LB_AL2395,C0,RAD,MONO,3.0,-0.75,-0.75,0.12220067466384107,0.0373299711982138,0.043690719427573056,0.04400649075531657,0.02299818182314967,0.01513043655196385,0.016084494722764787
analysis-1cc1441dec4744a18d7ac73763507a6c,CFG_LB_AL2395_C0_RAD_MONO_EPD3,CAR_LB_AL2395_C0_RAD_EPD3,LB_AL2395,C0,RAD,MONO,3.0,-1.0,-1.0,0.09146495366418474,0.12089662857095958,0.054831889103844636,0.01811023210898413,0.01192095685311612,0.007499455018222988,0.0072330271086437446
analysis-1cc1441dec4744a18d7ac73763507a6c,CFG_LB_AL2395_C0_RAD_MONO_EPD3,CAR_LB_AL2395_C0_RAD_EPD3,LB_AL2395,C0,RAD,MONO,3.0,-1.25,-1.25,0.07406749710829943,0.08206208680846838,0.014073365885637538,0.010429148752526983,0.01087212499326085,0.0074842326686936035,0.005571932479074425
analysis-1cc1441dec4744a18d7ac73763507a6c,CFG_LB_AL2395_C0_RAD_MONO_EPD3,CAR_LB_AL2395_C0_RAD_EPD3,LB_AL2395,C0,RAD,MONO,3.0,-1.5,-1.5,0.06154826657024163,0.022905019224135955,0.012025872917350206,0.0014291215772312899,0.007614611892341668,0.004067779507762593,0.002290644388432749
analysis-1cc1441dec4744a18d7ac73763507a6c,CFG_LB_AL2395_C0_RAD_MONO_EPD3,CAR_LB_AL2395_C0_RAD_EPD3,LB_AL2395,C0,RAD,MONO,3.0,-1.75,-1.75,0.05274388631665514,0.06329165475690847,0.021547397413988423,0.0009584635555900441,0.006057888808351005,0.005186141998539527,0.00032126958283578403
analysis-1cc1441dec4744a18d7ac73763507a6c,CFG_LB_AL2395_C0_RAD_MONO_EPD3,CAR_LB_AL2395_C0_RAD_EPD3,LB_AL2395,C0,RAD,MONO,3.0,-2.0,-2.0,0.04660042900752325,0.020989906372455236,0.010942770792149111,0.0056224560876293956,0.004857459008149225,0.004317193977304035,0.0016592740291545415
analysis-1cc1441dec4744a18d7ac73763507a6c,CFG_LB_AL2395_C0_RAD_MONO_EPD3,CAR_LB_AL2395_C0_RAD_EPD3,LB_AL2395,C0,RAD,MONO,3.0,-2.25,-2.25,0.04099007585425953,0.02971978666588756,0.002047281653412091,0.004628261719343666,0.005542803123044478,0.0032689405052428798,0.002276709472071488
analysis-1cc1441dec4744a18d7ac73763507a6c,CFG_LB_AL2395_C0_RAD_MONO_EPD3,CAR_LB_AL2395_C0_RAD_EPD3,LB_AL2395,C0,RAD,MONO,3.0,-2.5,-2.5,0.03701855835473973,0.02835650221874192,0.01081175496326432,0.005706959003653263,0.004454878856987727,0.003237116067189232,0.0018895727784837566
analysis-1cc1441dec4744a18d7ac73763507a6c,CFG_LB_AL2395_C0_RAD_MONO_EPD3,CAR_LB_AL2395_C0_RAD_EPD3,LB_AL2395,C0,RAD,MONO,3.0,-2.75,-2.75,0.034199701088893766,0.008334552143539925,0.009813740453693178,0.00579685251352675,0.003460390108642292,0.0023787603596813526,0.002150068785739272
analysis-1cc1441dec4744a18d7ac73763507a6c,CFG_LB_AL2395_C0_RAD_MONO_EPD3,CAR_LB_AL2395_C0_RAD_EPD3,LB_AL2395,C0,RAD,MONO,3.0,-3.0,-3.0,0.03125981792394363,0.02565161960485299,0.0018206970961428732,0.006031312986529114,0.0030000041421064487,0.0017446785014834116,0.0012050364172523386
analysis-1cc1441dec4744a18d7ac73763507a6c,CFG_LB_AL2395_C0_RAD_MONO_EPD5,CAR_LB_AL2395_C0_RAD_EPD5,LB_AL2395,C0,RAD,MONO,5.0,0.5,0.5,0.10775901483264796,0.17092321520036172,0.01659733340604186,0.042861450919020445,0.04443358532401727,0.0342273380524039,0.026588545004633438
analysis-1cc1441dec4744a18d7ac73763507a6c,CFG_LB_AL2395_C0_RAD_MONO_EPD5,CAR_LB_AL2395_C0_RAD_EPD5,LB_AL2395,C0,RAD,MONO,5.0,0.25,0.25,0.15459921398025125,0.3353396934890852,0.13301485891955458,0.014324830644413401,0.026336437604301405,0.03182339157042875,0.028180222535312785
analysis-1cc1441dec4744a18d7ac73763507a6c,CFG_LB_AL2395_C0_RAD_MONO_EPD5,CAR_LB_AL2395_C0_RAD_EPD5,LB_AL2395,C0,RAD,MONO,5.0,0.0,0.0,0.3535724977304203,0.4662142693600295,0.406247668824649,0.3397057085253028,0.2815456123971226,0.22665642501131156,0.1743632048199197
analysis-1cc1441dec4744a18d7ac73763507a6c,CFG_LB_AL2395_C0_RAD_MONO_EPD5,CAR_LB_AL2395_C0_RAD_EPD5,LB_AL2395,C0,RAD,MONO,5.0,-0.25,-0.25,0.13529549855139586,0.34827646780840843,0.1335419061978894,0.026410692079862203,0.008565618280506192,0.011344995228422385,0.003043607682711781
analysis-1cc1441dec4744a18d7ac73763507a6c,CFG_LB_AL2395_C0_RAD_MONO_EPD5,CAR_LB_AL2395_C0_RAD_EPD5,LB_AL2395,C0,RAD,MONO,5.0,-0.5,-0.5,0.07559037303467776,0.08086438590943856,0.05622801500194083,0.001318744494938491,0.006252670335136254,0.005142848537660292,0.0052567983337356095
analysis-1cc1441dec4744a18d7ac73763507a6c,CFG_LB_AL2395_C0_RAD_MONO_EPD5,CAR_LB_AL2395_C0_RAD_EPD5,LB_AL2395,C0,RAD,MONO,5.0,-0.75,-0.75,0.052096333044168185,0.03661719364578519,0.01712892936744621,0.004858300120160363,0.006491590683692646,0.0005946533921478257,0.0007637133472840658
analysis-1cc1441dec4744a18d7ac73763507a6c,CFG_LB_AL2395_C0_RAD_MONO_EPD5,CAR_LB_AL2395_C0_RAD_EPD5,LB_AL2395,C0,RAD,MONO,5.0,-1.0,-1.0,0.03926664011372654,0.035450463570532116,0.0008211867808737515,0.0005824492439448005,0.0007544931315444848,0.000998236046808386,0.0021948508260173734
analysis-1cc1441dec4744a18d7ac73763507a6c,CFG_LB_AL2395_C0_RAD_MONO_EPD5,CAR_LB_AL2395_C0_RAD_EPD5,LB_AL2395,C0,RAD,MONO,5.0,-1.25,-1.25,0.0318774500692502,0.006560740953943269,0.006561712148200457,9.6199198538121e-05,0.0010918692340980997,0.0015245116152828092,0.000992565975969376
analysis-1cc1441dec4744a18d7ac73763507a6c,CFG_LB_AL2395_C0_RAD_MONO_EPD5,CAR_LB_AL2395_C0_RAD_EPD5,LB_AL2395,C0,RAD,MONO,5.0,-1.5,-1.5,0.026534523582811716,0.02066082047540032,0.00651567191601039,0.001266285379522942,5.634651759753072e-05,0.0009402431000443351,0.00013765088994099564
analysis-1cc1441dec4744a18d7ac73763507a6c,CFG_LB_AL2395_C0_RAD_MONO_EPD5,CAR_LB_AL2395_C0_RAD_EPD5,LB_AL2395,C0,RAD,MONO,5.0,-1.75,-1.75,0.023671330549257477,0.006224623762315527,0.0025042899560954552,0.0025733761699669165,0.0003476750441737831,0.000688846250252871,0.0005184442792316995
analysis-1cc1441dec4744a18d7ac73763507a6c,CFG_LB_AL2395_C0_RAD_MONO_EPD5,CAR_LB_AL2395_C0_RAD_EPD5,LB_AL2395,C0,RAD,MONO,5.0,-2.0,-2.0,0.019979471514416442,0.008397552034822169,0.0006481751517069466,0.002553019487237933,0.0006633496608594535,0.0006154296317613873,0.0006509914353930224
analysis-1cc1441dec4744a18d7ac73763507a6c,CFG_LB_AL2395_C0_RAD_MONO_EPD5,CAR_LB_AL2395_C0_RAD_EPD5,LB_AL2395,C0,RAD,MONO,5.0,-2.25,-2.25,0.017963615492277436,0.008427839618865021,0.00177144370368419,0.0006963430586581333,0.0003159391226863359,0.0006155441496091048,0.000463041710834386
analysis-1cc1441dec4744a18d7ac73763507a6c,CFG_LB_AL2395_C0_RAD_MONO_EPD5,CAR_LB_AL2395_C0_RAD_EPD5,LB_AL2395,C0,RAD,MONO,5.0,-2.5,-2.5,0.015585138433418558,0.004197263761022421,0.00041676686867127765,0.0002598244740165467,0.00021826353474707188,0.0008914976089760886,0.0012745019347924738
analysis-1cc1441dec4744a18d7ac73763507a6c,CFG_LB_AL2395_C0_RAD_MONO_EPD5,CAR_LB_AL2395_C0_RAD_EPD5,LB_AL2395,C0,RAD,MONO,5.0,-2.75,-2.75,0.013353065661523304,0.008569122890371761,0.0005912350193533436,0.0003061708218326276,0.000614195733544022,0.0011145023836795908,0.0008691932556477767
analysis-1cc1441dec4744a18d7ac73763507a6c,CFG_LB_AL2395_C0_RAD_MONO_EPD5,CAR_LB_AL2395_C0_RAD_EPD5,LB_AL2395,C0,RAD,MONO,5.0,-3.0,-3.0,0.014299142714035545,0.008594064394994036,0.0013364251385137493,0.00038902214321427165,0.0011234831308157066,0.00018492906430174247,2.7256158851687715e-05
analysis-1cc1441dec4744a18d7ac73763507a6c,CFG_LB_AL2395_C0_RAD_EDOF_EPD3,CAR_LB_AL2395_C0_RAD_EPD3,LB_AL2395,C0,RAD,EDOF,3.0,0.5,0.5,0.13678030909820396,0.300486291208465,0.07338759447362135,0.06166820513138094,0.04066593488345219,0.014805736466151301,0.0006301186596580502
analysis-1cc1441dec4744a18d7ac73763507a6c,CFG_LB_AL2395_C0_RAD_EDOF_EPD3,CAR_LB_AL2395_C0_RAD_EPD3,LB_AL2395,C0,RAD,EDOF,3.0,0.25,0.25,0.1767430787006499,0.35545312604113516,0.180703492819355,0.051534724954920674,0.016478710833480056,0.049290920098026554,0.034972266246141456
analysis-1cc1441dec4744a18d7ac73763507a6c,CFG_LB_AL2395_C0_RAD_EDOF_EPD3,CAR_LB_AL2395_C0_RAD_EPD3,LB_AL2395,C0,RAD,EDOF,3.0,0.0,0.0,0.32054851568877096,0.36645456844967883,0.3685083376691769,0.3127662506850646,0.23979774579214932,0.16331344345717833,0.11206918723762026
analysis-1cc1441dec4744a18d7ac73763507a6c,CFG_LB_AL2395_C0_RAD_EDOF_EPD3,CAR_LB_AL2395_C0_RAD_EPD3,LB_AL2395,C0,RAD,EDOF,3.0,-0.25,-0.25,0.1866714749585879,0.3355390849754203,0.2225133744040133,0.09800627861140362,0.030022659363630334,0.010314462253567587,0.015245979325480266
analysis-1cc1441dec4744a18d7ac73763507a6c,CFG_LB_AL2395_C0_RAD_EDOF_EPD3,CAR_LB_AL2395_C0_RAD_EPD3,LB_AL2395,C0,RAD,EDOF,3.0,-0.5,-0.5,0.14510253866822803,0.2803752917004722,0.002884085365593941,0.00405681848715455,0.05341951989359564,0.0005511004261815073,0.05991418641527073
analysis-1cc1441dec4744a18d7ac73763507a6c,CFG_LB_AL2395_C0_RAD_EDOF_EPD3,CAR_LB_AL2395_C0_RAD_EPD3,LB_AL2395,C0,RAD,EDOF,3.0,-0.75,-0.75,0.18281857606259347,0.22792504517993656,0.06862737135596492,0.11269537891955317,0.1073498017462836,0.12050861474737593,0.018418206287616833
analysis-1cc1441dec4744a18d7ac73763507a6c,CFG_LB_AL2395_C0_RAD_EDOF_EPD3,CAR_LB_AL2395_C0_RAD_EPD3,LB_AL2395,C0,RAD,EDOF,3.0,-1.0,-1.0,0.14926706976877607,0.19663653830850886,0.12001605451135061,0.018481539561323687,0.003944865953429785,0.0978046808658425,0.04512958571622368
analysis-1cc1441dec4744a18d7ac73763507a6c,CFG_LB_AL2395_C0_RAD_EDOF_EPD3,CAR_LB_AL2395_C0_RAD_EPD3,LB_AL2395,C0,RAD,EDOF,3.0,-1.25,-1.25,0.12576423770356665,0.1794293886646453,0.0037205114019040145,0.03818917649646897,0.015439659448232414,0.040688192567800555,0.06838821175406881
analysis-1cc1441dec4744a18d7ac73763507a6c,CFG_LB_AL2395_C0_RAD_EDOF_EPD3,CAR_LB_AL2395_C0_RAD_EPD3,LB_AL2395,C0,RAD,EDOF,3.0,-1.5,-1.5,0.13859125801866545,0.14813829385350907,0.03995825487364678,0.1162681137712051,0.07228565454311339,0.024384940981629136,0.06555890590142387
analysis-1cc1441dec4744a18d7ac73763507a6c,CFG_LB_AL2395_C0_RAD_EDOF_EPD3,CAR_LB_AL2395_C0_RAD_EPD3,LB_AL2395,C0,RAD,EDOF,3.0,-1.75,-1.75,0.1228116254158332,0.083315852827607,0.14861619100101747,0.054520854131185584,0.05586973284858232,0.03805931862039191,0.0540228426543726
analysis-1cc1441dec4744a18d7ac73763507a6c,CFG_LB_AL2395_C0_RAD_EDOF_EPD3,CAR_LB_AL2395_C0_RAD_EPD3,LB_AL2395,C0,RAD,EDOF,3.0,-2.0,-2.0,0.07778653470610714,0.002940980429064775,0.07122867138572715,0.017185293077119433,0.001744803934810269,0.01982210748763098,0.030699482010118087
analysis-1cc1441dec4744a18d7ac73763507a6c,CFG_LB_AL2395_C0_RAD_EDOF_EPD3,CAR_LB_AL2395_C0_RAD_EPD3,LB_AL2395,C0,RAD,EDOF,3.0,-2.25,-2.25,0.0637117707300326,0.04456578381679285,0.043856896450780586,0.006200217849019184,0.006335359563516747,0.010182100462362086,0.009604554810069246
analysis-1cc1441dec4744a18d7ac73763507a6c,CFG_LB_AL2395_C0_RAD_EDOF_EPD3,CAR_LB_AL2395_C0_RAD_EPD3,LB_AL2395,C0,RAD,EDOF,3.0,-2.5,-2.5,0.05797010245023979,0.02489438662223903,0.03731130678440561,0.030941450703101295,0.005253895070649939,0.00021667981043323132,0.007588888060923363
analysis-1cc1441dec4744a18d7ac73763507a6c,CFG_LB_AL2395_C0_RAD_EDOF_EPD3,CAR_LB_AL2395_C0_RAD_EPD3,LB_AL2395,C0,RAD,EDOF,3.0,-2.75,-2.75,0.05235873532601492,0.04198714343999141,0.024052024164560766,0.008145570899792136,0.006282916047190015,0.003797814192154366,0.0019873049406769682
analysis-1cc1441dec4744a18d7ac73763507a6c,CFG_LB_AL2395_C0_RAD_EDOF_EPD3,CAR_LB_AL2395_C0_RAD_EPD3,LB_AL2395,C0,RAD,EDOF,3.0,-3.0,-3.0,0.04781641958231744,0.0918625694738537,0.044731162908310126,0.002165695445504247,0.002451993005417811,0.0002470540910137187,0.002286702837917388
analysis-1cc1441dec4744a18d7ac73763507a6c,CFG_LB_AL2395_C0_RAD_EDOF_EPD5,CAR_LB_AL2395_C0_RAD_EPD5,LB_AL2395,C0,RAD,EDOF,5.0,0.5,0.5,0.1318647501030744,0.18679523839328815,0.04440560345111031,0.08463597970833771,0.08625212097274909,0.07236141123535134,0.06404678825909271
analysis-1cc1441dec4744a18d7ac73763507a6c,CFG_LB_AL2395_C0_RAD_EDOF_EPD5,CAR_LB_AL2395_C0_RAD_EPD5,LB_AL2395,C0,RAD,EDOF,5.0,0.25,0.25,0.1396935137878206,0.2547773326061854,0.14181596298770316,0.02782392095677861,0.03195602108050316,0.049730671851683346,0.03786734018152646
analysis-1cc1441dec4744a18d7ac73763507a6c,CFG_LB_AL2395_C0_RAD_EDOF_EPD5,CAR_LB_AL2395_C0_RAD_EPD5,LB_AL2395,C0,RAD,EDOF,5.0,0.0,0.0,0.2051340270744668,0.2751637516243202,0.18439500804595532,0.18259053993516172,0.15713245314989427,0.11929320353936079,0.09242870055737251
analysis-1cc1441dec4744a18d7ac73763507a6c,CFG_LB_AL2395_C0_RAD_EDOF_EPD5,CAR_LB_AL2395_C0_RAD_EPD5,LB_AL2395,C0,RAD,EDOF,5.0,-0.25,-0.25,0.09184947360854637,0.13235849961963286,0.07848167712012578,0.007145332946970463,0.0245836584046902,0.027154288368307078,0.011946410872062422
analysis-1cc1441dec4744a18d7ac73763507a6c,CFG_LB_AL2395_C0_RAD_EDOF_EPD5,CAR_LB_AL2395_C0_RAD_EPD5,LB_AL2395,C0,RAD,EDOF,5.0,-0.5,-0.5,0.06434642724378473,0.02484801622183097,0.010420782722707054,0.021930813675468307,0.03277984167412762,0.003984839786844636,0.010953268665412332
analysis-1cc1441dec4744a18d7ac73763507a6c,CFG_LB_AL2395_C0_RAD_EDOF_EPD5,CAR_LB_AL2395_C0_RAD_EPD5,LB_AL2395,C0,RAD,EDOF,5.0,-0.75,-0.75,0.06353907823948227,0.06749347350662796,0.022867911145714716,0.019068512179973574,0.028518900729997188,0.03248954332330156,0.006851475979668525
analysis-1cc1441dec4744a18d7ac73763507a6c,CFG_LB_AL2395_C0_RAD_EDOF_EPD5,CAR_LB_AL2395_C0_RAD_EPD5,LB_AL2395,C0,RAD,EDOF,5.0,-1.0,-1.0,0.05798154769461574,0.0938342846427396,0.03629247478727868,0.001327436719636971,0.0023911812872642524,0.035517411165371965,0.01578854557369063
analysis-1cc1441dec4744a18d7ac73763507a6c,CFG_LB_AL2395_C0_RAD_EDOF_EPD5,CAR_LB_AL2395_C0_RAD_EPD5,LB_AL2395,C0,RAD,EDOF,5.0,-1.25,-1.25,0.05594635466365434,0.07671265464132365,0.007354161584072152,0.018327386607407882,0.010114585286681407,0.02231903890745579,0.026511419205262298
analysis-1cc1441dec4744a18d7ac73763507a6c,CFG_LB_AL2395_C0_RAD_EDOF_EPD5,CAR_LB_AL2395_C0_RAD_EPD5,LB_AL2395,C0,RAD,EDOF,5.0,-1.5,-1.5,0.057162399340723084,0.047971286990480796,0.020783035282788048,0.045202588004349384,0.027765373374588224,0.014658237143626745,0.02369256738077246
analysis-1cc1441dec4744a18d7ac73763507a6c,CFG_LB_AL2395_C0_RAD_EDOF_EPD5,CAR_LB_AL2395_C0_RAD_EPD5,LB_AL2395,C0,RAD,EDOF,5.0,-1.75,-1.75,0.044919599091748426,0.014499299389700415,0.04710113709756248,0.015658526088020146,0.017792045348037657,0.010581365602218314,0.019690264715482693
analysis-1cc1441dec4744a18d7ac73763507a6c,CFG_LB_AL2395_C0_RAD_EDOF_EPD5,CAR_LB_AL2395_C0_RAD_EPD5,LB_AL2395,C0,RAD,EDOF,5.0,-2.0,-2.0,0.03239140116231339,0.003010431858734834,0.02129951522762391,0.007357976652074187,0.003463885416468708,0.005486826678886673,0.010343471953043753
analysis-1cc1441dec4744a18d7ac73763507a6c,CFG_LB_AL2395_C0_RAD_EDOF_EPD5,CAR_LB_AL2395_C0_RAD_EPD5,LB_AL2395,C0,RAD,EDOF,5.0,-2.25,-2.25,0.027871670520632035,0.01443555105471052,0.015049215784316484,0.003275768236999722,0.002076791215003079,0.00272557050417877,0.00395375729927043
analysis-1cc1441dec4744a18d7ac73763507a6c,CFG_LB_AL2395_C0_RAD_EDOF_EPD5,CAR_LB_AL2395_C0_RAD_EPD5,LB_AL2395,C0,RAD,EDOF,5.0,-2.5,-2.5,0.025186367087369675,0.0003759028265573261,0.010857254678925812,0.0070967139096433235,0.002607065038045875,0.0029360267460609513,0.003999945372331187
analysis-1cc1441dec4744a18d7ac73763507a6c,CFG_LB_AL2395_C0_RAD_EDOF_EPD5,CAR_LB_AL2395_C0_RAD_EPD5,LB_AL2395,C0,RAD,EDOF,5.0,-2.75,-2.75,0.02285439234967858,0.019257886148927476,0.010936542597808584,0.003350478766343576,0.00046780959068000493,0.0005387106156807659,0.00022781668896032425
analysis-1cc1441dec4744a18d7ac73763507a6c,CFG_LB_AL2395_C0_RAD_EDOF_EPD5,CAR_LB_AL2395_C0_RAD_EPD5,LB_AL2395,C0,RAD,EDOF,5.0,-3.0,-3.0,0.021329564819389756,0.02464963006214533,0.013718610306354228,0.003347134166936389,0.0016290784805838743,0.0012256454259617967,0.00029931987923270713
analysis-1cc1441dec4744a18d7ac73763507a6c,CFG_LB_AL2395_C0_WFS_MONO_EPD3,CAR_LB_AL2395_C0_WFS_EPD3,LB_AL2395,C0,WFS,MONO,3.0,0.5,0.5,0.15416805102204176,0.35127552206613,0.0032510174295767706,0.034355383182596975,0.01872543133314027,0.01235463180257477,0.015168954965229058
analysis-1cc1441dec4744a18d7ac73763507a6c,CFG_LB_AL2395_C0_WFS_MONO_EPD3,CAR_LB_AL2395_C0_WFS_EPD3,LB_AL2395,C0,WFS,MONO,3.0,0.25,0.25,0.3263452594491649,0.6827905233306725,0.38061696574411563,0.20577525656075357,0.11197487922957952,0.06567415079707352,0.047422574283147605
analysis-1cc1441dec4744a18d7ac73763507a6c,CFG_LB_AL2395_C0_WFS_MONO_EPD3,CAR_LB_AL2395_C0_WFS_EPD3,LB_AL2395,C0,WFS,MONO,3.0,0.0,0.0,0.5999221049716876,0.8557862542063365,0.7179026942557419,0.5888113108848149,0.46682995844469494,0.3517225123285859,0.2426648520334942
analysis-1cc1441dec4744a18d7ac73763507a6c,CFG_LB_AL2395_C0_WFS_MONO_EPD3,CAR_LB_AL2395_C0_WFS_EPD3,LB_AL2395,C0,WFS,MONO,3.0,-0.25,-0.25,0.3420405245259108,0.7423464005793612,0.40417764897538866,0.18451966883640777,0.09934574335721032,0.08611467234929494,0.09601415690623258
analysis-1cc1441dec4744a18d7ac73763507a6c,CFG_LB_AL2395_C0_WFS_MONO_EPD3,CAR_LB_AL2395_C0_WFS_EPD3,LB_AL2395,C0,WFS,MONO,3.0,-0.5,-0.5,0.17851420971375773,0.4018784182676558,0.06633620434224353,0.07935526350796805,0.029447632871367008,0.017228847921142407,0.01862912027591893
analysis-1cc1441dec4744a18d7ac73763507a6c,CFG_LB_AL2395_C0_WFS_MONO_EPD3,CAR_LB_AL2395_C0_WFS_EPD3,LB_AL2395,C0,WFS,MONO,3.0,-0.75,-0.75,0.12900397630712468,0.043945594170377515,0.0597305530519764,0.049637578840463145,0.026870062250346598,0.017497746452256345,0.01692201204267813
analysis-1cc1441dec4744a18d7ac73763507a6c,CFG_LB_AL2395_C0_WFS_MONO_EPD3,CAR_LB_AL2395_C0_WFS_EPD3,LB_AL2395,C0,WFS,MONO,3.0,-1.0,-1.0,0.0963237700486121,0.13649786604622743,0.0634251614673943,0.017451911290045304,0.013773904438906878,0.008418306293336526,0.006688953822843376
analysis-1cc1441dec4744a18d7ac73763507a6c,CFG_LB_AL2395_C0_WFS_MONO_EPD3,CAR_LB_AL2395_C0_WFS_EPD3,LB_AL2395,C0,WFS,MONO,3.0,-1.25,-1.25,0.07789820925090875,0.10560670686129492,0.008071489021553075,0.008317515618246826,0.012490055912842708,0.008303044652954754,0.005173689570244169
analysis-1cc1441dec4744a18d7ac73763507a6c,CFG_LB_AL2395_C0_WFS_MONO_EPD3,CAR_LB_AL2395_C0_WFS_EPD3,LB_AL2395,C0,WFS,MONO,3.0,-1.5,-1.5,0.06449671976469572,0.012096321027135324,0.01990380898552804,0.0014347007102082643,0.008426326420092804,0.004575732588948483,0.0015492701523401563
analysis-1cc1441dec4744a18d7ac73763507a6c,CFG_LB_AL2395_C0_WFS_MONO_EPD3,CAR_LB_AL2395_C0_WFS_EPD3,LB_AL2395,C0,WFS,MONO,3.0,-1.75,-1.75,0.0554122177262087,0.07121790306731779,0.024228526106345787,0.0035485481174328806,0.0067767631457560495,0.005767314428508761,0.0008800923448732337
analysis-1cc1441dec4744a18d7ac73763507a6c,CFG_LB_AL2395_C0_WFS_MONO_EPD3,CAR_LB_AL2395_C0_WFS_EPD3,LB_AL2395,C0,WFS,MONO,3.0,-2.0,-2.0,0.04845011380596494,0.0347236958750528,0.00785951158722236,0.007626171047131323,0.00557363326541502,0.004456698170200038,0.0019694819681636477
analysis-1cc1441dec4744a18d7ac73763507a6c,CFG_LB_AL2395_C0_WFS_MONO_EPD3,CAR_LB_AL2395_C0_WFS_EPD3,LB_AL2395,C0,WFS,MONO,3.0,-2.25,-2.25,0.042894552840031186,0.025926028728340125,0.006529941521454793,0.005861999072099325,0.00606382191906802,0.0034072142442435126,0.0024317759411390436
analysis-1cc1441dec4744a18d7ac73763507a6c,CFG_LB_AL2395_C0_WFS_MONO_EPD3,CAR_LB_AL2395_C0_WFS_EPD3,LB_AL2395,C0,WFS,MONO,3.0,-2.5,-2.5,0.03852315453928039,0.0359747072203906,0.01313567299474465,0.006741126193723998,0.004596175563245633,0.003283082740834101,0.0019408879107785247
analysis-1cc1441dec4744a18d7ac73763507a6c,CFG_LB_AL2395_C0_WFS_MONO_EPD3,CAR_LB_AL2395_C0_WFS_EPD3,LB_AL2395,C0,WFS,MONO,3.0,-2.75,-2.75,0.03507777152113405,0.0009713910241872947,0.008584648999819929,0.006302375172863755,0.003619696636167171,0.0023817608308492645,0.0021341485687490125
analysis-1cc1441dec4744a18d7ac73763507a6c,CFG_LB_AL2395_C0_WFS_MONO_EPD3,CAR_LB_AL2395_C0_WFS_EPD3,LB_AL2395,C0,WFS,MONO,3.0,-3.0,-3.0,0.032140046993723075,0.027391946874447327,0.0010766752885504514,0.005901826600025938,0.003210346018291553,0.0018112370497022617,0.0010556174879356856
analysis-1cc1441dec4744a18d7ac73763507a6c,CFG_LB_AL2395_C0_WFS_MONO_EPD5,CAR_LB_AL2395_C0_WFS_EPD5,LB_AL2395,C0,WFS,MONO,5.0,0.5,0.5,0.09882188451824311,0.1315279854406263,0.010360884572178057,0.05731264392382322,0.02209368266653919,0.0017824480276155638,0.003915693763848412
analysis-1cc1441dec4744a18d7ac73763507a6c,CFG_LB_AL2395_C0_WFS_MONO_EPD5,CAR_LB_AL2395_C0_WFS_EPD5,LB_AL2395,C0,WFS,MONO,5.0,0.25,0.25,0.14553275619882175,0.3553503194680283,0.10391194549169523,0.014213901367397343,0.02293515252607751,0.035887936363661124,0.03806768292419497
analysis-1cc1441dec4744a18d7ac73763507a6c,CFG_LB_AL2395_C0_WFS_MONO_EPD5,CAR_LB_AL2395_C0_WFS_EPD5,LB_AL2395,C0,WFS,MONO,5.0,0.0,0.0,0.35888170890501797,0.43349200751655614,0.39229732481697976,0.34271421807774693,0.28743986835873897,0.2332634958331948,0.17984529469127844
analysis-1cc1441dec4744a18d7ac73763507a6c,CFG_LB_AL2395_C0_WFS_MONO_EPD5,CAR_LB_AL2395_C0_WFS_EPD5,LB_AL2395,C0,WFS,MONO,5.0,-0.25,-0.25,0.15471554254085212,0.3892957886928024,0.1850213433898474,0.04300889012568981,0.0015527029453922584,0.002530163437809456,0.01710481415152766
analysis-1cc1441dec4744a18d7ac73763507a6c,CFG_LB_AL2395_C0_WFS_MONO_EPD5,CAR_LB_AL2395_C0_WFS_EPD5,LB_AL2395,C0,WFS,MONO,5.0,-0.5,-0.5,0.08803585250660584,0.15040734252555077,0.06803330313530719,0.020453622673747007,0.009131592004299338,0.010777830329486825,0.0029596124749370796
analysis-1cc1441dec4744a18d7ac73763507a6c,CFG_LB_AL2395_C0_WFS_MONO_EPD5,CAR_LB_AL2395_C0_WFS_EPD5,LB_AL2395,C0,WFS,MONO,5.0,-0.75,-0.75,0.05975855818785123,0.06905708004799489,0.005629468335592134,0.0062257847971711276,0.004065345276410594,0.001201090066664251,0.0025270088288731982
analysis-1cc1441dec4744a18d7ac73763507a6c,CFG_LB_AL2395_C0_WFS_MONO_EPD5,CAR_LB_AL2395_C0_WFS_EPD5,LB_AL2395,C0,WFS,MONO,5.0,-1.0,-1.0,0.0436730146440651,0.05983558013201753,0.011378856251349247,0.000223901255551242,0.0031020049864499,0.00170874142272079,0.002275129641001253
analysis-1cc1441dec4744a18d7ac73763507a6c,CFG_LB_AL2395_C0_WFS_MONO_EPD5,CAR_LB_AL2395_C0_WFS_EPD5,LB_AL2395,C0,WFS,MONO,5.0,-1.25,-1.25,0.03556534865883401,0.0024310759223994368,0.007453698978401396,0.002527929447279489,0.0017150852465909361,0.001228785711460349,0.0004911271112105636
analysis-1cc1441dec4744a18d7ac73763507a6c,CFG_LB_AL2395_C0_WFS_MONO_EPD5,CAR_LB_AL2395_C0_WFS_EPD5,LB_AL2395,C0,WFS,MONO,5.0,-1.5,-1.5,0.029311472775421,0.01564564510277286,0.0018658452730239338,0.003041782913053081,0.002540095191021798,0.0014991671339581692,0.0005838489395990639
analysis-1cc1441dec4744a18d7ac73763507a6c,CFG_LB_AL2395_C0_WFS_MONO_EPD5,CAR_LB_AL2395_C0_WFS_EPD5,LB_AL2395,C0,WFS,MONO,5.0,-1.75,-1.75,0.024985511444897284,0.011562912885270166,0.00036432988780131054,0.0014078432386089553,0.0011744893811897596,0.0008058551294679785,0.001589952026318192
analysis-1cc1441dec4744a18d7ac73763507a6c,CFG_LB_AL2395_C0_WFS_MONO_EPD5,CAR_LB_AL2395_C0_WFS_EPD5,LB_AL2395,C0,WFS,MONO,5.0,-2.0,-2.0,0.021719675660722002,0.0055995165436038274,0.0012576666669135627,0.0005036120124717587,0.00023514757257445782,0.0012644719711222465,0.0013021002404849413
analysis-1cc1441dec4744a18d7ac73763507a6c,CFG_LB_AL2395_C0_WFS_MONO_EPD5,CAR_LB_AL2395_C0_WFS_EPD5,LB_AL2395,C0,WFS,MONO,5.0,-2.25,-2.25,0.019454459550606533,0.006999551187607307,0.001736195059723987,0.0015885186957294893,0.0008647634070027744,0.0005726036269208603,0.0010459503572863166
analysis-1cc1441dec4744a18d7ac73763507a6c,CFG_LB_AL2395_C0_WFS_MONO_EPD5,CAR_LB_AL2395_C0_WFS_EPD5,LB_AL2395,C0,WFS,MONO,5.0,-2.5,-2.5,0.01745088932157147,0.0029386621523404895,0.0007078623108824092,0.0019452312118502122,0.0015889732096072212,0.000818712837083193,0.0008128114349487582
analysis-1cc1441dec4744a18d7ac73763507a6c,CFG_LB_AL2395_C0_WFS_MONO_EPD5,CAR_LB_AL2395_C0_WFS_EPD5,LB_AL2395,C0,WFS,MONO,5.0,-2.75,-2.75,0.014523966714728524,0.005833872906382244,0.0013122873177771473,0.0016255856063617075,0.0011789681672877705,0.0005937528548828852,0.000136833226593932
analysis-1cc1441dec4744a18d7ac73763507a6c,CFG_LB_AL2395_C0_WFS_MONO_EPD5,CAR_LB_AL2395_C0_WFS_EPD5,LB_AL2395,C0,WFS,MONO,5.0,-3.0,-3.0,0.013526091004790464,0.004536004531354628,0.0012691560935569341,0.0015891135073371448,0.0008739896110617528,0.001506539115508701,0.0013093688458749634
analysis-1cc1441dec4744a18d7ac73763507a6c,CFG_LB_AL2395_C0_WFS_EDOF_EPD3,CAR_LB_AL2395_C0_WFS_EPD3,LB_AL2395,C0,WFS,EDOF,3.0,0.5,0.5,0.18397184660756274,0.28453117070640743,0.19200079936936898,0.0809460756406775,0.035491306045938906,0.0006972938738945035,0.046654972042967174
analysis-1cc1441dec4744a18d7ac73763507a6c,CFG_LB_AL2395_C0_WFS_EDOF_EPD3,CAR_LB_AL2395_C0_WFS_EPD3,LB_AL2395,C0,WFS,EDOF,3.0,0.25,0.25,0.29803962529863615,0.5133145993881589,0.299277180743891,0.2384624523226963,0.14815671611073053,0.08972518732367998,0.012067171364075369
analysis-1cc1441dec4744a18d7ac73763507a6c,CFG_LB_AL2395_C0_WFS_EDOF_EPD3,CAR_LB_AL2395_C0_WFS_EPD3,LB_AL2395,C0,WFS,EDOF,3.0,0.0,0.0,0.43666239619185887,0.6858754691273531,0.4456240130951258,0.3499966161941569,0.2821777531997874,0.26055283580380717,0.20371394238093893
analysis-1cc1441dec4744a18d7ac73763507a6c,CFG_LB_AL2395_C0_WFS_EDOF_EPD3,CAR_LB_AL2395_C0_WFS_EPD3,LB_AL2395,C0,WFS,EDOF,3.0,-0.25,-0.25,0.25471125435306313,0.6498759044527265,0.2541188811587235,0.0024584812268445373,0.0384749655965148,0.0347145177110086,0.12452163772549807
analysis-1cc1441dec4744a18d7ac73763507a6c,CFG_LB_AL2395_C0_WFS_EDOF_EPD3,CAR_LB_AL2395_C0_WFS_EPD3,LB_AL2395,C0,WFS,EDOF,3.0,-0.5,-0.5,0.17352198688409667,0.38737427272930886,0.05698701001193221,0.013178297108865793,0.04202748260748015,0.05534266719007451,0.05516864056785918
analysis-1cc1441dec4744a18d7ac73763507a6c,CFG_LB_AL2395_C0_WFS_EDOF_EPD3,CAR_LB_AL2395_C0_WFS_EPD3,LB_AL2395,C0,WFS,EDOF,3.0,-0.75,-0.75,0.1367698744077339,0.04960611454628949,0.0060288087055503535,0.09233813602896257,0.02495461281181414,0.020910072982789164,0.009420750740428021
analysis-1cc1441dec4744a18d7ac73763507a6c,CFG_LB_AL2395_C0_WFS_EDOF_EPD3,CAR_LB_AL2395_C0_WFS_EPD3,LB_AL2395,C0,WFS,EDOF,3.0,-1.0,-1.0,0.10340035159319041,0.15759030701539445,0.14092934800376794,0.011166806258041919,0.0061585617835975895,0.005802411474030315,0.014816219931622257
analysis-1cc1441dec4744a18d7ac73763507a6c,CFG_LB_AL2395_C0_WFS_EDOF_EPD3,CAR_LB_AL2395_C0_WFS_EPD3,LB_AL2395,C0,WFS,EDOF,3.0,-1.25,-1.25,0.0862538605022507,0.14041306020952735,0.008393549900758898,0.020444051324420585,0.0025529570697084116,0.005050695858556811,0.008552024350328816
analysis-1cc1441dec4744a18d7ac73763507a6c,CFG_LB_AL2395_C0_WFS_EDOF_EPD3,CAR_LB_AL2395_C0_WFS_EPD3,LB_AL2395,C0,WFS,EDOF,3.0,-1.5,-1.5,0.07400248028635861,0.016733384629097188,0.05161292973655049,0.001893379716063986,0.0038108770125872956,0.004023481159656816,0.004344808104346454
analysis-1cc1441dec4744a18d7ac73763507a6c,CFG_LB_AL2395_C0_WFS_EDOF_EPD3,CAR_LB_AL2395_C0_WFS_EPD3,LB_AL2395,C0,WFS,EDOF,3.0,-1.75,-1.75,0.06664477747746099,0.14311663409105174,0.03337934517698928,0.01254842769198065,0.0076891818436573625,0.004821600195105536,0.0031653732550142753
analysis-1cc1441dec4744a18d7ac73763507a6c,CFG_LB_AL2395_C0_WFS_EDOF_EPD3,CAR_LB_AL2395_C0_WFS_EPD3,LB_AL2395,C0,WFS,EDOF,3.0,-2.0,-2.0,0.05700310716209777,0.13669349863761715,0.002150187179436012,0.0011620662601284754,0.0030716420574151814,0.0028755752021663514,0.00095719196479362
analysis-1cc1441dec4744a18d7ac73763507a6c,CFG_LB_AL2395_C0_WFS_EDOF_EPD3,CAR_LB_AL2395_C0_WFS_EPD3,LB_AL2395,C0,WFS,EDOF,3.0,-2.25,-2.25,0.05111518951696283,0.03369566475987795,0.028846618579283997,0.004100794908793136,0.004685199390670285,0.0015234342491375992,0.0015722530902318897
analysis-1cc1441dec4744a18d7ac73763507a6c,CFG_LB_AL2395_C0_WFS_EDOF_EPD3,CAR_LB_AL2395_C0_WFS_EPD3,LB_AL2395,C0,WFS,EDOF,3.0,-2.5,-2.5,0.04498116873914595,0.058067269720205594,0.015175267487710756,0.005409257889461802,0.0018198145252003538,0.0015919986785930583,0.0017471905293249333
analysis-1cc1441dec4744a18d7ac73763507a6c,CFG_LB_AL2395_C0_WFS_EDOF_EPD3,CAR_LB_AL2395_C0_WFS_EPD3,LB_AL2395,C0,WFS,EDOF,3.0,-2.75,-2.75,0.04062566118730645,0.07387422725037798,0.0025339821151437684,0.00682619791418247,0.002188940815719301,0.0016202065314653619,0.0025973419253339596
analysis-1cc1441dec4744a18d7ac73763507a6c,CFG_LB_AL2395_C0_WFS_EDOF_EPD3,CAR_LB_AL2395_C0_WFS_EPD3,LB_AL2395,C0,WFS,EDOF,3.0,-3.0,-3.0,0.03655645268340039,0.034965934206616464,0.008805799299991889,0.0058700749993482815,0.0015945952271876006,0.001843395376563349,0.0020047094732364838
analysis-1cc1441dec4744a18d7ac73763507a6c,CFG_LB_AL2395_C0_WFS_EDOF_EPD5,CAR_LB_AL2395_C0_WFS_EPD5,LB_AL2395,C0,WFS,EDOF,5.0,0.5,0.5,0.12160107803361946,0.11106008494382774,0.10044531324481501,0.0711562325941926,0.04657773278958608,0.026157447238196553,0.012059507921316907
analysis-1cc1441dec4744a18d7ac73763507a6c,CFG_LB_AL2395_C0_WFS_EDOF_EPD5,CAR_LB_AL2395_C0_WFS_EPD5,LB_AL2395,C0,WFS,EDOF,5.0,0.25,0.25,0.13882201056498056,0.29377170369598227,0.0846169140833298,0.05977948437310743,0.0138762869543592,0.033651073301824395,0.060155457084468913
analysis-1cc1441dec4744a18d7ac73763507a6c,CFG_LB_AL2395_C0_WFS_EDOF_EPD5,CAR_LB_AL2395_C0_WFS_EPD5,LB_AL2395,C0,WFS,EDOF,5.0,0.0,0.0,0.28229312508667576,0.3712303722818151,0.2615449717147984,0.22061917652529223,0.20652008991680193,0.185866236813455,0.14960621192827728
analysis-1cc1441dec4744a18d7ac73763507a6c,CFG_LB_AL2395_C0_WFS_EDOF_EPD5,CAR_LB_AL2395_C0_WFS_EPD5,LB_AL2395,C0,WFS,EDOF,5.0,-0.25,-0.25,0.14911017362568788,0.35598478332144345,0.16208483215730551,0.006717736680334365,0.022794113231166105,0.010740135603274827,0.0496356795173295
analysis-1cc1441dec4744a18d7ac73763507a6c,CFG_LB_AL2395_C0_WFS_EDOF_EPD5,CAR_LB_AL2395_C0_WFS_EPD5,LB_AL2395,C0,WFS,EDOF,5.0,-0.5,-0.5,0.09073621200762137,0.14480874400229837,0.06993363609237288,0.0005580943136006956,0.017398329112507806,0.01918159886443623,0.015359522088094456
analysis-1cc1441dec4744a18d7ac73763507a6c,CFG_LB_AL2395_C0_WFS_EDOF_EPD5,CAR_LB_AL2395_C0_WFS_EPD5,LB_AL2395,C0,WFS,EDOF,5.0,-0.75,-0.75,0.06520840664038743,0.06719055220704012,0.012069864943564584,0.0156638689156983,0.0019693098800637066,0.007663590130260509,0.001138764947551476
analysis-1cc1441dec4744a18d7ac73763507a6c,CFG_LB_AL2395_C0_WFS_EDOF_EPD5,CAR_LB_AL2395_C0_WFS_EPD5,LB_AL2395,C0,WFS,EDOF,5.0,-1.0,-1.0,0.04945515274054843,0.06817036111625238,0.05952939209722985,0.011930629404417116,0.00248652593663094,0.0021180868170537536,0.0012019338505548935
analysis-1cc1441dec4744a18d7ac73763507a6c,CFG_LB_AL2395_C0_WFS_EDOF_EPD5,CAR_LB_AL2395_C0_WFS_EPD5,LB_AL2395,C0,WFS,EDOF,5.0,-1.25,-1.25,0.04003635478001904,0.010734778928287003,0.015228309748025855,0.003144398507144431,0.0003176450287191375,0.0023228373742182644,0.0007969821900593024
analysis-1cc1441dec4744a18d7ac73763507a6c,CFG_LB_AL2395_C0_WFS_EDOF_EPD5,CAR_LB_AL2395_C0_WFS_EPD5,LB_AL2395,C0,WFS,EDOF,5.0,-1.5,-1.5,0.0331201693720948,0.019715330636372777,0.006961111088052058,0.01046842384401328,0.002819433610701882,1.4602208032840063e-05,0.0005277778958632576
analysis-1cc1441dec4744a18d7ac73763507a6c,CFG_LB_AL2395_C0_WFS_EDOF_EPD5,CAR_LB_AL2395_C0_WFS_EPD5,LB_AL2395,C0,WFS,EDOF,5.0,-1.75,-1.75,0.028104550348756918,0.04091890909596786,0.010002249648018845,0.00028627747997594986,0.002125073404715985,0.0015008785229343527,0.0022731898867468115
analysis-1cc1441dec4744a18d7ac73763507a6c,CFG_LB_AL2395_C0_WFS_EDOF_EPD5,CAR_LB_AL2395_C0_WFS_EPD5,LB_AL2395,C0,WFS,EDOF,5.0,-2.0,-2.0,0.024004884789959675,0.030989999577164903,0.0037352782785498905,0.002313897470876898,0.00035605640292895213,0.0004114774622920057,0.0003595314889533018
analysis-1cc1441dec4744a18d7ac73763507a6c,CFG_LB_AL2395_C0_WFS_EDOF_EPD5,CAR_LB_AL2395_C0_WFS_EPD5,LB_AL2395,C0,WFS,EDOF,5.0,-2.25,-2.25,0.02115074801038508,0.00964112533360602,0.004363295362861515,0.0029009318575536516,0.00016734091403001138,0.0012330213584283434,0.0004008828133265429
analysis-1cc1441dec4744a18d7ac73763507a6c,CFG_LB_AL2395_C0_WFS_EDOF_EPD5,CAR_LB_AL2395_C0_WFS_EPD5,LB_AL2395,C0,WFS,EDOF,5.0,-2.5,-2.5,0.018859341146718226,0.01590792218355618,0.0020146308247250702,0.0016576726239991117,0.0012274713753409896,0.0006333418178739462,0.00117156976119665
analysis-1cc1441dec4744a18d7ac73763507a6c,CFG_LB_AL2395_C0_WFS_EDOF_EPD5,CAR_LB_AL2395_C0_WFS_EPD5,LB_AL2395,C0,WFS,EDOF,5.0,-2.75,-2.75,0.01548748787582076,0.020917730365400025,0.00026456115864395547,0.001141986057317974,0.0013958601096432344,0.0012723839143104461,0.000954303262847095
analysis-1cc1441dec4744a18d7ac73763507a6c,CFG_LB_AL2395_C0_WFS_EDOF_EPD5,CAR_LB_AL2395_C0_WFS_EPD5,LB_AL2395,C0,WFS,EDOF,5.0,-3.0,-3.0,0.014933701039164905,0.013468615717690242,0.00046275282267187526,0.00242131305837586,0.0011960484054702905,0.0012054217126791522,0.0006430862436443609
