config_id,pair_key,base_id,cornea_id,platform_id,pupil_mm,optic_state,defocus_d,mtf30_cpd
S2_R6_LB_AL2395_C0_WFS_MONO_EPD3,S2_R6_LB_AL2395_C0_WFS_EPD3,LB_AL2395,C0,WFS,3.0,MONO,1.0,0.005150529160906696
S2_R6_LB_AL2395_C0_WFS_MONO_EPD3,S2_R6_LB_AL2395_C0_WFS_EPD3,LB_AL2395,C0,WFS,3.0,MONO,0.875,0.00028109697805964894
S2_R6_LB_AL2395_C0_WFS_MONO_EPD3,S2_R6_LB_AL2395_C0_WFS_EPD3,LB_AL2395,C0,WFS,3.0,MONO,0.75,0.005531827735266313
S2_R6_LB_AL2395_C0_WFS_MONO_EPD3,S2_R6_LB_AL2395_C0_WFS_EPD3,LB_AL2395,C0,WFS,3.0,MONO,0.625,0.000315285143276804
S2_R6_LB_AL2395_C0_WFS_MONO_EPD3,S2_R6_LB_AL2395_C0_WFS_EPD3,LB_AL2395,C0,WFS,3.0,MONO,0.5,0.005104903346299717
S2_R6_LB_AL2395_C0_WFS_MONO_EPD3,S2_R6_LB_AL2395_C0_WFS_EPD3,LB_AL2395,C0,WFS,3.0,MONO,0.375,0.0018897116404811719
S2_R6_LB_AL2395_C0_WFS_MONO_EPD3,S2_R6_LB_AL2395_C0_WFS_EPD3,LB_AL2395,C0,WFS,3.0,MONO,0.25,0.005980194974599733
S2_R6_LB_AL2395_C0_WFS_MONO_EPD3,S2_R6_LB_AL2395_C0_WFS_EPD3,LB_AL2395,C0,WFS,3.0,MONO,0.125,0.003272207589634869
S2_R6_LB_AL2395_C0_WFS_MONO_EPD3,S2_R6_LB_AL2395_C0_WFS_EPD3,LB_AL2395,C0,WFS,3.0,MONO,0.0,0.007353845270699628
S2_R6_LB_AL2395_C0_WFS_MONO_EPD3,S2_R6_LB_AL2395_C0_WFS_EPD3,LB_AL2395,C0,WFS,3.0,MONO,-0.125,0.0045005019678670665
S2_R6_LB_AL2395_C0_WFS_MONO_EPD3,S2_R6_LB_AL2395_C0_WFS_EPD3,LB_AL2395,C0,WFS,3.0,MONO,-0.25,0.009005982549008633
S2_R6_LB_AL2395_C0_WFS_MONO_EPD3,S2_R6_LB_AL2395_C0_WFS_EPD3,LB_AL2395,C0,WFS,3.0,MONO,-0.375,0.004953351593965624
S2_R6_LB_AL2395_C0_WFS_MONO_EPD3,S2_R6_LB_AL2395_C0_WFS_EPD3,LB_AL2395,C0,WFS,3.0,MONO,-0.5,0.008401174656488538
S2_R6_LB_AL2395_C0_WFS_MONO_EPD3,S2_R6_LB_AL2395_C0_WFS_EPD3,LB_AL2395,C0,WFS,3.0,MONO,-0.625,0.009556896506328589
S2_R6_LB_AL2395_C0_WFS_MONO_EPD3,S2_R6_LB_AL2395_C0_WFS_EPD3,LB_AL2395,C0,WFS,3.0,MONO,-0.75,0.011796902050066041
S2_R6_LB_AL2395_C0_WFS_MONO_EPD3,S2_R6_LB_AL2395_C0_WFS_EPD3,LB_AL2395,C0,WFS,3.0,MONO,-0.875,0.01172824010948911
S2_R6_LB_AL2395_C0_WFS_MONO_EPD3,S2_R6_LB_AL2395_C0_WFS_EPD3,LB_AL2395,C0,WFS,3.0,MONO,-1.0,0.010523835312995652
S2_R6_LB_AL2395_C0_WFS_MONO_EPD3,S2_R6_LB_AL2395_C0_WFS_EPD3,LB_AL2395,C0,WFS,3.0,MONO,-1.125,0.02621878259035732
S2_R6_LB_AL2395_C0_WFS_MONO_EPD3,S2_R6_LB_AL2395_C0_WFS_EPD3,LB_AL2395,C0,WFS,3.0,MONO,-1.25,0.03123836000745121
S2_R6_LB_AL2395_C0_WFS_MONO_EPD3,S2_R6_LB_AL2395_C0_WFS_EPD3,LB_AL2395,C0,WFS,3.0,MONO,-1.375,0.010759661992230435
S2_R6_LB_AL2395_C0_WFS_MONO_EPD3,S2_R6_LB_AL2395_C0_WFS_EPD3,LB_AL2395,C0,WFS,3.0,MONO,-1.5,0.10826976252405277
S2_R6_LB_AL2395_C0_WFS_MONO_EPD3,S2_R6_LB_AL2395_C0_WFS_EPD3,LB_AL2395,C0,WFS,3.0,MONO,-1.625,0.37439593013277
S2_R6_LB_AL2395_C0_WFS_MONO_EPD3,S2_R6_LB_AL2395_C0_WFS_EPD3,LB_AL2395,C0,WFS,3.0,MONO,-1.75,0.5808392377668978
S2_R6_LB_AL2395_C0_WFS_MONO_EPD3,S2_R6_LB_AL2395_C0_WFS_EPD3,LB_AL2395,C0,WFS,3.0,MONO,-1.875,0.46893556484262944
S2_R6_LB_AL2395_C0_WFS_MONO_EPD3,S2_R6_LB_AL2395_C0_WFS_EPD3,LB_AL2395,C0,WFS,3.0,MONO,-2.0,0.12829873774882586
S2_R6_LB_AL2395_C0_WFS_MONO_EPD3,S2_R6_LB_AL2395_C0_WFS_EPD3,LB_AL2395,C0,WFS,3.0,MONO,-2.125,0.09466383459200435
S2_R6_LB_AL2395_C0_WFS_MONO_EPD3,S2_R6_LB_AL2395_C0_WFS_EPD3,LB_AL2395,C0,WFS,3.0,MONO,-2.25,0.05394647408352733
S2_R6_LB_AL2395_C0_WFS_MONO_EPD3,S2_R6_LB_AL2395_C0_WFS_EPD3,LB_AL2395,C0,WFS,3.0,MONO,-2.375,0.05717368736764844
S2_R6_LB_AL2395_C0_WFS_MONO_EPD3,S2_R6_LB_AL2395_C0_WFS_EPD3,LB_AL2395,C0,WFS,3.0,MONO,-2.5,0.04830144182481352
S2_R6_LB_AL2395_C0_WFS_MONO_EPD3,S2_R6_LB_AL2395_C0_WFS_EPD3,LB_AL2395,C0,WFS,3.0,MONO,-2.625,0.021845591191289367
S2_R6_LB_AL2395_C0_WFS_MONO_EPD3,S2_R6_LB_AL2395_C0_WFS_EPD3,LB_AL2395,C0,WFS,3.0,MONO,-2.75,0.02465755608778503
S2_R6_LB_AL2395_C0_WFS_MONO_EPD3,S2_R6_LB_AL2395_C0_WFS_EPD3,LB_AL2395,C0,WFS,3.0,MONO,-2.875,0.017516755637816763
S2_R6_LB_AL2395_C0_WFS_MONO_EPD3,S2_R6_LB_AL2395_C0_WFS_EPD3,LB_AL2395,C0,WFS,3.0,MONO,-3.0,0.01788144590662587
S2_R6_LB_AL2395_C0_WFS_MONO_EPD3,S2_R6_LB_AL2395_C0_WFS_EPD3,LB_AL2395,C0,WFS,3.0,MONO,-3.125,0.011240522439453839
S2_R6_LB_AL2395_C0_WFS_MONO_EPD3,S2_R6_LB_AL2395_C0_WFS_EPD3,LB_AL2395,C0,WFS,3.0,MONO,-3.25,0.009797453138943151
S2_R6_LB_AL2395_C0_WFS_MONO_EPD3,S2_R6_LB_AL2395_C0_WFS_EPD3,LB_AL2395,C0,WFS,3.0,MONO,-3.375,0.01103063432807858
S2_R6_LB_AL2395_C0_WFS_MONO_EPD3,S2_R6_LB_AL2395_C0_WFS_EPD3,LB_AL2395,C0,WFS,3.0,MONO,-3.5,0.007789654016564236
S2_R6_LB_AL2395_C0_WFS_MONO_EPD3,S2_R6_LB_AL2395_C0_WFS_EPD3,LB_AL2395,C0,WFS,3.0,MONO,-3.625,0.0077869861297964445
S2_R6_LB_AL2395_C0_WFS_MONO_EPD3,S2_R6_LB_AL2395_C0_WFS_EPD3,LB_AL2395,C0,WFS,3.0,MONO,-3.75,0.0037225100771165246
S2_R6_LB_AL2395_C0_WFS_MONO_EPD3,S2_R6_LB_AL2395_C0_WFS_EPD3,LB_AL2395,C0,WFS,3.0,MONO,-3.875,0.007144836930331303
S2_R6_LB_AL2395_C0_WFS_MONO_EPD3,S2_R6_LB_AL2395_C0_WFS_EPD3,LB_AL2395,C0,WFS,3.0,MONO,-4.0,0.001367758455034349
S2_R6_LB_AL2395_C0_WFS_MONO_EPD3,S2_R6_LB_AL2395_C0_WFS_EPD3,LB_AL2395,C0,WFS,3.0,MONO,-4.125,0.006868892963524051
S2_R6_LB_AL2395_C0_WFS_MONO_EPD3,S2_R6_LB_AL2395_C0_WFS_EPD3,LB_AL2395,C0,WFS,3.0,MONO,-4.25,0.00011080171397342448
S2_R6_LB_AL2395_C0_WFS_MONO_EPD3,S2_R6_LB_AL2395_C0_WFS_EPD3,LB_AL2395,C0,WFS,3.0,MONO,-4.375,0.006536024379444067
S2_R6_LB_AL2395_C0_WFS_MONO_EPD3,S2_R6_LB_AL2395_C0_WFS_EPD3,LB_AL2395,C0,WFS,3.0,MONO,-4.5,0.0002035477454699499
S2_R6_LB_AL2395_C0_WFS_MONO_EPD3,S2_R6_LB_AL2395_C0_WFS_EPD3,LB_AL2395,C0,WFS,3.0,MONO,-4.625,0.005380610743252208
S2_R6_LB_AL2395_C0_WFS_MONO_EPD3,S2_R6_LB_AL2395_C0_WFS_EPD3,LB_AL2395,C0,WFS,3.0,MONO,-4.75,0.0008125958000061244
S2_R6_LB_AL2395_C0_WFS_MONO_EPD3,S2_R6_LB_AL2395_C0_WFS_EPD3,LB_AL2395,C0,WFS,3.0,MONO,-4.875,0.004404483411872134
S2_R6_LB_AL2395_C0_WFS_MONO_EPD3,S2_R6_LB_AL2395_C0_WFS_EPD3,LB_AL2395,C0,WFS,3.0,MONO,-5.0,0.0010675891773368614
S2_R6_LB_AL2395_C0_WFS_EDOF_EPD3,S2_R6_LB_AL2395_C0_WFS_EPD3,LB_AL2395,C0,WFS,3.0,EDOF,1.0,0.0010146494716096724
S2_R6_LB_AL2395_C0_WFS_EDOF_EPD3,S2_R6_LB_AL2395_C0_WFS_EPD3,LB_AL2395,C0,WFS,3.0,EDOF,0.875,0.001516740329462706
S2_R6_LB_AL2395_C0_WFS_EDOF_EPD3,S2_R6_LB_AL2395_C0_WFS_EPD3,LB_AL2395,C0,WFS,3.0,EDOF,0.75,0.0035204070220488082
S2_R6_LB_AL2395_C0_WFS_EDOF_EPD3,S2_R6_LB_AL2395_C0_WFS_EPD3,LB_AL2395,C0,WFS,3.0,EDOF,0.625,0.001232498881499872
S2_R6_LB_AL2395_C0_WFS_EDOF_EPD3,S2_R6_LB_AL2395_C0_WFS_EPD3,LB_AL2395,C0,WFS,3.0,EDOF,0.5,0.006255495632319811
S2_R6_LB_AL2395_C0_WFS_EDOF_EPD3,S2_R6_LB_AL2395_C0_WFS_EPD3,LB_AL2395,C0,WFS,3.0,EDOF,0.375,0.006007339001976288
S2_R6_LB_AL2395_C0_WFS_EDOF_EPD3,S2_R6_LB_AL2395_C0_WFS_EPD3,LB_AL2395,C0,WFS,3.0,EDOF,0.25,0.0016975057332644778
S2_R6_LB_AL2395_C0_WFS_EDOF_EPD3,S2_R6_LB_AL2395_C0_WFS_EPD3,LB_AL2395,C0,WFS,3.0,EDOF,0.125,0.005464252804897371
S2_R6_LB_AL2395_C0_WFS_EDOF_EPD3,S2_R6_LB_AL2395_C0_WFS_EPD3,LB_AL2395,C0,WFS,3.0,EDOF,0.0,0.009551047680149258
S2_R6_LB_AL2395_C0_WFS_EDOF_EPD3,S2_R6_LB_AL2395_C0_WFS_EPD3,LB_AL2395,C0,WFS,3.0,EDOF,-0.125,0.0010728823418183974
S2_R6_LB_AL2395_C0_WFS_EDOF_EPD3,S2_R6_LB_AL2395_C0_WFS_EPD3,LB_AL2395,C0,WFS,3.0,EDOF,-0.25,0.00737992464277427
S2_R6_LB_AL2395_C0_WFS_EDOF_EPD3,S2_R6_LB_AL2395_C0_WFS_EPD3,LB_AL2395,C0,WFS,3.0,EDOF,-0.375,0.0007687178758355944
S2_R6_LB_AL2395_C0_WFS_EDOF_EPD3,S2_R6_LB_AL2395_C0_WFS_EPD3,LB_AL2395,C0,WFS,3.0,EDOF,-0.5,0.002677071141114001
S2_R6_LB_AL2395_C0_WFS_EDOF_EPD3,S2_R6_LB_AL2395_C0_WFS_EPD3,LB_AL2395,C0,WFS,3.0,EDOF,-0.625,0.017122531905458944
S2_R6_LB_AL2395_C0_WFS_EDOF_EPD3,S2_R6_LB_AL2395_C0_WFS_EPD3,LB_AL2395,C0,WFS,3.0,EDOF,-0.75,0.04066841484698331
S2_R6_LB_AL2395_C0_WFS_EDOF_EPD3,S2_R6_LB_AL2395_C0_WFS_EPD3,LB_AL2395,C0,WFS,3.0,EDOF,-0.875,0.04856178383109838
S2_R6_LB_AL2395_C0_WFS_EDOF_EPD3,S2_R6_LB_AL2395_C0_WFS_EPD3,LB_AL2395,C0,WFS,3.0,EDOF,-1.0,0.06578429781266437
S2_R6_LB_AL2395_C0_WFS_EDOF_EPD3,S2_R6_LB_AL2395_C0_WFS_EPD3,LB_AL2395,C0,WFS,3.0,EDOF,-1.125,0.10604511515151878
S2_R6_LB_AL2395_C0_WFS_EDOF_EPD3,S2_R6_LB_AL2395_C0_WFS_EPD3,LB_AL2395,C0,WFS,3.0,EDOF,-1.25,0.12328461829388539
S2_R6_LB_AL2395_C0_WFS_EDOF_EPD3,S2_R6_LB_AL2395_C0_WFS_EPD3,LB_AL2395,C0,WFS,3.0,EDOF,-1.375,0.10071392156979182
S2_R6_LB_AL2395_C0_WFS_EDOF_EPD3,S2_R6_LB_AL2395_C0_WFS_EPD3,LB_AL2395,C0,WFS,3.0,EDOF,-1.5,0.12086135270448098
S2_R6_LB_AL2395_C0_WFS_EDOF_EPD3,S2_R6_LB_AL2395_C0_WFS_EPD3,LB_AL2395,C0,WFS,3.0,EDOF,-1.625,0.23600317095066997
S2_R6_LB_AL2395_C0_WFS_EDOF_EPD3,S2_R6_LB_AL2395_C0_WFS_EPD3,LB_AL2395,C0,WFS,3.0,EDOF,-1.75,0.3274736025035321
S2_R6_LB_AL2395_C0_WFS_EDOF_EPD3,S2_R6_LB_AL2395_C0_WFS_EPD3,LB_AL2395,C0,WFS,3.0,EDOF,-1.875,0.24519827286045248
S2_R6_LB_AL2395_C0_WFS_EDOF_EPD3,S2_R6_LB_AL2395_C0_WFS_EPD3,LB_AL2395,C0,WFS,3.0,EDOF,-2.0,0.05207021886012469
S2_R6_LB_AL2395_C0_WFS_EDOF_EPD3,S2_R6_LB_AL2395_C0_WFS_EPD3,LB_AL2395,C0,WFS,3.0,EDOF,-2.125,0.04090721609544263
S2_R6_LB_AL2395_C0_WFS_EDOF_EPD3,S2_R6_LB_AL2395_C0_WFS_EPD3,LB_AL2395,C0,WFS,3.0,EDOF,-2.25,0.024278707047777515
S2_R6_LB_AL2395_C0_WFS_EDOF_EPD3,S2_R6_LB_AL2395_C0_WFS_EPD3,LB_AL2395,C0,WFS,3.0,EDOF,-2.375,0.09358446141342856
S2_R6_LB_AL2395_C0_WFS_EDOF_EPD3,S2_R6_LB_AL2395_C0_WFS_EPD3,LB_AL2395,C0,WFS,3.0,EDOF,-2.5,0.05975242717582822
S2_R6_LB_AL2395_C0_WFS_EDOF_EPD3,S2_R6_LB_AL2395_C0_WFS_EPD3,LB_AL2395,C0,WFS,3.0,EDOF,-2.625,0.0008298965107493379
S2_R6_LB_AL2395_C0_WFS_EDOF_EPD3,S2_R6_LB_AL2395_C0_WFS_EPD3,LB_AL2395,C0,WFS,3.0,EDOF,-2.75,0.0006645435035477151
S2_R6_LB_AL2395_C0_WFS_EDOF_EPD3,S2_R6_LB_AL2395_C0_WFS_EPD3,LB_AL2395,C0,WFS,3.0,EDOF,-2.875,0.024720515149409816
S2_R6_LB_AL2395_C0_WFS_EDOF_EPD3,S2_R6_LB_AL2395_C0_WFS_EPD3,LB_AL2395,C0,WFS,3.0,EDOF,-3.0,0.010529904143854638
S2_R6_LB_AL2395_C0_WFS_EDOF_EPD3,S2_R6_LB_AL2395_C0_WFS_EPD3,LB_AL2395,C0,WFS,3.0,EDOF,-3.125,0.011928931773311448
S2_R6_LB_AL2395_C0_WFS_EDOF_EPD3,S2_R6_LB_AL2395_C0_WFS_EPD3,LB_AL2395,C0,WFS,3.0,EDOF,-3.25,0.0007006406213051715
S2_R6_LB_AL2395_C0_WFS_EDOF_EPD3,S2_R6_LB_AL2395_C0_WFS_EPD3,LB_AL2395,C0,WFS,3.0,EDOF,-3.375,0.01976960303832235
S2_R6_LB_AL2395_C0_WFS_EDOF_EPD3,S2_R6_LB_AL2395_C0_WFS_EPD3,LB_AL2395,C0,WFS,3.0,EDOF,-3.5,0.009176896802089461
S2_R6_LB_AL2395_C0_WFS_EDOF_EPD3,S2_R6_LB_AL2395_C0_WFS_EPD3,LB_AL2395,C0,WFS,3.0,EDOF,-3.625,0.007720833223397045
S2_R6_LB_AL2395_C0_WFS_EDOF_EPD3,S2_R6_LB_AL2395_C0_WFS_EPD3,LB_AL2395,C0,WFS,3.0,EDOF,-3.75,0.002897409543007711
S2_R6_LB_AL2395_C0_WFS_EDOF_EPD3,S2_R6_LB_AL2395_C0_WFS_EPD3,LB_AL2395,C0,WFS,3.0,EDOF,-3.875,0.005011549499900322
S2_R6_LB_AL2395_C0_WFS_EDOF_EPD3,S2_R6_LB_AL2395_C0_WFS_EPD3,LB_AL2395,C0,WFS,3.0,EDOF,-4.0,0.0023139024922627493
S2_R6_LB_AL2395_C0_WFS_EDOF_EPD3,S2_R6_LB_AL2395_C0_WFS_EPD3,LB_AL2395,C0,WFS,3.0,EDOF,-4.125,0.007163884150857945
S2_R6_LB_AL2395_C0_WFS_EDOF_EPD3,S2_R6_LB_AL2395_C0_WFS_EPD3,LB_AL2395,C0,WFS,3.0,EDOF,-4.25,0.001596529164579284
S2_R6_LB_AL2395_C0_WFS_EDOF_EPD3,S2_R6_LB_AL2395_C0_WFS_EPD3,LB_AL2395,C0,WFS,3.0,EDOF,-4.375,0.0057420846350797515
S2_R6_LB_AL2395_C0_WFS_EDOF_EPD3,S2_R6_LB_AL2395_C0_WFS_EPD3,LB_AL2395,C0,WFS,3.0,EDOF,-4.5,0.0021526951038622366
S2_R6_LB_AL2395_C0_WFS_EDOF_EPD3,S2_R6_LB_AL2395_C0_WFS_EPD3,LB_AL2395,C0,WFS,3.0,EDOF,-4.625,0.004965056377002301
S2_R6_LB_AL2395_C0_WFS_EDOF_EPD3,S2_R6_LB_AL2395_C0_WFS_EPD3,LB_AL2395,C0,WFS,3.0,EDOF,-4.75,0.0017875438127566015
S2_R6_LB_AL2395_C0_WFS_EDOF_EPD3,S2_R6_LB_AL2395_C0_WFS_EPD3,LB_AL2395,C0,WFS,3.0,EDOF,-4.875,0.0032361836095210483
S2_R6_LB_AL2395_C0_WFS_EDOF_EPD3,S2_R6_LB_AL2395_C0_WFS_EPD3,LB_AL2395,C0,WFS,3.0,EDOF,-5.0,0.0019964739200215467
S2_R6_LB_AL2395_C0_WFS_MONO_EPD5,S2_R6_LB_AL2395_C0_WFS_EPD5,LB_AL2395,C0,WFS,5.0,MONO,1.0,0.015111009998825892
S2_R6_LB_AL2395_C0_WFS_MONO_EPD5,S2_R6_LB_AL2395_C0_WFS_EPD5,LB_AL2395,C0,WFS,5.0,MONO,0.875,0.03699493470035453
S2_R6_LB_AL2395_C0_WFS_MONO_EPD5,S2_R6_LB_AL2395_C0_WFS_EPD5,LB_AL2395,C0,WFS,5.0,MONO,0.75,0.041463867465035005
S2_R6_LB_AL2395_C0_WFS_MONO_EPD5,S2_R6_LB_AL2395_C0_WFS_EPD5,LB_AL2395,C0,WFS,5.0,MONO,0.625,0.025732018231040436
S2_R6_LB_AL2395_C0_WFS_MONO_EPD5,S2_R6_LB_AL2395_C0_WFS_EPD5,LB_AL2395,C0,WFS,5.0,MONO,0.5,0.00533349583220853
S2_R6_LB_AL2395_C0_WFS_MONO_EPD5,S2_R6_LB_AL2395_C0_WFS_EPD5,LB_AL2395,C0,WFS,5.0,MONO,0.375,0.0020835256394006463
S2_R6_LB_AL2395_C0_WFS_MONO_EPD5,S2_R6_LB_AL2395_C0_WFS_EPD5,LB_AL2395,C0,WFS,5.0,MONO,0.25,0.009529101097962133
S2_R6_LB_AL2395_C0_WFS_MONO_EPD5,S2_R6_LB_AL2395_C0_WFS_EPD5,LB_AL2395,C0,WFS,5.0,MONO,0.125,0.023650850298868053
S2_R6_LB_AL2395_C0_WFS_MONO_EPD5,S2_R6_LB_AL2395_C0_WFS_EPD5,LB_AL2395,C0,WFS,5.0,MONO,0.0,0.024840445356886523
S2_R6_LB_AL2395_C0_WFS_MONO_EPD5,S2_R6_LB_AL2395_C0_WFS_EPD5,LB_AL2395,C0,WFS,5.0,MONO,-0.125,0.0060307141356476576
S2_R6_LB_AL2395_C0_WFS_MONO_EPD5,S2_R6_LB_AL2395_C0_WFS_EPD5,LB_AL2395,C0,WFS,5.0,MONO,-0.25,0.009474078151580165
S2_R6_LB_AL2395_C0_WFS_MONO_EPD5,S2_R6_LB_AL2395_C0_WFS_EPD5,LB_AL2395,C0,WFS,5.0,MONO,-0.375,0.017511414788887725
S2_R6_LB_AL2395_C0_WFS_MONO_EPD5,S2_R6_LB_AL2395_C0_WFS_EPD5,LB_AL2395,C0,WFS,5.0,MONO,-0.5,0.03260885309840574
S2_R6_LB_AL2395_C0_WFS_MONO_EPD5,S2_R6_LB_AL2395_C0_WFS_EPD5,LB_AL2395,C0,WFS,5.0,MONO,-0.625,0.046522081018684235
S2_R6_LB_AL2395_C0_WFS_MONO_EPD5,S2_R6_LB_AL2395_C0_WFS_EPD5,LB_AL2395,C0,WFS,5.0,MONO,-0.75,0.16021021809631217
S2_R6_LB_AL2395_C0_WFS_MONO_EPD5,S2_R6_LB_AL2395_C0_WFS_EPD5,LB_AL2395,C0,WFS,5.0,MONO,-0.875,0.052404841678192746
S2_R6_LB_AL2395_C0_WFS_MONO_EPD5,S2_R6_LB_AL2395_C0_WFS_EPD5,LB_AL2395,C0,WFS,5.0,MONO,-1.0,0.006410341931470366
S2_R6_LB_AL2395_C0_WFS_MONO_EPD5,S2_R6_LB_AL2395_C0_WFS_EPD5,LB_AL2395,C0,WFS,5.0,MONO,-1.125,0.03872213331803903
S2_R6_LB_AL2395_C0_WFS_MONO_EPD5,S2_R6_LB_AL2395_C0_WFS_EPD5,LB_AL2395,C0,WFS,5.0,MONO,-1.25,0.027065325760627847
S2_R6_LB_AL2395_C0_WFS_MONO_EPD5,S2_R6_LB_AL2395_C0_WFS_EPD5,LB_AL2395,C0,WFS,5.0,MONO,-1.375,0.04922034088729476
S2_R6_LB_AL2395_C0_WFS_MONO_EPD5,S2_R6_LB_AL2395_C0_WFS_EPD5,LB_AL2395,C0,WFS,5.0,MONO,-1.5,0.0031911844202418137
S2_R6_LB_AL2395_C0_WFS_MONO_EPD5,S2_R6_LB_AL2395_C0_WFS_EPD5,LB_AL2395,C0,WFS,5.0,MONO,-1.625,0.148891991552791
S2_R6_LB_AL2395_C0_WFS_MONO_EPD5,S2_R6_LB_AL2395_C0_WFS_EPD5,LB_AL2395,C0,WFS,5.0,MONO,-1.75,0.2590326152528148
S2_R6_LB_AL2395_C0_WFS_MONO_EPD5,S2_R6_LB_AL2395_C0_WFS_EPD5,LB_AL2395,C0,WFS,5.0,MONO,-1.875,0.21695760258833924
S2_R6_LB_AL2395_C0_WFS_MONO_EPD5,S2_R6_LB_AL2395_C0_WFS_EPD5,LB_AL2395,C0,WFS,5.0,MONO,-2.0,0.023540821053308677
S2_R6_LB_AL2395_C0_WFS_MONO_EPD5,S2_R6_LB_AL2395_C0_WFS_EPD5,LB_AL2395,C0,WFS,5.0,MONO,-2.125,0.0437808997977968
S2_R6_LB_AL2395_C0_WFS_MONO_EPD5,S2_R6_LB_AL2395_C0_WFS_EPD5,LB_AL2395,C0,WFS,5.0,MONO,-2.25,0.01497936212800019
S2_R6_LB_AL2395_C0_WFS_MONO_EPD5,S2_R6_LB_AL2395_C0_WFS_EPD5,LB_AL2395,C0,WFS,5.0,MONO,-2.375,0.028090045754954912
S2_R6_LB_AL2395_C0_WFS_MONO_EPD5,S2_R6_LB_AL2395_C0_WFS_EPD5,LB_AL2395,C0,WFS,5.0,MONO,-2.5,0.000546672672903746
S2_R6_LB_AL2395_C0_WFS_MONO_EPD5,S2_R6_LB_AL2395_C0_WFS_EPD5,LB_AL2395,C0,WFS,5.0,MONO,-2.625,0.004590246348341341
S2_R6_LB_AL2395_C0_WFS_MONO_EPD5,S2_R6_LB_AL2395_C0_WFS_EPD5,LB_AL2395,C0,WFS,5.0,MONO,-2.75,0.005314554130920067
S2_R6_LB_AL2395_C0_WFS_MONO_EPD5,S2_R6_LB_AL2395_C0_WFS_EPD5,LB_AL2395,C0,WFS,5.0,MONO,-2.875,0.006849268103550128
S2_R6_LB_AL2395_C0_WFS_MONO_EPD5,S2_R6_LB_AL2395_C0_WFS_EPD5,LB_AL2395,C0,WFS,5.0,MONO,-3.0,0.002732903517839474
S2_R6_LB_AL2395_C0_WFS_MONO_EPD5,S2_R6_LB_AL2395_C0_WFS_EPD5,LB_AL2395,C0,WFS,5.0,MONO,-3.125,0.0012808734719096716
S2_R6_LB_AL2395_C0_WFS_MONO_EPD5,S2_R6_LB_AL2395_C0_WFS_EPD5,LB_AL2395,C0,WFS,5.0,MONO,-3.25,0.0033576168148236455
S2_R6_LB_AL2395_C0_WFS_MONO_EPD5,S2_R6_LB_AL2395_C0_WFS_EPD5,LB_AL2395,C0,WFS,5.0,MONO,-3.375,0.0025259751365320593
S2_R6_LB_AL2395_C0_WFS_MONO_EPD5,S2_R6_LB_AL2395_C0_WFS_EPD5,LB_AL2395,C0,WFS,5.0,MONO,-3.5,0.0011152803157547535
S2_R6_LB_AL2395_C0_WFS_MONO_EPD5,S2_R6_LB_AL2395_C0_WFS_EPD5,LB_AL2395,C0,WFS,5.0,MONO,-3.625,0.0008259187878936863
S2_R6_LB_AL2395_C0_WFS_MONO_EPD5,S2_R6_LB_AL2395_C0_WFS_EPD5,LB_AL2395,C0,WFS,5.0,MONO,-3.75,0.0012402676924350893
S2_R6_LB_AL2395_C0_WFS_MONO_EPD5,S2_R6_LB_AL2395_C0_WFS_EPD5,LB_AL2395,C0,WFS,5.0,MONO,-3.875,0.000276143351131562
S2_R6_LB_AL2395_C0_WFS_MONO_EPD5,S2_R6_LB_AL2395_C0_WFS_EPD5,LB_AL2395,C0,WFS,5.0,MONO,-4.0,0.0013917504614613376
S2_R6_LB_AL2395_C0_WFS_MONO_EPD5,S2_R6_LB_AL2395_C0_WFS_EPD5,LB_AL2395,C0,WFS,5.0,MONO,-4.125,0.0008633523005880326
S2_R6_LB_AL2395_C0_WFS_MONO_EPD5,S2_R6_LB_AL2395_C0_WFS_EPD5,LB_AL2395,C0,WFS,5.0,MONO,-4.25,0.0003347859485363672
S2_R6_LB_AL2395_C0_WFS_MONO_EPD5,S2_R6_LB_AL2395_C0_WFS_EPD5,LB_AL2395,C0,WFS,5.0,MONO,-4.375,0.0014466797159765124
S2_R6_LB_AL2395_C0_WFS_MONO_EPD5,S2_R6_LB_AL2395_C0_WFS_EPD5,LB_AL2395,C0,WFS,5.0,MONO,-4.5,0.0006304747459507166
S2_R6_LB_AL2395_C0_WFS_MONO_EPD5,S2_R6_LB_AL2395_C0_WFS_EPD5,LB_AL2395,C0,WFS,5.0,MONO,-4.625,0.001230451649547031
S2_R6_LB_AL2395_C0_WFS_MONO_EPD5,S2_R6_LB_AL2395_C0_WFS_EPD5,LB_AL2395,C0,WFS,5.0,MONO,-4.75,0.001122959636340916
S2_R6_LB_AL2395_C0_WFS_MONO_EPD5,S2_R6_LB_AL2395_C0_WFS_EPD5,LB_AL2395,C0,WFS,5.0,MONO,-4.875,0.0006996731212397022
S2_R6_LB_AL2395_C0_WFS_MONO_EPD5,S2_R6_LB_AL2395_C0_WFS_EPD5,LB_AL2395,C0,WFS,5.0,MONO,-5.0,0.00025730403204354157
S2_R6_LB_AL2395_C0_WFS_EDOF_EPD5,S2_R6_LB_AL2395_C0_WFS_EPD5,LB_AL2395,C0,WFS,5.0,EDOF,1.0,0.0211452372298934
S2_R6_LB_AL2395_C0_WFS_EDOF_EPD5,S2_R6_LB_AL2395_C0_WFS_EPD5,LB_AL2395,C0,WFS,5.0,EDOF,0.875,0.03754779257429448
S2_R6_LB_AL2395_C0_WFS_EDOF_EPD5,S2_R6_LB_AL2395_C0_WFS_EPD5,LB_AL2395,C0,WFS,5.0,EDOF,0.75,0.03596862857451341
S2_R6_LB_AL2395_C0_WFS_EDOF_EPD5,S2_R6_LB_AL2395_C0_WFS_EPD5,LB_AL2395,C0,WFS,5.0,EDOF,0.625,0.01951382196569474
S2_R6_LB_AL2395_C0_WFS_EDOF_EPD5,S2_R6_LB_AL2395_C0_WFS_EPD5,LB_AL2395,C0,WFS,5.0,EDOF,0.5,0.003706560826568976
S2_R6_LB_AL2395_C0_WFS_EDOF_EPD5,S2_R6_LB_AL2395_C0_WFS_EPD5,LB_AL2395,C0,WFS,5.0,EDOF,0.375,0.007535025138449902
S2_R6_LB_AL2395_C0_WFS_EDOF_EPD5,S2_R6_LB_AL2395_C0_WFS_EPD5,LB_AL2395,C0,WFS,5.0,EDOF,0.25,0.016102125434162465
S2_R6_LB_AL2395_C0_WFS_EDOF_EPD5,S2_R6_LB_AL2395_C0_WFS_EPD5,LB_AL2395,C0,WFS,5.0,EDOF,0.125,0.025022922520220217
S2_R6_LB_AL2395_C0_WFS_EDOF_EPD5,S2_R6_LB_AL2395_C0_WFS_EPD5,LB_AL2395,C0,WFS,5.0,EDOF,0.0,0.011745764737622372
S2_R6_LB_AL2395_C0_WFS_EDOF_EPD5,S2_R6_LB_AL2395_C0_WFS_EPD5,LB_AL2395,C0,WFS,5.0,EDOF,-0.125,0.004053779063695132
S2_R6_LB_AL2395_C0_WFS_EDOF_EPD5,S2_R6_LB_AL2395_C0_WFS_EPD5,LB_AL2395,C0,WFS,5.0,EDOF,-0.25,0.004739376183851134
S2_R6_LB_AL2395_C0_WFS_EDOF_EPD5,S2_R6_LB_AL2395_C0_WFS_EPD5,LB_AL2395,C0,WFS,5.0,EDOF,-0.375,0.00023868858627514315
S2_R6_LB_AL2395_C0_WFS_EDOF_EPD5,S2_R6_LB_AL2395_C0_WFS_EPD5,LB_AL2395,C0,WFS,5.0,EDOF,-0.5,0.04306833222621336
S2_R6_LB_AL2395_C0_WFS_EDOF_EPD5,S2_R6_LB_AL2395_C0_WFS_EPD5,LB_AL2395,C0,WFS,5.0,EDOF,-0.625,0.06638151073643063
S2_R6_LB_AL2395_C0_WFS_EDOF_EPD5,S2_R6_LB_AL2395_C0_WFS_EPD5,LB_AL2395,C0,WFS,5.0,EDOF,-0.75,0.1494731316059736
S2_R6_LB_AL2395_C0_WFS_EDOF_EPD5,S2_R6_LB_AL2395_C0_WFS_EPD5,LB_AL2395,C0,WFS,5.0,EDOF,-0.875,0.06705205406143343
S2_R6_LB_AL2395_C0_WFS_EDOF_EPD5,S2_R6_LB_AL2395_C0_WFS_EPD5,LB_AL2395,C0,WFS,5.0,EDOF,-1.0,0.04932571988392052
S2_R6_LB_AL2395_C0_WFS_EDOF_EPD5,S2_R6_LB_AL2395_C0_WFS_EPD5,LB_AL2395,C0,WFS,5.0,EDOF,-1.125,0.0636103274088307
S2_R6_LB_AL2395_C0_WFS_EDOF_EPD5,S2_R6_LB_AL2395_C0_WFS_EPD5,LB_AL2395,C0,WFS,5.0,EDOF,-1.25,0.030906102206033518
S2_R6_LB_AL2395_C0_WFS_EDOF_EPD5,S2_R6_LB_AL2395_C0_WFS_EPD5,LB_AL2395,C0,WFS,5.0,EDOF,-1.375,0.093444249958919
S2_R6_LB_AL2395_C0_WFS_EDOF_EPD5,S2_R6_LB_AL2395_C0_WFS_EPD5,LB_AL2395,C0,WFS,5.0,EDOF,-1.5,0.028547114441032174
S2_R6_LB_AL2395_C0_WFS_EDOF_EPD5,S2_R6_LB_AL2395_C0_WFS_EPD5,LB_AL2395,C0,WFS,5.0,EDOF,-1.625,0.08473505231625335
S2_R6_LB_AL2395_C0_WFS_EDOF_EPD5,S2_R6_LB_AL2395_C0_WFS_EPD5,LB_AL2395,C0,WFS,5.0,EDOF,-1.75,0.14622870483539568
S2_R6_LB_AL2395_C0_WFS_EDOF_EPD5,S2_R6_LB_AL2395_C0_WFS_EPD5,LB_AL2395,C0,WFS,5.0,EDOF,-1.875,0.15148791195836392
S2_R6_LB_AL2395_C0_WFS_EDOF_EPD5,S2_R6_LB_AL2395_C0_WFS_EPD5,LB_AL2395,C0,WFS,5.0,EDOF,-2.0,0.012852553233860711
S2_R6_LB_AL2395_C0_WFS_EDOF_EPD5,S2_R6_LB_AL2395_C0_WFS_EPD5,LB_AL2395,C0,WFS,5.0,EDOF,-2.125,0.03623852457399026
S2_R6_LB_AL2395_C0_WFS_EDOF_EPD5,S2_R6_LB_AL2395_C0_WFS_EPD5,LB_AL2395,C0,WFS,5.0,EDOF,-2.25,0.0023238585459527243
S2_R6_LB_AL2395_C0_WFS_EDOF_EPD5,S2_R6_LB_AL2395_C0_WFS_EPD5,LB_AL2395,C0,WFS,5.0,EDOF,-2.375,0.04925121854111371
S2_R6_LB_AL2395_C0_WFS_EDOF_EPD5,S2_R6_LB_AL2395_C0_WFS_EPD5,LB_AL2395,C0,WFS,5.0,EDOF,-2.5,0.0101021639966481
S2_R6_LB_AL2395_C0_WFS_EDOF_EPD5,S2_R6_LB_AL2395_C0_WFS_EPD5,LB_AL2395,C0,WFS,5.0,EDOF,-2.625,0.00297041858617715
S2_R6_LB_AL2395_C0_WFS_EDOF_EPD5,S2_R6_LB_AL2395_C0_WFS_EPD5,LB_AL2395,C0,WFS,5.0,EDOF,-2.75,0.0014660641561406126
S2_R6_LB_AL2395_C0_WFS_EDOF_EPD5,S2_R6_LB_AL2395_C0_WFS_EPD5,LB_AL2395,C0,WFS,5.0,EDOF,-2.875,0.013300275740357687
S2_R6_LB_AL2395_C0_WFS_EDOF_EPD5,S2_R6_LB_AL2395_C0_WFS_EPD5,LB_AL2395,C0,WFS,5.0,EDOF,-3.0,0.005844536435381328
S2_R6_LB_AL2395_C0_WFS_EDOF_EPD5,S2_R6_LB_AL2395_C0_WFS_EPD5,LB_AL2395,C0,WFS,5.0,EDOF,-3.125,0.0021156188203797503
S2_R6_LB_AL2395_C0_WFS_EDOF_EPD5,S2_R6_LB_AL2395_C0_WFS_EPD5,LB_AL2395,C0,WFS,5.0,EDOF,-3.25,0.0018335081425785253
S2_R6_LB_AL2395_C0_WFS_EDOF_EPD5,S2_R6_LB_AL2395_C0_WFS_EPD5,LB_AL2395,C0,WFS,5.0,EDOF,-3.375,0.007641632958948785
S2_R6_LB_AL2395_C0_WFS_EDOF_EPD5,S2_R6_LB_AL2395_C0_WFS_EPD5,LB_AL2395,C0,WFS,5.0,EDOF,-3.5,0.0024644483863952124
S2_R6_LB_AL2395_C0_WFS_EDOF_EPD5,S2_R6_LB_AL2395_C0_WFS_EPD5,LB_AL2395,C0,WFS,5.0,EDOF,-3.625,0.0004637029193081578
S2_R6_LB_AL2395_C0_WFS_EDOF_EPD5,S2_R6_LB_AL2395_C0_WFS_EPD5,LB_AL2395,C0,WFS,5.0,EDOF,-3.75,0.00039124795907568573
S2_R6_LB_AL2395_C0_WFS_EDOF_EPD5,S2_R6_LB_AL2395_C0_WFS_EPD5,LB_AL2395,C0,WFS,5.0,EDOF,-3.875,2.627312695696087e-05
S2_R6_LB_AL2395_C0_WFS_EDOF_EPD5,S2_R6_LB_AL2395_C0_WFS_EPD5,LB_AL2395,C0,WFS,5.0,EDOF,-4.0,0.0037797583961525923
S2_R6_LB_AL2395_C0_WFS_EDOF_EPD5,S2_R6_LB_AL2395_C0_WFS_EPD5,LB_AL2395,C0,WFS,5.0,EDOF,-4.125,0.0006836719487548999
S2_R6_LB_AL2395_C0_WFS_EDOF_EPD5,S2_R6_LB_AL2395_C0_WFS_EPD5,LB_AL2395,C0,WFS,5.0,EDOF,-4.25,0.0010151218290439122
S2_R6_LB_AL2395_C0_WFS_EDOF_EPD5,S2_R6_LB_AL2395_C0_WFS_EPD5,LB_AL2395,C0,WFS,5.0,EDOF,-4.375,0.0009625989163680184
S2_R6_LB_AL2395_C0_WFS_EDOF_EPD5,S2_R6_LB_AL2395_C0_WFS_EPD5,LB_AL2395,C0,WFS,5.0,EDOF,-4.5,0.0005545197827487957
S2_R6_LB_AL2395_C0_WFS_EDOF_EPD5,S2_R6_LB_AL2395_C0_WFS_EPD5,LB_AL2395,C0,WFS,5.0,EDOF,-4.625,0.0015345311561498526
S2_R6_LB_AL2395_C0_WFS_EDOF_EPD5,S2_R6_LB_AL2395_C0_WFS_EPD5,LB_AL2395,C0,WFS,5.0,EDOF,-4.75,0.00155417517944794
S2_R6_LB_AL2395_C0_WFS_EDOF_EPD5,S2_R6_LB_AL2395_C0_WFS_EPD5,LB_AL2395,C0,WFS,5.0,EDOF,-4.875,0.0004066542495203838
S2_R6_LB_AL2395_C0_WFS_EDOF_EPD5,S2_R6_LB_AL2395_C0_WFS_EPD5,LB_AL2395,C0,WFS,5.0,EDOF,-5.0,0.00023867345096642326
S2_R6_LB_AL2395_C0_RAD_MONO_EPD3,S2_R6_LB_AL2395_C0_RAD_EPD3,LB_AL2395,C0,RAD,3.0,MONO,1.0,0.005299669512807428
S2_R6_LB_AL2395_C0_RAD_MONO_EPD3,S2_R6_LB_AL2395_C0_RAD_EPD3,LB_AL2395,C0,RAD,3.0,MONO,0.875,0.0011187424272225915
S2_R6_LB_AL2395_C0_RAD_MONO_EPD3,S2_R6_LB_AL2395_C0_RAD_EPD3,LB_AL2395,C0,RAD,3.0,MONO,0.75,0.005783264938773092
S2_R6_LB_AL2395_C0_RAD_MONO_EPD3,S2_R6_LB_AL2395_C0_RAD_EPD3,LB_AL2395,C0,RAD,3.0,MONO,0.625,0.0010876894787516232
S2_R6_LB_AL2395_C0_RAD_MONO_EPD3,S2_R6_LB_AL2395_C0_RAD_EPD3,LB_AL2395,C0,RAD,3.0,MONO,0.5,0.005280815105614954
S2_R6_LB_AL2395_C0_RAD_MONO_EPD3,S2_R6_LB_AL2395_C0_RAD_EPD3,LB_AL2395,C0,RAD,3.0,MONO,0.375,0.0026166167978779993
S2_R6_LB_AL2395_C0_RAD_MONO_EPD3,S2_R6_LB_AL2395_C0_RAD_EPD3,LB_AL2395,C0,RAD,3.0,MONO,0.25,0.005853948195939924
S2_R6_LB_AL2395_C0_RAD_MONO_EPD3,S2_R6_LB_AL2395_C0_RAD_EPD3,LB_AL2395,C0,RAD,3.0,MONO,0.125,0.004265234209595292
S2_R6_LB_AL2395_C0_RAD_MONO_EPD3,S2_R6_LB_AL2395_C0_RAD_EPD3,LB_AL2395,C0,RAD,3.0,MONO,0.0,0.007005615939872313
S2_R6_LB_AL2395_C0_RAD_MONO_EPD3,S2_R6_LB_AL2395_C0_RAD_EPD3,LB_AL2395,C0,RAD,3.0,MONO,-0.125,0.006031086746731727
S2_R6_LB_AL2395_C0_RAD_MONO_EPD3,S2_R6_LB_AL2395_C0_RAD_EPD3,LB_AL2395,C0,RAD,3.0,MONO,-0.25,0.008859952499837636
S2_R6_LB_AL2395_C0_RAD_MONO_EPD3,S2_R6_LB_AL2395_C0_RAD_EPD3,LB_AL2395,C0,RAD,3.0,MONO,-0.375,0.006540992572396049
S2_R6_LB_AL2395_C0_RAD_MONO_EPD3,S2_R6_LB_AL2395_C0_RAD_EPD3,LB_AL2395,C0,RAD,3.0,MONO,-0.5,0.00790598839572886
S2_R6_LB_AL2395_C0_RAD_MONO_EPD3,S2_R6_LB_AL2395_C0_RAD_EPD3,LB_AL2395,C0,RAD,3.0,MONO,-0.625,0.011691213342920717
S2_R6_LB_AL2395_C0_RAD_MONO_EPD3,S2_R6_LB_AL2395_C0_RAD_EPD3,LB_AL2395,C0,RAD,3.0,MONO,-0.75,0.011054669562499828
S2_R6_LB_AL2395_C0_RAD_MONO_EPD3,S2_R6_LB_AL2395_C0_RAD_EPD3,LB_AL2395,C0,RAD,3.0,MONO,-0.875,0.014482010101810404
S2_R6_LB_AL2395_C0_RAD_MONO_EPD3,S2_R6_LB_AL2395_C0_RAD_EPD3,LB_AL2395,C0,RAD,3.0,MONO,-1.0,0.00923444364414785
S2_R6_LB_AL2395_C0_RAD_MONO_EPD3,S2_R6_LB_AL2395_C0_RAD_EPD3,LB_AL2395,C0,RAD,3.0,MONO,-1.125,0.0281818101412248
S2_R6_LB_AL2395_C0_RAD_MONO_EPD3,S2_R6_LB_AL2395_C0_RAD_EPD3,LB_AL2395,C0,RAD,3.0,MONO,-1.25,0.018090183947153206
S2_R6_LB_AL2395_C0_RAD_MONO_EPD3,S2_R6_LB_AL2395_C0_RAD_EPD3,LB_AL2395,C0,RAD,3.0,MONO,-1.375,0.02374847677872365
S2_R6_LB_AL2395_C0_RAD_MONO_EPD3,S2_R6_LB_AL2395_C0_RAD_EPD3,LB_AL2395,C0,RAD,3.0,MONO,-1.5,0.07202205899578382
S2_R6_LB_AL2395_C0_RAD_MONO_EPD3,S2_R6_LB_AL2395_C0_RAD_EPD3,LB_AL2395,C0,RAD,3.0,MONO,-1.625,0.36472126361564844
S2_R6_LB_AL2395_C0_RAD_MONO_EPD3,S2_R6_LB_AL2395_C0_RAD_EPD3,LB_AL2395,C0,RAD,3.0,MONO,-1.75,0.6048976665664074
S2_R6_LB_AL2395_C0_RAD_MONO_EPD3,S2_R6_LB_AL2395_C0_RAD_EPD3,LB_AL2395,C0,RAD,3.0,MONO,-1.875,0.5084808486085113
S2_R6_LB_AL2395_C0_RAD_MONO_EPD3,S2_R6_LB_AL2395_C0_RAD_EPD3,LB_AL2395,C0,RAD,3.0,MONO,-2.0,0.16029736921738483
S2_R6_LB_AL2395_C0_RAD_MONO_EPD3,S2_R6_LB_AL2395_C0_RAD_EPD3,LB_AL2395,C0,RAD,3.0,MONO,-2.125,0.08178791891374063
S2_R6_LB_AL2395_C0_RAD_MONO_EPD3,S2_R6_LB_AL2395_C0_RAD_EPD3,LB_AL2395,C0,RAD,3.0,MONO,-2.25,0.05893759009162399
S2_R6_LB_AL2395_C0_RAD_MONO_EPD3,S2_R6_LB_AL2395_C0_RAD_EPD3,LB_AL2395,C0,RAD,3.0,MONO,-2.375,0.04477676096255881
S2_R6_LB_AL2395_C0_RAD_MONO_EPD3,S2_R6_LB_AL2395_C0_RAD_EPD3,LB_AL2395,C0,RAD,3.0,MONO,-2.5,0.0414676186105386
S2_R6_LB_AL2395_C0_RAD_MONO_EPD3,S2_R6_LB_AL2395_C0_RAD_EPD3,LB_AL2395,C0,RAD,3.0,MONO,-2.625,0.018935981129245282
S2_R6_LB_AL2395_C0_RAD_MONO_EPD3,S2_R6_LB_AL2395_C0_RAD_EPD3,LB_AL2395,C0,RAD,3.0,MONO,-2.75,0.019973690308537035
S2_R6_LB_AL2395_C0_RAD_MONO_EPD3,S2_R6_LB_AL2395_C0_RAD_EPD3,LB_AL2395,C0,RAD,3.0,MONO,-2.875,0.016307127403558375
S2_R6_LB_AL2395_C0_RAD_MONO_EPD3,S2_R6_LB_AL2395_C0_RAD_EPD3,LB_AL2395,C0,RAD,3.0,MONO,-3.0,0.014046625925232613
S2_R6_LB_AL2395_C0_RAD_MONO_EPD3,S2_R6_LB_AL2395_C0_RAD_EPD3,LB_AL2395,C0,RAD,3.0,MONO,-3.125,0.011066378379127068
S2_R6_LB_AL2395_C0_RAD_MONO_EPD3,S2_R6_LB_AL2395_C0_RAD_EPD3,LB_AL2395,C0,RAD,3.0,MONO,-3.25,0.007072415406609299
S2_R6_LB_AL2395_C0_RAD_MONO_EPD3,S2_R6_LB_AL2395_C0_RAD_EPD3,LB_AL2395,C0,RAD,3.0,MONO,-3.375,0.010931456354383787
S2_R6_LB_AL2395_C0_RAD_MONO_EPD3,S2_R6_LB_AL2395_C0_RAD_EPD3,LB_AL2395,C0,RAD,3.0,MONO,-3.5,0.005609447575721898
S2_R6_LB_AL2395_C0_RAD_MONO_EPD3,S2_R6_LB_AL2395_C0_RAD_EPD3,LB_AL2395,C0,RAD,3.0,MONO,-3.625,0.007842587057682246
S2_R6_LB_AL2395_C0_RAD_MONO_EPD3,S2_R6_LB_AL2395_C0_RAD_EPD3,LB_AL2395,C0,RAD,3.0,MONO,-3.75,0.002307087347506512
S2_R6_LB_AL2395_C0_RAD_MONO_EPD3,S2_R6_LB_AL2395_C0_RAD_EPD3,LB_AL2395,C0,RAD,3.0,MONO,-3.875,0.006740069228986266
S2_R6_LB_AL2395_C0_RAD_MONO_EPD3,S2_R6_LB_AL2395_C0_RAD_EPD3,LB_AL2395,C0,RAD,3.0,MONO,-4.0,6.31600603453716e-05
S2_R6_LB_AL2395_C0_RAD_MONO_EPD3,S2_R6_LB_AL2395_C0_RAD_EPD3,LB_AL2395,C0,RAD,3.0,MONO,-4.125,0.006295698022362013
S2_R6_LB_AL2395_C0_RAD_MONO_EPD3,S2_R6_LB_AL2395_C0_RAD_EPD3,LB_AL2395,C0,RAD,3.0,MONO,-4.25,0.00117620215494279
S2_R6_LB_AL2395_C0_RAD_MONO_EPD3,S2_R6_LB_AL2395_C0_RAD_EPD3,LB_AL2395,C0,RAD,3.0,MONO,-4.375,0.006020558152380123
S2_R6_LB_AL2395_C0_RAD_MONO_EPD3,S2_R6_LB_AL2395_C0_RAD_EPD3,LB_AL2395,C0,RAD,3.0,MONO,-4.5,0.0013567836575073757
S2_R6_LB_AL2395_C0_RAD_MONO_EPD3,S2_R6_LB_AL2395_C0_RAD_EPD3,LB_AL2395,C0,RAD,3.0,MONO,-4.625,0.00497047828885627
S2_R6_LB_AL2395_C0_RAD_MONO_EPD3,S2_R6_LB_AL2395_C0_RAD_EPD3,LB_AL2395,C0,RAD,3.0,MONO,-4.75,0.0017119080243550658
S2_R6_LB_AL2395_C0_RAD_MONO_EPD3,S2_R6_LB_AL2395_C0_RAD_EPD3,LB_AL2395,C0,RAD,3.0,MONO,-4.875,0.004050550192297018
S2_R6_LB_AL2395_C0_RAD_MONO_EPD3,S2_R6_LB_AL2395_C0_RAD_EPD3,LB_AL2395,C0,RAD,3.0,MONO,-5.0,0.0016428318914583802
S2_R6_LB_AL2395_C0_RAD_EDOF_EPD3,S2_R6_LB_AL2395_C0_RAD_EPD3,LB_AL2395,C0,RAD,3.0,EDOF,1.0,0.0014180399532398866
S2_R6_LB_AL2395_C0_RAD_EDOF_EPD3,S2_R6_LB_AL2395_C0_RAD_EPD3,LB_AL2395,C0,RAD,3.0,EDOF,0.875,0.001498485058067324
S2_R6_LB_AL2395_C0_RAD_EDOF_EPD3,S2_R6_LB_AL2395_C0_RAD_EPD3,LB_AL2395,C0,RAD,3.0,EDOF,0.75,0.004530127027509357
S2_R6_LB_AL2395_C0_RAD_EDOF_EPD3,S2_R6_LB_AL2395_C0_RAD_EPD3,LB_AL2395,C0,RAD,3.0,EDOF,0.625,0.0031100631174183486
S2_R6_LB_AL2395_C0_RAD_EDOF_EPD3,S2_R6_LB_AL2395_C0_RAD_EPD3,LB_AL2395,C0,RAD,3.0,EDOF,0.5,0.010582891551307335
S2_R6_LB_AL2395_C0_RAD_EDOF_EPD3,S2_R6_LB_AL2395_C0_RAD_EPD3,LB_AL2395,C0,RAD,3.0,EDOF,0.375,0.005375615736135489
S2_R6_LB_AL2395_C0_RAD_EDOF_EPD3,S2_R6_LB_AL2395_C0_RAD_EPD3,LB_AL2395,C0,RAD,3.0,EDOF,0.25,0.020672999352640893
S2_R6_LB_AL2395_C0_RAD_EDOF_EPD3,S2_R6_LB_AL2395_C0_RAD_EPD3,LB_AL2395,C0,RAD,3.0,EDOF,0.125,0.00603764925576672
S2_R6_LB_AL2395_C0_RAD_EDOF_EPD3,S2_R6_LB_AL2395_C0_RAD_EPD3,LB_AL2395,C0,RAD,3.0,EDOF,0.0,0.040008760720546
S2_R6_LB_AL2395_C0_RAD_EDOF_EPD3,S2_R6_LB_AL2395_C0_RAD_EPD3,LB_AL2395,C0,RAD,3.0,EDOF,-0.125,0.005669604090400303
S2_R6_LB_AL2395_C0_RAD_EDOF_EPD3,S2_R6_LB_AL2395_C0_RAD_EPD3,LB_AL2395,C0,RAD,3.0,EDOF,-0.25,0.06094970340127734
S2_R6_LB_AL2395_C0_RAD_EDOF_EPD3,S2_R6_LB_AL2395_C0_RAD_EPD3,LB_AL2395,C0,RAD,3.0,EDOF,-0.375,0.038394017534763854
S2_R6_LB_AL2395_C0_RAD_EDOF_EPD3,S2_R6_LB_AL2395_C0_RAD_EPD3,LB_AL2395,C0,RAD,3.0,EDOF,-0.5,0.0574853493288068
S2_R6_LB_AL2395_C0_RAD_EDOF_EPD3,S2_R6_LB_AL2395_C0_RAD_EPD3,LB_AL2395,C0,RAD,3.0,EDOF,-0.625,0.044888708726953025
S2_R6_LB_AL2395_C0_RAD_EDOF_EPD3,S2_R6_LB_AL2395_C0_RAD_EPD3,LB_AL2395,C0,RAD,3.0,EDOF,-0.75,0.13240429168343834
S2_R6_LB_AL2395_C0_RAD_EDOF_EPD3,S2_R6_LB_AL2395_C0_RAD_EPD3,LB_AL2395,C0,RAD,3.0,EDOF,-0.875,0.2653179737704773
S2_R6_LB_AL2395_C0_RAD_EDOF_EPD3,S2_R6_LB_AL2395_C0_RAD_EPD3,LB_AL2395,C0,RAD,3.0,EDOF,-1.0,0.18641119389852995
S2_R6_LB_AL2395_C0_RAD_EDOF_EPD3,S2_R6_LB_AL2395_C0_RAD_EPD3,LB_AL2395,C0,RAD,3.0,EDOF,-1.125,0.04571419214565582
S2_R6_LB_AL2395_C0_RAD_EDOF_EPD3,S2_R6_LB_AL2395_C0_RAD_EPD3,LB_AL2395,C0,RAD,3.0,EDOF,-1.25,0.08193412960055815
S2_R6_LB_AL2395_C0_RAD_EDOF_EPD3,S2_R6_LB_AL2395_C0_RAD_EPD3,LB_AL2395,C0,RAD,3.0,EDOF,-1.375,0.24616785456878823
S2_R6_LB_AL2395_C0_RAD_EDOF_EPD3,S2_R6_LB_AL2395_C0_RAD_EPD3,LB_AL2395,C0,RAD,3.0,EDOF,-1.5,0.28696890018656845
S2_R6_LB_AL2395_C0_RAD_EDOF_EPD3,S2_R6_LB_AL2395_C0_RAD_EPD3,LB_AL2395,C0,RAD,3.0,EDOF,-1.625,0.1385107540654074
S2_R6_LB_AL2395_C0_RAD_EDOF_EPD3,S2_R6_LB_AL2395_C0_RAD_EPD3,LB_AL2395,C0,RAD,3.0,EDOF,-1.75,0.015520108758150835
S2_R6_LB_AL2395_C0_RAD_EDOF_EPD3,S2_R6_LB_AL2395_C0_RAD_EPD3,LB_AL2395,C0,RAD,3.0,EDOF,-1.875,0.0440575358253638
S2_R6_LB_AL2395_C0_RAD_EDOF_EPD3,S2_R6_LB_AL2395_C0_RAD_EPD3,LB_AL2395,C0,RAD,3.0,EDOF,-2.0,0.013095033504951682
S2_R6_LB_AL2395_C0_RAD_EDOF_EPD3,S2_R6_LB_AL2395_C0_RAD_EPD3,LB_AL2395,C0,RAD,3.0,EDOF,-2.125,0.009989835100250082
S2_R6_LB_AL2395_C0_RAD_EDOF_EPD3,S2_R6_LB_AL2395_C0_RAD_EPD3,LB_AL2395,C0,RAD,3.0,EDOF,-2.25,0.015715063748345387
S2_R6_LB_AL2395_C0_RAD_EDOF_EPD3,S2_R6_LB_AL2395_C0_RAD_EPD3,LB_AL2395,C0,RAD,3.0,EDOF,-2.375,0.004208322638797851
S2_R6_LB_AL2395_C0_RAD_EDOF_EPD3,S2_R6_LB_AL2395_C0_RAD_EPD3,LB_AL2395,C0,RAD,3.0,EDOF,-2.5,0.025101186820556877
S2_R6_LB_AL2395_C0_RAD_EDOF_EPD3,S2_R6_LB_AL2395_C0_RAD_EPD3,LB_AL2395,C0,RAD,3.0,EDOF,-2.625,0.026491061145008772
S2_R6_LB_AL2395_C0_RAD_EDOF_EPD3,S2_R6_LB_AL2395_C0_RAD_EPD3,LB_AL2395,C0,RAD,3.0,EDOF,-2.75,0.027381696274211012
S2_R6_LB_AL2395_C0_RAD_EDOF_EPD3,S2_R6_LB_AL2395_C0_RAD_EPD3,LB_AL2395,C0,RAD,3.0,EDOF,-2.875,0.028788599058183876
S2_R6_LB_AL2395_C0_RAD_EDOF_EPD3,S2_R6_LB_AL2395_C0_RAD_EPD3,LB_AL2395,C0,RAD,3.0,EDOF,-3.0,0.008734363218478761
S2_R6_LB_AL2395_C0_RAD_EDOF_EPD3,S2_R6_LB_AL2395_C0_RAD_EPD3,LB_AL2395,C0,RAD,3.0,EDOF,-3.125,0.020252612615046794
S2_R6_LB_AL2395_C0_RAD_EDOF_EPD3,S2_R6_LB_AL2395_C0_RAD_EPD3,LB_AL2395,C0,RAD,3.0,EDOF,-3.25,0.01904458574655206
S2_R6_LB_AL2395_C0_RAD_EDOF_EPD3,S2_R6_LB_AL2395_C0_RAD_EPD3,LB_AL2395,C0,RAD,3.0,EDOF,-3.375,0.009960573798962407
S2_R6_LB_AL2395_C0_RAD_EDOF_EPD3,S2_R6_LB_AL2395_C0_RAD_EPD3,LB_AL2395,C0,RAD,3.0,EDOF,-3.5,0.02642680158225326
S2_R6_LB_AL2395_C0_RAD_EDOF_EPD3,S2_R6_LB_AL2395_C0_RAD_EPD3,LB_AL2395,C0,RAD,3.0,EDOF,-3.625,0.01724596387741949
S2_R6_LB_AL2395_C0_RAD_EDOF_EPD3,S2_R6_LB_AL2395_C0_RAD_EPD3,LB_AL2395,C0,RAD,3.0,EDOF,-3.75,0.0034959428742583924
S2_R6_LB_AL2395_C0_RAD_EDOF_EPD3,S2_R6_LB_AL2395_C0_RAD_EPD3,LB_AL2395,C0,RAD,3.0,EDOF,-3.875,0.003970621399173811
S2_R6_LB_AL2395_C0_RAD_EDOF_EPD3,S2_R6_LB_AL2395_C0_RAD_EPD3,LB_AL2395,C0,RAD,3.0,EDOF,-4.0,0.00913463099838424
S2_R6_LB_AL2395_C0_RAD_EDOF_EPD3,S2_R6_LB_AL2395_C0_RAD_EPD3,LB_AL2395,C0,RAD,3.0,EDOF,-4.125,0.007586747767816482
S2_R6_LB_AL2395_C0_RAD_EDOF_EPD3,S2_R6_LB_AL2395_C0_RAD_EPD3,LB_AL2395,C0,RAD,3.0,EDOF,-4.25,0.0031587326259848087
S2_R6_LB_AL2395_C0_RAD_EDOF_EPD3,S2_R6_LB_AL2395_C0_RAD_EPD3,LB_AL2395,C0,RAD,3.0,EDOF,-4.375,0.009533677959194136
S2_R6_LB_AL2395_C0_RAD_EDOF_EPD3,S2_R6_LB_AL2395_C0_RAD_EPD3,LB_AL2395,C0,RAD,3.0,EDOF,-4.5,0.005510944477831565
S2_R6_LB_AL2395_C0_RAD_EDOF_EPD3,S2_R6_LB_AL2395_C0_RAD_EPD3,LB_AL2395,C0,RAD,3.0,EDOF,-4.625,0.005626604035398794
S2_R6_LB_AL2395_C0_RAD_EDOF_EPD3,S2_R6_LB_AL2395_C0_RAD_EPD3,LB_AL2395,C0,RAD,3.0,EDOF,-4.75,0.015500834303366809
S2_R6_LB_AL2395_C0_RAD_EDOF_EPD3,S2_R6_LB_AL2395_C0_RAD_EPD3,LB_AL2395,C0,RAD,3.0,EDOF,-4.875,0.018798879485341743
S2_R6_LB_AL2395_C0_RAD_EDOF_EPD3,S2_R6_LB_AL2395_C0_RAD_EPD3,LB_AL2395,C0,RAD,3.0,EDOF,-5.0,0.0078074124646840696
S2_R6_LB_AL2395_C0_RAD_MONO_EPD5,S2_R6_LB_AL2395_C0_RAD_EPD5,LB_AL2395,C0,RAD,5.0,MONO,1.0,0.01948961638324516
S2_R6_LB_AL2395_C0_RAD_MONO_EPD5,S2_R6_LB_AL2395_C0_RAD_EPD5,LB_AL2395,C0,RAD,5.0,MONO,0.875,0.009998489997167022
S2_R6_LB_AL2395_C0_RAD_MONO_EPD5,S2_R6_LB_AL2395_C0_RAD_EPD5,LB_AL2395,C0,RAD,5.0,MONO,0.75,0.0040173120009842815
S2_R6_LB_AL2395_C0_RAD_MONO_EPD5,S2_R6_LB_AL2395_C0_RAD_EPD5,LB_AL2395,C0,RAD,5.0,MONO,0.625,0.006367546122268979
S2_R6_LB_AL2395_C0_RAD_MONO_EPD5,S2_R6_LB_AL2395_C0_RAD_EPD5,LB_AL2395,C0,RAD,5.0,MONO,0.5,0.0053197747537105655
S2_R6_LB_AL2395_C0_RAD_MONO_EPD5,S2_R6_LB_AL2395_C0_RAD_EPD5,LB_AL2395,C0,RAD,5.0,MONO,0.375,0.0213302681888555
S2_R6_LB_AL2395_C0_RAD_MONO_EPD5,S2_R6_LB_AL2395_C0_RAD_EPD5,LB_AL2395,C0,RAD,5.0,MONO,0.25,0.02130130960743725
S2_R6_LB_AL2395_C0_RAD_MONO_EPD5,S2_R6_LB_AL2395_C0_RAD_EPD5,LB_AL2395,C0,RAD,5.0,MONO,0.125,0.006907354056166228
S2_R6_LB_AL2395_C0_RAD_MONO_EPD5,S2_R6_LB_AL2395_C0_RAD_EPD5,LB_AL2395,C0,RAD,5.0,MONO,0.0,0.006264893608017856
S2_R6_LB_AL2395_C0_RAD_MONO_EPD5,S2_R6_LB_AL2395_C0_RAD_EPD5,LB_AL2395,C0,RAD,5.0,MONO,-0.125,0.004439191800026933
S2_R6_LB_AL2395_C0_RAD_MONO_EPD5,S2_R6_LB_AL2395_C0_RAD_EPD5,LB_AL2395,C0,RAD,5.0,MONO,-0.25,0.009881686786542252
S2_R6_LB_AL2395_C0_RAD_MONO_EPD5,S2_R6_LB_AL2395_C0_RAD_EPD5,LB_AL2395,C0,RAD,5.0,MONO,-0.375,0.06053026720595162
S2_R6_LB_AL2395_C0_RAD_MONO_EPD5,S2_R6_LB_AL2395_C0_RAD_EPD5,LB_AL2395,C0,RAD,5.0,MONO,-0.5,0.13057466514796442
S2_R6_LB_AL2395_C0_RAD_MONO_EPD5,S2_R6_LB_AL2395_C0_RAD_EPD5,LB_AL2395,C0,RAD,5.0,MONO,-0.625,0.09956057613587635
S2_R6_LB_AL2395_C0_RAD_MONO_EPD5,S2_R6_LB_AL2395_C0_RAD_EPD5,LB_AL2395,C0,RAD,5.0,MONO,-0.75,0.007506018853334466
S2_R6_LB_AL2395_C0_RAD_MONO_EPD5,S2_R6_LB_AL2395_C0_RAD_EPD5,LB_AL2395,C0,RAD,5.0,MONO,-0.875,0.06637785647825362
S2_R6_LB_AL2395_C0_RAD_MONO_EPD5,S2_R6_LB_AL2395_C0_RAD_EPD5,LB_AL2395,C0,RAD,5.0,MONO,-1.0,0.025934814794092296
S2_R6_LB_AL2395_C0_RAD_MONO_EPD5,S2_R6_LB_AL2395_C0_RAD_EPD5,LB_AL2395,C0,RAD,5.0,MONO,-1.125,0.022756445414460168
S2_R6_LB_AL2395_C0_RAD_MONO_EPD5,S2_R6_LB_AL2395_C0_RAD_EPD5,LB_AL2395,C0,RAD,5.0,MONO,-1.25,0.037859066257998966
S2_R6_LB_AL2395_C0_RAD_MONO_EPD5,S2_R6_LB_AL2395_C0_RAD_EPD5,LB_AL2395,C0,RAD,5.0,MONO,-1.375,0.00548306165105928
S2_R6_LB_AL2395_C0_RAD_MONO_EPD5,S2_R6_LB_AL2395_C0_RAD_EPD5,LB_AL2395,C0,RAD,5.0,MONO,-1.5,0.0007394431087605852
S2_R6_LB_AL2395_C0_RAD_MONO_EPD5,S2_R6_LB_AL2395_C0_RAD_EPD5,LB_AL2395,C0,RAD,5.0,MONO,-1.625,0.15215786530354802
S2_R6_LB_AL2395_C0_RAD_MONO_EPD5,S2_R6_LB_AL2395_C0_RAD_EPD5,LB_AL2395,C0,RAD,5.0,MONO,-1.75,0.2743254985091761
S2_R6_LB_AL2395_C0_RAD_MONO_EPD5,S2_R6_LB_AL2395_C0_RAD_EPD5,LB_AL2395,C0,RAD,5.0,MONO,-1.875,0.20570424117929298
S2_R6_LB_AL2395_C0_RAD_MONO_EPD5,S2_R6_LB_AL2395_C0_RAD_EPD5,LB_AL2395,C0,RAD,5.0,MONO,-2.0,0.031794733931035934
S2_R6_LB_AL2395_C0_RAD_MONO_EPD5,S2_R6_LB_AL2395_C0_RAD_EPD5,LB_AL2395,C0,RAD,5.0,MONO,-2.125,0.03707288390401853
S2_R6_LB_AL2395_C0_RAD_MONO_EPD5,S2_R6_LB_AL2395_C0_RAD_EPD5,LB_AL2395,C0,RAD,5.0,MONO,-2.25,0.013834809646538306
S2_R6_LB_AL2395_C0_RAD_MONO_EPD5,S2_R6_LB_AL2395_C0_RAD_EPD5,LB_AL2395,C0,RAD,5.0,MONO,-2.375,0.017644132044452504
S2_R6_LB_AL2395_C0_RAD_MONO_EPD5,S2_R6_LB_AL2395_C0_RAD_EPD5,LB_AL2395,C0,RAD,5.0,MONO,-2.5,0.002655108683640775
S2_R6_LB_AL2395_C0_RAD_MONO_EPD5,S2_R6_LB_AL2395_C0_RAD_EPD5,LB_AL2395,C0,RAD,5.0,MONO,-2.625,0.004284277691786909
S2_R6_LB_AL2395_C0_RAD_MONO_EPD5,S2_R6_LB_AL2395_C0_RAD_EPD5,LB_AL2395,C0,RAD,5.0,MONO,-2.75,0.004027375915162348
S2_R6_LB_AL2395_C0_RAD_MONO_EPD5,S2_R6_LB_AL2395_C0_RAD_EPD5,LB_AL2395,C0,RAD,5.0,MONO,-2.875,0.005652575007327879
S2_R6_LB_AL2395_C0_RAD_MONO_EPD5,S2_R6_LB_AL2395_C0_RAD_EPD5,LB_AL2395,C0,RAD,5.0,MONO,-3.0,0.002435810789901554
S2_R6_LB_AL2395_C0_RAD_MONO_EPD5,S2_R6_LB_AL2395_C0_RAD_EPD5,LB_AL2395,C0,RAD,5.0,MONO,-3.125,0.00041236250594285813
S2_R6_LB_AL2395_C0_RAD_MONO_EPD5,S2_R6_LB_AL2395_C0_RAD_EPD5,LB_AL2395,C0,RAD,5.0,MONO,-3.25,0.0014949128046500386
S2_R6_LB_AL2395_C0_RAD_MONO_EPD5,S2_R6_LB_AL2395_C0_RAD_EPD5,LB_AL2395,C0,RAD,5.0,MONO,-3.375,0.0023532168457002277
S2_R6_LB_AL2395_C0_RAD_MONO_EPD5,S2_R6_LB_AL2395_C0_RAD_EPD5,LB_AL2395,C0,RAD,5.0,MONO,-3.5,0.0018188608603802768
S2_R6_LB_AL2395_C0_RAD_MONO_EPD5,S2_R6_LB_AL2395_C0_RAD_EPD5,LB_AL2395,C0,RAD,5.0,MONO,-3.625,0.0009573787093507116
S2_R6_LB_AL2395_C0_RAD_MONO_EPD5,S2_R6_LB_AL2395_C0_RAD_EPD5,LB_AL2395,C0,RAD,5.0,MONO,-3.75,0.0018469009937883093
S2_R6_LB_AL2395_C0_RAD_MONO_EPD5,S2_R6_LB_AL2395_C0_RAD_EPD5,LB_AL2395,C0,RAD,5.0,MONO,-3.875,0.00164331205176514
S2_R6_LB_AL2395_C0_RAD_MONO_EPD5,S2_R6_LB_AL2395_C0_RAD_EPD5,LB_AL2395,C0,RAD,5.0,MONO,-4.0,0.0018169438498606887
S2_R6_LB_AL2395_C0_RAD_MONO_EPD5,S2_R6_LB_AL2395_C0_RAD_EPD5,LB_AL2395,C0,RAD,5.0,MONO,-4.125,0.00196181012784162
S2_R6_LB_AL2395_C0_RAD_MONO_EPD5,S2_R6_LB_AL2395_C0_RAD_EPD5,LB_AL2395,C0,RAD,5.0,MONO,-4.25,9.405711152722711e-05
S2_R6_LB_AL2395_C0_RAD_MONO_EPD5,S2_R6_LB_AL2395_C0_RAD_EPD5,LB_AL2395,C0,RAD,5.0,MONO,-4.375,0.0016325791457452638
S2_R6_LB_AL2395_C0_RAD_MONO_EPD5,S2_R6_LB_AL2395_C0_RAD_EPD5,LB_AL2395,C0,RAD,5.0,MONO,-4.5,0.0007203116727504897
S2_R6_LB_AL2395_C0_RAD_MONO_EPD5,S2_R6_LB_AL2395_C0_RAD_EPD5,LB_AL2395,C0,RAD,5.0,MONO,-4.625,0.0008114432440712667
S2_R6_LB_AL2395_C0_RAD_MONO_EPD5,S2_R6_LB_AL2395_C0_RAD_EPD5,LB_AL2395,C0,RAD,5.0,MONO,-4.75,0.0006944499014441651
S2_R6_LB_AL2395_C0_RAD_MONO_EPD5,S2_R6_LB_AL2395_C0_RAD_EPD5,LB_AL2395,C0,RAD,5.0,MONO,-4.875,0.0006403519816193971
S2_R6_LB_AL2395_C0_RAD_MONO_EPD5,S2_R6_LB_AL2395_C0_RAD_EPD5,LB_AL2395,C0,RAD,5.0,MONO,-5.0,3.417237312076479e-05
S2_R6_LB_AL2395_C0_RAD_EDOF_EPD5,S2_R6_LB_AL2395_C0_RAD_EPD5,LB_AL2395,C0,RAD,5.0,EDOF,1.0,0.02046745983324267
S2_R6_LB_AL2395_C0_RAD_EDOF_EPD5,S2_R6_LB_AL2395_C0_RAD_EPD5,LB_AL2395,C0,RAD,5.0,EDOF,0.875,0.020370587027289406
S2_R6_LB_AL2395_C0_RAD_EDOF_EPD5,S2_R6_LB_AL2395_C0_RAD_EPD5,LB_AL2395,C0,RAD,5.0,EDOF,0.75,0.01877639812879005
S2_R6_LB_AL2395_C0_RAD_EDOF_EPD5,S2_R6_LB_AL2395_C0_RAD_EPD5,LB_AL2395,C0,RAD,5.0,EDOF,0.625,0.009516857883642668
S2_R6_LB_AL2395_C0_RAD_EDOF_EPD5,S2_R6_LB_AL2395_C0_RAD_EPD5,LB_AL2395,C0,RAD,5.0,EDOF,0.5,0.007210696583520441
S2_R6_LB_AL2395_C0_RAD_EDOF_EPD5,S2_R6_LB_AL2395_C0_RAD_EPD5,LB_AL2395,C0,RAD,5.0,EDOF,0.375,0.016310709858703257
S2_R6_LB_AL2395_C0_RAD_EDOF_EPD5,S2_R6_LB_AL2395_C0_RAD_EPD5,LB_AL2395,C0,RAD,5.0,EDOF,0.25,0.010777286161804485
S2_R6_LB_AL2395_C0_RAD_EDOF_EPD5,S2_R6_LB_AL2395_C0_RAD_EPD5,LB_AL2395,C0,RAD,5.0,EDOF,0.125,0.02580767031704865
S2_R6_LB_AL2395_C0_RAD_EDOF_EPD5,S2_R6_LB_AL2395_C0_RAD_EPD5,LB_AL2395,C0,RAD,5.0,EDOF,0.0,0.05750979876253724
S2_R6_LB_AL2395_C0_RAD_EDOF_EPD5,S2_R6_LB_AL2395_C0_RAD_EPD5,LB_AL2395,C0,RAD,5.0,EDOF,-0.125,0.062063980633255765
S2_R6_LB_AL2395_C0_RAD_EDOF_EPD5,S2_R6_LB_AL2395_C0_RAD_EPD5,LB_AL2395,C0,RAD,5.0,EDOF,-0.25,0.028422853358241067
S2_R6_LB_AL2395_C0_RAD_EDOF_EPD5,S2_R6_LB_AL2395_C0_RAD_EPD5,LB_AL2395,C0,RAD,5.0,EDOF,-0.375,0.05782700375578491
S2_R6_LB_AL2395_C0_RAD_EDOF_EPD5,S2_R6_LB_AL2395_C0_RAD_EPD5,LB_AL2395,C0,RAD,5.0,EDOF,-0.5,0.16524629832420015
S2_R6_LB_AL2395_C0_RAD_EDOF_EPD5,S2_R6_LB_AL2395_C0_RAD_EPD5,LB_AL2395,C0,RAD,5.0,EDOF,-0.625,0.05230019214686654
S2_R6_LB_AL2395_C0_RAD_EDOF_EPD5,S2_R6_LB_AL2395_C0_RAD_EPD5,LB_AL2395,C0,RAD,5.0,EDOF,-0.75,0.007823496077991106
S2_R6_LB_AL2395_C0_RAD_EDOF_EPD5,S2_R6_LB_AL2395_C0_RAD_EPD5,LB_AL2395,C0,RAD,5.0,EDOF,-0.875,0.151313373333529
S2_R6_LB_AL2395_C0_RAD_EDOF_EPD5,S2_R6_LB_AL2395_C0_RAD_EPD5,LB_AL2395,C0,RAD,5.0,EDOF,-1.0,0.11677925795888731
S2_R6_LB_AL2395_C0_RAD_EDOF_EPD5,S2_R6_LB_AL2395_C0_RAD_EPD5,LB_AL2395,C0,RAD,5.0,EDOF,-1.125,0.0420817278538956
S2_R6_LB_AL2395_C0_RAD_EDOF_EPD5,S2_R6_LB_AL2395_C0_RAD_EPD5,LB_AL2395,C0,RAD,5.0,EDOF,-1.25,0.041774226046631245
S2_R6_LB_AL2395_C0_RAD_EDOF_EPD5,S2_R6_LB_AL2395_C0_RAD_EPD5,LB_AL2395,C0,RAD,5.0,EDOF,-1.375,0.14434584956443644
S2_R6_LB_AL2395_C0_RAD_EDOF_EPD5,S2_R6_LB_AL2395_C0_RAD_EPD5,LB_AL2395,C0,RAD,5.0,EDOF,-1.5,0.10972479346671368
S2_R6_LB_AL2395_C0_RAD_EDOF_EPD5,S2_R6_LB_AL2395_C0_RAD_EPD5,LB_AL2395,C0,RAD,5.0,EDOF,-1.625,0.016491295773291437
S2_R6_LB_AL2395_C0_RAD_EDOF_EPD5,S2_R6_LB_AL2395_C0_RAD_EPD5,LB_AL2395,C0,RAD,5.0,EDOF,-1.75,0.005612575291012296
S2_R6_LB_AL2395_C0_RAD_EDOF_EPD5,S2_R6_LB_AL2395_C0_RAD_EPD5,LB_AL2395,C0,RAD,5.0,EDOF,-1.875,0.010944818697101904
S2_R6_LB_AL2395_C0_RAD_EDOF_EPD5,S2_R6_LB_AL2395_C0_RAD_EPD5,LB_AL2395,C0,RAD,5.0,EDOF,-2.0,0.00601362281196207
S2_R6_LB_AL2395_C0_RAD_EDOF_EPD5,S2_R6_LB_AL2395_C0_RAD_EPD5,LB_AL2395,C0,RAD,5.0,EDOF,-2.125,0.018612374850655936
S2_R6_LB_AL2395_C0_RAD_EDOF_EPD5,S2_R6_LB_AL2395_C0_RAD_EPD5,LB_AL2395,C0,RAD,5.0,EDOF,-2.25,0.004176178147975171
S2_R6_LB_AL2395_C0_RAD_EDOF_EPD5,S2_R6_LB_AL2395_C0_RAD_EPD5,LB_AL2395,C0,RAD,5.0,EDOF,-2.375,0.013854209469664312
S2_R6_LB_AL2395_C0_RAD_EDOF_EPD5,S2_R6_LB_AL2395_C0_RAD_EPD5,LB_AL2395,C0,RAD,5.0,EDOF,-2.5,0.00015527074052781357
S2_R6_LB_AL2395_C0_RAD_EDOF_EPD5,S2_R6_LB_AL2395_C0_RAD_EPD5,LB_AL2395,C0,RAD,5.0,EDOF,-2.625,0.006519714400633781
S2_R6_LB_AL2395_C0_RAD_EDOF_EPD5,S2_R6_LB_AL2395_C0_RAD_EPD5,LB_AL2395,C0,RAD,5.0,EDOF,-2.75,0.013481317770307208
S2_R6_LB_AL2395_C0_RAD_EDOF_EPD5,S2_R6_LB_AL2395_C0_RAD_EPD5,LB_AL2395,C0,RAD,5.0,EDOF,-2.875,0.016920037802018326
S2_R6_LB_AL2395_C0_RAD_EDOF_EPD5,S2_R6_LB_AL2395_C0_RAD_EPD5,LB_AL2395,C0,RAD,5.0,EDOF,-3.0,0.003200856040459438
S2_R6_LB_AL2395_C0_RAD_EDOF_EPD5,S2_R6_LB_AL2395_C0_RAD_EPD5,LB_AL2395,C0,RAD,5.0,EDOF,-3.125,0.004025813261405033
S2_R6_LB_AL2395_C0_RAD_EDOF_EPD5,S2_R6_LB_AL2395_C0_RAD_EPD5,LB_AL2395,C0,RAD,5.0,EDOF,-3.25,0.0027346840238396102
S2_R6_LB_AL2395_C0_RAD_EDOF_EPD5,S2_R6_LB_AL2395_C0_RAD_EPD5,LB_AL2395,C0,RAD,5.0,EDOF,-3.375,0.0027653394298460315
S2_R6_LB_AL2395_C0_RAD_EDOF_EPD5,S2_R6_LB_AL2395_C0_RAD_EPD5,LB_AL2395,C0,RAD,5.0,EDOF,-3.5,0.004196555346855828
S2_R6_LB_AL2395_C0_RAD_EDOF_EPD5,S2_R6_LB_AL2395_C0_RAD_EPD5,LB_AL2395,C0,RAD,5.0,EDOF,-3.625,0.010281924642654561
S2_R6_LB_AL2395_C0_RAD_EDOF_EPD5,S2_R6_LB_AL2395_C0_RAD_EPD5,LB_AL2395,C0,RAD,5.0,EDOF,-3.75,0.0009878004793116724
S2_R6_LB_AL2395_C0_RAD_EDOF_EPD5,S2_R6_LB_AL2395_C0_RAD_EPD5,LB_AL2395,C0,RAD,5.0,EDOF,-3.875,0.0019058390334490737
S2_R6_LB_AL2395_C0_RAD_EDOF_EPD5,S2_R6_LB_AL2395_C0_RAD_EPD5,LB_AL2395,C0,RAD,5.0,EDOF,-4.0,0.006668908878065718
S2_R6_LB_AL2395_C0_RAD_EDOF_EPD5,S2_R6_LB_AL2395_C0_RAD_EPD5,LB_AL2395,C0,RAD,5.0,EDOF,-4.125,0.0017217795394065048
S2_R6_LB_AL2395_C0_RAD_EDOF_EPD5,S2_R6_LB_AL2395_C0_RAD_EPD5,LB_AL2395,C0,RAD,5.0,EDOF,-4.25,0.001876431318555767
S2_R6_LB_AL2395_C0_RAD_EDOF_EPD5,S2_R6_LB_AL2395_C0_RAD_EPD5,LB_AL2395,C0,RAD,5.0,EDOF,-4.375,0.0036005610679201885
S2_R6_LB_AL2395_C0_RAD_EDOF_EPD5,S2_R6_LB_AL2395_C0_RAD_EPD5,LB_AL2395,C0,RAD,5.0,EDOF,-4.5,0.0032926034947553
S2_R6_LB_AL2395_C0_RAD_EDOF_EPD5,S2_R6_LB_AL2395_C0_RAD_EPD5,LB_AL2395,C0,RAD,5.0,EDOF,-4.625,0.0036722035943331194
S2_R6_LB_AL2395_C0_RAD_EDOF_EPD5,S2_R6_LB_AL2395_C0_RAD_EPD5,LB_AL2395,C0,RAD,5.0,EDOF,-4.75,0.0075650301098010376
S2_R6_LB_AL2395_C0_RAD_EDOF_EPD5,S2_R6_LB_AL2395_C0_RAD_EPD5,LB_AL2395,C0,RAD,5.0,EDOF,-4.875,0.005615595523765397
S2_R6_LB_AL2395_C0_RAD_EDOF_EPD5,S2_R6_LB_AL2395_C0_RAD_EPD5,LB_AL2395,C0,RAD,5.0,EDOF,-5.0,0.0029309890899586744
S2_R6_LB_AL2395_C0_HOA_MONO_EPD3,S2_R6_LB_AL2395_C0_HOA_EPD3,LB_AL2395,C0,HOA,3.0,MONO,1.0,0.0044294980045079665
S2_R6_LB_AL2395_C0_HOA_MONO_EPD3,S2_R6_LB_AL2395_C0_HOA_EPD3,LB_AL2395,C0,HOA,3.0,MONO,0.875,0.0010484785490868119
S2_R6_LB_AL2395_C0_HOA_MONO_EPD3,S2_R6_LB_AL2395_C0_HOA_EPD3,LB_AL2395,C0,HOA,3.0,MONO,0.75,0.004675055548115473
S2_R6_LB_AL2395_C0_HOA_MONO_EPD3,S2_R6_LB_AL2395_C0_HOA_EPD3,LB_AL2395,C0,HOA,3.0,MONO,0.625,0.0008149982833681888
S2_R6_LB_AL2395_C0_HOA_MONO_EPD3,S2_R6_LB_AL2395_C0_HOA_EPD3,LB_AL2395,C0,HOA,3.0,MONO,0.5,0.004539444224060863
S2_R6_LB_AL2395_C0_HOA_MONO_EPD3,S2_R6_LB_AL2395_C0_HOA_EPD3,LB_AL2395,C0,HOA,3.0,MONO,0.375,0.000712717526605081
S2_R6_LB_AL2395_C0_HOA_MONO_EPD3,S2_R6_LB_AL2395_C0_HOA_EPD3,LB_AL2395,C0,HOA,3.0,MONO,0.25,0.006000470705967129
S2_R6_LB_AL2395_C0_HOA_MONO_EPD3,S2_R6_LB_AL2395_C0_HOA_EPD3,LB_AL2395,C0,HOA,3.0,MONO,0.125,0.0013381492631182282
S2_R6_LB_AL2395_C0_HOA_MONO_EPD3,S2_R6_LB_AL2395_C0_HOA_EPD3,LB_AL2395,C0,HOA,3.0,MONO,0.0,0.00744286837095953
S2_R6_LB_AL2395_C0_HOA_MONO_EPD3,S2_R6_LB_AL2395_C0_HOA_EPD3,LB_AL2395,C0,HOA,3.0,MONO,-0.125,0.0016482663701167972
S2_R6_LB_AL2395_C0_HOA_MONO_EPD3,S2_R6_LB_AL2395_C0_HOA_EPD3,LB_AL2395,C0,HOA,3.0,MONO,-0.25,0.008514125852309495
S2_R6_LB_AL2395_C0_HOA_MONO_EPD3,S2_R6_LB_AL2395_C0_HOA_EPD3,LB_AL2395,C0,HOA,3.0,MONO,-0.375,0.0022049390106335972
S2_R6_LB_AL2395_C0_HOA_MONO_EPD3,S2_R6_LB_AL2395_C0_HOA_EPD3,LB_AL2395,C0,HOA,3.0,MONO,-0.5,0.008594353620267423
S2_R6_LB_AL2395_C0_HOA_MONO_EPD3,S2_R6_LB_AL2395_C0_HOA_EPD3,LB_AL2395,C0,HOA,3.0,MONO,-0.625,0.005913353008534137
S2_R6_LB_AL2395_C0_HOA_MONO_EPD3,S2_R6_LB_AL2395_C0_HOA_EPD3,LB_AL2395,C0,HOA,3.0,MONO,-0.75,0.013119393597716323
S2_R6_LB_AL2395_C0_HOA_MONO_EPD3,S2_R6_LB_AL2395_C0_HOA_EPD3,LB_AL2395,C0,HOA,3.0,MONO,-0.875,0.0041901700636136205
S2_R6_LB_AL2395_C0_HOA_MONO_EPD3,S2_R6_LB_AL2395_C0_HOA_EPD3,LB_AL2395,C0,HOA,3.0,MONO,-1.0,0.004778319387599817
S2_R6_LB_AL2395_C0_HOA_MONO_EPD3,S2_R6_LB_AL2395_C0_HOA_EPD3,LB_AL2395,C0,HOA,3.0,MONO,-1.125,0.039066807068266686
S2_R6_LB_AL2395_C0_HOA_MONO_EPD3,S2_R6_LB_AL2395_C0_HOA_EPD3,LB_AL2395,C0,HOA,3.0,MONO,-1.25,0.08234408164402475
S2_R6_LB_AL2395_C0_HOA_MONO_EPD3,S2_R6_LB_AL2395_C0_HOA_EPD3,LB_AL2395,C0,HOA,3.0,MONO,-1.375,0.1062628582744105
S2_R6_LB_AL2395_C0_HOA_MONO_EPD3,S2_R6_LB_AL2395_C0_HOA_EPD3,LB_AL2395,C0,HOA,3.0,MONO,-1.5,0.1912161136220441
S2_R6_LB_AL2395_C0_HOA_MONO_EPD3,S2_R6_LB_AL2395_C0_HOA_EPD3,LB_AL2395,C0,HOA,3.0,MONO,-1.625,0.3682570388375819
S2_R6_LB_AL2395_C0_HOA_MONO_EPD3,S2_R6_LB_AL2395_C0_HOA_EPD3,LB_AL2395,C0,HOA,3.0,MONO,-1.75,0.4744524563065673
S2_R6_LB_AL2395_C0_HOA_MONO_EPD3,S2_R6_LB_AL2395_C0_HOA_EPD3,LB_AL2395,C0,HOA,3.0,MONO,-1.875,0.3345729402776534
S2_R6_LB_AL2395_C0_HOA_MONO_EPD3,S2_R6_LB_AL2395_C0_HOA_EPD3,LB_AL2395,C0,HOA,3.0,MONO,-2.0,0.05032755807509898
S2_R6_LB_AL2395_C0_HOA_MONO_EPD3,S2_R6_LB_AL2395_C0_HOA_EPD3,LB_AL2395,C0,HOA,3.0,MONO,-2.125,0.09220204038687749
S2_R6_LB_AL2395_C0_HOA_MONO_EPD3,S2_R6_LB_AL2395_C0_HOA_EPD3,LB_AL2395,C0,HOA,3.0,MONO,-2.25,0.008883797383594282
S2_R6_LB_AL2395_C0_HOA_MONO_EPD3,S2_R6_LB_AL2395_C0_HOA_EPD3,LB_AL2395,C0,HOA,3.0,MONO,-2.375,0.09369918039512332
S2_R6_LB_AL2395_C0_HOA_MONO_EPD3,S2_R6_LB_AL2395_C0_HOA_EPD3,LB_AL2395,C0,HOA,3.0,MONO,-2.5,0.05330325660244243
S2_R6_LB_AL2395_C0_HOA_MONO_EPD3,S2_R6_LB_AL2395_C0_HOA_EPD3,LB_AL2395,C0,HOA,3.0,MONO,-2.625,0.03588242244147439
S2_R6_LB_AL2395_C0_HOA_MONO_EPD3,S2_R6_LB_AL2395_C0_HOA_EPD3,LB_AL2395,C0,HOA,3.0,MONO,-2.75,0.032238783335904964
S2_R6_LB_AL2395_C0_HOA_MONO_EPD3,S2_R6_LB_AL2395_C0_HOA_EPD3,LB_AL2395,C0,HOA,3.0,MONO,-2.875,0.025102354331396376
S2_R6_LB_AL2395_C0_HOA_MONO_EPD3,S2_R6_LB_AL2395_C0_HOA_EPD3,LB_AL2395,C0,HOA,3.0,MONO,-3.0,0.026774917280274868
S2_R6_LB_AL2395_C0_HOA_MONO_EPD3,S2_R6_LB_AL2395_C0_HOA_EPD3,LB_AL2395,C0,HOA,3.0,MONO,-3.125,0.013443764833038392
S2_R6_LB_AL2395_C0_HOA_MONO_EPD3,S2_R6_LB_AL2395_C0_HOA_EPD3,LB_AL2395,C0,HOA,3.0,MONO,-3.25,0.016247838144847086
S2_R6_LB_AL2395_C0_HOA_MONO_EPD3,S2_R6_LB_AL2395_C0_HOA_EPD3,LB_AL2395,C0,HOA,3.0,MONO,-3.375,0.011939832140955235
S2_R6_LB_AL2395_C0_HOA_MONO_EPD3,S2_R6_LB_AL2395_C0_HOA_EPD3,LB_AL2395,C0,HOA,3.0,MONO,-3.5,0.01291628747550189
S2_R6_LB_AL2395_C0_HOA_MONO_EPD3,S2_R6_LB_AL2395_C0_HOA_EPD3,LB_AL2395,C0,HOA,3.0,MONO,-3.625,0.00788735120571609
S2_R6_LB_AL2395_C0_HOA_MONO_EPD3,S2_R6_LB_AL2395_C0_HOA_EPD3,LB_AL2395,C0,HOA,3.0,MONO,-3.75,0.007128799552775206
S2_R6_LB_AL2395_C0_HOA_MONO_EPD3,S2_R6_LB_AL2395_C0_HOA_EPD3,LB_AL2395,C0,HOA,3.0,MONO,-3.875,0.00809093962305666
S2_R6_LB_AL2395_C0_HOA_MONO_EPD3,S2_R6_LB_AL2395_C0_HOA_EPD3,LB_AL2395,C0,HOA,3.0,MONO,-4.0,0.004771182324284987
S2_R6_LB_AL2395_C0_HOA_MONO_EPD3,S2_R6_LB_AL2395_C0_HOA_EPD3,LB_AL2395,C0,HOA,3.0,MONO,-4.125,0.007714849343442915
S2_R6_LB_AL2395_C0_HOA_MONO_EPD3,S2_R6_LB_AL2395_C0_HOA_EPD3,LB_AL2395,C0,HOA,3.0,MONO,-4.25,0.0032988486267349023
S2_R6_LB_AL2395_C0_HOA_MONO_EPD3,S2_R6_LB_AL2395_C0_HOA_EPD3,LB_AL2395,C0,HOA,3.0,MONO,-4.375,0.007084040372007889
S2_R6_LB_AL2395_C0_HOA_MONO_EPD3,S2_R6_LB_AL2395_C0_HOA_EPD3,LB_AL2395,C0,HOA,3.0,MONO,-4.5,0.002469899131623362
S2_R6_LB_AL2395_C0_HOA_MONO_EPD3,S2_R6_LB_AL2395_C0_HOA_EPD3,LB_AL2395,C0,HOA,3.0,MONO,-4.625,0.005759320935279915
S2_R6_LB_AL2395_C0_HOA_MONO_EPD3,S2_R6_LB_AL2395_C0_HOA_EPD3,LB_AL2395,C0,HOA,3.0,MONO,-4.75,0.0011777231567268597
S2_R6_LB_AL2395_C0_HOA_MONO_EPD3,S2_R6_LB_AL2395_C0_HOA_EPD3,LB_AL2395,C0,HOA,3.0,MONO,-4.875,0.00485085642827184
S2_R6_LB_AL2395_C0_HOA_MONO_EPD3,S2_R6_LB_AL2395_C0_HOA_EPD3,LB_AL2395,C0,HOA,3.0,MONO,-5.0,0.00024184670821195164
S2_R6_LB_AL2395_C0_HOA_EDOF_EPD3,S2_R6_LB_AL2395_C0_HOA_EPD3,LB_AL2395,C0,HOA,3.0,EDOF,1.0,0.04010075512750265
S2_R6_LB_AL2395_C0_HOA_EDOF_EPD3,S2_R6_LB_AL2395_C0_HOA_EPD3,LB_AL2395,C0,HOA,3.0,EDOF,0.875,0.04518958770627205
S2_R6_LB_AL2395_C0_HOA_EDOF_EPD3,S2_R6_LB_AL2395_C0_HOA_EPD3,LB_AL2395,C0,HOA,3.0,EDOF,0.75,0.03711100216765293
S2_R6_LB_AL2395_C0_HOA_EDOF_EPD3,S2_R6_LB_AL2395_C0_HOA_EPD3,LB_AL2395,C0,HOA,3.0,EDOF,0.625,0.020793081786011525
S2_R6_LB_AL2395_C0_HOA_EDOF_EPD3,S2_R6_LB_AL2395_C0_HOA_EPD3,LB_AL2395,C0,HOA,3.0,EDOF,0.5,0.005797770064737304
S2_R6_LB_AL2395_C0_HOA_EDOF_EPD3,S2_R6_LB_AL2395_C0_HOA_EPD3,LB_AL2395,C0,HOA,3.0,EDOF,0.375,0.005303459275023688
S2_R6_LB_AL2395_C0_HOA_EDOF_EPD3,S2_R6_LB_AL2395_C0_HOA_EPD3,LB_AL2395,C0,HOA,3.0,EDOF,0.25,0.015290701737862952
S2_R6_LB_AL2395_C0_HOA_EDOF_EPD3,S2_R6_LB_AL2395_C0_HOA_EPD3,LB_AL2395,C0,HOA,3.0,EDOF,0.125,0.014063073739740958
S2_R6_LB_AL2395_C0_HOA_EDOF_EPD3,S2_R6_LB_AL2395_C0_HOA_EPD3,LB_AL2395,C0,HOA,3.0,EDOF,0.0,0.0017551714343871966
S2_R6_LB_AL2395_C0_HOA_EDOF_EPD3,S2_R6_LB_AL2395_C0_HOA_EPD3,LB_AL2395,C0,HOA,3.0,EDOF,-0.125,0.00682496296700487
S2_R6_LB_AL2395_C0_HOA_EDOF_EPD3,S2_R6_LB_AL2395_C0_HOA_EPD3,LB_AL2395,C0,HOA,3.0,EDOF,-0.25,0.029862153305126433
S2_R6_LB_AL2395_C0_HOA_EDOF_EPD3,S2_R6_LB_AL2395_C0_HOA_EPD3,LB_AL2395,C0,HOA,3.0,EDOF,-0.375,0.02706800446805177
S2_R6_LB_AL2395_C0_HOA_EDOF_EPD3,S2_R6_LB_AL2395_C0_HOA_EPD3,LB_AL2395,C0,HOA,3.0,EDOF,-0.5,0.011027037432553434
S2_R6_LB_AL2395_C0_HOA_EDOF_EPD3,S2_R6_LB_AL2395_C0_HOA_EPD3,LB_AL2395,C0,HOA,3.0,EDOF,-0.625,0.026827901654952354
S2_R6_LB_AL2395_C0_HOA_EDOF_EPD3,S2_R6_LB_AL2395_C0_HOA_EPD3,LB_AL2395,C0,HOA,3.0,EDOF,-0.75,0.010335958377355877
S2_R6_LB_AL2395_C0_HOA_EDOF_EPD3,S2_R6_LB_AL2395_C0_HOA_EPD3,LB_AL2395,C0,HOA,3.0,EDOF,-0.875,0.04204015324523743
S2_R6_LB_AL2395_C0_HOA_EDOF_EPD3,S2_R6_LB_AL2395_C0_HOA_EPD3,LB_AL2395,C0,HOA,3.0,EDOF,-1.0,0.019612200095251997
S2_R6_LB_AL2395_C0_HOA_EDOF_EPD3,S2_R6_LB_AL2395_C0_HOA_EPD3,LB_AL2395,C0,HOA,3.0,EDOF,-1.125,0.005971565924831118
S2_R6_LB_AL2395_C0_HOA_EDOF_EPD3,S2_R6_LB_AL2395_C0_HOA_EPD3,LB_AL2395,C0,HOA,3.0,EDOF,-1.25,0.0205839585990471
S2_R6_LB_AL2395_C0_HOA_EDOF_EPD3,S2_R6_LB_AL2395_C0_HOA_EPD3,LB_AL2395,C0,HOA,3.0,EDOF,-1.375,0.04649676726525833
S2_R6_LB_AL2395_C0_HOA_EDOF_EPD3,S2_R6_LB_AL2395_C0_HOA_EPD3,LB_AL2395,C0,HOA,3.0,EDOF,-1.5,0.009233590783480676
S2_R6_LB_AL2395_C0_HOA_EDOF_EPD3,S2_R6_LB_AL2395_C0_HOA_EPD3,LB_AL2395,C0,HOA,3.0,EDOF,-1.625,0.025973074599892
S2_R6_LB_AL2395_C0_HOA_EDOF_EPD3,S2_R6_LB_AL2395_C0_HOA_EPD3,LB_AL2395,C0,HOA,3.0,EDOF,-1.75,0.04072846919056228
S2_R6_LB_AL2395_C0_HOA_EDOF_EPD3,S2_R6_LB_AL2395_C0_HOA_EPD3,LB_AL2395,C0,HOA,3.0,EDOF,-1.875,0.1592543142330203
S2_R6_LB_AL2395_C0_HOA_EDOF_EPD3,S2_R6_LB_AL2395_C0_HOA_EPD3,LB_AL2395,C0,HOA,3.0,EDOF,-2.0,0.18557089807235777
S2_R6_LB_AL2395_C0_HOA_EDOF_EPD3,S2_R6_LB_AL2395_C0_HOA_EPD3,LB_AL2395,C0,HOA,3.0,EDOF,-2.125,0.10048565136933368
S2_R6_LB_AL2395_C0_HOA_EDOF_EPD3,S2_R6_LB_AL2395_C0_HOA_EPD3,LB_AL2395,C0,HOA,3.0,EDOF,-2.25,0.02465956188621841
S2_R6_LB_AL2395_C0_HOA_EDOF_EPD3,S2_R6_LB_AL2395_C0_HOA_EPD3,LB_AL2395,C0,HOA,3.0,EDOF,-2.375,0.020709705933901097
S2_R6_LB_AL2395_C0_HOA_EDOF_EPD3,S2_R6_LB_AL2395_C0_HOA_EPD3,LB_AL2395,C0,HOA,3.0,EDOF,-2.5,0.026217405906482718
S2_R6_LB_AL2395_C0_HOA_EDOF_EPD3,S2_R6_LB_AL2395_C0_HOA_EPD3,LB_AL2395,C0,HOA,3.0,EDOF,-2.625,0.00043818437966113304
S2_R6_LB_AL2395_C0_HOA_EDOF_EPD3,S2_R6_LB_AL2395_C0_HOA_EPD3,LB_AL2395,C0,HOA,3.0,EDOF,-2.75,0.009772636287519005
S2_R6_LB_AL2395_C0_HOA_EDOF_EPD3,S2_R6_LB_AL2395_C0_HOA_EPD3,LB_AL2395,C0,HOA,3.0,EDOF,-2.875,0.02654378182999043
S2_R6_LB_AL2395_C0_HOA_EDOF_EPD3,S2_R6_LB_AL2395_C0_HOA_EPD3,LB_AL2395,C0,HOA,3.0,EDOF,-3.0,0.054946681472874424
S2_R6_LB_AL2395_C0_HOA_EDOF_EPD3,S2_R6_LB_AL2395_C0_HOA_EPD3,LB_AL2395,C0,HOA,3.0,EDOF,-3.125,0.03696671959114677
S2_R6_LB_AL2395_C0_HOA_EDOF_EPD3,S2_R6_LB_AL2395_C0_HOA_EPD3,LB_AL2395,C0,HOA,3.0,EDOF,-3.25,0.010232453552781568
S2_R6_LB_AL2395_C0_HOA_EDOF_EPD3,S2_R6_LB_AL2395_C0_HOA_EPD3,LB_AL2395,C0,HOA,3.0,EDOF,-3.375,0.010856505402136495
S2_R6_LB_AL2395_C0_HOA_EDOF_EPD3,S2_R6_LB_AL2395_C0_HOA_EPD3,LB_AL2395,C0,HOA,3.0,EDOF,-3.5,0.017668304418021558
S2_R6_LB_AL2395_C0_HOA_EDOF_EPD3,S2_R6_LB_AL2395_C0_HOA_EPD3,LB_AL2395,C0,HOA,3.0,EDOF,-3.625,0.009110622386859989
S2_R6_LB_AL2395_C0_HOA_EDOF_EPD3,S2_R6_LB_AL2395_C0_HOA_EPD3,LB_AL2395,C0,HOA,3.0,EDOF,-3.75,0.004043944801744451
S2_R6_LB_AL2395_C0_HOA_EDOF_EPD3,S2_R6_LB_AL2395_C0_HOA_EPD3,LB_AL2395,C0,HOA,3.0,EDOF,-3.875,0.015423540994349552
S2_R6_LB_AL2395_C0_HOA_EDOF_EPD3,S2_R6_LB_AL2395_C0_HOA_EPD3,LB_AL2395,C0,HOA,3.0,EDOF,-4.0,0.023563626755810023
S2_R6_LB_AL2395_C0_HOA_EDOF_EPD3,S2_R6_LB_AL2395_C0_HOA_EPD3,LB_AL2395,C0,HOA,3.0,EDOF,-4.125,0.018775646029967202
S2_R6_LB_AL2395_C0_HOA_EDOF_EPD3,S2_R6_LB_AL2395_C0_HOA_EPD3,LB_AL2395,C0,HOA,3.0,EDOF,-4.25,0.017117095459637188
S2_R6_LB_AL2395_C0_HOA_EDOF_EPD3,S2_R6_LB_AL2395_C0_HOA_EPD3,LB_AL2395,C0,HOA,3.0,EDOF,-4.375,0.02211550348228924
S2_R6_LB_AL2395_C0_HOA_EDOF_EPD3,S2_R6_LB_AL2395_C0_HOA_EPD3,LB_AL2395,C0,HOA,3.0,EDOF,-4.5,0.016712641190151308
S2_R6_LB_AL2395_C0_HOA_EDOF_EPD3,S2_R6_LB_AL2395_C0_HOA_EPD3,LB_AL2395,C0,HOA,3.0,EDOF,-4.625,0.0006964939926052468
S2_R6_LB_AL2395_C0_HOA_EDOF_EPD3,S2_R6_LB_AL2395_C0_HOA_EPD3,LB_AL2395,C0,HOA,3.0,EDOF,-4.75,0.006309570370105641
S2_R6_LB_AL2395_C0_HOA_EDOF_EPD3,S2_R6_LB_AL2395_C0_HOA_EPD3,LB_AL2395,C0,HOA,3.0,EDOF,-4.875,0.0011170666418807158
S2_R6_LB_AL2395_C0_HOA_EDOF_EPD3,S2_R6_LB_AL2395_C0_HOA_EPD3,LB_AL2395,C0,HOA,3.0,EDOF,-5.0,0.002185115055693279
S2_R6_LB_AL2395_C0_HOA_MONO_EPD5,S2_R6_LB_AL2395_C0_HOA_EPD5,LB_AL2395,C0,HOA,5.0,MONO,1.0,0.0023754815663657573
S2_R6_LB_AL2395_C0_HOA_MONO_EPD5,S2_R6_LB_AL2395_C0_HOA_EPD5,LB_AL2395,C0,HOA,5.0,MONO,0.875,0.002296218679481818
S2_R6_LB_AL2395_C0_HOA_MONO_EPD5,S2_R6_LB_AL2395_C0_HOA_EPD5,LB_AL2395,C0,HOA,5.0,MONO,0.75,0.002946120593690623
S2_R6_LB_AL2395_C0_HOA_MONO_EPD5,S2_R6_LB_AL2395_C0_HOA_EPD5,LB_AL2395,C0,HOA,5.0,MONO,0.625,0.01116175540428657
S2_R6_LB_AL2395_C0_HOA_MONO_EPD5,S2_R6_LB_AL2395_C0_HOA_EPD5,LB_AL2395,C0,HOA,5.0,MONO,0.5,0.0158633961670264
S2_R6_LB_AL2395_C0_HOA_MONO_EPD5,S2_R6_LB_AL2395_C0_HOA_EPD5,LB_AL2395,C0,HOA,5.0,MONO,0.375,0.009666569644405544
S2_R6_LB_AL2395_C0_HOA_MONO_EPD5,S2_R6_LB_AL2395_C0_HOA_EPD5,LB_AL2395,C0,HOA,5.0,MONO,0.25,0.008228584464839357
S2_R6_LB_AL2395_C0_HOA_MONO_EPD5,S2_R6_LB_AL2395_C0_HOA_EPD5,LB_AL2395,C0,HOA,5.0,MONO,0.125,0.029989186186815866
S2_R6_LB_AL2395_C0_HOA_MONO_EPD5,S2_R6_LB_AL2395_C0_HOA_EPD5,LB_AL2395,C0,HOA,5.0,MONO,0.0,0.036888656645037765
S2_R6_LB_AL2395_C0_HOA_MONO_EPD5,S2_R6_LB_AL2395_C0_HOA_EPD5,LB_AL2395,C0,HOA,5.0,MONO,-0.125,0.018606836937860007
S2_R6_LB_AL2395_C0_HOA_MONO_EPD5,S2_R6_LB_AL2395_C0_HOA_EPD5,LB_AL2395,C0,HOA,5.0,MONO,-0.25,0.01755621207359358
S2_R6_LB_AL2395_C0_HOA_MONO_EPD5,S2_R6_LB_AL2395_C0_HOA_EPD5,LB_AL2395,C0,HOA,5.0,MONO,-0.375,0.048208740846069756
S2_R6_LB_AL2395_C0_HOA_MONO_EPD5,S2_R6_LB_AL2395_C0_HOA_EPD5,LB_AL2395,C0,HOA,5.0,MONO,-0.5,0.05311443336399452
S2_R6_LB_AL2395_C0_HOA_MONO_EPD5,S2_R6_LB_AL2395_C0_HOA_EPD5,LB_AL2395,C0,HOA,5.0,MONO,-0.625,0.02684277473371761
S2_R6_LB_AL2395_C0_HOA_MONO_EPD5,S2_R6_LB_AL2395_C0_HOA_EPD5,LB_AL2395,C0,HOA,5.0,MONO,-0.75,0.012033514988377453
S2_R6_LB_AL2395_C0_HOA_MONO_EPD5,S2_R6_LB_AL2395_C0_HOA_EPD5,LB_AL2395,C0,HOA,5.0,MONO,-0.875,0.003123251051713575
S2_R6_LB_AL2395_C0_HOA_MONO_EPD5,S2_R6_LB_AL2395_C0_HOA_EPD5,LB_AL2395,C0,HOA,5.0,MONO,-1.0,0.09072953985888833
S2_R6_LB_AL2395_C0_HOA_MONO_EPD5,S2_R6_LB_AL2395_C0_HOA_EPD5,LB_AL2395,C0,HOA,5.0,MONO,-1.125,0.026113467517716843
S2_R6_LB_AL2395_C0_HOA_MONO_EPD5,S2_R6_LB_AL2395_C0_HOA_EPD5,LB_AL2395,C0,HOA,5.0,MONO,-1.25,0.13135787322543788
S2_R6_LB_AL2395_C0_HOA_MONO_EPD5,S2_R6_LB_AL2395_C0_HOA_EPD5,LB_AL2395,C0,HOA,5.0,MONO,-1.375,0.10155894871089031
S2_R6_LB_AL2395_C0_HOA_MONO_EPD5,S2_R6_LB_AL2395_C0_HOA_EPD5,LB_AL2395,C0,HOA,5.0,MONO,-1.5,0.0825644898308461
S2_R6_LB_AL2395_C0_HOA_MONO_EPD5,S2_R6_LB_AL2395_C0_HOA_EPD5,LB_AL2395,C0,HOA,5.0,MONO,-1.625,0.1595311014765615
S2_R6_LB_AL2395_C0_HOA_MONO_EPD5,S2_R6_LB_AL2395_C0_HOA_EPD5,LB_AL2395,C0,HOA,5.0,MONO,-1.75,0.16503937847655262
S2_R6_LB_AL2395_C0_HOA_MONO_EPD5,S2_R6_LB_AL2395_C0_HOA_EPD5,LB_AL2395,C0,HOA,5.0,MONO,-1.875,0.2500877513630194
S2_R6_LB_AL2395_C0_HOA_MONO_EPD5,S2_R6_LB_AL2395_C0_HOA_EPD5,LB_AL2395,C0,HOA,5.0,MONO,-2.0,0.015217807541552391
S2_R6_LB_AL2395_C0_HOA_MONO_EPD5,S2_R6_LB_AL2395_C0_HOA_EPD5,LB_AL2395,C0,HOA,5.0,MONO,-2.125,0.02895686220791775
S2_R6_LB_AL2395_C0_HOA_MONO_EPD5,S2_R6_LB_AL2395_C0_HOA_EPD5,LB_AL2395,C0,HOA,5.0,MONO,-2.25,0.017713242315416475
S2_R6_LB_AL2395_C0_HOA_MONO_EPD5,S2_R6_LB_AL2395_C0_HOA_EPD5,LB_AL2395,C0,HOA,5.0,MONO,-2.375,0.060164856708243133
S2_R6_LB_AL2395_C0_HOA_MONO_EPD5,S2_R6_LB_AL2395_C0_HOA_EPD5,LB_AL2395,C0,HOA,5.0,MONO,-2.5,0.003200125925058373
S2_R6_LB_AL2395_C0_HOA_MONO_EPD5,S2_R6_LB_AL2395_C0_HOA_EPD5,LB_AL2395,C0,HOA,5.0,MONO,-2.625,0.010109128393836998
S2_R6_LB_AL2395_C0_HOA_MONO_EPD5,S2_R6_LB_AL2395_C0_HOA_EPD5,LB_AL2395,C0,HOA,5.0,MONO,-2.75,0.013686423164167981
S2_R6_LB_AL2395_C0_HOA_MONO_EPD5,S2_R6_LB_AL2395_C0_HOA_EPD5,LB_AL2395,C0,HOA,5.0,MONO,-2.875,0.019525466906942967
S2_R6_LB_AL2395_C0_HOA_MONO_EPD5,S2_R6_LB_AL2395_C0_HOA_EPD5,LB_AL2395,C0,HOA,5.0,MONO,-3.0,0.00464178801059778
S2_R6_LB_AL2395_C0_HOA_MONO_EPD5,S2_R6_LB_AL2395_C0_HOA_EPD5,LB_AL2395,C0,HOA,5.0,MONO,-3.125,0.0007490358114041859
S2_R6_LB_AL2395_C0_HOA_MONO_EPD5,S2_R6_LB_AL2395_C0_HOA_EPD5,LB_AL2395,C0,HOA,5.0,MONO,-3.25,0.006033096339782619
S2_R6_LB_AL2395_C0_HOA_MONO_EPD5,S2_R6_LB_AL2395_C0_HOA_EPD5,LB_AL2395,C0,HOA,5.0,MONO,-3.375,0.008070987518805018
S2_R6_LB_AL2395_C0_HOA_MONO_EPD5,S2_R6_LB_AL2395_C0_HOA_EPD5,LB_AL2395,C0,HOA,5.0,MONO,-3.5,0.004850463123486921
S2_R6_LB_AL2395_C0_HOA_MONO_EPD5,S2_R6_LB_AL2395_C0_HOA_EPD5,LB_AL2395,C0,HOA,5.0,MONO,-3.625,0.0017995147638253067
S2_R6_LB_AL2395_C0_HOA_MONO_EPD5,S2_R6_LB_AL2395_C0_HOA_EPD5,LB_AL2395,C0,HOA,5.0,MONO,-3.75,0.00256208543706402
S2_R6_LB_AL2395_C0_HOA_MONO_EPD5,S2_R6_LB_AL2395_C0_HOA_EPD5,LB_AL2395,C0,HOA,5.0,MONO,-3.875,0.004480472221617595
S2_R6_LB_AL2395_C0_HOA_MONO_EPD5,S2_R6_LB_AL2395_C0_HOA_EPD5,LB_AL2395,C0,HOA,5.0,MONO,-4.0,0.0035965461721842295
S2_R6_LB_AL2395_C0_HOA_MONO_EPD5,S2_R6_LB_AL2395_C0_HOA_EPD5,LB_AL2395,C0,HOA,5.0,MONO,-4.125,0.002207248645490605
S2_R6_LB_AL2395_C0_HOA_MONO_EPD5,S2_R6_LB_AL2395_C0_HOA_EPD5,LB_AL2395,C0,HOA,5.0,MONO,-4.25,0.003447049347901964
S2_R6_LB_AL2395_C0_HOA_MONO_EPD5,S2_R6_LB_AL2395_C0_HOA_EPD5,LB_AL2395,C0,HOA,5.0,MONO,-4.375,0.0029960901535964683
S2_R6_LB_AL2395_C0_HOA_MONO_EPD5,S2_R6_LB_AL2395_C0_HOA_EPD5,LB_AL2395,C0,HOA,5.0,MONO,-4.5,0.003983573959601213
S2_R6_LB_AL2395_C0_HOA_MONO_EPD5,S2_R6_LB_AL2395_C0_HOA_EPD5,LB_AL2395,C0,HOA,5.0,MONO,-4.625,0.0025368871287577786
S2_R6_LB_AL2395_C0_HOA_MONO_EPD5,S2_R6_LB_AL2395_C0_HOA_EPD5,LB_AL2395,C0,HOA,5.0,MONO,-4.75,0.0013314093362736265
S2_R6_LB_AL2395_C0_HOA_MONO_EPD5,S2_R6_LB_AL2395_C0_HOA_EPD5,LB_AL2395,C0,HOA,5.0,MONO,-4.875,0.002416517665805562
S2_R6_LB_AL2395_C0_HOA_MONO_EPD5,S2_R6_LB_AL2395_C0_HOA_EPD5,LB_AL2395,C0,HOA,5.0,MONO,-5.0,0.000987438852558931
S2_R6_LB_AL2395_C0_HOA_EDOF_EPD5,S2_R6_LB_AL2395_C0_HOA_EPD5,LB_AL2395,C0,HOA,5.0,EDOF,1.0,0.005089023260207767
S2_R6_LB_AL2395_C0_HOA_EDOF_EPD5,S2_R6_LB_AL2395_C0_HOA_EPD5,LB_AL2395,C0,HOA,5.0,EDOF,0.875,0.02539034287012639
S2_R6_LB_AL2395_C0_HOA_EDOF_EPD5,S2_R6_LB_AL2395_C0_HOA_EPD5,LB_AL2395,C0,HOA,5.0,EDOF,0.75,0.020649674128295874
S2_R6_LB_AL2395_C0_HOA_EDOF_EPD5,S2_R6_LB_AL2395_C0_HOA_EPD5,LB_AL2395,C0,HOA,5.0,EDOF,0.625,0.015950431280752863
S2_R6_LB_AL2395_C0_HOA_EDOF_EPD5,S2_R6_LB_AL2395_C0_HOA_EPD5,LB_AL2395,C0,HOA,5.0,EDOF,0.5,0.0172833510278854
S2_R6_LB_AL2395_C0_HOA_EDOF_EPD5,S2_R6_LB_AL2395_C0_HOA_EPD5,LB_AL2395,C0,HOA,5.0,EDOF,0.375,0.0029594926269557054
S2_R6_LB_AL2395_C0_HOA_EDOF_EPD5,S2_R6_LB_AL2395_C0_HOA_EPD5,LB_AL2395,C0,HOA,5.0,EDOF,0.25,0.008147587033352138
S2_R6_LB_AL2395_C0_HOA_EDOF_EPD5,S2_R6_LB_AL2395_C0_HOA_EPD5,LB_AL2395,C0,HOA,5.0,EDOF,0.125,0.030031005112517484
S2_R6_LB_AL2395_C0_HOA_EDOF_EPD5,S2_R6_LB_AL2395_C0_HOA_EPD5,LB_AL2395,C0,HOA,5.0,EDOF,0.0,0.022938902349307577
S2_R6_LB_AL2395_C0_HOA_EDOF_EPD5,S2_R6_LB_AL2395_C0_HOA_EPD5,LB_AL2395,C0,HOA,5.0,EDOF,-0.125,0.01744923857361647
S2_R6_LB_AL2395_C0_HOA_EDOF_EPD5,S2_R6_LB_AL2395_C0_HOA_EPD5,LB_AL2395,C0,HOA,5.0,EDOF,-0.25,0.01570763062712439
S2_R6_LB_AL2395_C0_HOA_EDOF_EPD5,S2_R6_LB_AL2395_C0_HOA_EPD5,LB_AL2395,C0,HOA,5.0,EDOF,-0.375,0.013849850210447368
S2_R6_LB_AL2395_C0_HOA_EDOF_EPD5,S2_R6_LB_AL2395_C0_HOA_EPD5,LB_AL2395,C0,HOA,5.0,EDOF,-0.5,0.03223911805450495
S2_R6_LB_AL2395_C0_HOA_EDOF_EPD5,S2_R6_LB_AL2395_C0_HOA_EPD5,LB_AL2395,C0,HOA,5.0,EDOF,-0.625,0.05284790363107275
S2_R6_LB_AL2395_C0_HOA_EDOF_EPD5,S2_R6_LB_AL2395_C0_HOA_EPD5,LB_AL2395,C0,HOA,5.0,EDOF,-0.75,0.052427735858687534
S2_R6_LB_AL2395_C0_HOA_EDOF_EPD5,S2_R6_LB_AL2395_C0_HOA_EPD5,LB_AL2395,C0,HOA,5.0,EDOF,-0.875,0.001878073317982452
S2_R6_LB_AL2395_C0_HOA_EDOF_EPD5,S2_R6_LB_AL2395_C0_HOA_EPD5,LB_AL2395,C0,HOA,5.0,EDOF,-1.0,0.0624655069987476
S2_R6_LB_AL2395_C0_HOA_EDOF_EPD5,S2_R6_LB_AL2395_C0_HOA_EPD5,LB_AL2395,C0,HOA,5.0,EDOF,-1.125,0.06209804994682198
S2_R6_LB_AL2395_C0_HOA_EDOF_EPD5,S2_R6_LB_AL2395_C0_HOA_EPD5,LB_AL2395,C0,HOA,5.0,EDOF,-1.25,0.13096308949614188
S2_R6_LB_AL2395_C0_HOA_EDOF_EPD5,S2_R6_LB_AL2395_C0_HOA_EPD5,LB_AL2395,C0,HOA,5.0,EDOF,-1.375,0.0009328439818133892
S2_R6_LB_AL2395_C0_HOA_EDOF_EPD5,S2_R6_LB_AL2395_C0_HOA_EPD5,LB_AL2395,C0,HOA,5.0,EDOF,-1.5,0.03138523209543552
S2_R6_LB_AL2395_C0_HOA_EDOF_EPD5,S2_R6_LB_AL2395_C0_HOA_EPD5,LB_AL2395,C0,HOA,5.0,EDOF,-1.625,0.0702706837193445
S2_R6_LB_AL2395_C0_HOA_EDOF_EPD5,S2_R6_LB_AL2395_C0_HOA_EPD5,LB_AL2395,C0,HOA,5.0,EDOF,-1.75,0.00545650711655531
S2_R6_LB_AL2395_C0_HOA_EDOF_EPD5,S2_R6_LB_AL2395_C0_HOA_EPD5,LB_AL2395,C0,HOA,5.0,EDOF,-1.875,0.1427325799672651
S2_R6_LB_AL2395_C0_HOA_EDOF_EPD5,S2_R6_LB_AL2395_C0_HOA_EPD5,LB_AL2395,C0,HOA,5.0,EDOF,-2.0,0.08010714114701599
S2_R6_LB_AL2395_C0_HOA_EDOF_EPD5,S2_R6_LB_AL2395_C0_HOA_EPD5,LB_AL2395,C0,HOA,5.0,EDOF,-2.125,0.07187587168132549
S2_R6_LB_AL2395_C0_HOA_EDOF_EPD5,S2_R6_LB_AL2395_C0_HOA_EPD5,LB_AL2395,C0,HOA,5.0,EDOF,-2.25,0.013937315145865574
S2_R6_LB_AL2395_C0_HOA_EDOF_EPD5,S2_R6_LB_AL2395_C0_HOA_EPD5,LB_AL2395,C0,HOA,5.0,EDOF,-2.375,0.01472029065197195
S2_R6_LB_AL2395_C0_HOA_EDOF_EPD5,S2_R6_LB_AL2395_C0_HOA_EPD5,LB_AL2395,C0,HOA,5.0,EDOF,-2.5,0.006714541326962418
S2_R6_LB_AL2395_C0_HOA_EDOF_EPD5,S2_R6_LB_AL2395_C0_HOA_EPD5,LB_AL2395,C0,HOA,5.0,EDOF,-2.625,0.01567056096334732
S2_R6_LB_AL2395_C0_HOA_EDOF_EPD5,S2_R6_LB_AL2395_C0_HOA_EPD5,LB_AL2395,C0,HOA,5.0,EDOF,-2.75,0.01296477857225159
S2_R6_LB_AL2395_C0_HOA_EDOF_EPD5,S2_R6_LB_AL2395_C0_HOA_EPD5,LB_AL2395,C0,HOA,5.0,EDOF,-2.875,0.012667526159311803
S2_R6_LB_AL2395_C0_HOA_EDOF_EPD5,S2_R6_LB_AL2395_C0_HOA_EPD5,LB_AL2395,C0,HOA,5.0,EDOF,-3.0,0.014138004212112754
S2_R6_LB_AL2395_C0_HOA_EDOF_EPD5,S2_R6_LB_AL2395_C0_HOA_EPD5,LB_AL2395,C0,HOA,5.0,EDOF,-3.125,0.02103868058441043
S2_R6_LB_AL2395_C0_HOA_EDOF_EPD5,S2_R6_LB_AL2395_C0_HOA_EPD5,LB_AL2395,C0,HOA,5.0,EDOF,-3.25,0.010625717918474152
S2_R6_LB_AL2395_C0_HOA_EDOF_EPD5,S2_R6_LB_AL2395_C0_HOA_EPD5,LB_AL2395,C0,HOA,5.0,EDOF,-3.375,0.015469426215165429
S2_R6_LB_AL2395_C0_HOA_EDOF_EPD5,S2_R6_LB_AL2395_C0_HOA_EPD5,LB_AL2395,C0,HOA,5.0,EDOF,-3.5,0.010376316467408395
S2_R6_LB_AL2395_C0_HOA_EDOF_EPD5,S2_R6_LB_AL2395_C0_HOA_EPD5,LB_AL2395,C0,HOA,5.0,EDOF,-3.625,0.006141063694148869
S2_R6_LB_AL2395_C0_HOA_EDOF_EPD5,S2_R6_LB_AL2395_C0_HOA_EPD5,LB_AL2395,C0,HOA,5.0,EDOF,-3.75,0.003997101966379377
S2_R6_LB_AL2395_C0_HOA_EDOF_EPD5,S2_R6_LB_AL2395_C0_HOA_EPD5,LB_AL2395,C0,HOA,5.0,EDOF,-3.875,0.021556072984717192
S2_R6_LB_AL2395_C0_HOA_EDOF_EPD5,S2_R6_LB_AL2395_C0_HOA_EPD5,LB_AL2395,C0,HOA,5.0,EDOF,-4.0,0.0011137508760250504
S2_R6_LB_AL2395_C0_HOA_EDOF_EPD5,S2_R6_LB_AL2395_C0_HOA_EPD5,LB_AL2395,C0,HOA,5.0,EDOF,-4.125,0.002554108070533345
S2_R6_LB_AL2395_C0_HOA_EDOF_EPD5,S2_R6_LB_AL2395_C0_HOA_EPD5,LB_AL2395,C0,HOA,5.0,EDOF,-4.25,0.012601330583317376
S2_R6_LB_AL2395_C0_HOA_EDOF_EPD5,S2_R6_LB_AL2395_C0_HOA_EPD5,LB_AL2395,C0,HOA,5.0,EDOF,-4.375,0.01120178230136179
S2_R6_LB_AL2395_C0_HOA_EDOF_EPD5,S2_R6_LB_AL2395_C0_HOA_EPD5,LB_AL2395,C0,HOA,5.0,EDOF,-4.5,0.007741292156365277
S2_R6_LB_AL2395_C0_HOA_EDOF_EPD5,S2_R6_LB_AL2395_C0_HOA_EPD5,LB_AL2395,C0,HOA,5.0,EDOF,-4.625,0.005729408922801591
S2_R6_LB_AL2395_C0_HOA_EDOF_EPD5,S2_R6_LB_AL2395_C0_HOA_EPD5,LB_AL2395,C0,HOA,5.0,EDOF,-4.75,0.0031992163060814978
S2_R6_LB_AL2395_C0_HOA_EDOF_EPD5,S2_R6_LB_AL2395_C0_HOA_EPD5,LB_AL2395,C0,HOA,5.0,EDOF,-4.875,0.002433404386258711
S2_R6_LB_AL2395_C0_HOA_EDOF_EPD5,S2_R6_LB_AL2395_C0_HOA_EPD5,LB_AL2395,C0,HOA,5.0,EDOF,-5.0,0.0036275936362383508
S2_R6_ATC_M3_AL24477_C0_WFS_MONO_EPD3,S2_R6_ATC_M3_AL24477_C0_WFS_EPD3,ATC_M3_AL24477,C0,WFS,3.0,MONO,1.0,0.005228088764470321
S2_R6_ATC_M3_AL24477_C0_WFS_MONO_EPD3,S2_R6_ATC_M3_AL24477_C0_WFS_EPD3,ATC_M3_AL24477,C0,WFS,3.0,MONO,0.875,0.000796067028136997
S2_R6_ATC_M3_AL24477_C0_WFS_MONO_EPD3,S2_R6_ATC_M3_AL24477_C0_WFS_EPD3,ATC_M3_AL24477,C0,WFS,3.0,MONO,0.75,0.0056545307994926184
S2_R6_ATC_M3_AL24477_C0_WFS_MONO_EPD3,S2_R6_ATC_M3_AL24477_C0_WFS_EPD3,ATC_M3_AL24477,C0,WFS,3.0,MONO,0.625,0.0007778468980887481
S2_R6_ATC_M3_AL24477_C0_WFS_MONO_EPD3,S2_R6_ATC_M3_AL24477_C0_WFS_EPD3,ATC_M3_AL24477,C0,WFS,3.0,MONO,0.5,0.005176447400617368
S2_R6_ATC_M3_AL24477_C0_WFS_MONO_EPD3,S2_R6_ATC_M3_AL24477_C0_WFS_EPD3,ATC_M3_AL24477,C0,WFS,3.0,MONO,0.375,0.0023225187276609592
S2_R6_ATC_M3_AL24477_C0_WFS_MONO_EPD3,S2_R6_ATC_M3_AL24477_C0_WFS_EPD3,ATC_M3_AL24477,C0,WFS,3.0,MONO,0.25,0.005895902303050552
S2_R6_ATC_M3_AL24477_C0_WFS_MONO_EPD3,S2_R6_ATC_M3_AL24477_C0_WFS_EPD3,ATC_M3_AL24477,C0,WFS,3.0,MONO,0.125,0.003835167614396062
S2_R6_ATC_M3_AL24477_C0_WFS_MONO_EPD3,S2_R6_ATC_M3_AL24477_C0_WFS_EPD3,ATC_M3_AL24477,C0,WFS,3.0,MONO,0.0,0.0071694432767019185
S2_R6_ATC_M3_AL24477_C0_WFS_MONO_EPD3,S2_R6_ATC_M3_AL24477_C0_WFS_EPD3,ATC_M3_AL24477,C0,WFS,3.0,MONO,-0.125,0.005313903278274861
S2_R6_ATC_M3_AL24477_C0_WFS_MONO_EPD3,S2_R6_ATC_M3_AL24477_C0_WFS_EPD3,ATC_M3_AL24477,C0,WFS,3.0,MONO,-0.25,0.008924301865906856
S2_R6_ATC_M3_AL24477_C0_WFS_MONO_EPD3,S2_R6_ATC_M3_AL24477_C0_WFS_EPD3,ATC_M3_AL24477,C0,WFS,3.0,MONO,-0.375,0.00577796852795201
S2_R6_ATC_M3_AL24477_C0_WFS_MONO_EPD3,S2_R6_ATC_M3_AL24477_C0_WFS_EPD3,ATC_M3_AL24477,C0,WFS,3.0,MONO,-0.5,0.008143017604226106
S2_R6_ATC_M3_AL24477_C0_WFS_MONO_EPD3,S2_R6_ATC_M3_AL24477_C0_WFS_EPD3,ATC_M3_AL24477,C0,WFS,3.0,MONO,-0.625,0.010642007419827567
S2_R6_ATC_M3_AL24477_C0_WFS_MONO_EPD3,S2_R6_ATC_M3_AL24477_C0_WFS_EPD3,ATC_M3_AL24477,C0,WFS,3.0,MONO,-0.75,0.011413445406141153
S2_R6_ATC_M3_AL24477_C0_WFS_MONO_EPD3,S2_R6_ATC_M3_AL24477_C0_WFS_EPD3,ATC_M3_AL24477,C0,WFS,3.0,MONO,-0.875,0.013130676841955388
S2_R6_ATC_M3_AL24477_C0_WFS_MONO_EPD3,S2_R6_ATC_M3_AL24477_C0_WFS_EPD3,ATC_M3_AL24477,C0,WFS,3.0,MONO,-1.0,0.009964343401248906
S2_R6_ATC_M3_AL24477_C0_WFS_MONO_EPD3,S2_R6_ATC_M3_AL24477_C0_WFS_EPD3,ATC_M3_AL24477,C0,WFS,3.0,MONO,-1.125,0.026977007795515387
S2_R6_ATC_M3_AL24477_C0_WFS_MONO_EPD3,S2_R6_ATC_M3_AL24477_C0_WFS_EPD3,ATC_M3_AL24477,C0,WFS,3.0,MONO,-1.25,0.024495445337714875
S2_R6_ATC_M3_AL24477_C0_WFS_MONO_EPD3,S2_R6_ATC_M3_AL24477_C0_WFS_EPD3,ATC_M3_AL24477,C0,WFS,3.0,MONO,-1.375,0.005871303188197997
S2_R6_ATC_M3_AL24477_C0_WFS_MONO_EPD3,S2_R6_ATC_M3_AL24477_C0_WFS_EPD3,ATC_M3_AL24477,C0,WFS,3.0,MONO,-1.5,0.09212843814894281
S2_R6_ATC_M3_AL24477_C0_WFS_MONO_EPD3,S2_R6_ATC_M3_AL24477_C0_WFS_EPD3,ATC_M3_AL24477,C0,WFS,3.0,MONO,-1.625,0.37211582882694444
S2_R6_ATC_M3_AL24477_C0_WFS_MONO_EPD3,S2_R6_ATC_M3_AL24477_C0_WFS_EPD3,ATC_M3_AL24477,C0,WFS,3.0,MONO,-1.75,0.5939423947435178
S2_R6_ATC_M3_AL24477_C0_WFS_MONO_EPD3,S2_R6_ATC_M3_AL24477_C0_WFS_EPD3,ATC_M3_AL24477,C0,WFS,3.0,MONO,-1.875,0.48702989035937305
S2_R6_ATC_M3_AL24477_C0_WFS_MONO_EPD3,S2_R6_ATC_M3_AL24477_C0_WFS_EPD3,ATC_M3_AL24477,C0,WFS,3.0,MONO,-2.0,0.14116631668955515
S2_R6_ATC_M3_AL24477_C0_WFS_MONO_EPD3,S2_R6_ATC_M3_AL24477_C0_WFS_EPD3,ATC_M3_AL24477,C0,WFS,3.0,MONO,-2.125,0.09023287115025894
S2_R6_ATC_M3_AL24477_C0_WFS_MONO_EPD3,S2_R6_ATC_M3_AL24477_C0_WFS_EPD3,ATC_M3_AL24477,C0,WFS,3.0,MONO,-2.25,0.05650560440902401
S2_R6_ATC_M3_AL24477_C0_WFS_MONO_EPD3,S2_R6_ATC_M3_AL24477_C0_WFS_EPD3,ATC_M3_AL24477,C0,WFS,3.0,MONO,-2.375,0.051399810693058406
S2_R6_ATC_M3_AL24477_C0_WFS_MONO_EPD3,S2_R6_ATC_M3_AL24477_C0_WFS_EPD3,ATC_M3_AL24477,C0,WFS,3.0,MONO,-2.5,0.04465736130186021
S2_R6_ATC_M3_AL24477_C0_WFS_MONO_EPD3,S2_R6_ATC_M3_AL24477_C0_WFS_EPD3,ATC_M3_AL24477,C0,WFS,3.0,MONO,-2.625,0.020680113247292985
S2_R6_ATC_M3_AL24477_C0_WFS_MONO_EPD3,S2_R6_ATC_M3_AL24477_C0_WFS_EPD3,ATC_M3_AL24477,C0,WFS,3.0,MONO,-2.75,0.02203795196256772
S2_R6_ATC_M3_AL24477_C0_WFS_MONO_EPD3,S2_R6_ATC_M3_AL24477_C0_WFS_EPD3,ATC_M3_AL24477,C0,WFS,3.0,MONO,-2.875,0.01714470959998065
S2_R6_ATC_M3_AL24477_C0_WFS_MONO_EPD3,S2_R6_ATC_M3_AL24477_C0_WFS_EPD3,ATC_M3_AL24477,C0,WFS,3.0,MONO,-3.0,0.015653615449426853
S2_R6_ATC_M3_AL24477_C0_WFS_MONO_EPD3,S2_R6_ATC_M3_AL24477_C0_WFS_EPD3,ATC_M3_AL24477,C0,WFS,3.0,MONO,-3.125,0.011375954094216073
S2_R6_ATC_M3_AL24477_C0_WFS_MONO_EPD3,S2_R6_ATC_M3_AL24477_C0_WFS_EPD3,ATC_M3_AL24477,C0,WFS,3.0,MONO,-3.25,0.008142446741217873
S2_R6_ATC_M3_AL24477_C0_WFS_MONO_EPD3,S2_R6_ATC_M3_AL24477_C0_WFS_EPD3,ATC_M3_AL24477,C0,WFS,3.0,MONO,-3.375,0.011157325448840384
S2_R6_ATC_M3_AL24477_C0_WFS_MONO_EPD3,S2_R6_ATC_M3_AL24477_C0_WFS_EPD3,ATC_M3_AL24477,C0,WFS,3.0,MONO,-3.5,0.006413025112840269
S2_R6_ATC_M3_AL24477_C0_WFS_MONO_EPD3,S2_R6_ATC_M3_AL24477_C0_WFS_EPD3,ATC_M3_AL24477,C0,WFS,3.0,MONO,-3.625,0.007935892744481313
S2_R6_ATC_M3_AL24477_C0_WFS_MONO_EPD3,S2_R6_ATC_M3_AL24477_C0_WFS_EPD3,ATC_M3_AL24477,C0,WFS,3.0,MONO,-3.75,0.0027256490594107416
S2_R6_ATC_M3_AL24477_C0_WFS_MONO_EPD3,S2_R6_ATC_M3_AL24477_C0_WFS_EPD3,ATC_M3_AL24477,C0,WFS,3.0,MONO,-3.875,0.00700391730381497
S2_R6_ATC_M3_AL24477_C0_WFS_MONO_EPD3,S2_R6_ATC_M3_AL24477_C0_WFS_EPD3,ATC_M3_AL24477,C0,WFS,3.0,MONO,-4.0,0.0004127912002014258
S2_R6_ATC_M3_AL24477_C0_WFS_MONO_EPD3,S2_R6_ATC_M3_AL24477_C0_WFS_EPD3,ATC_M3_AL24477,C0,WFS,3.0,MONO,-4.125,0.006597168032968061
S2_R6_ATC_M3_AL24477_C0_WFS_MONO_EPD3,S2_R6_ATC_M3_AL24477_C0_WFS_EPD3,ATC_M3_AL24477,C0,WFS,3.0,MONO,-4.25,0.0008376937935665608
S2_R6_ATC_M3_AL24477_C0_WFS_MONO_EPD3,S2_R6_ATC_M3_AL24477_C0_WFS_EPD3,ATC_M3_AL24477,C0,WFS,3.0,MONO,-4.375,0.0062462432830979195
S2_R6_ATC_M3_AL24477_C0_WFS_MONO_EPD3,S2_R6_ATC_M3_AL24477_C0_WFS_EPD3,ATC_M3_AL24477,C0,WFS,3.0,MONO,-4.5,0.0010846639888626246
S2_R6_ATC_M3_AL24477_C0_WFS_MONO_EPD3,S2_R6_ATC_M3_AL24477_C0_WFS_EPD3,ATC_M3_AL24477,C0,WFS,3.0,MONO,-4.625,0.005112443877088837
S2_R6_ATC_M3_AL24477_C0_WFS_MONO_EPD3,S2_R6_ATC_M3_AL24477_C0_WFS_EPD3,ATC_M3_AL24477,C0,WFS,3.0,MONO,-4.75,0.0015310582318122969
S2_R6_ATC_M3_AL24477_C0_WFS_MONO_EPD3,S2_R6_ATC_M3_AL24477_C0_WFS_EPD3,ATC_M3_AL24477,C0,WFS,3.0,MONO,-4.875,0.004108474029100606
S2_R6_ATC_M3_AL24477_C0_WFS_MONO_EPD3,S2_R6_ATC_M3_AL24477_C0_WFS_EPD3,ATC_M3_AL24477,C0,WFS,3.0,MONO,-5.0,0.0015961639293091557
S2_R6_ATC_M3_AL24477_C0_WFS_EDOF_EPD3,S2_R6_ATC_M3_AL24477_C0_WFS_EPD3,ATC_M3_AL24477,C0,WFS,3.0,EDOF,1.0,0.0010950582225294357
S2_R6_ATC_M3_AL24477_C0_WFS_EDOF_EPD3,S2_R6_ATC_M3_AL24477_C0_WFS_EPD3,ATC_M3_AL24477,C0,WFS,3.0,EDOF,0.875,0.0008636534753581857
S2_R6_ATC_M3_AL24477_C0_WFS_EDOF_EPD3,S2_R6_ATC_M3_AL24477_C0_WFS_EPD3,ATC_M3_AL24477,C0,WFS,3.0,EDOF,0.75,0.0041607942552592675
S2_R6_ATC_M3_AL24477_C0_WFS_EDOF_EPD3,S2_R6_ATC_M3_AL24477_C0_WFS_EPD3,ATC_M3_AL24477,C0,WFS,3.0,EDOF,0.625,0.0012568325603739866
S2_R6_ATC_M3_AL24477_C0_WFS_EDOF_EPD3,S2_R6_ATC_M3_AL24477_C0_WFS_EPD3,ATC_M3_AL24477,C0,WFS,3.0,EDOF,0.5,0.006108863655634417
S2_R6_ATC_M3_AL24477_C0_WFS_EDOF_EPD3,S2_R6_ATC_M3_AL24477_C0_WFS_EPD3,ATC_M3_AL24477,C0,WFS,3.0,EDOF,0.375,0.005297966913246856
S2_R6_ATC_M3_AL24477_C0_WFS_EDOF_EPD3,S2_R6_ATC_M3_AL24477_C0_WFS_EPD3,ATC_M3_AL24477,C0,WFS,3.0,EDOF,0.25,0.001455994356819312
S2_R6_ATC_M3_AL24477_C0_WFS_EDOF_EPD3,S2_R6_ATC_M3_AL24477_C0_WFS_EPD3,ATC_M3_AL24477,C0,WFS,3.0,EDOF,0.125,0.006108852247317062
S2_R6_ATC_M3_AL24477_C0_WFS_EDOF_EPD3,S2_R6_ATC_M3_AL24477_C0_WFS_EPD3,ATC_M3_AL24477,C0,WFS,3.0,EDOF,0.0,0.009868509398887886
S2_R6_ATC_M3_AL24477_C0_WFS_EDOF_EPD3,S2_R6_ATC_M3_AL24477_C0_WFS_EPD3,ATC_M3_AL24477,C0,WFS,3.0,EDOF,-0.125,0.0006571104304816083
S2_R6_ATC_M3_AL24477_C0_WFS_EDOF_EPD3,S2_R6_ATC_M3_AL24477_C0_WFS_EPD3,ATC_M3_AL24477,C0,WFS,3.0,EDOF,-0.25,0.0070776142956818205
S2_R6_ATC_M3_AL24477_C0_WFS_EDOF_EPD3,S2_R6_ATC_M3_AL24477_C0_WFS_EPD3,ATC_M3_AL24477,C0,WFS,3.0,EDOF,-0.375,0.0006840255610350841
S2_R6_ATC_M3_AL24477_C0_WFS_EDOF_EPD3,S2_R6_ATC_M3_AL24477_C0_WFS_EPD3,ATC_M3_AL24477,C0,WFS,3.0,EDOF,-0.5,0.0037816386984750694
S2_R6_ATC_M3_AL24477_C0_WFS_EDOF_EPD3,S2_R6_ATC_M3_AL24477_C0_WFS_EPD3,ATC_M3_AL24477,C0,WFS,3.0,EDOF,-0.625,0.015913591742580273
S2_R6_ATC_M3_AL24477_C0_WFS_EDOF_EPD3,S2_R6_ATC_M3_AL24477_C0_WFS_EPD3,ATC_M3_AL24477,C0,WFS,3.0,EDOF,-0.75,0.03639391431227049
S2_R6_ATC_M3_AL24477_C0_WFS_EDOF_EPD3,S2_R6_ATC_M3_AL24477_C0_WFS_EPD3,ATC_M3_AL24477,C0,WFS,3.0,EDOF,-0.875,0.04165204998790516
S2_R6_ATC_M3_AL24477_C0_WFS_EDOF_EPD3,S2_R6_ATC_M3_AL24477_C0_WFS_EPD3,ATC_M3_AL24477,C0,WFS,3.0,EDOF,-1.0,0.06134320082758759
S2_R6_ATC_M3_AL24477_C0_WFS_EDOF_EPD3,S2_R6_ATC_M3_AL24477_C0_WFS_EPD3,ATC_M3_AL24477,C0,WFS,3.0,EDOF,-1.125,0.10510262581654081
S2_R6_ATC_M3_AL24477_C0_WFS_EDOF_EPD3,S2_R6_ATC_M3_AL24477_C0_WFS_EPD3,ATC_M3_AL24477,C0,WFS,3.0,EDOF,-1.25,0.119286627646986
S2_R6_ATC_M3_AL24477_C0_WFS_EDOF_EPD3,S2_R6_ATC_M3_AL24477_C0_WFS_EPD3,ATC_M3_AL24477,C0,WFS,3.0,EDOF,-1.375,0.09139122239298408
S2_R6_ATC_M3_AL24477_C0_WFS_EDOF_EPD3,S2_R6_ATC_M3_AL24477_C0_WFS_EPD3,ATC_M3_AL24477,C0,WFS,3.0,EDOF,-1.5,0.11754349322788252
S2_R6_ATC_M3_AL24477_C0_WFS_EDOF_EPD3,S2_R6_ATC_M3_AL24477_C0_WFS_EPD3,ATC_M3_AL24477,C0,WFS,3.0,EDOF,-1.625,0.2511891755317749
S2_R6_ATC_M3_AL24477_C0_WFS_EDOF_EPD3,S2_R6_ATC_M3_AL24477_C0_WFS_EPD3,ATC_M3_AL24477,C0,WFS,3.0,EDOF,-1.75,0.3556493035486032
S2_R6_ATC_M3_AL24477_C0_WFS_EDOF_EPD3,S2_R6_ATC_M3_AL24477_C0_WFS_EPD3,ATC_M3_AL24477,C0,WFS,3.0,EDOF,-1.875,0.26597618907700304
S2_R6_ATC_M3_AL24477_C0_WFS_EDOF_EPD3,S2_R6_ATC_M3_AL24477_C0_WFS_EPD3,ATC_M3_AL24477,C0,WFS,3.0,EDOF,-2.0,0.05243669624734828
S2_R6_ATC_M3_AL24477_C0_WFS_EDOF_EPD3,S2_R6_ATC_M3_AL24477_C0_WFS_EPD3,ATC_M3_AL24477,C0,WFS,3.0,EDOF,-2.125,0.055431450243189496
S2_R6_ATC_M3_AL24477_C0_WFS_EDOF_EPD3,S2_R6_ATC_M3_AL24477_C0_WFS_EPD3,ATC_M3_AL24477,C0,WFS,3.0,EDOF,-2.25,0.008446082657393324
S2_R6_ATC_M3_AL24477_C0_WFS_EDOF_EPD3,S2_R6_ATC_M3_AL24477_C0_WFS_EPD3,ATC_M3_AL24477,C0,WFS,3.0,EDOF,-2.375,0.08491605018905175
S2_R6_ATC_M3_AL24477_C0_WFS_EDOF_EPD3,S2_R6_ATC_M3_AL24477_C0_WFS_EPD3,ATC_M3_AL24477,C0,WFS,3.0,EDOF,-2.5,0.059407838282902324
S2_R6_ATC_M3_AL24477_C0_WFS_EDOF_EPD3,S2_R6_ATC_M3_AL24477_C0_WFS_EPD3,ATC_M3_AL24477,C0,WFS,3.0,EDOF,-2.625,0.003745707244879686
S2_R6_ATC_M3_AL24477_C0_WFS_EDOF_EPD3,S2_R6_ATC_M3_AL24477_C0_WFS_EPD3,ATC_M3_AL24477,C0,WFS,3.0,EDOF,-2.75,0.0045143436520099145
S2_R6_ATC_M3_AL24477_C0_WFS_EDOF_EPD3,S2_R6_ATC_M3_AL24477_C0_WFS_EPD3,ATC_M3_AL24477,C0,WFS,3.0,EDOF,-2.875,0.024560024858533647
S2_R6_ATC_M3_AL24477_C0_WFS_EDOF_EPD3,S2_R6_ATC_M3_AL24477_C0_WFS_EPD3,ATC_M3_AL24477,C0,WFS,3.0,EDOF,-3.0,0.008689060851620025
S2_R6_ATC_M3_AL24477_C0_WFS_EDOF_EPD3,S2_R6_ATC_M3_AL24477_C0_WFS_EPD3,ATC_M3_AL24477,C0,WFS,3.0,EDOF,-3.125,0.01180459645715936
S2_R6_ATC_M3_AL24477_C0_WFS_EDOF_EPD3,S2_R6_ATC_M3_AL24477_C0_WFS_EPD3,ATC_M3_AL24477,C0,WFS,3.0,EDOF,-3.25,0.0019904545239569646
S2_R6_ATC_M3_AL24477_C0_WFS_EDOF_EPD3,S2_R6_ATC_M3_AL24477_C0_WFS_EPD3,ATC_M3_AL24477,C0,WFS,3.0,EDOF,-3.375,0.019578974352177668
S2_R6_ATC_M3_AL24477_C0_WFS_EDOF_EPD3,S2_R6_ATC_M3_AL24477_C0_WFS_EPD3,ATC_M3_AL24477,C0,WFS,3.0,EDOF,-3.5,0.008436974634274914
S2_R6_ATC_M3_AL24477_C0_WFS_EDOF_EPD3,S2_R6_ATC_M3_AL24477_C0_WFS_EPD3,ATC_M3_AL24477,C0,WFS,3.0,EDOF,-3.625,0.006760299756124607
S2_R6_ATC_M3_AL24477_C0_WFS_EDOF_EPD3,S2_R6_ATC_M3_AL24477_C0_WFS_EPD3,ATC_M3_AL24477,C0,WFS,3.0,EDOF,-3.75,0.001496723775941023
S2_R6_ATC_M3_AL24477_C0_WFS_EDOF_EPD3,S2_R6_ATC_M3_AL24477_C0_WFS_EPD3,ATC_M3_AL24477,C0,WFS,3.0,EDOF,-3.875,0.004587325436213394
S2_R6_ATC_M3_AL24477_C0_WFS_EDOF_EPD3,S2_R6_ATC_M3_AL24477_C0_WFS_EPD3,ATC_M3_AL24477,C0,WFS,3.0,EDOF,-4.0,0.0033252229479279046
S2_R6_ATC_M3_AL24477_C0_WFS_EDOF_EPD3,S2_R6_ATC_M3_AL24477_C0_WFS_EPD3,ATC_M3_AL24477,C0,WFS,3.0,EDOF,-4.125,0.006680413070193285
S2_R6_ATC_M3_AL24477_C0_WFS_EDOF_EPD3,S2_R6_ATC_M3_AL24477_C0_WFS_EPD3,ATC_M3_AL24477,C0,WFS,3.0,EDOF,-4.25,0.002403978546366547
S2_R6_ATC_M3_AL24477_C0_WFS_EDOF_EPD3,S2_R6_ATC_M3_AL24477_C0_WFS_EPD3,ATC_M3_AL24477,C0,WFS,3.0,EDOF,-4.375,0.005161716196093358
S2_R6_ATC_M3_AL24477_C0_WFS_EDOF_EPD3,S2_R6_ATC_M3_AL24477_C0_WFS_EPD3,ATC_M3_AL24477,C0,WFS,3.0,EDOF,-4.5,0.0028816052460444753
S2_R6_ATC_M3_AL24477_C0_WFS_EDOF_EPD3,S2_R6_ATC_M3_AL24477_C0_WFS_EPD3,ATC_M3_AL24477,C0,WFS,3.0,EDOF,-4.625,0.00446703737448952
S2_R6_ATC_M3_AL24477_C0_WFS_EDOF_EPD3,S2_R6_ATC_M3_AL24477_C0_WFS_EPD3,ATC_M3_AL24477,C0,WFS,3.0,EDOF,-4.75,0.0022167131049691154
S2_R6_ATC_M3_AL24477_C0_WFS_EDOF_EPD3,S2_R6_ATC_M3_AL24477_C0_WFS_EPD3,ATC_M3_AL24477,C0,WFS,3.0,EDOF,-4.875,0.0026638532211034254
S2_R6_ATC_M3_AL24477_C0_WFS_EDOF_EPD3,S2_R6_ATC_M3_AL24477_C0_WFS_EPD3,ATC_M3_AL24477,C0,WFS,3.0,EDOF,-5.0,0.002242461146691287
S2_R6_ATC_M3_AL24477_C0_WFS_MONO_EPD5,S2_R6_ATC_M3_AL24477_C0_WFS_EPD5,ATC_M3_AL24477,C0,WFS,5.0,MONO,1.0,0.031091202629081122
S2_R6_ATC_M3_AL24477_C0_WFS_MONO_EPD5,S2_R6_ATC_M3_AL24477_C0_WFS_EPD5,ATC_M3_AL24477,C0,WFS,5.0,MONO,0.875,0.01098609336120275
S2_R6_ATC_M3_AL24477_C0_WFS_MONO_EPD5,S2_R6_ATC_M3_AL24477_C0_WFS_EPD5,ATC_M3_AL24477,C0,WFS,5.0,MONO,0.75,0.004998447971433377
S2_R6_ATC_M3_AL24477_C0_WFS_MONO_EPD5,S2_R6_ATC_M3_AL24477_C0_WFS_EPD5,ATC_M3_AL24477,C0,WFS,5.0,MONO,0.625,0.0036186127606006773
S2_R6_ATC_M3_AL24477_C0_WFS_MONO_EPD5,S2_R6_ATC_M3_AL24477_C0_WFS_EPD5,ATC_M3_AL24477,C0,WFS,5.0,MONO,0.5,0.010371663426605256
S2_R6_ATC_M3_AL24477_C0_WFS_MONO_EPD5,S2_R6_ATC_M3_AL24477_C0_WFS_EPD5,ATC_M3_AL24477,C0,WFS,5.0,MONO,0.375,0.02145917001164903
S2_R6_ATC_M3_AL24477_C0_WFS_MONO_EPD5,S2_R6_ATC_M3_AL24477_C0_WFS_EPD5,ATC_M3_AL24477,C0,WFS,5.0,MONO,0.25,0.013349665541921848
S2_R6_ATC_M3_AL24477_C0_WFS_MONO_EPD5,S2_R6_ATC_M3_AL24477_C0_WFS_EPD5,ATC_M3_AL24477,C0,WFS,5.0,MONO,0.125,0.004331238456658095
S2_R6_ATC_M3_AL24477_C0_WFS_MONO_EPD5,S2_R6_ATC_M3_AL24477_C0_WFS_EPD5,ATC_M3_AL24477,C0,WFS,5.0,MONO,0.0,0.014462496847641573
S2_R6_ATC_M3_AL24477_C0_WFS_MONO_EPD5,S2_R6_ATC_M3_AL24477_C0_WFS_EPD5,ATC_M3_AL24477,C0,WFS,5.0,MONO,-0.125,0.002984533357626628
S2_R6_ATC_M3_AL24477_C0_WFS_MONO_EPD5,S2_R6_ATC_M3_AL24477_C0_WFS_EPD5,ATC_M3_AL24477,C0,WFS,5.0,MONO,-0.25,0.00609641576644051
S2_R6_ATC_M3_AL24477_C0_WFS_MONO_EPD5,S2_R6_ATC_M3_AL24477_C0_WFS_EPD5,ATC_M3_AL24477,C0,WFS,5.0,MONO,-0.375,0.02722447002017234
S2_R6_ATC_M3_AL24477_C0_WFS_MONO_EPD5,S2_R6_ATC_M3_AL24477_C0_WFS_EPD5,ATC_M3_AL24477,C0,WFS,5.0,MONO,-0.5,0.07035883759798675
S2_R6_ATC_M3_AL24477_C0_WFS_MONO_EPD5,S2_R6_ATC_M3_AL24477_C0_WFS_EPD5,ATC_M3_AL24477,C0,WFS,5.0,MONO,-0.625,0.13840887591759632
S2_R6_ATC_M3_AL24477_C0_WFS_MONO_EPD5,S2_R6_ATC_M3_AL24477_C0_WFS_EPD5,ATC_M3_AL24477,C0,WFS,5.0,MONO,-0.75,0.06110511920310521
S2_R6_ATC_M3_AL24477_C0_WFS_MONO_EPD5,S2_R6_ATC_M3_AL24477_C0_WFS_EPD5,ATC_M3_AL24477,C0,WFS,5.0,MONO,-0.875,0.01416292351468347
S2_R6_ATC_M3_AL24477_C0_WFS_MONO_EPD5,S2_R6_ATC_M3_AL24477_C0_WFS_EPD5,ATC_M3_AL24477,C0,WFS,5.0,MONO,-1.0,0.029651957683081376
S2_R6_ATC_M3_AL24477_C0_WFS_MONO_EPD5,S2_R6_ATC_M3_AL24477_C0_WFS_EPD5,ATC_M3_AL24477,C0,WFS,5.0,MONO,-1.125,0.016083234219380682
S2_R6_ATC_M3_AL24477_C0_WFS_MONO_EPD5,S2_R6_ATC_M3_AL24477_C0_WFS_EPD5,ATC_M3_AL24477,C0,WFS,5.0,MONO,-1.25,0.06633183382260248
S2_R6_ATC_M3_AL24477_C0_WFS_MONO_EPD5,S2_R6_ATC_M3_AL24477_C0_WFS_EPD5,ATC_M3_AL24477,C0,WFS,5.0,MONO,-1.375,1.1576153460712729e-05
S2_R6_ATC_M3_AL24477_C0_WFS_MONO_EPD5,S2_R6_ATC_M3_AL24477_C0_WFS_EPD5,ATC_M3_AL24477,C0,WFS,5.0,MONO,-1.5,0.0188148847273614
S2_R6_ATC_M3_AL24477_C0_WFS_MONO_EPD5,S2_R6_ATC_M3_AL24477_C0_WFS_EPD5,ATC_M3_AL24477,C0,WFS,5.0,MONO,-1.625,0.13422581167838438
S2_R6_ATC_M3_AL24477_C0_WFS_MONO_EPD5,S2_R6_ATC_M3_AL24477_C0_WFS_EPD5,ATC_M3_AL24477,C0,WFS,5.0,MONO,-1.75,0.2819039046971982
S2_R6_ATC_M3_AL24477_C0_WFS_MONO_EPD5,S2_R6_ATC_M3_AL24477_C0_WFS_EPD5,ATC_M3_AL24477,C0,WFS,5.0,MONO,-1.875,0.1992005842984979
S2_R6_ATC_M3_AL24477_C0_WFS_MONO_EPD5,S2_R6_ATC_M3_AL24477_C0_WFS_EPD5,ATC_M3_AL24477,C0,WFS,5.0,MONO,-2.0,0.03552354351817605
S2_R6_ATC_M3_AL24477_C0_WFS_MONO_EPD5,S2_R6_ATC_M3_AL24477_C0_WFS_EPD5,ATC_M3_AL24477,C0,WFS,5.0,MONO,-2.125,0.05036990957552018
S2_R6_ATC_M3_AL24477_C0_WFS_MONO_EPD5,S2_R6_ATC_M3_AL24477_C0_WFS_EPD5,ATC_M3_AL24477,C0,WFS,5.0,MONO,-2.25,0.005072173825961758
S2_R6_ATC_M3_AL24477_C0_WFS_MONO_EPD5,S2_R6_ATC_M3_AL24477_C0_WFS_EPD5,ATC_M3_AL24477,C0,WFS,5.0,MONO,-2.375,0.013844263926917963
S2_R6_ATC_M3_AL24477_C0_WFS_MONO_EPD5,S2_R6_ATC_M3_AL24477_C0_WFS_EPD5,ATC_M3_AL24477,C0,WFS,5.0,MONO,-2.5,0.009346102084323783
S2_R6_ATC_M3_AL24477_C0_WFS_MONO_EPD5,S2_R6_ATC_M3_AL24477_C0_WFS_EPD5,ATC_M3_AL24477,C0,WFS,5.0,MONO,-2.625,0.010835620771757296
S2_R6_ATC_M3_AL24477_C0_WFS_MONO_EPD5,S2_R6_ATC_M3_AL24477_C0_WFS_EPD5,ATC_M3_AL24477,C0,WFS,5.0,MONO,-2.75,0.0009979665646260465
S2_R6_ATC_M3_AL24477_C0_WFS_MONO_EPD5,S2_R6_ATC_M3_AL24477_C0_WFS_EPD5,ATC_M3_AL24477,C0,WFS,5.0,MONO,-2.875,0.0003230560544365777
S2_R6_ATC_M3_AL24477_C0_WFS_MONO_EPD5,S2_R6_ATC_M3_AL24477_C0_WFS_EPD5,ATC_M3_AL24477,C0,WFS,5.0,MONO,-3.0,0.0036663936050699607
S2_R6_ATC_M3_AL24477_C0_WFS_MONO_EPD5,S2_R6_ATC_M3_AL24477_C0_WFS_EPD5,ATC_M3_AL24477,C0,WFS,5.0,MONO,-3.125,0.005163421242211074
S2_R6_ATC_M3_AL24477_C0_WFS_MONO_EPD5,S2_R6_ATC_M3_AL24477_C0_WFS_EPD5,ATC_M3_AL24477,C0,WFS,5.0,MONO,-3.25,0.0015900596706997496
S2_R6_ATC_M3_AL24477_C0_WFS_MONO_EPD5,S2_R6_ATC_M3_AL24477_C0_WFS_EPD5,ATC_M3_AL24477,C0,WFS,5.0,MONO,-3.375,0.0006500981631430437
S2_R6_ATC_M3_AL24477_C0_WFS_MONO_EPD5,S2_R6_ATC_M3_AL24477_C0_WFS_EPD5,ATC_M3_AL24477,C0,WFS,5.0,MONO,-3.5,0.0013867646426592916
S2_R6_ATC_M3_AL24477_C0_WFS_MONO_EPD5,S2_R6_ATC_M3_AL24477_C0_WFS_EPD5,ATC_M3_AL24477,C0,WFS,5.0,MONO,-3.625,0.001698735955964318
S2_R6_ATC_M3_AL24477_C0_WFS_MONO_EPD5,S2_R6_ATC_M3_AL24477_C0_WFS_EPD5,ATC_M3_AL24477,C0,WFS,5.0,MONO,-3.75,0.0004038520199609139
S2_R6_ATC_M3_AL24477_C0_WFS_MONO_EPD5,S2_R6_ATC_M3_AL24477_C0_WFS_EPD5,ATC_M3_AL24477,C0,WFS,5.0,MONO,-3.875,0.0008865667968813895
S2_R6_ATC_M3_AL24477_C0_WFS_MONO_EPD5,S2_R6_ATC_M3_AL24477_C0_WFS_EPD5,ATC_M3_AL24477,C0,WFS,5.0,MONO,-4.0,0.0004817504166985198
S2_R6_ATC_M3_AL24477_C0_WFS_MONO_EPD5,S2_R6_ATC_M3_AL24477_C0_WFS_EPD5,ATC_M3_AL24477,C0,WFS,5.0,MONO,-4.125,0.00047558209569582724
S2_R6_ATC_M3_AL24477_C0_WFS_MONO_EPD5,S2_R6_ATC_M3_AL24477_C0_WFS_EPD5,ATC_M3_AL24477,C0,WFS,5.0,MONO,-4.25,0.0013438474224131748
S2_R6_ATC_M3_AL24477_C0_WFS_MONO_EPD5,S2_R6_ATC_M3_AL24477_C0_WFS_EPD5,ATC_M3_AL24477,C0,WFS,5.0,MONO,-4.375,0.0006296203357822794
S2_R6_ATC_M3_AL24477_C0_WFS_MONO_EPD5,S2_R6_ATC_M3_AL24477_C0_WFS_EPD5,ATC_M3_AL24477,C0,WFS,5.0,MONO,-4.5,0.001176520300330595
S2_R6_ATC_M3_AL24477_C0_WFS_MONO_EPD5,S2_R6_ATC_M3_AL24477_C0_WFS_EPD5,ATC_M3_AL24477,C0,WFS,5.0,MONO,-4.625,0.001198751839864869
S2_R6_ATC_M3_AL24477_C0_WFS_MONO_EPD5,S2_R6_ATC_M3_AL24477_C0_WFS_EPD5,ATC_M3_AL24477,C0,WFS,5.0,MONO,-4.75,0.00022728155454158905
S2_R6_ATC_M3_AL24477_C0_WFS_MONO_EPD5,S2_R6_ATC_M3_AL24477_C0_WFS_EPD5,ATC_M3_AL24477,C0,WFS,5.0,MONO,-4.875,0.0011648283319202828
S2_R6_ATC_M3_AL24477_C0_WFS_MONO_EPD5,S2_R6_ATC_M3_AL24477_C0_WFS_EPD5,ATC_M3_AL24477,C0,WFS,5.0,MONO,-5.0,0.00010705466931862481
S2_R6_ATC_M3_AL24477_C0_WFS_EDOF_EPD5,S2_R6_ATC_M3_AL24477_C0_WFS_EPD5,ATC_M3_AL24477,C0,WFS,5.0,EDOF,1.0,0.024252829350165477
S2_R6_ATC_M3_AL24477_C0_WFS_EDOF_EPD5,S2_R6_ATC_M3_AL24477_C0_WFS_EPD5,ATC_M3_AL24477,C0,WFS,5.0,EDOF,0.875,0.007490426316053473
S2_R6_ATC_M3_AL24477_C0_WFS_EDOF_EPD5,S2_R6_ATC_M3_AL24477_C0_WFS_EPD5,ATC_M3_AL24477,C0,WFS,5.0,EDOF,0.75,0.001878466190048555
S2_R6_ATC_M3_AL24477_C0_WFS_EDOF_EPD5,S2_R6_ATC_M3_AL24477_C0_WFS_EPD5,ATC_M3_AL24477,C0,WFS,5.0,EDOF,0.625,0.004004006697630201
S2_R6_ATC_M3_AL24477_C0_WFS_EDOF_EPD5,S2_R6_ATC_M3_AL24477_C0_WFS_EPD5,ATC_M3_AL24477,C0,WFS,5.0,EDOF,0.5,0.01594082275077893
S2_R6_ATC_M3_AL24477_C0_WFS_EDOF_EPD5,S2_R6_ATC_M3_AL24477_C0_WFS_EPD5,ATC_M3_AL24477,C0,WFS,5.0,EDOF,0.375,0.014615017218391771
S2_R6_ATC_M3_AL24477_C0_WFS_EDOF_EPD5,S2_R6_ATC_M3_AL24477_C0_WFS_EPD5,ATC_M3_AL24477,C0,WFS,5.0,EDOF,0.25,0.004545224340671481
S2_R6_ATC_M3_AL24477_C0_WFS_EDOF_EPD5,S2_R6_ATC_M3_AL24477_C0_WFS_EPD5,ATC_M3_AL24477,C0,WFS,5.0,EDOF,0.125,0.01100908458069136
S2_R6_ATC_M3_AL24477_C0_WFS_EDOF_EPD5,S2_R6_ATC_M3_AL24477_C0_WFS_EPD5,ATC_M3_AL24477,C0,WFS,5.0,EDOF,0.0,0.003827435964983036
S2_R6_ATC_M3_AL24477_C0_WFS_EDOF_EPD5,S2_R6_ATC_M3_AL24477_C0_WFS_EPD5,ATC_M3_AL24477,C0,WFS,5.0,EDOF,-0.125,0.010593778399649909
S2_R6_ATC_M3_AL24477_C0_WFS_EDOF_EPD5,S2_R6_ATC_M3_AL24477_C0_WFS_EPD5,ATC_M3_AL24477,C0,WFS,5.0,EDOF,-0.25,0.0075668806482853904
S2_R6_ATC_M3_AL24477_C0_WFS_EDOF_EPD5,S2_R6_ATC_M3_AL24477_C0_WFS_EPD5,ATC_M3_AL24477,C0,WFS,5.0,EDOF,-0.375,0.011020246970676694
S2_R6_ATC_M3_AL24477_C0_WFS_EDOF_EPD5,S2_R6_ATC_M3_AL24477_C0_WFS_EPD5,ATC_M3_AL24477,C0,WFS,5.0,EDOF,-0.5,0.08595467666654195
S2_R6_ATC_M3_AL24477_C0_WFS_EDOF_EPD5,S2_R6_ATC_M3_AL24477_C0_WFS_EPD5,ATC_M3_AL24477,C0,WFS,5.0,EDOF,-0.625,0.15169876739120408
S2_R6_ATC_M3_AL24477_C0_WFS_EDOF_EPD5,S2_R6_ATC_M3_AL24477_C0_WFS_EPD5,ATC_M3_AL24477,C0,WFS,5.0,EDOF,-0.75,0.047229764185922944
S2_R6_ATC_M3_AL24477_C0_WFS_EDOF_EPD5,S2_R6_ATC_M3_AL24477_C0_WFS_EPD5,ATC_M3_AL24477,C0,WFS,5.0,EDOF,-0.875,0.03405524875633509
S2_R6_ATC_M3_AL24477_C0_WFS_EDOF_EPD5,S2_R6_ATC_M3_AL24477_C0_WFS_EPD5,ATC_M3_AL24477,C0,WFS,5.0,EDOF,-1.0,0.081384069157262
S2_R6_ATC_M3_AL24477_C0_WFS_EDOF_EPD5,S2_R6_ATC_M3_AL24477_C0_WFS_EPD5,ATC_M3_AL24477,C0,WFS,5.0,EDOF,-1.125,0.001698865164239886
S2_R6_ATC_M3_AL24477_C0_WFS_EDOF_EPD5,S2_R6_ATC_M3_AL24477_C0_WFS_EPD5,ATC_M3_AL24477,C0,WFS,5.0,EDOF,-1.25,0.07551232103776706
S2_R6_ATC_M3_AL24477_C0_WFS_EDOF_EPD5,S2_R6_ATC_M3_AL24477_C0_WFS_EPD5,ATC_M3_AL24477,C0,WFS,5.0,EDOF,-1.375,0.05164114703107163
S2_R6_ATC_M3_AL24477_C0_WFS_EDOF_EPD5,S2_R6_ATC_M3_AL24477_C0_WFS_EPD5,ATC_M3_AL24477,C0,WFS,5.0,EDOF,-1.5,0.05004231320788756
S2_R6_ATC_M3_AL24477_C0_WFS_EDOF_EPD5,S2_R6_ATC_M3_AL24477_C0_WFS_EPD5,ATC_M3_AL24477,C0,WFS,5.0,EDOF,-1.625,0.07287671200331657
S2_R6_ATC_M3_AL24477_C0_WFS_EDOF_EPD5,S2_R6_ATC_M3_AL24477_C0_WFS_EPD5,ATC_M3_AL24477,C0,WFS,5.0,EDOF,-1.75,0.17950325553840404
S2_R6_ATC_M3_AL24477_C0_WFS_EDOF_EPD5,S2_R6_ATC_M3_AL24477_C0_WFS_EPD5,ATC_M3_AL24477,C0,WFS,5.0,EDOF,-1.875,0.13701193689695912
S2_R6_ATC_M3_AL24477_C0_WFS_EDOF_EPD5,S2_R6_ATC_M3_AL24477_C0_WFS_EPD5,ATC_M3_AL24477,C0,WFS,5.0,EDOF,-2.0,0.016473405215781937
S2_R6_ATC_M3_AL24477_C0_WFS_EDOF_EPD5,S2_R6_ATC_M3_AL24477_C0_WFS_EPD5,ATC_M3_AL24477,C0,WFS,5.0,EDOF,-2.125,0.050670385496972704
S2_R6_ATC_M3_AL24477_C0_WFS_EDOF_EPD5,S2_R6_ATC_M3_AL24477_C0_WFS_EPD5,ATC_M3_AL24477,C0,WFS,5.0,EDOF,-2.25,0.010094276527082226
S2_R6_ATC_M3_AL24477_C0_WFS_EDOF_EPD5,S2_R6_ATC_M3_AL24477_C0_WFS_EPD5,ATC_M3_AL24477,C0,WFS,5.0,EDOF,-2.375,0.03431609665406319
S2_R6_ATC_M3_AL24477_C0_WFS_EDOF_EPD5,S2_R6_ATC_M3_AL24477_C0_WFS_EPD5,ATC_M3_AL24477,C0,WFS,5.0,EDOF,-2.5,0.018463855417524683
S2_R6_ATC_M3_AL24477_C0_WFS_EDOF_EPD5,S2_R6_ATC_M3_AL24477_C0_WFS_EPD5,ATC_M3_AL24477,C0,WFS,5.0,EDOF,-2.625,0.008000603265025597
S2_R6_ATC_M3_AL24477_C0_WFS_EDOF_EPD5,S2_R6_ATC_M3_AL24477_C0_WFS_EPD5,ATC_M3_AL24477,C0,WFS,5.0,EDOF,-2.75,0.00919353831288966
S2_R6_ATC_M3_AL24477_C0_WFS_EDOF_EPD5,S2_R6_ATC_M3_AL24477_C0_WFS_EPD5,ATC_M3_AL24477,C0,WFS,5.0,EDOF,-2.875,0.006403967714445107
S2_R6_ATC_M3_AL24477_C0_WFS_EDOF_EPD5,S2_R6_ATC_M3_AL24477_C0_WFS_EPD5,ATC_M3_AL24477,C0,WFS,5.0,EDOF,-3.0,2.5504999890806964e-05
S2_R6_ATC_M3_AL24477_C0_WFS_EDOF_EPD5,S2_R6_ATC_M3_AL24477_C0_WFS_EPD5,ATC_M3_AL24477,C0,WFS,5.0,EDOF,-3.125,0.007739291088545029
S2_R6_ATC_M3_AL24477_C0_WFS_EDOF_EPD5,S2_R6_ATC_M3_AL24477_C0_WFS_EPD5,ATC_M3_AL24477,C0,WFS,5.0,EDOF,-3.25,0.00699390133744386
S2_R6_ATC_M3_AL24477_C0_WFS_EDOF_EPD5,S2_R6_ATC_M3_AL24477_C0_WFS_EPD5,ATC_M3_AL24477,C0,WFS,5.0,EDOF,-3.375,0.003629640331443527
S2_R6_ATC_M3_AL24477_C0_WFS_EDOF_EPD5,S2_R6_ATC_M3_AL24477_C0_WFS_EPD5,ATC_M3_AL24477,C0,WFS,5.0,EDOF,-3.5,0.0001809381841211902
S2_R6_ATC_M3_AL24477_C0_WFS_EDOF_EPD5,S2_R6_ATC_M3_AL24477_C0_WFS_EPD5,ATC_M3_AL24477,C0,WFS,5.0,EDOF,-3.625,0.0020262663892873386
S2_R6_ATC_M3_AL24477_C0_WFS_EDOF_EPD5,S2_R6_ATC_M3_AL24477_C0_WFS_EPD5,ATC_M3_AL24477,C0,WFS,5.0,EDOF,-3.75,0.0020772023010251555
S2_R6_ATC_M3_AL24477_C0_WFS_EDOF_EPD5,S2_R6_ATC_M3_AL24477_C0_WFS_EPD5,ATC_M3_AL24477,C0,WFS,5.0,EDOF,-3.875,0.0017052530827559454
S2_R6_ATC_M3_AL24477_C0_WFS_EDOF_EPD5,S2_R6_ATC_M3_AL24477_C0_WFS_EPD5,ATC_M3_AL24477,C0,WFS,5.0,EDOF,-4.0,0.0017294077273912996
S2_R6_ATC_M3_AL24477_C0_WFS_EDOF_EPD5,S2_R6_ATC_M3_AL24477_C0_WFS_EPD5,ATC_M3_AL24477,C0,WFS,5.0,EDOF,-4.125,0.0002610714414939672
S2_R6_ATC_M3_AL24477_C0_WFS_EDOF_EPD5,S2_R6_ATC_M3_AL24477_C0_WFS_EPD5,ATC_M3_AL24477,C0,WFS,5.0,EDOF,-4.25,0.002372104422791576
S2_R6_ATC_M3_AL24477_C0_WFS_EDOF_EPD5,S2_R6_ATC_M3_AL24477_C0_WFS_EPD5,ATC_M3_AL24477,C0,WFS,5.0,EDOF,-4.375,0.00018101363248403584
S2_R6_ATC_M3_AL24477_C0_WFS_EDOF_EPD5,S2_R6_ATC_M3_AL24477_C0_WFS_EPD5,ATC_M3_AL24477,C0,WFS,5.0,EDOF,-4.5,0.0003816099064776452
S2_R6_ATC_M3_AL24477_C0_WFS_EDOF_EPD5,S2_R6_ATC_M3_AL24477_C0_WFS_EPD5,ATC_M3_AL24477,C0,WFS,5.0,EDOF,-4.625,0.0016104038597454218
S2_R6_ATC_M3_AL24477_C0_WFS_EDOF_EPD5,S2_R6_ATC_M3_AL24477_C0_WFS_EPD5,ATC_M3_AL24477,C0,WFS,5.0,EDOF,-4.75,0.0002816330451029489
S2_R6_ATC_M3_AL24477_C0_WFS_EDOF_EPD5,S2_R6_ATC_M3_AL24477_C0_WFS_EPD5,ATC_M3_AL24477,C0,WFS,5.0,EDOF,-4.875,0.0009332371796919225
S2_R6_ATC_M3_AL24477_C0_WFS_EDOF_EPD5,S2_R6_ATC_M3_AL24477_C0_WFS_EPD5,ATC_M3_AL24477,C0,WFS,5.0,EDOF,-5.0,6.269451139281706e-05
S2_R6_ATC_M3_AL24477_C0_RAD_MONO_EPD3,S2_R6_ATC_M3_AL24477_C0_RAD_EPD3,ATC_M3_AL24477,C0,RAD,3.0,MONO,1.0,0.005424542706152656
S2_R6_ATC_M3_AL24477_C0_RAD_MONO_EPD3,S2_R6_ATC_M3_AL24477_C0_RAD_EPD3,ATC_M3_AL24477,C0,RAD,3.0,MONO,0.875,0.0009869812488650155
S2_R6_ATC_M3_AL24477_C0_RAD_MONO_EPD3,S2_R6_ATC_M3_AL24477_C0_RAD_EPD3,ATC_M3_AL24477,C0,RAD,3.0,MONO,0.75,0.0059832186455285345
S2_R6_ATC_M3_AL24477_C0_RAD_MONO_EPD3,S2_R6_ATC_M3_AL24477_C0_RAD_EPD3,ATC_M3_AL24477,C0,RAD,3.0,MONO,0.625,0.0008941242507780564
S2_R6_ATC_M3_AL24477_C0_RAD_MONO_EPD3,S2_R6_ATC_M3_AL24477_C0_RAD_EPD3,ATC_M3_AL24477,C0,RAD,3.0,MONO,0.5,0.00553532667363529
S2_R6_ATC_M3_AL24477_C0_RAD_MONO_EPD3,S2_R6_ATC_M3_AL24477_C0_RAD_EPD3,ATC_M3_AL24477,C0,RAD,3.0,MONO,0.375,0.002347679292121041
S2_R6_ATC_M3_AL24477_C0_RAD_MONO_EPD3,S2_R6_ATC_M3_AL24477_C0_RAD_EPD3,ATC_M3_AL24477,C0,RAD,3.0,MONO,0.25,0.006121254366128223
S2_R6_ATC_M3_AL24477_C0_RAD_MONO_EPD3,S2_R6_ATC_M3_AL24477_C0_RAD_EPD3,ATC_M3_AL24477,C0,RAD,3.0,MONO,0.125,0.003989649207933358
S2_R6_ATC_M3_AL24477_C0_RAD_MONO_EPD3,S2_R6_ATC_M3_AL24477_C0_RAD_EPD3,ATC_M3_AL24477,C0,RAD,3.0,MONO,0.0,0.007316199048889036
S2_R6_ATC_M3_AL24477_C0_RAD_MONO_EPD3,S2_R6_ATC_M3_AL24477_C0_RAD_EPD3,ATC_M3_AL24477,C0,RAD,3.0,MONO,-0.125,0.00585255937408867
S2_R6_ATC_M3_AL24477_C0_RAD_MONO_EPD3,S2_R6_ATC_M3_AL24477_C0_RAD_EPD3,ATC_M3_AL24477,C0,RAD,3.0,MONO,-0.25,0.00941764643629323
S2_R6_ATC_M3_AL24477_C0_RAD_MONO_EPD3,S2_R6_ATC_M3_AL24477_C0_RAD_EPD3,ATC_M3_AL24477,C0,RAD,3.0,MONO,-0.375,0.00629327304641447
S2_R6_ATC_M3_AL24477_C0_RAD_MONO_EPD3,S2_R6_ATC_M3_AL24477_C0_RAD_EPD3,ATC_M3_AL24477,C0,RAD,3.0,MONO,-0.5,0.008608505166348507
S2_R6_ATC_M3_AL24477_C0_RAD_MONO_EPD3,S2_R6_ATC_M3_AL24477_C0_RAD_EPD3,ATC_M3_AL24477,C0,RAD,3.0,MONO,-0.625,0.011547375340442366
S2_R6_ATC_M3_AL24477_C0_RAD_MONO_EPD3,S2_R6_ATC_M3_AL24477_C0_RAD_EPD3,ATC_M3_AL24477,C0,RAD,3.0,MONO,-0.75,0.012116099374674037
S2_R6_ATC_M3_AL24477_C0_RAD_MONO_EPD3,S2_R6_ATC_M3_AL24477_C0_RAD_EPD3,ATC_M3_AL24477,C0,RAD,3.0,MONO,-0.875,0.014412666537904729
S2_R6_ATC_M3_AL24477_C0_RAD_MONO_EPD3,S2_R6_ATC_M3_AL24477_C0_RAD_EPD3,ATC_M3_AL24477,C0,RAD,3.0,MONO,-1.0,0.010638809374423061
S2_R6_ATC_M3_AL24477_C0_RAD_MONO_EPD3,S2_R6_ATC_M3_AL24477_C0_RAD_EPD3,ATC_M3_AL24477,C0,RAD,3.0,MONO,-1.125,0.02849075501892362
S2_R6_ATC_M3_AL24477_C0_RAD_MONO_EPD3,S2_R6_ATC_M3_AL24477_C0_RAD_EPD3,ATC_M3_AL24477,C0,RAD,3.0,MONO,-1.25,0.017897195825781344
S2_R6_ATC_M3_AL24477_C0_RAD_MONO_EPD3,S2_R6_ATC_M3_AL24477_C0_RAD_EPD3,ATC_M3_AL24477,C0,RAD,3.0,MONO,-1.375,0.03659440802766687
S2_R6_ATC_M3_AL24477_C0_RAD_MONO_EPD3,S2_R6_ATC_M3_AL24477_C0_RAD_EPD3,ATC_M3_AL24477,C0,RAD,3.0,MONO,-1.5,0.040425104801078054
S2_R6_ATC_M3_AL24477_C0_RAD_MONO_EPD3,S2_R6_ATC_M3_AL24477_C0_RAD_EPD3,ATC_M3_AL24477,C0,RAD,3.0,MONO,-1.625,0.3327042292809145
S2_R6_ATC_M3_AL24477_C0_RAD_MONO_EPD3,S2_R6_ATC_M3_AL24477_C0_RAD_EPD3,ATC_M3_AL24477,C0,RAD,3.0,MONO,-1.75,0.6023762723677386
S2_R6_ATC_M3_AL24477_C0_RAD_MONO_EPD3,S2_R6_ATC_M3_AL24477_C0_RAD_EPD3,ATC_M3_AL24477,C0,RAD,3.0,MONO,-1.875,0.541364339577709
S2_R6_ATC_M3_AL24477_C0_RAD_MONO_EPD3,S2_R6_ATC_M3_AL24477_C0_RAD_EPD3,ATC_M3_AL24477,C0,RAD,3.0,MONO,-2.0,0.2003557388760034
S2_R6_ATC_M3_AL24477_C0_RAD_MONO_EPD3,S2_R6_ATC_M3_AL24477_C0_RAD_EPD3,ATC_M3_AL24477,C0,RAD,3.0,MONO,-2.125,0.06471445666226514
S2_R6_ATC_M3_AL24477_C0_RAD_MONO_EPD3,S2_R6_ATC_M3_AL24477_C0_RAD_EPD3,ATC_M3_AL24477,C0,RAD,3.0,MONO,-2.25,0.065346272688849
S2_R6_ATC_M3_AL24477_C0_RAD_MONO_EPD3,S2_R6_ATC_M3_AL24477_C0_RAD_EPD3,ATC_M3_AL24477,C0,RAD,3.0,MONO,-2.375,0.03544495938324468
S2_R6_ATC_M3_AL24477_C0_RAD_MONO_EPD3,S2_R6_ATC_M3_AL24477_C0_RAD_EPD3,ATC_M3_AL24477,C0,RAD,3.0,MONO,-2.5,0.04120851554069972
S2_R6_ATC_M3_AL24477_C0_RAD_MONO_EPD3,S2_R6_ATC_M3_AL24477_C0_RAD_EPD3,ATC_M3_AL24477,C0,RAD,3.0,MONO,-2.625,0.015341184407371805
S2_R6_ATC_M3_AL24477_C0_RAD_MONO_EPD3,S2_R6_ATC_M3_AL24477_C0_RAD_EPD3,ATC_M3_AL24477,C0,RAD,3.0,MONO,-2.75,0.01970772181305326
S2_R6_ATC_M3_AL24477_C0_RAD_MONO_EPD3,S2_R6_ATC_M3_AL24477_C0_RAD_EPD3,ATC_M3_AL24477,C0,RAD,3.0,MONO,-2.875,0.014412765374699973
S2_R6_ATC_M3_AL24477_C0_RAD_MONO_EPD3,S2_R6_ATC_M3_AL24477_C0_RAD_EPD3,ATC_M3_AL24477,C0,RAD,3.0,MONO,-3.0,0.013741735926135947
S2_R6_ATC_M3_AL24477_C0_RAD_MONO_EPD3,S2_R6_ATC_M3_AL24477_C0_RAD_EPD3,ATC_M3_AL24477,C0,RAD,3.0,MONO,-3.125,0.01010831678739476
S2_R6_ATC_M3_AL24477_C0_RAD_MONO_EPD3,S2_R6_ATC_M3_AL24477_C0_RAD_EPD3,ATC_M3_AL24477,C0,RAD,3.0,MONO,-3.25,0.006929867685221976
S2_R6_ATC_M3_AL24477_C0_RAD_MONO_EPD3,S2_R6_ATC_M3_AL24477_C0_RAD_EPD3,ATC_M3_AL24477,C0,RAD,3.0,MONO,-3.375,0.0103460275119216
S2_R6_ATC_M3_AL24477_C0_RAD_MONO_EPD3,S2_R6_ATC_M3_AL24477_C0_RAD_EPD3,ATC_M3_AL24477,C0,RAD,3.0,MONO,-3.5,0.005478228871662425
S2_R6_ATC_M3_AL24477_C0_RAD_MONO_EPD3,S2_R6_ATC_M3_AL24477_C0_RAD_EPD3,ATC_M3_AL24477,C0,RAD,3.0,MONO,-3.625,0.007550979394717642
S2_R6_ATC_M3_AL24477_C0_RAD_MONO_EPD3,S2_R6_ATC_M3_AL24477_C0_RAD_EPD3,ATC_M3_AL24477,C0,RAD,3.0,MONO,-3.75,0.002309180889906593
S2_R6_ATC_M3_AL24477_C0_RAD_MONO_EPD3,S2_R6_ATC_M3_AL24477_C0_RAD_EPD3,ATC_M3_AL24477,C0,RAD,3.0,MONO,-3.875,0.006458822534956818
S2_R6_ATC_M3_AL24477_C0_RAD_MONO_EPD3,S2_R6_ATC_M3_AL24477_C0_RAD_EPD3,ATC_M3_AL24477,C0,RAD,3.0,MONO,-4.0,2.259462329463902e-05
S2_R6_ATC_M3_AL24477_C0_RAD_MONO_EPD3,S2_R6_ATC_M3_AL24477_C0_RAD_EPD3,ATC_M3_AL24477,C0,RAD,3.0,MONO,-4.125,0.006041392322559853
S2_R6_ATC_M3_AL24477_C0_RAD_MONO_EPD3,S2_R6_ATC_M3_AL24477_C0_RAD_EPD3,ATC_M3_AL24477,C0,RAD,3.0,MONO,-4.25,0.0012880255589333318
S2_R6_ATC_M3_AL24477_C0_RAD_MONO_EPD3,S2_R6_ATC_M3_AL24477_C0_RAD_EPD3,ATC_M3_AL24477,C0,RAD,3.0,MONO,-4.375,0.005817177522602477
S2_R6_ATC_M3_AL24477_C0_RAD_MONO_EPD3,S2_R6_ATC_M3_AL24477_C0_RAD_EPD3,ATC_M3_AL24477,C0,RAD,3.0,MONO,-4.5,0.0015191521357157995
S2_R6_ATC_M3_AL24477_C0_RAD_MONO_EPD3,S2_R6_ATC_M3_AL24477_C0_RAD_EPD3,ATC_M3_AL24477,C0,RAD,3.0,MONO,-4.625,0.004839076956992434
S2_R6_ATC_M3_AL24477_C0_RAD_MONO_EPD3,S2_R6_ATC_M3_AL24477_C0_RAD_EPD3,ATC_M3_AL24477,C0,RAD,3.0,MONO,-4.75,0.0018521786383472504
S2_R6_ATC_M3_AL24477_C0_RAD_MONO_EPD3,S2_R6_ATC_M3_AL24477_C0_RAD_EPD3,ATC_M3_AL24477,C0,RAD,3.0,MONO,-4.875,0.003941240283094175
S2_R6_ATC_M3_AL24477_C0_RAD_MONO_EPD3,S2_R6_ATC_M3_AL24477_C0_RAD_EPD3,ATC_M3_AL24477,C0,RAD,3.0,MONO,-5.0,0.001743354607039422
S2_R6_ATC_M3_AL24477_C0_RAD_EDOF_EPD3,S2_R6_ATC_M3_AL24477_C0_RAD_EPD3,ATC_M3_AL24477,C0,RAD,3.0,EDOF,1.0,0.0012927897989259893
S2_R6_ATC_M3_AL24477_C0_RAD_EDOF_EPD3,S2_R6_ATC_M3_AL24477_C0_RAD_EPD3,ATC_M3_AL24477,C0,RAD,3.0,EDOF,0.875,0.001604519568570665
S2_R6_ATC_M3_AL24477_C0_RAD_EDOF_EPD3,S2_R6_ATC_M3_AL24477_C0_RAD_EPD3,ATC_M3_AL24477,C0,RAD,3.0,EDOF,0.75,0.005707032847222819
S2_R6_ATC_M3_AL24477_C0_RAD_EDOF_EPD3,S2_R6_ATC_M3_AL24477_C0_RAD_EPD3,ATC_M3_AL24477,C0,RAD,3.0,EDOF,0.625,0.0014069605990066924
S2_R6_ATC_M3_AL24477_C0_RAD_EDOF_EPD3,S2_R6_ATC_M3_AL24477_C0_RAD_EPD3,ATC_M3_AL24477,C0,RAD,3.0,EDOF,0.5,0.011876577996883596
S2_R6_ATC_M3_AL24477_C0_RAD_EDOF_EPD3,S2_R6_ATC_M3_AL24477_C0_RAD_EPD3,ATC_M3_AL24477,C0,RAD,3.0,EDOF,0.375,0.0013612257886917462
S2_R6_ATC_M3_AL24477_C0_RAD_EDOF_EPD3,S2_R6_ATC_M3_AL24477_C0_RAD_EPD3,ATC_M3_AL24477,C0,RAD,3.0,EDOF,0.25,0.02194676568641661
S2_R6_ATC_M3_AL24477_C0_RAD_EDOF_EPD3,S2_R6_ATC_M3_AL24477_C0_RAD_EPD3,ATC_M3_AL24477,C0,RAD,3.0,EDOF,0.125,0.0008534019125428236
S2_R6_ATC_M3_AL24477_C0_RAD_EDOF_EPD3,S2_R6_ATC_M3_AL24477_C0_RAD_EPD3,ATC_M3_AL24477,C0,RAD,3.0,EDOF,0.0,0.03937415870392743
S2_R6_ATC_M3_AL24477_C0_RAD_EDOF_EPD3,S2_R6_ATC_M3_AL24477_C0_RAD_EPD3,ATC_M3_AL24477,C0,RAD,3.0,EDOF,-0.125,0.016297473030660672
S2_R6_ATC_M3_AL24477_C0_RAD_EDOF_EPD3,S2_R6_ATC_M3_AL24477_C0_RAD_EPD3,ATC_M3_AL24477,C0,RAD,3.0,EDOF,-0.25,0.05574501216424346
S2_R6_ATC_M3_AL24477_C0_RAD_EDOF_EPD3,S2_R6_ATC_M3_AL24477_C0_RAD_EPD3,ATC_M3_AL24477,C0,RAD,3.0,EDOF,-0.375,0.05124177676148162
S2_R6_ATC_M3_AL24477_C0_RAD_EDOF_EPD3,S2_R6_ATC_M3_AL24477_C0_RAD_EPD3,ATC_M3_AL24477,C0,RAD,3.0,EDOF,-0.5,0.044943429953210955
S2_R6_ATC_M3_AL24477_C0_RAD_EDOF_EPD3,S2_R6_ATC_M3_AL24477_C0_RAD_EPD3,ATC_M3_AL24477,C0,RAD,3.0,EDOF,-0.625,0.060134776621856706
S2_R6_ATC_M3_AL24477_C0_RAD_EDOF_EPD3,S2_R6_ATC_M3_AL24477_C0_RAD_EPD3,ATC_M3_AL24477,C0,RAD,3.0,EDOF,-0.75,0.09908734871518683
S2_R6_ATC_M3_AL24477_C0_RAD_EDOF_EPD3,S2_R6_ATC_M3_AL24477_C0_RAD_EPD3,ATC_M3_AL24477,C0,RAD,3.0,EDOF,-0.875,0.2521659246556145
S2_R6_ATC_M3_AL24477_C0_RAD_EDOF_EPD3,S2_R6_ATC_M3_AL24477_C0_RAD_EPD3,ATC_M3_AL24477,C0,RAD,3.0,EDOF,-1.0,0.2011339659958315
S2_R6_ATC_M3_AL24477_C0_RAD_EDOF_EPD3,S2_R6_ATC_M3_AL24477_C0_RAD_EPD3,ATC_M3_AL24477,C0,RAD,3.0,EDOF,-1.125,0.05419297605027738
S2_R6_ATC_M3_AL24477_C0_RAD_EDOF_EPD3,S2_R6_ATC_M3_AL24477_C0_RAD_EPD3,ATC_M3_AL24477,C0,RAD,3.0,EDOF,-1.25,0.06304633429587866
S2_R6_ATC_M3_AL24477_C0_RAD_EDOF_EPD3,S2_R6_ATC_M3_AL24477_C0_RAD_EPD3,ATC_M3_AL24477,C0,RAD,3.0,EDOF,-1.375,0.22542498971015262
S2_R6_ATC_M3_AL24477_C0_RAD_EDOF_EPD3,S2_R6_ATC_M3_AL24477_C0_RAD_EPD3,ATC_M3_AL24477,C0,RAD,3.0,EDOF,-1.5,0.2963510394468878
S2_R6_ATC_M3_AL24477_C0_RAD_EDOF_EPD3,S2_R6_ATC_M3_AL24477_C0_RAD_EPD3,ATC_M3_AL24477,C0,RAD,3.0,EDOF,-1.625,0.1703286373813746
S2_R6_ATC_M3_AL24477_C0_RAD_EDOF_EPD3,S2_R6_ATC_M3_AL24477_C0_RAD_EPD3,ATC_M3_AL24477,C0,RAD,3.0,EDOF,-1.75,0.0077750897919329955
S2_R6_ATC_M3_AL24477_C0_RAD_EDOF_EPD3,S2_R6_ATC_M3_AL24477_C0_RAD_EPD3,ATC_M3_AL24477,C0,RAD,3.0,EDOF,-1.875,0.03985945625109938
S2_R6_ATC_M3_AL24477_C0_RAD_EDOF_EPD3,S2_R6_ATC_M3_AL24477_C0_RAD_EPD3,ATC_M3_AL24477,C0,RAD,3.0,EDOF,-2.0,0.016069005728472974
S2_R6_ATC_M3_AL24477_C0_RAD_EDOF_EPD3,S2_R6_ATC_M3_AL24477_C0_RAD_EPD3,ATC_M3_AL24477,C0,RAD,3.0,EDOF,-2.125,0.012128206256128333
S2_R6_ATC_M3_AL24477_C0_RAD_EDOF_EPD3,S2_R6_ATC_M3_AL24477_C0_RAD_EPD3,ATC_M3_AL24477,C0,RAD,3.0,EDOF,-2.25,0.019388032526393317
S2_R6_ATC_M3_AL24477_C0_RAD_EDOF_EPD3,S2_R6_ATC_M3_AL24477_C0_RAD_EPD3,ATC_M3_AL24477,C0,RAD,3.0,EDOF,-2.375,0.0011260406918427294
S2_R6_ATC_M3_AL24477_C0_RAD_EDOF_EPD3,S2_R6_ATC_M3_AL24477_C0_RAD_EPD3,ATC_M3_AL24477,C0,RAD,3.0,EDOF,-2.5,0.021923840540588675
S2_R6_ATC_M3_AL24477_C0_RAD_EDOF_EPD3,S2_R6_ATC_M3_AL24477_C0_RAD_EPD3,ATC_M3_AL24477,C0,RAD,3.0,EDOF,-2.625,0.02603714549670101
S2_R6_ATC_M3_AL24477_C0_RAD_EDOF_EPD3,S2_R6_ATC_M3_AL24477_C0_RAD_EPD3,ATC_M3_AL24477,C0,RAD,3.0,EDOF,-2.75,0.027777727751717024
S2_R6_ATC_M3_AL24477_C0_RAD_EDOF_EPD3,S2_R6_ATC_M3_AL24477_C0_RAD_EPD3,ATC_M3_AL24477,C0,RAD,3.0,EDOF,-2.875,0.03190873886938636
S2_R6_ATC_M3_AL24477_C0_RAD_EDOF_EPD3,S2_R6_ATC_M3_AL24477_C0_RAD_EPD3,ATC_M3_AL24477,C0,RAD,3.0,EDOF,-3.0,0.014730071446798138
S2_R6_ATC_M3_AL24477_C0_RAD_EDOF_EPD3,S2_R6_ATC_M3_AL24477_C0_RAD_EPD3,ATC_M3_AL24477,C0,RAD,3.0,EDOF,-3.125,0.016724067458971398
S2_R6_ATC_M3_AL24477_C0_RAD_EDOF_EPD3,S2_R6_ATC_M3_AL24477_C0_RAD_EPD3,ATC_M3_AL24477,C0,RAD,3.0,EDOF,-3.25,0.02199998317886131
S2_R6_ATC_M3_AL24477_C0_RAD_EDOF_EPD3,S2_R6_ATC_M3_AL24477_C0_RAD_EPD3,ATC_M3_AL24477,C0,RAD,3.0,EDOF,-3.375,0.004194278753105075
S2_R6_ATC_M3_AL24477_C0_RAD_EDOF_EPD3,S2_R6_ATC_M3_AL24477_C0_RAD_EPD3,ATC_M3_AL24477,C0,RAD,3.0,EDOF,-3.5,0.02390393738096569
S2_R6_ATC_M3_AL24477_C0_RAD_EDOF_EPD3,S2_R6_ATC_M3_AL24477_C0_RAD_EPD3,ATC_M3_AL24477,C0,RAD,3.0,EDOF,-3.625,0.019082685022891448
S2_R6_ATC_M3_AL24477_C0_RAD_EDOF_EPD3,S2_R6_ATC_M3_AL24477_C0_RAD_EPD3,ATC_M3_AL24477,C0,RAD,3.0,EDOF,-3.75,0.0068201056269708935
S2_R6_ATC_M3_AL24477_C0_RAD_EDOF_EPD3,S2_R6_ATC_M3_AL24477_C0_RAD_EPD3,ATC_M3_AL24477,C0,RAD,3.0,EDOF,-3.875,0.0016337598929590026
S2_R6_ATC_M3_AL24477_C0_RAD_EDOF_EPD3,S2_R6_ATC_M3_AL24477_C0_RAD_EPD3,ATC_M3_AL24477,C0,RAD,3.0,EDOF,-4.0,0.008851990411123015
S2_R6_ATC_M3_AL24477_C0_RAD_EDOF_EPD3,S2_R6_ATC_M3_AL24477_C0_RAD_EPD3,ATC_M3_AL24477,C0,RAD,3.0,EDOF,-4.125,0.009128961695200444
S2_R6_ATC_M3_AL24477_C0_RAD_EDOF_EPD3,S2_R6_ATC_M3_AL24477_C0_RAD_EPD3,ATC_M3_AL24477,C0,RAD,3.0,EDOF,-4.25,0.0015138965097935709
S2_R6_ATC_M3_AL24477_C0_RAD_EDOF_EPD3,S2_R6_ATC_M3_AL24477_C0_RAD_EPD3,ATC_M3_AL24477,C0,RAD,3.0,EDOF,-4.375,0.009250994309546234
S2_R6_ATC_M3_AL24477_C0_RAD_EDOF_EPD3,S2_R6_ATC_M3_AL24477_C0_RAD_EPD3,ATC_M3_AL24477,C0,RAD,3.0,EDOF,-4.5,0.005709785962808561
S2_R6_ATC_M3_AL24477_C0_RAD_EDOF_EPD3,S2_R6_ATC_M3_AL24477_C0_RAD_EPD3,ATC_M3_AL24477,C0,RAD,3.0,EDOF,-4.625,0.004894340271994174
S2_R6_ATC_M3_AL24477_C0_RAD_EDOF_EPD3,S2_R6_ATC_M3_AL24477_C0_RAD_EPD3,ATC_M3_AL24477,C0,RAD,3.0,EDOF,-4.75,0.014867706849759445
S2_R6_ATC_M3_AL24477_C0_RAD_EDOF_EPD3,S2_R6_ATC_M3_AL24477_C0_RAD_EPD3,ATC_M3_AL24477,C0,RAD,3.0,EDOF,-4.875,0.01985958775038707
S2_R6_ATC_M3_AL24477_C0_RAD_EDOF_EPD3,S2_R6_ATC_M3_AL24477_C0_RAD_EPD3,ATC_M3_AL24477,C0,RAD,3.0,EDOF,-5.0,0.009959241592756261
S2_R6_ATC_M3_AL24477_C0_RAD_MONO_EPD5,S2_R6_ATC_M3_AL24477_C0_RAD_EPD5,ATC_M3_AL24477,C0,RAD,5.0,MONO,1.0,0.00522284690125384
S2_R6_ATC_M3_AL24477_C0_RAD_MONO_EPD5,S2_R6_ATC_M3_AL24477_C0_RAD_EPD5,ATC_M3_AL24477,C0,RAD,5.0,MONO,0.875,0.002206577063256441
S2_R6_ATC_M3_AL24477_C0_RAD_MONO_EPD5,S2_R6_ATC_M3_AL24477_C0_RAD_EPD5,ATC_M3_AL24477,C0,RAD,5.0,MONO,0.75,0.01723422918242353
S2_R6_ATC_M3_AL24477_C0_RAD_MONO_EPD5,S2_R6_ATC_M3_AL24477_C0_RAD_EPD5,ATC_M3_AL24477,C0,RAD,5.0,MONO,0.625,0.022475142321878562
S2_R6_ATC_M3_AL24477_C0_RAD_MONO_EPD5,S2_R6_ATC_M3_AL24477_C0_RAD_EPD5,ATC_M3_AL24477,C0,RAD,5.0,MONO,0.5,0.014249534585027021
S2_R6_ATC_M3_AL24477_C0_RAD_MONO_EPD5,S2_R6_ATC_M3_AL24477_C0_RAD_EPD5,ATC_M3_AL24477,C0,RAD,5.0,MONO,0.375,0.0015845943646758294
S2_R6_ATC_M3_AL24477_C0_RAD_MONO_EPD5,S2_R6_ATC_M3_AL24477_C0_RAD_EPD5,ATC_M3_AL24477,C0,RAD,5.0,MONO,0.25,0.004878518940733404
S2_R6_ATC_M3_AL24477_C0_RAD_MONO_EPD5,S2_R6_ATC_M3_AL24477_C0_RAD_EPD5,ATC_M3_AL24477,C0,RAD,5.0,MONO,0.125,0.008262264295727241
S2_R6_ATC_M3_AL24477_C0_RAD_MONO_EPD5,S2_R6_ATC_M3_AL24477_C0_RAD_EPD5,ATC_M3_AL24477,C0,RAD,5.0,MONO,0.0,0.02551212490724978
S2_R6_ATC_M3_AL24477_C0_RAD_MONO_EPD5,S2_R6_ATC_M3_AL24477_C0_RAD_EPD5,ATC_M3_AL24477,C0,RAD,5.0,MONO,-0.125,0.013695984236535029
S2_R6_ATC_M3_AL24477_C0_RAD_MONO_EPD5,S2_R6_ATC_M3_AL24477_C0_RAD_EPD5,ATC_M3_AL24477,C0,RAD,5.0,MONO,-0.25,0.021875214278217425
S2_R6_ATC_M3_AL24477_C0_RAD_MONO_EPD5,S2_R6_ATC_M3_AL24477_C0_RAD_EPD5,ATC_M3_AL24477,C0,RAD,5.0,MONO,-0.375,0.1376153449483009
S2_R6_ATC_M3_AL24477_C0_RAD_MONO_EPD5,S2_R6_ATC_M3_AL24477_C0_RAD_EPD5,ATC_M3_AL24477,C0,RAD,5.0,MONO,-0.5,0.1377936557077476
S2_R6_ATC_M3_AL24477_C0_RAD_MONO_EPD5,S2_R6_ATC_M3_AL24477_C0_RAD_EPD5,ATC_M3_AL24477,C0,RAD,5.0,MONO,-0.625,0.02752763172643702
S2_R6_ATC_M3_AL24477_C0_RAD_MONO_EPD5,S2_R6_ATC_M3_AL24477_C0_RAD_EPD5,ATC_M3_AL24477,C0,RAD,5.0,MONO,-0.75,0.05106972780011608
S2_R6_ATC_M3_AL24477_C0_RAD_MONO_EPD5,S2_R6_ATC_M3_AL24477_C0_RAD_EPD5,ATC_M3_AL24477,C0,RAD,5.0,MONO,-0.875,0.02200033579616589
S2_R6_ATC_M3_AL24477_C0_RAD_MONO_EPD5,S2_R6_ATC_M3_AL24477_C0_RAD_EPD5,ATC_M3_AL24477,C0,RAD,5.0,MONO,-1.0,0.012612753206300828
S2_R6_ATC_M3_AL24477_C0_RAD_MONO_EPD5,S2_R6_ATC_M3_AL24477_C0_RAD_EPD5,ATC_M3_AL24477,C0,RAD,5.0,MONO,-1.125,0.015869372400863543
S2_R6_ATC_M3_AL24477_C0_RAD_MONO_EPD5,S2_R6_ATC_M3_AL24477_C0_RAD_EPD5,ATC_M3_AL24477,C0,RAD,5.0,MONO,-1.25,0.03872311708779584
S2_R6_ATC_M3_AL24477_C0_RAD_MONO_EPD5,S2_R6_ATC_M3_AL24477_C0_RAD_EPD5,ATC_M3_AL24477,C0,RAD,5.0,MONO,-1.375,0.0035793019494513413
S2_R6_ATC_M3_AL24477_C0_RAD_MONO_EPD5,S2_R6_ATC_M3_AL24477_C0_RAD_EPD5,ATC_M3_AL24477,C0,RAD,5.0,MONO,-1.5,0.007599575117089525
S2_R6_ATC_M3_AL24477_C0_RAD_MONO_EPD5,S2_R6_ATC_M3_AL24477_C0_RAD_EPD5,ATC_M3_AL24477,C0,RAD,5.0,MONO,-1.625,0.14318050648438027
S2_R6_ATC_M3_AL24477_C0_RAD_MONO_EPD5,S2_R6_ATC_M3_AL24477_C0_RAD_EPD5,ATC_M3_AL24477,C0,RAD,5.0,MONO,-1.75,0.2701161556030368
S2_R6_ATC_M3_AL24477_C0_RAD_MONO_EPD5,S2_R6_ATC_M3_AL24477_C0_RAD_EPD5,ATC_M3_AL24477,C0,RAD,5.0,MONO,-1.875,0.21114277681297194
S2_R6_ATC_M3_AL24477_C0_RAD_MONO_EPD5,S2_R6_ATC_M3_AL24477_C0_RAD_EPD5,ATC_M3_AL24477,C0,RAD,5.0,MONO,-2.0,0.04788153761169318
S2_R6_ATC_M3_AL24477_C0_RAD_MONO_EPD5,S2_R6_ATC_M3_AL24477_C0_RAD_EPD5,ATC_M3_AL24477,C0,RAD,5.0,MONO,-2.125,0.0341097063137658
S2_R6_ATC_M3_AL24477_C0_RAD_MONO_EPD5,S2_R6_ATC_M3_AL24477_C0_RAD_EPD5,ATC_M3_AL24477,C0,RAD,5.0,MONO,-2.25,0.013177637310417739
S2_R6_ATC_M3_AL24477_C0_RAD_MONO_EPD5,S2_R6_ATC_M3_AL24477_C0_RAD_EPD5,ATC_M3_AL24477,C0,RAD,5.0,MONO,-2.375,0.012064121813109265
S2_R6_ATC_M3_AL24477_C0_RAD_MONO_EPD5,S2_R6_ATC_M3_AL24477_C0_RAD_EPD5,ATC_M3_AL24477,C0,RAD,5.0,MONO,-2.5,0.0048326518559335995
S2_R6_ATC_M3_AL24477_C0_RAD_MONO_EPD5,S2_R6_ATC_M3_AL24477_C0_RAD_EPD5,ATC_M3_AL24477,C0,RAD,5.0,MONO,-2.625,0.006002417821510206
S2_R6_ATC_M3_AL24477_C0_RAD_MONO_EPD5,S2_R6_ATC_M3_AL24477_C0_RAD_EPD5,ATC_M3_AL24477,C0,RAD,5.0,MONO,-2.75,0.00026759636647252826
S2_R6_ATC_M3_AL24477_C0_RAD_MONO_EPD5,S2_R6_ATC_M3_AL24477_C0_RAD_EPD5,ATC_M3_AL24477,C0,RAD,5.0,MONO,-2.875,0.000727534119979065
S2_R6_ATC_M3_AL24477_C0_RAD_MONO_EPD5,S2_R6_ATC_M3_AL24477_C0_RAD_EPD5,ATC_M3_AL24477,C0,RAD,5.0,MONO,-3.0,1.0489970206952566e-05
S2_R6_ATC_M3_AL24477_C0_RAD_MONO_EPD5,S2_R6_ATC_M3_AL24477_C0_RAD_EPD5,ATC_M3_AL24477,C0,RAD,5.0,MONO,-3.125,0.001718972692325519
S2_R6_ATC_M3_AL24477_C0_RAD_MONO_EPD5,S2_R6_ATC_M3_AL24477_C0_RAD_EPD5,ATC_M3_AL24477,C0,RAD,5.0,MONO,-3.25,0.0009242452751012584
S2_R6_ATC_M3_AL24477_C0_RAD_MONO_EPD5,S2_R6_ATC_M3_AL24477_C0_RAD_EPD5,ATC_M3_AL24477,C0,RAD,5.0,MONO,-3.375,0.0007916990013229525
S2_R6_ATC_M3_AL24477_C0_RAD_MONO_EPD5,S2_R6_ATC_M3_AL24477_C0_RAD_EPD5,ATC_M3_AL24477,C0,RAD,5.0,MONO,-3.5,0.0009287407241716616
S2_R6_ATC_M3_AL24477_C0_RAD_MONO_EPD5,S2_R6_ATC_M3_AL24477_C0_RAD_EPD5,ATC_M3_AL24477,C0,RAD,5.0,MONO,-3.625,0.0015288879384371301
S2_R6_ATC_M3_AL24477_C0_RAD_MONO_EPD5,S2_R6_ATC_M3_AL24477_C0_RAD_EPD5,ATC_M3_AL24477,C0,RAD,5.0,MONO,-3.75,0.0014660929490021484
S2_R6_ATC_M3_AL24477_C0_RAD_MONO_EPD5,S2_R6_ATC_M3_AL24477_C0_RAD_EPD5,ATC_M3_AL24477,C0,RAD,5.0,MONO,-3.875,0.001780650582731355
S2_R6_ATC_M3_AL24477_C0_RAD_MONO_EPD5,S2_R6_ATC_M3_AL24477_C0_RAD_EPD5,ATC_M3_AL24477,C0,RAD,5.0,MONO,-4.0,0.0015586759303651485
S2_R6_ATC_M3_AL24477_C0_RAD_MONO_EPD5,S2_R6_ATC_M3_AL24477_C0_RAD_EPD5,ATC_M3_AL24477,C0,RAD,5.0,MONO,-4.125,0.00011744341605214706
S2_R6_ATC_M3_AL24477_C0_RAD_MONO_EPD5,S2_R6_ATC_M3_AL24477_C0_RAD_EPD5,ATC_M3_AL24477,C0,RAD,5.0,MONO,-4.25,0.0015761985764851723
S2_R6_ATC_M3_AL24477_C0_RAD_MONO_EPD5,S2_R6_ATC_M3_AL24477_C0_RAD_EPD5,ATC_M3_AL24477,C0,RAD,5.0,MONO,-4.375,0.0005335516344054021
S2_R6_ATC_M3_AL24477_C0_RAD_MONO_EPD5,S2_R6_ATC_M3_AL24477_C0_RAD_EPD5,ATC_M3_AL24477,C0,RAD,5.0,MONO,-4.5,0.0008107975690696868
S2_R6_ATC_M3_AL24477_C0_RAD_MONO_EPD5,S2_R6_ATC_M3_AL24477_C0_RAD_EPD5,ATC_M3_AL24477,C0,RAD,5.0,MONO,-4.625,0.0002420354974377301
S2_R6_ATC_M3_AL24477_C0_RAD_MONO_EPD5,S2_R6_ATC_M3_AL24477_C0_RAD_EPD5,ATC_M3_AL24477,C0,RAD,5.0,MONO,-4.75,0.001200308780146125
S2_R6_ATC_M3_AL24477_C0_RAD_MONO_EPD5,S2_R6_ATC_M3_AL24477_C0_RAD_EPD5,ATC_M3_AL24477,C0,RAD,5.0,MONO,-4.875,0.0003177553407328653
S2_R6_ATC_M3_AL24477_C0_RAD_MONO_EPD5,S2_R6_ATC_M3_AL24477_C0_RAD_EPD5,ATC_M3_AL24477,C0,RAD,5.0,MONO,-5.0,0.0013511053494517525
S2_R6_ATC_M3_AL24477_C0_RAD_EDOF_EPD5,S2_R6_ATC_M3_AL24477_C0_RAD_EPD5,ATC_M3_AL24477,C0,RAD,5.0,EDOF,1.0,0.00818343631085032
S2_R6_ATC_M3_AL24477_C0_RAD_EDOF_EPD5,S2_R6_ATC_M3_AL24477_C0_RAD_EPD5,ATC_M3_AL24477,C0,RAD,5.0,EDOF,0.875,0.01705555748810922
S2_R6_ATC_M3_AL24477_C0_RAD_EDOF_EPD5,S2_R6_ATC_M3_AL24477_C0_RAD_EPD5,ATC_M3_AL24477,C0,RAD,5.0,EDOF,0.75,0.028674326433388082
S2_R6_ATC_M3_AL24477_C0_RAD_EDOF_EPD5,S2_R6_ATC_M3_AL24477_C0_RAD_EPD5,ATC_M3_AL24477,C0,RAD,5.0,EDOF,0.625,0.03056175292580322
S2_R6_ATC_M3_AL24477_C0_RAD_EDOF_EPD5,S2_R6_ATC_M3_AL24477_C0_RAD_EPD5,ATC_M3_AL24477,C0,RAD,5.0,EDOF,0.5,0.02690989516010763
S2_R6_ATC_M3_AL24477_C0_RAD_EDOF_EPD5,S2_R6_ATC_M3_AL24477_C0_RAD_EPD5,ATC_M3_AL24477,C0,RAD,5.0,EDOF,0.375,0.03253257983884169
S2_R6_ATC_M3_AL24477_C0_RAD_EDOF_EPD5,S2_R6_ATC_M3_AL24477_C0_RAD_EPD5,ATC_M3_AL24477,C0,RAD,5.0,EDOF,0.25,0.04530489170202673
S2_R6_ATC_M3_AL24477_C0_RAD_EDOF_EPD5,S2_R6_ATC_M3_AL24477_C0_RAD_EPD5,ATC_M3_AL24477,C0,RAD,5.0,EDOF,0.125,0.029272098604227144
S2_R6_ATC_M3_AL24477_C0_RAD_EDOF_EPD5,S2_R6_ATC_M3_AL24477_C0_RAD_EPD5,ATC_M3_AL24477,C0,RAD,5.0,EDOF,0.0,0.00435215126132727
S2_R6_ATC_M3_AL24477_C0_RAD_EDOF_EPD5,S2_R6_ATC_M3_AL24477_C0_RAD_EPD5,ATC_M3_AL24477,C0,RAD,5.0,EDOF,-0.125,0.02394292854530912
S2_R6_ATC_M3_AL24477_C0_RAD_EDOF_EPD5,S2_R6_ATC_M3_AL24477_C0_RAD_EPD5,ATC_M3_AL24477,C0,RAD,5.0,EDOF,-0.25,0.004981714274775225
S2_R6_ATC_M3_AL24477_C0_RAD_EDOF_EPD5,S2_R6_ATC_M3_AL24477_C0_RAD_EPD5,ATC_M3_AL24477,C0,RAD,5.0,EDOF,-0.375,0.16708392306482428
S2_R6_ATC_M3_AL24477_C0_RAD_EDOF_EPD5,S2_R6_ATC_M3_AL24477_C0_RAD_EPD5,ATC_M3_AL24477,C0,RAD,5.0,EDOF,-0.5,0.14479928025798156
S2_R6_ATC_M3_AL24477_C0_RAD_EDOF_EPD5,S2_R6_ATC_M3_AL24477_C0_RAD_EPD5,ATC_M3_AL24477,C0,RAD,5.0,EDOF,-0.625,0.05889020246518162
S2_R6_ATC_M3_AL24477_C0_RAD_EDOF_EPD5,S2_R6_ATC_M3_AL24477_C0_RAD_EPD5,ATC_M3_AL24477,C0,RAD,5.0,EDOF,-0.75,0.02399659177122286
S2_R6_ATC_M3_AL24477_C0_RAD_EDOF_EPD5,S2_R6_ATC_M3_AL24477_C0_RAD_EPD5,ATC_M3_AL24477,C0,RAD,5.0,EDOF,-0.875,0.11654870934384108
S2_R6_ATC_M3_AL24477_C0_RAD_EDOF_EPD5,S2_R6_ATC_M3_AL24477_C0_RAD_EPD5,ATC_M3_AL24477,C0,RAD,5.0,EDOF,-1.0,0.13460438712150058
S2_R6_ATC_M3_AL24477_C0_RAD_EDOF_EPD5,S2_R6_ATC_M3_AL24477_C0_RAD_EPD5,ATC_M3_AL24477,C0,RAD,5.0,EDOF,-1.125,0.036761638945442474
S2_R6_ATC_M3_AL24477_C0_RAD_EDOF_EPD5,S2_R6_ATC_M3_AL24477_C0_RAD_EPD5,ATC_M3_AL24477,C0,RAD,5.0,EDOF,-1.25,0.03217617478376107
S2_R6_ATC_M3_AL24477_C0_RAD_EDOF_EPD5,S2_R6_ATC_M3_AL24477_C0_RAD_EPD5,ATC_M3_AL24477,C0,RAD,5.0,EDOF,-1.375,0.13176867183567112
S2_R6_ATC_M3_AL24477_C0_RAD_EDOF_EPD5,S2_R6_ATC_M3_AL24477_C0_RAD_EPD5,ATC_M3_AL24477,C0,RAD,5.0,EDOF,-1.5,0.11207335952658401
S2_R6_ATC_M3_AL24477_C0_RAD_EDOF_EPD5,S2_R6_ATC_M3_AL24477_C0_RAD_EPD5,ATC_M3_AL24477,C0,RAD,5.0,EDOF,-1.625,0.03202792484246737
S2_R6_ATC_M3_AL24477_C0_RAD_EDOF_EPD5,S2_R6_ATC_M3_AL24477_C0_RAD_EPD5,ATC_M3_AL24477,C0,RAD,5.0,EDOF,-1.75,0.0013273655787107478
S2_R6_ATC_M3_AL24477_C0_RAD_EDOF_EPD5,S2_R6_ATC_M3_AL24477_C0_RAD_EPD5,ATC_M3_AL24477,C0,RAD,5.0,EDOF,-1.875,0.011429071239660157
S2_R6_ATC_M3_AL24477_C0_RAD_EDOF_EPD5,S2_R6_ATC_M3_AL24477_C0_RAD_EPD5,ATC_M3_AL24477,C0,RAD,5.0,EDOF,-2.0,0.0033707565191241204
S2_R6_ATC_M3_AL24477_C0_RAD_EDOF_EPD5,S2_R6_ATC_M3_AL24477_C0_RAD_EPD5,ATC_M3_AL24477,C0,RAD,5.0,EDOF,-2.125,0.02274727867270593
S2_R6_ATC_M3_AL24477_C0_RAD_EDOF_EPD5,S2_R6_ATC_M3_AL24477_C0_RAD_EPD5,ATC_M3_AL24477,C0,RAD,5.0,EDOF,-2.25,0.002921715920793688
S2_R6_ATC_M3_AL24477_C0_RAD_EDOF_EPD5,S2_R6_ATC_M3_AL24477_C0_RAD_EPD5,ATC_M3_AL24477,C0,RAD,5.0,EDOF,-2.375,0.008866733896241251
S2_R6_ATC_M3_AL24477_C0_RAD_EDOF_EPD5,S2_R6_ATC_M3_AL24477_C0_RAD_EPD5,ATC_M3_AL24477,C0,RAD,5.0,EDOF,-2.5,0.0018496274302241182
S2_R6_ATC_M3_AL24477_C0_RAD_EDOF_EPD5,S2_R6_ATC_M3_AL24477_C0_RAD_EPD5,ATC_M3_AL24477,C0,RAD,5.0,EDOF,-2.625,0.002147464841644876
S2_R6_ATC_M3_AL24477_C0_RAD_EDOF_EPD5,S2_R6_ATC_M3_AL24477_C0_RAD_EPD5,ATC_M3_AL24477,C0,RAD,5.0,EDOF,-2.75,0.017854964352000575
S2_R6_ATC_M3_AL24477_C0_RAD_EDOF_EPD5,S2_R6_ATC_M3_AL24477_C0_RAD_EPD5,ATC_M3_AL24477,C0,RAD,5.0,EDOF,-2.875,0.01401678407153234
S2_R6_ATC_M3_AL24477_C0_RAD_EDOF_EPD5,S2_R6_ATC_M3_AL24477_C0_RAD_EPD5,ATC_M3_AL24477,C0,RAD,5.0,EDOF,-3.0,0.0014266378944069965
S2_R6_ATC_M3_AL24477_C0_RAD_EDOF_EPD5,S2_R6_ATC_M3_AL24477_C0_RAD_EPD5,ATC_M3_AL24477,C0,RAD,5.0,EDOF,-3.125,0.003977232562638913
S2_R6_ATC_M3_AL24477_C0_RAD_EDOF_EPD5,S2_R6_ATC_M3_AL24477_C0_RAD_EPD5,ATC_M3_AL24477,C0,RAD,5.0,EDOF,-3.25,0.0018240130979940714
S2_R6_ATC_M3_AL24477_C0_RAD_EDOF_EPD5,S2_R6_ATC_M3_AL24477_C0_RAD_EPD5,ATC_M3_AL24477,C0,RAD,5.0,EDOF,-3.375,0.002116859976893699
S2_R6_ATC_M3_AL24477_C0_RAD_EDOF_EPD5,S2_R6_ATC_M3_AL24477_C0_RAD_EPD5,ATC_M3_AL24477,C0,RAD,5.0,EDOF,-3.5,0.005927850902424512
S2_R6_ATC_M3_AL24477_C0_RAD_EDOF_EPD5,S2_R6_ATC_M3_AL24477_C0_RAD_EPD5,ATC_M3_AL24477,C0,RAD,5.0,EDOF,-3.625,0.00803245254650246
S2_R6_ATC_M3_AL24477_C0_RAD_EDOF_EPD5,S2_R6_ATC_M3_AL24477_C0_RAD_EPD5,ATC_M3_AL24477,C0,RAD,5.0,EDOF,-3.75,0.006172819227701322
S2_R6_ATC_M3_AL24477_C0_RAD_EDOF_EPD5,S2_R6_ATC_M3_AL24477_C0_RAD_EPD5,ATC_M3_AL24477,C0,RAD,5.0,EDOF,-3.875,0.004513424289682334
S2_R6_ATC_M3_AL24477_C0_RAD_EDOF_EPD5,S2_R6_ATC_M3_AL24477_C0_RAD_EPD5,ATC_M3_AL24477,C0,RAD,5.0,EDOF,-4.0,0.0035851156718691704
S2_R6_ATC_M3_AL24477_C0_RAD_EDOF_EPD5,S2_R6_ATC_M3_AL24477_C0_RAD_EPD5,ATC_M3_AL24477,C0,RAD,5.0,EDOF,-4.125,0.00038000823415478273
S2_R6_ATC_M3_AL24477_C0_RAD_EDOF_EPD5,S2_R6_ATC_M3_AL24477_C0_RAD_EPD5,ATC_M3_AL24477,C0,RAD,5.0,EDOF,-4.25,0.002337149746159386
S2_R6_ATC_M3_AL24477_C0_RAD_EDOF_EPD5,S2_R6_ATC_M3_AL24477_C0_RAD_EPD5,ATC_M3_AL24477,C0,RAD,5.0,EDOF,-4.375,0.002665355649094886
S2_R6_ATC_M3_AL24477_C0_RAD_EDOF_EPD5,S2_R6_ATC_M3_AL24477_C0_RAD_EPD5,ATC_M3_AL24477,C0,RAD,5.0,EDOF,-4.5,0.002343605958470005
S2_R6_ATC_M3_AL24477_C0_RAD_EDOF_EPD5,S2_R6_ATC_M3_AL24477_C0_RAD_EPD5,ATC_M3_AL24477,C0,RAD,5.0,EDOF,-4.625,0.0031137366713609206
S2_R6_ATC_M3_AL24477_C0_RAD_EDOF_EPD5,S2_R6_ATC_M3_AL24477_C0_RAD_EPD5,ATC_M3_AL24477,C0,RAD,5.0,EDOF,-4.75,0.008727639063617065
S2_R6_ATC_M3_AL24477_C0_RAD_EDOF_EPD5,S2_R6_ATC_M3_AL24477_C0_RAD_EPD5,ATC_M3_AL24477,C0,RAD,5.0,EDOF,-4.875,0.004451434379883824
S2_R6_ATC_M3_AL24477_C0_RAD_EDOF_EPD5,S2_R6_ATC_M3_AL24477_C0_RAD_EPD5,ATC_M3_AL24477,C0,RAD,5.0,EDOF,-5.0,0.003259969870997209
S2_R6_ATC_M3_AL24477_C0_HOA_MONO_EPD3,S2_R6_ATC_M3_AL24477_C0_HOA_EPD3,ATC_M3_AL24477,C0,HOA,3.0,MONO,1.0,0.0046396056329573
S2_R6_ATC_M3_AL24477_C0_HOA_MONO_EPD3,S2_R6_ATC_M3_AL24477_C0_HOA_EPD3,ATC_M3_AL24477,C0,HOA,3.0,MONO,0.875,0.0005565325263806595
S2_R6_ATC_M3_AL24477_C0_HOA_MONO_EPD3,S2_R6_ATC_M3_AL24477_C0_HOA_EPD3,ATC_M3_AL24477,C0,HOA,3.0,MONO,0.75,0.004876930112426446
S2_R6_ATC_M3_AL24477_C0_HOA_MONO_EPD3,S2_R6_ATC_M3_AL24477_C0_HOA_EPD3,ATC_M3_AL24477,C0,HOA,3.0,MONO,0.625,0.00036639811723438917
S2_R6_ATC_M3_AL24477_C0_HOA_MONO_EPD3,S2_R6_ATC_M3_AL24477_C0_HOA_EPD3,ATC_M3_AL24477,C0,HOA,3.0,MONO,0.5,0.004634798202366886
S2_R6_ATC_M3_AL24477_C0_HOA_MONO_EPD3,S2_R6_ATC_M3_AL24477_C0_HOA_EPD3,ATC_M3_AL24477,C0,HOA,3.0,MONO,0.375,0.0012057611903386225
S2_R6_ATC_M3_AL24477_C0_HOA_MONO_EPD3,S2_R6_ATC_M3_AL24477_C0_HOA_EPD3,ATC_M3_AL24477,C0,HOA,3.0,MONO,0.25,0.005958132002844378
S2_R6_ATC_M3_AL24477_C0_HOA_MONO_EPD3,S2_R6_ATC_M3_AL24477_C0_HOA_EPD3,ATC_M3_AL24477,C0,HOA,3.0,MONO,0.125,0.0020202695739761044
S2_R6_ATC_M3_AL24477_C0_HOA_MONO_EPD3,S2_R6_ATC_M3_AL24477_C0_HOA_EPD3,ATC_M3_AL24477,C0,HOA,3.0,MONO,0.0,0.007397288051761992
S2_R6_ATC_M3_AL24477_C0_HOA_MONO_EPD3,S2_R6_ATC_M3_AL24477_C0_HOA_EPD3,ATC_M3_AL24477,C0,HOA,3.0,MONO,-0.125,0.002503425814737762
S2_R6_ATC_M3_AL24477_C0_HOA_MONO_EPD3,S2_R6_ATC_M3_AL24477_C0_HOA_EPD3,ATC_M3_AL24477,C0,HOA,3.0,MONO,-0.25,0.008539090352309313
S2_R6_ATC_M3_AL24477_C0_HOA_MONO_EPD3,S2_R6_ATC_M3_AL24477_C0_HOA_EPD3,ATC_M3_AL24477,C0,HOA,3.0,MONO,-0.375,0.003058233915212043
S2_R6_ATC_M3_AL24477_C0_HOA_MONO_EPD3,S2_R6_ATC_M3_AL24477_C0_HOA_EPD3,ATC_M3_AL24477,C0,HOA,3.0,MONO,-0.5,0.008430991771004575
S2_R6_ATC_M3_AL24477_C0_HOA_MONO_EPD3,S2_R6_ATC_M3_AL24477_C0_HOA_EPD3,ATC_M3_AL24477,C0,HOA,3.0,MONO,-0.625,0.006945721903598538
S2_R6_ATC_M3_AL24477_C0_HOA_MONO_EPD3,S2_R6_ATC_M3_AL24477_C0_HOA_EPD3,ATC_M3_AL24477,C0,HOA,3.0,MONO,-0.75,0.012521756738234318
S2_R6_ATC_M3_AL24477_C0_HOA_MONO_EPD3,S2_R6_ATC_M3_AL24477_C0_HOA_EPD3,ATC_M3_AL24477,C0,HOA,3.0,MONO,-0.875,0.006407201191807044
S2_R6_ATC_M3_AL24477_C0_HOA_MONO_EPD3,S2_R6_ATC_M3_AL24477_C0_HOA_EPD3,ATC_M3_AL24477,C0,HOA,3.0,MONO,-1.0,0.006155219366891512
S2_R6_ATC_M3_AL24477_C0_HOA_MONO_EPD3,S2_R6_ATC_M3_AL24477_C0_HOA_EPD3,ATC_M3_AL24477,C0,HOA,3.0,MONO,-1.125,0.03652164377758206
S2_R6_ATC_M3_AL24477_C0_HOA_MONO_EPD3,S2_R6_ATC_M3_AL24477_C0_HOA_EPD3,ATC_M3_AL24477,C0,HOA,3.0,MONO,-1.25,0.0723630447088421
S2_R6_ATC_M3_AL24477_C0_HOA_MONO_EPD3,S2_R6_ATC_M3_AL24477_C0_HOA_EPD3,ATC_M3_AL24477,C0,HOA,3.0,MONO,-1.375,0.09030957541555644
S2_R6_ATC_M3_AL24477_C0_HOA_MONO_EPD3,S2_R6_ATC_M3_AL24477_C0_HOA_EPD3,ATC_M3_AL24477,C0,HOA,3.0,MONO,-1.5,0.18307953724060444
S2_R6_ATC_M3_AL24477_C0_HOA_MONO_EPD3,S2_R6_ATC_M3_AL24477_C0_HOA_EPD3,ATC_M3_AL24477,C0,HOA,3.0,MONO,-1.625,0.3790309533048458
S2_R6_ATC_M3_AL24477_C0_HOA_MONO_EPD3,S2_R6_ATC_M3_AL24477_C0_HOA_EPD3,ATC_M3_AL24477,C0,HOA,3.0,MONO,-1.75,0.4972471821622776
S2_R6_ATC_M3_AL24477_C0_HOA_MONO_EPD3,S2_R6_ATC_M3_AL24477_C0_HOA_EPD3,ATC_M3_AL24477,C0,HOA,3.0,MONO,-1.875,0.3520089157394567
S2_R6_ATC_M3_AL24477_C0_HOA_MONO_EPD3,S2_R6_ATC_M3_AL24477_C0_HOA_EPD3,ATC_M3_AL24477,C0,HOA,3.0,MONO,-2.0,0.05410040380928672
S2_R6_ATC_M3_AL24477_C0_HOA_MONO_EPD3,S2_R6_ATC_M3_AL24477_C0_HOA_EPD3,ATC_M3_AL24477,C0,HOA,3.0,MONO,-2.125,0.09685660338082948
S2_R6_ATC_M3_AL24477_C0_HOA_MONO_EPD3,S2_R6_ATC_M3_AL24477_C0_HOA_EPD3,ATC_M3_AL24477,C0,HOA,3.0,MONO,-2.25,0.01485688065105949
S2_R6_ATC_M3_AL24477_C0_HOA_MONO_EPD3,S2_R6_ATC_M3_AL24477_C0_HOA_EPD3,ATC_M3_AL24477,C0,HOA,3.0,MONO,-2.375,0.08873314924039741
S2_R6_ATC_M3_AL24477_C0_HOA_MONO_EPD3,S2_R6_ATC_M3_AL24477_C0_HOA_EPD3,ATC_M3_AL24477,C0,HOA,3.0,MONO,-2.5,0.05071390955964966
S2_R6_ATC_M3_AL24477_C0_HOA_MONO_EPD3,S2_R6_ATC_M3_AL24477_C0_HOA_EPD3,ATC_M3_AL24477,C0,HOA,3.0,MONO,-2.625,0.03466850097676969
S2_R6_ATC_M3_AL24477_C0_HOA_MONO_EPD3,S2_R6_ATC_M3_AL24477_C0_HOA_EPD3,ATC_M3_AL24477,C0,HOA,3.0,MONO,-2.75,0.029733573299962502
S2_R6_ATC_M3_AL24477_C0_HOA_MONO_EPD3,S2_R6_ATC_M3_AL24477_C0_HOA_EPD3,ATC_M3_AL24477,C0,HOA,3.0,MONO,-2.875,0.02460396095787841
S2_R6_ATC_M3_AL24477_C0_HOA_MONO_EPD3,S2_R6_ATC_M3_AL24477_C0_HOA_EPD3,ATC_M3_AL24477,C0,HOA,3.0,MONO,-3.0,0.024076799129879818
S2_R6_ATC_M3_AL24477_C0_HOA_MONO_EPD3,S2_R6_ATC_M3_AL24477_C0_HOA_EPD3,ATC_M3_AL24477,C0,HOA,3.0,MONO,-3.125,0.013869775137352585
S2_R6_ATC_M3_AL24477_C0_HOA_MONO_EPD3,S2_R6_ATC_M3_AL24477_C0_HOA_EPD3,ATC_M3_AL24477,C0,HOA,3.0,MONO,-3.25,0.014211572390480987
S2_R6_ATC_M3_AL24477_C0_HOA_MONO_EPD3,S2_R6_ATC_M3_AL24477_C0_HOA_EPD3,ATC_M3_AL24477,C0,HOA,3.0,MONO,-3.375,0.012430269159414304
S2_R6_ATC_M3_AL24477_C0_HOA_MONO_EPD3,S2_R6_ATC_M3_AL24477_C0_HOA_EPD3,ATC_M3_AL24477,C0,HOA,3.0,MONO,-3.5,0.01123484206646225
S2_R6_ATC_M3_AL24477_C0_HOA_MONO_EPD3,S2_R6_ATC_M3_AL24477_C0_HOA_EPD3,ATC_M3_AL24477,C0,HOA,3.0,MONO,-3.625,0.008369153616633573
S2_R6_ATC_M3_AL24477_C0_HOA_MONO_EPD3,S2_R6_ATC_M3_AL24477_C0_HOA_EPD3,ATC_M3_AL24477,C0,HOA,3.0,MONO,-3.75,0.005827920502307862
S2_R6_ATC_M3_AL24477_C0_HOA_MONO_EPD3,S2_R6_ATC_M3_AL24477_C0_HOA_EPD3,ATC_M3_AL24477,C0,HOA,3.0,MONO,-3.875,0.008264156985553574
S2_R6_ATC_M3_AL24477_C0_HOA_MONO_EPD3,S2_R6_ATC_M3_AL24477_C0_HOA_EPD3,ATC_M3_AL24477,C0,HOA,3.0,MONO,-4.0,0.003469012602402199
S2_R6_ATC_M3_AL24477_C0_HOA_MONO_EPD3,S2_R6_ATC_M3_AL24477_C0_HOA_EPD3,ATC_M3_AL24477,C0,HOA,3.0,MONO,-4.125,0.00783205391528148
S2_R6_ATC_M3_AL24477_C0_HOA_MONO_EPD3,S2_R6_ATC_M3_AL24477_C0_HOA_EPD3,ATC_M3_AL24477,C0,HOA,3.0,MONO,-4.25,0.002078953124049044
S2_R6_ATC_M3_AL24477_C0_HOA_MONO_EPD3,S2_R6_ATC_M3_AL24477_C0_HOA_EPD3,ATC_M3_AL24477,C0,HOA,3.0,MONO,-4.375,0.007175279302631536
S2_R6_ATC_M3_AL24477_C0_HOA_MONO_EPD3,S2_R6_ATC_M3_AL24477_C0_HOA_EPD3,ATC_M3_AL24477,C0,HOA,3.0,MONO,-4.5,0.0013990169162845568
S2_R6_ATC_M3_AL24477_C0_HOA_MONO_EPD3,S2_R6_ATC_M3_AL24477_C0_HOA_EPD3,ATC_M3_AL24477,C0,HOA,3.0,MONO,-4.625,0.00579451934725393
S2_R6_ATC_M3_AL24477_C0_HOA_MONO_EPD3,S2_R6_ATC_M3_AL24477_C0_HOA_EPD3,ATC_M3_AL24477,C0,HOA,3.0,MONO,-4.75,0.00030350869024922716
S2_R6_ATC_M3_AL24477_C0_HOA_MONO_EPD3,S2_R6_ATC_M3_AL24477_C0_HOA_EPD3,ATC_M3_AL24477,C0,HOA,3.0,MONO,-4.875,0.004757041323746169
S2_R6_ATC_M3_AL24477_C0_HOA_MONO_EPD3,S2_R6_ATC_M3_AL24477_C0_HOA_EPD3,ATC_M3_AL24477,C0,HOA,3.0,MONO,-5.0,0.00046293650046565297
S2_R6_ATC_M3_AL24477_C0_HOA_EDOF_EPD3,S2_R6_ATC_M3_AL24477_C0_HOA_EPD3,ATC_M3_AL24477,C0,HOA,3.0,EDOF,1.0,0.0372451719479312
S2_R6_ATC_M3_AL24477_C0_HOA_EDOF_EPD3,S2_R6_ATC_M3_AL24477_C0_HOA_EPD3,ATC_M3_AL24477,C0,HOA,3.0,EDOF,0.875,0.044414763095833955
S2_R6_ATC_M3_AL24477_C0_HOA_EDOF_EPD3,S2_R6_ATC_M3_AL24477_C0_HOA_EPD3,ATC_M3_AL24477,C0,HOA,3.0,EDOF,0.75,0.03956657096694364
S2_R6_ATC_M3_AL24477_C0_HOA_EDOF_EPD3,S2_R6_ATC_M3_AL24477_C0_HOA_EPD3,ATC_M3_AL24477,C0,HOA,3.0,EDOF,0.625,0.02339309576493461
S2_R6_ATC_M3_AL24477_C0_HOA_EDOF_EPD3,S2_R6_ATC_M3_AL24477_C0_HOA_EPD3,ATC_M3_AL24477,C0,HOA,3.0,EDOF,0.5,0.006169998910506141
S2_R6_ATC_M3_AL24477_C0_HOA_EDOF_EPD3,S2_R6_ATC_M3_AL24477_C0_HOA_EPD3,ATC_M3_AL24477,C0,HOA,3.0,EDOF,0.375,0.0050043933822103825
S2_R6_ATC_M3_AL24477_C0_HOA_EDOF_EPD3,S2_R6_ATC_M3_AL24477_C0_HOA_EPD3,ATC_M3_AL24477,C0,HOA,3.0,EDOF,0.25,0.015939451041106042
S2_R6_ATC_M3_AL24477_C0_HOA_EDOF_EPD3,S2_R6_ATC_M3_AL24477_C0_HOA_EPD3,ATC_M3_AL24477,C0,HOA,3.0,EDOF,0.125,0.014153165556891549
S2_R6_ATC_M3_AL24477_C0_HOA_EDOF_EPD3,S2_R6_ATC_M3_AL24477_C0_HOA_EPD3,ATC_M3_AL24477,C0,HOA,3.0,EDOF,0.0,3.00513256892526e-05
S2_R6_ATC_M3_AL24477_C0_HOA_EDOF_EPD3,S2_R6_ATC_M3_AL24477_C0_HOA_EPD3,ATC_M3_AL24477,C0,HOA,3.0,EDOF,-0.125,0.005308580068329892
S2_R6_ATC_M3_AL24477_C0_HOA_EDOF_EPD3,S2_R6_ATC_M3_AL24477_C0_HOA_EPD3,ATC_M3_AL24477,C0,HOA,3.0,EDOF,-0.25,0.030147910931701896
S2_R6_ATC_M3_AL24477_C0_HOA_EDOF_EPD3,S2_R6_ATC_M3_AL24477_C0_HOA_EPD3,ATC_M3_AL24477,C0,HOA,3.0,EDOF,-0.375,0.028225362323875496
S2_R6_ATC_M3_AL24477_C0_HOA_EDOF_EPD3,S2_R6_ATC_M3_AL24477_C0_HOA_EPD3,ATC_M3_AL24477,C0,HOA,3.0,EDOF,-0.5,0.010485830626044704
S2_R6_ATC_M3_AL24477_C0_HOA_EDOF_EPD3,S2_R6_ATC_M3_AL24477_C0_HOA_EPD3,ATC_M3_AL24477,C0,HOA,3.0,EDOF,-0.625,0.026192734436231324
S2_R6_ATC_M3_AL24477_C0_HOA_EDOF_EPD3,S2_R6_ATC_M3_AL24477_C0_HOA_EPD3,ATC_M3_AL24477,C0,HOA,3.0,EDOF,-0.75,0.011117744047178985
S2_R6_ATC_M3_AL24477_C0_HOA_EDOF_EPD3,S2_R6_ATC_M3_AL24477_C0_HOA_EPD3,ATC_M3_AL24477,C0,HOA,3.0,EDOF,-0.875,0.04090496993340908
S2_R6_ATC_M3_AL24477_C0_HOA_EDOF_EPD3,S2_R6_ATC_M3_AL24477_C0_HOA_EPD3,ATC_M3_AL24477,C0,HOA,3.0,EDOF,-1.0,0.016597403962215526
S2_R6_ATC_M3_AL24477_C0_HOA_EDOF_EPD3,S2_R6_ATC_M3_AL24477_C0_HOA_EPD3,ATC_M3_AL24477,C0,HOA,3.0,EDOF,-1.125,0.007122128590395319
S2_R6_ATC_M3_AL24477_C0_HOA_EDOF_EPD3,S2_R6_ATC_M3_AL24477_C0_HOA_EPD3,ATC_M3_AL24477,C0,HOA,3.0,EDOF,-1.25,0.022789407472896955
S2_R6_ATC_M3_AL24477_C0_HOA_EDOF_EPD3,S2_R6_ATC_M3_AL24477_C0_HOA_EPD3,ATC_M3_AL24477,C0,HOA,3.0,EDOF,-1.375,0.04853318957239133
S2_R6_ATC_M3_AL24477_C0_HOA_EDOF_EPD3,S2_R6_ATC_M3_AL24477_C0_HOA_EPD3,ATC_M3_AL24477,C0,HOA,3.0,EDOF,-1.5,0.008680820352248708
S2_R6_ATC_M3_AL24477_C0_HOA_EDOF_EPD3,S2_R6_ATC_M3_AL24477_C0_HOA_EPD3,ATC_M3_AL24477,C0,HOA,3.0,EDOF,-1.625,0.026154518322178123
S2_R6_ATC_M3_AL24477_C0_HOA_EDOF_EPD3,S2_R6_ATC_M3_AL24477_C0_HOA_EPD3,ATC_M3_AL24477,C0,HOA,3.0,EDOF,-1.75,0.04356234533647492
S2_R6_ATC_M3_AL24477_C0_HOA_EDOF_EPD3,S2_R6_ATC_M3_AL24477_C0_HOA_EPD3,ATC_M3_AL24477,C0,HOA,3.0,EDOF,-1.875,0.16233184250911076
S2_R6_ATC_M3_AL24477_C0_HOA_EDOF_EPD3,S2_R6_ATC_M3_AL24477_C0_HOA_EPD3,ATC_M3_AL24477,C0,HOA,3.0,EDOF,-2.0,0.1857391294711166
S2_R6_ATC_M3_AL24477_C0_HOA_EDOF_EPD3,S2_R6_ATC_M3_AL24477_C0_HOA_EPD3,ATC_M3_AL24477,C0,HOA,3.0,EDOF,-2.125,0.09943530007516663
S2_R6_ATC_M3_AL24477_C0_HOA_EDOF_EPD3,S2_R6_ATC_M3_AL24477_C0_HOA_EPD3,ATC_M3_AL24477,C0,HOA,3.0,EDOF,-2.25,0.025012333079810774
S2_R6_ATC_M3_AL24477_C0_HOA_EDOF_EPD3,S2_R6_ATC_M3_AL24477_C0_HOA_EPD3,ATC_M3_AL24477,C0,HOA,3.0,EDOF,-2.375,0.02069887136100257
S2_R6_ATC_M3_AL24477_C0_HOA_EDOF_EPD3,S2_R6_ATC_M3_AL24477_C0_HOA_EPD3,ATC_M3_AL24477,C0,HOA,3.0,EDOF,-2.5,0.023864607677910418
S2_R6_ATC_M3_AL24477_C0_HOA_EDOF_EPD3,S2_R6_ATC_M3_AL24477_C0_HOA_EPD3,ATC_M3_AL24477,C0,HOA,3.0,EDOF,-2.625,0.0024002948747702865
S2_R6_ATC_M3_AL24477_C0_HOA_EDOF_EPD3,S2_R6_ATC_M3_AL24477_C0_HOA_EPD3,ATC_M3_AL24477,C0,HOA,3.0,EDOF,-2.75,0.008469422898527883
S2_R6_ATC_M3_AL24477_C0_HOA_EDOF_EPD3,S2_R6_ATC_M3_AL24477_C0_HOA_EPD3,ATC_M3_AL24477,C0,HOA,3.0,EDOF,-2.875,0.028694754816183075
S2_R6_ATC_M3_AL24477_C0_HOA_EDOF_EPD3,S2_R6_ATC_M3_AL24477_C0_HOA_EPD3,ATC_M3_AL24477,C0,HOA,3.0,EDOF,-3.0,0.05433373035931204
S2_R6_ATC_M3_AL24477_C0_HOA_EDOF_EPD3,S2_R6_ATC_M3_AL24477_C0_HOA_EPD3,ATC_M3_AL24477,C0,HOA,3.0,EDOF,-3.125,0.03508425327081148
S2_R6_ATC_M3_AL24477_C0_HOA_EDOF_EPD3,S2_R6_ATC_M3_AL24477_C0_HOA_EPD3,ATC_M3_AL24477,C0,HOA,3.0,EDOF,-3.25,0.010365766454424677
S2_R6_ATC_M3_AL24477_C0_HOA_EDOF_EPD3,S2_R6_ATC_M3_AL24477_C0_HOA_EPD3,ATC_M3_AL24477,C0,HOA,3.0,EDOF,-3.375,0.012070133121002281
S2_R6_ATC_M3_AL24477_C0_HOA_EDOF_EPD3,S2_R6_ATC_M3_AL24477_C0_HOA_EPD3,ATC_M3_AL24477,C0,HOA,3.0,EDOF,-3.5,0.01734015347452169
S2_R6_ATC_M3_AL24477_C0_HOA_EDOF_EPD3,S2_R6_ATC_M3_AL24477_C0_HOA_EPD3,ATC_M3_AL24477,C0,HOA,3.0,EDOF,-3.625,0.007814765182916818
S2_R6_ATC_M3_AL24477_C0_HOA_EDOF_EPD3,S2_R6_ATC_M3_AL24477_C0_HOA_EPD3,ATC_M3_AL24477,C0,HOA,3.0,EDOF,-3.75,0.0037913466905483105
S2_R6_ATC_M3_AL24477_C0_HOA_EDOF_EPD3,S2_R6_ATC_M3_AL24477_C0_HOA_EPD3,ATC_M3_AL24477,C0,HOA,3.0,EDOF,-3.875,0.015428381080181859
S2_R6_ATC_M3_AL24477_C0_HOA_EDOF_EPD3,S2_R6_ATC_M3_AL24477_C0_HOA_EPD3,ATC_M3_AL24477,C0,HOA,3.0,EDOF,-4.0,0.022687483852463934
S2_R6_ATC_M3_AL24477_C0_HOA_EDOF_EPD3,S2_R6_ATC_M3_AL24477_C0_HOA_EPD3,ATC_M3_AL24477,C0,HOA,3.0,EDOF,-4.125,0.018050555941306813
S2_R6_ATC_M3_AL24477_C0_HOA_EDOF_EPD3,S2_R6_ATC_M3_AL24477_C0_HOA_EPD3,ATC_M3_AL24477,C0,HOA,3.0,EDOF,-4.25,0.017703371004399913
S2_R6_ATC_M3_AL24477_C0_HOA_EDOF_EPD3,S2_R6_ATC_M3_AL24477_C0_HOA_EPD3,ATC_M3_AL24477,C0,HOA,3.0,EDOF,-4.375,0.02252651624107915
S2_R6_ATC_M3_AL24477_C0_HOA_EDOF_EPD3,S2_R6_ATC_M3_AL24477_C0_HOA_EPD3,ATC_M3_AL24477,C0,HOA,3.0,EDOF,-4.5,0.015717025987628478
S2_R6_ATC_M3_AL24477_C0_HOA_EDOF_EPD3,S2_R6_ATC_M3_AL24477_C0_HOA_EPD3,ATC_M3_AL24477,C0,HOA,3.0,EDOF,-4.625,0.00021395393993494928
S2_R6_ATC_M3_AL24477_C0_HOA_EDOF_EPD3,S2_R6_ATC_M3_AL24477_C0_HOA_EPD3,ATC_M3_AL24477,C0,HOA,3.0,EDOF,-4.75,0.005878535779839651
S2_R6_ATC_M3_AL24477_C0_HOA_EDOF_EPD3,S2_R6_ATC_M3_AL24477_C0_HOA_EPD3,ATC_M3_AL24477,C0,HOA,3.0,EDOF,-4.875,0.0005376933878929637
S2_R6_ATC_M3_AL24477_C0_HOA_EDOF_EPD3,S2_R6_ATC_M3_AL24477_C0_HOA_EPD3,ATC_M3_AL24477,C0,HOA,3.0,EDOF,-5.0,0.001978701367918643
S2_R6_ATC_M3_AL24477_C0_HOA_MONO_EPD5,S2_R6_ATC_M3_AL24477_C0_HOA_EPD5,ATC_M3_AL24477,C0,HOA,5.0,MONO,1.0,0.005275472948699535
S2_R6_ATC_M3_AL24477_C0_HOA_MONO_EPD5,S2_R6_ATC_M3_AL24477_C0_HOA_EPD5,ATC_M3_AL24477,C0,HOA,5.0,MONO,0.875,0.010201613404725023
S2_R6_ATC_M3_AL24477_C0_HOA_MONO_EPD5,S2_R6_ATC_M3_AL24477_C0_HOA_EPD5,ATC_M3_AL24477,C0,HOA,5.0,MONO,0.75,0.00877064590003649
S2_R6_ATC_M3_AL24477_C0_HOA_MONO_EPD5,S2_R6_ATC_M3_AL24477_C0_HOA_EPD5,ATC_M3_AL24477,C0,HOA,5.0,MONO,0.625,0.002460633791652374
S2_R6_ATC_M3_AL24477_C0_HOA_MONO_EPD5,S2_R6_ATC_M3_AL24477_C0_HOA_EPD5,ATC_M3_AL24477,C0,HOA,5.0,MONO,0.5,0.019005510431665876
S2_R6_ATC_M3_AL24477_C0_HOA_MONO_EPD5,S2_R6_ATC_M3_AL24477_C0_HOA_EPD5,ATC_M3_AL24477,C0,HOA,5.0,MONO,0.375,0.02831231274350755
S2_R6_ATC_M3_AL24477_C0_HOA_MONO_EPD5,S2_R6_ATC_M3_AL24477_C0_HOA_EPD5,ATC_M3_AL24477,C0,HOA,5.0,MONO,0.25,0.01951016769509205
S2_R6_ATC_M3_AL24477_C0_HOA_MONO_EPD5,S2_R6_ATC_M3_AL24477_C0_HOA_EPD5,ATC_M3_AL24477,C0,HOA,5.0,MONO,0.125,0.010092193492269164
S2_R6_ATC_M3_AL24477_C0_HOA_MONO_EPD5,S2_R6_ATC_M3_AL24477_C0_HOA_EPD5,ATC_M3_AL24477,C0,HOA,5.0,MONO,0.0,0.04300030563425914
S2_R6_ATC_M3_AL24477_C0_HOA_MONO_EPD5,S2_R6_ATC_M3_AL24477_C0_HOA_EPD5,ATC_M3_AL24477,C0,HOA,5.0,MONO,-0.125,0.05602852729530314
S2_R6_ATC_M3_AL24477_C0_HOA_MONO_EPD5,S2_R6_ATC_M3_AL24477_C0_HOA_EPD5,ATC_M3_AL24477,C0,HOA,5.0,MONO,-0.25,0.04002438499945386
S2_R6_ATC_M3_AL24477_C0_HOA_MONO_EPD5,S2_R6_ATC_M3_AL24477_C0_HOA_EPD5,ATC_M3_AL24477,C0,HOA,5.0,MONO,-0.375,0.012588713527189831
S2_R6_ATC_M3_AL24477_C0_HOA_MONO_EPD5,S2_R6_ATC_M3_AL24477_C0_HOA_EPD5,ATC_M3_AL24477,C0,HOA,5.0,MONO,-0.5,0.004878948772026728
S2_R6_ATC_M3_AL24477_C0_HOA_MONO_EPD5,S2_R6_ATC_M3_AL24477_C0_HOA_EPD5,ATC_M3_AL24477,C0,HOA,5.0,MONO,-0.625,0.011145842356320776
S2_R6_ATC_M3_AL24477_C0_HOA_MONO_EPD5,S2_R6_ATC_M3_AL24477_C0_HOA_EPD5,ATC_M3_AL24477,C0,HOA,5.0,MONO,-0.75,0.01839488842895809
S2_R6_ATC_M3_AL24477_C0_HOA_MONO_EPD5,S2_R6_ATC_M3_AL24477_C0_HOA_EPD5,ATC_M3_AL24477,C0,HOA,5.0,MONO,-0.875,0.06510172550098618
S2_R6_ATC_M3_AL24477_C0_HOA_MONO_EPD5,S2_R6_ATC_M3_AL24477_C0_HOA_EPD5,ATC_M3_AL24477,C0,HOA,5.0,MONO,-1.0,0.06483368726161952
S2_R6_ATC_M3_AL24477_C0_HOA_MONO_EPD5,S2_R6_ATC_M3_AL24477_C0_HOA_EPD5,ATC_M3_AL24477,C0,HOA,5.0,MONO,-1.125,0.0800142686718191
S2_R6_ATC_M3_AL24477_C0_HOA_MONO_EPD5,S2_R6_ATC_M3_AL24477_C0_HOA_EPD5,ATC_M3_AL24477,C0,HOA,5.0,MONO,-1.25,0.08974872362676109
S2_R6_ATC_M3_AL24477_C0_HOA_MONO_EPD5,S2_R6_ATC_M3_AL24477_C0_HOA_EPD5,ATC_M3_AL24477,C0,HOA,5.0,MONO,-1.375,0.06893661109708082
S2_R6_ATC_M3_AL24477_C0_HOA_MONO_EPD5,S2_R6_ATC_M3_AL24477_C0_HOA_EPD5,ATC_M3_AL24477,C0,HOA,5.0,MONO,-1.5,0.13961124185391216
S2_R6_ATC_M3_AL24477_C0_HOA_MONO_EPD5,S2_R6_ATC_M3_AL24477_C0_HOA_EPD5,ATC_M3_AL24477,C0,HOA,5.0,MONO,-1.625,0.06087691173174902
S2_R6_ATC_M3_AL24477_C0_HOA_MONO_EPD5,S2_R6_ATC_M3_AL24477_C0_HOA_EPD5,ATC_M3_AL24477,C0,HOA,5.0,MONO,-1.75,0.2621208182384053
S2_R6_ATC_M3_AL24477_C0_HOA_MONO_EPD5,S2_R6_ATC_M3_AL24477_C0_HOA_EPD5,ATC_M3_AL24477,C0,HOA,5.0,MONO,-1.875,0.18188892205367857
S2_R6_ATC_M3_AL24477_C0_HOA_MONO_EPD5,S2_R6_ATC_M3_AL24477_C0_HOA_EPD5,ATC_M3_AL24477,C0,HOA,5.0,MONO,-2.0,0.04977065984078906
S2_R6_ATC_M3_AL24477_C0_HOA_MONO_EPD5,S2_R6_ATC_M3_AL24477_C0_HOA_EPD5,ATC_M3_AL24477,C0,HOA,5.0,MONO,-2.125,0.06765665479724538
S2_R6_ATC_M3_AL24477_C0_HOA_MONO_EPD5,S2_R6_ATC_M3_AL24477_C0_HOA_EPD5,ATC_M3_AL24477,C0,HOA,5.0,MONO,-2.25,0.009174458984721138
S2_R6_ATC_M3_AL24477_C0_HOA_MONO_EPD5,S2_R6_ATC_M3_AL24477_C0_HOA_EPD5,ATC_M3_AL24477,C0,HOA,5.0,MONO,-2.375,0.032720795183418215
S2_R6_ATC_M3_AL24477_C0_HOA_MONO_EPD5,S2_R6_ATC_M3_AL24477_C0_HOA_EPD5,ATC_M3_AL24477,C0,HOA,5.0,MONO,-2.5,0.015247004508014084
S2_R6_ATC_M3_AL24477_C0_HOA_MONO_EPD5,S2_R6_ATC_M3_AL24477_C0_HOA_EPD5,ATC_M3_AL24477,C0,HOA,5.0,MONO,-2.625,0.025406848434884437
S2_R6_ATC_M3_AL24477_C0_HOA_MONO_EPD5,S2_R6_ATC_M3_AL24477_C0_HOA_EPD5,ATC_M3_AL24477,C0,HOA,5.0,MONO,-2.75,0.0028437432515887352
S2_R6_ATC_M3_AL24477_C0_HOA_MONO_EPD5,S2_R6_ATC_M3_AL24477_C0_HOA_EPD5,ATC_M3_AL24477,C0,HOA,5.0,MONO,-2.875,0.004698142183923544
S2_R6_ATC_M3_AL24477_C0_HOA_MONO_EPD5,S2_R6_ATC_M3_AL24477_C0_HOA_EPD5,ATC_M3_AL24477,C0,HOA,5.0,MONO,-3.0,0.0054396062065409844
S2_R6_ATC_M3_AL24477_C0_HOA_MONO_EPD5,S2_R6_ATC_M3_AL24477_C0_HOA_EPD5,ATC_M3_AL24477,C0,HOA,5.0,MONO,-3.125,0.008233710635574303
S2_R6_ATC_M3_AL24477_C0_HOA_MONO_EPD5,S2_R6_ATC_M3_AL24477_C0_HOA_EPD5,ATC_M3_AL24477,C0,HOA,5.0,MONO,-3.25,0.0038502576643404847
S2_R6_ATC_M3_AL24477_C0_HOA_MONO_EPD5,S2_R6_ATC_M3_AL24477_C0_HOA_EPD5,ATC_M3_AL24477,C0,HOA,5.0,MONO,-3.375,0.0017837670719839014
S2_R6_ATC_M3_AL24477_C0_HOA_MONO_EPD5,S2_R6_ATC_M3_AL24477_C0_HOA_EPD5,ATC_M3_AL24477,C0,HOA,5.0,MONO,-3.5,0.0021319501647206387
S2_R6_ATC_M3_AL24477_C0_HOA_MONO_EPD5,S2_R6_ATC_M3_AL24477_C0_HOA_EPD5,ATC_M3_AL24477,C0,HOA,5.0,MONO,-3.625,0.0032815735462913883
S2_R6_ATC_M3_AL24477_C0_HOA_MONO_EPD5,S2_R6_ATC_M3_AL24477_C0_HOA_EPD5,ATC_M3_AL24477,C0,HOA,5.0,MONO,-3.75,0.0033478963178928955
S2_R6_ATC_M3_AL24477_C0_HOA_MONO_EPD5,S2_R6_ATC_M3_AL24477_C0_HOA_EPD5,ATC_M3_AL24477,C0,HOA,5.0,MONO,-3.875,0.002253515259331154
S2_R6_ATC_M3_AL24477_C0_HOA_MONO_EPD5,S2_R6_ATC_M3_AL24477_C0_HOA_EPD5,ATC_M3_AL24477,C0,HOA,5.0,MONO,-4.0,0.002069159951897428
S2_R6_ATC_M3_AL24477_C0_HOA_MONO_EPD5,S2_R6_ATC_M3_AL24477_C0_HOA_EPD5,ATC_M3_AL24477,C0,HOA,5.0,MONO,-4.125,0.0033091618622442653
S2_R6_ATC_M3_AL24477_C0_HOA_MONO_EPD5,S2_R6_ATC_M3_AL24477_C0_HOA_EPD5,ATC_M3_AL24477,C0,HOA,5.0,MONO,-4.25,0.002611818262656492
S2_R6_ATC_M3_AL24477_C0_HOA_MONO_EPD5,S2_R6_ATC_M3_AL24477_C0_HOA_EPD5,ATC_M3_AL24477,C0,HOA,5.0,MONO,-4.375,0.0035537162414760876
S2_R6_ATC_M3_AL24477_C0_HOA_MONO_EPD5,S2_R6_ATC_M3_AL24477_C0_HOA_EPD5,ATC_M3_AL24477,C0,HOA,5.0,MONO,-4.5,0.002002460843380875
S2_R6_ATC_M3_AL24477_C0_HOA_MONO_EPD5,S2_R6_ATC_M3_AL24477_C0_HOA_EPD5,ATC_M3_AL24477,C0,HOA,5.0,MONO,-4.625,0.0011029235072918028
S2_R6_ATC_M3_AL24477_C0_HOA_MONO_EPD5,S2_R6_ATC_M3_AL24477_C0_HOA_EPD5,ATC_M3_AL24477,C0,HOA,5.0,MONO,-4.75,0.002193964028664681
S2_R6_ATC_M3_AL24477_C0_HOA_MONO_EPD5,S2_R6_ATC_M3_AL24477_C0_HOA_EPD5,ATC_M3_AL24477,C0,HOA,5.0,MONO,-4.875,0.0004834487232792568
S2_R6_ATC_M3_AL24477_C0_HOA_MONO_EPD5,S2_R6_ATC_M3_AL24477_C0_HOA_EPD5,ATC_M3_AL24477,C0,HOA,5.0,MONO,-5.0,0.0019573287606129757
S2_R6_ATC_M3_AL24477_C0_HOA_EDOF_EPD5,S2_R6_ATC_M3_AL24477_C0_HOA_EPD5,ATC_M3_AL24477,C0,HOA,5.0,EDOF,1.0,0.0018884406247410201
S2_R6_ATC_M3_AL24477_C0_HOA_EDOF_EPD5,S2_R6_ATC_M3_AL24477_C0_HOA_EPD5,ATC_M3_AL24477,C0,HOA,5.0,EDOF,0.875,0.035657254933281854
S2_R6_ATC_M3_AL24477_C0_HOA_EDOF_EPD5,S2_R6_ATC_M3_AL24477_C0_HOA_EPD5,ATC_M3_AL24477,C0,HOA,5.0,EDOF,0.75,0.007435326500077468
S2_R6_ATC_M3_AL24477_C0_HOA_EDOF_EPD5,S2_R6_ATC_M3_AL24477_C0_HOA_EPD5,ATC_M3_AL24477,C0,HOA,5.0,EDOF,0.625,0.007303699647675228
S2_R6_ATC_M3_AL24477_C0_HOA_EDOF_EPD5,S2_R6_ATC_M3_AL24477_C0_HOA_EPD5,ATC_M3_AL24477,C0,HOA,5.0,EDOF,0.5,0.0240301330213913
S2_R6_ATC_M3_AL24477_C0_HOA_EDOF_EPD5,S2_R6_ATC_M3_AL24477_C0_HOA_EPD5,ATC_M3_AL24477,C0,HOA,5.0,EDOF,0.375,0.017106801256638646
S2_R6_ATC_M3_AL24477_C0_HOA_EDOF_EPD5,S2_R6_ATC_M3_AL24477_C0_HOA_EPD5,ATC_M3_AL24477,C0,HOA,5.0,EDOF,0.25,0.01657628761728739
S2_R6_ATC_M3_AL24477_C0_HOA_EDOF_EPD5,S2_R6_ATC_M3_AL24477_C0_HOA_EPD5,ATC_M3_AL24477,C0,HOA,5.0,EDOF,0.125,0.013257051658657247
S2_R6_ATC_M3_AL24477_C0_HOA_EDOF_EPD5,S2_R6_ATC_M3_AL24477_C0_HOA_EPD5,ATC_M3_AL24477,C0,HOA,5.0,EDOF,0.0,0.025694834580698267
S2_R6_ATC_M3_AL24477_C0_HOA_EDOF_EPD5,S2_R6_ATC_M3_AL24477_C0_HOA_EPD5,ATC_M3_AL24477,C0,HOA,5.0,EDOF,-0.125,0.04159786234853602
S2_R6_ATC_M3_AL24477_C0_HOA_EDOF_EPD5,S2_R6_ATC_M3_AL24477_C0_HOA_EPD5,ATC_M3_AL24477,C0,HOA,5.0,EDOF,-0.25,0.028086599420130157
S2_R6_ATC_M3_AL24477_C0_HOA_EDOF_EPD5,S2_R6_ATC_M3_AL24477_C0_HOA_EPD5,ATC_M3_AL24477,C0,HOA,5.0,EDOF,-0.375,0.04493660796989795
S2_R6_ATC_M3_AL24477_C0_HOA_EDOF_EPD5,S2_R6_ATC_M3_AL24477_C0_HOA_EPD5,ATC_M3_AL24477,C0,HOA,5.0,EDOF,-0.5,0.028220033162600095
S2_R6_ATC_M3_AL24477_C0_HOA_EDOF_EPD5,S2_R6_ATC_M3_AL24477_C0_HOA_EPD5,ATC_M3_AL24477,C0,HOA,5.0,EDOF,-0.625,0.001990755632087163
S2_R6_ATC_M3_AL24477_C0_HOA_EDOF_EPD5,S2_R6_ATC_M3_AL24477_C0_HOA_EPD5,ATC_M3_AL24477,C0,HOA,5.0,EDOF,-0.75,0.01864904030139394
S2_R6_ATC_M3_AL24477_C0_HOA_EDOF_EPD5,S2_R6_ATC_M3_AL24477_C0_HOA_EPD5,ATC_M3_AL24477,C0,HOA,5.0,EDOF,-0.875,0.05089873021614464
S2_R6_ATC_M3_AL24477_C0_HOA_EDOF_EPD5,S2_R6_ATC_M3_AL24477_C0_HOA_EPD5,ATC_M3_AL24477,C0,HOA,5.0,EDOF,-1.0,0.047177517585542686
S2_R6_ATC_M3_AL24477_C0_HOA_EDOF_EPD5,S2_R6_ATC_M3_AL24477_C0_HOA_EPD5,ATC_M3_AL24477,C0,HOA,5.0,EDOF,-1.125,0.13112108451911564
S2_R6_ATC_M3_AL24477_C0_HOA_EDOF_EPD5,S2_R6_ATC_M3_AL24477_C0_HOA_EPD5,ATC_M3_AL24477,C0,HOA,5.0,EDOF,-1.25,0.057888945959678695
S2_R6_ATC_M3_AL24477_C0_HOA_EDOF_EPD5,S2_R6_ATC_M3_AL24477_C0_HOA_EPD5,ATC_M3_AL24477,C0,HOA,5.0,EDOF,-1.375,0.005604132959620085
S2_R6_ATC_M3_AL24477_C0_HOA_EDOF_EPD5,S2_R6_ATC_M3_AL24477_C0_HOA_EPD5,ATC_M3_AL24477,C0,HOA,5.0,EDOF,-1.5,0.096192421021643
S2_R6_ATC_M3_AL24477_C0_HOA_EDOF_EPD5,S2_R6_ATC_M3_AL24477_C0_HOA_EPD5,ATC_M3_AL24477,C0,HOA,5.0,EDOF,-1.625,0.03518925278935654
S2_R6_ATC_M3_AL24477_C0_HOA_EDOF_EPD5,S2_R6_ATC_M3_AL24477_C0_HOA_EPD5,ATC_M3_AL24477,C0,HOA,5.0,EDOF,-1.75,0.07283938856809398
S2_R6_ATC_M3_AL24477_C0_HOA_EDOF_EPD5,S2_R6_ATC_M3_AL24477_C0_HOA_EPD5,ATC_M3_AL24477,C0,HOA,5.0,EDOF,-1.875,0.0765687242418332
S2_R6_ATC_M3_AL24477_C0_HOA_EDOF_EPD5,S2_R6_ATC_M3_AL24477_C0_HOA_EPD5,ATC_M3_AL24477,C0,HOA,5.0,EDOF,-2.0,0.11944142227016342
S2_R6_ATC_M3_AL24477_C0_HOA_EDOF_EPD5,S2_R6_ATC_M3_AL24477_C0_HOA_EPD5,ATC_M3_AL24477,C0,HOA,5.0,EDOF,-2.125,0.02973422289861554
S2_R6_ATC_M3_AL24477_C0_HOA_EDOF_EPD5,S2_R6_ATC_M3_AL24477_C0_HOA_EPD5,ATC_M3_AL24477,C0,HOA,5.0,EDOF,-2.25,0.013125495384233174
S2_R6_ATC_M3_AL24477_C0_HOA_EDOF_EPD5,S2_R6_ATC_M3_AL24477_C0_HOA_EPD5,ATC_M3_AL24477,C0,HOA,5.0,EDOF,-2.375,0.010282043547879753
S2_R6_ATC_M3_AL24477_C0_HOA_EDOF_EPD5,S2_R6_ATC_M3_AL24477_C0_HOA_EPD5,ATC_M3_AL24477,C0,HOA,5.0,EDOF,-2.5,0.015488517421263275
S2_R6_ATC_M3_AL24477_C0_HOA_EDOF_EPD5,S2_R6_ATC_M3_AL24477_C0_HOA_EPD5,ATC_M3_AL24477,C0,HOA,5.0,EDOF,-2.625,0.0031591869210946897
S2_R6_ATC_M3_AL24477_C0_HOA_EDOF_EPD5,S2_R6_ATC_M3_AL24477_C0_HOA_EPD5,ATC_M3_AL24477,C0,HOA,5.0,EDOF,-2.75,0.0018947703584156245
S2_R6_ATC_M3_AL24477_C0_HOA_EDOF_EPD5,S2_R6_ATC_M3_AL24477_C0_HOA_EPD5,ATC_M3_AL24477,C0,HOA,5.0,EDOF,-2.875,0.0008517102218413063
S2_R6_ATC_M3_AL24477_C0_HOA_EDOF_EPD5,S2_R6_ATC_M3_AL24477_C0_HOA_EPD5,ATC_M3_AL24477,C0,HOA,5.0,EDOF,-3.0,0.028928025723412916
S2_R6_ATC_M3_AL24477_C0_HOA_EDOF_EPD5,S2_R6_ATC_M3_AL24477_C0_HOA_EPD5,ATC_M3_AL24477,C0,HOA,5.0,EDOF,-3.125,0.006201068617577593
S2_R6_ATC_M3_AL24477_C0_HOA_EDOF_EPD5,S2_R6_ATC_M3_AL24477_C0_HOA_EPD5,ATC_M3_AL24477,C0,HOA,5.0,EDOF,-3.25,0.0005042606073949353
S2_R6_ATC_M3_AL24477_C0_HOA_EDOF_EPD5,S2_R6_ATC_M3_AL24477_C0_HOA_EPD5,ATC_M3_AL24477,C0,HOA,5.0,EDOF,-3.375,0.010978553822827631
S2_R6_ATC_M3_AL24477_C0_HOA_EDOF_EPD5,S2_R6_ATC_M3_AL24477_C0_HOA_EPD5,ATC_M3_AL24477,C0,HOA,5.0,EDOF,-3.5,0.013555858918673818
S2_R6_ATC_M3_AL24477_C0_HOA_EDOF_EPD5,S2_R6_ATC_M3_AL24477_C0_HOA_EPD5,ATC_M3_AL24477,C0,HOA,5.0,EDOF,-3.625,0.014088752744460625
S2_R6_ATC_M3_AL24477_C0_HOA_EDOF_EPD5,S2_R6_ATC_M3_AL24477_C0_HOA_EPD5,ATC_M3_AL24477,C0,HOA,5.0,EDOF,-3.75,0.007815290266266579
S2_R6_ATC_M3_AL24477_C0_HOA_EDOF_EPD5,S2_R6_ATC_M3_AL24477_C0_HOA_EPD5,ATC_M3_AL24477,C0,HOA,5.0,EDOF,-3.875,0.012238803877482263
S2_R6_ATC_M3_AL24477_C0_HOA_EDOF_EPD5,S2_R6_ATC_M3_AL24477_C0_HOA_EPD5,ATC_M3_AL24477,C0,HOA,5.0,EDOF,-4.0,0.0013047779991262245
S2_R6_ATC_M3_AL24477_C0_HOA_EDOF_EPD5,S2_R6_ATC_M3_AL24477_C0_HOA_EPD5,ATC_M3_AL24477,C0,HOA,5.0,EDOF,-4.125,0.0006313142399017954
S2_R6_ATC_M3_AL24477_C0_HOA_EDOF_EPD5,S2_R6_ATC_M3_AL24477_C0_HOA_EPD5,ATC_M3_AL24477,C0,HOA,5.0,EDOF,-4.25,0.018513816044068505
S2_R6_ATC_M3_AL24477_C0_HOA_EDOF_EPD5,S2_R6_ATC_M3_AL24477_C0_HOA_EPD5,ATC_M3_AL24477,C0,HOA,5.0,EDOF,-4.375,0.001526625913398313
S2_R6_ATC_M3_AL24477_C0_HOA_EDOF_EPD5,S2_R6_ATC_M3_AL24477_C0_HOA_EPD5,ATC_M3_AL24477,C0,HOA,5.0,EDOF,-4.5,0.00026265776816290337
S2_R6_ATC_M3_AL24477_C0_HOA_EDOF_EPD5,S2_R6_ATC_M3_AL24477_C0_HOA_EPD5,ATC_M3_AL24477,C0,HOA,5.0,EDOF,-4.625,0.003200724889207582
S2_R6_ATC_M3_AL24477_C0_HOA_EDOF_EPD5,S2_R6_ATC_M3_AL24477_C0_HOA_EPD5,ATC_M3_AL24477,C0,HOA,5.0,EDOF,-4.75,0.004986042113725877
S2_R6_ATC_M3_AL24477_C0_HOA_EDOF_EPD5,S2_R6_ATC_M3_AL24477_C0_HOA_EPD5,ATC_M3_AL24477,C0,HOA,5.0,EDOF,-4.875,0.005352218698545264
S2_R6_ATC_M3_AL24477_C0_HOA_EDOF_EPD5,S2_R6_ATC_M3_AL24477_C0_HOA_EPD5,ATC_M3_AL24477,C0,HOA,5.0,EDOF,-5.0,0.0008540557802386804
