config_id,pair_key,base_id,cornea_id,platform_id,pupil_mm,optic_state,defocus_d,mtf30_cpd
R8_R6_LB_AL2395_N0_WFS_MONO_EPD3,R6_LB_AL2395_N0_WFS_EPD3,LB_AL2395,N0,WFS,3.0,MONO,1.0,0.0068620095510560485
R8_R6_LB_AL2395_N0_WFS_MONO_EPD3,R6_LB_AL2395_N0_WFS_EPD3,LB_AL2395,N0,WFS,3.0,MONO,0.875,0.015871060492628812
R8_R6_LB_AL2395_N0_WFS_MONO_EPD3,R6_LB_AL2395_N0_WFS_EPD3,LB_AL2395,N0,WFS,3.0,MONO,0.75,0.0031271760457048927
R8_R6_LB_AL2395_N0_WFS_MONO_EPD3,R6_LB_AL2395_N0_WFS_EPD3,LB_AL2395,N0,WFS,3.0,MONO,0.625,0.03001900592367228
R8_R6_LB_AL2395_N0_WFS_MONO_EPD3,R6_LB_AL2395_N0_WFS_EPD3,LB_AL2395,N0,WFS,3.0,MONO,0.5,0.012381074047556385
R8_R6_LB_AL2395_N0_WFS_MONO_EPD3,R6_LB_AL2395_N0_WFS_EPD3,LB_AL2395,N0,WFS,3.0,MONO,0.375,0.007629447650750356
R8_R6_LB_AL2395_N0_WFS_MONO_EPD3,R6_LB_AL2395_N0_WFS_EPD3,LB_AL2395,N0,WFS,3.0,MONO,0.25,0.13664035608217714
R8_R6_LB_AL2395_N0_WFS_MONO_EPD3,R6_LB_AL2395_N0_WFS_EPD3,LB_AL2395,N0,WFS,3.0,MONO,0.125,0.4411317561563266
R8_R6_LB_AL2395_N0_WFS_MONO_EPD3,R6_LB_AL2395_N0_WFS_EPD3,LB_AL2395,N0,WFS,3.0,MONO,0.0,0.6146065351518776
R8_R6_LB_AL2395_N0_WFS_MONO_EPD3,R6_LB_AL2395_N0_WFS_EPD3,LB_AL2395,N0,WFS,3.0,MONO,-0.125,0.431952055552753
R8_R6_LB_AL2395_N0_WFS_MONO_EPD3,R6_LB_AL2395_N0_WFS_EPD3,LB_AL2395,N0,WFS,3.0,MONO,-0.25,0.07294138151575996
R8_R6_LB_AL2395_N0_WFS_MONO_EPD3,R6_LB_AL2395_N0_WFS_EPD3,LB_AL2395,N0,WFS,3.0,MONO,-0.375,0.10367625008794452
R8_R6_LB_AL2395_N0_WFS_MONO_EPD3,R6_LB_AL2395_N0_WFS_EPD3,LB_AL2395,N0,WFS,3.0,MONO,-0.5,0.02937673329041125
R8_R6_LB_AL2395_N0_WFS_MONO_EPD3,R6_LB_AL2395_N0_WFS_EPD3,LB_AL2395,N0,WFS,3.0,MONO,-0.625,0.061889647608178
R8_R6_LB_AL2395_N0_WFS_MONO_EPD3,R6_LB_AL2395_N0_WFS_EPD3,LB_AL2395,N0,WFS,3.0,MONO,-0.75,0.028247134339889936
R8_R6_LB_AL2395_N0_WFS_MONO_EPD3,R6_LB_AL2395_N0_WFS_EPD3,LB_AL2395,N0,WFS,3.0,MONO,-0.875,0.0292993755912826
R8_R6_LB_AL2395_N0_WFS_MONO_EPD3,R6_LB_AL2395_N0_WFS_EPD3,LB_AL2395,N0,WFS,3.0,MONO,-1.0,0.011704527832701312
R8_R6_LB_AL2395_N0_WFS_MONO_EPD3,R6_LB_AL2395_N0_WFS_EPD3,LB_AL2395,N0,WFS,3.0,MONO,-1.125,0.023133010563258123
R8_R6_LB_AL2395_N0_WFS_MONO_EPD3,R6_LB_AL2395_N0_WFS_EPD3,LB_AL2395,N0,WFS,3.0,MONO,-1.25,0.008372846591014227
R8_R6_LB_AL2395_N0_WFS_MONO_EPD3,R6_LB_AL2395_N0_WFS_EPD3,LB_AL2395,N0,WFS,3.0,MONO,-1.375,0.015124325317796046
R8_R6_LB_AL2395_N0_WFS_MONO_EPD3,R6_LB_AL2395_N0_WFS_EPD3,LB_AL2395,N0,WFS,3.0,MONO,-1.5,0.0022180747401324154
R8_R6_LB_AL2395_N0_WFS_MONO_EPD3,R6_LB_AL2395_N0_WFS_EPD3,LB_AL2395,N0,WFS,3.0,MONO,-1.625,0.013674780909478748
R8_R6_LB_AL2395_N0_WFS_MONO_EPD3,R6_LB_AL2395_N0_WFS_EPD3,LB_AL2395,N0,WFS,3.0,MONO,-1.75,0.001657364554736972
R8_R6_LB_AL2395_N0_WFS_MONO_EPD3,R6_LB_AL2395_N0_WFS_EPD3,LB_AL2395,N0,WFS,3.0,MONO,-1.875,0.009391374593016597
R8_R6_LB_AL2395_N0_WFS_MONO_EPD3,R6_LB_AL2395_N0_WFS_EPD3,LB_AL2395,N0,WFS,3.0,MONO,-2.0,0.0010739334705059183
R8_R6_LB_AL2395_N0_WFS_MONO_EPD3,R6_LB_AL2395_N0_WFS_EPD3,LB_AL2395,N0,WFS,3.0,MONO,-2.125,0.00741055736079028
R8_R6_LB_AL2395_N0_WFS_MONO_EPD3,R6_LB_AL2395_N0_WFS_EPD3,LB_AL2395,N0,WFS,3.0,MONO,-2.25,0.002814798961179667
R8_R6_LB_AL2395_N0_WFS_MONO_EPD3,R6_LB_AL2395_N0_WFS_EPD3,LB_AL2395,N0,WFS,3.0,MONO,-2.375,0.006109158673959982
R8_R6_LB_AL2395_N0_WFS_MONO_EPD3,R6_LB_AL2395_N0_WFS_EPD3,LB_AL2395,N0,WFS,3.0,MONO,-2.5,0.003930538591293183
R8_R6_LB_AL2395_N0_WFS_MONO_EPD3,R6_LB_AL2395_N0_WFS_EPD3,LB_AL2395,N0,WFS,3.0,MONO,-2.625,0.005508467249095326
R8_R6_LB_AL2395_N0_WFS_MONO_EPD3,R6_LB_AL2395_N0_WFS_EPD3,LB_AL2395,N0,WFS,3.0,MONO,-2.75,0.0037259071172036193
R8_R6_LB_AL2395_N0_WFS_MONO_EPD3,R6_LB_AL2395_N0_WFS_EPD3,LB_AL2395,N0,WFS,3.0,MONO,-2.875,0.004139641426135073
R8_R6_LB_AL2395_N0_WFS_MONO_EPD3,R6_LB_AL2395_N0_WFS_EPD3,LB_AL2395,N0,WFS,3.0,MONO,-3.0,0.003744123374658971
R8_R6_LB_AL2395_N0_WFS_MONO_EPD3,R6_LB_AL2395_N0_WFS_EPD3,LB_AL2395,N0,WFS,3.0,MONO,-3.125,0.0031136688641147598
R8_R6_LB_AL2395_N0_WFS_MONO_EPD3,R6_LB_AL2395_N0_WFS_EPD3,LB_AL2395,N0,WFS,3.0,MONO,-3.25,0.003099545467623372
R8_R6_LB_AL2395_N0_WFS_MONO_EPD3,R6_LB_AL2395_N0_WFS_EPD3,LB_AL2395,N0,WFS,3.0,MONO,-3.375,0.0012401340892766442
R8_R6_LB_AL2395_N0_WFS_MONO_EPD3,R6_LB_AL2395_N0_WFS_EPD3,LB_AL2395,N0,WFS,3.0,MONO,-3.5,0.0034691939916463473
R8_R6_LB_AL2395_N0_WFS_MONO_EPD3,R6_LB_AL2395_N0_WFS_EPD3,LB_AL2395,N0,WFS,3.0,MONO,-3.625,0.0002559439786058647
R8_R6_LB_AL2395_N0_WFS_MONO_EPD3,R6_LB_AL2395_N0_WFS_EPD3,LB_AL2395,N0,WFS,3.0,MONO,-3.75,0.0037784913976464684
R8_R6_LB_AL2395_N0_WFS_MONO_EPD3,R6_LB_AL2395_N0_WFS_EPD3,LB_AL2395,N0,WFS,3.0,MONO,-3.875,0.0001899185663463516
R8_R6_LB_AL2395_N0_WFS_MONO_EPD3,R6_LB_AL2395_N0_WFS_EPD3,LB_AL2395,N0,WFS,3.0,MONO,-4.0,0.0031334481535583913
R8_R6_LB_AL2395_N0_WFS_MONO_EPD3,R6_LB_AL2395_N0_WFS_EPD3,LB_AL2395,N0,WFS,3.0,MONO,-4.125,0.00016264355588294435
R8_R6_LB_AL2395_N0_WFS_MONO_EPD3,R6_LB_AL2395_N0_WFS_EPD3,LB_AL2395,N0,WFS,3.0,MONO,-4.25,0.0013527216143318214
R8_R6_LB_AL2395_N0_WFS_MONO_EPD3,R6_LB_AL2395_N0_WFS_EPD3,LB_AL2395,N0,WFS,3.0,MONO,-4.375,0.001590950203468423
R8_R6_LB_AL2395_N0_WFS_MONO_EPD3,R6_LB_AL2395_N0_WFS_EPD3,LB_AL2395,N0,WFS,3.0,MONO,-4.5,0.0013440852159097181
R8_R6_LB_AL2395_N0_WFS_MONO_EPD3,R6_LB_AL2395_N0_WFS_EPD3,LB_AL2395,N0,WFS,3.0,MONO,-4.625,0.002158771867867962
R8_R6_LB_AL2395_N0_WFS_MONO_EPD3,R6_LB_AL2395_N0_WFS_EPD3,LB_AL2395,N0,WFS,3.0,MONO,-4.75,0.00119378392803652
R8_R6_LB_AL2395_N0_WFS_MONO_EPD3,R6_LB_AL2395_N0_WFS_EPD3,LB_AL2395,N0,WFS,3.0,MONO,-4.875,0.0022000751847442873
R8_R6_LB_AL2395_N0_WFS_MONO_EPD3,R6_LB_AL2395_N0_WFS_EPD3,LB_AL2395,N0,WFS,3.0,MONO,-5.0,0.0007239151178529752
R8_R6_LB_AL2395_N0_WFS_EDOF_EPD3,R6_LB_AL2395_N0_WFS_EPD3,LB_AL2395,N0,WFS,3.0,EDOF,1.0,0.031748232540226407
R8_R6_LB_AL2395_N0_WFS_EDOF_EPD3,R6_LB_AL2395_N0_WFS_EPD3,LB_AL2395,N0,WFS,3.0,EDOF,0.875,0.041866742275066586
R8_R6_LB_AL2395_N0_WFS_EDOF_EPD3,R6_LB_AL2395_N0_WFS_EPD3,LB_AL2395,N0,WFS,3.0,EDOF,0.75,0.0678753565940438
R8_R6_LB_AL2395_N0_WFS_EDOF_EPD3,R6_LB_AL2395_N0_WFS_EPD3,LB_AL2395,N0,WFS,3.0,EDOF,0.625,0.1085519901511115
R8_R6_LB_AL2395_N0_WFS_EDOF_EPD3,R6_LB_AL2395_N0_WFS_EPD3,LB_AL2395,N0,WFS,3.0,EDOF,0.5,0.11485407403344595
R8_R6_LB_AL2395_N0_WFS_EDOF_EPD3,R6_LB_AL2395_N0_WFS_EPD3,LB_AL2395,N0,WFS,3.0,EDOF,0.375,0.09413866737815751
R8_R6_LB_AL2395_N0_WFS_EDOF_EPD3,R6_LB_AL2395_N0_WFS_EPD3,LB_AL2395,N0,WFS,3.0,EDOF,0.25,0.14582959164848217
R8_R6_LB_AL2395_N0_WFS_EDOF_EPD3,R6_LB_AL2395_N0_WFS_EPD3,LB_AL2395,N0,WFS,3.0,EDOF,0.125,0.29169982330435607
R8_R6_LB_AL2395_N0_WFS_EDOF_EPD3,R6_LB_AL2395_N0_WFS_EPD3,LB_AL2395,N0,WFS,3.0,EDOF,0.0,0.36868192731767313
R8_R6_LB_AL2395_N0_WFS_EDOF_EPD3,R6_LB_AL2395_N0_WFS_EPD3,LB_AL2395,N0,WFS,3.0,EDOF,-0.125,0.23700334890319436
R8_R6_LB_AL2395_N0_WFS_EDOF_EPD3,R6_LB_AL2395_N0_WFS_EPD3,LB_AL2395,N0,WFS,3.0,EDOF,-0.25,0.01586737011943037
R8_R6_LB_AL2395_N0_WFS_EDOF_EPD3,R6_LB_AL2395_N0_WFS_EPD3,LB_AL2395,N0,WFS,3.0,EDOF,-0.375,0.061999387980083934
R8_R6_LB_AL2395_N0_WFS_EDOF_EPD3,R6_LB_AL2395_N0_WFS_EPD3,LB_AL2395,N0,WFS,3.0,EDOF,-0.5,0.02411979904721962
R8_R6_LB_AL2395_N0_WFS_EDOF_EPD3,R6_LB_AL2395_N0_WFS_EPD3,LB_AL2395,N0,WFS,3.0,EDOF,-0.625,0.0906610879762982
R8_R6_LB_AL2395_N0_WFS_EDOF_EPD3,R6_LB_AL2395_N0_WFS_EPD3,LB_AL2395,N0,WFS,3.0,EDOF,-0.75,0.049422249106343734
R8_R6_LB_AL2395_N0_WFS_EDOF_EPD3,R6_LB_AL2395_N0_WFS_EPD3,LB_AL2395,N0,WFS,3.0,EDOF,-0.875,0.002060511411699479
R8_R6_LB_AL2395_N0_WFS_EDOF_EPD3,R6_LB_AL2395_N0_WFS_EPD3,LB_AL2395,N0,WFS,3.0,EDOF,-1.0,0.008998861205633537
R8_R6_LB_AL2395_N0_WFS_EDOF_EPD3,R6_LB_AL2395_N0_WFS_EPD3,LB_AL2395,N0,WFS,3.0,EDOF,-1.125,0.02586213699424425
R8_R6_LB_AL2395_N0_WFS_EDOF_EPD3,R6_LB_AL2395_N0_WFS_EPD3,LB_AL2395,N0,WFS,3.0,EDOF,-1.25,0.0031213403606971265
R8_R6_LB_AL2395_N0_WFS_EDOF_EPD3,R6_LB_AL2395_N0_WFS_EPD3,LB_AL2395,N0,WFS,3.0,EDOF,-1.375,0.012909383471245425
R8_R6_LB_AL2395_N0_WFS_EDOF_EPD3,R6_LB_AL2395_N0_WFS_EPD3,LB_AL2395,N0,WFS,3.0,EDOF,-1.5,0.007515136664505658
R8_R6_LB_AL2395_N0_WFS_EDOF_EPD3,R6_LB_AL2395_N0_WFS_EPD3,LB_AL2395,N0,WFS,3.0,EDOF,-1.625,0.020816481645939893
R8_R6_LB_AL2395_N0_WFS_EDOF_EPD3,R6_LB_AL2395_N0_WFS_EPD3,LB_AL2395,N0,WFS,3.0,EDOF,-1.75,0.0027061515438567456
R8_R6_LB_AL2395_N0_WFS_EDOF_EPD3,R6_LB_AL2395_N0_WFS_EPD3,LB_AL2395,N0,WFS,3.0,EDOF,-1.875,0.010274683927825037
R8_R6_LB_AL2395_N0_WFS_EDOF_EPD3,R6_LB_AL2395_N0_WFS_EPD3,LB_AL2395,N0,WFS,3.0,EDOF,-2.0,4.119005694138344e-05
R8_R6_LB_AL2395_N0_WFS_EDOF_EPD3,R6_LB_AL2395_N0_WFS_EPD3,LB_AL2395,N0,WFS,3.0,EDOF,-2.125,0.004775956740848287
R8_R6_LB_AL2395_N0_WFS_EDOF_EPD3,R6_LB_AL2395_N0_WFS_EPD3,LB_AL2395,N0,WFS,3.0,EDOF,-2.25,0.005610143312539003
R8_R6_LB_AL2395_N0_WFS_EDOF_EPD3,R6_LB_AL2395_N0_WFS_EPD3,LB_AL2395,N0,WFS,3.0,EDOF,-2.375,0.006332247377246488
R8_R6_LB_AL2395_N0_WFS_EDOF_EPD3,R6_LB_AL2395_N0_WFS_EPD3,LB_AL2395,N0,WFS,3.0,EDOF,-2.5,0.0048430284837378355
R8_R6_LB_AL2395_N0_WFS_EDOF_EPD3,R6_LB_AL2395_N0_WFS_EPD3,LB_AL2395,N0,WFS,3.0,EDOF,-2.625,0.00480856416603139
R8_R6_LB_AL2395_N0_WFS_EDOF_EPD3,R6_LB_AL2395_N0_WFS_EPD3,LB_AL2395,N0,WFS,3.0,EDOF,-2.75,0.004913638621594132
R8_R6_LB_AL2395_N0_WFS_EDOF_EPD3,R6_LB_AL2395_N0_WFS_EPD3,LB_AL2395,N0,WFS,3.0,EDOF,-2.875,0.0038159232594429542
R8_R6_LB_AL2395_N0_WFS_EDOF_EPD3,R6_LB_AL2395_N0_WFS_EPD3,LB_AL2395,N0,WFS,3.0,EDOF,-3.0,0.004131953018860823
R8_R6_LB_AL2395_N0_WFS_EDOF_EPD3,R6_LB_AL2395_N0_WFS_EPD3,LB_AL2395,N0,WFS,3.0,EDOF,-3.125,0.0022471050507580563
R8_R6_LB_AL2395_N0_WFS_EDOF_EPD3,R6_LB_AL2395_N0_WFS_EPD3,LB_AL2395,N0,WFS,3.0,EDOF,-3.25,0.0034134235307528324
R8_R6_LB_AL2395_N0_WFS_EDOF_EPD3,R6_LB_AL2395_N0_WFS_EPD3,LB_AL2395,N0,WFS,3.0,EDOF,-3.375,0.00034956875791494063
R8_R6_LB_AL2395_N0_WFS_EDOF_EPD3,R6_LB_AL2395_N0_WFS_EPD3,LB_AL2395,N0,WFS,3.0,EDOF,-3.5,0.0033319867333271237
R8_R6_LB_AL2395_N0_WFS_EDOF_EPD3,R6_LB_AL2395_N0_WFS_EPD3,LB_AL2395,N0,WFS,3.0,EDOF,-3.625,0.0010369038011208411
R8_R6_LB_AL2395_N0_WFS_EDOF_EPD3,R6_LB_AL2395_N0_WFS_EPD3,LB_AL2395,N0,WFS,3.0,EDOF,-3.75,0.0036132429810422457
R8_R6_LB_AL2395_N0_WFS_EDOF_EPD3,R6_LB_AL2395_N0_WFS_EPD3,LB_AL2395,N0,WFS,3.0,EDOF,-3.875,0.0011492371116046446
R8_R6_LB_AL2395_N0_WFS_EDOF_EPD3,R6_LB_AL2395_N0_WFS_EPD3,LB_AL2395,N0,WFS,3.0,EDOF,-4.0,0.002804796611494325
R8_R6_LB_AL2395_N0_WFS_EDOF_EPD3,R6_LB_AL2395_N0_WFS_EPD3,LB_AL2395,N0,WFS,3.0,EDOF,-4.125,0.001393219338360105
R8_R6_LB_AL2395_N0_WFS_EDOF_EPD3,R6_LB_AL2395_N0_WFS_EPD3,LB_AL2395,N0,WFS,3.0,EDOF,-4.25,0.001414902265999063
R8_R6_LB_AL2395_N0_WFS_EDOF_EPD3,R6_LB_AL2395_N0_WFS_EPD3,LB_AL2395,N0,WFS,3.0,EDOF,-4.375,0.0024903054364390984
R8_R6_LB_AL2395_N0_WFS_EDOF_EPD3,R6_LB_AL2395_N0_WFS_EPD3,LB_AL2395,N0,WFS,3.0,EDOF,-4.5,0.001046585139272209
R8_R6_LB_AL2395_N0_WFS_EDOF_EPD3,R6_LB_AL2395_N0_WFS_EPD3,LB_AL2395,N0,WFS,3.0,EDOF,-4.625,0.0027338420241224894
R8_R6_LB_AL2395_N0_WFS_EDOF_EPD3,R6_LB_AL2395_N0_WFS_EPD3,LB_AL2395,N0,WFS,3.0,EDOF,-4.75,0.0004090690004816232
R8_R6_LB_AL2395_N0_WFS_EDOF_EPD3,R6_LB_AL2395_N0_WFS_EPD3,LB_AL2395,N0,WFS,3.0,EDOF,-4.875,0.003048488673307245
R8_R6_LB_AL2395_N0_WFS_EDOF_EPD3,R6_LB_AL2395_N0_WFS_EPD3,LB_AL2395,N0,WFS,3.0,EDOF,-5.0,0.0004609721150961993
R8_R6_LB_AL2395_N0_WFS_MONO_EPD5,R6_LB_AL2395_N0_WFS_EPD5,LB_AL2395,N0,WFS,5.0,MONO,1.0,0.0010970547661382356
R8_R6_LB_AL2395_N0_WFS_MONO_EPD5,R6_LB_AL2395_N0_WFS_EPD5,LB_AL2395,N0,WFS,5.0,MONO,0.875,0.0013120353525232276
R8_R6_LB_AL2395_N0_WFS_MONO_EPD5,R6_LB_AL2395_N0_WFS_EPD5,LB_AL2395,N0,WFS,5.0,MONO,0.75,0.0023104875645740277
R8_R6_LB_AL2395_N0_WFS_MONO_EPD5,R6_LB_AL2395_N0_WFS_EPD5,LB_AL2395,N0,WFS,5.0,MONO,0.625,0.0017942552607982138
R8_R6_LB_AL2395_N0_WFS_MONO_EPD5,R6_LB_AL2395_N0_WFS_EPD5,LB_AL2395,N0,WFS,5.0,MONO,0.5,0.0047979584532578615
R8_R6_LB_AL2395_N0_WFS_MONO_EPD5,R6_LB_AL2395_N0_WFS_EPD5,LB_AL2395,N0,WFS,5.0,MONO,0.375,0.012087340662043766
R8_R6_LB_AL2395_N0_WFS_MONO_EPD5,R6_LB_AL2395_N0_WFS_EPD5,LB_AL2395,N0,WFS,5.0,MONO,0.25,0.04871347952820403
R8_R6_LB_AL2395_N0_WFS_MONO_EPD5,R6_LB_AL2395_N0_WFS_EPD5,LB_AL2395,N0,WFS,5.0,MONO,0.125,0.11486166774372468
R8_R6_LB_AL2395_N0_WFS_MONO_EPD5,R6_LB_AL2395_N0_WFS_EPD5,LB_AL2395,N0,WFS,5.0,MONO,0.0,0.21615686651202037
R8_R6_LB_AL2395_N0_WFS_MONO_EPD5,R6_LB_AL2395_N0_WFS_EPD5,LB_AL2395,N0,WFS,5.0,MONO,-0.125,0.24025753677003908
R8_R6_LB_AL2395_N0_WFS_MONO_EPD5,R6_LB_AL2395_N0_WFS_EPD5,LB_AL2395,N0,WFS,5.0,MONO,-0.25,0.13601380872788643
R8_R6_LB_AL2395_N0_WFS_MONO_EPD5,R6_LB_AL2395_N0_WFS_EPD5,LB_AL2395,N0,WFS,5.0,MONO,-0.375,0.0027448027451773336
R8_R6_LB_AL2395_N0_WFS_MONO_EPD5,R6_LB_AL2395_N0_WFS_EPD5,LB_AL2395,N0,WFS,5.0,MONO,-0.5,0.03150738838542855
R8_R6_LB_AL2395_N0_WFS_MONO_EPD5,R6_LB_AL2395_N0_WFS_EPD5,LB_AL2395,N0,WFS,5.0,MONO,-0.625,0.1563550588231843
R8_R6_LB_AL2395_N0_WFS_MONO_EPD5,R6_LB_AL2395_N0_WFS_EPD5,LB_AL2395,N0,WFS,5.0,MONO,-0.75,0.02767952949616793
R8_R6_LB_AL2395_N0_WFS_MONO_EPD5,R6_LB_AL2395_N0_WFS_EPD5,LB_AL2395,N0,WFS,5.0,MONO,-0.875,5.381155883401001e-05
R8_R6_LB_AL2395_N0_WFS_MONO_EPD5,R6_LB_AL2395_N0_WFS_EPD5,LB_AL2395,N0,WFS,5.0,MONO,-1.0,0.06190811324963854
R8_R6_LB_AL2395_N0_WFS_MONO_EPD5,R6_LB_AL2395_N0_WFS_EPD5,LB_AL2395,N0,WFS,5.0,MONO,-1.125,0.023488650418771614
R8_R6_LB_AL2395_N0_WFS_MONO_EPD5,R6_LB_AL2395_N0_WFS_EPD5,LB_AL2395,N0,WFS,5.0,MONO,-1.25,0.0013861369487386064
R8_R6_LB_AL2395_N0_WFS_MONO_EPD5,R6_LB_AL2395_N0_WFS_EPD5,LB_AL2395,N0,WFS,5.0,MONO,-1.375,0.028879911142120473
R8_R6_LB_AL2395_N0_WFS_MONO_EPD5,R6_LB_AL2395_N0_WFS_EPD5,LB_AL2395,N0,WFS,5.0,MONO,-1.5,0.03957142134887816
R8_R6_LB_AL2395_N0_WFS_MONO_EPD5,R6_LB_AL2395_N0_WFS_EPD5,LB_AL2395,N0,WFS,5.0,MONO,-1.625,0.04320374208373502
R8_R6_LB_AL2395_N0_WFS_MONO_EPD5,R6_LB_AL2395_N0_WFS_EPD5,LB_AL2395,N0,WFS,5.0,MONO,-1.75,0.039033632311135456
R8_R6_LB_AL2395_N0_WFS_MONO_EPD5,R6_LB_AL2395_N0_WFS_EPD5,LB_AL2395,N0,WFS,5.0,MONO,-1.875,0.03250316424948917
R8_R6_LB_AL2395_N0_WFS_MONO_EPD5,R6_LB_AL2395_N0_WFS_EPD5,LB_AL2395,N0,WFS,5.0,MONO,-2.0,0.023396169257942693
R8_R6_LB_AL2395_N0_WFS_MONO_EPD5,R6_LB_AL2395_N0_WFS_EPD5,LB_AL2395,N0,WFS,5.0,MONO,-2.125,0.01781718333648822
R8_R6_LB_AL2395_N0_WFS_MONO_EPD5,R6_LB_AL2395_N0_WFS_EPD5,LB_AL2395,N0,WFS,5.0,MONO,-2.25,0.01234483836899445
R8_R6_LB_AL2395_N0_WFS_MONO_EPD5,R6_LB_AL2395_N0_WFS_EPD5,LB_AL2395,N0,WFS,5.0,MONO,-2.375,0.00955900480787417
R8_R6_LB_AL2395_N0_WFS_MONO_EPD5,R6_LB_AL2395_N0_WFS_EPD5,LB_AL2395,N0,WFS,5.0,MONO,-2.5,0.007243718095306717
R8_R6_LB_AL2395_N0_WFS_MONO_EPD5,R6_LB_AL2395_N0_WFS_EPD5,LB_AL2395,N0,WFS,5.0,MONO,-2.625,0.006143970221330347
R8_R6_LB_AL2395_N0_WFS_MONO_EPD5,R6_LB_AL2395_N0_WFS_EPD5,LB_AL2395,N0,WFS,5.0,MONO,-2.75,0.004528564185835977
R8_R6_LB_AL2395_N0_WFS_MONO_EPD5,R6_LB_AL2395_N0_WFS_EPD5,LB_AL2395,N0,WFS,5.0,MONO,-2.875,0.0033327442060778114
R8_R6_LB_AL2395_N0_WFS_MONO_EPD5,R6_LB_AL2395_N0_WFS_EPD5,LB_AL2395,N0,WFS,5.0,MONO,-3.0,0.0032545229177024355
R8_R6_LB_AL2395_N0_WFS_MONO_EPD5,R6_LB_AL2395_N0_WFS_EPD5,LB_AL2395,N0,WFS,5.0,MONO,-3.125,0.004193769402387873
R8_R6_LB_AL2395_N0_WFS_MONO_EPD5,R6_LB_AL2395_N0_WFS_EPD5,LB_AL2395,N0,WFS,5.0,MONO,-3.25,0.0043661990091046305
R8_R6_LB_AL2395_N0_WFS_MONO_EPD5,R6_LB_AL2395_N0_WFS_EPD5,LB_AL2395,N0,WFS,5.0,MONO,-3.375,0.003665871485885743
R8_R6_LB_AL2395_N0_WFS_MONO_EPD5,R6_LB_AL2395_N0_WFS_EPD5,LB_AL2395,N0,WFS,5.0,MONO,-3.5,0.003659348182614364
R8_R6_LB_AL2395_N0_WFS_MONO_EPD5,R6_LB_AL2395_N0_WFS_EPD5,LB_AL2395,N0,WFS,5.0,MONO,-3.625,0.0036080616460847244
R8_R6_LB_AL2395_N0_WFS_MONO_EPD5,R6_LB_AL2395_N0_WFS_EPD5,LB_AL2395,N0,WFS,5.0,MONO,-3.75,0.0036384410067260235
R8_R6_LB_AL2395_N0_WFS_MONO_EPD5,R6_LB_AL2395_N0_WFS_EPD5,LB_AL2395,N0,WFS,5.0,MONO,-3.875,0.0029488774876574642
R8_R6_LB_AL2395_N0_WFS_MONO_EPD5,R6_LB_AL2395_N0_WFS_EPD5,LB_AL2395,N0,WFS,5.0,MONO,-4.0,0.0023937041107974467
R8_R6_LB_AL2395_N0_WFS_MONO_EPD5,R6_LB_AL2395_N0_WFS_EPD5,LB_AL2395,N0,WFS,5.0,MONO,-4.125,0.0034169632043309773
R8_R6_LB_AL2395_N0_WFS_MONO_EPD5,R6_LB_AL2395_N0_WFS_EPD5,LB_AL2395,N0,WFS,5.0,MONO,-4.25,0.0027214171975708467
R8_R6_LB_AL2395_N0_WFS_MONO_EPD5,R6_LB_AL2395_N0_WFS_EPD5,LB_AL2395,N0,WFS,5.0,MONO,-4.375,0.003740555627544161
R8_R6_LB_AL2395_N0_WFS_MONO_EPD5,R6_LB_AL2395_N0_WFS_EPD5,LB_AL2395,N0,WFS,5.0,MONO,-4.5,0.002411291674354546
R8_R6_LB_AL2395_N0_WFS_MONO_EPD5,R6_LB_AL2395_N0_WFS_EPD5,LB_AL2395,N0,WFS,5.0,MONO,-4.625,0.0034595024896067216
R8_R6_LB_AL2395_N0_WFS_MONO_EPD5,R6_LB_AL2395_N0_WFS_EPD5,LB_AL2395,N0,WFS,5.0,MONO,-4.75,0.002104728018389929
R8_R6_LB_AL2395_N0_WFS_MONO_EPD5,R6_LB_AL2395_N0_WFS_EPD5,LB_AL2395,N0,WFS,5.0,MONO,-4.875,0.002094871466516063
R8_R6_LB_AL2395_N0_WFS_MONO_EPD5,R6_LB_AL2395_N0_WFS_EPD5,LB_AL2395,N0,WFS,5.0,MONO,-5.0,0.0018752126857619117
R8_R6_LB_AL2395_N0_WFS_EDOF_EPD5,R6_LB_AL2395_N0_WFS_EPD5,LB_AL2395,N0,WFS,5.0,EDOF,1.0,0.007454851397034216
R8_R6_LB_AL2395_N0_WFS_EDOF_EPD5,R6_LB_AL2395_N0_WFS_EPD5,LB_AL2395,N0,WFS,5.0,EDOF,0.875,0.017588008176866007
R8_R6_LB_AL2395_N0_WFS_EDOF_EPD5,R6_LB_AL2395_N0_WFS_EPD5,LB_AL2395,N0,WFS,5.0,EDOF,0.75,0.03197472134113691
R8_R6_LB_AL2395_N0_WFS_EDOF_EPD5,R6_LB_AL2395_N0_WFS_EPD5,LB_AL2395,N0,WFS,5.0,EDOF,0.625,0.03255730030736903
R8_R6_LB_AL2395_N0_WFS_EDOF_EPD5,R6_LB_AL2395_N0_WFS_EPD5,LB_AL2395,N0,WFS,5.0,EDOF,0.5,0.03405245202517152
R8_R6_LB_AL2395_N0_WFS_EDOF_EPD5,R6_LB_AL2395_N0_WFS_EPD5,LB_AL2395,N0,WFS,5.0,EDOF,0.375,0.03812404308732591
R8_R6_LB_AL2395_N0_WFS_EDOF_EPD5,R6_LB_AL2395_N0_WFS_EPD5,LB_AL2395,N0,WFS,5.0,EDOF,0.25,0.07037949689007875
R8_R6_LB_AL2395_N0_WFS_EDOF_EPD5,R6_LB_AL2395_N0_WFS_EPD5,LB_AL2395,N0,WFS,5.0,EDOF,0.125,0.07479848095527382
R8_R6_LB_AL2395_N0_WFS_EDOF_EPD5,R6_LB_AL2395_N0_WFS_EPD5,LB_AL2395,N0,WFS,5.0,EDOF,0.0,0.09600724426269658
R8_R6_LB_AL2395_N0_WFS_EDOF_EPD5,R6_LB_AL2395_N0_WFS_EPD5,LB_AL2395,N0,WFS,5.0,EDOF,-0.125,0.16199891971301295
R8_R6_LB_AL2395_N0_WFS_EDOF_EPD5,R6_LB_AL2395_N0_WFS_EPD5,LB_AL2395,N0,WFS,5.0,EDOF,-0.25,0.15654768907053757
R8_R6_LB_AL2395_N0_WFS_EDOF_EPD5,R6_LB_AL2395_N0_WFS_EPD5,LB_AL2395,N0,WFS,5.0,EDOF,-0.375,0.006507974595664298
R8_R6_LB_AL2395_N0_WFS_EDOF_EPD5,R6_LB_AL2395_N0_WFS_EPD5,LB_AL2395,N0,WFS,5.0,EDOF,-0.5,0.012478916653164659
R8_R6_LB_AL2395_N0_WFS_EDOF_EPD5,R6_LB_AL2395_N0_WFS_EPD5,LB_AL2395,N0,WFS,5.0,EDOF,-0.625,0.18671099421603524
R8_R6_LB_AL2395_N0_WFS_EDOF_EPD5,R6_LB_AL2395_N0_WFS_EPD5,LB_AL2395,N0,WFS,5.0,EDOF,-0.75,0.057797616650578684
R8_R6_LB_AL2395_N0_WFS_EDOF_EPD5,R6_LB_AL2395_N0_WFS_EPD5,LB_AL2395,N0,WFS,5.0,EDOF,-0.875,0.015123797496033688
R8_R6_LB_AL2395_N0_WFS_EDOF_EPD5,R6_LB_AL2395_N0_WFS_EPD5,LB_AL2395,N0,WFS,5.0,EDOF,-1.0,0.0662222966673047
R8_R6_LB_AL2395_N0_WFS_EDOF_EPD5,R6_LB_AL2395_N0_WFS_EPD5,LB_AL2395,N0,WFS,5.0,EDOF,-1.125,0.004755785748421364
R8_R6_LB_AL2395_N0_WFS_EDOF_EPD5,R6_LB_AL2395_N0_WFS_EPD5,LB_AL2395,N0,WFS,5.0,EDOF,-1.25,0.008874025867432586
R8_R6_LB_AL2395_N0_WFS_EDOF_EPD5,R6_LB_AL2395_N0_WFS_EPD5,LB_AL2395,N0,WFS,5.0,EDOF,-1.375,0.023119178086401064
R8_R6_LB_AL2395_N0_WFS_EDOF_EPD5,R6_LB_AL2395_N0_WFS_EPD5,LB_AL2395,N0,WFS,5.0,EDOF,-1.5,0.028274267348006348
R8_R6_LB_AL2395_N0_WFS_EDOF_EPD5,R6_LB_AL2395_N0_WFS_EPD5,LB_AL2395,N0,WFS,5.0,EDOF,-1.625,0.04517274431166971
R8_R6_LB_AL2395_N0_WFS_EDOF_EPD5,R6_LB_AL2395_N0_WFS_EPD5,LB_AL2395,N0,WFS,5.0,EDOF,-1.75,0.041603984729967174
R8_R6_LB_AL2395_N0_WFS_EDOF_EPD5,R6_LB_AL2395_N0_WFS_EPD5,LB_AL2395,N0,WFS,5.0,EDOF,-1.875,0.032638300638213456
R8_R6_LB_AL2395_N0_WFS_EDOF_EPD5,R6_LB_AL2395_N0_WFS_EPD5,LB_AL2395,N0,WFS,5.0,EDOF,-2.0,0.023623725042037136
R8_R6_LB_AL2395_N0_WFS_EDOF_EPD5,R6_LB_AL2395_N0_WFS_EPD5,LB_AL2395,N0,WFS,5.0,EDOF,-2.125,0.018068753960525007
R8_R6_LB_AL2395_N0_WFS_EDOF_EPD5,R6_LB_AL2395_N0_WFS_EPD5,LB_AL2395,N0,WFS,5.0,EDOF,-2.25,0.014320716006537287
R8_R6_LB_AL2395_N0_WFS_EDOF_EPD5,R6_LB_AL2395_N0_WFS_EPD5,LB_AL2395,N0,WFS,5.0,EDOF,-2.375,0.00837958922154897
R8_R6_LB_AL2395_N0_WFS_EDOF_EPD5,R6_LB_AL2395_N0_WFS_EPD5,LB_AL2395,N0,WFS,5.0,EDOF,-2.5,0.005240270878559917
R8_R6_LB_AL2395_N0_WFS_EDOF_EPD5,R6_LB_AL2395_N0_WFS_EPD5,LB_AL2395,N0,WFS,5.0,EDOF,-2.625,0.005817979909427099
R8_R6_LB_AL2395_N0_WFS_EDOF_EPD5,R6_LB_AL2395_N0_WFS_EPD5,LB_AL2395,N0,WFS,5.0,EDOF,-2.75,0.006072497574866611
R8_R6_LB_AL2395_N0_WFS_EDOF_EPD5,R6_LB_AL2395_N0_WFS_EPD5,LB_AL2395,N0,WFS,5.0,EDOF,-2.875,0.003830358565677996
R8_R6_LB_AL2395_N0_WFS_EDOF_EPD5,R6_LB_AL2395_N0_WFS_EPD5,LB_AL2395,N0,WFS,5.0,EDOF,-3.0,0.0025437594627462368
R8_R6_LB_AL2395_N0_WFS_EDOF_EPD5,R6_LB_AL2395_N0_WFS_EPD5,LB_AL2395,N0,WFS,5.0,EDOF,-3.125,0.0037193011337608418
R8_R6_LB_AL2395_N0_WFS_EDOF_EPD5,R6_LB_AL2395_N0_WFS_EPD5,LB_AL2395,N0,WFS,5.0,EDOF,-3.25,0.00484394123055141
R8_R6_LB_AL2395_N0_WFS_EDOF_EPD5,R6_LB_AL2395_N0_WFS_EPD5,LB_AL2395,N0,WFS,5.0,EDOF,-3.375,0.0042429499242222024
R8_R6_LB_AL2395_N0_WFS_EDOF_EPD5,R6_LB_AL2395_N0_WFS_EPD5,LB_AL2395,N0,WFS,5.0,EDOF,-3.5,0.003525354383049231
R8_R6_LB_AL2395_N0_WFS_EDOF_EPD5,R6_LB_AL2395_N0_WFS_EPD5,LB_AL2395,N0,WFS,5.0,EDOF,-3.625,0.0030860760092603205
R8_R6_LB_AL2395_N0_WFS_EDOF_EPD5,R6_LB_AL2395_N0_WFS_EPD5,LB_AL2395,N0,WFS,5.0,EDOF,-3.75,0.0034126863553343503
R8_R6_LB_AL2395_N0_WFS_EDOF_EPD5,R6_LB_AL2395_N0_WFS_EPD5,LB_AL2395,N0,WFS,5.0,EDOF,-3.875,0.0033836159001098985
R8_R6_LB_AL2395_N0_WFS_EDOF_EPD5,R6_LB_AL2395_N0_WFS_EPD5,LB_AL2395,N0,WFS,5.0,EDOF,-4.0,0.0024895969915049586
R8_R6_LB_AL2395_N0_WFS_EDOF_EPD5,R6_LB_AL2395_N0_WFS_EPD5,LB_AL2395,N0,WFS,5.0,EDOF,-4.125,0.003087946701975533
R8_R6_LB_AL2395_N0_WFS_EDOF_EPD5,R6_LB_AL2395_N0_WFS_EPD5,LB_AL2395,N0,WFS,5.0,EDOF,-4.25,0.0026596111528067287
R8_R6_LB_AL2395_N0_WFS_EDOF_EPD5,R6_LB_AL2395_N0_WFS_EPD5,LB_AL2395,N0,WFS,5.0,EDOF,-4.375,0.004179463424183865
R8_R6_LB_AL2395_N0_WFS_EDOF_EPD5,R6_LB_AL2395_N0_WFS_EPD5,LB_AL2395,N0,WFS,5.0,EDOF,-4.5,0.0023901343008748688
R8_R6_LB_AL2395_N0_WFS_EDOF_EPD5,R6_LB_AL2395_N0_WFS_EPD5,LB_AL2395,N0,WFS,5.0,EDOF,-4.625,0.0032199193839899066
R8_R6_LB_AL2395_N0_WFS_EDOF_EPD5,R6_LB_AL2395_N0_WFS_EPD5,LB_AL2395,N0,WFS,5.0,EDOF,-4.75,0.0018771444820176886
R8_R6_LB_AL2395_N0_WFS_EDOF_EPD5,R6_LB_AL2395_N0_WFS_EPD5,LB_AL2395,N0,WFS,5.0,EDOF,-4.875,0.0022963004301340883
R8_R6_LB_AL2395_N0_WFS_EDOF_EPD5,R6_LB_AL2395_N0_WFS_EPD5,LB_AL2395,N0,WFS,5.0,EDOF,-5.0,0.001956472219216233
R8_R6_LB_AL2395_N0_RAD_MONO_EPD3,R6_LB_AL2395_N0_RAD_EPD3,LB_AL2395,N0,RAD,3.0,MONO,1.0,0.007022719959262132
R8_R6_LB_AL2395_N0_RAD_MONO_EPD3,R6_LB_AL2395_N0_RAD_EPD3,LB_AL2395,N0,RAD,3.0,MONO,0.875,0.01783690829992089
R8_R6_LB_AL2395_N0_RAD_MONO_EPD3,R6_LB_AL2395_N0_RAD_EPD3,LB_AL2395,N0,RAD,3.0,MONO,0.75,0.002716101796911179
R8_R6_LB_AL2395_N0_RAD_MONO_EPD3,R6_LB_AL2395_N0_RAD_EPD3,LB_AL2395,N0,RAD,3.0,MONO,0.625,0.0328142282807868
R8_R6_LB_AL2395_N0_RAD_MONO_EPD3,R6_LB_AL2395_N0_RAD_EPD3,LB_AL2395,N0,RAD,3.0,MONO,0.5,0.0025108608986157896
R8_R6_LB_AL2395_N0_RAD_MONO_EPD3,R6_LB_AL2395_N0_RAD_EPD3,LB_AL2395,N0,RAD,3.0,MONO,0.375,0.047107730959523336
R8_R6_LB_AL2395_N0_RAD_MONO_EPD3,R6_LB_AL2395_N0_RAD_EPD3,LB_AL2395,N0,RAD,3.0,MONO,0.25,0.07779737556431977
R8_R6_LB_AL2395_N0_RAD_MONO_EPD3,R6_LB_AL2395_N0_RAD_EPD3,LB_AL2395,N0,RAD,3.0,MONO,0.125,0.4041196464854411
R8_R6_LB_AL2395_N0_RAD_MONO_EPD3,R6_LB_AL2395_N0_RAD_EPD3,LB_AL2395,N0,RAD,3.0,MONO,0.0,0.6334607146288002
R8_R6_LB_AL2395_N0_RAD_MONO_EPD3,R6_LB_AL2395_N0_RAD_EPD3,LB_AL2395,N0,RAD,3.0,MONO,-0.125,0.49492323176616454
R8_R6_LB_AL2395_N0_RAD_MONO_EPD3,R6_LB_AL2395_N0_RAD_EPD3,LB_AL2395,N0,RAD,3.0,MONO,-0.25,0.13243638344968178
R8_R6_LB_AL2395_N0_RAD_MONO_EPD3,R6_LB_AL2395_N0_RAD_EPD3,LB_AL2395,N0,RAD,3.0,MONO,-0.375,0.0829136124502769
R8_R6_LB_AL2395_N0_RAD_MONO_EPD3,R6_LB_AL2395_N0_RAD_EPD3,LB_AL2395,N0,RAD,3.0,MONO,-0.5,0.040886104291311905
R8_R6_LB_AL2395_N0_RAD_MONO_EPD3,R6_LB_AL2395_N0_RAD_EPD3,LB_AL2395,N0,RAD,3.0,MONO,-0.625,0.047496740841877
R8_R6_LB_AL2395_N0_RAD_MONO_EPD3,R6_LB_AL2395_N0_RAD_EPD3,LB_AL2395,N0,RAD,3.0,MONO,-0.75,0.027157514294555332
R8_R6_LB_AL2395_N0_RAD_MONO_EPD3,R6_LB_AL2395_N0_RAD_EPD3,LB_AL2395,N0,RAD,3.0,MONO,-0.875,0.023804486173461356
R8_R6_LB_AL2395_N0_RAD_MONO_EPD3,R6_LB_AL2395_N0_RAD_EPD3,LB_AL2395,N0,RAD,3.0,MONO,-1.0,0.010607534192549216
R8_R6_LB_AL2395_N0_RAD_MONO_EPD3,R6_LB_AL2395_N0_RAD_EPD3,LB_AL2395,N0,RAD,3.0,MONO,-1.125,0.019977767006521013
R8_R6_LB_AL2395_N0_RAD_MONO_EPD3,R6_LB_AL2395_N0_RAD_EPD3,LB_AL2395,N0,RAD,3.0,MONO,-1.25,0.007128910878998016
R8_R6_LB_AL2395_N0_RAD_MONO_EPD3,R6_LB_AL2395_N0_RAD_EPD3,LB_AL2395,N0,RAD,3.0,MONO,-1.375,0.013439441362638554
R8_R6_LB_AL2395_N0_RAD_MONO_EPD3,R6_LB_AL2395_N0_RAD_EPD3,LB_AL2395,N0,RAD,3.0,MONO,-1.5,0.0014002163705634683
R8_R6_LB_AL2395_N0_RAD_MONO_EPD3,R6_LB_AL2395_N0_RAD_EPD3,LB_AL2395,N0,RAD,3.0,MONO,-1.625,0.012477102582902933
R8_R6_LB_AL2395_N0_RAD_MONO_EPD3,R6_LB_AL2395_N0_RAD_EPD3,LB_AL2395,N0,RAD,3.0,MONO,-1.75,0.0009233159809647166
R8_R6_LB_AL2395_N0_RAD_MONO_EPD3,R6_LB_AL2395_N0_RAD_EPD3,LB_AL2395,N0,RAD,3.0,MONO,-1.875,0.008749848731394366
R8_R6_LB_AL2395_N0_RAD_MONO_EPD3,R6_LB_AL2395_N0_RAD_EPD3,LB_AL2395,N0,RAD,3.0,MONO,-2.0,0.0013086041301023441
R8_R6_LB_AL2395_N0_RAD_MONO_EPD3,R6_LB_AL2395_N0_RAD_EPD3,LB_AL2395,N0,RAD,3.0,MONO,-2.125,0.00667440626572011
R8_R6_LB_AL2395_N0_RAD_MONO_EPD3,R6_LB_AL2395_N0_RAD_EPD3,LB_AL2395,N0,RAD,3.0,MONO,-2.25,0.0029778872081243205
R8_R6_LB_AL2395_N0_RAD_MONO_EPD3,R6_LB_AL2395_N0_RAD_EPD3,LB_AL2395,N0,RAD,3.0,MONO,-2.375,0.005331797425241069
R8_R6_LB_AL2395_N0_RAD_MONO_EPD3,R6_LB_AL2395_N0_RAD_EPD3,LB_AL2395,N0,RAD,3.0,MONO,-2.5,0.004169060892921632
R8_R6_LB_AL2395_N0_RAD_MONO_EPD3,R6_LB_AL2395_N0_RAD_EPD3,LB_AL2395,N0,RAD,3.0,MONO,-2.625,0.004834332441094473
R8_R6_LB_AL2395_N0_RAD_MONO_EPD3,R6_LB_AL2395_N0_RAD_EPD3,LB_AL2395,N0,RAD,3.0,MONO,-2.75,0.004001670010078435
R8_R6_LB_AL2395_N0_RAD_MONO_EPD3,R6_LB_AL2395_N0_RAD_EPD3,LB_AL2395,N0,RAD,3.0,MONO,-2.875,0.00364187623979523
R8_R6_LB_AL2395_N0_RAD_MONO_EPD3,R6_LB_AL2395_N0_RAD_EPD3,LB_AL2395,N0,RAD,3.0,MONO,-3.0,0.0039624841559408016
R8_R6_LB_AL2395_N0_RAD_MONO_EPD3,R6_LB_AL2395_N0_RAD_EPD3,LB_AL2395,N0,RAD,3.0,MONO,-3.125,0.002788562506302392
R8_R6_LB_AL2395_N0_RAD_MONO_EPD3,R6_LB_AL2395_N0_RAD_EPD3,LB_AL2395,N0,RAD,3.0,MONO,-3.25,0.003165986380345552
R8_R6_LB_AL2395_N0_RAD_MONO_EPD3,R6_LB_AL2395_N0_RAD_EPD3,LB_AL2395,N0,RAD,3.0,MONO,-3.375,0.0010168988851468335
R8_R6_LB_AL2395_N0_RAD_MONO_EPD3,R6_LB_AL2395_N0_RAD_EPD3,LB_AL2395,N0,RAD,3.0,MONO,-3.5,0.0032995169072786014
R8_R6_LB_AL2395_N0_RAD_MONO_EPD3,R6_LB_AL2395_N0_RAD_EPD3,LB_AL2395,N0,RAD,3.0,MONO,-3.625,0.00011365273133749396
R8_R6_LB_AL2395_N0_RAD_MONO_EPD3,R6_LB_AL2395_N0_RAD_EPD3,LB_AL2395,N0,RAD,3.0,MONO,-3.75,0.0036452654075997447
R8_R6_LB_AL2395_N0_RAD_MONO_EPD3,R6_LB_AL2395_N0_RAD_EPD3,LB_AL2395,N0,RAD,3.0,MONO,-3.875,0.0002232923302696695
R8_R6_LB_AL2395_N0_RAD_MONO_EPD3,R6_LB_AL2395_N0_RAD_EPD3,LB_AL2395,N0,RAD,3.0,MONO,-4.0,0.0031993075139003587
R8_R6_LB_AL2395_N0_RAD_MONO_EPD3,R6_LB_AL2395_N0_RAD_EPD3,LB_AL2395,N0,RAD,3.0,MONO,-4.125,4.188214785881927e-05
R8_R6_LB_AL2395_N0_RAD_MONO_EPD3,R6_LB_AL2395_N0_RAD_EPD3,LB_AL2395,N0,RAD,3.0,MONO,-4.25,0.001321225624304674
R8_R6_LB_AL2395_N0_RAD_MONO_EPD3,R6_LB_AL2395_N0_RAD_EPD3,LB_AL2395,N0,RAD,3.0,MONO,-4.375,0.001498807257362133
R8_R6_LB_AL2395_N0_RAD_MONO_EPD3,R6_LB_AL2395_N0_RAD_EPD3,LB_AL2395,N0,RAD,3.0,MONO,-4.5,0.0010383319141033117
R8_R6_LB_AL2395_N0_RAD_MONO_EPD3,R6_LB_AL2395_N0_RAD_EPD3,LB_AL2395,N0,RAD,3.0,MONO,-4.625,0.0021751195393000296
R8_R6_LB_AL2395_N0_RAD_MONO_EPD3,R6_LB_AL2395_N0_RAD_EPD3,LB_AL2395,N0,RAD,3.0,MONO,-4.75,0.0008857712446455415
R8_R6_LB_AL2395_N0_RAD_MONO_EPD3,R6_LB_AL2395_N0_RAD_EPD3,LB_AL2395,N0,RAD,3.0,MONO,-4.875,0.0022366443404537952
R8_R6_LB_AL2395_N0_RAD_MONO_EPD3,R6_LB_AL2395_N0_RAD_EPD3,LB_AL2395,N0,RAD,3.0,MONO,-5.0,0.0004883892793749907
R8_R6_LB_AL2395_N0_RAD_EDOF_EPD3,R6_LB_AL2395_N0_RAD_EPD3,LB_AL2395,N0,RAD,3.0,EDOF,1.0,0.08280779048330714
R8_R6_LB_AL2395_N0_RAD_EDOF_EPD3,R6_LB_AL2395_N0_RAD_EPD3,LB_AL2395,N0,RAD,3.0,EDOF,0.875,0.24304138495497524
R8_R6_LB_AL2395_N0_RAD_EDOF_EPD3,R6_LB_AL2395_N0_RAD_EPD3,LB_AL2395,N0,RAD,3.0,EDOF,0.75,0.20622334851997132
R8_R6_LB_AL2395_N0_RAD_EDOF_EPD3,R6_LB_AL2395_N0_RAD_EPD3,LB_AL2395,N0,RAD,3.0,EDOF,0.625,0.06359495413943934
R8_R6_LB_AL2395_N0_RAD_EDOF_EPD3,R6_LB_AL2395_N0_RAD_EPD3,LB_AL2395,N0,RAD,3.0,EDOF,0.5,0.0703100026659163
R8_R6_LB_AL2395_N0_RAD_EDOF_EPD3,R6_LB_AL2395_N0_RAD_EPD3,LB_AL2395,N0,RAD,3.0,EDOF,0.375,0.23411398460343005
R8_R6_LB_AL2395_N0_RAD_EDOF_EPD3,R6_LB_AL2395_N0_RAD_EPD3,LB_AL2395,N0,RAD,3.0,EDOF,0.25,0.3053973583203291
R8_R6_LB_AL2395_N0_RAD_EDOF_EPD3,R6_LB_AL2395_N0_RAD_EPD3,LB_AL2395,N0,RAD,3.0,EDOF,0.125,0.17189983595823552
R8_R6_LB_AL2395_N0_RAD_EDOF_EPD3,R6_LB_AL2395_N0_RAD_EPD3,LB_AL2395,N0,RAD,3.0,EDOF,0.0,0.0022035823127150834
R8_R6_LB_AL2395_N0_RAD_EDOF_EPD3,R6_LB_AL2395_N0_RAD_EPD3,LB_AL2395,N0,RAD,3.0,EDOF,-0.125,0.04317203575675679
R8_R6_LB_AL2395_N0_RAD_EDOF_EPD3,R6_LB_AL2395_N0_RAD_EPD3,LB_AL2395,N0,RAD,3.0,EDOF,-0.25,0.01280200296717821
R8_R6_LB_AL2395_N0_RAD_EDOF_EPD3,R6_LB_AL2395_N0_RAD_EPD3,LB_AL2395,N0,RAD,3.0,EDOF,-0.375,0.007879484246747882
R8_R6_LB_AL2395_N0_RAD_EDOF_EPD3,R6_LB_AL2395_N0_RAD_EPD3,LB_AL2395,N0,RAD,3.0,EDOF,-0.5,0.017605135218649866
R8_R6_LB_AL2395_N0_RAD_EDOF_EPD3,R6_LB_AL2395_N0_RAD_EPD3,LB_AL2395,N0,RAD,3.0,EDOF,-0.625,0.0016424944331368237
R8_R6_LB_AL2395_N0_RAD_EDOF_EPD3,R6_LB_AL2395_N0_RAD_EPD3,LB_AL2395,N0,RAD,3.0,EDOF,-0.75,0.027677357346244748
R8_R6_LB_AL2395_N0_RAD_EDOF_EPD3,R6_LB_AL2395_N0_RAD_EPD3,LB_AL2395,N0,RAD,3.0,EDOF,-0.875,0.03065892361901157
R8_R6_LB_AL2395_N0_RAD_EDOF_EPD3,R6_LB_AL2395_N0_RAD_EPD3,LB_AL2395,N0,RAD,3.0,EDOF,-1.0,0.027536298854631557
R8_R6_LB_AL2395_N0_RAD_EDOF_EPD3,R6_LB_AL2395_N0_RAD_EPD3,LB_AL2395,N0,RAD,3.0,EDOF,-1.125,0.02703866087245933
R8_R6_LB_AL2395_N0_RAD_EDOF_EPD3,R6_LB_AL2395_N0_RAD_EPD3,LB_AL2395,N0,RAD,3.0,EDOF,-1.25,0.007929456824599068
R8_R6_LB_AL2395_N0_RAD_EDOF_EPD3,R6_LB_AL2395_N0_RAD_EPD3,LB_AL2395,N0,RAD,3.0,EDOF,-1.375,0.021028644065693176
R8_R6_LB_AL2395_N0_RAD_EDOF_EPD3,R6_LB_AL2395_N0_RAD_EPD3,LB_AL2395,N0,RAD,3.0,EDOF,-1.5,0.019409293109658336
R8_R6_LB_AL2395_N0_RAD_EDOF_EPD3,R6_LB_AL2395_N0_RAD_EPD3,LB_AL2395,N0,RAD,3.0,EDOF,-1.625,0.012286341542195912
R8_R6_LB_AL2395_N0_RAD_EDOF_EPD3,R6_LB_AL2395_N0_RAD_EPD3,LB_AL2395,N0,RAD,3.0,EDOF,-1.75,0.029465068143098398
R8_R6_LB_AL2395_N0_RAD_EDOF_EPD3,R6_LB_AL2395_N0_RAD_EPD3,LB_AL2395,N0,RAD,3.0,EDOF,-1.875,0.016245474040603388
R8_R6_LB_AL2395_N0_RAD_EDOF_EPD3,R6_LB_AL2395_N0_RAD_EPD3,LB_AL2395,N0,RAD,3.0,EDOF,-2.0,0.0005935615253584472
R8_R6_LB_AL2395_N0_RAD_EDOF_EPD3,R6_LB_AL2395_N0_RAD_EPD3,LB_AL2395,N0,RAD,3.0,EDOF,-2.125,0.005982413122869547
R8_R6_LB_AL2395_N0_RAD_EDOF_EPD3,R6_LB_AL2395_N0_RAD_EPD3,LB_AL2395,N0,RAD,3.0,EDOF,-2.25,0.007681975869350264
R8_R6_LB_AL2395_N0_RAD_EDOF_EPD3,R6_LB_AL2395_N0_RAD_EPD3,LB_AL2395,N0,RAD,3.0,EDOF,-2.375,0.005694427767435778
R8_R6_LB_AL2395_N0_RAD_EDOF_EPD3,R6_LB_AL2395_N0_RAD_EPD3,LB_AL2395,N0,RAD,3.0,EDOF,-2.5,0.0037144574822293294
R8_R6_LB_AL2395_N0_RAD_EDOF_EPD3,R6_LB_AL2395_N0_RAD_EPD3,LB_AL2395,N0,RAD,3.0,EDOF,-2.625,0.00973582310467359
R8_R6_LB_AL2395_N0_RAD_EDOF_EPD3,R6_LB_AL2395_N0_RAD_EPD3,LB_AL2395,N0,RAD,3.0,EDOF,-2.75,0.006483803500623036
R8_R6_LB_AL2395_N0_RAD_EDOF_EPD3,R6_LB_AL2395_N0_RAD_EPD3,LB_AL2395,N0,RAD,3.0,EDOF,-2.875,0.007644252179032498
R8_R6_LB_AL2395_N0_RAD_EDOF_EPD3,R6_LB_AL2395_N0_RAD_EPD3,LB_AL2395,N0,RAD,3.0,EDOF,-3.0,0.017893802616065164
R8_R6_LB_AL2395_N0_RAD_EDOF_EPD3,R6_LB_AL2395_N0_RAD_EPD3,LB_AL2395,N0,RAD,3.0,EDOF,-3.125,0.0195883496883998
R8_R6_LB_AL2395_N0_RAD_EDOF_EPD3,R6_LB_AL2395_N0_RAD_EPD3,LB_AL2395,N0,RAD,3.0,EDOF,-3.25,0.007207409624787761
R8_R6_LB_AL2395_N0_RAD_EDOF_EPD3,R6_LB_AL2395_N0_RAD_EPD3,LB_AL2395,N0,RAD,3.0,EDOF,-3.375,0.0013752188658881664
R8_R6_LB_AL2395_N0_RAD_EDOF_EPD3,R6_LB_AL2395_N0_RAD_EPD3,LB_AL2395,N0,RAD,3.0,EDOF,-3.5,0.014969063897475024
R8_R6_LB_AL2395_N0_RAD_EDOF_EPD3,R6_LB_AL2395_N0_RAD_EPD3,LB_AL2395,N0,RAD,3.0,EDOF,-3.625,0.03210486054242417
R8_R6_LB_AL2395_N0_RAD_EDOF_EPD3,R6_LB_AL2395_N0_RAD_EPD3,LB_AL2395,N0,RAD,3.0,EDOF,-3.75,0.03708832412179074
R8_R6_LB_AL2395_N0_RAD_EDOF_EPD3,R6_LB_AL2395_N0_RAD_EPD3,LB_AL2395,N0,RAD,3.0,EDOF,-3.875,0.02712772324712776
R8_R6_LB_AL2395_N0_RAD_EDOF_EPD3,R6_LB_AL2395_N0_RAD_EPD3,LB_AL2395,N0,RAD,3.0,EDOF,-4.0,0.008023637868979859
R8_R6_LB_AL2395_N0_RAD_EDOF_EPD3,R6_LB_AL2395_N0_RAD_EPD3,LB_AL2395,N0,RAD,3.0,EDOF,-4.125,0.00631484038219613
R8_R6_LB_AL2395_N0_RAD_EDOF_EPD3,R6_LB_AL2395_N0_RAD_EPD3,LB_AL2395,N0,RAD,3.0,EDOF,-4.25,0.0004992667606243209
R8_R6_LB_AL2395_N0_RAD_EDOF_EPD3,R6_LB_AL2395_N0_RAD_EPD3,LB_AL2395,N0,RAD,3.0,EDOF,-4.375,0.024208935900521
R8_R6_LB_AL2395_N0_RAD_EDOF_EPD3,R6_LB_AL2395_N0_RAD_EPD3,LB_AL2395,N0,RAD,3.0,EDOF,-4.5,0.036560708078577905
R8_R6_LB_AL2395_N0_RAD_EDOF_EPD3,R6_LB_AL2395_N0_RAD_EPD3,LB_AL2395,N0,RAD,3.0,EDOF,-4.625,0.02208595929594082
R8_R6_LB_AL2395_N0_RAD_EDOF_EPD3,R6_LB_AL2395_N0_RAD_EPD3,LB_AL2395,N0,RAD,3.0,EDOF,-4.75,0.0023020805758418176
R8_R6_LB_AL2395_N0_RAD_EDOF_EPD3,R6_LB_AL2395_N0_RAD_EPD3,LB_AL2395,N0,RAD,3.0,EDOF,-4.875,0.01338421183457876
R8_R6_LB_AL2395_N0_RAD_EDOF_EPD3,R6_LB_AL2395_N0_RAD_EPD3,LB_AL2395,N0,RAD,3.0,EDOF,-5.0,0.006756142396059761
R8_R6_LB_AL2395_N0_RAD_MONO_EPD5,R6_LB_AL2395_N0_RAD_EPD5,LB_AL2395,N0,RAD,5.0,MONO,1.0,0.002445778192330884
R8_R6_LB_AL2395_N0_RAD_MONO_EPD5,R6_LB_AL2395_N0_RAD_EPD5,LB_AL2395,N0,RAD,5.0,MONO,0.875,0.0031479891332061908
R8_R6_LB_AL2395_N0_RAD_MONO_EPD5,R6_LB_AL2395_N0_RAD_EPD5,LB_AL2395,N0,RAD,5.0,MONO,0.75,0.004051952087462532
R8_R6_LB_AL2395_N0_RAD_MONO_EPD5,R6_LB_AL2395_N0_RAD_EPD5,LB_AL2395,N0,RAD,5.0,MONO,0.625,0.004985632102482587
R8_R6_LB_AL2395_N0_RAD_MONO_EPD5,R6_LB_AL2395_N0_RAD_EPD5,LB_AL2395,N0,RAD,5.0,MONO,0.5,0.004015560598829049
R8_R6_LB_AL2395_N0_RAD_MONO_EPD5,R6_LB_AL2395_N0_RAD_EPD5,LB_AL2395,N0,RAD,5.0,MONO,0.375,0.006848486673305728
R8_R6_LB_AL2395_N0_RAD_MONO_EPD5,R6_LB_AL2395_N0_RAD_EPD5,LB_AL2395,N0,RAD,5.0,MONO,0.25,0.0126559495630855
R8_R6_LB_AL2395_N0_RAD_MONO_EPD5,R6_LB_AL2395_N0_RAD_EPD5,LB_AL2395,N0,RAD,5.0,MONO,0.125,0.10050884132790393
R8_R6_LB_AL2395_N0_RAD_MONO_EPD5,R6_LB_AL2395_N0_RAD_EPD5,LB_AL2395,N0,RAD,5.0,MONO,0.0,0.23566824621091018
R8_R6_LB_AL2395_N0_RAD_MONO_EPD5,R6_LB_AL2395_N0_RAD_EPD5,LB_AL2395,N0,RAD,5.0,MONO,-0.125,0.3540578479778386
R8_R6_LB_AL2395_N0_RAD_MONO_EPD5,R6_LB_AL2395_N0_RAD_EPD5,LB_AL2395,N0,RAD,5.0,MONO,-0.25,0.14672155260523687
R8_R6_LB_AL2395_N0_RAD_MONO_EPD5,R6_LB_AL2395_N0_RAD_EPD5,LB_AL2395,N0,RAD,5.0,MONO,-0.375,0.003954165698176155
R8_R6_LB_AL2395_N0_RAD_MONO_EPD5,R6_LB_AL2395_N0_RAD_EPD5,LB_AL2395,N0,RAD,5.0,MONO,-0.5,0.09075947026910228
R8_R6_LB_AL2395_N0_RAD_MONO_EPD5,R6_LB_AL2395_N0_RAD_EPD5,LB_AL2395,N0,RAD,5.0,MONO,-0.625,0.09566660948497885
R8_R6_LB_AL2395_N0_RAD_MONO_EPD5,R6_LB_AL2395_N0_RAD_EPD5,LB_AL2395,N0,RAD,5.0,MONO,-0.75,0.061804582936576265
R8_R6_LB_AL2395_N0_RAD_MONO_EPD5,R6_LB_AL2395_N0_RAD_EPD5,LB_AL2395,N0,RAD,5.0,MONO,-0.875,0.06268372806140943
R8_R6_LB_AL2395_N0_RAD_MONO_EPD5,R6_LB_AL2395_N0_RAD_EPD5,LB_AL2395,N0,RAD,5.0,MONO,-1.0,0.02243262575062268
R8_R6_LB_AL2395_N0_RAD_MONO_EPD5,R6_LB_AL2395_N0_RAD_EPD5,LB_AL2395,N0,RAD,5.0,MONO,-1.125,0.0019504897175968668
R8_R6_LB_AL2395_N0_RAD_MONO_EPD5,R6_LB_AL2395_N0_RAD_EPD5,LB_AL2395,N0,RAD,5.0,MONO,-1.25,0.015745722727435883
R8_R6_LB_AL2395_N0_RAD_MONO_EPD5,R6_LB_AL2395_N0_RAD_EPD5,LB_AL2395,N0,RAD,5.0,MONO,-1.375,0.02149784903646917
R8_R6_LB_AL2395_N0_RAD_MONO_EPD5,R6_LB_AL2395_N0_RAD_EPD5,LB_AL2395,N0,RAD,5.0,MONO,-1.5,0.023236576231471757
R8_R6_LB_AL2395_N0_RAD_MONO_EPD5,R6_LB_AL2395_N0_RAD_EPD5,LB_AL2395,N0,RAD,5.0,MONO,-1.625,0.021885662870103146
R8_R6_LB_AL2395_N0_RAD_MONO_EPD5,R6_LB_AL2395_N0_RAD_EPD5,LB_AL2395,N0,RAD,5.0,MONO,-1.75,0.0212311291113757
R8_R6_LB_AL2395_N0_RAD_MONO_EPD5,R6_LB_AL2395_N0_RAD_EPD5,LB_AL2395,N0,RAD,5.0,MONO,-1.875,0.01746040674672099
R8_R6_LB_AL2395_N0_RAD_MONO_EPD5,R6_LB_AL2395_N0_RAD_EPD5,LB_AL2395,N0,RAD,5.0,MONO,-2.0,0.015089018731479307
R8_R6_LB_AL2395_N0_RAD_MONO_EPD5,R6_LB_AL2395_N0_RAD_EPD5,LB_AL2395,N0,RAD,5.0,MONO,-2.125,0.0118264551101821
R8_R6_LB_AL2395_N0_RAD_MONO_EPD5,R6_LB_AL2395_N0_RAD_EPD5,LB_AL2395,N0,RAD,5.0,MONO,-2.25,0.009718679537379857
R8_R6_LB_AL2395_N0_RAD_MONO_EPD5,R6_LB_AL2395_N0_RAD_EPD5,LB_AL2395,N0,RAD,5.0,MONO,-2.375,0.007675849549375263
R8_R6_LB_AL2395_N0_RAD_MONO_EPD5,R6_LB_AL2395_N0_RAD_EPD5,LB_AL2395,N0,RAD,5.0,MONO,-2.5,0.006852654152181969
R8_R6_LB_AL2395_N0_RAD_MONO_EPD5,R6_LB_AL2395_N0_RAD_EPD5,LB_AL2395,N0,RAD,5.0,MONO,-2.625,0.005972530188055976
R8_R6_LB_AL2395_N0_RAD_MONO_EPD5,R6_LB_AL2395_N0_RAD_EPD5,LB_AL2395,N0,RAD,5.0,MONO,-2.75,0.004374488173562265
R8_R6_LB_AL2395_N0_RAD_MONO_EPD5,R6_LB_AL2395_N0_RAD_EPD5,LB_AL2395,N0,RAD,5.0,MONO,-2.875,0.0025043295595248097
R8_R6_LB_AL2395_N0_RAD_MONO_EPD5,R6_LB_AL2395_N0_RAD_EPD5,LB_AL2395,N0,RAD,5.0,MONO,-3.0,0.0018532399524834162
R8_R6_LB_AL2395_N0_RAD_MONO_EPD5,R6_LB_AL2395_N0_RAD_EPD5,LB_AL2395,N0,RAD,5.0,MONO,-3.125,0.0021414835734113063
R8_R6_LB_AL2395_N0_RAD_MONO_EPD5,R6_LB_AL2395_N0_RAD_EPD5,LB_AL2395,N0,RAD,5.0,MONO,-3.25,0.0016308661558262485
R8_R6_LB_AL2395_N0_RAD_MONO_EPD5,R6_LB_AL2395_N0_RAD_EPD5,LB_AL2395,N0,RAD,5.0,MONO,-3.375,0.0012174655814350221
R8_R6_LB_AL2395_N0_RAD_MONO_EPD5,R6_LB_AL2395_N0_RAD_EPD5,LB_AL2395,N0,RAD,5.0,MONO,-3.5,0.000802225371060626
R8_R6_LB_AL2395_N0_RAD_MONO_EPD5,R6_LB_AL2395_N0_RAD_EPD5,LB_AL2395,N0,RAD,5.0,MONO,-3.625,0.001020141358568135
R8_R6_LB_AL2395_N0_RAD_MONO_EPD5,R6_LB_AL2395_N0_RAD_EPD5,LB_AL2395,N0,RAD,5.0,MONO,-3.75,0.0010289919086975173
R8_R6_LB_AL2395_N0_RAD_MONO_EPD5,R6_LB_AL2395_N0_RAD_EPD5,LB_AL2395,N0,RAD,5.0,MONO,-3.875,0.00035556409669134146
R8_R6_LB_AL2395_N0_RAD_MONO_EPD5,R6_LB_AL2395_N0_RAD_EPD5,LB_AL2395,N0,RAD,5.0,MONO,-4.0,0.00021107665876751505
R8_R6_LB_AL2395_N0_RAD_MONO_EPD5,R6_LB_AL2395_N0_RAD_EPD5,LB_AL2395,N0,RAD,5.0,MONO,-4.125,0.0007388189994613256
R8_R6_LB_AL2395_N0_RAD_MONO_EPD5,R6_LB_AL2395_N0_RAD_EPD5,LB_AL2395,N0,RAD,5.0,MONO,-4.25,0.0006490750578940303
R8_R6_LB_AL2395_N0_RAD_MONO_EPD5,R6_LB_AL2395_N0_RAD_EPD5,LB_AL2395,N0,RAD,5.0,MONO,-4.375,0.0003471226260325155
R8_R6_LB_AL2395_N0_RAD_MONO_EPD5,R6_LB_AL2395_N0_RAD_EPD5,LB_AL2395,N0,RAD,5.0,MONO,-4.5,0.0009619684115169456
R8_R6_LB_AL2395_N0_RAD_MONO_EPD5,R6_LB_AL2395_N0_RAD_EPD5,LB_AL2395,N0,RAD,5.0,MONO,-4.625,0.0008024747039719224
R8_R6_LB_AL2395_N0_RAD_MONO_EPD5,R6_LB_AL2395_N0_RAD_EPD5,LB_AL2395,N0,RAD,5.0,MONO,-4.75,0.0007890537493701472
R8_R6_LB_AL2395_N0_RAD_MONO_EPD5,R6_LB_AL2395_N0_RAD_EPD5,LB_AL2395,N0,RAD,5.0,MONO,-4.875,0.0004973825528412063
R8_R6_LB_AL2395_N0_RAD_MONO_EPD5,R6_LB_AL2395_N0_RAD_EPD5,LB_AL2395,N0,RAD,5.0,MONO,-5.0,0.0003464726302070598
R8_R6_LB_AL2395_N0_RAD_EDOF_EPD5,R6_LB_AL2395_N0_RAD_EPD5,LB_AL2395,N0,RAD,5.0,EDOF,1.0,0.027980392960250865
R8_R6_LB_AL2395_N0_RAD_EDOF_EPD5,R6_LB_AL2395_N0_RAD_EPD5,LB_AL2395,N0,RAD,5.0,EDOF,0.875,0.07833913751505403
R8_R6_LB_AL2395_N0_RAD_EDOF_EPD5,R6_LB_AL2395_N0_RAD_EPD5,LB_AL2395,N0,RAD,5.0,EDOF,0.75,0.07972282806418965
R8_R6_LB_AL2395_N0_RAD_EDOF_EPD5,R6_LB_AL2395_N0_RAD_EPD5,LB_AL2395,N0,RAD,5.0,EDOF,0.625,0.04313499813827197
R8_R6_LB_AL2395_N0_RAD_EDOF_EPD5,R6_LB_AL2395_N0_RAD_EPD5,LB_AL2395,N0,RAD,5.0,EDOF,0.5,0.0025528887123590846
R8_R6_LB_AL2395_N0_RAD_EDOF_EPD5,R6_LB_AL2395_N0_RAD_EPD5,LB_AL2395,N0,RAD,5.0,EDOF,0.375,0.10508349682247478
R8_R6_LB_AL2395_N0_RAD_EDOF_EPD5,R6_LB_AL2395_N0_RAD_EPD5,LB_AL2395,N0,RAD,5.0,EDOF,0.25,0.14960998346391205
R8_R6_LB_AL2395_N0_RAD_EDOF_EPD5,R6_LB_AL2395_N0_RAD_EPD5,LB_AL2395,N0,RAD,5.0,EDOF,0.125,0.08008704208837114
R8_R6_LB_AL2395_N0_RAD_EDOF_EPD5,R6_LB_AL2395_N0_RAD_EPD5,LB_AL2395,N0,RAD,5.0,EDOF,0.0,0.02957893628018345
R8_R6_LB_AL2395_N0_RAD_EDOF_EPD5,R6_LB_AL2395_N0_RAD_EPD5,LB_AL2395,N0,RAD,5.0,EDOF,-0.125,0.037934781189106884
R8_R6_LB_AL2395_N0_RAD_EDOF_EPD5,R6_LB_AL2395_N0_RAD_EPD5,LB_AL2395,N0,RAD,5.0,EDOF,-0.25,0.08189747723731526
R8_R6_LB_AL2395_N0_RAD_EDOF_EPD5,R6_LB_AL2395_N0_RAD_EPD5,LB_AL2395,N0,RAD,5.0,EDOF,-0.375,0.12689290126126979
R8_R6_LB_AL2395_N0_RAD_EDOF_EPD5,R6_LB_AL2395_N0_RAD_EPD5,LB_AL2395,N0,RAD,5.0,EDOF,-0.5,0.03526912614314544
R8_R6_LB_AL2395_N0_RAD_EDOF_EPD5,R6_LB_AL2395_N0_RAD_EPD5,LB_AL2395,N0,RAD,5.0,EDOF,-0.625,0.07051183653799195
R8_R6_LB_AL2395_N0_RAD_EDOF_EPD5,R6_LB_AL2395_N0_RAD_EPD5,LB_AL2395,N0,RAD,5.0,EDOF,-0.75,0.029083803171124974
R8_R6_LB_AL2395_N0_RAD_EDOF_EPD5,R6_LB_AL2395_N0_RAD_EPD5,LB_AL2395,N0,RAD,5.0,EDOF,-0.875,0.014760894326317652
R8_R6_LB_AL2395_N0_RAD_EDOF_EPD5,R6_LB_AL2395_N0_RAD_EPD5,LB_AL2395,N0,RAD,5.0,EDOF,-1.0,0.037187519473190364
R8_R6_LB_AL2395_N0_RAD_EDOF_EPD5,R6_LB_AL2395_N0_RAD_EPD5,LB_AL2395,N0,RAD,5.0,EDOF,-1.125,0.01315270969870879
R8_R6_LB_AL2395_N0_RAD_EDOF_EPD5,R6_LB_AL2395_N0_RAD_EPD5,LB_AL2395,N0,RAD,5.0,EDOF,-1.25,0.0016644451715787016
R8_R6_LB_AL2395_N0_RAD_EDOF_EPD5,R6_LB_AL2395_N0_RAD_EPD5,LB_AL2395,N0,RAD,5.0,EDOF,-1.375,0.004969229015228675
R8_R6_LB_AL2395_N0_RAD_EDOF_EPD5,R6_LB_AL2395_N0_RAD_EPD5,LB_AL2395,N0,RAD,5.0,EDOF,-1.5,0.0031533154968071716
R8_R6_LB_AL2395_N0_RAD_EDOF_EPD5,R6_LB_AL2395_N0_RAD_EPD5,LB_AL2395,N0,RAD,5.0,EDOF,-1.625,0.006851541964745633
R8_R6_LB_AL2395_N0_RAD_EDOF_EPD5,R6_LB_AL2395_N0_RAD_EPD5,LB_AL2395,N0,RAD,5.0,EDOF,-1.75,9.061442217390536e-05
R8_R6_LB_AL2395_N0_RAD_EDOF_EPD5,R6_LB_AL2395_N0_RAD_EPD5,LB_AL2395,N0,RAD,5.0,EDOF,-1.875,0.01586180736419772
R8_R6_LB_AL2395_N0_RAD_EDOF_EPD5,R6_LB_AL2395_N0_RAD_EPD5,LB_AL2395,N0,RAD,5.0,EDOF,-2.0,0.0010340155968914376
R8_R6_LB_AL2395_N0_RAD_EDOF_EPD5,R6_LB_AL2395_N0_RAD_EPD5,LB_AL2395,N0,RAD,5.0,EDOF,-2.125,0.006414706005430436
R8_R6_LB_AL2395_N0_RAD_EDOF_EPD5,R6_LB_AL2395_N0_RAD_EPD5,LB_AL2395,N0,RAD,5.0,EDOF,-2.25,0.002703506550879491
R8_R6_LB_AL2395_N0_RAD_EDOF_EPD5,R6_LB_AL2395_N0_RAD_EPD5,LB_AL2395,N0,RAD,5.0,EDOF,-2.375,0.011286413528300463
R8_R6_LB_AL2395_N0_RAD_EDOF_EPD5,R6_LB_AL2395_N0_RAD_EPD5,LB_AL2395,N0,RAD,5.0,EDOF,-2.5,0.01623681558811891
R8_R6_LB_AL2395_N0_RAD_EDOF_EPD5,R6_LB_AL2395_N0_RAD_EPD5,LB_AL2395,N0,RAD,5.0,EDOF,-2.625,0.010001012579399858
R8_R6_LB_AL2395_N0_RAD_EDOF_EPD5,R6_LB_AL2395_N0_RAD_EPD5,LB_AL2395,N0,RAD,5.0,EDOF,-2.75,0.016319991573942448
R8_R6_LB_AL2395_N0_RAD_EDOF_EPD5,R6_LB_AL2395_N0_RAD_EPD5,LB_AL2395,N0,RAD,5.0,EDOF,-2.875,0.005764050288913504
R8_R6_LB_AL2395_N0_RAD_EDOF_EPD5,R6_LB_AL2395_N0_RAD_EPD5,LB_AL2395,N0,RAD,5.0,EDOF,-3.0,0.01756222508607159
R8_R6_LB_AL2395_N0_RAD_EDOF_EPD5,R6_LB_AL2395_N0_RAD_EPD5,LB_AL2395,N0,RAD,5.0,EDOF,-3.125,0.004077884096609566
R8_R6_LB_AL2395_N0_RAD_EDOF_EPD5,R6_LB_AL2395_N0_RAD_EPD5,LB_AL2395,N0,RAD,5.0,EDOF,-3.25,0.013518629403953044
R8_R6_LB_AL2395_N0_RAD_EDOF_EPD5,R6_LB_AL2395_N0_RAD_EPD5,LB_AL2395,N0,RAD,5.0,EDOF,-3.375,0.006177254323227991
R8_R6_LB_AL2395_N0_RAD_EDOF_EPD5,R6_LB_AL2395_N0_RAD_EPD5,LB_AL2395,N0,RAD,5.0,EDOF,-3.5,0.008912940090171127
R8_R6_LB_AL2395_N0_RAD_EDOF_EPD5,R6_LB_AL2395_N0_RAD_EPD5,LB_AL2395,N0,RAD,5.0,EDOF,-3.625,0.007770165267069656
R8_R6_LB_AL2395_N0_RAD_EDOF_EPD5,R6_LB_AL2395_N0_RAD_EPD5,LB_AL2395,N0,RAD,5.0,EDOF,-3.75,0.013860835535214042
R8_R6_LB_AL2395_N0_RAD_EDOF_EPD5,R6_LB_AL2395_N0_RAD_EPD5,LB_AL2395,N0,RAD,5.0,EDOF,-3.875,0.011178878757720776
R8_R6_LB_AL2395_N0_RAD_EDOF_EPD5,R6_LB_AL2395_N0_RAD_EPD5,LB_AL2395,N0,RAD,5.0,EDOF,-4.0,0.0026943597159121654
R8_R6_LB_AL2395_N0_RAD_EDOF_EPD5,R6_LB_AL2395_N0_RAD_EPD5,LB_AL2395,N0,RAD,5.0,EDOF,-4.125,0.001967512586237173
R8_R6_LB_AL2395_N0_RAD_EDOF_EPD5,R6_LB_AL2395_N0_RAD_EPD5,LB_AL2395,N0,RAD,5.0,EDOF,-4.25,0.0007880341027230327
R8_R6_LB_AL2395_N0_RAD_EDOF_EPD5,R6_LB_AL2395_N0_RAD_EPD5,LB_AL2395,N0,RAD,5.0,EDOF,-4.375,0.005245764902809128
R8_R6_LB_AL2395_N0_RAD_EDOF_EPD5,R6_LB_AL2395_N0_RAD_EPD5,LB_AL2395,N0,RAD,5.0,EDOF,-4.5,0.013257569286667877
R8_R6_LB_AL2395_N0_RAD_EDOF_EPD5,R6_LB_AL2395_N0_RAD_EPD5,LB_AL2395,N0,RAD,5.0,EDOF,-4.625,0.008563848552779632
R8_R6_LB_AL2395_N0_RAD_EDOF_EPD5,R6_LB_AL2395_N0_RAD_EPD5,LB_AL2395,N0,RAD,5.0,EDOF,-4.75,0.0010438140255997813
R8_R6_LB_AL2395_N0_RAD_EDOF_EPD5,R6_LB_AL2395_N0_RAD_EPD5,LB_AL2395,N0,RAD,5.0,EDOF,-4.875,0.00583142366419679
R8_R6_LB_AL2395_N0_RAD_EDOF_EPD5,R6_LB_AL2395_N0_RAD_EPD5,LB_AL2395,N0,RAD,5.0,EDOF,-5.0,0.005020428506705634
R8_R6_LB_AL2395_N0_HOA_MONO_EPD3,R6_LB_AL2395_N0_HOA_EPD3,LB_AL2395,N0,HOA,3.0,MONO,1.0,0.009041879761824684
R8_R6_LB_AL2395_N0_HOA_MONO_EPD3,R6_LB_AL2395_N0_HOA_EPD3,LB_AL2395,N0,HOA,3.0,MONO,0.875,0.009411480204212966
R8_R6_LB_AL2395_N0_HOA_MONO_EPD3,R6_LB_AL2395_N0_HOA_EPD3,LB_AL2395,N0,HOA,3.0,MONO,0.75,7.369966491314313e-05
R8_R6_LB_AL2395_N0_HOA_MONO_EPD3,R6_LB_AL2395_N0_HOA_EPD3,LB_AL2395,N0,HOA,3.0,MONO,0.625,0.04363266117428375
R8_R6_LB_AL2395_N0_HOA_MONO_EPD3,R6_LB_AL2395_N0_HOA_EPD3,LB_AL2395,N0,HOA,3.0,MONO,0.5,0.07092849741418486
R8_R6_LB_AL2395_N0_HOA_MONO_EPD3,R6_LB_AL2395_N0_HOA_EPD3,LB_AL2395,N0,HOA,3.0,MONO,0.375,0.09896862148813355
R8_R6_LB_AL2395_N0_HOA_MONO_EPD3,R6_LB_AL2395_N0_HOA_EPD3,LB_AL2395,N0,HOA,3.0,MONO,0.25,0.22723082683810783
R8_R6_LB_AL2395_N0_HOA_MONO_EPD3,R6_LB_AL2395_N0_HOA_EPD3,LB_AL2395,N0,HOA,3.0,MONO,0.125,0.43447216177350556
R8_R6_LB_AL2395_N0_HOA_MONO_EPD3,R6_LB_AL2395_N0_HOA_EPD3,LB_AL2395,N0,HOA,3.0,MONO,0.0,0.5008932548275137
R8_R6_LB_AL2395_N0_HOA_MONO_EPD3,R6_LB_AL2395_N0_HOA_EPD3,LB_AL2395,N0,HOA,3.0,MONO,-0.125,0.2897353939134717
R8_R6_LB_AL2395_N0_HOA_MONO_EPD3,R6_LB_AL2395_N0_HOA_EPD3,LB_AL2395,N0,HOA,3.0,MONO,-0.25,0.007215880073960879
R8_R6_LB_AL2395_N0_HOA_MONO_EPD3,R6_LB_AL2395_N0_HOA_EPD3,LB_AL2395,N0,HOA,3.0,MONO,-0.375,0.09791210940260414
R8_R6_LB_AL2395_N0_HOA_MONO_EPD3,R6_LB_AL2395_N0_HOA_EPD3,LB_AL2395,N0,HOA,3.0,MONO,-0.5,0.017289273340503584
R8_R6_LB_AL2395_N0_HOA_MONO_EPD3,R6_LB_AL2395_N0_HOA_EPD3,LB_AL2395,N0,HOA,3.0,MONO,-0.625,0.09308015229637256
R8_R6_LB_AL2395_N0_HOA_MONO_EPD3,R6_LB_AL2395_N0_HOA_EPD3,LB_AL2395,N0,HOA,3.0,MONO,-0.75,0.025766410468500638
R8_R6_LB_AL2395_N0_HOA_MONO_EPD3,R6_LB_AL2395_N0_HOA_EPD3,LB_AL2395,N0,HOA,3.0,MONO,-0.875,0.04435637349240837
R8_R6_LB_AL2395_N0_HOA_MONO_EPD3,R6_LB_AL2395_N0_HOA_EPD3,LB_AL2395,N0,HOA,3.0,MONO,-1.0,0.014361732482813947
R8_R6_LB_AL2395_N0_HOA_MONO_EPD3,R6_LB_AL2395_N0_HOA_EPD3,LB_AL2395,N0,HOA,3.0,MONO,-1.125,0.032853385182502595
R8_R6_LB_AL2395_N0_HOA_MONO_EPD3,R6_LB_AL2395_N0_HOA_EPD3,LB_AL2395,N0,HOA,3.0,MONO,-1.25,0.013627228962297254
R8_R6_LB_AL2395_N0_HOA_MONO_EPD3,R6_LB_AL2395_N0_HOA_EPD3,LB_AL2395,N0,HOA,3.0,MONO,-1.375,0.020065284002874943
R8_R6_LB_AL2395_N0_HOA_MONO_EPD3,R6_LB_AL2395_N0_HOA_EPD3,LB_AL2395,N0,HOA,3.0,MONO,-1.5,0.00635419680137982
R8_R6_LB_AL2395_N0_HOA_MONO_EPD3,R6_LB_AL2395_N0_HOA_EPD3,LB_AL2395,N0,HOA,3.0,MONO,-1.625,0.017067385247544985
R8_R6_LB_AL2395_N0_HOA_MONO_EPD3,R6_LB_AL2395_N0_HOA_EPD3,LB_AL2395,N0,HOA,3.0,MONO,-1.75,0.005243203547111242
R8_R6_LB_AL2395_N0_HOA_MONO_EPD3,R6_LB_AL2395_N0_HOA_EPD3,LB_AL2395,N0,HOA,3.0,MONO,-1.875,0.011412007600456985
R8_R6_LB_AL2395_N0_HOA_MONO_EPD3,R6_LB_AL2395_N0_HOA_EPD3,LB_AL2395,N0,HOA,3.0,MONO,-2.0,0.0009674822958366577
R8_R6_LB_AL2395_N0_HOA_MONO_EPD3,R6_LB_AL2395_N0_HOA_EPD3,LB_AL2395,N0,HOA,3.0,MONO,-2.125,0.009888062442586856
R8_R6_LB_AL2395_N0_HOA_MONO_EPD3,R6_LB_AL2395_N0_HOA_EPD3,LB_AL2395,N0,HOA,3.0,MONO,-2.25,0.0008939362194758855
R8_R6_LB_AL2395_N0_HOA_MONO_EPD3,R6_LB_AL2395_N0_HOA_EPD3,LB_AL2395,N0,HOA,3.0,MONO,-2.375,0.008514803684696582
R8_R6_LB_AL2395_N0_HOA_MONO_EPD3,R6_LB_AL2395_N0_HOA_EPD3,LB_AL2395,N0,HOA,3.0,MONO,-2.5,0.0020331611181539267
R8_R6_LB_AL2395_N0_HOA_MONO_EPD3,R6_LB_AL2395_N0_HOA_EPD3,LB_AL2395,N0,HOA,3.0,MONO,-2.625,0.007524865072114744
R8_R6_LB_AL2395_N0_HOA_MONO_EPD3,R6_LB_AL2395_N0_HOA_EPD3,LB_AL2395,N0,HOA,3.0,MONO,-2.75,0.0020662992965295624
R8_R6_LB_AL2395_N0_HOA_MONO_EPD3,R6_LB_AL2395_N0_HOA_EPD3,LB_AL2395,N0,HOA,3.0,MONO,-2.875,0.005697707851551574
R8_R6_LB_AL2395_N0_HOA_MONO_EPD3,R6_LB_AL2395_N0_HOA_EPD3,LB_AL2395,N0,HOA,3.0,MONO,-3.0,0.0025709989009172866
R8_R6_LB_AL2395_N0_HOA_MONO_EPD3,R6_LB_AL2395_N0_HOA_EPD3,LB_AL2395,N0,HOA,3.0,MONO,-3.125,0.004337540321245698
R8_R6_LB_AL2395_N0_HOA_MONO_EPD3,R6_LB_AL2395_N0_HOA_EPD3,LB_AL2395,N0,HOA,3.0,MONO,-3.25,0.00258058168079319
R8_R6_LB_AL2395_N0_HOA_MONO_EPD3,R6_LB_AL2395_N0_HOA_EPD3,LB_AL2395,N0,HOA,3.0,MONO,-3.375,0.0024214227307540696
R8_R6_LB_AL2395_N0_HOA_MONO_EPD3,R6_LB_AL2395_N0_HOA_EPD3,LB_AL2395,N0,HOA,3.0,MONO,-3.5,0.0035573223027061617
R8_R6_LB_AL2395_N0_HOA_MONO_EPD3,R6_LB_AL2395_N0_HOA_EPD3,LB_AL2395,N0,HOA,3.0,MONO,-3.625,0.0018351749230555423
R8_R6_LB_AL2395_N0_HOA_MONO_EPD3,R6_LB_AL2395_N0_HOA_EPD3,LB_AL2395,N0,HOA,3.0,MONO,-3.75,0.0037052596200499006
R8_R6_LB_AL2395_N0_HOA_MONO_EPD3,R6_LB_AL2395_N0_HOA_EPD3,LB_AL2395,N0,HOA,3.0,MONO,-3.875,0.0015890558699146774
R8_R6_LB_AL2395_N0_HOA_MONO_EPD3,R6_LB_AL2395_N0_HOA_EPD3,LB_AL2395,N0,HOA,3.0,MONO,-4.0,0.002835645043751697
R8_R6_LB_AL2395_N0_HOA_MONO_EPD3,R6_LB_AL2395_N0_HOA_EPD3,LB_AL2395,N0,HOA,3.0,MONO,-4.125,0.0006926916484332578
R8_R6_LB_AL2395_N0_HOA_MONO_EPD3,R6_LB_AL2395_N0_HOA_EPD3,LB_AL2395,N0,HOA,3.0,MONO,-4.25,0.0017118529367631558
R8_R6_LB_AL2395_N0_HOA_MONO_EPD3,R6_LB_AL2395_N0_HOA_EPD3,LB_AL2395,N0,HOA,3.0,MONO,-4.375,0.001361725973171475
R8_R6_LB_AL2395_N0_HOA_MONO_EPD3,R6_LB_AL2395_N0_HOA_EPD3,LB_AL2395,N0,HOA,3.0,MONO,-4.5,0.0024171528844591267
R8_R6_LB_AL2395_N0_HOA_MONO_EPD3,R6_LB_AL2395_N0_HOA_EPD3,LB_AL2395,N0,HOA,3.0,MONO,-4.625,0.0015821292971949512
R8_R6_LB_AL2395_N0_HOA_MONO_EPD3,R6_LB_AL2395_N0_HOA_EPD3,LB_AL2395,N0,HOA,3.0,MONO,-4.75,0.0021672103816373018
R8_R6_LB_AL2395_N0_HOA_MONO_EPD3,R6_LB_AL2395_N0_HOA_EPD3,LB_AL2395,N0,HOA,3.0,MONO,-4.875,0.0017477844508067756
R8_R6_LB_AL2395_N0_HOA_MONO_EPD3,R6_LB_AL2395_N0_HOA_EPD3,LB_AL2395,N0,HOA,3.0,MONO,-5.0,0.001606862631287589
R8_R6_LB_AL2395_N0_HOA_EDOF_EPD3,R6_LB_AL2395_N0_HOA_EPD3,LB_AL2395,N0,HOA,3.0,EDOF,1.0,0.031964606211293795
R8_R6_LB_AL2395_N0_HOA_EDOF_EPD3,R6_LB_AL2395_N0_HOA_EPD3,LB_AL2395,N0,HOA,3.0,EDOF,0.875,0.04171918191268822
R8_R6_LB_AL2395_N0_HOA_EDOF_EPD3,R6_LB_AL2395_N0_HOA_EPD3,LB_AL2395,N0,HOA,3.0,EDOF,0.75,0.0059152766378350406
R8_R6_LB_AL2395_N0_HOA_EDOF_EPD3,R6_LB_AL2395_N0_HOA_EPD3,LB_AL2395,N0,HOA,3.0,EDOF,0.625,0.00501182173861143
R8_R6_LB_AL2395_N0_HOA_EDOF_EPD3,R6_LB_AL2395_N0_HOA_EPD3,LB_AL2395,N0,HOA,3.0,EDOF,0.5,0.031150371637067988
R8_R6_LB_AL2395_N0_HOA_EDOF_EPD3,R6_LB_AL2395_N0_HOA_EPD3,LB_AL2395,N0,HOA,3.0,EDOF,0.375,0.03826093820400616
R8_R6_LB_AL2395_N0_HOA_EDOF_EPD3,R6_LB_AL2395_N0_HOA_EPD3,LB_AL2395,N0,HOA,3.0,EDOF,0.25,0.012406040324034737
R8_R6_LB_AL2395_N0_HOA_EDOF_EPD3,R6_LB_AL2395_N0_HOA_EPD3,LB_AL2395,N0,HOA,3.0,EDOF,0.125,0.021038900971825307
R8_R6_LB_AL2395_N0_HOA_EDOF_EPD3,R6_LB_AL2395_N0_HOA_EPD3,LB_AL2395,N0,HOA,3.0,EDOF,0.0,0.07887675731485327
R8_R6_LB_AL2395_N0_HOA_EDOF_EPD3,R6_LB_AL2395_N0_HOA_EPD3,LB_AL2395,N0,HOA,3.0,EDOF,-0.125,0.1840157534527552
R8_R6_LB_AL2395_N0_HOA_EDOF_EPD3,R6_LB_AL2395_N0_HOA_EPD3,LB_AL2395,N0,HOA,3.0,EDOF,-0.25,0.16698315519074378
R8_R6_LB_AL2395_N0_HOA_EDOF_EPD3,R6_LB_AL2395_N0_HOA_EPD3,LB_AL2395,N0,HOA,3.0,EDOF,-0.375,0.06963579675522867
R8_R6_LB_AL2395_N0_HOA_EDOF_EPD3,R6_LB_AL2395_N0_HOA_EPD3,LB_AL2395,N0,HOA,3.0,EDOF,-0.5,0.02001427117526486
R8_R6_LB_AL2395_N0_HOA_EDOF_EPD3,R6_LB_AL2395_N0_HOA_EPD3,LB_AL2395,N0,HOA,3.0,EDOF,-0.625,0.03195632363029836
R8_R6_LB_AL2395_N0_HOA_EDOF_EPD3,R6_LB_AL2395_N0_HOA_EPD3,LB_AL2395,N0,HOA,3.0,EDOF,-0.75,0.027232763333644064
R8_R6_LB_AL2395_N0_HOA_EDOF_EPD3,R6_LB_AL2395_N0_HOA_EPD3,LB_AL2395,N0,HOA,3.0,EDOF,-0.875,0.0013785131737891533
R8_R6_LB_AL2395_N0_HOA_EDOF_EPD3,R6_LB_AL2395_N0_HOA_EPD3,LB_AL2395,N0,HOA,3.0,EDOF,-1.0,0.00651852750620063
R8_R6_LB_AL2395_N0_HOA_EDOF_EPD3,R6_LB_AL2395_N0_HOA_EPD3,LB_AL2395,N0,HOA,3.0,EDOF,-1.125,0.04610160994967892
R8_R6_LB_AL2395_N0_HOA_EDOF_EPD3,R6_LB_AL2395_N0_HOA_EPD3,LB_AL2395,N0,HOA,3.0,EDOF,-1.25,0.051806665123359616
R8_R6_LB_AL2395_N0_HOA_EDOF_EPD3,R6_LB_AL2395_N0_HOA_EPD3,LB_AL2395,N0,HOA,3.0,EDOF,-1.375,0.017157342288610218
R8_R6_LB_AL2395_N0_HOA_EDOF_EPD3,R6_LB_AL2395_N0_HOA_EPD3,LB_AL2395,N0,HOA,3.0,EDOF,-1.5,0.002344880844686435
R8_R6_LB_AL2395_N0_HOA_EDOF_EPD3,R6_LB_AL2395_N0_HOA_EPD3,LB_AL2395,N0,HOA,3.0,EDOF,-1.625,0.007712836041774561
R8_R6_LB_AL2395_N0_HOA_EDOF_EPD3,R6_LB_AL2395_N0_HOA_EPD3,LB_AL2395,N0,HOA,3.0,EDOF,-1.75,0.011846843481690435
R8_R6_LB_AL2395_N0_HOA_EDOF_EPD3,R6_LB_AL2395_N0_HOA_EPD3,LB_AL2395,N0,HOA,3.0,EDOF,-1.875,0.003562024574137931
R8_R6_LB_AL2395_N0_HOA_EDOF_EPD3,R6_LB_AL2395_N0_HOA_EPD3,LB_AL2395,N0,HOA,3.0,EDOF,-2.0,0.008681906281156258
R8_R6_LB_AL2395_N0_HOA_EDOF_EPD3,R6_LB_AL2395_N0_HOA_EPD3,LB_AL2395,N0,HOA,3.0,EDOF,-2.125,0.02454911239512598
R8_R6_LB_AL2395_N0_HOA_EDOF_EPD3,R6_LB_AL2395_N0_HOA_EPD3,LB_AL2395,N0,HOA,3.0,EDOF,-2.25,0.026721946313508143
R8_R6_LB_AL2395_N0_HOA_EDOF_EPD3,R6_LB_AL2395_N0_HOA_EPD3,LB_AL2395,N0,HOA,3.0,EDOF,-2.375,0.01939317097600651
R8_R6_LB_AL2395_N0_HOA_EDOF_EPD3,R6_LB_AL2395_N0_HOA_EPD3,LB_AL2395,N0,HOA,3.0,EDOF,-2.5,0.021441749186843342
R8_R6_LB_AL2395_N0_HOA_EDOF_EPD3,R6_LB_AL2395_N0_HOA_EPD3,LB_AL2395,N0,HOA,3.0,EDOF,-2.625,0.024305460556469566
R8_R6_LB_AL2395_N0_HOA_EDOF_EPD3,R6_LB_AL2395_N0_HOA_EPD3,LB_AL2395,N0,HOA,3.0,EDOF,-2.75,0.011633208005398351
R8_R6_LB_AL2395_N0_HOA_EDOF_EPD3,R6_LB_AL2395_N0_HOA_EPD3,LB_AL2395,N0,HOA,3.0,EDOF,-2.875,0.003949695168664276
R8_R6_LB_AL2395_N0_HOA_EDOF_EPD3,R6_LB_AL2395_N0_HOA_EPD3,LB_AL2395,N0,HOA,3.0,EDOF,-3.0,0.004544177040614458
R8_R6_LB_AL2395_N0_HOA_EDOF_EPD3,R6_LB_AL2395_N0_HOA_EPD3,LB_AL2395,N0,HOA,3.0,EDOF,-3.125,0.001154398021292785
R8_R6_LB_AL2395_N0_HOA_EDOF_EPD3,R6_LB_AL2395_N0_HOA_EPD3,LB_AL2395,N0,HOA,3.0,EDOF,-3.25,6.949296171506012e-05
R8_R6_LB_AL2395_N0_HOA_EDOF_EPD3,R6_LB_AL2395_N0_HOA_EPD3,LB_AL2395,N0,HOA,3.0,EDOF,-3.375,8.901012582818873e-05
R8_R6_LB_AL2395_N0_HOA_EDOF_EPD3,R6_LB_AL2395_N0_HOA_EPD3,LB_AL2395,N0,HOA,3.0,EDOF,-3.5,0.007059829781774207
R8_R6_LB_AL2395_N0_HOA_EDOF_EPD3,R6_LB_AL2395_N0_HOA_EPD3,LB_AL2395,N0,HOA,3.0,EDOF,-3.625,0.011318150684983713
R8_R6_LB_AL2395_N0_HOA_EDOF_EPD3,R6_LB_AL2395_N0_HOA_EPD3,LB_AL2395,N0,HOA,3.0,EDOF,-3.75,0.008778729586000376
R8_R6_LB_AL2395_N0_HOA_EDOF_EPD3,R6_LB_AL2395_N0_HOA_EPD3,LB_AL2395,N0,HOA,3.0,EDOF,-3.875,0.01004792957947075
R8_R6_LB_AL2395_N0_HOA_EDOF_EPD3,R6_LB_AL2395_N0_HOA_EPD3,LB_AL2395,N0,HOA,3.0,EDOF,-4.0,0.016348579449541954
R8_R6_LB_AL2395_N0_HOA_EDOF_EPD3,R6_LB_AL2395_N0_HOA_EPD3,LB_AL2395,N0,HOA,3.0,EDOF,-4.125,0.01673542738854367
R8_R6_LB_AL2395_N0_HOA_EDOF_EPD3,R6_LB_AL2395_N0_HOA_EPD3,LB_AL2395,N0,HOA,3.0,EDOF,-4.25,0.011944259787001326
R8_R6_LB_AL2395_N0_HOA_EDOF_EPD3,R6_LB_AL2395_N0_HOA_EPD3,LB_AL2395,N0,HOA,3.0,EDOF,-4.375,0.012827362145863701
R8_R6_LB_AL2395_N0_HOA_EDOF_EPD3,R6_LB_AL2395_N0_HOA_EPD3,LB_AL2395,N0,HOA,3.0,EDOF,-4.5,0.017898387917036098
R8_R6_LB_AL2395_N0_HOA_EDOF_EPD3,R6_LB_AL2395_N0_HOA_EPD3,LB_AL2395,N0,HOA,3.0,EDOF,-4.625,0.01837501294629385
R8_R6_LB_AL2395_N0_HOA_EDOF_EPD3,R6_LB_AL2395_N0_HOA_EPD3,LB_AL2395,N0,HOA,3.0,EDOF,-4.75,0.016954888691751477
R8_R6_LB_AL2395_N0_HOA_EDOF_EPD3,R6_LB_AL2395_N0_HOA_EPD3,LB_AL2395,N0,HOA,3.0,EDOF,-4.875,0.020122016214404563
R8_R6_LB_AL2395_N0_HOA_EDOF_EPD3,R6_LB_AL2395_N0_HOA_EPD3,LB_AL2395,N0,HOA,3.0,EDOF,-5.0,0.022627241262798303
R8_R6_LB_AL2395_N0_HOA_MONO_EPD5,R6_LB_AL2395_N0_HOA_EPD5,LB_AL2395,N0,HOA,5.0,MONO,1.0,0.001967383332534195
R8_R6_LB_AL2395_N0_HOA_MONO_EPD5,R6_LB_AL2395_N0_HOA_EPD5,LB_AL2395,N0,HOA,5.0,MONO,0.875,0.0003544181981005955
R8_R6_LB_AL2395_N0_HOA_MONO_EPD5,R6_LB_AL2395_N0_HOA_EPD5,LB_AL2395,N0,HOA,5.0,MONO,0.75,0.0032959972233752195
R8_R6_LB_AL2395_N0_HOA_MONO_EPD5,R6_LB_AL2395_N0_HOA_EPD5,LB_AL2395,N0,HOA,5.0,MONO,0.625,0.0081869694499848
R8_R6_LB_AL2395_N0_HOA_MONO_EPD5,R6_LB_AL2395_N0_HOA_EPD5,LB_AL2395,N0,HOA,5.0,MONO,0.5,0.02280251527035344
R8_R6_LB_AL2395_N0_HOA_MONO_EPD5,R6_LB_AL2395_N0_HOA_EPD5,LB_AL2395,N0,HOA,5.0,MONO,0.375,0.04687454124046461
R8_R6_LB_AL2395_N0_HOA_MONO_EPD5,R6_LB_AL2395_N0_HOA_EPD5,LB_AL2395,N0,HOA,5.0,MONO,0.25,0.09023043838036227
R8_R6_LB_AL2395_N0_HOA_MONO_EPD5,R6_LB_AL2395_N0_HOA_EPD5,LB_AL2395,N0,HOA,5.0,MONO,0.125,0.13427031804939538
R8_R6_LB_AL2395_N0_HOA_MONO_EPD5,R6_LB_AL2395_N0_HOA_EPD5,LB_AL2395,N0,HOA,5.0,MONO,0.0,0.15536298085732805
R8_R6_LB_AL2395_N0_HOA_MONO_EPD5,R6_LB_AL2395_N0_HOA_EPD5,LB_AL2395,N0,HOA,5.0,MONO,-0.125,0.12250251393719964
R8_R6_LB_AL2395_N0_HOA_MONO_EPD5,R6_LB_AL2395_N0_HOA_EPD5,LB_AL2395,N0,HOA,5.0,MONO,-0.25,0.049078176965971984
R8_R6_LB_AL2395_N0_HOA_MONO_EPD5,R6_LB_AL2395_N0_HOA_EPD5,LB_AL2395,N0,HOA,5.0,MONO,-0.375,0.0003022106442527972
R8_R6_LB_AL2395_N0_HOA_MONO_EPD5,R6_LB_AL2395_N0_HOA_EPD5,LB_AL2395,N0,HOA,5.0,MONO,-0.5,0.029776664755471395
R8_R6_LB_AL2395_N0_HOA_MONO_EPD5,R6_LB_AL2395_N0_HOA_EPD5,LB_AL2395,N0,HOA,5.0,MONO,-0.625,0.09130839431662749
R8_R6_LB_AL2395_N0_HOA_MONO_EPD5,R6_LB_AL2395_N0_HOA_EPD5,LB_AL2395,N0,HOA,5.0,MONO,-0.75,0.05832247806064375
R8_R6_LB_AL2395_N0_HOA_MONO_EPD5,R6_LB_AL2395_N0_HOA_EPD5,LB_AL2395,N0,HOA,5.0,MONO,-0.875,0.014449642619101026
R8_R6_LB_AL2395_N0_HOA_MONO_EPD5,R6_LB_AL2395_N0_HOA_EPD5,LB_AL2395,N0,HOA,5.0,MONO,-1.0,0.013192616646943942
R8_R6_LB_AL2395_N0_HOA_MONO_EPD5,R6_LB_AL2395_N0_HOA_EPD5,LB_AL2395,N0,HOA,5.0,MONO,-1.125,0.07441849874738803
R8_R6_LB_AL2395_N0_HOA_MONO_EPD5,R6_LB_AL2395_N0_HOA_EPD5,LB_AL2395,N0,HOA,5.0,MONO,-1.25,0.03385841921422676
R8_R6_LB_AL2395_N0_HOA_MONO_EPD5,R6_LB_AL2395_N0_HOA_EPD5,LB_AL2395,N0,HOA,5.0,MONO,-1.375,0.015922062913684802
R8_R6_LB_AL2395_N0_HOA_MONO_EPD5,R6_LB_AL2395_N0_HOA_EPD5,LB_AL2395,N0,HOA,5.0,MONO,-1.5,0.05437103273550562
R8_R6_LB_AL2395_N0_HOA_MONO_EPD5,R6_LB_AL2395_N0_HOA_EPD5,LB_AL2395,N0,HOA,5.0,MONO,-1.625,0.02027893790042926
R8_R6_LB_AL2395_N0_HOA_MONO_EPD5,R6_LB_AL2395_N0_HOA_EPD5,LB_AL2395,N0,HOA,5.0,MONO,-1.75,0.01903144518432704
R8_R6_LB_AL2395_N0_HOA_MONO_EPD5,R6_LB_AL2395_N0_HOA_EPD5,LB_AL2395,N0,HOA,5.0,MONO,-1.875,0.03599811464413237
R8_R6_LB_AL2395_N0_HOA_MONO_EPD5,R6_LB_AL2395_N0_HOA_EPD5,LB_AL2395,N0,HOA,5.0,MONO,-2.0,0.010878676287081309
R8_R6_LB_AL2395_N0_HOA_MONO_EPD5,R6_LB_AL2395_N0_HOA_EPD5,LB_AL2395,N0,HOA,5.0,MONO,-2.125,0.006315601316979095
R8_R6_LB_AL2395_N0_HOA_MONO_EPD5,R6_LB_AL2395_N0_HOA_EPD5,LB_AL2395,N0,HOA,5.0,MONO,-2.25,0.02253590563971457
R8_R6_LB_AL2395_N0_HOA_MONO_EPD5,R6_LB_AL2395_N0_HOA_EPD5,LB_AL2395,N0,HOA,5.0,MONO,-2.375,0.02317617263086194
R8_R6_LB_AL2395_N0_HOA_MONO_EPD5,R6_LB_AL2395_N0_HOA_EPD5,LB_AL2395,N0,HOA,5.0,MONO,-2.5,0.014816841357585951
R8_R6_LB_AL2395_N0_HOA_MONO_EPD5,R6_LB_AL2395_N0_HOA_EPD5,LB_AL2395,N0,HOA,5.0,MONO,-2.625,0.000450078882251016
R8_R6_LB_AL2395_N0_HOA_MONO_EPD5,R6_LB_AL2395_N0_HOA_EPD5,LB_AL2395,N0,HOA,5.0,MONO,-2.75,0.010346693236873494
R8_R6_LB_AL2395_N0_HOA_MONO_EPD5,R6_LB_AL2395_N0_HOA_EPD5,LB_AL2395,N0,HOA,5.0,MONO,-2.875,0.01891635136846548
R8_R6_LB_AL2395_N0_HOA_MONO_EPD5,R6_LB_AL2395_N0_HOA_EPD5,LB_AL2395,N0,HOA,5.0,MONO,-3.0,0.021017697851813608
R8_R6_LB_AL2395_N0_HOA_MONO_EPD5,R6_LB_AL2395_N0_HOA_EPD5,LB_AL2395,N0,HOA,5.0,MONO,-3.125,0.020288159372585934
R8_R6_LB_AL2395_N0_HOA_MONO_EPD5,R6_LB_AL2395_N0_HOA_EPD5,LB_AL2395,N0,HOA,5.0,MONO,-3.25,0.01673062435448546
R8_R6_LB_AL2395_N0_HOA_MONO_EPD5,R6_LB_AL2395_N0_HOA_EPD5,LB_AL2395,N0,HOA,5.0,MONO,-3.375,0.013864263153669806
R8_R6_LB_AL2395_N0_HOA_MONO_EPD5,R6_LB_AL2395_N0_HOA_EPD5,LB_AL2395,N0,HOA,5.0,MONO,-3.5,0.01074793935590334
R8_R6_LB_AL2395_N0_HOA_MONO_EPD5,R6_LB_AL2395_N0_HOA_EPD5,LB_AL2395,N0,HOA,5.0,MONO,-3.625,0.007590883297320269
R8_R6_LB_AL2395_N0_HOA_MONO_EPD5,R6_LB_AL2395_N0_HOA_EPD5,LB_AL2395,N0,HOA,5.0,MONO,-3.75,0.004944529262318805
R8_R6_LB_AL2395_N0_HOA_MONO_EPD5,R6_LB_AL2395_N0_HOA_EPD5,LB_AL2395,N0,HOA,5.0,MONO,-3.875,0.004354651191557011
R8_R6_LB_AL2395_N0_HOA_MONO_EPD5,R6_LB_AL2395_N0_HOA_EPD5,LB_AL2395,N0,HOA,5.0,MONO,-4.0,0.004746403480589193
R8_R6_LB_AL2395_N0_HOA_MONO_EPD5,R6_LB_AL2395_N0_HOA_EPD5,LB_AL2395,N0,HOA,5.0,MONO,-4.125,0.004850609947277724
R8_R6_LB_AL2395_N0_HOA_MONO_EPD5,R6_LB_AL2395_N0_HOA_EPD5,LB_AL2395,N0,HOA,5.0,MONO,-4.25,0.005202979254484851
R8_R6_LB_AL2395_N0_HOA_MONO_EPD5,R6_LB_AL2395_N0_HOA_EPD5,LB_AL2395,N0,HOA,5.0,MONO,-4.375,0.005663356774575667
R8_R6_LB_AL2395_N0_HOA_MONO_EPD5,R6_LB_AL2395_N0_HOA_EPD5,LB_AL2395,N0,HOA,5.0,MONO,-4.5,0.006595682876166773
R8_R6_LB_AL2395_N0_HOA_MONO_EPD5,R6_LB_AL2395_N0_HOA_EPD5,LB_AL2395,N0,HOA,5.0,MONO,-4.625,0.006557310001568927
R8_R6_LB_AL2395_N0_HOA_MONO_EPD5,R6_LB_AL2395_N0_HOA_EPD5,LB_AL2395,N0,HOA,5.0,MONO,-4.75,0.005662639931696347
R8_R6_LB_AL2395_N0_HOA_MONO_EPD5,R6_LB_AL2395_N0_HOA_EPD5,LB_AL2395,N0,HOA,5.0,MONO,-4.875,0.005817246092857252
R8_R6_LB_AL2395_N0_HOA_MONO_EPD5,R6_LB_AL2395_N0_HOA_EPD5,LB_AL2395,N0,HOA,5.0,MONO,-5.0,0.004368452950241046
R8_R6_LB_AL2395_N0_HOA_EDOF_EPD5,R6_LB_AL2395_N0_HOA_EPD5,LB_AL2395,N0,HOA,5.0,EDOF,1.0,0.012782030550160917
R8_R6_LB_AL2395_N0_HOA_EDOF_EPD5,R6_LB_AL2395_N0_HOA_EPD5,LB_AL2395,N0,HOA,5.0,EDOF,0.875,0.004666589538143389
R8_R6_LB_AL2395_N0_HOA_EDOF_EPD5,R6_LB_AL2395_N0_HOA_EPD5,LB_AL2395,N0,HOA,5.0,EDOF,0.75,0.009647974678604126
R8_R6_LB_AL2395_N0_HOA_EDOF_EPD5,R6_LB_AL2395_N0_HOA_EPD5,LB_AL2395,N0,HOA,5.0,EDOF,0.625,0.0007462298074438357
R8_R6_LB_AL2395_N0_HOA_EDOF_EPD5,R6_LB_AL2395_N0_HOA_EPD5,LB_AL2395,N0,HOA,5.0,EDOF,0.5,0.004406155676914923
R8_R6_LB_AL2395_N0_HOA_EDOF_EPD5,R6_LB_AL2395_N0_HOA_EPD5,LB_AL2395,N0,HOA,5.0,EDOF,0.375,0.01782907104216317
R8_R6_LB_AL2395_N0_HOA_EDOF_EPD5,R6_LB_AL2395_N0_HOA_EPD5,LB_AL2395,N0,HOA,5.0,EDOF,0.25,0.00876211006464332
R8_R6_LB_AL2395_N0_HOA_EDOF_EPD5,R6_LB_AL2395_N0_HOA_EPD5,LB_AL2395,N0,HOA,5.0,EDOF,0.125,0.02317312880234538
R8_R6_LB_AL2395_N0_HOA_EDOF_EPD5,R6_LB_AL2395_N0_HOA_EPD5,LB_AL2395,N0,HOA,5.0,EDOF,0.0,0.030863674505766124
R8_R6_LB_AL2395_N0_HOA_EDOF_EPD5,R6_LB_AL2395_N0_HOA_EPD5,LB_AL2395,N0,HOA,5.0,EDOF,-0.125,0.056947594882425276
R8_R6_LB_AL2395_N0_HOA_EDOF_EPD5,R6_LB_AL2395_N0_HOA_EPD5,LB_AL2395,N0,HOA,5.0,EDOF,-0.25,0.07560919061368128
R8_R6_LB_AL2395_N0_HOA_EDOF_EPD5,R6_LB_AL2395_N0_HOA_EPD5,LB_AL2395,N0,HOA,5.0,EDOF,-0.375,0.11089594515773232
R8_R6_LB_AL2395_N0_HOA_EDOF_EPD5,R6_LB_AL2395_N0_HOA_EPD5,LB_AL2395,N0,HOA,5.0,EDOF,-0.5,0.062744209031005
R8_R6_LB_AL2395_N0_HOA_EDOF_EPD5,R6_LB_AL2395_N0_HOA_EPD5,LB_AL2395,N0,HOA,5.0,EDOF,-0.625,0.008107262293576209
R8_R6_LB_AL2395_N0_HOA_EDOF_EPD5,R6_LB_AL2395_N0_HOA_EPD5,LB_AL2395,N0,HOA,5.0,EDOF,-0.75,0.0542368261225062
R8_R6_LB_AL2395_N0_HOA_EDOF_EPD5,R6_LB_AL2395_N0_HOA_EPD5,LB_AL2395,N0,HOA,5.0,EDOF,-0.875,0.08424141559266192
R8_R6_LB_AL2395_N0_HOA_EDOF_EPD5,R6_LB_AL2395_N0_HOA_EPD5,LB_AL2395,N0,HOA,5.0,EDOF,-1.0,0.0021476609948108804
R8_R6_LB_AL2395_N0_HOA_EDOF_EPD5,R6_LB_AL2395_N0_HOA_EPD5,LB_AL2395,N0,HOA,5.0,EDOF,-1.125,0.04942356816593392
R8_R6_LB_AL2395_N0_HOA_EDOF_EPD5,R6_LB_AL2395_N0_HOA_EPD5,LB_AL2395,N0,HOA,5.0,EDOF,-1.25,0.0784712470649914
R8_R6_LB_AL2395_N0_HOA_EDOF_EPD5,R6_LB_AL2395_N0_HOA_EPD5,LB_AL2395,N0,HOA,5.0,EDOF,-1.375,0.030162316160471492
R8_R6_LB_AL2395_N0_HOA_EDOF_EPD5,R6_LB_AL2395_N0_HOA_EPD5,LB_AL2395,N0,HOA,5.0,EDOF,-1.5,0.028265206169373586
R8_R6_LB_AL2395_N0_HOA_EDOF_EPD5,R6_LB_AL2395_N0_HOA_EPD5,LB_AL2395,N0,HOA,5.0,EDOF,-1.625,0.03435720656543748
R8_R6_LB_AL2395_N0_HOA_EDOF_EPD5,R6_LB_AL2395_N0_HOA_EPD5,LB_AL2395,N0,HOA,5.0,EDOF,-1.75,0.004514421063343209
R8_R6_LB_AL2395_N0_HOA_EDOF_EPD5,R6_LB_AL2395_N0_HOA_EPD5,LB_AL2395,N0,HOA,5.0,EDOF,-1.875,0.019600138295731533
R8_R6_LB_AL2395_N0_HOA_EDOF_EPD5,R6_LB_AL2395_N0_HOA_EPD5,LB_AL2395,N0,HOA,5.0,EDOF,-2.0,0.0069253547973092315
R8_R6_LB_AL2395_N0_HOA_EDOF_EPD5,R6_LB_AL2395_N0_HOA_EPD5,LB_AL2395,N0,HOA,5.0,EDOF,-2.125,0.009288224336056097
R8_R6_LB_AL2395_N0_HOA_EDOF_EPD5,R6_LB_AL2395_N0_HOA_EPD5,LB_AL2395,N0,HOA,5.0,EDOF,-2.25,0.025738244659869392
R8_R6_LB_AL2395_N0_HOA_EDOF_EPD5,R6_LB_AL2395_N0_HOA_EPD5,LB_AL2395,N0,HOA,5.0,EDOF,-2.375,0.012481300668993382
R8_R6_LB_AL2395_N0_HOA_EDOF_EPD5,R6_LB_AL2395_N0_HOA_EPD5,LB_AL2395,N0,HOA,5.0,EDOF,-2.5,0.02218213835133915
R8_R6_LB_AL2395_N0_HOA_EDOF_EPD5,R6_LB_AL2395_N0_HOA_EPD5,LB_AL2395,N0,HOA,5.0,EDOF,-2.625,0.005220554182020203
R8_R6_LB_AL2395_N0_HOA_EDOF_EPD5,R6_LB_AL2395_N0_HOA_EPD5,LB_AL2395,N0,HOA,5.0,EDOF,-2.75,0.0024325805834675834
R8_R6_LB_AL2395_N0_HOA_EDOF_EPD5,R6_LB_AL2395_N0_HOA_EPD5,LB_AL2395,N0,HOA,5.0,EDOF,-2.875,0.010159686076373261
R8_R6_LB_AL2395_N0_HOA_EDOF_EPD5,R6_LB_AL2395_N0_HOA_EPD5,LB_AL2395,N0,HOA,5.0,EDOF,-3.0,0.019259719399012047
R8_R6_LB_AL2395_N0_HOA_EDOF_EPD5,R6_LB_AL2395_N0_HOA_EPD5,LB_AL2395,N0,HOA,5.0,EDOF,-3.125,0.026547403562574467
R8_R6_LB_AL2395_N0_HOA_EDOF_EPD5,R6_LB_AL2395_N0_HOA_EPD5,LB_AL2395,N0,HOA,5.0,EDOF,-3.25,0.023216183862636103
R8_R6_LB_AL2395_N0_HOA_EDOF_EPD5,R6_LB_AL2395_N0_HOA_EPD5,LB_AL2395,N0,HOA,5.0,EDOF,-3.375,0.014219403492034715
R8_R6_LB_AL2395_N0_HOA_EDOF_EPD5,R6_LB_AL2395_N0_HOA_EPD5,LB_AL2395,N0,HOA,5.0,EDOF,-3.5,0.006483694399670286
R8_R6_LB_AL2395_N0_HOA_EDOF_EPD5,R6_LB_AL2395_N0_HOA_EPD5,LB_AL2395,N0,HOA,5.0,EDOF,-3.625,0.006952280810736604
R8_R6_LB_AL2395_N0_HOA_EDOF_EPD5,R6_LB_AL2395_N0_HOA_EPD5,LB_AL2395,N0,HOA,5.0,EDOF,-3.75,0.00040078012045413527
R8_R6_LB_AL2395_N0_HOA_EDOF_EPD5,R6_LB_AL2395_N0_HOA_EPD5,LB_AL2395,N0,HOA,5.0,EDOF,-3.875,0.009349174161267003
R8_R6_LB_AL2395_N0_HOA_EDOF_EPD5,R6_LB_AL2395_N0_HOA_EPD5,LB_AL2395,N0,HOA,5.0,EDOF,-4.0,0.004565701193223884
R8_R6_LB_AL2395_N0_HOA_EDOF_EPD5,R6_LB_AL2395_N0_HOA_EPD5,LB_AL2395,N0,HOA,5.0,EDOF,-4.125,0.009608000674576091
R8_R6_LB_AL2395_N0_HOA_EDOF_EPD5,R6_LB_AL2395_N0_HOA_EPD5,LB_AL2395,N0,HOA,5.0,EDOF,-4.25,0.0018161255874918686
R8_R6_LB_AL2395_N0_HOA_EDOF_EPD5,R6_LB_AL2395_N0_HOA_EPD5,LB_AL2395,N0,HOA,5.0,EDOF,-4.375,0.005853212878652404
R8_R6_LB_AL2395_N0_HOA_EDOF_EPD5,R6_LB_AL2395_N0_HOA_EPD5,LB_AL2395,N0,HOA,5.0,EDOF,-4.5,0.0003513618722706431
R8_R6_LB_AL2395_N0_HOA_EDOF_EPD5,R6_LB_AL2395_N0_HOA_EPD5,LB_AL2395,N0,HOA,5.0,EDOF,-4.625,0.017871932002363693
R8_R6_LB_AL2395_N0_HOA_EDOF_EPD5,R6_LB_AL2395_N0_HOA_EPD5,LB_AL2395,N0,HOA,5.0,EDOF,-4.75,0.0019170962887486273
R8_R6_LB_AL2395_N0_HOA_EDOF_EPD5,R6_LB_AL2395_N0_HOA_EPD5,LB_AL2395,N0,HOA,5.0,EDOF,-4.875,0.011465715808662418
R8_R6_LB_AL2395_N0_HOA_EDOF_EPD5,R6_LB_AL2395_N0_HOA_EPD5,LB_AL2395,N0,HOA,5.0,EDOF,-5.0,0.007858682592366493
R8_R6_LB_AL2395_A0_WFS_MONO_EPD3,R6_LB_AL2395_A0_WFS_EPD3,LB_AL2395,A0,WFS,3.0,MONO,1.0,0.005536351559417528
R8_R6_LB_AL2395_A0_WFS_MONO_EPD3,R6_LB_AL2395_A0_WFS_EPD3,LB_AL2395,A0,WFS,3.0,MONO,0.875,0.015217853737908422
R8_R6_LB_AL2395_A0_WFS_MONO_EPD3,R6_LB_AL2395_A0_WFS_EPD3,LB_AL2395,A0,WFS,3.0,MONO,0.75,0.0016461185578111655
R8_R6_LB_AL2395_A0_WFS_MONO_EPD3,R6_LB_AL2395_A0_WFS_EPD3,LB_AL2395,A0,WFS,3.0,MONO,0.625,0.03127946143824882
R8_R6_LB_AL2395_A0_WFS_MONO_EPD3,R6_LB_AL2395_A0_WFS_EPD3,LB_AL2395,A0,WFS,3.0,MONO,0.5,0.02272964910287234
R8_R6_LB_AL2395_A0_WFS_MONO_EPD3,R6_LB_AL2395_A0_WFS_EPD3,LB_AL2395,A0,WFS,3.0,MONO,0.375,0.019649931585277048
R8_R6_LB_AL2395_A0_WFS_MONO_EPD3,R6_LB_AL2395_A0_WFS_EPD3,LB_AL2395,A0,WFS,3.0,MONO,0.25,0.16556901938747015
R8_R6_LB_AL2395_A0_WFS_MONO_EPD3,R6_LB_AL2395_A0_WFS_EPD3,LB_AL2395,A0,WFS,3.0,MONO,0.125,0.4446274437017727
R8_R6_LB_AL2395_A0_WFS_MONO_EPD3,R6_LB_AL2395_A0_WFS_EPD3,LB_AL2395,A0,WFS,3.0,MONO,0.0,0.5896402044190319
R8_R6_LB_AL2395_A0_WFS_MONO_EPD3,R6_LB_AL2395_A0_WFS_EPD3,LB_AL2395,A0,WFS,3.0,MONO,-0.125,0.4034471300493848
R8_R6_LB_AL2395_A0_WFS_MONO_EPD3,R6_LB_AL2395_A0_WFS_EPD3,LB_AL2395,A0,WFS,3.0,MONO,-0.25,0.05944124454262442
R8_R6_LB_AL2395_A0_WFS_MONO_EPD3,R6_LB_AL2395_A0_WFS_EPD3,LB_AL2395,A0,WFS,3.0,MONO,-0.375,0.10634073116279345
R8_R6_LB_AL2395_A0_WFS_MONO_EPD3,R6_LB_AL2395_A0_WFS_EPD3,LB_AL2395,A0,WFS,3.0,MONO,-0.5,0.028283960277599784
R8_R6_LB_AL2395_A0_WFS_MONO_EPD3,R6_LB_AL2395_A0_WFS_EPD3,LB_AL2395,A0,WFS,3.0,MONO,-0.625,0.06802706487220277
R8_R6_LB_AL2395_A0_WFS_MONO_EPD3,R6_LB_AL2395_A0_WFS_EPD3,LB_AL2395,A0,WFS,3.0,MONO,-0.75,0.03581948290640121
R8_R6_LB_AL2395_A0_WFS_MONO_EPD3,R6_LB_AL2395_A0_WFS_EPD3,LB_AL2395,A0,WFS,3.0,MONO,-0.875,0.029807685180893335
R8_R6_LB_AL2395_A0_WFS_MONO_EPD3,R6_LB_AL2395_A0_WFS_EPD3,LB_AL2395,A0,WFS,3.0,MONO,-1.0,0.018061311099897597
R8_R6_LB_AL2395_A0_WFS_MONO_EPD3,R6_LB_AL2395_A0_WFS_EPD3,LB_AL2395,A0,WFS,3.0,MONO,-1.125,0.022944056715477605
R8_R6_LB_AL2395_A0_WFS_MONO_EPD3,R6_LB_AL2395_A0_WFS_EPD3,LB_AL2395,A0,WFS,3.0,MONO,-1.25,0.014295731932782508
R8_R6_LB_AL2395_A0_WFS_MONO_EPD3,R6_LB_AL2395_A0_WFS_EPD3,LB_AL2395,A0,WFS,3.0,MONO,-1.375,0.014470980627676171
R8_R6_LB_AL2395_A0_WFS_MONO_EPD3,R6_LB_AL2395_A0_WFS_EPD3,LB_AL2395,A0,WFS,3.0,MONO,-1.5,0.007257991840319896
R8_R6_LB_AL2395_A0_WFS_MONO_EPD3,R6_LB_AL2395_A0_WFS_EPD3,LB_AL2395,A0,WFS,3.0,MONO,-1.625,0.013348365209767338
R8_R6_LB_AL2395_A0_WFS_MONO_EPD3,R6_LB_AL2395_A0_WFS_EPD3,LB_AL2395,A0,WFS,3.0,MONO,-1.75,0.006248049943485668
R8_R6_LB_AL2395_A0_WFS_MONO_EPD3,R6_LB_AL2395_A0_WFS_EPD3,LB_AL2395,A0,WFS,3.0,MONO,-1.875,0.00918196678214307
R8_R6_LB_AL2395_A0_WFS_MONO_EPD3,R6_LB_AL2395_A0_WFS_EPD3,LB_AL2395,A0,WFS,3.0,MONO,-2.0,0.0025695902538918
R8_R6_LB_AL2395_A0_WFS_MONO_EPD3,R6_LB_AL2395_A0_WFS_EPD3,LB_AL2395,A0,WFS,3.0,MONO,-2.125,0.008152097341450637
R8_R6_LB_AL2395_A0_WFS_MONO_EPD3,R6_LB_AL2395_A0_WFS_EPD3,LB_AL2395,A0,WFS,3.0,MONO,-2.25,0.0006460385327103163
R8_R6_LB_AL2395_A0_WFS_MONO_EPD3,R6_LB_AL2395_A0_WFS_EPD3,LB_AL2395,A0,WFS,3.0,MONO,-2.375,0.007470272762899999
R8_R6_LB_AL2395_A0_WFS_MONO_EPD3,R6_LB_AL2395_A0_WFS_EPD3,LB_AL2395,A0,WFS,3.0,MONO,-2.5,0.00048508852364273047
R8_R6_LB_AL2395_A0_WFS_MONO_EPD3,R6_LB_AL2395_A0_WFS_EPD3,LB_AL2395,A0,WFS,3.0,MONO,-2.625,0.007077574991362927
R8_R6_LB_AL2395_A0_WFS_MONO_EPD3,R6_LB_AL2395_A0_WFS_EPD3,LB_AL2395,A0,WFS,3.0,MONO,-2.75,0.0005245811190639375
R8_R6_LB_AL2395_A0_WFS_MONO_EPD3,R6_LB_AL2395_A0_WFS_EPD3,LB_AL2395,A0,WFS,3.0,MONO,-2.875,0.005773192931839707
R8_R6_LB_AL2395_A0_WFS_MONO_EPD3,R6_LB_AL2395_A0_WFS_EPD3,LB_AL2395,A0,WFS,3.0,MONO,-3.0,0.0010165393652739221
R8_R6_LB_AL2395_A0_WFS_MONO_EPD3,R6_LB_AL2395_A0_WFS_EPD3,LB_AL2395,A0,WFS,3.0,MONO,-3.125,0.004759820039892489
R8_R6_LB_AL2395_A0_WFS_MONO_EPD3,R6_LB_AL2395_A0_WFS_EPD3,LB_AL2395,A0,WFS,3.0,MONO,-3.25,0.0011467825195696877
R8_R6_LB_AL2395_A0_WFS_MONO_EPD3,R6_LB_AL2395_A0_WFS_EPD3,LB_AL2395,A0,WFS,3.0,MONO,-3.375,0.0031584073269286974
R8_R6_LB_AL2395_A0_WFS_MONO_EPD3,R6_LB_AL2395_A0_WFS_EPD3,LB_AL2395,A0,WFS,3.0,MONO,-3.5,0.0022563707828546567
R8_R6_LB_AL2395_A0_WFS_MONO_EPD3,R6_LB_AL2395_A0_WFS_EPD3,LB_AL2395,A0,WFS,3.0,MONO,-3.625,0.00271118087881436
R8_R6_LB_AL2395_A0_WFS_MONO_EPD3,R6_LB_AL2395_A0_WFS_EPD3,LB_AL2395,A0,WFS,3.0,MONO,-3.75,0.0027690022776877357
R8_R6_LB_AL2395_A0_WFS_MONO_EPD3,R6_LB_AL2395_A0_WFS_EPD3,LB_AL2395,A0,WFS,3.0,MONO,-3.875,0.0027398003492857042
R8_R6_LB_AL2395_A0_WFS_MONO_EPD3,R6_LB_AL2395_A0_WFS_EPD3,LB_AL2395,A0,WFS,3.0,MONO,-4.0,0.0021338706770289836
R8_R6_LB_AL2395_A0_WFS_MONO_EPD3,R6_LB_AL2395_A0_WFS_EPD3,LB_AL2395,A0,WFS,3.0,MONO,-4.125,0.0019113776898369748
R8_R6_LB_AL2395_A0_WFS_MONO_EPD3,R6_LB_AL2395_A0_WFS_EPD3,LB_AL2395,A0,WFS,3.0,MONO,-4.25,0.0014044919424512964
R8_R6_LB_AL2395_A0_WFS_MONO_EPD3,R6_LB_AL2395_A0_WFS_EPD3,LB_AL2395,A0,WFS,3.0,MONO,-4.375,2.053038127705781e-05
R8_R6_LB_AL2395_A0_WFS_MONO_EPD3,R6_LB_AL2395_A0_WFS_EPD3,LB_AL2395,A0,WFS,3.0,MONO,-4.5,0.0024127059779320854
R8_R6_LB_AL2395_A0_WFS_MONO_EPD3,R6_LB_AL2395_A0_WFS_EPD3,LB_AL2395,A0,WFS,3.0,MONO,-4.625,0.00029315136717679544
R8_R6_LB_AL2395_A0_WFS_MONO_EPD3,R6_LB_AL2395_A0_WFS_EPD3,LB_AL2395,A0,WFS,3.0,MONO,-4.75,0.00259794055682355
R8_R6_LB_AL2395_A0_WFS_MONO_EPD3,R6_LB_AL2395_A0_WFS_EPD3,LB_AL2395,A0,WFS,3.0,MONO,-4.875,0.00040453293672484085
R8_R6_LB_AL2395_A0_WFS_MONO_EPD3,R6_LB_AL2395_A0_WFS_EPD3,LB_AL2395,A0,WFS,3.0,MONO,-5.0,0.0022490601977377496
R8_R6_LB_AL2395_A0_WFS_EDOF_EPD3,R6_LB_AL2395_A0_WFS_EPD3,LB_AL2395,A0,WFS,3.0,EDOF,1.0,0.0423259490252452
R8_R6_LB_AL2395_A0_WFS_EDOF_EPD3,R6_LB_AL2395_A0_WFS_EPD3,LB_AL2395,A0,WFS,3.0,EDOF,0.875,0.053475987840074714
R8_R6_LB_AL2395_A0_WFS_EDOF_EPD3,R6_LB_AL2395_A0_WFS_EPD3,LB_AL2395,A0,WFS,3.0,EDOF,0.75,0.07693464340884382
R8_R6_LB_AL2395_A0_WFS_EDOF_EPD3,R6_LB_AL2395_A0_WFS_EPD3,LB_AL2395,A0,WFS,3.0,EDOF,0.625,0.11260426052557637
R8_R6_LB_AL2395_A0_WFS_EDOF_EPD3,R6_LB_AL2395_A0_WFS_EPD3,LB_AL2395,A0,WFS,3.0,EDOF,0.5,0.11901005122223471
R8_R6_LB_AL2395_A0_WFS_EDOF_EPD3,R6_LB_AL2395_A0_WFS_EPD3,LB_AL2395,A0,WFS,3.0,EDOF,0.375,0.10266253379168655
R8_R6_LB_AL2395_A0_WFS_EDOF_EPD3,R6_LB_AL2395_A0_WFS_EPD3,LB_AL2395,A0,WFS,3.0,EDOF,0.25,0.14662699151426362
R8_R6_LB_AL2395_A0_WFS_EDOF_EPD3,R6_LB_AL2395_A0_WFS_EPD3,LB_AL2395,A0,WFS,3.0,EDOF,0.125,0.26709199953814394
R8_R6_LB_AL2395_A0_WFS_EDOF_EPD3,R6_LB_AL2395_A0_WFS_EPD3,LB_AL2395,A0,WFS,3.0,EDOF,0.0,0.32626324099098397
R8_R6_LB_AL2395_A0_WFS_EDOF_EPD3,R6_LB_AL2395_A0_WFS_EPD3,LB_AL2395,A0,WFS,3.0,EDOF,-0.125,0.20944366681394963
R8_R6_LB_AL2395_A0_WFS_EDOF_EPD3,R6_LB_AL2395_A0_WFS_EPD3,LB_AL2395,A0,WFS,3.0,EDOF,-0.25,0.02157745874355764
R8_R6_LB_AL2395_A0_WFS_EDOF_EPD3,R6_LB_AL2395_A0_WFS_EPD3,LB_AL2395,A0,WFS,3.0,EDOF,-0.375,0.03895953517927839
R8_R6_LB_AL2395_A0_WFS_EDOF_EPD3,R6_LB_AL2395_A0_WFS_EPD3,LB_AL2395,A0,WFS,3.0,EDOF,-0.5,0.041019168168670496
R8_R6_LB_AL2395_A0_WFS_EDOF_EPD3,R6_LB_AL2395_A0_WFS_EPD3,LB_AL2395,A0,WFS,3.0,EDOF,-0.625,0.09674160970427953
R8_R6_LB_AL2395_A0_WFS_EDOF_EPD3,R6_LB_AL2395_A0_WFS_EPD3,LB_AL2395,A0,WFS,3.0,EDOF,-0.75,0.04990635415355379
R8_R6_LB_AL2395_A0_WFS_EDOF_EPD3,R6_LB_AL2395_A0_WFS_EPD3,LB_AL2395,A0,WFS,3.0,EDOF,-0.875,0.005876724959511031
R8_R6_LB_AL2395_A0_WFS_EDOF_EPD3,R6_LB_AL2395_A0_WFS_EPD3,LB_AL2395,A0,WFS,3.0,EDOF,-1.0,0.0040491140928570115
R8_R6_LB_AL2395_A0_WFS_EDOF_EPD3,R6_LB_AL2395_A0_WFS_EPD3,LB_AL2395,A0,WFS,3.0,EDOF,-1.125,0.026490249796859943
R8_R6_LB_AL2395_A0_WFS_EDOF_EPD3,R6_LB_AL2395_A0_WFS_EPD3,LB_AL2395,A0,WFS,3.0,EDOF,-1.25,0.007555120384697978
R8_R6_LB_AL2395_A0_WFS_EDOF_EPD3,R6_LB_AL2395_A0_WFS_EPD3,LB_AL2395,A0,WFS,3.0,EDOF,-1.375,0.01333377986984004
R8_R6_LB_AL2395_A0_WFS_EDOF_EPD3,R6_LB_AL2395_A0_WFS_EPD3,LB_AL2395,A0,WFS,3.0,EDOF,-1.5,0.0030864721105891514
R8_R6_LB_AL2395_A0_WFS_EDOF_EPD3,R6_LB_AL2395_A0_WFS_EPD3,LB_AL2395,A0,WFS,3.0,EDOF,-1.625,0.02122251829645362
R8_R6_LB_AL2395_A0_WFS_EDOF_EPD3,R6_LB_AL2395_A0_WFS_EPD3,LB_AL2395,A0,WFS,3.0,EDOF,-1.75,0.007271714022479549
R8_R6_LB_AL2395_A0_WFS_EDOF_EPD3,R6_LB_AL2395_A0_WFS_EPD3,LB_AL2395,A0,WFS,3.0,EDOF,-1.875,0.009869881250817584
R8_R6_LB_AL2395_A0_WFS_EDOF_EPD3,R6_LB_AL2395_A0_WFS_EPD3,LB_AL2395,A0,WFS,3.0,EDOF,-2.0,0.0027744458422194257
R8_R6_LB_AL2395_A0_WFS_EDOF_EPD3,R6_LB_AL2395_A0_WFS_EPD3,LB_AL2395,A0,WFS,3.0,EDOF,-2.125,0.005941249165174967
R8_R6_LB_AL2395_A0_WFS_EDOF_EPD3,R6_LB_AL2395_A0_WFS_EPD3,LB_AL2395,A0,WFS,3.0,EDOF,-2.25,0.002555627395552538
R8_R6_LB_AL2395_A0_WFS_EDOF_EPD3,R6_LB_AL2395_A0_WFS_EPD3,LB_AL2395,A0,WFS,3.0,EDOF,-2.375,0.007903695227145513
R8_R6_LB_AL2395_A0_WFS_EDOF_EPD3,R6_LB_AL2395_A0_WFS_EPD3,LB_AL2395,A0,WFS,3.0,EDOF,-2.5,0.0018906983757493445
R8_R6_LB_AL2395_A0_WFS_EDOF_EPD3,R6_LB_AL2395_A0_WFS_EPD3,LB_AL2395,A0,WFS,3.0,EDOF,-2.625,0.006570834376389572
R8_R6_LB_AL2395_A0_WFS_EDOF_EPD3,R6_LB_AL2395_A0_WFS_EPD3,LB_AL2395,A0,WFS,3.0,EDOF,-2.75,0.00222996609564062
R8_R6_LB_AL2395_A0_WFS_EDOF_EPD3,R6_LB_AL2395_A0_WFS_EPD3,LB_AL2395,A0,WFS,3.0,EDOF,-2.875,0.005638962178009809
R8_R6_LB_AL2395_A0_WFS_EDOF_EPD3,R6_LB_AL2395_A0_WFS_EPD3,LB_AL2395,A0,WFS,3.0,EDOF,-3.0,0.001955905147125795
R8_R6_LB_AL2395_A0_WFS_EDOF_EPD3,R6_LB_AL2395_A0_WFS_EPD3,LB_AL2395,A0,WFS,3.0,EDOF,-3.125,0.004016680301924204
R8_R6_LB_AL2395_A0_WFS_EDOF_EPD3,R6_LB_AL2395_A0_WFS_EPD3,LB_AL2395,A0,WFS,3.0,EDOF,-3.25,0.002086516353206685
R8_R6_LB_AL2395_A0_WFS_EDOF_EPD3,R6_LB_AL2395_A0_WFS_EPD3,LB_AL2395,A0,WFS,3.0,EDOF,-3.375,0.0022577610758362
R8_R6_LB_AL2395_A0_WFS_EDOF_EPD3,R6_LB_AL2395_A0_WFS_EPD3,LB_AL2395,A0,WFS,3.0,EDOF,-3.5,0.002971178840808991
R8_R6_LB_AL2395_A0_WFS_EDOF_EPD3,R6_LB_AL2395_A0_WFS_EPD3,LB_AL2395,A0,WFS,3.0,EDOF,-3.625,0.0014542450072837435
R8_R6_LB_AL2395_A0_WFS_EDOF_EPD3,R6_LB_AL2395_A0_WFS_EPD3,LB_AL2395,A0,WFS,3.0,EDOF,-3.75,0.003516239952400659
R8_R6_LB_AL2395_A0_WFS_EDOF_EPD3,R6_LB_AL2395_A0_WFS_EPD3,LB_AL2395,A0,WFS,3.0,EDOF,-3.875,0.0013658512230061742
R8_R6_LB_AL2395_A0_WFS_EDOF_EPD3,R6_LB_AL2395_A0_WFS_EPD3,LB_AL2395,A0,WFS,3.0,EDOF,-4.0,0.002852672120217928
R8_R6_LB_AL2395_A0_WFS_EDOF_EPD3,R6_LB_AL2395_A0_WFS_EPD3,LB_AL2395,A0,WFS,3.0,EDOF,-4.125,0.00035841718943200847
R8_R6_LB_AL2395_A0_WFS_EDOF_EPD3,R6_LB_AL2395_A0_WFS_EPD3,LB_AL2395,A0,WFS,3.0,EDOF,-4.25,0.0025528266068708745
R8_R6_LB_AL2395_A0_WFS_EDOF_EPD3,R6_LB_AL2395_A0_WFS_EPD3,LB_AL2395,A0,WFS,3.0,EDOF,-4.375,0.0007558533059722013
R8_R6_LB_AL2395_A0_WFS_EDOF_EPD3,R6_LB_AL2395_A0_WFS_EPD3,LB_AL2395,A0,WFS,3.0,EDOF,-4.5,0.0027994544193703196
R8_R6_LB_AL2395_A0_WFS_EDOF_EPD3,R6_LB_AL2395_A0_WFS_EPD3,LB_AL2395,A0,WFS,3.0,EDOF,-4.625,0.0011141050535967562
R8_R6_LB_AL2395_A0_WFS_EDOF_EPD3,R6_LB_AL2395_A0_WFS_EPD3,LB_AL2395,A0,WFS,3.0,EDOF,-4.75,0.0025955449575224628
R8_R6_LB_AL2395_A0_WFS_EDOF_EPD3,R6_LB_AL2395_A0_WFS_EPD3,LB_AL2395,A0,WFS,3.0,EDOF,-4.875,0.001464916149183086
R8_R6_LB_AL2395_A0_WFS_EDOF_EPD3,R6_LB_AL2395_A0_WFS_EPD3,LB_AL2395,A0,WFS,3.0,EDOF,-5.0,0.0024848024129666426
R8_R6_LB_AL2395_A0_WFS_MONO_EPD5,R6_LB_AL2395_A0_WFS_EPD5,LB_AL2395,A0,WFS,5.0,MONO,1.0,0.0015504798285700832
R8_R6_LB_AL2395_A0_WFS_MONO_EPD5,R6_LB_AL2395_A0_WFS_EPD5,LB_AL2395,A0,WFS,5.0,MONO,0.875,0.0012065359295744785
R8_R6_LB_AL2395_A0_WFS_MONO_EPD5,R6_LB_AL2395_A0_WFS_EPD5,LB_AL2395,A0,WFS,5.0,MONO,0.75,0.0027526526844899556
R8_R6_LB_AL2395_A0_WFS_MONO_EPD5,R6_LB_AL2395_A0_WFS_EPD5,LB_AL2395,A0,WFS,5.0,MONO,0.625,0.0009029545376683827
R8_R6_LB_AL2395_A0_WFS_MONO_EPD5,R6_LB_AL2395_A0_WFS_EPD5,LB_AL2395,A0,WFS,5.0,MONO,0.5,0.009709331413066435
R8_R6_LB_AL2395_A0_WFS_MONO_EPD5,R6_LB_AL2395_A0_WFS_EPD5,LB_AL2395,A0,WFS,5.0,MONO,0.375,0.020503994865104767
R8_R6_LB_AL2395_A0_WFS_MONO_EPD5,R6_LB_AL2395_A0_WFS_EPD5,LB_AL2395,A0,WFS,5.0,MONO,0.25,0.061238434422251145
R8_R6_LB_AL2395_A0_WFS_MONO_EPD5,R6_LB_AL2395_A0_WFS_EPD5,LB_AL2395,A0,WFS,5.0,MONO,0.125,0.12319070265825871
R8_R6_LB_AL2395_A0_WFS_MONO_EPD5,R6_LB_AL2395_A0_WFS_EPD5,LB_AL2395,A0,WFS,5.0,MONO,0.0,0.19776390479901973
R8_R6_LB_AL2395_A0_WFS_MONO_EPD5,R6_LB_AL2395_A0_WFS_EPD5,LB_AL2395,A0,WFS,5.0,MONO,-0.125,0.20123940086563738
R8_R6_LB_AL2395_A0_WFS_MONO_EPD5,R6_LB_AL2395_A0_WFS_EPD5,LB_AL2395,A0,WFS,5.0,MONO,-0.25,0.11458979489801652
R8_R6_LB_AL2395_A0_WFS_MONO_EPD5,R6_LB_AL2395_A0_WFS_EPD5,LB_AL2395,A0,WFS,5.0,MONO,-0.375,0.0028502710958315577
R8_R6_LB_AL2395_A0_WFS_MONO_EPD5,R6_LB_AL2395_A0_WFS_EPD5,LB_AL2395,A0,WFS,5.0,MONO,-0.5,0.021100883859100583
R8_R6_LB_AL2395_A0_WFS_MONO_EPD5,R6_LB_AL2395_A0_WFS_EPD5,LB_AL2395,A0,WFS,5.0,MONO,-0.625,0.1232915007094803
R8_R6_LB_AL2395_A0_WFS_MONO_EPD5,R6_LB_AL2395_A0_WFS_EPD5,LB_AL2395,A0,WFS,5.0,MONO,-0.75,0.05792847227043061
R8_R6_LB_AL2395_A0_WFS_MONO_EPD5,R6_LB_AL2395_A0_WFS_EPD5,LB_AL2395,A0,WFS,5.0,MONO,-0.875,0.014300989626351903
R8_R6_LB_AL2395_A0_WFS_MONO_EPD5,R6_LB_AL2395_A0_WFS_EPD5,LB_AL2395,A0,WFS,5.0,MONO,-1.0,0.04703615140713357
R8_R6_LB_AL2395_A0_WFS_MONO_EPD5,R6_LB_AL2395_A0_WFS_EPD5,LB_AL2395,A0,WFS,5.0,MONO,-1.125,0.052633951294787755
R8_R6_LB_AL2395_A0_WFS_MONO_EPD5,R6_LB_AL2395_A0_WFS_EPD5,LB_AL2395,A0,WFS,5.0,MONO,-1.25,0.031016200279167325
R8_R6_LB_AL2395_A0_WFS_MONO_EPD5,R6_LB_AL2395_A0_WFS_EPD5,LB_AL2395,A0,WFS,5.0,MONO,-1.375,0.042255354857918204
R8_R6_LB_AL2395_A0_WFS_MONO_EPD5,R6_LB_AL2395_A0_WFS_EPD5,LB_AL2395,A0,WFS,5.0,MONO,-1.5,0.009284958432180931
R8_R6_LB_AL2395_A0_WFS_MONO_EPD5,R6_LB_AL2395_A0_WFS_EPD5,LB_AL2395,A0,WFS,5.0,MONO,-1.625,0.01734618402909721
R8_R6_LB_AL2395_A0_WFS_MONO_EPD5,R6_LB_AL2395_A0_WFS_EPD5,LB_AL2395,A0,WFS,5.0,MONO,-1.75,0.038342701983524755
R8_R6_LB_AL2395_A0_WFS_MONO_EPD5,R6_LB_AL2395_A0_WFS_EPD5,LB_AL2395,A0,WFS,5.0,MONO,-1.875,0.02537035344779494
R8_R6_LB_AL2395_A0_WFS_MONO_EPD5,R6_LB_AL2395_A0_WFS_EPD5,LB_AL2395,A0,WFS,5.0,MONO,-2.0,0.022212865673418822
R8_R6_LB_AL2395_A0_WFS_MONO_EPD5,R6_LB_AL2395_A0_WFS_EPD5,LB_AL2395,A0,WFS,5.0,MONO,-2.125,0.00687527464134741
R8_R6_LB_AL2395_A0_WFS_MONO_EPD5,R6_LB_AL2395_A0_WFS_EPD5,LB_AL2395,A0,WFS,5.0,MONO,-2.25,0.0010588079378855933
R8_R6_LB_AL2395_A0_WFS_MONO_EPD5,R6_LB_AL2395_A0_WFS_EPD5,LB_AL2395,A0,WFS,5.0,MONO,-2.375,0.01091627471076589
R8_R6_LB_AL2395_A0_WFS_MONO_EPD5,R6_LB_AL2395_A0_WFS_EPD5,LB_AL2395,A0,WFS,5.0,MONO,-2.5,0.013727221038573217
R8_R6_LB_AL2395_A0_WFS_MONO_EPD5,R6_LB_AL2395_A0_WFS_EPD5,LB_AL2395,A0,WFS,5.0,MONO,-2.625,0.016776113760331626
R8_R6_LB_AL2395_A0_WFS_MONO_EPD5,R6_LB_AL2395_A0_WFS_EPD5,LB_AL2395,A0,WFS,5.0,MONO,-2.75,0.015463925477268402
R8_R6_LB_AL2395_A0_WFS_MONO_EPD5,R6_LB_AL2395_A0_WFS_EPD5,LB_AL2395,A0,WFS,5.0,MONO,-2.875,0.014806681928870191
R8_R6_LB_AL2395_A0_WFS_MONO_EPD5,R6_LB_AL2395_A0_WFS_EPD5,LB_AL2395,A0,WFS,5.0,MONO,-3.0,0.01246912001415497
R8_R6_LB_AL2395_A0_WFS_MONO_EPD5,R6_LB_AL2395_A0_WFS_EPD5,LB_AL2395,A0,WFS,5.0,MONO,-3.125,0.012540901133742427
R8_R6_LB_AL2395_A0_WFS_MONO_EPD5,R6_LB_AL2395_A0_WFS_EPD5,LB_AL2395,A0,WFS,5.0,MONO,-3.25,0.011305746374695046
R8_R6_LB_AL2395_A0_WFS_MONO_EPD5,R6_LB_AL2395_A0_WFS_EPD5,LB_AL2395,A0,WFS,5.0,MONO,-3.375,0.010343223503537913
R8_R6_LB_AL2395_A0_WFS_MONO_EPD5,R6_LB_AL2395_A0_WFS_EPD5,LB_AL2395,A0,WFS,5.0,MONO,-3.5,0.01040309423468218
R8_R6_LB_AL2395_A0_WFS_MONO_EPD5,R6_LB_AL2395_A0_WFS_EPD5,LB_AL2395,A0,WFS,5.0,MONO,-3.625,0.010229185383363672
R8_R6_LB_AL2395_A0_WFS_MONO_EPD5,R6_LB_AL2395_A0_WFS_EPD5,LB_AL2395,A0,WFS,5.0,MONO,-3.75,0.009678540154630063
R8_R6_LB_AL2395_A0_WFS_MONO_EPD5,R6_LB_AL2395_A0_WFS_EPD5,LB_AL2395,A0,WFS,5.0,MONO,-3.875,0.009096774260412391
R8_R6_LB_AL2395_A0_WFS_MONO_EPD5,R6_LB_AL2395_A0_WFS_EPD5,LB_AL2395,A0,WFS,5.0,MONO,-4.0,0.007969153548874928
R8_R6_LB_AL2395_A0_WFS_MONO_EPD5,R6_LB_AL2395_A0_WFS_EPD5,LB_AL2395,A0,WFS,5.0,MONO,-4.125,0.007264068918680478
R8_R6_LB_AL2395_A0_WFS_MONO_EPD5,R6_LB_AL2395_A0_WFS_EPD5,LB_AL2395,A0,WFS,5.0,MONO,-4.25,0.006828651764805863
R8_R6_LB_AL2395_A0_WFS_MONO_EPD5,R6_LB_AL2395_A0_WFS_EPD5,LB_AL2395,A0,WFS,5.0,MONO,-4.375,0.005251123927845728
R8_R6_LB_AL2395_A0_WFS_MONO_EPD5,R6_LB_AL2395_A0_WFS_EPD5,LB_AL2395,A0,WFS,5.0,MONO,-4.5,0.0037592920522744873
R8_R6_LB_AL2395_A0_WFS_MONO_EPD5,R6_LB_AL2395_A0_WFS_EPD5,LB_AL2395,A0,WFS,5.0,MONO,-4.625,0.002013489712761276
R8_R6_LB_AL2395_A0_WFS_MONO_EPD5,R6_LB_AL2395_A0_WFS_EPD5,LB_AL2395,A0,WFS,5.0,MONO,-4.75,0.0010220782597529289
R8_R6_LB_AL2395_A0_WFS_MONO_EPD5,R6_LB_AL2395_A0_WFS_EPD5,LB_AL2395,A0,WFS,5.0,MONO,-4.875,6.587865321646151e-05
R8_R6_LB_AL2395_A0_WFS_MONO_EPD5,R6_LB_AL2395_A0_WFS_EPD5,LB_AL2395,A0,WFS,5.0,MONO,-5.0,0.0009849699153973617
R8_R6_LB_AL2395_A0_WFS_EDOF_EPD5,R6_LB_AL2395_A0_WFS_EPD5,LB_AL2395,A0,WFS,5.0,EDOF,1.0,0.01185867657494094
R8_R6_LB_AL2395_A0_WFS_EDOF_EPD5,R6_LB_AL2395_A0_WFS_EPD5,LB_AL2395,A0,WFS,5.0,EDOF,0.875,0.022718938909125623
R8_R6_LB_AL2395_A0_WFS_EDOF_EPD5,R6_LB_AL2395_A0_WFS_EPD5,LB_AL2395,A0,WFS,5.0,EDOF,0.75,0.035905000015585865
R8_R6_LB_AL2395_A0_WFS_EDOF_EPD5,R6_LB_AL2395_A0_WFS_EPD5,LB_AL2395,A0,WFS,5.0,EDOF,0.625,0.03311805434737726
R8_R6_LB_AL2395_A0_WFS_EDOF_EPD5,R6_LB_AL2395_A0_WFS_EPD5,LB_AL2395,A0,WFS,5.0,EDOF,0.5,0.038635322863208955
R8_R6_LB_AL2395_A0_WFS_EDOF_EPD5,R6_LB_AL2395_A0_WFS_EPD5,LB_AL2395,A0,WFS,5.0,EDOF,0.375,0.041335780629323436
R8_R6_LB_AL2395_A0_WFS_EDOF_EPD5,R6_LB_AL2395_A0_WFS_EPD5,LB_AL2395,A0,WFS,5.0,EDOF,0.25,0.06679059609373378
R8_R6_LB_AL2395_A0_WFS_EDOF_EPD5,R6_LB_AL2395_A0_WFS_EPD5,LB_AL2395,A0,WFS,5.0,EDOF,0.125,0.07497415522202312
R8_R6_LB_AL2395_A0_WFS_EDOF_EPD5,R6_LB_AL2395_A0_WFS_EPD5,LB_AL2395,A0,WFS,5.0,EDOF,0.0,0.08002335613658423
R8_R6_LB_AL2395_A0_WFS_EDOF_EPD5,R6_LB_AL2395_A0_WFS_EPD5,LB_AL2395,A0,WFS,5.0,EDOF,-0.125,0.11231638461869044
R8_R6_LB_AL2395_A0_WFS_EDOF_EPD5,R6_LB_AL2395_A0_WFS_EPD5,LB_AL2395,A0,WFS,5.0,EDOF,-0.25,0.1343880827334227
R8_R6_LB_AL2395_A0_WFS_EDOF_EPD5,R6_LB_AL2395_A0_WFS_EPD5,LB_AL2395,A0,WFS,5.0,EDOF,-0.375,0.040102138580017786
R8_R6_LB_AL2395_A0_WFS_EDOF_EPD5,R6_LB_AL2395_A0_WFS_EPD5,LB_AL2395,A0,WFS,5.0,EDOF,-0.5,0.006570655251507668
R8_R6_LB_AL2395_A0_WFS_EDOF_EPD5,R6_LB_AL2395_A0_WFS_EPD5,LB_AL2395,A0,WFS,5.0,EDOF,-0.625,0.13425417381931384
R8_R6_LB_AL2395_A0_WFS_EDOF_EPD5,R6_LB_AL2395_A0_WFS_EPD5,LB_AL2395,A0,WFS,5.0,EDOF,-0.75,0.09852523972744877
R8_R6_LB_AL2395_A0_WFS_EDOF_EPD5,R6_LB_AL2395_A0_WFS_EPD5,LB_AL2395,A0,WFS,5.0,EDOF,-0.875,0.019489879467322724
R8_R6_LB_AL2395_A0_WFS_EDOF_EPD5,R6_LB_AL2395_A0_WFS_EPD5,LB_AL2395,A0,WFS,5.0,EDOF,-1.0,0.034276649638273135
R8_R6_LB_AL2395_A0_WFS_EDOF_EPD5,R6_LB_AL2395_A0_WFS_EPD5,LB_AL2395,A0,WFS,5.0,EDOF,-1.125,0.07393866466868382
R8_R6_LB_AL2395_A0_WFS_EDOF_EPD5,R6_LB_AL2395_A0_WFS_EPD5,LB_AL2395,A0,WFS,5.0,EDOF,-1.25,0.02941845420039106
R8_R6_LB_AL2395_A0_WFS_EDOF_EPD5,R6_LB_AL2395_A0_WFS_EPD5,LB_AL2395,A0,WFS,5.0,EDOF,-1.375,0.026302555331943714
R8_R6_LB_AL2395_A0_WFS_EDOF_EPD5,R6_LB_AL2395_A0_WFS_EPD5,LB_AL2395,A0,WFS,5.0,EDOF,-1.5,0.018281220677182956
R8_R6_LB_AL2395_A0_WFS_EDOF_EPD5,R6_LB_AL2395_A0_WFS_EPD5,LB_AL2395,A0,WFS,5.0,EDOF,-1.625,0.007548569895600895
R8_R6_LB_AL2395_A0_WFS_EDOF_EPD5,R6_LB_AL2395_A0_WFS_EPD5,LB_AL2395,A0,WFS,5.0,EDOF,-1.75,0.03273940221838617
R8_R6_LB_AL2395_A0_WFS_EDOF_EPD5,R6_LB_AL2395_A0_WFS_EPD5,LB_AL2395,A0,WFS,5.0,EDOF,-1.875,0.026586476479070937
R8_R6_LB_AL2395_A0_WFS_EDOF_EPD5,R6_LB_AL2395_A0_WFS_EPD5,LB_AL2395,A0,WFS,5.0,EDOF,-2.0,0.023757273855245183
R8_R6_LB_AL2395_A0_WFS_EDOF_EPD5,R6_LB_AL2395_A0_WFS_EPD5,LB_AL2395,A0,WFS,5.0,EDOF,-2.125,0.007773762600759731
R8_R6_LB_AL2395_A0_WFS_EDOF_EPD5,R6_LB_AL2395_A0_WFS_EPD5,LB_AL2395,A0,WFS,5.0,EDOF,-2.25,0.0016432958790343457
R8_R6_LB_AL2395_A0_WFS_EDOF_EPD5,R6_LB_AL2395_A0_WFS_EPD5,LB_AL2395,A0,WFS,5.0,EDOF,-2.375,0.009153271182433661
R8_R6_LB_AL2395_A0_WFS_EDOF_EPD5,R6_LB_AL2395_A0_WFS_EPD5,LB_AL2395,A0,WFS,5.0,EDOF,-2.5,0.013296552293180922
R8_R6_LB_AL2395_A0_WFS_EDOF_EPD5,R6_LB_AL2395_A0_WFS_EPD5,LB_AL2395,A0,WFS,5.0,EDOF,-2.625,0.018565557958606663
R8_R6_LB_AL2395_A0_WFS_EDOF_EPD5,R6_LB_AL2395_A0_WFS_EPD5,LB_AL2395,A0,WFS,5.0,EDOF,-2.75,0.017136535619028663
R8_R6_LB_AL2395_A0_WFS_EDOF_EPD5,R6_LB_AL2395_A0_WFS_EPD5,LB_AL2395,A0,WFS,5.0,EDOF,-2.875,0.013829611708217173
R8_R6_LB_AL2395_A0_WFS_EDOF_EPD5,R6_LB_AL2395_A0_WFS_EPD5,LB_AL2395,A0,WFS,5.0,EDOF,-3.0,0.011227459470040823
R8_R6_LB_AL2395_A0_WFS_EDOF_EPD5,R6_LB_AL2395_A0_WFS_EPD5,LB_AL2395,A0,WFS,5.0,EDOF,-3.125,0.012663452056335876
R8_R6_LB_AL2395_A0_WFS_EDOF_EPD5,R6_LB_AL2395_A0_WFS_EPD5,LB_AL2395,A0,WFS,5.0,EDOF,-3.25,0.012052715287313371
R8_R6_LB_AL2395_A0_WFS_EDOF_EPD5,R6_LB_AL2395_A0_WFS_EPD5,LB_AL2395,A0,WFS,5.0,EDOF,-3.375,0.01032214072089813
R8_R6_LB_AL2395_A0_WFS_EDOF_EPD5,R6_LB_AL2395_A0_WFS_EPD5,LB_AL2395,A0,WFS,5.0,EDOF,-3.5,0.009682848415788769
R8_R6_LB_AL2395_A0_WFS_EDOF_EPD5,R6_LB_AL2395_A0_WFS_EPD5,LB_AL2395,A0,WFS,5.0,EDOF,-3.625,0.009957094037186481
R8_R6_LB_AL2395_A0_WFS_EDOF_EPD5,R6_LB_AL2395_A0_WFS_EPD5,LB_AL2395,A0,WFS,5.0,EDOF,-3.75,0.010333411918947374
R8_R6_LB_AL2395_A0_WFS_EDOF_EPD5,R6_LB_AL2395_A0_WFS_EPD5,LB_AL2395,A0,WFS,5.0,EDOF,-3.875,0.009547361648353745
R8_R6_LB_AL2395_A0_WFS_EDOF_EPD5,R6_LB_AL2395_A0_WFS_EPD5,LB_AL2395,A0,WFS,5.0,EDOF,-4.0,0.007598744617182222
R8_R6_LB_AL2395_A0_WFS_EDOF_EPD5,R6_LB_AL2395_A0_WFS_EPD5,LB_AL2395,A0,WFS,5.0,EDOF,-4.125,0.006829370518482952
R8_R6_LB_AL2395_A0_WFS_EDOF_EPD5,R6_LB_AL2395_A0_WFS_EPD5,LB_AL2395,A0,WFS,5.0,EDOF,-4.25,0.007061485329380519
R8_R6_LB_AL2395_A0_WFS_EDOF_EPD5,R6_LB_AL2395_A0_WFS_EPD5,LB_AL2395,A0,WFS,5.0,EDOF,-4.375,0.005465595628130086
R8_R6_LB_AL2395_A0_WFS_EDOF_EPD5,R6_LB_AL2395_A0_WFS_EPD5,LB_AL2395,A0,WFS,5.0,EDOF,-4.5,0.0034574440018923618
R8_R6_LB_AL2395_A0_WFS_EDOF_EPD5,R6_LB_AL2395_A0_WFS_EPD5,LB_AL2395,A0,WFS,5.0,EDOF,-4.625,0.001959301760514208
R8_R6_LB_AL2395_A0_WFS_EDOF_EPD5,R6_LB_AL2395_A0_WFS_EPD5,LB_AL2395,A0,WFS,5.0,EDOF,-4.75,0.0012420769661846145
R8_R6_LB_AL2395_A0_WFS_EDOF_EPD5,R6_LB_AL2395_A0_WFS_EPD5,LB_AL2395,A0,WFS,5.0,EDOF,-4.875,0.00030521139028319736
R8_R6_LB_AL2395_A0_WFS_EDOF_EPD5,R6_LB_AL2395_A0_WFS_EPD5,LB_AL2395,A0,WFS,5.0,EDOF,-5.0,0.0013088566178544086
R8_R6_LB_AL2395_A0_RAD_MONO_EPD3,R6_LB_AL2395_A0_RAD_EPD3,LB_AL2395,A0,RAD,3.0,MONO,1.0,0.003738636861733287
R8_R6_LB_AL2395_A0_RAD_MONO_EPD3,R6_LB_AL2395_A0_RAD_EPD3,LB_AL2395,A0,RAD,3.0,MONO,0.875,0.01736501151030086
R8_R6_LB_AL2395_A0_RAD_MONO_EPD3,R6_LB_AL2395_A0_RAD_EPD3,LB_AL2395,A0,RAD,3.0,MONO,0.75,0.0008536005207575656
R8_R6_LB_AL2395_A0_RAD_MONO_EPD3,R6_LB_AL2395_A0_RAD_EPD3,LB_AL2395,A0,RAD,3.0,MONO,0.625,0.031014926859756597
R8_R6_LB_AL2395_A0_RAD_MONO_EPD3,R6_LB_AL2395_A0_RAD_EPD3,LB_AL2395,A0,RAD,3.0,MONO,0.5,0.0037174654166978183
R8_R6_LB_AL2395_A0_RAD_MONO_EPD3,R6_LB_AL2395_A0_RAD_EPD3,LB_AL2395,A0,RAD,3.0,MONO,0.375,0.0185815319546939
R8_R6_LB_AL2395_A0_RAD_MONO_EPD3,R6_LB_AL2395_A0_RAD_EPD3,LB_AL2395,A0,RAD,3.0,MONO,0.25,0.13264672372790404
R8_R6_LB_AL2395_A0_RAD_MONO_EPD3,R6_LB_AL2395_A0_RAD_EPD3,LB_AL2395,A0,RAD,3.0,MONO,0.125,0.4430188173014448
R8_R6_LB_AL2395_A0_RAD_MONO_EPD3,R6_LB_AL2395_A0_RAD_EPD3,LB_AL2395,A0,RAD,3.0,MONO,0.0,0.6199742880739013
R8_R6_LB_AL2395_A0_RAD_MONO_EPD3,R6_LB_AL2395_A0_RAD_EPD3,LB_AL2395,A0,RAD,3.0,MONO,-0.125,0.44384839448065666
R8_R6_LB_AL2395_A0_RAD_MONO_EPD3,R6_LB_AL2395_A0_RAD_EPD3,LB_AL2395,A0,RAD,3.0,MONO,-0.25,0.08816421544467294
R8_R6_LB_AL2395_A0_RAD_MONO_EPD3,R6_LB_AL2395_A0_RAD_EPD3,LB_AL2395,A0,RAD,3.0,MONO,-0.375,0.09761168634021393
R8_R6_LB_AL2395_A0_RAD_MONO_EPD3,R6_LB_AL2395_A0_RAD_EPD3,LB_AL2395,A0,RAD,3.0,MONO,-0.5,0.03563798694396686
R8_R6_LB_AL2395_A0_RAD_MONO_EPD3,R6_LB_AL2395_A0_RAD_EPD3,LB_AL2395,A0,RAD,3.0,MONO,-0.625,0.0560349275082935
R8_R6_LB_AL2395_A0_RAD_MONO_EPD3,R6_LB_AL2395_A0_RAD_EPD3,LB_AL2395,A0,RAD,3.0,MONO,-0.75,0.030875087141863135
R8_R6_LB_AL2395_A0_RAD_MONO_EPD3,R6_LB_AL2395_A0_RAD_EPD3,LB_AL2395,A0,RAD,3.0,MONO,-0.875,0.025930489541296103
R8_R6_LB_AL2395_A0_RAD_MONO_EPD3,R6_LB_AL2395_A0_RAD_EPD3,LB_AL2395,A0,RAD,3.0,MONO,-1.0,0.014090140076324833
R8_R6_LB_AL2395_A0_RAD_MONO_EPD3,R6_LB_AL2395_A0_RAD_EPD3,LB_AL2395,A0,RAD,3.0,MONO,-1.125,0.020886332417083885
R8_R6_LB_AL2395_A0_RAD_MONO_EPD3,R6_LB_AL2395_A0_RAD_EPD3,LB_AL2395,A0,RAD,3.0,MONO,-1.25,0.010716734442640681
R8_R6_LB_AL2395_A0_RAD_MONO_EPD3,R6_LB_AL2395_A0_RAD_EPD3,LB_AL2395,A0,RAD,3.0,MONO,-1.375,0.013686817151793313
R8_R6_LB_AL2395_A0_RAD_MONO_EPD3,R6_LB_AL2395_A0_RAD_EPD3,LB_AL2395,A0,RAD,3.0,MONO,-1.5,0.0046284120601130675
R8_R6_LB_AL2395_A0_RAD_MONO_EPD3,R6_LB_AL2395_A0_RAD_EPD3,LB_AL2395,A0,RAD,3.0,MONO,-1.625,0.012808236092308755
R8_R6_LB_AL2395_A0_RAD_MONO_EPD3,R6_LB_AL2395_A0_RAD_EPD3,LB_AL2395,A0,RAD,3.0,MONO,-1.75,0.004078570049802138
R8_R6_LB_AL2395_A0_RAD_MONO_EPD3,R6_LB_AL2395_A0_RAD_EPD3,LB_AL2395,A0,RAD,3.0,MONO,-1.875,0.008952861023593942
R8_R6_LB_AL2395_A0_RAD_MONO_EPD3,R6_LB_AL2395_A0_RAD_EPD3,LB_AL2395,A0,RAD,3.0,MONO,-2.0,0.0011607148025030768
R8_R6_LB_AL2395_A0_RAD_MONO_EPD3,R6_LB_AL2395_A0_RAD_EPD3,LB_AL2395,A0,RAD,3.0,MONO,-2.125,0.007551341906995498
R8_R6_LB_AL2395_A0_RAD_MONO_EPD3,R6_LB_AL2395_A0_RAD_EPD3,LB_AL2395,A0,RAD,3.0,MONO,-2.25,0.0006543357033047848
R8_R6_LB_AL2395_A0_RAD_MONO_EPD3,R6_LB_AL2395_A0_RAD_EPD3,LB_AL2395,A0,RAD,3.0,MONO,-2.375,0.006762944248597756
R8_R6_LB_AL2395_A0_RAD_MONO_EPD3,R6_LB_AL2395_A0_RAD_EPD3,LB_AL2395,A0,RAD,3.0,MONO,-2.5,0.0017682894811793704
R8_R6_LB_AL2395_A0_RAD_MONO_EPD3,R6_LB_AL2395_A0_RAD_EPD3,LB_AL2395,A0,RAD,3.0,MONO,-2.625,0.006462234299567319
R8_R6_LB_AL2395_A0_RAD_MONO_EPD3,R6_LB_AL2395_A0_RAD_EPD3,LB_AL2395,A0,RAD,3.0,MONO,-2.75,0.0016896061515735126
R8_R6_LB_AL2395_A0_RAD_MONO_EPD3,R6_LB_AL2395_A0_RAD_EPD3,LB_AL2395,A0,RAD,3.0,MONO,-2.875,0.005302564869266682
R8_R6_LB_AL2395_A0_RAD_MONO_EPD3,R6_LB_AL2395_A0_RAD_EPD3,LB_AL2395,A0,RAD,3.0,MONO,-3.0,0.0019357209431773723
R8_R6_LB_AL2395_A0_RAD_MONO_EPD3,R6_LB_AL2395_A0_RAD_EPD3,LB_AL2395,A0,RAD,3.0,MONO,-3.125,0.004368065390331364
R8_R6_LB_AL2395_A0_RAD_MONO_EPD3,R6_LB_AL2395_A0_RAD_EPD3,LB_AL2395,A0,RAD,3.0,MONO,-3.25,0.0017494692241635653
R8_R6_LB_AL2395_A0_RAD_MONO_EPD3,R6_LB_AL2395_A0_RAD_EPD3,LB_AL2395,A0,RAD,3.0,MONO,-3.375,0.002706052745735388
R8_R6_LB_AL2395_A0_RAD_MONO_EPD3,R6_LB_AL2395_A0_RAD_EPD3,LB_AL2395,A0,RAD,3.0,MONO,-3.5,0.002585168981584667
R8_R6_LB_AL2395_A0_RAD_MONO_EPD3,R6_LB_AL2395_A0_RAD_EPD3,LB_AL2395,A0,RAD,3.0,MONO,-3.625,0.002021780549832713
R8_R6_LB_AL2395_A0_RAD_MONO_EPD3,R6_LB_AL2395_A0_RAD_EPD3,LB_AL2395,A0,RAD,3.0,MONO,-3.75,0.0031692472076004555
R8_R6_LB_AL2395_A0_RAD_MONO_EPD3,R6_LB_AL2395_A0_RAD_EPD3,LB_AL2395,A0,RAD,3.0,MONO,-3.875,0.0021121686257963017
R8_R6_LB_AL2395_A0_RAD_MONO_EPD3,R6_LB_AL2395_A0_RAD_EPD3,LB_AL2395,A0,RAD,3.0,MONO,-4.0,0.0025679408961598055
R8_R6_LB_AL2395_A0_RAD_MONO_EPD3,R6_LB_AL2395_A0_RAD_EPD3,LB_AL2395,A0,RAD,3.0,MONO,-4.125,0.0016066880305437492
R8_R6_LB_AL2395_A0_RAD_MONO_EPD3,R6_LB_AL2395_A0_RAD_EPD3,LB_AL2395,A0,RAD,3.0,MONO,-4.25,0.001472217503738912
R8_R6_LB_AL2395_A0_RAD_MONO_EPD3,R6_LB_AL2395_A0_RAD_EPD3,LB_AL2395,A0,RAD,3.0,MONO,-4.375,0.00030605290410114477
R8_R6_LB_AL2395_A0_RAD_MONO_EPD3,R6_LB_AL2395_A0_RAD_EPD3,LB_AL2395,A0,RAD,3.0,MONO,-4.5,0.0021479274620173775
R8_R6_LB_AL2395_A0_RAD_MONO_EPD3,R6_LB_AL2395_A0_RAD_EPD3,LB_AL2395,A0,RAD,3.0,MONO,-4.625,0.0008120676199480446
R8_R6_LB_AL2395_A0_RAD_MONO_EPD3,R6_LB_AL2395_A0_RAD_EPD3,LB_AL2395,A0,RAD,3.0,MONO,-4.75,0.002374687377670558
R8_R6_LB_AL2395_A0_RAD_MONO_EPD3,R6_LB_AL2395_A0_RAD_EPD3,LB_AL2395,A0,RAD,3.0,MONO,-4.875,0.000891975657478568
R8_R6_LB_AL2395_A0_RAD_MONO_EPD3,R6_LB_AL2395_A0_RAD_EPD3,LB_AL2395,A0,RAD,3.0,MONO,-5.0,0.0020110098165299272
R8_R6_LB_AL2395_A0_RAD_EDOF_EPD3,R6_LB_AL2395_A0_RAD_EPD3,LB_AL2395,A0,RAD,3.0,EDOF,1.0,0.17775890282482001
R8_R6_LB_AL2395_A0_RAD_EDOF_EPD3,R6_LB_AL2395_A0_RAD_EPD3,LB_AL2395,A0,RAD,3.0,EDOF,0.875,0.26614406563687026
R8_R6_LB_AL2395_A0_RAD_EDOF_EPD3,R6_LB_AL2395_A0_RAD_EPD3,LB_AL2395,A0,RAD,3.0,EDOF,0.75,0.1516174275721459
R8_R6_LB_AL2395_A0_RAD_EDOF_EPD3,R6_LB_AL2395_A0_RAD_EPD3,LB_AL2395,A0,RAD,3.0,EDOF,0.625,0.0375138203810619
R8_R6_LB_AL2395_A0_RAD_EDOF_EPD3,R6_LB_AL2395_A0_RAD_EPD3,LB_AL2395,A0,RAD,3.0,EDOF,0.5,0.11862460080758593
R8_R6_LB_AL2395_A0_RAD_EDOF_EPD3,R6_LB_AL2395_A0_RAD_EPD3,LB_AL2395,A0,RAD,3.0,EDOF,0.375,0.27794474846891265
R8_R6_LB_AL2395_A0_RAD_EDOF_EPD3,R6_LB_AL2395_A0_RAD_EPD3,LB_AL2395,A0,RAD,3.0,EDOF,0.25,0.27315361122346005
R8_R6_LB_AL2395_A0_RAD_EDOF_EPD3,R6_LB_AL2395_A0_RAD_EPD3,LB_AL2395,A0,RAD,3.0,EDOF,0.125,0.10085735584793715
R8_R6_LB_AL2395_A0_RAD_EDOF_EPD3,R6_LB_AL2395_A0_RAD_EPD3,LB_AL2395,A0,RAD,3.0,EDOF,0.0,0.03527807233746392
R8_R6_LB_AL2395_A0_RAD_EDOF_EPD3,R6_LB_AL2395_A0_RAD_EPD3,LB_AL2395,A0,RAD,3.0,EDOF,-0.125,0.040307598210924896
R8_R6_LB_AL2395_A0_RAD_EDOF_EPD3,R6_LB_AL2395_A0_RAD_EPD3,LB_AL2395,A0,RAD,3.0,EDOF,-0.25,0.006537783269958653
R8_R6_LB_AL2395_A0_RAD_EDOF_EPD3,R6_LB_AL2395_A0_RAD_EPD3,LB_AL2395,A0,RAD,3.0,EDOF,-0.375,0.009669427886058264
R8_R6_LB_AL2395_A0_RAD_EDOF_EPD3,R6_LB_AL2395_A0_RAD_EPD3,LB_AL2395,A0,RAD,3.0,EDOF,-0.5,0.014882920591223538
R8_R6_LB_AL2395_A0_RAD_EDOF_EPD3,R6_LB_AL2395_A0_RAD_EPD3,LB_AL2395,A0,RAD,3.0,EDOF,-0.625,0.008925469345136768
R8_R6_LB_AL2395_A0_RAD_EDOF_EPD3,R6_LB_AL2395_A0_RAD_EPD3,LB_AL2395,A0,RAD,3.0,EDOF,-0.75,0.02940221973655711
R8_R6_LB_AL2395_A0_RAD_EDOF_EPD3,R6_LB_AL2395_A0_RAD_EPD3,LB_AL2395,A0,RAD,3.0,EDOF,-0.875,0.028040299711299854
R8_R6_LB_AL2395_A0_RAD_EDOF_EPD3,R6_LB_AL2395_A0_RAD_EPD3,LB_AL2395,A0,RAD,3.0,EDOF,-1.0,0.02701837880682865
R8_R6_LB_AL2395_A0_RAD_EDOF_EPD3,R6_LB_AL2395_A0_RAD_EPD3,LB_AL2395,A0,RAD,3.0,EDOF,-1.125,0.026241041433685035
R8_R6_LB_AL2395_A0_RAD_EDOF_EPD3,R6_LB_AL2395_A0_RAD_EPD3,LB_AL2395,A0,RAD,3.0,EDOF,-1.25,0.004381287923718507
R8_R6_LB_AL2395_A0_RAD_EDOF_EPD3,R6_LB_AL2395_A0_RAD_EPD3,LB_AL2395,A0,RAD,3.0,EDOF,-1.375,0.022777766988641923
R8_R6_LB_AL2395_A0_RAD_EDOF_EPD3,R6_LB_AL2395_A0_RAD_EPD3,LB_AL2395,A0,RAD,3.0,EDOF,-1.5,0.01679711102363917
R8_R6_LB_AL2395_A0_RAD_EDOF_EPD3,R6_LB_AL2395_A0_RAD_EPD3,LB_AL2395,A0,RAD,3.0,EDOF,-1.625,0.014626165248798896
R8_R6_LB_AL2395_A0_RAD_EDOF_EPD3,R6_LB_AL2395_A0_RAD_EPD3,LB_AL2395,A0,RAD,3.0,EDOF,-1.75,0.02852023505856153
R8_R6_LB_AL2395_A0_RAD_EDOF_EPD3,R6_LB_AL2395_A0_RAD_EPD3,LB_AL2395,A0,RAD,3.0,EDOF,-1.875,0.015065523138142235
R8_R6_LB_AL2395_A0_RAD_EDOF_EPD3,R6_LB_AL2395_A0_RAD_EPD3,LB_AL2395,A0,RAD,3.0,EDOF,-2.0,8.897065982665972e-06
R8_R6_LB_AL2395_A0_RAD_EDOF_EPD3,R6_LB_AL2395_A0_RAD_EPD3,LB_AL2395,A0,RAD,3.0,EDOF,-2.125,0.005396645920104943
R8_R6_LB_AL2395_A0_RAD_EDOF_EPD3,R6_LB_AL2395_A0_RAD_EPD3,LB_AL2395,A0,RAD,3.0,EDOF,-2.25,0.00832681396689608
R8_R6_LB_AL2395_A0_RAD_EDOF_EPD3,R6_LB_AL2395_A0_RAD_EPD3,LB_AL2395,A0,RAD,3.0,EDOF,-2.375,0.006442260261188578
R8_R6_LB_AL2395_A0_RAD_EDOF_EPD3,R6_LB_AL2395_A0_RAD_EPD3,LB_AL2395,A0,RAD,3.0,EDOF,-2.5,0.003781135276683491
R8_R6_LB_AL2395_A0_RAD_EDOF_EPD3,R6_LB_AL2395_A0_RAD_EPD3,LB_AL2395,A0,RAD,3.0,EDOF,-2.625,0.010197643183961795
R8_R6_LB_AL2395_A0_RAD_EDOF_EPD3,R6_LB_AL2395_A0_RAD_EPD3,LB_AL2395,A0,RAD,3.0,EDOF,-2.75,0.0063064374593588
R8_R6_LB_AL2395_A0_RAD_EDOF_EPD3,R6_LB_AL2395_A0_RAD_EPD3,LB_AL2395,A0,RAD,3.0,EDOF,-2.875,0.00605535702594002
R8_R6_LB_AL2395_A0_RAD_EDOF_EPD3,R6_LB_AL2395_A0_RAD_EPD3,LB_AL2395,A0,RAD,3.0,EDOF,-3.0,0.015663193210541028
R8_R6_LB_AL2395_A0_RAD_EDOF_EPD3,R6_LB_AL2395_A0_RAD_EPD3,LB_AL2395,A0,RAD,3.0,EDOF,-3.125,0.018798922956157503
R8_R6_LB_AL2395_A0_RAD_EDOF_EPD3,R6_LB_AL2395_A0_RAD_EPD3,LB_AL2395,A0,RAD,3.0,EDOF,-3.25,0.007745274583875253
R8_R6_LB_AL2395_A0_RAD_EDOF_EPD3,R6_LB_AL2395_A0_RAD_EPD3,LB_AL2395,A0,RAD,3.0,EDOF,-3.375,0.00016089219492763509
R8_R6_LB_AL2395_A0_RAD_EDOF_EPD3,R6_LB_AL2395_A0_RAD_EPD3,LB_AL2395,A0,RAD,3.0,EDOF,-3.5,0.009425682660283248
R8_R6_LB_AL2395_A0_RAD_EDOF_EPD3,R6_LB_AL2395_A0_RAD_EPD3,LB_AL2395,A0,RAD,3.0,EDOF,-3.625,0.0269881595808556
R8_R6_LB_AL2395_A0_RAD_EDOF_EPD3,R6_LB_AL2395_A0_RAD_EPD3,LB_AL2395,A0,RAD,3.0,EDOF,-3.75,0.036568239537423365
R8_R6_LB_AL2395_A0_RAD_EDOF_EPD3,R6_LB_AL2395_A0_RAD_EPD3,LB_AL2395,A0,RAD,3.0,EDOF,-3.875,0.03234417442956616
R8_R6_LB_AL2395_A0_RAD_EDOF_EPD3,R6_LB_AL2395_A0_RAD_EPD3,LB_AL2395,A0,RAD,3.0,EDOF,-4.0,0.015324867933959966
R8_R6_LB_AL2395_A0_RAD_EDOF_EPD3,R6_LB_AL2395_A0_RAD_EPD3,LB_AL2395,A0,RAD,3.0,EDOF,-4.125,0.004045990040561038
R8_R6_LB_AL2395_A0_RAD_EDOF_EPD3,R6_LB_AL2395_A0_RAD_EPD3,LB_AL2395,A0,RAD,3.0,EDOF,-4.25,0.006155905155276869
R8_R6_LB_AL2395_A0_RAD_EDOF_EPD3,R6_LB_AL2395_A0_RAD_EPD3,LB_AL2395,A0,RAD,3.0,EDOF,-4.375,0.014719169396515908
R8_R6_LB_AL2395_A0_RAD_EDOF_EPD3,R6_LB_AL2395_A0_RAD_EPD3,LB_AL2395,A0,RAD,3.0,EDOF,-4.5,0.03454147290800685
R8_R6_LB_AL2395_A0_RAD_EDOF_EPD3,R6_LB_AL2395_A0_RAD_EPD3,LB_AL2395,A0,RAD,3.0,EDOF,-4.625,0.033578521156217275
R8_R6_LB_AL2395_A0_RAD_EDOF_EPD3,R6_LB_AL2395_A0_RAD_EPD3,LB_AL2395,A0,RAD,3.0,EDOF,-4.75,0.013329958287937522
R8_R6_LB_AL2395_A0_RAD_EDOF_EPD3,R6_LB_AL2395_A0_RAD_EPD3,LB_AL2395,A0,RAD,3.0,EDOF,-4.875,0.006181208964798152
R8_R6_LB_AL2395_A0_RAD_EDOF_EPD3,R6_LB_AL2395_A0_RAD_EPD3,LB_AL2395,A0,RAD,3.0,EDOF,-5.0,0.011136867850357609
R8_R6_LB_AL2395_A0_RAD_MONO_EPD5,R6_LB_AL2395_A0_RAD_EPD5,LB_AL2395,A0,RAD,5.0,MONO,1.0,1.1974912703072578e-05
R8_R6_LB_AL2395_A0_RAD_MONO_EPD5,R6_LB_AL2395_A0_RAD_EPD5,LB_AL2395,A0,RAD,5.0,MONO,0.875,0.0004903202288579443
R8_R6_LB_AL2395_A0_RAD_MONO_EPD5,R6_LB_AL2395_A0_RAD_EPD5,LB_AL2395,A0,RAD,5.0,MONO,0.75,0.0005242287080505204
R8_R6_LB_AL2395_A0_RAD_MONO_EPD5,R6_LB_AL2395_A0_RAD_EPD5,LB_AL2395,A0,RAD,5.0,MONO,0.625,0.001973836261325394
R8_R6_LB_AL2395_A0_RAD_MONO_EPD5,R6_LB_AL2395_A0_RAD_EPD5,LB_AL2395,A0,RAD,5.0,MONO,0.5,0.000544177170414638
R8_R6_LB_AL2395_A0_RAD_MONO_EPD5,R6_LB_AL2395_A0_RAD_EPD5,LB_AL2395,A0,RAD,5.0,MONO,0.375,0.011787630903145779
R8_R6_LB_AL2395_A0_RAD_MONO_EPD5,R6_LB_AL2395_A0_RAD_EPD5,LB_AL2395,A0,RAD,5.0,MONO,0.25,0.038938914470232365
R8_R6_LB_AL2395_A0_RAD_MONO_EPD5,R6_LB_AL2395_A0_RAD_EPD5,LB_AL2395,A0,RAD,5.0,MONO,0.125,0.11898466036690414
R8_R6_LB_AL2395_A0_RAD_MONO_EPD5,R6_LB_AL2395_A0_RAD_EPD5,LB_AL2395,A0,RAD,5.0,MONO,0.0,0.21914049489657386
R8_R6_LB_AL2395_A0_RAD_MONO_EPD5,R6_LB_AL2395_A0_RAD_EPD5,LB_AL2395,A0,RAD,5.0,MONO,-0.125,0.2732684033737009
R8_R6_LB_AL2395_A0_RAD_MONO_EPD5,R6_LB_AL2395_A0_RAD_EPD5,LB_AL2395,A0,RAD,5.0,MONO,-0.25,0.1340225608050581
R8_R6_LB_AL2395_A0_RAD_MONO_EPD5,R6_LB_AL2395_A0_RAD_EPD5,LB_AL2395,A0,RAD,5.0,MONO,-0.375,0.00545362562021394
R8_R6_LB_AL2395_A0_RAD_MONO_EPD5,R6_LB_AL2395_A0_RAD_EPD5,LB_AL2395,A0,RAD,5.0,MONO,-0.5,0.04074564404038374
R8_R6_LB_AL2395_A0_RAD_MONO_EPD5,R6_LB_AL2395_A0_RAD_EPD5,LB_AL2395,A0,RAD,5.0,MONO,-0.625,0.11861647543208076
R8_R6_LB_AL2395_A0_RAD_MONO_EPD5,R6_LB_AL2395_A0_RAD_EPD5,LB_AL2395,A0,RAD,5.0,MONO,-0.75,0.004774467372519672
R8_R6_LB_AL2395_A0_RAD_MONO_EPD5,R6_LB_AL2395_A0_RAD_EPD5,LB_AL2395,A0,RAD,5.0,MONO,-0.875,0.004975986345197231
R8_R6_LB_AL2395_A0_RAD_MONO_EPD5,R6_LB_AL2395_A0_RAD_EPD5,LB_AL2395,A0,RAD,5.0,MONO,-1.0,0.07327501273722853
R8_R6_LB_AL2395_A0_RAD_MONO_EPD5,R6_LB_AL2395_A0_RAD_EPD5,LB_AL2395,A0,RAD,5.0,MONO,-1.125,0.03151480295980108
R8_R6_LB_AL2395_A0_RAD_MONO_EPD5,R6_LB_AL2395_A0_RAD_EPD5,LB_AL2395,A0,RAD,5.0,MONO,-1.25,0.024488964097413732
R8_R6_LB_AL2395_A0_RAD_MONO_EPD5,R6_LB_AL2395_A0_RAD_EPD5,LB_AL2395,A0,RAD,5.0,MONO,-1.375,0.018045403455326205
R8_R6_LB_AL2395_A0_RAD_MONO_EPD5,R6_LB_AL2395_A0_RAD_EPD5,LB_AL2395,A0,RAD,5.0,MONO,-1.5,0.022050589611916565
R8_R6_LB_AL2395_A0_RAD_MONO_EPD5,R6_LB_AL2395_A0_RAD_EPD5,LB_AL2395,A0,RAD,5.0,MONO,-1.625,0.036489278124398526
R8_R6_LB_AL2395_A0_RAD_MONO_EPD5,R6_LB_AL2395_A0_RAD_EPD5,LB_AL2395,A0,RAD,5.0,MONO,-1.75,0.027001557483000427
R8_R6_LB_AL2395_A0_RAD_MONO_EPD5,R6_LB_AL2395_A0_RAD_EPD5,LB_AL2395,A0,RAD,5.0,MONO,-1.875,0.02506795411246244
R8_R6_LB_AL2395_A0_RAD_MONO_EPD5,R6_LB_AL2395_A0_RAD_EPD5,LB_AL2395,A0,RAD,5.0,MONO,-2.0,0.01658383311016849
R8_R6_LB_AL2395_A0_RAD_MONO_EPD5,R6_LB_AL2395_A0_RAD_EPD5,LB_AL2395,A0,RAD,5.0,MONO,-2.125,0.013206574936353133
R8_R6_LB_AL2395_A0_RAD_MONO_EPD5,R6_LB_AL2395_A0_RAD_EPD5,LB_AL2395,A0,RAD,5.0,MONO,-2.25,0.006732874854205814
R8_R6_LB_AL2395_A0_RAD_MONO_EPD5,R6_LB_AL2395_A0_RAD_EPD5,LB_AL2395,A0,RAD,5.0,MONO,-2.375,0.004049133447215233
R8_R6_LB_AL2395_A0_RAD_MONO_EPD5,R6_LB_AL2395_A0_RAD_EPD5,LB_AL2395,A0,RAD,5.0,MONO,-2.5,0.0
R8_R6_LB_AL2395_A0_RAD_MONO_EPD5,R6_LB_AL2395_A0_RAD_EPD5,LB_AL2395,A0,RAD,5.0,MONO,-2.625,0.0014035390271983149
R8_R6_LB_AL2395_A0_RAD_MONO_EPD5,R6_LB_AL2395_A0_RAD_EPD5,LB_AL2395,A0,RAD,5.0,MONO,-2.75,0.003170642626904589
R8_R6_LB_AL2395_A0_RAD_MONO_EPD5,R6_LB_AL2395_A0_RAD_EPD5,LB_AL2395,A0,RAD,5.0,MONO,-2.875,0.002237586488197856
R8_R6_LB_AL2395_A0_RAD_MONO_EPD5,R6_LB_AL2395_A0_RAD_EPD5,LB_AL2395,A0,RAD,5.0,MONO,-3.0,0.0028335142190549782
R8_R6_LB_AL2395_A0_RAD_MONO_EPD5,R6_LB_AL2395_A0_RAD_EPD5,LB_AL2395,A0,RAD,5.0,MONO,-3.125,0.0033534060356102597
R8_R6_LB_AL2395_A0_RAD_MONO_EPD5,R6_LB_AL2395_A0_RAD_EPD5,LB_AL2395,A0,RAD,5.0,MONO,-3.25,0.004284852311898417
R8_R6_LB_AL2395_A0_RAD_MONO_EPD5,R6_LB_AL2395_A0_RAD_EPD5,LB_AL2395,A0,RAD,5.0,MONO,-3.375,0.0036976781922250486
R8_R6_LB_AL2395_A0_RAD_MONO_EPD5,R6_LB_AL2395_A0_RAD_EPD5,LB_AL2395,A0,RAD,5.0,MONO,-3.5,0.003192307162758715
R8_R6_LB_AL2395_A0_RAD_MONO_EPD5,R6_LB_AL2395_A0_RAD_EPD5,LB_AL2395,A0,RAD,5.0,MONO,-3.625,0.0037133544334423782
R8_R6_LB_AL2395_A0_RAD_MONO_EPD5,R6_LB_AL2395_A0_RAD_EPD5,LB_AL2395,A0,RAD,5.0,MONO,-3.75,0.004336504728276152
R8_R6_LB_AL2395_A0_RAD_MONO_EPD5,R6_LB_AL2395_A0_RAD_EPD5,LB_AL2395,A0,RAD,5.0,MONO,-3.875,0.0045744113416325855
R8_R6_LB_AL2395_A0_RAD_MONO_EPD5,R6_LB_AL2395_A0_RAD_EPD5,LB_AL2395,A0,RAD,5.0,MONO,-4.0,0.004310821779996792
R8_R6_LB_AL2395_A0_RAD_MONO_EPD5,R6_LB_AL2395_A0_RAD_EPD5,LB_AL2395,A0,RAD,5.0,MONO,-4.125,0.005052297085133274
R8_R6_LB_AL2395_A0_RAD_MONO_EPD5,R6_LB_AL2395_A0_RAD_EPD5,LB_AL2395,A0,RAD,5.0,MONO,-4.25,0.005158038072604835
R8_R6_LB_AL2395_A0_RAD_MONO_EPD5,R6_LB_AL2395_A0_RAD_EPD5,LB_AL2395,A0,RAD,5.0,MONO,-4.375,0.005580808013606253
R8_R6_LB_AL2395_A0_RAD_MONO_EPD5,R6_LB_AL2395_A0_RAD_EPD5,LB_AL2395,A0,RAD,5.0,MONO,-4.5,0.00494616268266943
R8_R6_LB_AL2395_A0_RAD_MONO_EPD5,R6_LB_AL2395_A0_RAD_EPD5,LB_AL2395,A0,RAD,5.0,MONO,-4.625,0.0044837432165875084
R8_R6_LB_AL2395_A0_RAD_MONO_EPD5,R6_LB_AL2395_A0_RAD_EPD5,LB_AL2395,A0,RAD,5.0,MONO,-4.75,0.004594289830321656
R8_R6_LB_AL2395_A0_RAD_MONO_EPD5,R6_LB_AL2395_A0_RAD_EPD5,LB_AL2395,A0,RAD,5.0,MONO,-4.875,0.0028179229318125894
R8_R6_LB_AL2395_A0_RAD_MONO_EPD5,R6_LB_AL2395_A0_RAD_EPD5,LB_AL2395,A0,RAD,5.0,MONO,-5.0,0.0037848278106981876
R8_R6_LB_AL2395_A0_RAD_EDOF_EPD5,R6_LB_AL2395_A0_RAD_EPD5,LB_AL2395,A0,RAD,5.0,EDOF,1.0,0.06239065613852817
R8_R6_LB_AL2395_A0_RAD_EDOF_EPD5,R6_LB_AL2395_A0_RAD_EPD5,LB_AL2395,A0,RAD,5.0,EDOF,0.875,0.09092217825956132
R8_R6_LB_AL2395_A0_RAD_EDOF_EPD5,R6_LB_AL2395_A0_RAD_EPD5,LB_AL2395,A0,RAD,5.0,EDOF,0.75,0.05934820958036833
R8_R6_LB_AL2395_A0_RAD_EDOF_EPD5,R6_LB_AL2395_A0_RAD_EPD5,LB_AL2395,A0,RAD,5.0,EDOF,0.625,0.027503642536781066
R8_R6_LB_AL2395_A0_RAD_EDOF_EPD5,R6_LB_AL2395_A0_RAD_EPD5,LB_AL2395,A0,RAD,5.0,EDOF,0.5,0.025997990217967
R8_R6_LB_AL2395_A0_RAD_EDOF_EPD5,R6_LB_AL2395_A0_RAD_EPD5,LB_AL2395,A0,RAD,5.0,EDOF,0.375,0.1164411115755072
R8_R6_LB_AL2395_A0_RAD_EDOF_EPD5,R6_LB_AL2395_A0_RAD_EPD5,LB_AL2395,A0,RAD,5.0,EDOF,0.25,0.14225278125119706
R8_R6_LB_AL2395_A0_RAD_EDOF_EPD5,R6_LB_AL2395_A0_RAD_EPD5,LB_AL2395,A0,RAD,5.0,EDOF,0.125,0.038419419467848485
R8_R6_LB_AL2395_A0_RAD_EDOF_EPD5,R6_LB_AL2395_A0_RAD_EPD5,LB_AL2395,A0,RAD,5.0,EDOF,0.0,0.03382198099865132
R8_R6_LB_AL2395_A0_RAD_EDOF_EPD5,R6_LB_AL2395_A0_RAD_EPD5,LB_AL2395,A0,RAD,5.0,EDOF,-0.125,0.020522286663107573
R8_R6_LB_AL2395_A0_RAD_EDOF_EPD5,R6_LB_AL2395_A0_RAD_EPD5,LB_AL2395,A0,RAD,5.0,EDOF,-0.25,0.054773241036720814
R8_R6_LB_AL2395_A0_RAD_EDOF_EPD5,R6_LB_AL2395_A0_RAD_EPD5,LB_AL2395,A0,RAD,5.0,EDOF,-0.375,0.07269036076458546
R8_R6_LB_AL2395_A0_RAD_EDOF_EPD5,R6_LB_AL2395_A0_RAD_EPD5,LB_AL2395,A0,RAD,5.0,EDOF,-0.5,0.06090689170064928
R8_R6_LB_AL2395_A0_RAD_EDOF_EPD5,R6_LB_AL2395_A0_RAD_EPD5,LB_AL2395,A0,RAD,5.0,EDOF,-0.625,0.06768757850651311
R8_R6_LB_AL2395_A0_RAD_EDOF_EPD5,R6_LB_AL2395_A0_RAD_EPD5,LB_AL2395,A0,RAD,5.0,EDOF,-0.75,0.05566534594891437
R8_R6_LB_AL2395_A0_RAD_EDOF_EPD5,R6_LB_AL2395_A0_RAD_EPD5,LB_AL2395,A0,RAD,5.0,EDOF,-0.875,0.009046942607402825
R8_R6_LB_AL2395_A0_RAD_EDOF_EPD5,R6_LB_AL2395_A0_RAD_EPD5,LB_AL2395,A0,RAD,5.0,EDOF,-1.0,0.030710290780544915
R8_R6_LB_AL2395_A0_RAD_EDOF_EPD5,R6_LB_AL2395_A0_RAD_EPD5,LB_AL2395,A0,RAD,5.0,EDOF,-1.125,0.04841023094139131
R8_R6_LB_AL2395_A0_RAD_EDOF_EPD5,R6_LB_AL2395_A0_RAD_EPD5,LB_AL2395,A0,RAD,5.0,EDOF,-1.25,0.011394343811499385
R8_R6_LB_AL2395_A0_RAD_EDOF_EPD5,R6_LB_AL2395_A0_RAD_EPD5,LB_AL2395,A0,RAD,5.0,EDOF,-1.375,0.0071140135290315406
R8_R6_LB_AL2395_A0_RAD_EDOF_EPD5,R6_LB_AL2395_A0_RAD_EPD5,LB_AL2395,A0,RAD,5.0,EDOF,-1.5,0.003990824068845555
R8_R6_LB_AL2395_A0_RAD_EDOF_EPD5,R6_LB_AL2395_A0_RAD_EPD5,LB_AL2395,A0,RAD,5.0,EDOF,-1.625,0.007060943179684477
R8_R6_LB_AL2395_A0_RAD_EDOF_EPD5,R6_LB_AL2395_A0_RAD_EPD5,LB_AL2395,A0,RAD,5.0,EDOF,-1.75,0.008952307252239226
R8_R6_LB_AL2395_A0_RAD_EDOF_EPD5,R6_LB_AL2395_A0_RAD_EPD5,LB_AL2395,A0,RAD,5.0,EDOF,-1.875,0.006599277503553541
R8_R6_LB_AL2395_A0_RAD_EDOF_EPD5,R6_LB_AL2395_A0_RAD_EPD5,LB_AL2395,A0,RAD,5.0,EDOF,-2.0,0.00910090797092289
R8_R6_LB_AL2395_A0_RAD_EDOF_EPD5,R6_LB_AL2395_A0_RAD_EPD5,LB_AL2395,A0,RAD,5.0,EDOF,-2.125,0.006446321122001514
R8_R6_LB_AL2395_A0_RAD_EDOF_EPD5,R6_LB_AL2395_A0_RAD_EPD5,LB_AL2395,A0,RAD,5.0,EDOF,-2.25,0.006417310782714119
R8_R6_LB_AL2395_A0_RAD_EDOF_EPD5,R6_LB_AL2395_A0_RAD_EPD5,LB_AL2395,A0,RAD,5.0,EDOF,-2.375,0.007157876882097726
R8_R6_LB_AL2395_A0_RAD_EDOF_EPD5,R6_LB_AL2395_A0_RAD_EPD5,LB_AL2395,A0,RAD,5.0,EDOF,-2.5,0.00826036481814898
R8_R6_LB_AL2395_A0_RAD_EDOF_EPD5,R6_LB_AL2395_A0_RAD_EPD5,LB_AL2395,A0,RAD,5.0,EDOF,-2.625,0.016884906151302982
R8_R6_LB_AL2395_A0_RAD_EDOF_EPD5,R6_LB_AL2395_A0_RAD_EPD5,LB_AL2395,A0,RAD,5.0,EDOF,-2.75,0.009120260998878235
R8_R6_LB_AL2395_A0_RAD_EDOF_EPD5,R6_LB_AL2395_A0_RAD_EPD5,LB_AL2395,A0,RAD,5.0,EDOF,-2.875,0.01640034686824204
R8_R6_LB_AL2395_A0_RAD_EDOF_EPD5,R6_LB_AL2395_A0_RAD_EPD5,LB_AL2395,A0,RAD,5.0,EDOF,-3.0,0.004332657013414658
R8_R6_LB_AL2395_A0_RAD_EDOF_EPD5,R6_LB_AL2395_A0_RAD_EPD5,LB_AL2395,A0,RAD,5.0,EDOF,-3.125,0.014285446299385276
R8_R6_LB_AL2395_A0_RAD_EDOF_EPD5,R6_LB_AL2395_A0_RAD_EPD5,LB_AL2395,A0,RAD,5.0,EDOF,-3.25,0.0006132022179040583
R8_R6_LB_AL2395_A0_RAD_EDOF_EPD5,R6_LB_AL2395_A0_RAD_EPD5,LB_AL2395,A0,RAD,5.0,EDOF,-3.375,0.0034521979714567472
R8_R6_LB_AL2395_A0_RAD_EDOF_EPD5,R6_LB_AL2395_A0_RAD_EPD5,LB_AL2395,A0,RAD,5.0,EDOF,-3.5,0.005255401815816464
R8_R6_LB_AL2395_A0_RAD_EDOF_EPD5,R6_LB_AL2395_A0_RAD_EPD5,LB_AL2395,A0,RAD,5.0,EDOF,-3.625,0.0002335144359536214
R8_R6_LB_AL2395_A0_RAD_EDOF_EPD5,R6_LB_AL2395_A0_RAD_EPD5,LB_AL2395,A0,RAD,5.0,EDOF,-3.75,0.02451305801288058
R8_R6_LB_AL2395_A0_RAD_EDOF_EPD5,R6_LB_AL2395_A0_RAD_EPD5,LB_AL2395,A0,RAD,5.0,EDOF,-3.875,0.0005120258342654147
R8_R6_LB_AL2395_A0_RAD_EDOF_EPD5,R6_LB_AL2395_A0_RAD_EPD5,LB_AL2395,A0,RAD,5.0,EDOF,-4.0,0.016091248778672244
R8_R6_LB_AL2395_A0_RAD_EDOF_EPD5,R6_LB_AL2395_A0_RAD_EPD5,LB_AL2395,A0,RAD,5.0,EDOF,-4.125,0.00993663536791663
R8_R6_LB_AL2395_A0_RAD_EDOF_EPD5,R6_LB_AL2395_A0_RAD_EPD5,LB_AL2395,A0,RAD,5.0,EDOF,-4.25,0.004811488887396505
R8_R6_LB_AL2395_A0_RAD_EDOF_EPD5,R6_LB_AL2395_A0_RAD_EPD5,LB_AL2395,A0,RAD,5.0,EDOF,-4.375,0.0035393532919296977
R8_R6_LB_AL2395_A0_RAD_EDOF_EPD5,R6_LB_AL2395_A0_RAD_EPD5,LB_AL2395,A0,RAD,5.0,EDOF,-4.5,0.014771838637852756
R8_R6_LB_AL2395_A0_RAD_EDOF_EPD5,R6_LB_AL2395_A0_RAD_EPD5,LB_AL2395,A0,RAD,5.0,EDOF,-4.625,0.006659433131684443
R8_R6_LB_AL2395_A0_RAD_EDOF_EPD5,R6_LB_AL2395_A0_RAD_EPD5,LB_AL2395,A0,RAD,5.0,EDOF,-4.75,0.01060129618569731
R8_R6_LB_AL2395_A0_RAD_EDOF_EPD5,R6_LB_AL2395_A0_RAD_EPD5,LB_AL2395,A0,RAD,5.0,EDOF,-4.875,0.0053514108095134945
R8_R6_LB_AL2395_A0_RAD_EDOF_EPD5,R6_LB_AL2395_A0_RAD_EPD5,LB_AL2395,A0,RAD,5.0,EDOF,-5.0,0.00254393570563443
R8_R6_LB_AL2395_A0_HOA_MONO_EPD3,R6_LB_AL2395_A0_HOA_EPD3,LB_AL2395,A0,HOA,3.0,MONO,1.0,0.00912950370452706
R8_R6_LB_AL2395_A0_HOA_MONO_EPD3,R6_LB_AL2395_A0_HOA_EPD3,LB_AL2395,A0,HOA,3.0,MONO,0.875,0.0075137946785174365
R8_R6_LB_AL2395_A0_HOA_MONO_EPD3,R6_LB_AL2395_A0_HOA_EPD3,LB_AL2395,A0,HOA,3.0,MONO,0.75,0.003938457807737174
R8_R6_LB_AL2395_A0_HOA_MONO_EPD3,R6_LB_AL2395_A0_HOA_EPD3,LB_AL2395,A0,HOA,3.0,MONO,0.625,0.05100566141951248
R8_R6_LB_AL2395_A0_HOA_MONO_EPD3,R6_LB_AL2395_A0_HOA_EPD3,LB_AL2395,A0,HOA,3.0,MONO,0.5,0.08706123247802641
R8_R6_LB_AL2395_A0_HOA_MONO_EPD3,R6_LB_AL2395_A0_HOA_EPD3,LB_AL2395,A0,HOA,3.0,MONO,0.375,0.12056205681257118
R8_R6_LB_AL2395_A0_HOA_MONO_EPD3,R6_LB_AL2395_A0_HOA_EPD3,LB_AL2395,A0,HOA,3.0,MONO,0.25,0.23453096720319885
R8_R6_LB_AL2395_A0_HOA_MONO_EPD3,R6_LB_AL2395_A0_HOA_EPD3,LB_AL2395,A0,HOA,3.0,MONO,0.125,0.4133151838210626
R8_R6_LB_AL2395_A0_HOA_MONO_EPD3,R6_LB_AL2395_A0_HOA_EPD3,LB_AL2395,A0,HOA,3.0,MONO,0.0,0.4677852964857356
R8_R6_LB_AL2395_A0_HOA_MONO_EPD3,R6_LB_AL2395_A0_HOA_EPD3,LB_AL2395,A0,HOA,3.0,MONO,-0.125,0.27413477590039337
R8_R6_LB_AL2395_A0_HOA_MONO_EPD3,R6_LB_AL2395_A0_HOA_EPD3,LB_AL2395,A0,HOA,3.0,MONO,-0.25,0.0016163482275835985
R8_R6_LB_AL2395_A0_HOA_MONO_EPD3,R6_LB_AL2395_A0_HOA_EPD3,LB_AL2395,A0,HOA,3.0,MONO,-0.375,0.09098853032277607
R8_R6_LB_AL2395_A0_HOA_MONO_EPD3,R6_LB_AL2395_A0_HOA_EPD3,LB_AL2395,A0,HOA,3.0,MONO,-0.5,0.018157046543825495
R8_R6_LB_AL2395_A0_HOA_MONO_EPD3,R6_LB_AL2395_A0_HOA_EPD3,LB_AL2395,A0,HOA,3.0,MONO,-0.625,0.0984710225633531
R8_R6_LB_AL2395_A0_HOA_MONO_EPD3,R6_LB_AL2395_A0_HOA_EPD3,LB_AL2395,A0,HOA,3.0,MONO,-0.75,0.0355281468397875
R8_R6_LB_AL2395_A0_HOA_MONO_EPD3,R6_LB_AL2395_A0_HOA_EPD3,LB_AL2395,A0,HOA,3.0,MONO,-0.875,0.04403887320448803
R8_R6_LB_AL2395_A0_HOA_MONO_EPD3,R6_LB_AL2395_A0_HOA_EPD3,LB_AL2395,A0,HOA,3.0,MONO,-1.0,0.02286651857684242
R8_R6_LB_AL2395_A0_HOA_MONO_EPD3,R6_LB_AL2395_A0_HOA_EPD3,LB_AL2395,A0,HOA,3.0,MONO,-1.125,0.031803183314165095
R8_R6_LB_AL2395_A0_HOA_MONO_EPD3,R6_LB_AL2395_A0_HOA_EPD3,LB_AL2395,A0,HOA,3.0,MONO,-1.25,0.021857175366527943
R8_R6_LB_AL2395_A0_HOA_MONO_EPD3,R6_LB_AL2395_A0_HOA_EPD3,LB_AL2395,A0,HOA,3.0,MONO,-1.375,0.017939574558212552
R8_R6_LB_AL2395_A0_HOA_MONO_EPD3,R6_LB_AL2395_A0_HOA_EPD3,LB_AL2395,A0,HOA,3.0,MONO,-1.5,0.013135624115628713
R8_R6_LB_AL2395_A0_HOA_MONO_EPD3,R6_LB_AL2395_A0_HOA_EPD3,LB_AL2395,A0,HOA,3.0,MONO,-1.625,0.015252337308627583
R8_R6_LB_AL2395_A0_HOA_MONO_EPD3,R6_LB_AL2395_A0_HOA_EPD3,LB_AL2395,A0,HOA,3.0,MONO,-1.75,0.011188160362249167
R8_R6_LB_AL2395_A0_HOA_MONO_EPD3,R6_LB_AL2395_A0_HOA_EPD3,LB_AL2395,A0,HOA,3.0,MONO,-1.875,0.009937530132251706
R8_R6_LB_AL2395_A0_HOA_MONO_EPD3,R6_LB_AL2395_A0_HOA_EPD3,LB_AL2395,A0,HOA,3.0,MONO,-2.0,0.005874965601875388
R8_R6_LB_AL2395_A0_HOA_MONO_EPD3,R6_LB_AL2395_A0_HOA_EPD3,LB_AL2395,A0,HOA,3.0,MONO,-2.125,0.00956618080534083
R8_R6_LB_AL2395_A0_HOA_MONO_EPD3,R6_LB_AL2395_A0_HOA_EPD3,LB_AL2395,A0,HOA,3.0,MONO,-2.25,0.0039991468972742795
R8_R6_LB_AL2395_A0_HOA_MONO_EPD3,R6_LB_AL2395_A0_HOA_EPD3,LB_AL2395,A0,HOA,3.0,MONO,-2.375,0.008648415220099978
R8_R6_LB_AL2395_A0_HOA_MONO_EPD3,R6_LB_AL2395_A0_HOA_EPD3,LB_AL2395,A0,HOA,3.0,MONO,-2.5,0.0026844421269428312
R8_R6_LB_AL2395_A0_HOA_MONO_EPD3,R6_LB_AL2395_A0_HOA_EPD3,LB_AL2395,A0,HOA,3.0,MONO,-2.625,0.007870064604715996
R8_R6_LB_AL2395_A0_HOA_MONO_EPD3,R6_LB_AL2395_A0_HOA_EPD3,LB_AL2395,A0,HOA,3.0,MONO,-2.75,0.0021812380220607858
R8_R6_LB_AL2395_A0_HOA_MONO_EPD3,R6_LB_AL2395_A0_HOA_EPD3,LB_AL2395,A0,HOA,3.0,MONO,-2.875,0.006287724271552009
R8_R6_LB_AL2395_A0_HOA_MONO_EPD3,R6_LB_AL2395_A0_HOA_EPD3,LB_AL2395,A0,HOA,3.0,MONO,-3.0,0.0010178450222458198
R8_R6_LB_AL2395_A0_HOA_MONO_EPD3,R6_LB_AL2395_A0_HOA_EPD3,LB_AL2395,A0,HOA,3.0,MONO,-3.125,0.005284219271166755
R8_R6_LB_AL2395_A0_HOA_MONO_EPD3,R6_LB_AL2395_A0_HOA_EPD3,LB_AL2395,A0,HOA,3.0,MONO,-3.25,0.00022082629409234832
R8_R6_LB_AL2395_A0_HOA_MONO_EPD3,R6_LB_AL2395_A0_HOA_EPD3,LB_AL2395,A0,HOA,3.0,MONO,-3.375,0.0040133154771248075
R8_R6_LB_AL2395_A0_HOA_MONO_EPD3,R6_LB_AL2395_A0_HOA_EPD3,LB_AL2395,A0,HOA,3.0,MONO,-3.5,0.0012647650438703166
R8_R6_LB_AL2395_A0_HOA_MONO_EPD3,R6_LB_AL2395_A0_HOA_EPD3,LB_AL2395,A0,HOA,3.0,MONO,-3.625,0.004038993333952081
R8_R6_LB_AL2395_A0_HOA_MONO_EPD3,R6_LB_AL2395_A0_HOA_EPD3,LB_AL2395,A0,HOA,3.0,MONO,-3.75,0.0015026423221919955
R8_R6_LB_AL2395_A0_HOA_MONO_EPD3,R6_LB_AL2395_A0_HOA_EPD3,LB_AL2395,A0,HOA,3.0,MONO,-3.875,0.003724264583114371
R8_R6_LB_AL2395_A0_HOA_MONO_EPD3,R6_LB_AL2395_A0_HOA_EPD3,LB_AL2395,A0,HOA,3.0,MONO,-4.0,0.0010559312931846523
R8_R6_LB_AL2395_A0_HOA_MONO_EPD3,R6_LB_AL2395_A0_HOA_EPD3,LB_AL2395,A0,HOA,3.0,MONO,-4.125,0.002347964244555822
R8_R6_LB_AL2395_A0_HOA_MONO_EPD3,R6_LB_AL2395_A0_HOA_EPD3,LB_AL2395,A0,HOA,3.0,MONO,-4.25,0.0012869873925480256
R8_R6_LB_AL2395_A0_HOA_MONO_EPD3,R6_LB_AL2395_A0_HOA_EPD3,LB_AL2395,A0,HOA,3.0,MONO,-4.375,0.0007642113464032454
R8_R6_LB_AL2395_A0_HOA_MONO_EPD3,R6_LB_AL2395_A0_HOA_EPD3,LB_AL2395,A0,HOA,3.0,MONO,-4.5,0.0027663701590770686
R8_R6_LB_AL2395_A0_HOA_MONO_EPD3,R6_LB_AL2395_A0_HOA_EPD3,LB_AL2395,A0,HOA,3.0,MONO,-4.625,0.00104979486359667
R8_R6_LB_AL2395_A0_HOA_MONO_EPD3,R6_LB_AL2395_A0_HOA_EPD3,LB_AL2395,A0,HOA,3.0,MONO,-4.75,0.0026870537549354965
R8_R6_LB_AL2395_A0_HOA_MONO_EPD3,R6_LB_AL2395_A0_HOA_EPD3,LB_AL2395,A0,HOA,3.0,MONO,-4.875,0.0007434576868785614
R8_R6_LB_AL2395_A0_HOA_MONO_EPD3,R6_LB_AL2395_A0_HOA_EPD3,LB_AL2395,A0,HOA,3.0,MONO,-5.0,0.0024611249333065795
R8_R6_LB_AL2395_A0_HOA_EDOF_EPD3,R6_LB_AL2395_A0_HOA_EPD3,LB_AL2395,A0,HOA,3.0,EDOF,1.0,0.029904564337544223
R8_R6_LB_AL2395_A0_HOA_EDOF_EPD3,R6_LB_AL2395_A0_HOA_EPD3,LB_AL2395,A0,HOA,3.0,EDOF,0.875,0.04103415189218791
R8_R6_LB_AL2395_A0_HOA_EDOF_EPD3,R6_LB_AL2395_A0_HOA_EPD3,LB_AL2395,A0,HOA,3.0,EDOF,0.75,0.008502171689663716
R8_R6_LB_AL2395_A0_HOA_EDOF_EPD3,R6_LB_AL2395_A0_HOA_EPD3,LB_AL2395,A0,HOA,3.0,EDOF,0.625,0.0023870750205297712
R8_R6_LB_AL2395_A0_HOA_EDOF_EPD3,R6_LB_AL2395_A0_HOA_EPD3,LB_AL2395,A0,HOA,3.0,EDOF,0.5,0.030725425413069538
R8_R6_LB_AL2395_A0_HOA_EDOF_EPD3,R6_LB_AL2395_A0_HOA_EPD3,LB_AL2395,A0,HOA,3.0,EDOF,0.375,0.03834731461355554
R8_R6_LB_AL2395_A0_HOA_EDOF_EPD3,R6_LB_AL2395_A0_HOA_EPD3,LB_AL2395,A0,HOA,3.0,EDOF,0.25,0.009065421879984045
R8_R6_LB_AL2395_A0_HOA_EDOF_EPD3,R6_LB_AL2395_A0_HOA_EPD3,LB_AL2395,A0,HOA,3.0,EDOF,0.125,0.020434775100514526
R8_R6_LB_AL2395_A0_HOA_EDOF_EPD3,R6_LB_AL2395_A0_HOA_EPD3,LB_AL2395,A0,HOA,3.0,EDOF,0.0,0.07265469888238811
R8_R6_LB_AL2395_A0_HOA_EDOF_EPD3,R6_LB_AL2395_A0_HOA_EPD3,LB_AL2395,A0,HOA,3.0,EDOF,-0.125,0.1795864272109944
R8_R6_LB_AL2395_A0_HOA_EDOF_EPD3,R6_LB_AL2395_A0_HOA_EPD3,LB_AL2395,A0,HOA,3.0,EDOF,-0.25,0.17239164743803828
R8_R6_LB_AL2395_A0_HOA_EDOF_EPD3,R6_LB_AL2395_A0_HOA_EPD3,LB_AL2395,A0,HOA,3.0,EDOF,-0.375,0.07694856535383805
R8_R6_LB_AL2395_A0_HOA_EDOF_EPD3,R6_LB_AL2395_A0_HOA_EPD3,LB_AL2395,A0,HOA,3.0,EDOF,-0.5,0.018512880460336136
R8_R6_LB_AL2395_A0_HOA_EDOF_EPD3,R6_LB_AL2395_A0_HOA_EPD3,LB_AL2395,A0,HOA,3.0,EDOF,-0.625,0.02631876189290963
R8_R6_LB_AL2395_A0_HOA_EDOF_EPD3,R6_LB_AL2395_A0_HOA_EPD3,LB_AL2395,A0,HOA,3.0,EDOF,-0.75,0.026143610157141464
R8_R6_LB_AL2395_A0_HOA_EDOF_EPD3,R6_LB_AL2395_A0_HOA_EPD3,LB_AL2395,A0,HOA,3.0,EDOF,-0.875,0.003508050930547305
R8_R6_LB_AL2395_A0_HOA_EDOF_EPD3,R6_LB_AL2395_A0_HOA_EPD3,LB_AL2395,A0,HOA,3.0,EDOF,-1.0,0.004246233647825464
R8_R6_LB_AL2395_A0_HOA_EDOF_EPD3,R6_LB_AL2395_A0_HOA_EPD3,LB_AL2395,A0,HOA,3.0,EDOF,-1.125,0.03622315619962945
R8_R6_LB_AL2395_A0_HOA_EDOF_EPD3,R6_LB_AL2395_A0_HOA_EPD3,LB_AL2395,A0,HOA,3.0,EDOF,-1.25,0.055548859204201315
R8_R6_LB_AL2395_A0_HOA_EDOF_EPD3,R6_LB_AL2395_A0_HOA_EPD3,LB_AL2395,A0,HOA,3.0,EDOF,-1.375,0.02839136910057373
R8_R6_LB_AL2395_A0_HOA_EDOF_EPD3,R6_LB_AL2395_A0_HOA_EPD3,LB_AL2395,A0,HOA,3.0,EDOF,-1.5,0.0031822123832934727
R8_R6_LB_AL2395_A0_HOA_EDOF_EPD3,R6_LB_AL2395_A0_HOA_EPD3,LB_AL2395,A0,HOA,3.0,EDOF,-1.625,0.009151139425201352
R8_R6_LB_AL2395_A0_HOA_EDOF_EPD3,R6_LB_AL2395_A0_HOA_EPD3,LB_AL2395,A0,HOA,3.0,EDOF,-1.75,0.016916928657865784
R8_R6_LB_AL2395_A0_HOA_EDOF_EPD3,R6_LB_AL2395_A0_HOA_EPD3,LB_AL2395,A0,HOA,3.0,EDOF,-1.875,0.007855049602237122
R8_R6_LB_AL2395_A0_HOA_EDOF_EPD3,R6_LB_AL2395_A0_HOA_EPD3,LB_AL2395,A0,HOA,3.0,EDOF,-2.0,0.00514557191391593
R8_R6_LB_AL2395_A0_HOA_EDOF_EPD3,R6_LB_AL2395_A0_HOA_EPD3,LB_AL2395,A0,HOA,3.0,EDOF,-2.125,0.018836092988383915
R8_R6_LB_AL2395_A0_HOA_EDOF_EPD3,R6_LB_AL2395_A0_HOA_EPD3,LB_AL2395,A0,HOA,3.0,EDOF,-2.25,0.02634118785314797
R8_R6_LB_AL2395_A0_HOA_EDOF_EPD3,R6_LB_AL2395_A0_HOA_EPD3,LB_AL2395,A0,HOA,3.0,EDOF,-2.375,0.019961432469924992
R8_R6_LB_AL2395_A0_HOA_EDOF_EPD3,R6_LB_AL2395_A0_HOA_EPD3,LB_AL2395,A0,HOA,3.0,EDOF,-2.5,0.018616595291963866
R8_R6_LB_AL2395_A0_HOA_EDOF_EPD3,R6_LB_AL2395_A0_HOA_EPD3,LB_AL2395,A0,HOA,3.0,EDOF,-2.625,0.024022660182404895
R8_R6_LB_AL2395_A0_HOA_EDOF_EPD3,R6_LB_AL2395_A0_HOA_EPD3,LB_AL2395,A0,HOA,3.0,EDOF,-2.75,0.017412532649468248
R8_R6_LB_AL2395_A0_HOA_EDOF_EPD3,R6_LB_AL2395_A0_HOA_EPD3,LB_AL2395,A0,HOA,3.0,EDOF,-2.875,4.971843030447123e-05
R8_R6_LB_AL2395_A0_HOA_EDOF_EPD3,R6_LB_AL2395_A0_HOA_EPD3,LB_AL2395,A0,HOA,3.0,EDOF,-3.0,0.006930757023668889
R8_R6_LB_AL2395_A0_HOA_EDOF_EPD3,R6_LB_AL2395_A0_HOA_EPD3,LB_AL2395,A0,HOA,3.0,EDOF,-3.125,0.0011987957653966687
R8_R6_LB_AL2395_A0_HOA_EDOF_EPD3,R6_LB_AL2395_A0_HOA_EPD3,LB_AL2395,A0,HOA,3.0,EDOF,-3.25,0.0014561662611197583
R8_R6_LB_AL2395_A0_HOA_EDOF_EPD3,R6_LB_AL2395_A0_HOA_EPD3,LB_AL2395,A0,HOA,3.0,EDOF,-3.375,8.685383602787905e-05
R8_R6_LB_AL2395_A0_HOA_EDOF_EPD3,R6_LB_AL2395_A0_HOA_EPD3,LB_AL2395,A0,HOA,3.0,EDOF,-3.5,0.004908925548829151
R8_R6_LB_AL2395_A0_HOA_EDOF_EPD3,R6_LB_AL2395_A0_HOA_EPD3,LB_AL2395,A0,HOA,3.0,EDOF,-3.625,0.012773613288908464
R8_R6_LB_AL2395_A0_HOA_EDOF_EPD3,R6_LB_AL2395_A0_HOA_EPD3,LB_AL2395,A0,HOA,3.0,EDOF,-3.75,0.013412076446931343
R8_R6_LB_AL2395_A0_HOA_EDOF_EPD3,R6_LB_AL2395_A0_HOA_EPD3,LB_AL2395,A0,HOA,3.0,EDOF,-3.875,0.01195214126762876
R8_R6_LB_AL2395_A0_HOA_EDOF_EPD3,R6_LB_AL2395_A0_HOA_EPD3,LB_AL2395,A0,HOA,3.0,EDOF,-4.0,0.016848432570669154
R8_R6_LB_AL2395_A0_HOA_EDOF_EPD3,R6_LB_AL2395_A0_HOA_EPD3,LB_AL2395,A0,HOA,3.0,EDOF,-4.125,0.021095835288222762
R8_R6_LB_AL2395_A0_HOA_EDOF_EPD3,R6_LB_AL2395_A0_HOA_EPD3,LB_AL2395,A0,HOA,3.0,EDOF,-4.25,0.016885657269788586
R8_R6_LB_AL2395_A0_HOA_EDOF_EPD3,R6_LB_AL2395_A0_HOA_EPD3,LB_AL2395,A0,HOA,3.0,EDOF,-4.375,0.012315275745557526
R8_R6_LB_AL2395_A0_HOA_EDOF_EPD3,R6_LB_AL2395_A0_HOA_EPD3,LB_AL2395,A0,HOA,3.0,EDOF,-4.5,0.015084297742090077
R8_R6_LB_AL2395_A0_HOA_EDOF_EPD3,R6_LB_AL2395_A0_HOA_EPD3,LB_AL2395,A0,HOA,3.0,EDOF,-4.625,0.018247879035168654
R8_R6_LB_AL2395_A0_HOA_EDOF_EPD3,R6_LB_AL2395_A0_HOA_EPD3,LB_AL2395,A0,HOA,3.0,EDOF,-4.75,0.016574540276505446
R8_R6_LB_AL2395_A0_HOA_EDOF_EPD3,R6_LB_AL2395_A0_HOA_EPD3,LB_AL2395,A0,HOA,3.0,EDOF,-4.875,0.01645982419511674
R8_R6_LB_AL2395_A0_HOA_EDOF_EPD3,R6_LB_AL2395_A0_HOA_EPD3,LB_AL2395,A0,HOA,3.0,EDOF,-5.0,0.02022853406382972
R8_R6_LB_AL2395_A0_HOA_MONO_EPD5,R6_LB_AL2395_A0_HOA_EPD5,LB_AL2395,A0,HOA,5.0,MONO,1.0,0.003219097614763668
R8_R6_LB_AL2395_A0_HOA_MONO_EPD5,R6_LB_AL2395_A0_HOA_EPD5,LB_AL2395,A0,HOA,5.0,MONO,0.875,0.001470413207090587
R8_R6_LB_AL2395_A0_HOA_MONO_EPD5,R6_LB_AL2395_A0_HOA_EPD5,LB_AL2395,A0,HOA,5.0,MONO,0.75,0.00624337738096954
R8_R6_LB_AL2395_A0_HOA_MONO_EPD5,R6_LB_AL2395_A0_HOA_EPD5,LB_AL2395,A0,HOA,5.0,MONO,0.625,0.012287483447421586
R8_R6_LB_AL2395_A0_HOA_MONO_EPD5,R6_LB_AL2395_A0_HOA_EPD5,LB_AL2395,A0,HOA,5.0,MONO,0.5,0.029223915786465802
R8_R6_LB_AL2395_A0_HOA_MONO_EPD5,R6_LB_AL2395_A0_HOA_EPD5,LB_AL2395,A0,HOA,5.0,MONO,0.375,0.05300640517649764
R8_R6_LB_AL2395_A0_HOA_MONO_EPD5,R6_LB_AL2395_A0_HOA_EPD5,LB_AL2395,A0,HOA,5.0,MONO,0.25,0.09727432240569021
R8_R6_LB_AL2395_A0_HOA_MONO_EPD5,R6_LB_AL2395_A0_HOA_EPD5,LB_AL2395,A0,HOA,5.0,MONO,0.125,0.12976239088154376
R8_R6_LB_AL2395_A0_HOA_MONO_EPD5,R6_LB_AL2395_A0_HOA_EPD5,LB_AL2395,A0,HOA,5.0,MONO,0.0,0.1450194992855219
R8_R6_LB_AL2395_A0_HOA_MONO_EPD5,R6_LB_AL2395_A0_HOA_EPD5,LB_AL2395,A0,HOA,5.0,MONO,-0.125,0.1067811160944585
R8_R6_LB_AL2395_A0_HOA_MONO_EPD5,R6_LB_AL2395_A0_HOA_EPD5,LB_AL2395,A0,HOA,5.0,MONO,-0.25,0.043607834868233934
R8_R6_LB_AL2395_A0_HOA_MONO_EPD5,R6_LB_AL2395_A0_HOA_EPD5,LB_AL2395,A0,HOA,5.0,MONO,-0.375,0.0031131058290216652
R8_R6_LB_AL2395_A0_HOA_MONO_EPD5,R6_LB_AL2395_A0_HOA_EPD5,LB_AL2395,A0,HOA,5.0,MONO,-0.5,0.02573694238632541
R8_R6_LB_AL2395_A0_HOA_MONO_EPD5,R6_LB_AL2395_A0_HOA_EPD5,LB_AL2395,A0,HOA,5.0,MONO,-0.625,0.07819293556528199
R8_R6_LB_AL2395_A0_HOA_MONO_EPD5,R6_LB_AL2395_A0_HOA_EPD5,LB_AL2395,A0,HOA,5.0,MONO,-0.75,0.0677245292959116
R8_R6_LB_AL2395_A0_HOA_MONO_EPD5,R6_LB_AL2395_A0_HOA_EPD5,LB_AL2395,A0,HOA,5.0,MONO,-0.875,0.016719911486809118
R8_R6_LB_AL2395_A0_HOA_MONO_EPD5,R6_LB_AL2395_A0_HOA_EPD5,LB_AL2395,A0,HOA,5.0,MONO,-1.0,0.0013531813666116587
R8_R6_LB_AL2395_A0_HOA_MONO_EPD5,R6_LB_AL2395_A0_HOA_EPD5,LB_AL2395,A0,HOA,5.0,MONO,-1.125,0.06816678954384782
R8_R6_LB_AL2395_A0_HOA_MONO_EPD5,R6_LB_AL2395_A0_HOA_EPD5,LB_AL2395,A0,HOA,5.0,MONO,-1.25,0.05109324948283099
R8_R6_LB_AL2395_A0_HOA_MONO_EPD5,R6_LB_AL2395_A0_HOA_EPD5,LB_AL2395,A0,HOA,5.0,MONO,-1.375,0.0027620049724245786
R8_R6_LB_AL2395_A0_HOA_MONO_EPD5,R6_LB_AL2395_A0_HOA_EPD5,LB_AL2395,A0,HOA,5.0,MONO,-1.5,0.021840526921121563
R8_R6_LB_AL2395_A0_HOA_MONO_EPD5,R6_LB_AL2395_A0_HOA_EPD5,LB_AL2395,A0,HOA,5.0,MONO,-1.625,0.04947161093882007
R8_R6_LB_AL2395_A0_HOA_MONO_EPD5,R6_LB_AL2395_A0_HOA_EPD5,LB_AL2395,A0,HOA,5.0,MONO,-1.75,0.004815581479963011
R8_R6_LB_AL2395_A0_HOA_MONO_EPD5,R6_LB_AL2395_A0_HOA_EPD5,LB_AL2395,A0,HOA,5.0,MONO,-1.875,0.011826537903209524
R8_R6_LB_AL2395_A0_HOA_MONO_EPD5,R6_LB_AL2395_A0_HOA_EPD5,LB_AL2395,A0,HOA,5.0,MONO,-2.0,0.037225888116273774
R8_R6_LB_AL2395_A0_HOA_MONO_EPD5,R6_LB_AL2395_A0_HOA_EPD5,LB_AL2395,A0,HOA,5.0,MONO,-2.125,0.010379795454339535
R8_R6_LB_AL2395_A0_HOA_MONO_EPD5,R6_LB_AL2395_A0_HOA_EPD5,LB_AL2395,A0,HOA,5.0,MONO,-2.25,0.008593169349336982
R8_R6_LB_AL2395_A0_HOA_MONO_EPD5,R6_LB_AL2395_A0_HOA_EPD5,LB_AL2395,A0,HOA,5.0,MONO,-2.375,0.024318606511311402
R8_R6_LB_AL2395_A0_HOA_MONO_EPD5,R6_LB_AL2395_A0_HOA_EPD5,LB_AL2395,A0,HOA,5.0,MONO,-2.5,0.019564030920572795
R8_R6_LB_AL2395_A0_HOA_MONO_EPD5,R6_LB_AL2395_A0_HOA_EPD5,LB_AL2395,A0,HOA,5.0,MONO,-2.625,0.0215949101475316
R8_R6_LB_AL2395_A0_HOA_MONO_EPD5,R6_LB_AL2395_A0_HOA_EPD5,LB_AL2395,A0,HOA,5.0,MONO,-2.75,0.002653474599498974
R8_R6_LB_AL2395_A0_HOA_MONO_EPD5,R6_LB_AL2395_A0_HOA_EPD5,LB_AL2395,A0,HOA,5.0,MONO,-2.875,0.007258156493824015
R8_R6_LB_AL2395_A0_HOA_MONO_EPD5,R6_LB_AL2395_A0_HOA_EPD5,LB_AL2395,A0,HOA,5.0,MONO,-3.0,0.018000838367323416
R8_R6_LB_AL2395_A0_HOA_MONO_EPD5,R6_LB_AL2395_A0_HOA_EPD5,LB_AL2395,A0,HOA,5.0,MONO,-3.125,0.017188629820449823
R8_R6_LB_AL2395_A0_HOA_MONO_EPD5,R6_LB_AL2395_A0_HOA_EPD5,LB_AL2395,A0,HOA,5.0,MONO,-3.25,0.015006002477983242
R8_R6_LB_AL2395_A0_HOA_MONO_EPD5,R6_LB_AL2395_A0_HOA_EPD5,LB_AL2395,A0,HOA,5.0,MONO,-3.375,0.006925347459746863
R8_R6_LB_AL2395_A0_HOA_MONO_EPD5,R6_LB_AL2395_A0_HOA_EPD5,LB_AL2395,A0,HOA,5.0,MONO,-3.5,0.006257714636888392
R8_R6_LB_AL2395_A0_HOA_MONO_EPD5,R6_LB_AL2395_A0_HOA_EPD5,LB_AL2395,A0,HOA,5.0,MONO,-3.625,0.00110149795301104
R8_R6_LB_AL2395_A0_HOA_MONO_EPD5,R6_LB_AL2395_A0_HOA_EPD5,LB_AL2395,A0,HOA,5.0,MONO,-3.75,8.899268762556367e-05
R8_R6_LB_AL2395_A0_HOA_MONO_EPD5,R6_LB_AL2395_A0_HOA_EPD5,LB_AL2395,A0,HOA,5.0,MONO,-3.875,0.0016221849880258812
R8_R6_LB_AL2395_A0_HOA_MONO_EPD5,R6_LB_AL2395_A0_HOA_EPD5,LB_AL2395,A0,HOA,5.0,MONO,-4.0,0.0030338486701851474
R8_R6_LB_AL2395_A0_HOA_MONO_EPD5,R6_LB_AL2395_A0_HOA_EPD5,LB_AL2395,A0,HOA,5.0,MONO,-4.125,0.005390115110853636
R8_R6_LB_AL2395_A0_HOA_MONO_EPD5,R6_LB_AL2395_A0_HOA_EPD5,LB_AL2395,A0,HOA,5.0,MONO,-4.25,0.006351077308722527
R8_R6_LB_AL2395_A0_HOA_MONO_EPD5,R6_LB_AL2395_A0_HOA_EPD5,LB_AL2395,A0,HOA,5.0,MONO,-4.375,0.008355495659044223
R8_R6_LB_AL2395_A0_HOA_MONO_EPD5,R6_LB_AL2395_A0_HOA_EPD5,LB_AL2395,A0,HOA,5.0,MONO,-4.5,0.009814602880109047
R8_R6_LB_AL2395_A0_HOA_MONO_EPD5,R6_LB_AL2395_A0_HOA_EPD5,LB_AL2395,A0,HOA,5.0,MONO,-4.625,0.011090142142657144
R8_R6_LB_AL2395_A0_HOA_MONO_EPD5,R6_LB_AL2395_A0_HOA_EPD5,LB_AL2395,A0,HOA,5.0,MONO,-4.75,0.010345584278690484
R8_R6_LB_AL2395_A0_HOA_MONO_EPD5,R6_LB_AL2395_A0_HOA_EPD5,LB_AL2395,A0,HOA,5.0,MONO,-4.875,0.009669604891658998
R8_R6_LB_AL2395_A0_HOA_MONO_EPD5,R6_LB_AL2395_A0_HOA_EPD5,LB_AL2395,A0,HOA,5.0,MONO,-5.0,0.008612549294960706
R8_R6_LB_AL2395_A0_HOA_EDOF_EPD5,R6_LB_AL2395_A0_HOA_EPD5,LB_AL2395,A0,HOA,5.0,EDOF,1.0,0.015748240284118996
R8_R6_LB_AL2395_A0_HOA_EDOF_EPD5,R6_LB_AL2395_A0_HOA_EPD5,LB_AL2395,A0,HOA,5.0,EDOF,0.875,0.0015459472922260426
R8_R6_LB_AL2395_A0_HOA_EDOF_EPD5,R6_LB_AL2395_A0_HOA_EPD5,LB_AL2395,A0,HOA,5.0,EDOF,0.75,0.009906327862574036
R8_R6_LB_AL2395_A0_HOA_EDOF_EPD5,R6_LB_AL2395_A0_HOA_EPD5,LB_AL2395,A0,HOA,5.0,EDOF,0.625,0.003982873999092263
R8_R6_LB_AL2395_A0_HOA_EDOF_EPD5,R6_LB_AL2395_A0_HOA_EPD5,LB_AL2395,A0,HOA,5.0,EDOF,0.5,0.003518278715486727
R8_R6_LB_AL2395_A0_HOA_EDOF_EPD5,R6_LB_AL2395_A0_HOA_EPD5,LB_AL2395,A0,HOA,5.0,EDOF,0.375,0.013659983992903075
R8_R6_LB_AL2395_A0_HOA_EDOF_EPD5,R6_LB_AL2395_A0_HOA_EPD5,LB_AL2395,A0,HOA,5.0,EDOF,0.25,0.0021052182331544062
R8_R6_LB_AL2395_A0_HOA_EDOF_EPD5,R6_LB_AL2395_A0_HOA_EPD5,LB_AL2395,A0,HOA,5.0,EDOF,0.125,0.026860153921671747
R8_R6_LB_AL2395_A0_HOA_EDOF_EPD5,R6_LB_AL2395_A0_HOA_EPD5,LB_AL2395,A0,HOA,5.0,EDOF,0.0,0.026571289292650797
R8_R6_LB_AL2395_A0_HOA_EDOF_EPD5,R6_LB_AL2395_A0_HOA_EPD5,LB_AL2395,A0,HOA,5.0,EDOF,-0.125,0.06090310803697498
R8_R6_LB_AL2395_A0_HOA_EDOF_EPD5,R6_LB_AL2395_A0_HOA_EPD5,LB_AL2395,A0,HOA,5.0,EDOF,-0.25,0.06580854659679564
R8_R6_LB_AL2395_A0_HOA_EDOF_EPD5,R6_LB_AL2395_A0_HOA_EPD5,LB_AL2395,A0,HOA,5.0,EDOF,-0.375,0.08682351422149984
R8_R6_LB_AL2395_A0_HOA_EDOF_EPD5,R6_LB_AL2395_A0_HOA_EPD5,LB_AL2395,A0,HOA,5.0,EDOF,-0.5,0.07511974128358259
R8_R6_LB_AL2395_A0_HOA_EDOF_EPD5,R6_LB_AL2395_A0_HOA_EPD5,LB_AL2395,A0,HOA,5.0,EDOF,-0.625,0.01122357251738713
R8_R6_LB_AL2395_A0_HOA_EDOF_EPD5,R6_LB_AL2395_A0_HOA_EPD5,LB_AL2395,A0,HOA,5.0,EDOF,-0.75,0.0324056627723842
R8_R6_LB_AL2395_A0_HOA_EDOF_EPD5,R6_LB_AL2395_A0_HOA_EPD5,LB_AL2395,A0,HOA,5.0,EDOF,-0.875,0.0791074113306876
R8_R6_LB_AL2395_A0_HOA_EDOF_EPD5,R6_LB_AL2395_A0_HOA_EPD5,LB_AL2395,A0,HOA,5.0,EDOF,-1.0,0.021134574961506423
R8_R6_LB_AL2395_A0_HOA_EDOF_EPD5,R6_LB_AL2395_A0_HOA_EPD5,LB_AL2395,A0,HOA,5.0,EDOF,-1.125,0.028970769783209727
R8_R6_LB_AL2395_A0_HOA_EDOF_EPD5,R6_LB_AL2395_A0_HOA_EPD5,LB_AL2395,A0,HOA,5.0,EDOF,-1.25,0.07073241698453683
R8_R6_LB_AL2395_A0_HOA_EDOF_EPD5,R6_LB_AL2395_A0_HOA_EPD5,LB_AL2395,A0,HOA,5.0,EDOF,-1.375,0.03799274429232935
R8_R6_LB_AL2395_A0_HOA_EDOF_EPD5,R6_LB_AL2395_A0_HOA_EPD5,LB_AL2395,A0,HOA,5.0,EDOF,-1.5,0.0041992213699528205
R8_R6_LB_AL2395_A0_HOA_EDOF_EPD5,R6_LB_AL2395_A0_HOA_EPD5,LB_AL2395,A0,HOA,5.0,EDOF,-1.625,0.03993573156895935
R8_R6_LB_AL2395_A0_HOA_EDOF_EPD5,R6_LB_AL2395_A0_HOA_EPD5,LB_AL2395,A0,HOA,5.0,EDOF,-1.75,0.022411668104853195
R8_R6_LB_AL2395_A0_HOA_EDOF_EPD5,R6_LB_AL2395_A0_HOA_EPD5,LB_AL2395,A0,HOA,5.0,EDOF,-1.875,0.009409877854128623
R8_R6_LB_AL2395_A0_HOA_EDOF_EPD5,R6_LB_AL2395_A0_HOA_EPD5,LB_AL2395,A0,HOA,5.0,EDOF,-2.0,0.022000444080806175
R8_R6_LB_AL2395_A0_HOA_EDOF_EPD5,R6_LB_AL2395_A0_HOA_EPD5,LB_AL2395,A0,HOA,5.0,EDOF,-2.125,0.00642648681262217
R8_R6_LB_AL2395_A0_HOA_EDOF_EPD5,R6_LB_AL2395_A0_HOA_EPD5,LB_AL2395,A0,HOA,5.0,EDOF,-2.25,0.020928016140756196
R8_R6_LB_AL2395_A0_HOA_EDOF_EPD5,R6_LB_AL2395_A0_HOA_EPD5,LB_AL2395,A0,HOA,5.0,EDOF,-2.375,0.024621891257952166
R8_R6_LB_AL2395_A0_HOA_EDOF_EPD5,R6_LB_AL2395_A0_HOA_EPD5,LB_AL2395,A0,HOA,5.0,EDOF,-2.5,0.006693237144082355
R8_R6_LB_AL2395_A0_HOA_EDOF_EPD5,R6_LB_AL2395_A0_HOA_EPD5,LB_AL2395,A0,HOA,5.0,EDOF,-2.625,0.02865646743594258
R8_R6_LB_AL2395_A0_HOA_EDOF_EPD5,R6_LB_AL2395_A0_HOA_EPD5,LB_AL2395,A0,HOA,5.0,EDOF,-2.75,0.0029059419116267554
R8_R6_LB_AL2395_A0_HOA_EDOF_EPD5,R6_LB_AL2395_A0_HOA_EPD5,LB_AL2395,A0,HOA,5.0,EDOF,-2.875,0.0009282439288867588
R8_R6_LB_AL2395_A0_HOA_EDOF_EPD5,R6_LB_AL2395_A0_HOA_EPD5,LB_AL2395,A0,HOA,5.0,EDOF,-3.0,0.008220374352393938
R8_R6_LB_AL2395_A0_HOA_EDOF_EPD5,R6_LB_AL2395_A0_HOA_EPD5,LB_AL2395,A0,HOA,5.0,EDOF,-3.125,0.013413343238862382
R8_R6_LB_AL2395_A0_HOA_EDOF_EPD5,R6_LB_AL2395_A0_HOA_EPD5,LB_AL2395,A0,HOA,5.0,EDOF,-3.25,0.020174682454860038
R8_R6_LB_AL2395_A0_HOA_EDOF_EPD5,R6_LB_AL2395_A0_HOA_EPD5,LB_AL2395,A0,HOA,5.0,EDOF,-3.375,0.016608123106215653
R8_R6_LB_AL2395_A0_HOA_EDOF_EPD5,R6_LB_AL2395_A0_HOA_EPD5,LB_AL2395,A0,HOA,5.0,EDOF,-3.5,0.013980247816263744
R8_R6_LB_AL2395_A0_HOA_EDOF_EPD5,R6_LB_AL2395_A0_HOA_EPD5,LB_AL2395,A0,HOA,5.0,EDOF,-3.625,0.0006922370536192907
R8_R6_LB_AL2395_A0_HOA_EDOF_EPD5,R6_LB_AL2395_A0_HOA_EPD5,LB_AL2395,A0,HOA,5.0,EDOF,-3.75,0.0005110389887269598
R8_R6_LB_AL2395_A0_HOA_EDOF_EPD5,R6_LB_AL2395_A0_HOA_EPD5,LB_AL2395,A0,HOA,5.0,EDOF,-3.875,0.009654865779647689
R8_R6_LB_AL2395_A0_HOA_EDOF_EPD5,R6_LB_AL2395_A0_HOA_EPD5,LB_AL2395,A0,HOA,5.0,EDOF,-4.0,0.004084068697142331
R8_R6_LB_AL2395_A0_HOA_EDOF_EPD5,R6_LB_AL2395_A0_HOA_EPD5,LB_AL2395,A0,HOA,5.0,EDOF,-4.125,0.0032821108030435123
R8_R6_LB_AL2395_A0_HOA_EDOF_EPD5,R6_LB_AL2395_A0_HOA_EPD5,LB_AL2395,A0,HOA,5.0,EDOF,-4.25,0.0017156576088865057
R8_R6_LB_AL2395_A0_HOA_EDOF_EPD5,R6_LB_AL2395_A0_HOA_EPD5,LB_AL2395,A0,HOA,5.0,EDOF,-4.375,0.015979980968044344
R8_R6_LB_AL2395_A0_HOA_EDOF_EPD5,R6_LB_AL2395_A0_HOA_EPD5,LB_AL2395,A0,HOA,5.0,EDOF,-4.5,0.007668781249519289
R8_R6_LB_AL2395_A0_HOA_EDOF_EPD5,R6_LB_AL2395_A0_HOA_EPD5,LB_AL2395,A0,HOA,5.0,EDOF,-4.625,0.015301298364934298
R8_R6_LB_AL2395_A0_HOA_EDOF_EPD5,R6_LB_AL2395_A0_HOA_EPD5,LB_AL2395,A0,HOA,5.0,EDOF,-4.75,0.0023352067134656228
R8_R6_LB_AL2395_A0_HOA_EDOF_EPD5,R6_LB_AL2395_A0_HOA_EPD5,LB_AL2395,A0,HOA,5.0,EDOF,-4.875,0.015264633603421524
R8_R6_LB_AL2395_A0_HOA_EDOF_EPD5,R6_LB_AL2395_A0_HOA_EPD5,LB_AL2395,A0,HOA,5.0,EDOF,-5.0,0.00537542473953901
R8_R6_LB_AL2395_B0_WFS_MONO_EPD3,R6_LB_AL2395_B0_WFS_EPD3,LB_AL2395,B0,WFS,3.0,MONO,1.0,0.009310229833426565
R8_R6_LB_AL2395_B0_WFS_MONO_EPD3,R6_LB_AL2395_B0_WFS_EPD3,LB_AL2395,B0,WFS,3.0,MONO,0.875,0.006871357059551079
R8_R6_LB_AL2395_B0_WFS_MONO_EPD3,R6_LB_AL2395_B0_WFS_EPD3,LB_AL2395,B0,WFS,3.0,MONO,0.75,0.005192049864923709
R8_R6_LB_AL2395_B0_WFS_MONO_EPD3,R6_LB_AL2395_B0_WFS_EPD3,LB_AL2395,B0,WFS,3.0,MONO,0.625,0.05351546414484335
R8_R6_LB_AL2395_B0_WFS_MONO_EPD3,R6_LB_AL2395_B0_WFS_EPD3,LB_AL2395,B0,WFS,3.0,MONO,0.5,0.0918623890558641
R8_R6_LB_AL2395_B0_WFS_MONO_EPD3,R6_LB_AL2395_B0_WFS_EPD3,LB_AL2395,B0,WFS,3.0,MONO,0.375,0.1272911810105067
R8_R6_LB_AL2395_B0_WFS_MONO_EPD3,R6_LB_AL2395_B0_WFS_EPD3,LB_AL2395,B0,WFS,3.0,MONO,0.25,0.23948239139084396
R8_R6_LB_AL2395_B0_WFS_MONO_EPD3,R6_LB_AL2395_B0_WFS_EPD3,LB_AL2395,B0,WFS,3.0,MONO,0.125,0.41099526936492625
R8_R6_LB_AL2395_B0_WFS_MONO_EPD3,R6_LB_AL2395_B0_WFS_EPD3,LB_AL2395,B0,WFS,3.0,MONO,0.0,0.4567045387551804
R8_R6_LB_AL2395_B0_WFS_MONO_EPD3,R6_LB_AL2395_B0_WFS_EPD3,LB_AL2395,B0,WFS,3.0,MONO,-0.125,0.2607486705631163
R8_R6_LB_AL2395_B0_WFS_MONO_EPD3,R6_LB_AL2395_B0_WFS_EPD3,LB_AL2395,B0,WFS,3.0,MONO,-0.25,0.007742017739636311
R8_R6_LB_AL2395_B0_WFS_MONO_EPD3,R6_LB_AL2395_B0_WFS_EPD3,LB_AL2395,B0,WFS,3.0,MONO,-0.375,0.0872517957423429
R8_R6_LB_AL2395_B0_WFS_MONO_EPD3,R6_LB_AL2395_B0_WFS_EPD3,LB_AL2395,B0,WFS,3.0,MONO,-0.5,0.02465306980550829
R8_R6_LB_AL2395_B0_WFS_MONO_EPD3,R6_LB_AL2395_B0_WFS_EPD3,LB_AL2395,B0,WFS,3.0,MONO,-0.625,0.0999773615487732
R8_R6_LB_AL2395_B0_WFS_MONO_EPD3,R6_LB_AL2395_B0_WFS_EPD3,LB_AL2395,B0,WFS,3.0,MONO,-0.75,0.03257773687081508
R8_R6_LB_AL2395_B0_WFS_MONO_EPD3,R6_LB_AL2395_B0_WFS_EPD3,LB_AL2395,B0,WFS,3.0,MONO,-0.875,0.04567249288694875
R8_R6_LB_AL2395_B0_WFS_MONO_EPD3,R6_LB_AL2395_B0_WFS_EPD3,LB_AL2395,B0,WFS,3.0,MONO,-1.0,0.021290852579217503
R8_R6_LB_AL2395_B0_WFS_MONO_EPD3,R6_LB_AL2395_B0_WFS_EPD3,LB_AL2395,B0,WFS,3.0,MONO,-1.125,0.03324156896605929
R8_R6_LB_AL2395_B0_WFS_MONO_EPD3,R6_LB_AL2395_B0_WFS_EPD3,LB_AL2395,B0,WFS,3.0,MONO,-1.25,0.02111750894722127
R8_R6_LB_AL2395_B0_WFS_MONO_EPD3,R6_LB_AL2395_B0_WFS_EPD3,LB_AL2395,B0,WFS,3.0,MONO,-1.375,0.018881886000850185
R8_R6_LB_AL2395_B0_WFS_MONO_EPD3,R6_LB_AL2395_B0_WFS_EPD3,LB_AL2395,B0,WFS,3.0,MONO,-1.5,0.012629761314452658
R8_R6_LB_AL2395_B0_WFS_MONO_EPD3,R6_LB_AL2395_B0_WFS_EPD3,LB_AL2395,B0,WFS,3.0,MONO,-1.625,0.0159171668030114
R8_R6_LB_AL2395_B0_WFS_MONO_EPD3,R6_LB_AL2395_B0_WFS_EPD3,LB_AL2395,B0,WFS,3.0,MONO,-1.75,0.010803760708645537
R8_R6_LB_AL2395_B0_WFS_MONO_EPD3,R6_LB_AL2395_B0_WFS_EPD3,LB_AL2395,B0,WFS,3.0,MONO,-1.875,0.01037843122628037
R8_R6_LB_AL2395_B0_WFS_MONO_EPD3,R6_LB_AL2395_B0_WFS_EPD3,LB_AL2395,B0,WFS,3.0,MONO,-2.0,0.005495795811800398
R8_R6_LB_AL2395_B0_WFS_MONO_EPD3,R6_LB_AL2395_B0_WFS_EPD3,LB_AL2395,B0,WFS,3.0,MONO,-2.125,0.009913931046907916
R8_R6_LB_AL2395_B0_WFS_MONO_EPD3,R6_LB_AL2395_B0_WFS_EPD3,LB_AL2395,B0,WFS,3.0,MONO,-2.25,0.003679459902288237
R8_R6_LB_AL2395_B0_WFS_MONO_EPD3,R6_LB_AL2395_B0_WFS_EPD3,LB_AL2395,B0,WFS,3.0,MONO,-2.375,0.008872909519024625
R8_R6_LB_AL2395_B0_WFS_MONO_EPD3,R6_LB_AL2395_B0_WFS_EPD3,LB_AL2395,B0,WFS,3.0,MONO,-2.5,0.0023754038166637842
R8_R6_LB_AL2395_B0_WFS_MONO_EPD3,R6_LB_AL2395_B0_WFS_EPD3,LB_AL2395,B0,WFS,3.0,MONO,-2.625,0.008006762892491985
R8_R6_LB_AL2395_B0_WFS_MONO_EPD3,R6_LB_AL2395_B0_WFS_EPD3,LB_AL2395,B0,WFS,3.0,MONO,-2.75,0.0018754800532200808
R8_R6_LB_AL2395_B0_WFS_MONO_EPD3,R6_LB_AL2395_B0_WFS_EPD3,LB_AL2395,B0,WFS,3.0,MONO,-2.875,0.00636290116452068
R8_R6_LB_AL2395_B0_WFS_MONO_EPD3,R6_LB_AL2395_B0_WFS_EPD3,LB_AL2395,B0,WFS,3.0,MONO,-3.0,0.0007250372214144292
R8_R6_LB_AL2395_B0_WFS_MONO_EPD3,R6_LB_AL2395_B0_WFS_EPD3,LB_AL2395,B0,WFS,3.0,MONO,-3.125,0.005304062687074318
R8_R6_LB_AL2395_B0_WFS_MONO_EPD3,R6_LB_AL2395_B0_WFS_EPD3,LB_AL2395,B0,WFS,3.0,MONO,-3.25,6.23033962028882e-05
R8_R6_LB_AL2395_B0_WFS_MONO_EPD3,R6_LB_AL2395_B0_WFS_EPD3,LB_AL2395,B0,WFS,3.0,MONO,-3.375,0.003999393850059539
R8_R6_LB_AL2395_B0_WFS_MONO_EPD3,R6_LB_AL2395_B0_WFS_EPD3,LB_AL2395,B0,WFS,3.0,MONO,-3.5,0.0015174877133748254
R8_R6_LB_AL2395_B0_WFS_MONO_EPD3,R6_LB_AL2395_B0_WFS_EPD3,LB_AL2395,B0,WFS,3.0,MONO,-3.625,0.003990303527509957
R8_R6_LB_AL2395_B0_WFS_MONO_EPD3,R6_LB_AL2395_B0_WFS_EPD3,LB_AL2395,B0,WFS,3.0,MONO,-3.75,0.0017118010583024783
R8_R6_LB_AL2395_B0_WFS_MONO_EPD3,R6_LB_AL2395_B0_WFS_EPD3,LB_AL2395,B0,WFS,3.0,MONO,-3.875,0.0036307859001585307
R8_R6_LB_AL2395_B0_WFS_MONO_EPD3,R6_LB_AL2395_B0_WFS_EPD3,LB_AL2395,B0,WFS,3.0,MONO,-4.0,0.0012220937992463816
R8_R6_LB_AL2395_B0_WFS_MONO_EPD3,R6_LB_AL2395_B0_WFS_EPD3,LB_AL2395,B0,WFS,3.0,MONO,-4.125,0.002194709615145317
R8_R6_LB_AL2395_B0_WFS_MONO_EPD3,R6_LB_AL2395_B0_WFS_EPD3,LB_AL2395,B0,WFS,3.0,MONO,-4.25,0.001453616660140404
R8_R6_LB_AL2395_B0_WFS_MONO_EPD3,R6_LB_AL2395_B0_WFS_EPD3,LB_AL2395,B0,WFS,3.0,MONO,-4.375,0.0006184028122888785
R8_R6_LB_AL2395_B0_WFS_MONO_EPD3,R6_LB_AL2395_B0_WFS_EPD3,LB_AL2395,B0,WFS,3.0,MONO,-4.5,0.002871933141347321
R8_R6_LB_AL2395_B0_WFS_MONO_EPD3,R6_LB_AL2395_B0_WFS_EPD3,LB_AL2395,B0,WFS,3.0,MONO,-4.625,0.0008755777095430755
R8_R6_LB_AL2395_B0_WFS_MONO_EPD3,R6_LB_AL2395_B0_WFS_EPD3,LB_AL2395,B0,WFS,3.0,MONO,-4.75,0.002748901722463445
R8_R6_LB_AL2395_B0_WFS_MONO_EPD3,R6_LB_AL2395_B0_WFS_EPD3,LB_AL2395,B0,WFS,3.0,MONO,-4.875,0.0005478537626846414
R8_R6_LB_AL2395_B0_WFS_MONO_EPD3,R6_LB_AL2395_B0_WFS_EPD3,LB_AL2395,B0,WFS,3.0,MONO,-5.0,0.0024837295530797374
R8_R6_LB_AL2395_B0_WFS_EDOF_EPD3,R6_LB_AL2395_B0_WFS_EPD3,LB_AL2395,B0,WFS,3.0,EDOF,1.0,0.0725908699523441
R8_R6_LB_AL2395_B0_WFS_EDOF_EPD3,R6_LB_AL2395_B0_WFS_EPD3,LB_AL2395,B0,WFS,3.0,EDOF,0.875,0.08822718759182205
R8_R6_LB_AL2395_B0_WFS_EDOF_EPD3,R6_LB_AL2395_B0_WFS_EPD3,LB_AL2395,B0,WFS,3.0,EDOF,0.75,0.09845818379223233
R8_R6_LB_AL2395_B0_WFS_EDOF_EPD3,R6_LB_AL2395_B0_WFS_EPD3,LB_AL2395,B0,WFS,3.0,EDOF,0.625,0.1226522069618803
R8_R6_LB_AL2395_B0_WFS_EDOF_EPD3,R6_LB_AL2395_B0_WFS_EPD3,LB_AL2395,B0,WFS,3.0,EDOF,0.5,0.14102761463243738
R8_R6_LB_AL2395_B0_WFS_EDOF_EPD3,R6_LB_AL2395_B0_WFS_EPD3,LB_AL2395,B0,WFS,3.0,EDOF,0.375,0.13345441372374928
R8_R6_LB_AL2395_B0_WFS_EDOF_EPD3,R6_LB_AL2395_B0_WFS_EPD3,LB_AL2395,B0,WFS,3.0,EDOF,0.25,0.13130655454523849
R8_R6_LB_AL2395_B0_WFS_EDOF_EPD3,R6_LB_AL2395_B0_WFS_EPD3,LB_AL2395,B0,WFS,3.0,EDOF,0.125,0.16111504627803738
R8_R6_LB_AL2395_B0_WFS_EDOF_EPD3,R6_LB_AL2395_B0_WFS_EPD3,LB_AL2395,B0,WFS,3.0,EDOF,0.0,0.17412619706292468
R8_R6_LB_AL2395_B0_WFS_EDOF_EPD3,R6_LB_AL2395_B0_WFS_EPD3,LB_AL2395,B0,WFS,3.0,EDOF,-0.125,0.12020794822420966
R8_R6_LB_AL2395_B0_WFS_EDOF_EPD3,R6_LB_AL2395_B0_WFS_EPD3,LB_AL2395,B0,WFS,3.0,EDOF,-0.25,0.05570241216567007
R8_R6_LB_AL2395_B0_WFS_EDOF_EPD3,R6_LB_AL2395_B0_WFS_EPD3,LB_AL2395,B0,WFS,3.0,EDOF,-0.375,0.06920370856626917
R8_R6_LB_AL2395_B0_WFS_EDOF_EPD3,R6_LB_AL2395_B0_WFS_EPD3,LB_AL2395,B0,WFS,3.0,EDOF,-0.5,0.1255299753031169
R8_R6_LB_AL2395_B0_WFS_EDOF_EPD3,R6_LB_AL2395_B0_WFS_EPD3,LB_AL2395,B0,WFS,3.0,EDOF,-0.625,0.10954450121988275
R8_R6_LB_AL2395_B0_WFS_EDOF_EPD3,R6_LB_AL2395_B0_WFS_EPD3,LB_AL2395,B0,WFS,3.0,EDOF,-0.75,0.016747388857125237
R8_R6_LB_AL2395_B0_WFS_EDOF_EPD3,R6_LB_AL2395_B0_WFS_EPD3,LB_AL2395,B0,WFS,3.0,EDOF,-0.875,0.03593967038953875
R8_R6_LB_AL2395_B0_WFS_EDOF_EPD3,R6_LB_AL2395_B0_WFS_EPD3,LB_AL2395,B0,WFS,3.0,EDOF,-1.0,0.0010546278248952804
R8_R6_LB_AL2395_B0_WFS_EDOF_EPD3,R6_LB_AL2395_B0_WFS_EPD3,LB_AL2395,B0,WFS,3.0,EDOF,-1.125,0.035617916765881524
R8_R6_LB_AL2395_B0_WFS_EDOF_EPD3,R6_LB_AL2395_B0_WFS_EPD3,LB_AL2395,B0,WFS,3.0,EDOF,-1.25,0.013003855078535497
R8_R6_LB_AL2395_B0_WFS_EDOF_EPD3,R6_LB_AL2395_B0_WFS_EPD3,LB_AL2395,B0,WFS,3.0,EDOF,-1.375,0.015745509142651742
R8_R6_LB_AL2395_B0_WFS_EDOF_EPD3,R6_LB_AL2395_B0_WFS_EPD3,LB_AL2395,B0,WFS,3.0,EDOF,-1.5,0.0001344836427839468
R8_R6_LB_AL2395_B0_WFS_EDOF_EPD3,R6_LB_AL2395_B0_WFS_EPD3,LB_AL2395,B0,WFS,3.0,EDOF,-1.625,0.021241669471103286
R8_R6_LB_AL2395_B0_WFS_EDOF_EPD3,R6_LB_AL2395_B0_WFS_EPD3,LB_AL2395,B0,WFS,3.0,EDOF,-1.75,0.005705434541295044
R8_R6_LB_AL2395_B0_WFS_EDOF_EPD3,R6_LB_AL2395_B0_WFS_EPD3,LB_AL2395,B0,WFS,3.0,EDOF,-1.875,0.014708509285735116
R8_R6_LB_AL2395_B0_WFS_EDOF_EPD3,R6_LB_AL2395_B0_WFS_EPD3,LB_AL2395,B0,WFS,3.0,EDOF,-2.0,0.004926444794005382
R8_R6_LB_AL2395_B0_WFS_EDOF_EPD3,R6_LB_AL2395_B0_WFS_EPD3,LB_AL2395,B0,WFS,3.0,EDOF,-2.125,0.009545138913819456
R8_R6_LB_AL2395_B0_WFS_EDOF_EPD3,R6_LB_AL2395_B0_WFS_EPD3,LB_AL2395,B0,WFS,3.0,EDOF,-2.25,0.0009431238348798351
R8_R6_LB_AL2395_B0_WFS_EDOF_EPD3,R6_LB_AL2395_B0_WFS_EPD3,LB_AL2395,B0,WFS,3.0,EDOF,-2.375,0.00922489283245438
R8_R6_LB_AL2395_B0_WFS_EDOF_EPD3,R6_LB_AL2395_B0_WFS_EPD3,LB_AL2395,B0,WFS,3.0,EDOF,-2.5,0.0003581309786616458
R8_R6_LB_AL2395_B0_WFS_EDOF_EPD3,R6_LB_AL2395_B0_WFS_EPD3,LB_AL2395,B0,WFS,3.0,EDOF,-2.625,0.007676209972446108
R8_R6_LB_AL2395_B0_WFS_EDOF_EPD3,R6_LB_AL2395_B0_WFS_EPD3,LB_AL2395,B0,WFS,3.0,EDOF,-2.75,0.0004218433972941857
R8_R6_LB_AL2395_B0_WFS_EDOF_EPD3,R6_LB_AL2395_B0_WFS_EPD3,LB_AL2395,B0,WFS,3.0,EDOF,-2.875,0.00620439995869385
R8_R6_LB_AL2395_B0_WFS_EDOF_EPD3,R6_LB_AL2395_B0_WFS_EPD3,LB_AL2395,B0,WFS,3.0,EDOF,-3.0,0.0012391096876105002
R8_R6_LB_AL2395_B0_WFS_EDOF_EPD3,R6_LB_AL2395_B0_WFS_EPD3,LB_AL2395,B0,WFS,3.0,EDOF,-3.125,0.004972140130437263
R8_R6_LB_AL2395_B0_WFS_EDOF_EPD3,R6_LB_AL2395_B0_WFS_EPD3,LB_AL2395,B0,WFS,3.0,EDOF,-3.25,0.001847998076642556
R8_R6_LB_AL2395_B0_WFS_EDOF_EPD3,R6_LB_AL2395_B0_WFS_EPD3,LB_AL2395,B0,WFS,3.0,EDOF,-3.375,0.0036770443892870145
R8_R6_LB_AL2395_B0_WFS_EDOF_EPD3,R6_LB_AL2395_B0_WFS_EPD3,LB_AL2395,B0,WFS,3.0,EDOF,-3.5,0.00280983280063523
R8_R6_LB_AL2395_B0_WFS_EDOF_EPD3,R6_LB_AL2395_B0_WFS_EPD3,LB_AL2395,B0,WFS,3.0,EDOF,-3.625,0.003199044890765251
R8_R6_LB_AL2395_B0_WFS_EDOF_EPD3,R6_LB_AL2395_B0_WFS_EPD3,LB_AL2395,B0,WFS,3.0,EDOF,-3.75,0.0029746093844074247
R8_R6_LB_AL2395_B0_WFS_EDOF_EPD3,R6_LB_AL2395_B0_WFS_EPD3,LB_AL2395,B0,WFS,3.0,EDOF,-3.875,0.0026779630032411055
R8_R6_LB_AL2395_B0_WFS_EDOF_EPD3,R6_LB_AL2395_B0_WFS_EPD3,LB_AL2395,B0,WFS,3.0,EDOF,-4.0,0.002225131969637971
R8_R6_LB_AL2395_B0_WFS_EDOF_EPD3,R6_LB_AL2395_B0_WFS_EPD3,LB_AL2395,B0,WFS,3.0,EDOF,-4.125,0.0006907338543492977
R8_R6_LB_AL2395_B0_WFS_EDOF_EPD3,R6_LB_AL2395_B0_WFS_EPD3,LB_AL2395,B0,WFS,3.0,EDOF,-4.25,0.003132662383969203
R8_R6_LB_AL2395_B0_WFS_EDOF_EPD3,R6_LB_AL2395_B0_WFS_EPD3,LB_AL2395,B0,WFS,3.0,EDOF,-4.375,9.793138645609451e-05
R8_R6_LB_AL2395_B0_WFS_EDOF_EPD3,R6_LB_AL2395_B0_WFS_EPD3,LB_AL2395,B0,WFS,3.0,EDOF,-4.5,0.004062535006031017
R8_R6_LB_AL2395_B0_WFS_EDOF_EPD3,R6_LB_AL2395_B0_WFS_EPD3,LB_AL2395,B0,WFS,3.0,EDOF,-4.625,0.0005532323101909993
R8_R6_LB_AL2395_B0_WFS_EDOF_EPD3,R6_LB_AL2395_B0_WFS_EPD3,LB_AL2395,B0,WFS,3.0,EDOF,-4.75,0.002990096759211019
R8_R6_LB_AL2395_B0_WFS_EDOF_EPD3,R6_LB_AL2395_B0_WFS_EPD3,LB_AL2395,B0,WFS,3.0,EDOF,-4.875,0.00033783934065534263
R8_R6_LB_AL2395_B0_WFS_EDOF_EPD3,R6_LB_AL2395_B0_WFS_EPD3,LB_AL2395,B0,WFS,3.0,EDOF,-5.0,0.00283634072214859
R8_R6_LB_AL2395_B0_WFS_MONO_EPD5,R6_LB_AL2395_B0_WFS_EPD5,LB_AL2395,B0,WFS,5.0,MONO,1.0,0.0017744742419219767
R8_R6_LB_AL2395_B0_WFS_MONO_EPD5,R6_LB_AL2395_B0_WFS_EPD5,LB_AL2395,B0,WFS,5.0,MONO,0.875,0.00022385755811829092
R8_R6_LB_AL2395_B0_WFS_MONO_EPD5,R6_LB_AL2395_B0_WFS_EPD5,LB_AL2395,B0,WFS,5.0,MONO,0.75,0.007202433168959011
R8_R6_LB_AL2395_B0_WFS_MONO_EPD5,R6_LB_AL2395_B0_WFS_EPD5,LB_AL2395,B0,WFS,5.0,MONO,0.625,0.011012415559568592
R8_R6_LB_AL2395_B0_WFS_MONO_EPD5,R6_LB_AL2395_B0_WFS_EPD5,LB_AL2395,B0,WFS,5.0,MONO,0.5,0.030289080173177912
R8_R6_LB_AL2395_B0_WFS_MONO_EPD5,R6_LB_AL2395_B0_WFS_EPD5,LB_AL2395,B0,WFS,5.0,MONO,0.375,0.05565799071189862
R8_R6_LB_AL2395_B0_WFS_MONO_EPD5,R6_LB_AL2395_B0_WFS_EPD5,LB_AL2395,B0,WFS,5.0,MONO,0.25,0.0974755624967666
R8_R6_LB_AL2395_B0_WFS_MONO_EPD5,R6_LB_AL2395_B0_WFS_EPD5,LB_AL2395,B0,WFS,5.0,MONO,0.125,0.1281038232958055
R8_R6_LB_AL2395_B0_WFS_MONO_EPD5,R6_LB_AL2395_B0_WFS_EPD5,LB_AL2395,B0,WFS,5.0,MONO,0.0,0.14192053700335475
R8_R6_LB_AL2395_B0_WFS_MONO_EPD5,R6_LB_AL2395_B0_WFS_EPD5,LB_AL2395,B0,WFS,5.0,MONO,-0.125,0.09817916859889039
R8_R6_LB_AL2395_B0_WFS_MONO_EPD5,R6_LB_AL2395_B0_WFS_EPD5,LB_AL2395,B0,WFS,5.0,MONO,-0.25,0.03789618706225773
R8_R6_LB_AL2395_B0_WFS_MONO_EPD5,R6_LB_AL2395_B0_WFS_EPD5,LB_AL2395,B0,WFS,5.0,MONO,-0.375,0.005535825721627597
R8_R6_LB_AL2395_B0_WFS_MONO_EPD5,R6_LB_AL2395_B0_WFS_EPD5,LB_AL2395,B0,WFS,5.0,MONO,-0.5,0.03413956857377086
R8_R6_LB_AL2395_B0_WFS_MONO_EPD5,R6_LB_AL2395_B0_WFS_EPD5,LB_AL2395,B0,WFS,5.0,MONO,-0.625,0.07299442437879788
R8_R6_LB_AL2395_B0_WFS_MONO_EPD5,R6_LB_AL2395_B0_WFS_EPD5,LB_AL2395,B0,WFS,5.0,MONO,-0.75,0.07118594939576602
R8_R6_LB_AL2395_B0_WFS_MONO_EPD5,R6_LB_AL2395_B0_WFS_EPD5,LB_AL2395,B0,WFS,5.0,MONO,-0.875,0.0032347176486815735
R8_R6_LB_AL2395_B0_WFS_MONO_EPD5,R6_LB_AL2395_B0_WFS_EPD5,LB_AL2395,B0,WFS,5.0,MONO,-1.0,0.012663740633558195
R8_R6_LB_AL2395_B0_WFS_MONO_EPD5,R6_LB_AL2395_B0_WFS_EPD5,LB_AL2395,B0,WFS,5.0,MONO,-1.125,0.06729663945280447
R8_R6_LB_AL2395_B0_WFS_MONO_EPD5,R6_LB_AL2395_B0_WFS_EPD5,LB_AL2395,B0,WFS,5.0,MONO,-1.25,0.03674066973911851
R8_R6_LB_AL2395_B0_WFS_MONO_EPD5,R6_LB_AL2395_B0_WFS_EPD5,LB_AL2395,B0,WFS,5.0,MONO,-1.375,0.003431995373463386
R8_R6_LB_AL2395_B0_WFS_MONO_EPD5,R6_LB_AL2395_B0_WFS_EPD5,LB_AL2395,B0,WFS,5.0,MONO,-1.5,0.041653419559360416
R8_R6_LB_AL2395_B0_WFS_MONO_EPD5,R6_LB_AL2395_B0_WFS_EPD5,LB_AL2395,B0,WFS,5.0,MONO,-1.625,0.06227912107919155
R8_R6_LB_AL2395_B0_WFS_MONO_EPD5,R6_LB_AL2395_B0_WFS_EPD5,LB_AL2395,B0,WFS,5.0,MONO,-1.75,0.0032635505169637167
R8_R6_LB_AL2395_B0_WFS_MONO_EPD5,R6_LB_AL2395_B0_WFS_EPD5,LB_AL2395,B0,WFS,5.0,MONO,-1.875,0.01664802486075473
R8_R6_LB_AL2395_B0_WFS_MONO_EPD5,R6_LB_AL2395_B0_WFS_EPD5,LB_AL2395,B0,WFS,5.0,MONO,-2.0,0.033843794002211
R8_R6_LB_AL2395_B0_WFS_MONO_EPD5,R6_LB_AL2395_B0_WFS_EPD5,LB_AL2395,B0,WFS,5.0,MONO,-2.125,0.01672085220211606
R8_R6_LB_AL2395_B0_WFS_MONO_EPD5,R6_LB_AL2395_B0_WFS_EPD5,LB_AL2395,B0,WFS,5.0,MONO,-2.25,0.008445370997221386
R8_R6_LB_AL2395_B0_WFS_MONO_EPD5,R6_LB_AL2395_B0_WFS_EPD5,LB_AL2395,B0,WFS,5.0,MONO,-2.375,0.01678787033671086
R8_R6_LB_AL2395_B0_WFS_MONO_EPD5,R6_LB_AL2395_B0_WFS_EPD5,LB_AL2395,B0,WFS,5.0,MONO,-2.5,0.021979970744088348
R8_R6_LB_AL2395_B0_WFS_MONO_EPD5,R6_LB_AL2395_B0_WFS_EPD5,LB_AL2395,B0,WFS,5.0,MONO,-2.625,0.018203134680951787
R8_R6_LB_AL2395_B0_WFS_MONO_EPD5,R6_LB_AL2395_B0_WFS_EPD5,LB_AL2395,B0,WFS,5.0,MONO,-2.75,0.005189469962210991
R8_R6_LB_AL2395_B0_WFS_MONO_EPD5,R6_LB_AL2395_B0_WFS_EPD5,LB_AL2395,B0,WFS,5.0,MONO,-2.875,0.006872416741343491
R8_R6_LB_AL2395_B0_WFS_MONO_EPD5,R6_LB_AL2395_B0_WFS_EPD5,LB_AL2395,B0,WFS,5.0,MONO,-3.0,0.017023901841802656
R8_R6_LB_AL2395_B0_WFS_MONO_EPD5,R6_LB_AL2395_B0_WFS_EPD5,LB_AL2395,B0,WFS,5.0,MONO,-3.125,0.019545925269289628
R8_R6_LB_AL2395_B0_WFS_MONO_EPD5,R6_LB_AL2395_B0_WFS_EPD5,LB_AL2395,B0,WFS,5.0,MONO,-3.25,0.019117086469021403
R8_R6_LB_AL2395_B0_WFS_MONO_EPD5,R6_LB_AL2395_B0_WFS_EPD5,LB_AL2395,B0,WFS,5.0,MONO,-3.375,0.014658098907034343
R8_R6_LB_AL2395_B0_WFS_MONO_EPD5,R6_LB_AL2395_B0_WFS_EPD5,LB_AL2395,B0,WFS,5.0,MONO,-3.5,0.009410375992121068
R8_R6_LB_AL2395_B0_WFS_MONO_EPD5,R6_LB_AL2395_B0_WFS_EPD5,LB_AL2395,B0,WFS,5.0,MONO,-3.625,0.0026283070040698043
R8_R6_LB_AL2395_B0_WFS_MONO_EPD5,R6_LB_AL2395_B0_WFS_EPD5,LB_AL2395,B0,WFS,5.0,MONO,-3.75,0.002701432534655671
R8_R6_LB_AL2395_B0_WFS_MONO_EPD5,R6_LB_AL2395_B0_WFS_EPD5,LB_AL2395,B0,WFS,5.0,MONO,-3.875,0.006251347908111078
R8_R6_LB_AL2395_B0_WFS_MONO_EPD5,R6_LB_AL2395_B0_WFS_EPD5,LB_AL2395,B0,WFS,5.0,MONO,-4.0,0.008715750314960509
R8_R6_LB_AL2395_B0_WFS_MONO_EPD5,R6_LB_AL2395_B0_WFS_EPD5,LB_AL2395,B0,WFS,5.0,MONO,-4.125,0.011300522591608726
R8_R6_LB_AL2395_B0_WFS_MONO_EPD5,R6_LB_AL2395_B0_WFS_EPD5,LB_AL2395,B0,WFS,5.0,MONO,-4.25,0.012855303380983273
R8_R6_LB_AL2395_B0_WFS_MONO_EPD5,R6_LB_AL2395_B0_WFS_EPD5,LB_AL2395,B0,WFS,5.0,MONO,-4.375,0.012780133246960038
R8_R6_LB_AL2395_B0_WFS_MONO_EPD5,R6_LB_AL2395_B0_WFS_EPD5,LB_AL2395,B0,WFS,5.0,MONO,-4.5,0.012417540801804253
R8_R6_LB_AL2395_B0_WFS_MONO_EPD5,R6_LB_AL2395_B0_WFS_EPD5,LB_AL2395,B0,WFS,5.0,MONO,-4.625,0.011471348794274097
R8_R6_LB_AL2395_B0_WFS_MONO_EPD5,R6_LB_AL2395_B0_WFS_EPD5,LB_AL2395,B0,WFS,5.0,MONO,-4.75,0.010808360248168902
R8_R6_LB_AL2395_B0_WFS_MONO_EPD5,R6_LB_AL2395_B0_WFS_EPD5,LB_AL2395,B0,WFS,5.0,MONO,-4.875,0.008433650725165201
R8_R6_LB_AL2395_B0_WFS_MONO_EPD5,R6_LB_AL2395_B0_WFS_EPD5,LB_AL2395,B0,WFS,5.0,MONO,-5.0,0.006394217272907799
R8_R6_LB_AL2395_B0_WFS_EDOF_EPD5,R6_LB_AL2395_B0_WFS_EPD5,LB_AL2395,B0,WFS,5.0,EDOF,1.0,0.022931679377266753
R8_R6_LB_AL2395_B0_WFS_EDOF_EPD5,R6_LB_AL2395_B0_WFS_EPD5,LB_AL2395,B0,WFS,5.0,EDOF,0.875,0.031066742833621746
R8_R6_LB_AL2395_B0_WFS_EDOF_EPD5,R6_LB_AL2395_B0_WFS_EPD5,LB_AL2395,B0,WFS,5.0,EDOF,0.75,0.044591593295571066
R8_R6_LB_AL2395_B0_WFS_EDOF_EPD5,R6_LB_AL2395_B0_WFS_EPD5,LB_AL2395,B0,WFS,5.0,EDOF,0.625,0.041843904463679124
R8_R6_LB_AL2395_B0_WFS_EDOF_EPD5,R6_LB_AL2395_B0_WFS_EPD5,LB_AL2395,B0,WFS,5.0,EDOF,0.5,0.04460994576235462
R8_R6_LB_AL2395_B0_WFS_EDOF_EPD5,R6_LB_AL2395_B0_WFS_EPD5,LB_AL2395,B0,WFS,5.0,EDOF,0.375,0.05015290274551509
R8_R6_LB_AL2395_B0_WFS_EDOF_EPD5,R6_LB_AL2395_B0_WFS_EPD5,LB_AL2395,B0,WFS,5.0,EDOF,0.25,0.061440286921799536
R8_R6_LB_AL2395_B0_WFS_EDOF_EPD5,R6_LB_AL2395_B0_WFS_EPD5,LB_AL2395,B0,WFS,5.0,EDOF,0.125,0.04946170349682633
R8_R6_LB_AL2395_B0_WFS_EDOF_EPD5,R6_LB_AL2395_B0_WFS_EPD5,LB_AL2395,B0,WFS,5.0,EDOF,0.0,0.03934636017995024
R8_R6_LB_AL2395_B0_WFS_EDOF_EPD5,R6_LB_AL2395_B0_WFS_EPD5,LB_AL2395,B0,WFS,5.0,EDOF,-0.125,0.030335985488500174
R8_R6_LB_AL2395_B0_WFS_EDOF_EPD5,R6_LB_AL2395_B0_WFS_EPD5,LB_AL2395,B0,WFS,5.0,EDOF,-0.25,0.05855590397472194
R8_R6_LB_AL2395_B0_WFS_EDOF_EPD5,R6_LB_AL2395_B0_WFS_EPD5,LB_AL2395,B0,WFS,5.0,EDOF,-0.375,0.07375781632852513
R8_R6_LB_AL2395_B0_WFS_EDOF_EPD5,R6_LB_AL2395_B0_WFS_EPD5,LB_AL2395,B0,WFS,5.0,EDOF,-0.5,0.07136872427524618
R8_R6_LB_AL2395_B0_WFS_EDOF_EPD5,R6_LB_AL2395_B0_WFS_EPD5,LB_AL2395,B0,WFS,5.0,EDOF,-0.625,0.050231460076609204
R8_R6_LB_AL2395_B0_WFS_EDOF_EPD5,R6_LB_AL2395_B0_WFS_EPD5,LB_AL2395,B0,WFS,5.0,EDOF,-0.75,0.07297763560994393
R8_R6_LB_AL2395_B0_WFS_EDOF_EPD5,R6_LB_AL2395_B0_WFS_EPD5,LB_AL2395,B0,WFS,5.0,EDOF,-0.875,0.030994820651829038
R8_R6_LB_AL2395_B0_WFS_EDOF_EPD5,R6_LB_AL2395_B0_WFS_EPD5,LB_AL2395,B0,WFS,5.0,EDOF,-1.0,0.001616286267109732
R8_R6_LB_AL2395_B0_WFS_EDOF_EPD5,R6_LB_AL2395_B0_WFS_EPD5,LB_AL2395,B0,WFS,5.0,EDOF,-1.125,0.05453050797574439
R8_R6_LB_AL2395_B0_WFS_EDOF_EPD5,R6_LB_AL2395_B0_WFS_EPD5,LB_AL2395,B0,WFS,5.0,EDOF,-1.25,0.05805054346981009
R8_R6_LB_AL2395_B0_WFS_EDOF_EPD5,R6_LB_AL2395_B0_WFS_EPD5,LB_AL2395,B0,WFS,5.0,EDOF,-1.375,0.005371741712952724
R8_R6_LB_AL2395_B0_WFS_EDOF_EPD5,R6_LB_AL2395_B0_WFS_EPD5,LB_AL2395,B0,WFS,5.0,EDOF,-1.5,0.025382364817721097
R8_R6_LB_AL2395_B0_WFS_EDOF_EPD5,R6_LB_AL2395_B0_WFS_EPD5,LB_AL2395,B0,WFS,5.0,EDOF,-1.625,0.07955733190511712
R8_R6_LB_AL2395_B0_WFS_EDOF_EPD5,R6_LB_AL2395_B0_WFS_EPD5,LB_AL2395,B0,WFS,5.0,EDOF,-1.75,0.009797341411364777
R8_R6_LB_AL2395_B0_WFS_EDOF_EPD5,R6_LB_AL2395_B0_WFS_EPD5,LB_AL2395,B0,WFS,5.0,EDOF,-1.875,0.0021949960128403354
R8_R6_LB_AL2395_B0_WFS_EDOF_EPD5,R6_LB_AL2395_B0_WFS_EPD5,LB_AL2395,B0,WFS,5.0,EDOF,-2.0,0.037526491161995926
R8_R6_LB_AL2395_B0_WFS_EDOF_EPD5,R6_LB_AL2395_B0_WFS_EPD5,LB_AL2395,B0,WFS,5.0,EDOF,-2.125,0.007523883423647437
R8_R6_LB_AL2395_B0_WFS_EDOF_EPD5,R6_LB_AL2395_B0_WFS_EPD5,LB_AL2395,B0,WFS,5.0,EDOF,-2.25,0.00015079047754640426
R8_R6_LB_AL2395_B0_WFS_EDOF_EPD5,R6_LB_AL2395_B0_WFS_EPD5,LB_AL2395,B0,WFS,5.0,EDOF,-2.375,0.01596588582953306
R8_R6_LB_AL2395_B0_WFS_EDOF_EPD5,R6_LB_AL2395_B0_WFS_EPD5,LB_AL2395,B0,WFS,5.0,EDOF,-2.5,0.017344527970726498
R8_R6_LB_AL2395_B0_WFS_EDOF_EPD5,R6_LB_AL2395_B0_WFS_EPD5,LB_AL2395,B0,WFS,5.0,EDOF,-2.625,0.016120669057640185
R8_R6_LB_AL2395_B0_WFS_EDOF_EPD5,R6_LB_AL2395_B0_WFS_EPD5,LB_AL2395,B0,WFS,5.0,EDOF,-2.75,0.005406701295266685
R8_R6_LB_AL2395_B0_WFS_EDOF_EPD5,R6_LB_AL2395_B0_WFS_EPD5,LB_AL2395,B0,WFS,5.0,EDOF,-2.875,0.007215237005886742
R8_R6_LB_AL2395_B0_WFS_EDOF_EPD5,R6_LB_AL2395_B0_WFS_EPD5,LB_AL2395,B0,WFS,5.0,EDOF,-3.0,0.016545515594310445
R8_R6_LB_AL2395_B0_WFS_EDOF_EPD5,R6_LB_AL2395_B0_WFS_EPD5,LB_AL2395,B0,WFS,5.0,EDOF,-3.125,0.017488533882907872
R8_R6_LB_AL2395_B0_WFS_EDOF_EPD5,R6_LB_AL2395_B0_WFS_EPD5,LB_AL2395,B0,WFS,5.0,EDOF,-3.25,0.017805073654760795
R8_R6_LB_AL2395_B0_WFS_EDOF_EPD5,R6_LB_AL2395_B0_WFS_EPD5,LB_AL2395,B0,WFS,5.0,EDOF,-3.375,0.015719904489913436
R8_R6_LB_AL2395_B0_WFS_EDOF_EPD5,R6_LB_AL2395_B0_WFS_EPD5,LB_AL2395,B0,WFS,5.0,EDOF,-3.5,0.011227134656688153
R8_R6_LB_AL2395_B0_WFS_EDOF_EPD5,R6_LB_AL2395_B0_WFS_EPD5,LB_AL2395,B0,WFS,5.0,EDOF,-3.625,0.0030533829040161066
R8_R6_LB_AL2395_B0_WFS_EDOF_EPD5,R6_LB_AL2395_B0_WFS_EPD5,LB_AL2395,B0,WFS,5.0,EDOF,-3.75,0.0036832436197697894
R8_R6_LB_AL2395_B0_WFS_EDOF_EPD5,R6_LB_AL2395_B0_WFS_EPD5,LB_AL2395,B0,WFS,5.0,EDOF,-3.875,0.006740047952668351
R8_R6_LB_AL2395_B0_WFS_EDOF_EPD5,R6_LB_AL2395_B0_WFS_EPD5,LB_AL2395,B0,WFS,5.0,EDOF,-4.0,0.008372879407779588
R8_R6_LB_AL2395_B0_WFS_EDOF_EPD5,R6_LB_AL2395_B0_WFS_EPD5,LB_AL2395,B0,WFS,5.0,EDOF,-4.125,0.011139035753219796
R8_R6_LB_AL2395_B0_WFS_EDOF_EPD5,R6_LB_AL2395_B0_WFS_EPD5,LB_AL2395,B0,WFS,5.0,EDOF,-4.25,0.013396989271381617
R8_R6_LB_AL2395_B0_WFS_EDOF_EPD5,R6_LB_AL2395_B0_WFS_EPD5,LB_AL2395,B0,WFS,5.0,EDOF,-4.375,0.013018710793680185
R8_R6_LB_AL2395_B0_WFS_EDOF_EPD5,R6_LB_AL2395_B0_WFS_EPD5,LB_AL2395,B0,WFS,5.0,EDOF,-4.5,0.011747536002890472
R8_R6_LB_AL2395_B0_WFS_EDOF_EPD5,R6_LB_AL2395_B0_WFS_EPD5,LB_AL2395,B0,WFS,5.0,EDOF,-4.625,0.011316508476282742
R8_R6_LB_AL2395_B0_WFS_EDOF_EPD5,R6_LB_AL2395_B0_WFS_EPD5,LB_AL2395,B0,WFS,5.0,EDOF,-4.75,0.010969330476422005
R8_R6_LB_AL2395_B0_WFS_EDOF_EPD5,R6_LB_AL2395_B0_WFS_EPD5,LB_AL2395,B0,WFS,5.0,EDOF,-4.875,0.008773669980707118
R8_R6_LB_AL2395_B0_WFS_EDOF_EPD5,R6_LB_AL2395_B0_WFS_EPD5,LB_AL2395,B0,WFS,5.0,EDOF,-5.0,0.006174513095371687
R8_R6_LB_AL2395_B0_RAD_MONO_EPD3,R6_LB_AL2395_B0_RAD_EPD3,LB_AL2395,B0,RAD,3.0,MONO,1.0,0.00991669268946839
R8_R6_LB_AL2395_B0_RAD_MONO_EPD3,R6_LB_AL2395_B0_RAD_EPD3,LB_AL2395,B0,RAD,3.0,MONO,0.875,0.008961177394356878
R8_R6_LB_AL2395_B0_RAD_MONO_EPD3,R6_LB_AL2395_B0_RAD_EPD3,LB_AL2395,B0,RAD,3.0,MONO,0.75,0.004740645459683457
R8_R6_LB_AL2395_B0_RAD_MONO_EPD3,R6_LB_AL2395_B0_RAD_EPD3,LB_AL2395,B0,RAD,3.0,MONO,0.625,0.03467822831326237
R8_R6_LB_AL2395_B0_RAD_MONO_EPD3,R6_LB_AL2395_B0_RAD_EPD3,LB_AL2395,B0,RAD,3.0,MONO,0.5,0.06050511149652138
R8_R6_LB_AL2395_B0_RAD_MONO_EPD3,R6_LB_AL2395_B0_RAD_EPD3,LB_AL2395,B0,RAD,3.0,MONO,0.375,0.0780797338979293
R8_R6_LB_AL2395_B0_RAD_MONO_EPD3,R6_LB_AL2395_B0_RAD_EPD3,LB_AL2395,B0,RAD,3.0,MONO,0.25,0.1879967742296055
R8_R6_LB_AL2395_B0_RAD_MONO_EPD3,R6_LB_AL2395_B0_RAD_EPD3,LB_AL2395,B0,RAD,3.0,MONO,0.125,0.4019752497729704
R8_R6_LB_AL2395_B0_RAD_MONO_EPD3,R6_LB_AL2395_B0_RAD_EPD3,LB_AL2395,B0,RAD,3.0,MONO,0.0,0.5203016146106113
R8_R6_LB_AL2395_B0_RAD_MONO_EPD3,R6_LB_AL2395_B0_RAD_EPD3,LB_AL2395,B0,RAD,3.0,MONO,-0.125,0.3613158575824221
R8_R6_LB_AL2395_B0_RAD_MONO_EPD3,R6_LB_AL2395_B0_RAD_EPD3,LB_AL2395,B0,RAD,3.0,MONO,-0.25,0.0523244701014918
R8_R6_LB_AL2395_B0_RAD_MONO_EPD3,R6_LB_AL2395_B0_RAD_EPD3,LB_AL2395,B0,RAD,3.0,MONO,-0.375,0.10154744836655745
R8_R6_LB_AL2395_B0_RAD_MONO_EPD3,R6_LB_AL2395_B0_RAD_EPD3,LB_AL2395,B0,RAD,3.0,MONO,-0.5,0.01948599287737411
R8_R6_LB_AL2395_B0_RAD_MONO_EPD3,R6_LB_AL2395_B0_RAD_EPD3,LB_AL2395,B0,RAD,3.0,MONO,-0.625,0.08501527137669584
R8_R6_LB_AL2395_B0_RAD_MONO_EPD3,R6_LB_AL2395_B0_RAD_EPD3,LB_AL2395,B0,RAD,3.0,MONO,-0.75,0.04987085131002395
R8_R6_LB_AL2395_B0_RAD_MONO_EPD3,R6_LB_AL2395_B0_RAD_EPD3,LB_AL2395,B0,RAD,3.0,MONO,-0.875,0.03312100620100915
R8_R6_LB_AL2395_B0_RAD_MONO_EPD3,R6_LB_AL2395_B0_RAD_EPD3,LB_AL2395,B0,RAD,3.0,MONO,-1.0,0.028863182257962004
R8_R6_LB_AL2395_B0_RAD_MONO_EPD3,R6_LB_AL2395_B0_RAD_EPD3,LB_AL2395,B0,RAD,3.0,MONO,-1.125,0.024104685191523346
R8_R6_LB_AL2395_B0_RAD_MONO_EPD3,R6_LB_AL2395_B0_RAD_EPD3,LB_AL2395,B0,RAD,3.0,MONO,-1.25,0.023990445595432817
R8_R6_LB_AL2395_B0_RAD_MONO_EPD3,R6_LB_AL2395_B0_RAD_EPD3,LB_AL2395,B0,RAD,3.0,MONO,-1.375,0.013428740248280708
R8_R6_LB_AL2395_B0_RAD_MONO_EPD3,R6_LB_AL2395_B0_RAD_EPD3,LB_AL2395,B0,RAD,3.0,MONO,-1.5,0.014325102390525014
R8_R6_LB_AL2395_B0_RAD_MONO_EPD3,R6_LB_AL2395_B0_RAD_EPD3,LB_AL2395,B0,RAD,3.0,MONO,-1.625,0.012380558857222555
R8_R6_LB_AL2395_B0_RAD_MONO_EPD3,R6_LB_AL2395_B0_RAD_EPD3,LB_AL2395,B0,RAD,3.0,MONO,-1.75,0.011934187366178644
R8_R6_LB_AL2395_B0_RAD_MONO_EPD3,R6_LB_AL2395_B0_RAD_EPD3,LB_AL2395,B0,RAD,3.0,MONO,-1.875,0.008174197083974096
R8_R6_LB_AL2395_B0_RAD_MONO_EPD3,R6_LB_AL2395_B0_RAD_EPD3,LB_AL2395,B0,RAD,3.0,MONO,-2.0,0.006601693630611505
R8_R6_LB_AL2395_B0_RAD_MONO_EPD3,R6_LB_AL2395_B0_RAD_EPD3,LB_AL2395,B0,RAD,3.0,MONO,-2.125,0.008271071457541607
R8_R6_LB_AL2395_B0_RAD_MONO_EPD3,R6_LB_AL2395_B0_RAD_EPD3,LB_AL2395,B0,RAD,3.0,MONO,-2.25,0.004509052618791365
R8_R6_LB_AL2395_B0_RAD_MONO_EPD3,R6_LB_AL2395_B0_RAD_EPD3,LB_AL2395,B0,RAD,3.0,MONO,-2.375,0.00781966024414026
R8_R6_LB_AL2395_B0_RAD_MONO_EPD3,R6_LB_AL2395_B0_RAD_EPD3,LB_AL2395,B0,RAD,3.0,MONO,-2.5,0.003118050735839507
R8_R6_LB_AL2395_B0_RAD_MONO_EPD3,R6_LB_AL2395_B0_RAD_EPD3,LB_AL2395,B0,RAD,3.0,MONO,-2.625,0.007356844527426811
R8_R6_LB_AL2395_B0_RAD_MONO_EPD3,R6_LB_AL2395_B0_RAD_EPD3,LB_AL2395,B0,RAD,3.0,MONO,-2.75,0.0025727341333045047
R8_R6_LB_AL2395_B0_RAD_MONO_EPD3,R6_LB_AL2395_B0_RAD_EPD3,LB_AL2395,B0,RAD,3.0,MONO,-2.875,0.00599792873857425
R8_R6_LB_AL2395_B0_RAD_MONO_EPD3,R6_LB_AL2395_B0_RAD_EPD3,LB_AL2395,B0,RAD,3.0,MONO,-3.0,0.0014057731878799665
R8_R6_LB_AL2395_B0_RAD_MONO_EPD3,R6_LB_AL2395_B0_RAD_EPD3,LB_AL2395,B0,RAD,3.0,MONO,-3.125,0.005109810386591447
R8_R6_LB_AL2395_B0_RAD_MONO_EPD3,R6_LB_AL2395_B0_RAD_EPD3,LB_AL2395,B0,RAD,3.0,MONO,-3.25,0.0005861084366193444
R8_R6_LB_AL2395_B0_RAD_MONO_EPD3,R6_LB_AL2395_B0_RAD_EPD3,LB_AL2395,B0,RAD,3.0,MONO,-3.375,0.003890888192416377
R8_R6_LB_AL2395_B0_RAD_MONO_EPD3,R6_LB_AL2395_B0_RAD_EPD3,LB_AL2395,B0,RAD,3.0,MONO,-3.5,0.0009504714634919794
R8_R6_LB_AL2395_B0_RAD_MONO_EPD3,R6_LB_AL2395_B0_RAD_EPD3,LB_AL2395,B0,RAD,3.0,MONO,-3.625,0.003918087658983921
R8_R6_LB_AL2395_B0_RAD_MONO_EPD3,R6_LB_AL2395_B0_RAD_EPD3,LB_AL2395,B0,RAD,3.0,MONO,-3.75,0.001340338976389701
R8_R6_LB_AL2395_B0_RAD_MONO_EPD3,R6_LB_AL2395_B0_RAD_EPD3,LB_AL2395,B0,RAD,3.0,MONO,-3.875,0.0037407094557120276
R8_R6_LB_AL2395_B0_RAD_MONO_EPD3,R6_LB_AL2395_B0_RAD_EPD3,LB_AL2395,B0,RAD,3.0,MONO,-4.0,0.0009086264104296066
R8_R6_LB_AL2395_B0_RAD_MONO_EPD3,R6_LB_AL2395_B0_RAD_EPD3,LB_AL2395,B0,RAD,3.0,MONO,-4.125,0.0024470813007713946
R8_R6_LB_AL2395_B0_RAD_MONO_EPD3,R6_LB_AL2395_B0_RAD_EPD3,LB_AL2395,B0,RAD,3.0,MONO,-4.25,0.0010824704792649084
R8_R6_LB_AL2395_B0_RAD_MONO_EPD3,R6_LB_AL2395_B0_RAD_EPD3,LB_AL2395,B0,RAD,3.0,MONO,-4.375,0.0008199523635656751
R8_R6_LB_AL2395_B0_RAD_MONO_EPD3,R6_LB_AL2395_B0_RAD_EPD3,LB_AL2395,B0,RAD,3.0,MONO,-4.5,0.0025662823433011193
R8_R6_LB_AL2395_B0_RAD_MONO_EPD3,R6_LB_AL2395_B0_RAD_EPD3,LB_AL2395,B0,RAD,3.0,MONO,-4.625,0.0010124423109056937
R8_R6_LB_AL2395_B0_RAD_MONO_EPD3,R6_LB_AL2395_B0_RAD_EPD3,LB_AL2395,B0,RAD,3.0,MONO,-4.75,0.00262092813312456
R8_R6_LB_AL2395_B0_RAD_MONO_EPD3,R6_LB_AL2395_B0_RAD_EPD3,LB_AL2395,B0,RAD,3.0,MONO,-4.875,0.0007704883423134052
R8_R6_LB_AL2395_B0_RAD_MONO_EPD3,R6_LB_AL2395_B0_RAD_EPD3,LB_AL2395,B0,RAD,3.0,MONO,-5.0,0.002391432643671723
R8_R6_LB_AL2395_B0_RAD_EDOF_EPD3,R6_LB_AL2395_B0_RAD_EPD3,LB_AL2395,B0,RAD,3.0,EDOF,1.0,0.19099464442624095
R8_R6_LB_AL2395_B0_RAD_EDOF_EPD3,R6_LB_AL2395_B0_RAD_EPD3,LB_AL2395,B0,RAD,3.0,EDOF,0.875,0.3070277172129035
R8_R6_LB_AL2395_B0_RAD_EDOF_EPD3,R6_LB_AL2395_B0_RAD_EPD3,LB_AL2395,B0,RAD,3.0,EDOF,0.75,0.20916049298338268
R8_R6_LB_AL2395_B0_RAD_EDOF_EPD3,R6_LB_AL2395_B0_RAD_EPD3,LB_AL2395,B0,RAD,3.0,EDOF,0.625,0.05871111231258881
R8_R6_LB_AL2395_B0_RAD_EDOF_EPD3,R6_LB_AL2395_B0_RAD_EPD3,LB_AL2395,B0,RAD,3.0,EDOF,0.5,0.0863829941354908
R8_R6_LB_AL2395_B0_RAD_EDOF_EPD3,R6_LB_AL2395_B0_RAD_EPD3,LB_AL2395,B0,RAD,3.0,EDOF,0.375,0.23530032893919328
R8_R6_LB_AL2395_B0_RAD_EDOF_EPD3,R6_LB_AL2395_B0_RAD_EPD3,LB_AL2395,B0,RAD,3.0,EDOF,0.25,0.25162806342818567
R8_R6_LB_AL2395_B0_RAD_EDOF_EPD3,R6_LB_AL2395_B0_RAD_EPD3,LB_AL2395,B0,RAD,3.0,EDOF,0.125,0.0798556002837604
R8_R6_LB_AL2395_B0_RAD_EDOF_EPD3,R6_LB_AL2395_B0_RAD_EPD3,LB_AL2395,B0,RAD,3.0,EDOF,0.0,0.07426509879842431
R8_R6_LB_AL2395_B0_RAD_EDOF_EPD3,R6_LB_AL2395_B0_RAD_EPD3,LB_AL2395,B0,RAD,3.0,EDOF,-0.125,0.06760268211377185
R8_R6_LB_AL2395_B0_RAD_EDOF_EPD3,R6_LB_AL2395_B0_RAD_EPD3,LB_AL2395,B0,RAD,3.0,EDOF,-0.25,0.0069695425419409995
R8_R6_LB_AL2395_B0_RAD_EDOF_EPD3,R6_LB_AL2395_B0_RAD_EPD3,LB_AL2395,B0,RAD,3.0,EDOF,-0.375,0.02319252064900934
R8_R6_LB_AL2395_B0_RAD_EDOF_EPD3,R6_LB_AL2395_B0_RAD_EPD3,LB_AL2395,B0,RAD,3.0,EDOF,-0.5,0.0015318269672208234
R8_R6_LB_AL2395_B0_RAD_EDOF_EPD3,R6_LB_AL2395_B0_RAD_EPD3,LB_AL2395,B0,RAD,3.0,EDOF,-0.625,0.009340840263482707
R8_R6_LB_AL2395_B0_RAD_EDOF_EPD3,R6_LB_AL2395_B0_RAD_EPD3,LB_AL2395,B0,RAD,3.0,EDOF,-0.75,0.031560835110058943
R8_R6_LB_AL2395_B0_RAD_EDOF_EPD3,R6_LB_AL2395_B0_RAD_EPD3,LB_AL2395,B0,RAD,3.0,EDOF,-0.875,0.028233435242666957
R8_R6_LB_AL2395_B0_RAD_EDOF_EPD3,R6_LB_AL2395_B0_RAD_EPD3,LB_AL2395,B0,RAD,3.0,EDOF,-1.0,0.013515846419443355
R8_R6_LB_AL2395_B0_RAD_EDOF_EPD3,R6_LB_AL2395_B0_RAD_EPD3,LB_AL2395,B0,RAD,3.0,EDOF,-1.125,0.010000376242569478
R8_R6_LB_AL2395_B0_RAD_EDOF_EPD3,R6_LB_AL2395_B0_RAD_EPD3,LB_AL2395,B0,RAD,3.0,EDOF,-1.25,0.001981258556513043
R8_R6_LB_AL2395_B0_RAD_EDOF_EPD3,R6_LB_AL2395_B0_RAD_EPD3,LB_AL2395,B0,RAD,3.0,EDOF,-1.375,0.014783971409834007
R8_R6_LB_AL2395_B0_RAD_EDOF_EPD3,R6_LB_AL2395_B0_RAD_EPD3,LB_AL2395,B0,RAD,3.0,EDOF,-1.5,0.009508150669588648
R8_R6_LB_AL2395_B0_RAD_EDOF_EPD3,R6_LB_AL2395_B0_RAD_EPD3,LB_AL2395,B0,RAD,3.0,EDOF,-1.625,0.020326018680341847
R8_R6_LB_AL2395_B0_RAD_EDOF_EPD3,R6_LB_AL2395_B0_RAD_EPD3,LB_AL2395,B0,RAD,3.0,EDOF,-1.75,0.03251011907364324
R8_R6_LB_AL2395_B0_RAD_EDOF_EPD3,R6_LB_AL2395_B0_RAD_EPD3,LB_AL2395,B0,RAD,3.0,EDOF,-1.875,0.010188679852250204
R8_R6_LB_AL2395_B0_RAD_EDOF_EPD3,R6_LB_AL2395_B0_RAD_EPD3,LB_AL2395,B0,RAD,3.0,EDOF,-2.0,0.012319646950338728
R8_R6_LB_AL2395_B0_RAD_EDOF_EPD3,R6_LB_AL2395_B0_RAD_EPD3,LB_AL2395,B0,RAD,3.0,EDOF,-2.125,0.010760351568719267
R8_R6_LB_AL2395_B0_RAD_EDOF_EPD3,R6_LB_AL2395_B0_RAD_EPD3,LB_AL2395,B0,RAD,3.0,EDOF,-2.25,0.0012893033966114777
R8_R6_LB_AL2395_B0_RAD_EDOF_EPD3,R6_LB_AL2395_B0_RAD_EPD3,LB_AL2395,B0,RAD,3.0,EDOF,-2.375,0.0011653984871590464
R8_R6_LB_AL2395_B0_RAD_EDOF_EPD3,R6_LB_AL2395_B0_RAD_EPD3,LB_AL2395,B0,RAD,3.0,EDOF,-2.5,0.003710835538143219
R8_R6_LB_AL2395_B0_RAD_EDOF_EPD3,R6_LB_AL2395_B0_RAD_EPD3,LB_AL2395,B0,RAD,3.0,EDOF,-2.625,0.008142950886077575
R8_R6_LB_AL2395_B0_RAD_EDOF_EPD3,R6_LB_AL2395_B0_RAD_EPD3,LB_AL2395,B0,RAD,3.0,EDOF,-2.75,0.006716301120905679
R8_R6_LB_AL2395_B0_RAD_EDOF_EPD3,R6_LB_AL2395_B0_RAD_EPD3,LB_AL2395,B0,RAD,3.0,EDOF,-2.875,0.004547807012906372
R8_R6_LB_AL2395_B0_RAD_EDOF_EPD3,R6_LB_AL2395_B0_RAD_EPD3,LB_AL2395,B0,RAD,3.0,EDOF,-3.0,0.010542656614625518
R8_R6_LB_AL2395_B0_RAD_EDOF_EPD3,R6_LB_AL2395_B0_RAD_EPD3,LB_AL2395,B0,RAD,3.0,EDOF,-3.125,0.015301655684504664
R8_R6_LB_AL2395_B0_RAD_EDOF_EPD3,R6_LB_AL2395_B0_RAD_EPD3,LB_AL2395,B0,RAD,3.0,EDOF,-3.25,0.008463037288983092
R8_R6_LB_AL2395_B0_RAD_EDOF_EPD3,R6_LB_AL2395_B0_RAD_EPD3,LB_AL2395,B0,RAD,3.0,EDOF,-3.375,0.0035185276289872998
R8_R6_LB_AL2395_B0_RAD_EDOF_EPD3,R6_LB_AL2395_B0_RAD_EPD3,LB_AL2395,B0,RAD,3.0,EDOF,-3.5,0.015651585499439114
R8_R6_LB_AL2395_B0_RAD_EDOF_EPD3,R6_LB_AL2395_B0_RAD_EPD3,LB_AL2395,B0,RAD,3.0,EDOF,-3.625,0.03300611591032911
R8_R6_LB_AL2395_B0_RAD_EDOF_EPD3,R6_LB_AL2395_B0_RAD_EPD3,LB_AL2395,B0,RAD,3.0,EDOF,-3.75,0.03480594050593851
R8_R6_LB_AL2395_B0_RAD_EDOF_EPD3,R6_LB_AL2395_B0_RAD_EPD3,LB_AL2395,B0,RAD,3.0,EDOF,-3.875,0.021460054054320808
R8_R6_LB_AL2395_B0_RAD_EDOF_EPD3,R6_LB_AL2395_B0_RAD_EPD3,LB_AL2395,B0,RAD,3.0,EDOF,-4.0,0.006005346725704749
R8_R6_LB_AL2395_B0_RAD_EDOF_EPD3,R6_LB_AL2395_B0_RAD_EPD3,LB_AL2395,B0,RAD,3.0,EDOF,-4.125,0.0011492227394508372
R8_R6_LB_AL2395_B0_RAD_EDOF_EPD3,R6_LB_AL2395_B0_RAD_EPD3,LB_AL2395,B0,RAD,3.0,EDOF,-4.25,0.005864963065601246
R8_R6_LB_AL2395_B0_RAD_EDOF_EPD3,R6_LB_AL2395_B0_RAD_EPD3,LB_AL2395,B0,RAD,3.0,EDOF,-4.375,0.024071945377978774
R8_R6_LB_AL2395_B0_RAD_EDOF_EPD3,R6_LB_AL2395_B0_RAD_EPD3,LB_AL2395,B0,RAD,3.0,EDOF,-4.5,0.0350845924415998
R8_R6_LB_AL2395_B0_RAD_EDOF_EPD3,R6_LB_AL2395_B0_RAD_EPD3,LB_AL2395,B0,RAD,3.0,EDOF,-4.625,0.022351677871272315
R8_R6_LB_AL2395_B0_RAD_EDOF_EPD3,R6_LB_AL2395_B0_RAD_EPD3,LB_AL2395,B0,RAD,3.0,EDOF,-4.75,0.002417180626663737
R8_R6_LB_AL2395_B0_RAD_EDOF_EPD3,R6_LB_AL2395_B0_RAD_EPD3,LB_AL2395,B0,RAD,3.0,EDOF,-4.875,0.013096829209162218
R8_R6_LB_AL2395_B0_RAD_EDOF_EPD3,R6_LB_AL2395_B0_RAD_EPD3,LB_AL2395,B0,RAD,3.0,EDOF,-5.0,0.001800978734497728
R8_R6_LB_AL2395_B0_RAD_MONO_EPD5,R6_LB_AL2395_B0_RAD_EPD5,LB_AL2395,B0,RAD,5.0,MONO,1.0,0.00018100644057530144
R8_R6_LB_AL2395_B0_RAD_MONO_EPD5,R6_LB_AL2395_B0_RAD_EPD5,LB_AL2395,B0,RAD,5.0,MONO,0.875,0.0015099982867867105
R8_R6_LB_AL2395_B0_RAD_MONO_EPD5,R6_LB_AL2395_B0_RAD_EPD5,LB_AL2395,B0,RAD,5.0,MONO,0.75,0.0009546816336436153
R8_R6_LB_AL2395_B0_RAD_MONO_EPD5,R6_LB_AL2395_B0_RAD_EPD5,LB_AL2395,B0,RAD,5.0,MONO,0.625,0.006649539236195292
R8_R6_LB_AL2395_B0_RAD_MONO_EPD5,R6_LB_AL2395_B0_RAD_EPD5,LB_AL2395,B0,RAD,5.0,MONO,0.5,0.016060226706815544
R8_R6_LB_AL2395_B0_RAD_MONO_EPD5,R6_LB_AL2395_B0_RAD_EPD5,LB_AL2395,B0,RAD,5.0,MONO,0.375,0.03928264440546752
R8_R6_LB_AL2395_B0_RAD_MONO_EPD5,R6_LB_AL2395_B0_RAD_EPD5,LB_AL2395,B0,RAD,5.0,MONO,0.25,0.07629405862986065
R8_R6_LB_AL2395_B0_RAD_MONO_EPD5,R6_LB_AL2395_B0_RAD_EPD5,LB_AL2395,B0,RAD,5.0,MONO,0.125,0.12791902189936455
R8_R6_LB_AL2395_B0_RAD_MONO_EPD5,R6_LB_AL2395_B0_RAD_EPD5,LB_AL2395,B0,RAD,5.0,MONO,0.0,0.15657017045954447
R8_R6_LB_AL2395_B0_RAD_MONO_EPD5,R6_LB_AL2395_B0_RAD_EPD5,LB_AL2395,B0,RAD,5.0,MONO,-0.125,0.1426032748461625
R8_R6_LB_AL2395_B0_RAD_MONO_EPD5,R6_LB_AL2395_B0_RAD_EPD5,LB_AL2395,B0,RAD,5.0,MONO,-0.25,0.06658594303872249
R8_R6_LB_AL2395_B0_RAD_MONO_EPD5,R6_LB_AL2395_B0_RAD_EPD5,LB_AL2395,B0,RAD,5.0,MONO,-0.375,0.007063391904857241
R8_R6_LB_AL2395_B0_RAD_MONO_EPD5,R6_LB_AL2395_B0_RAD_EPD5,LB_AL2395,B0,RAD,5.0,MONO,-0.5,0.010306216825612871
R8_R6_LB_AL2395_B0_RAD_MONO_EPD5,R6_LB_AL2395_B0_RAD_EPD5,LB_AL2395,B0,RAD,5.0,MONO,-0.625,0.08613631145697304
R8_R6_LB_AL2395_B0_RAD_MONO_EPD5,R6_LB_AL2395_B0_RAD_EPD5,LB_AL2395,B0,RAD,5.0,MONO,-0.75,0.06776591715935748
R8_R6_LB_AL2395_B0_RAD_MONO_EPD5,R6_LB_AL2395_B0_RAD_EPD5,LB_AL2395,B0,RAD,5.0,MONO,-0.875,0.020534913230699052
R8_R6_LB_AL2395_B0_RAD_MONO_EPD5,R6_LB_AL2395_B0_RAD_EPD5,LB_AL2395,B0,RAD,5.0,MONO,-1.0,0.0064025218879680155
R8_R6_LB_AL2395_B0_RAD_MONO_EPD5,R6_LB_AL2395_B0_RAD_EPD5,LB_AL2395,B0,RAD,5.0,MONO,-1.125,0.06345694098573006
R8_R6_LB_AL2395_B0_RAD_MONO_EPD5,R6_LB_AL2395_B0_RAD_EPD5,LB_AL2395,B0,RAD,5.0,MONO,-1.25,0.04282865203607072
R8_R6_LB_AL2395_B0_RAD_MONO_EPD5,R6_LB_AL2395_B0_RAD_EPD5,LB_AL2395,B0,RAD,5.0,MONO,-1.375,0.010111234342202097
R8_R6_LB_AL2395_B0_RAD_MONO_EPD5,R6_LB_AL2395_B0_RAD_EPD5,LB_AL2395,B0,RAD,5.0,MONO,-1.5,0.05147906311775899
R8_R6_LB_AL2395_B0_RAD_MONO_EPD5,R6_LB_AL2395_B0_RAD_EPD5,LB_AL2395,B0,RAD,5.0,MONO,-1.625,0.037070490104109496
R8_R6_LB_AL2395_B0_RAD_MONO_EPD5,R6_LB_AL2395_B0_RAD_EPD5,LB_AL2395,B0,RAD,5.0,MONO,-1.75,0.01904346498215953
R8_R6_LB_AL2395_B0_RAD_MONO_EPD5,R6_LB_AL2395_B0_RAD_EPD5,LB_AL2395,B0,RAD,5.0,MONO,-1.875,0.029533196967074276
R8_R6_LB_AL2395_B0_RAD_MONO_EPD5,R6_LB_AL2395_B0_RAD_EPD5,LB_AL2395,B0,RAD,5.0,MONO,-2.0,0.0048371872830758325
R8_R6_LB_AL2395_B0_RAD_MONO_EPD5,R6_LB_AL2395_B0_RAD_EPD5,LB_AL2395,B0,RAD,5.0,MONO,-2.125,0.01734920382259872
R8_R6_LB_AL2395_B0_RAD_MONO_EPD5,R6_LB_AL2395_B0_RAD_EPD5,LB_AL2395,B0,RAD,5.0,MONO,-2.25,0.025959516985707067
R8_R6_LB_AL2395_B0_RAD_MONO_EPD5,R6_LB_AL2395_B0_RAD_EPD5,LB_AL2395,B0,RAD,5.0,MONO,-2.375,0.01590552614415092
R8_R6_LB_AL2395_B0_RAD_MONO_EPD5,R6_LB_AL2395_B0_RAD_EPD5,LB_AL2395,B0,RAD,5.0,MONO,-2.5,0.0010865246869379572
R8_R6_LB_AL2395_B0_RAD_MONO_EPD5,R6_LB_AL2395_B0_RAD_EPD5,LB_AL2395,B0,RAD,5.0,MONO,-2.625,0.014045354829746719
R8_R6_LB_AL2395_B0_RAD_MONO_EPD5,R6_LB_AL2395_B0_RAD_EPD5,LB_AL2395,B0,RAD,5.0,MONO,-2.75,0.02190442758203101
R8_R6_LB_AL2395_B0_RAD_MONO_EPD5,R6_LB_AL2395_B0_RAD_EPD5,LB_AL2395,B0,RAD,5.0,MONO,-2.875,0.02579580046068133
R8_R6_LB_AL2395_B0_RAD_MONO_EPD5,R6_LB_AL2395_B0_RAD_EPD5,LB_AL2395,B0,RAD,5.0,MONO,-3.0,0.023255703470269264
R8_R6_LB_AL2395_B0_RAD_MONO_EPD5,R6_LB_AL2395_B0_RAD_EPD5,LB_AL2395,B0,RAD,5.0,MONO,-3.125,0.01951745336926156
R8_R6_LB_AL2395_B0_RAD_MONO_EPD5,R6_LB_AL2395_B0_RAD_EPD5,LB_AL2395,B0,RAD,5.0,MONO,-3.25,0.01438105303830188
R8_R6_LB_AL2395_B0_RAD_MONO_EPD5,R6_LB_AL2395_B0_RAD_EPD5,LB_AL2395,B0,RAD,5.0,MONO,-3.375,0.010288098077453208
R8_R6_LB_AL2395_B0_RAD_MONO_EPD5,R6_LB_AL2395_B0_RAD_EPD5,LB_AL2395,B0,RAD,5.0,MONO,-3.5,0.005331607696182564
R8_R6_LB_AL2395_B0_RAD_MONO_EPD5,R6_LB_AL2395_B0_RAD_EPD5,LB_AL2395,B0,RAD,5.0,MONO,-3.625,0.0005580827740404465
R8_R6_LB_AL2395_B0_RAD_MONO_EPD5,R6_LB_AL2395_B0_RAD_EPD5,LB_AL2395,B0,RAD,5.0,MONO,-3.75,0.0028938567639685254
R8_R6_LB_AL2395_B0_RAD_MONO_EPD5,R6_LB_AL2395_B0_RAD_EPD5,LB_AL2395,B0,RAD,5.0,MONO,-3.875,0.004666086741366575
R8_R6_LB_AL2395_B0_RAD_MONO_EPD5,R6_LB_AL2395_B0_RAD_EPD5,LB_AL2395,B0,RAD,5.0,MONO,-4.0,0.0061997151596043885
R8_R6_LB_AL2395_B0_RAD_MONO_EPD5,R6_LB_AL2395_B0_RAD_EPD5,LB_AL2395,B0,RAD,5.0,MONO,-4.125,0.0076978326888595345
R8_R6_LB_AL2395_B0_RAD_MONO_EPD5,R6_LB_AL2395_B0_RAD_EPD5,LB_AL2395,B0,RAD,5.0,MONO,-4.25,0.007887445821231479
R8_R6_LB_AL2395_B0_RAD_MONO_EPD5,R6_LB_AL2395_B0_RAD_EPD5,LB_AL2395,B0,RAD,5.0,MONO,-4.375,0.007741851696752647
R8_R6_LB_AL2395_B0_RAD_MONO_EPD5,R6_LB_AL2395_B0_RAD_EPD5,LB_AL2395,B0,RAD,5.0,MONO,-4.5,0.006998081858079959
R8_R6_LB_AL2395_B0_RAD_MONO_EPD5,R6_LB_AL2395_B0_RAD_EPD5,LB_AL2395,B0,RAD,5.0,MONO,-4.625,0.0074468457381444385
R8_R6_LB_AL2395_B0_RAD_MONO_EPD5,R6_LB_AL2395_B0_RAD_EPD5,LB_AL2395,B0,RAD,5.0,MONO,-4.75,0.006849432528165731
R8_R6_LB_AL2395_B0_RAD_MONO_EPD5,R6_LB_AL2395_B0_RAD_EPD5,LB_AL2395,B0,RAD,5.0,MONO,-4.875,0.005870916461340887
R8_R6_LB_AL2395_B0_RAD_MONO_EPD5,R6_LB_AL2395_B0_RAD_EPD5,LB_AL2395,B0,RAD,5.0,MONO,-5.0,0.005359629008123893
R8_R6_LB_AL2395_B0_RAD_EDOF_EPD5,R6_LB_AL2395_B0_RAD_EPD5,LB_AL2395,B0,RAD,5.0,EDOF,1.0,0.05902174298442846
R8_R6_LB_AL2395_B0_RAD_EDOF_EPD5,R6_LB_AL2395_B0_RAD_EPD5,LB_AL2395,B0,RAD,5.0,EDOF,0.875,0.10473112868278645
R8_R6_LB_AL2395_B0_RAD_EDOF_EPD5,R6_LB_AL2395_B0_RAD_EPD5,LB_AL2395,B0,RAD,5.0,EDOF,0.75,0.079076357222249
R8_R6_LB_AL2395_B0_RAD_EDOF_EPD5,R6_LB_AL2395_B0_RAD_EPD5,LB_AL2395,B0,RAD,5.0,EDOF,0.625,0.025841646961450866
R8_R6_LB_AL2395_B0_RAD_EDOF_EPD5,R6_LB_AL2395_B0_RAD_EPD5,LB_AL2395,B0,RAD,5.0,EDOF,0.5,0.02630093275169194
R8_R6_LB_AL2395_B0_RAD_EDOF_EPD5,R6_LB_AL2395_B0_RAD_EPD5,LB_AL2395,B0,RAD,5.0,EDOF,0.375,0.09112536413869479
R8_R6_LB_AL2395_B0_RAD_EDOF_EPD5,R6_LB_AL2395_B0_RAD_EPD5,LB_AL2395,B0,RAD,5.0,EDOF,0.25,0.10531300937461686
R8_R6_LB_AL2395_B0_RAD_EDOF_EPD5,R6_LB_AL2395_B0_RAD_EPD5,LB_AL2395,B0,RAD,5.0,EDOF,0.125,0.0568733685947383
R8_R6_LB_AL2395_B0_RAD_EDOF_EPD5,R6_LB_AL2395_B0_RAD_EPD5,LB_AL2395,B0,RAD,5.0,EDOF,0.0,0.02446163861698628
R8_R6_LB_AL2395_B0_RAD_EDOF_EPD5,R6_LB_AL2395_B0_RAD_EPD5,LB_AL2395,B0,RAD,5.0,EDOF,-0.125,0.04675170048442641
R8_R6_LB_AL2395_B0_RAD_EDOF_EPD5,R6_LB_AL2395_B0_RAD_EPD5,LB_AL2395,B0,RAD,5.0,EDOF,-0.25,0.023079583762247193
R8_R6_LB_AL2395_B0_RAD_EDOF_EPD5,R6_LB_AL2395_B0_RAD_EPD5,LB_AL2395,B0,RAD,5.0,EDOF,-0.375,0.05122622906056319
R8_R6_LB_AL2395_B0_RAD_EDOF_EPD5,R6_LB_AL2395_B0_RAD_EPD5,LB_AL2395,B0,RAD,5.0,EDOF,-0.5,0.015438834864826046
R8_R6_LB_AL2395_B0_RAD_EDOF_EPD5,R6_LB_AL2395_B0_RAD_EPD5,LB_AL2395,B0,RAD,5.0,EDOF,-0.625,0.0432778365029363
R8_R6_LB_AL2395_B0_RAD_EDOF_EPD5,R6_LB_AL2395_B0_RAD_EPD5,LB_AL2395,B0,RAD,5.0,EDOF,-0.75,0.0835176420562827
R8_R6_LB_AL2395_B0_RAD_EDOF_EPD5,R6_LB_AL2395_B0_RAD_EPD5,LB_AL2395,B0,RAD,5.0,EDOF,-0.875,0.05665337371469933
R8_R6_LB_AL2395_B0_RAD_EDOF_EPD5,R6_LB_AL2395_B0_RAD_EPD5,LB_AL2395,B0,RAD,5.0,EDOF,-1.0,0.023397123061074665
R8_R6_LB_AL2395_B0_RAD_EDOF_EPD5,R6_LB_AL2395_B0_RAD_EPD5,LB_AL2395,B0,RAD,5.0,EDOF,-1.125,0.0367326737009792
R8_R6_LB_AL2395_B0_RAD_EDOF_EPD5,R6_LB_AL2395_B0_RAD_EPD5,LB_AL2395,B0,RAD,5.0,EDOF,-1.25,0.04911119180140984
R8_R6_LB_AL2395_B0_RAD_EDOF_EPD5,R6_LB_AL2395_B0_RAD_EPD5,LB_AL2395,B0,RAD,5.0,EDOF,-1.375,0.03246835607385633
R8_R6_LB_AL2395_B0_RAD_EDOF_EPD5,R6_LB_AL2395_B0_RAD_EPD5,LB_AL2395,B0,RAD,5.0,EDOF,-1.5,0.018157593882278996
R8_R6_LB_AL2395_B0_RAD_EDOF_EPD5,R6_LB_AL2395_B0_RAD_EPD5,LB_AL2395,B0,RAD,5.0,EDOF,-1.625,0.053715637415944754
R8_R6_LB_AL2395_B0_RAD_EDOF_EPD5,R6_LB_AL2395_B0_RAD_EPD5,LB_AL2395,B0,RAD,5.0,EDOF,-1.75,0.01666768910411354
R8_R6_LB_AL2395_B0_RAD_EDOF_EPD5,R6_LB_AL2395_B0_RAD_EPD5,LB_AL2395,B0,RAD,5.0,EDOF,-1.875,0.0005745765622994948
R8_R6_LB_AL2395_B0_RAD_EDOF_EPD5,R6_LB_AL2395_B0_RAD_EPD5,LB_AL2395,B0,RAD,5.0,EDOF,-2.0,0.013622278601657718
R8_R6_LB_AL2395_B0_RAD_EDOF_EPD5,R6_LB_AL2395_B0_RAD_EPD5,LB_AL2395,B0,RAD,5.0,EDOF,-2.125,0.0016739723441498626
R8_R6_LB_AL2395_B0_RAD_EDOF_EPD5,R6_LB_AL2395_B0_RAD_EPD5,LB_AL2395,B0,RAD,5.0,EDOF,-2.25,0.013218243869224365
R8_R6_LB_AL2395_B0_RAD_EDOF_EPD5,R6_LB_AL2395_B0_RAD_EPD5,LB_AL2395,B0,RAD,5.0,EDOF,-2.375,0.01128861986908784
R8_R6_LB_AL2395_B0_RAD_EDOF_EPD5,R6_LB_AL2395_B0_RAD_EPD5,LB_AL2395,B0,RAD,5.0,EDOF,-2.5,0.000966531025124533
R8_R6_LB_AL2395_B0_RAD_EDOF_EPD5,R6_LB_AL2395_B0_RAD_EPD5,LB_AL2395,B0,RAD,5.0,EDOF,-2.625,0.007852744847848966
R8_R6_LB_AL2395_B0_RAD_EDOF_EPD5,R6_LB_AL2395_B0_RAD_EPD5,LB_AL2395,B0,RAD,5.0,EDOF,-2.75,0.001388288425308063
R8_R6_LB_AL2395_B0_RAD_EDOF_EPD5,R6_LB_AL2395_B0_RAD_EPD5,LB_AL2395,B0,RAD,5.0,EDOF,-2.875,0.009042115115044623
R8_R6_LB_AL2395_B0_RAD_EDOF_EPD5,R6_LB_AL2395_B0_RAD_EPD5,LB_AL2395,B0,RAD,5.0,EDOF,-3.0,0.0044947890129331544
R8_R6_LB_AL2395_B0_RAD_EDOF_EPD5,R6_LB_AL2395_B0_RAD_EPD5,LB_AL2395,B0,RAD,5.0,EDOF,-3.125,0.001772763745431309
R8_R6_LB_AL2395_B0_RAD_EDOF_EPD5,R6_LB_AL2395_B0_RAD_EPD5,LB_AL2395,B0,RAD,5.0,EDOF,-3.25,0.0069043600493806905
R8_R6_LB_AL2395_B0_RAD_EDOF_EPD5,R6_LB_AL2395_B0_RAD_EPD5,LB_AL2395,B0,RAD,5.0,EDOF,-3.375,0.001826243367919006
R8_R6_LB_AL2395_B0_RAD_EDOF_EPD5,R6_LB_AL2395_B0_RAD_EPD5,LB_AL2395,B0,RAD,5.0,EDOF,-3.5,0.00488256082342239
R8_R6_LB_AL2395_B0_RAD_EDOF_EPD5,R6_LB_AL2395_B0_RAD_EPD5,LB_AL2395,B0,RAD,5.0,EDOF,-3.625,0.01252723453427873
R8_R6_LB_AL2395_B0_RAD_EDOF_EPD5,R6_LB_AL2395_B0_RAD_EPD5,LB_AL2395,B0,RAD,5.0,EDOF,-3.75,0.0054916608752257744
R8_R6_LB_AL2395_B0_RAD_EDOF_EPD5,R6_LB_AL2395_B0_RAD_EPD5,LB_AL2395,B0,RAD,5.0,EDOF,-3.875,0.021867467647460285
R8_R6_LB_AL2395_B0_RAD_EDOF_EPD5,R6_LB_AL2395_B0_RAD_EPD5,LB_AL2395,B0,RAD,5.0,EDOF,-4.0,0.010740261741531967
R8_R6_LB_AL2395_B0_RAD_EDOF_EPD5,R6_LB_AL2395_B0_RAD_EPD5,LB_AL2395,B0,RAD,5.0,EDOF,-4.125,0.006617391542846397
R8_R6_LB_AL2395_B0_RAD_EDOF_EPD5,R6_LB_AL2395_B0_RAD_EPD5,LB_AL2395,B0,RAD,5.0,EDOF,-4.25,0.0038725940148767366
R8_R6_LB_AL2395_B0_RAD_EDOF_EPD5,R6_LB_AL2395_B0_RAD_EPD5,LB_AL2395,B0,RAD,5.0,EDOF,-4.375,0.006288623089798493
R8_R6_LB_AL2395_B0_RAD_EDOF_EPD5,R6_LB_AL2395_B0_RAD_EPD5,LB_AL2395,B0,RAD,5.0,EDOF,-4.5,0.020670172856024956
R8_R6_LB_AL2395_B0_RAD_EDOF_EPD5,R6_LB_AL2395_B0_RAD_EPD5,LB_AL2395,B0,RAD,5.0,EDOF,-4.625,0.0069107253748950034
R8_R6_LB_AL2395_B0_RAD_EDOF_EPD5,R6_LB_AL2395_B0_RAD_EPD5,LB_AL2395,B0,RAD,5.0,EDOF,-4.75,0.01896780083885981
R8_R6_LB_AL2395_B0_RAD_EDOF_EPD5,R6_LB_AL2395_B0_RAD_EPD5,LB_AL2395,B0,RAD,5.0,EDOF,-4.875,0.022705768128319957
R8_R6_LB_AL2395_B0_RAD_EDOF_EPD5,R6_LB_AL2395_B0_RAD_EPD5,LB_AL2395,B0,RAD,5.0,EDOF,-5.0,0.010628612588133468
R8_R6_LB_AL2395_B0_HOA_MONO_EPD3,R6_LB_AL2395_B0_HOA_EPD3,LB_AL2395,B0,HOA,3.0,MONO,1.0,0.018396889709379076
R8_R6_LB_AL2395_B0_HOA_MONO_EPD3,R6_LB_AL2395_B0_HOA_EPD3,LB_AL2395,B0,HOA,3.0,MONO,0.875,0.013638062751825292
R8_R6_LB_AL2395_B0_HOA_MONO_EPD3,R6_LB_AL2395_B0_HOA_EPD3,LB_AL2395,B0,HOA,3.0,MONO,0.75,0.028262687103873595
R8_R6_LB_AL2395_B0_HOA_MONO_EPD3,R6_LB_AL2395_B0_HOA_EPD3,LB_AL2395,B0,HOA,3.0,MONO,0.625,0.09008857028122984
R8_R6_LB_AL2395_B0_HOA_MONO_EPD3,R6_LB_AL2395_B0_HOA_EPD3,LB_AL2395,B0,HOA,3.0,MONO,0.5,0.16237967987551227
R8_R6_LB_AL2395_B0_HOA_MONO_EPD3,R6_LB_AL2395_B0_HOA_EPD3,LB_AL2395,B0,HOA,3.0,MONO,0.375,0.2059925094480052
R8_R6_LB_AL2395_B0_HOA_MONO_EPD3,R6_LB_AL2395_B0_HOA_EPD3,LB_AL2395,B0,HOA,3.0,MONO,0.25,0.2485746214551351
R8_R6_LB_AL2395_B0_HOA_MONO_EPD3,R6_LB_AL2395_B0_HOA_EPD3,LB_AL2395,B0,HOA,3.0,MONO,0.125,0.30752878312184817
R8_R6_LB_AL2395_B0_HOA_MONO_EPD3,R6_LB_AL2395_B0_HOA_EPD3,LB_AL2395,B0,HOA,3.0,MONO,0.0,0.30153973574376
R8_R6_LB_AL2395_B0_HOA_MONO_EPD3,R6_LB_AL2395_B0_HOA_EPD3,LB_AL2395,B0,HOA,3.0,MONO,-0.125,0.1618012050924559
R8_R6_LB_AL2395_B0_HOA_MONO_EPD3,R6_LB_AL2395_B0_HOA_EPD3,LB_AL2395,B0,HOA,3.0,MONO,-0.25,0.007844369346571314
R8_R6_LB_AL2395_B0_HOA_MONO_EPD3,R6_LB_AL2395_B0_HOA_EPD3,LB_AL2395,B0,HOA,3.0,MONO,-0.375,0.033812286467896996
R8_R6_LB_AL2395_B0_HOA_MONO_EPD3,R6_LB_AL2395_B0_HOA_EPD3,LB_AL2395,B0,HOA,3.0,MONO,-0.5,0.07140438842657121
R8_R6_LB_AL2395_B0_HOA_MONO_EPD3,R6_LB_AL2395_B0_HOA_EPD3,LB_AL2395,B0,HOA,3.0,MONO,-0.625,0.11911441368767288
R8_R6_LB_AL2395_B0_HOA_MONO_EPD3,R6_LB_AL2395_B0_HOA_EPD3,LB_AL2395,B0,HOA,3.0,MONO,-0.75,0.030970639579636125
R8_R6_LB_AL2395_B0_HOA_MONO_EPD3,R6_LB_AL2395_B0_HOA_EPD3,LB_AL2395,B0,HOA,3.0,MONO,-0.875,0.05574339200995819
R8_R6_LB_AL2395_B0_HOA_MONO_EPD3,R6_LB_AL2395_B0_HOA_EPD3,LB_AL2395,B0,HOA,3.0,MONO,-1.0,0.025255644995521777
R8_R6_LB_AL2395_B0_HOA_MONO_EPD3,R6_LB_AL2395_B0_HOA_EPD3,LB_AL2395,B0,HOA,3.0,MONO,-1.125,0.04286816612062979
R8_R6_LB_AL2395_B0_HOA_MONO_EPD3,R6_LB_AL2395_B0_HOA_EPD3,LB_AL2395,B0,HOA,3.0,MONO,-1.25,0.032400875336810325
R8_R6_LB_AL2395_B0_HOA_MONO_EPD3,R6_LB_AL2395_B0_HOA_EPD3,LB_AL2395,B0,HOA,3.0,MONO,-1.375,0.02123127258708374
R8_R6_LB_AL2395_B0_HOA_MONO_EPD3,R6_LB_AL2395_B0_HOA_EPD3,LB_AL2395,B0,HOA,3.0,MONO,-1.5,0.022059734385744465
R8_R6_LB_AL2395_B0_HOA_MONO_EPD3,R6_LB_AL2395_B0_HOA_EPD3,LB_AL2395,B0,HOA,3.0,MONO,-1.625,0.016390417533167997
R8_R6_LB_AL2395_B0_HOA_MONO_EPD3,R6_LB_AL2395_B0_HOA_EPD3,LB_AL2395,B0,HOA,3.0,MONO,-1.75,0.01909475670837579
R8_R6_LB_AL2395_B0_HOA_MONO_EPD3,R6_LB_AL2395_B0_HOA_EPD3,LB_AL2395,B0,HOA,3.0,MONO,-1.875,0.009553349092386103
R8_R6_LB_AL2395_B0_HOA_MONO_EPD3,R6_LB_AL2395_B0_HOA_EPD3,LB_AL2395,B0,HOA,3.0,MONO,-2.0,0.011850540246976637
R8_R6_LB_AL2395_B0_HOA_MONO_EPD3,R6_LB_AL2395_B0_HOA_EPD3,LB_AL2395,B0,HOA,3.0,MONO,-2.125,0.009789506636851927
R8_R6_LB_AL2395_B0_HOA_MONO_EPD3,R6_LB_AL2395_B0_HOA_EPD3,LB_AL2395,B0,HOA,3.0,MONO,-2.25,0.010018566904235091
R8_R6_LB_AL2395_B0_HOA_MONO_EPD3,R6_LB_AL2395_B0_HOA_EPD3,LB_AL2395,B0,HOA,3.0,MONO,-2.375,0.008094112740345112
R8_R6_LB_AL2395_B0_HOA_MONO_EPD3,R6_LB_AL2395_B0_HOA_EPD3,LB_AL2395,B0,HOA,3.0,MONO,-2.5,0.00774390173024766
R8_R6_LB_AL2395_B0_HOA_MONO_EPD3,R6_LB_AL2395_B0_HOA_EPD3,LB_AL2395,B0,HOA,3.0,MONO,-2.625,0.00708943950931583
R8_R6_LB_AL2395_B0_HOA_MONO_EPD3,R6_LB_AL2395_B0_HOA_EPD3,LB_AL2395,B0,HOA,3.0,MONO,-2.75,0.006206260127219052
R8_R6_LB_AL2395_B0_HOA_MONO_EPD3,R6_LB_AL2395_B0_HOA_EPD3,LB_AL2395,B0,HOA,3.0,MONO,-2.875,0.0056475326227727485
R8_R6_LB_AL2395_B0_HOA_MONO_EPD3,R6_LB_AL2395_B0_HOA_EPD3,LB_AL2395,B0,HOA,3.0,MONO,-3.0,0.004063983490593885
R8_R6_LB_AL2395_B0_HOA_MONO_EPD3,R6_LB_AL2395_B0_HOA_EPD3,LB_AL2395,B0,HOA,3.0,MONO,-3.125,0.005157858591385106
R8_R6_LB_AL2395_B0_HOA_MONO_EPD3,R6_LB_AL2395_B0_HOA_EPD3,LB_AL2395,B0,HOA,3.0,MONO,-3.25,0.0026078381732794593
R8_R6_LB_AL2395_B0_HOA_MONO_EPD3,R6_LB_AL2395_B0_HOA_EPD3,LB_AL2395,B0,HOA,3.0,MONO,-3.375,0.004567449781254
R8_R6_LB_AL2395_B0_HOA_MONO_EPD3,R6_LB_AL2395_B0_HOA_EPD3,LB_AL2395,B0,HOA,3.0,MONO,-3.5,0.0009787519613246934
R8_R6_LB_AL2395_B0_HOA_MONO_EPD3,R6_LB_AL2395_B0_HOA_EPD3,LB_AL2395,B0,HOA,3.0,MONO,-3.625,0.004954148886606504
R8_R6_LB_AL2395_B0_HOA_MONO_EPD3,R6_LB_AL2395_B0_HOA_EPD3,LB_AL2395,B0,HOA,3.0,MONO,-3.75,0.0008903966183712374
R8_R6_LB_AL2395_B0_HOA_MONO_EPD3,R6_LB_AL2395_B0_HOA_EPD3,LB_AL2395,B0,HOA,3.0,MONO,-3.875,0.00415414057980978
R8_R6_LB_AL2395_B0_HOA_MONO_EPD3,R6_LB_AL2395_B0_HOA_EPD3,LB_AL2395,B0,HOA,3.0,MONO,-4.0,0.0005562947249682167
R8_R6_LB_AL2395_B0_HOA_MONO_EPD3,R6_LB_AL2395_B0_HOA_EPD3,LB_AL2395,B0,HOA,3.0,MONO,-4.125,0.0027531157072325924
R8_R6_LB_AL2395_B0_HOA_MONO_EPD3,R6_LB_AL2395_B0_HOA_EPD3,LB_AL2395,B0,HOA,3.0,MONO,-4.25,0.000776091084892632
R8_R6_LB_AL2395_B0_HOA_MONO_EPD3,R6_LB_AL2395_B0_HOA_EPD3,LB_AL2395,B0,HOA,3.0,MONO,-4.375,0.0021313978123744543
R8_R6_LB_AL2395_B0_HOA_MONO_EPD3,R6_LB_AL2395_B0_HOA_EPD3,LB_AL2395,B0,HOA,3.0,MONO,-4.5,0.002251389334746935
R8_R6_LB_AL2395_B0_HOA_MONO_EPD3,R6_LB_AL2395_B0_HOA_EPD3,LB_AL2395,B0,HOA,3.0,MONO,-4.625,0.002840363072776371
R8_R6_LB_AL2395_B0_HOA_MONO_EPD3,R6_LB_AL2395_B0_HOA_EPD3,LB_AL2395,B0,HOA,3.0,MONO,-4.75,0.0018550658084484977
R8_R6_LB_AL2395_B0_HOA_MONO_EPD3,R6_LB_AL2395_B0_HOA_EPD3,LB_AL2395,B0,HOA,3.0,MONO,-4.875,0.002153757423620899
R8_R6_LB_AL2395_B0_HOA_MONO_EPD3,R6_LB_AL2395_B0_HOA_EPD3,LB_AL2395,B0,HOA,3.0,MONO,-5.0,0.0020188507429077466
R8_R6_LB_AL2395_B0_HOA_EDOF_EPD3,R6_LB_AL2395_B0_HOA_EPD3,LB_AL2395,B0,HOA,3.0,EDOF,1.0,0.03390518649907191
R8_R6_LB_AL2395_B0_HOA_EDOF_EPD3,R6_LB_AL2395_B0_HOA_EPD3,LB_AL2395,B0,HOA,3.0,EDOF,0.875,0.0433502109660531
R8_R6_LB_AL2395_B0_HOA_EDOF_EPD3,R6_LB_AL2395_B0_HOA_EPD3,LB_AL2395,B0,HOA,3.0,EDOF,0.75,0.011635799064033244
R8_R6_LB_AL2395_B0_HOA_EDOF_EPD3,R6_LB_AL2395_B0_HOA_EPD3,LB_AL2395,B0,HOA,3.0,EDOF,0.625,0.006248866707430943
R8_R6_LB_AL2395_B0_HOA_EDOF_EPD3,R6_LB_AL2395_B0_HOA_EPD3,LB_AL2395,B0,HOA,3.0,EDOF,0.5,0.01626702272304295
R8_R6_LB_AL2395_B0_HOA_EDOF_EPD3,R6_LB_AL2395_B0_HOA_EPD3,LB_AL2395,B0,HOA,3.0,EDOF,0.375,0.025862737396677066
R8_R6_LB_AL2395_B0_HOA_EDOF_EPD3,R6_LB_AL2395_B0_HOA_EPD3,LB_AL2395,B0,HOA,3.0,EDOF,0.25,0.009034591217576427
R8_R6_LB_AL2395_B0_HOA_EDOF_EPD3,R6_LB_AL2395_B0_HOA_EPD3,LB_AL2395,B0,HOA,3.0,EDOF,0.125,0.017658718981899038
R8_R6_LB_AL2395_B0_HOA_EDOF_EPD3,R6_LB_AL2395_B0_HOA_EPD3,LB_AL2395,B0,HOA,3.0,EDOF,0.0,0.06315100464707064
R8_R6_LB_AL2395_B0_HOA_EDOF_EPD3,R6_LB_AL2395_B0_HOA_EPD3,LB_AL2395,B0,HOA,3.0,EDOF,-0.125,0.16003741989540712
R8_R6_LB_AL2395_B0_HOA_EDOF_EPD3,R6_LB_AL2395_B0_HOA_EPD3,LB_AL2395,B0,HOA,3.0,EDOF,-0.25,0.15640746163400313
R8_R6_LB_AL2395_B0_HOA_EDOF_EPD3,R6_LB_AL2395_B0_HOA_EPD3,LB_AL2395,B0,HOA,3.0,EDOF,-0.375,0.07249340689300296
R8_R6_LB_AL2395_B0_HOA_EDOF_EPD3,R6_LB_AL2395_B0_HOA_EPD3,LB_AL2395,B0,HOA,3.0,EDOF,-0.5,0.028324500113505013
R8_R6_LB_AL2395_B0_HOA_EDOF_EPD3,R6_LB_AL2395_B0_HOA_EPD3,LB_AL2395,B0,HOA,3.0,EDOF,-0.625,0.05169967085968438
R8_R6_LB_AL2395_B0_HOA_EDOF_EPD3,R6_LB_AL2395_B0_HOA_EPD3,LB_AL2395,B0,HOA,3.0,EDOF,-0.75,0.05697138958280268
R8_R6_LB_AL2395_B0_HOA_EDOF_EPD3,R6_LB_AL2395_B0_HOA_EPD3,LB_AL2395,B0,HOA,3.0,EDOF,-0.875,0.012343144225503937
R8_R6_LB_AL2395_B0_HOA_EDOF_EPD3,R6_LB_AL2395_B0_HOA_EPD3,LB_AL2395,B0,HOA,3.0,EDOF,-1.0,0.009658725173838364
R8_R6_LB_AL2395_B0_HOA_EDOF_EPD3,R6_LB_AL2395_B0_HOA_EPD3,LB_AL2395,B0,HOA,3.0,EDOF,-1.125,0.027465719851783192
R8_R6_LB_AL2395_B0_HOA_EDOF_EPD3,R6_LB_AL2395_B0_HOA_EPD3,LB_AL2395,B0,HOA,3.0,EDOF,-1.25,0.05885834607100319
R8_R6_LB_AL2395_B0_HOA_EDOF_EPD3,R6_LB_AL2395_B0_HOA_EPD3,LB_AL2395,B0,HOA,3.0,EDOF,-1.375,0.03543471818230032
R8_R6_LB_AL2395_B0_HOA_EDOF_EPD3,R6_LB_AL2395_B0_HOA_EPD3,LB_AL2395,B0,HOA,3.0,EDOF,-1.5,0.00021227824805804214
R8_R6_LB_AL2395_B0_HOA_EDOF_EPD3,R6_LB_AL2395_B0_HOA_EPD3,LB_AL2395,B0,HOA,3.0,EDOF,-1.625,0.0007033659425212945
R8_R6_LB_AL2395_B0_HOA_EDOF_EPD3,R6_LB_AL2395_B0_HOA_EPD3,LB_AL2395,B0,HOA,3.0,EDOF,-1.75,0.015052635543195792
R8_R6_LB_AL2395_B0_HOA_EDOF_EPD3,R6_LB_AL2395_B0_HOA_EPD3,LB_AL2395,B0,HOA,3.0,EDOF,-1.875,0.012330913632331467
R8_R6_LB_AL2395_B0_HOA_EDOF_EPD3,R6_LB_AL2395_B0_HOA_EPD3,LB_AL2395,B0,HOA,3.0,EDOF,-2.0,0.009502755451975717
R8_R6_LB_AL2395_B0_HOA_EDOF_EPD3,R6_LB_AL2395_B0_HOA_EPD3,LB_AL2395,B0,HOA,3.0,EDOF,-2.125,0.023731392707349364
R8_R6_LB_AL2395_B0_HOA_EDOF_EPD3,R6_LB_AL2395_B0_HOA_EPD3,LB_AL2395,B0,HOA,3.0,EDOF,-2.25,0.032964751645085194
R8_R6_LB_AL2395_B0_HOA_EDOF_EPD3,R6_LB_AL2395_B0_HOA_EPD3,LB_AL2395,B0,HOA,3.0,EDOF,-2.375,0.02143217643296697
R8_R6_LB_AL2395_B0_HOA_EDOF_EPD3,R6_LB_AL2395_B0_HOA_EPD3,LB_AL2395,B0,HOA,3.0,EDOF,-2.5,0.010769814724488633
R8_R6_LB_AL2395_B0_HOA_EDOF_EPD3,R6_LB_AL2395_B0_HOA_EPD3,LB_AL2395,B0,HOA,3.0,EDOF,-2.625,0.014966332710183038
R8_R6_LB_AL2395_B0_HOA_EDOF_EPD3,R6_LB_AL2395_B0_HOA_EPD3,LB_AL2395,B0,HOA,3.0,EDOF,-2.75,0.014918980576999861
R8_R6_LB_AL2395_B0_HOA_EDOF_EPD3,R6_LB_AL2395_B0_HOA_EPD3,LB_AL2395,B0,HOA,3.0,EDOF,-2.875,0.00035497998590893094
R8_R6_LB_AL2395_B0_HOA_EDOF_EPD3,R6_LB_AL2395_B0_HOA_EPD3,LB_AL2395,B0,HOA,3.0,EDOF,-3.0,0.009314580223108304
R8_R6_LB_AL2395_B0_HOA_EDOF_EPD3,R6_LB_AL2395_B0_HOA_EPD3,LB_AL2395,B0,HOA,3.0,EDOF,-3.125,0.0031275611041676216
R8_R6_LB_AL2395_B0_HOA_EDOF_EPD3,R6_LB_AL2395_B0_HOA_EPD3,LB_AL2395,B0,HOA,3.0,EDOF,-3.25,0.0038250638552027125
R8_R6_LB_AL2395_B0_HOA_EDOF_EPD3,R6_LB_AL2395_B0_HOA_EPD3,LB_AL2395,B0,HOA,3.0,EDOF,-3.375,0.003892071374338505
R8_R6_LB_AL2395_B0_HOA_EDOF_EPD3,R6_LB_AL2395_B0_HOA_EPD3,LB_AL2395,B0,HOA,3.0,EDOF,-3.5,0.008101101181953202
R8_R6_LB_AL2395_B0_HOA_EDOF_EPD3,R6_LB_AL2395_B0_HOA_EPD3,LB_AL2395,B0,HOA,3.0,EDOF,-3.625,0.017435123917086084
R8_R6_LB_AL2395_B0_HOA_EDOF_EPD3,R6_LB_AL2395_B0_HOA_EPD3,LB_AL2395,B0,HOA,3.0,EDOF,-3.75,0.019054689601130895
R8_R6_LB_AL2395_B0_HOA_EDOF_EPD3,R6_LB_AL2395_B0_HOA_EPD3,LB_AL2395,B0,HOA,3.0,EDOF,-3.875,0.013648384717349362
R8_R6_LB_AL2395_B0_HOA_EDOF_EPD3,R6_LB_AL2395_B0_HOA_EPD3,LB_AL2395,B0,HOA,3.0,EDOF,-4.0,0.014029752849958204
R8_R6_LB_AL2395_B0_HOA_EDOF_EPD3,R6_LB_AL2395_B0_HOA_EPD3,LB_AL2395,B0,HOA,3.0,EDOF,-4.125,0.018946786338023526
R8_R6_LB_AL2395_B0_HOA_EDOF_EPD3,R6_LB_AL2395_B0_HOA_EPD3,LB_AL2395,B0,HOA,3.0,EDOF,-4.25,0.017259319271655426
R8_R6_LB_AL2395_B0_HOA_EDOF_EPD3,R6_LB_AL2395_B0_HOA_EPD3,LB_AL2395,B0,HOA,3.0,EDOF,-4.375,0.012175832152134908
R8_R6_LB_AL2395_B0_HOA_EDOF_EPD3,R6_LB_AL2395_B0_HOA_EPD3,LB_AL2395,B0,HOA,3.0,EDOF,-4.5,0.014288169369141512
R8_R6_LB_AL2395_B0_HOA_EDOF_EPD3,R6_LB_AL2395_B0_HOA_EPD3,LB_AL2395,B0,HOA,3.0,EDOF,-4.625,0.019840884699743804
R8_R6_LB_AL2395_B0_HOA_EDOF_EPD3,R6_LB_AL2395_B0_HOA_EPD3,LB_AL2395,B0,HOA,3.0,EDOF,-4.75,0.01971759365304164
R8_R6_LB_AL2395_B0_HOA_EDOF_EPD3,R6_LB_AL2395_B0_HOA_EPD3,LB_AL2395,B0,HOA,3.0,EDOF,-4.875,0.017174496572647687
R8_R6_LB_AL2395_B0_HOA_EDOF_EPD3,R6_LB_AL2395_B0_HOA_EPD3,LB_AL2395,B0,HOA,3.0,EDOF,-5.0,0.018661499338294002
R8_R6_LB_AL2395_B0_HOA_MONO_EPD5,R6_LB_AL2395_B0_HOA_EPD5,LB_AL2395,B0,HOA,5.0,MONO,1.0,0.004905534898742801
R8_R6_LB_AL2395_B0_HOA_MONO_EPD5,R6_LB_AL2395_B0_HOA_EPD5,LB_AL2395,B0,HOA,5.0,MONO,0.875,0.006927914495944711
R8_R6_LB_AL2395_B0_HOA_MONO_EPD5,R6_LB_AL2395_B0_HOA_EPD5,LB_AL2395,B0,HOA,5.0,MONO,0.75,0.016942152378408553
R8_R6_LB_AL2395_B0_HOA_MONO_EPD5,R6_LB_AL2395_B0_HOA_EPD5,LB_AL2395,B0,HOA,5.0,MONO,0.625,0.02877033780233963
R8_R6_LB_AL2395_B0_HOA_MONO_EPD5,R6_LB_AL2395_B0_HOA_EPD5,LB_AL2395,B0,HOA,5.0,MONO,0.5,0.0553577805485966
R8_R6_LB_AL2395_B0_HOA_MONO_EPD5,R6_LB_AL2395_B0_HOA_EPD5,LB_AL2395,B0,HOA,5.0,MONO,0.375,0.07760883898865609
R8_R6_LB_AL2395_B0_HOA_MONO_EPD5,R6_LB_AL2395_B0_HOA_EPD5,LB_AL2395,B0,HOA,5.0,MONO,0.25,0.10435455150345514
R8_R6_LB_AL2395_B0_HOA_MONO_EPD5,R6_LB_AL2395_B0_HOA_EPD5,LB_AL2395,B0,HOA,5.0,MONO,0.125,0.10901325468678479
R8_R6_LB_AL2395_B0_HOA_MONO_EPD5,R6_LB_AL2395_B0_HOA_EPD5,LB_AL2395,B0,HOA,5.0,MONO,0.0,0.0913347901746791
R8_R6_LB_AL2395_B0_HOA_MONO_EPD5,R6_LB_AL2395_B0_HOA_EPD5,LB_AL2395,B0,HOA,5.0,MONO,-0.125,0.044809020313733405
R8_R6_LB_AL2395_B0_HOA_MONO_EPD5,R6_LB_AL2395_B0_HOA_EPD5,LB_AL2395,B0,HOA,5.0,MONO,-0.25,0.010233330315396876
R8_R6_LB_AL2395_B0_HOA_MONO_EPD5,R6_LB_AL2395_B0_HOA_EPD5,LB_AL2395,B0,HOA,5.0,MONO,-0.375,0.0013801876617682608
R8_R6_LB_AL2395_B0_HOA_MONO_EPD5,R6_LB_AL2395_B0_HOA_EPD5,LB_AL2395,B0,HOA,5.0,MONO,-0.5,0.03731809407343767
R8_R6_LB_AL2395_B0_HOA_MONO_EPD5,R6_LB_AL2395_B0_HOA_EPD5,LB_AL2395,B0,HOA,5.0,MONO,-0.625,0.06391106264849769
R8_R6_LB_AL2395_B0_HOA_MONO_EPD5,R6_LB_AL2395_B0_HOA_EPD5,LB_AL2395,B0,HOA,5.0,MONO,-0.75,0.05370918922871106
R8_R6_LB_AL2395_B0_HOA_MONO_EPD5,R6_LB_AL2395_B0_HOA_EPD5,LB_AL2395,B0,HOA,5.0,MONO,-0.875,0.008430681558293998
R8_R6_LB_AL2395_B0_HOA_MONO_EPD5,R6_LB_AL2395_B0_HOA_EPD5,LB_AL2395,B0,HOA,5.0,MONO,-1.0,0.004237709062186786
R8_R6_LB_AL2395_B0_HOA_MONO_EPD5,R6_LB_AL2395_B0_HOA_EPD5,LB_AL2395,B0,HOA,5.0,MONO,-1.125,0.040411109288769044
R8_R6_LB_AL2395_B0_HOA_MONO_EPD5,R6_LB_AL2395_B0_HOA_EPD5,LB_AL2395,B0,HOA,5.0,MONO,-1.25,0.049090906495590905
R8_R6_LB_AL2395_B0_HOA_MONO_EPD5,R6_LB_AL2395_B0_HOA_EPD5,LB_AL2395,B0,HOA,5.0,MONO,-1.375,0.021833161782489126
R8_R6_LB_AL2395_B0_HOA_MONO_EPD5,R6_LB_AL2395_B0_HOA_EPD5,LB_AL2395,B0,HOA,5.0,MONO,-1.5,0.0035525467991317965
R8_R6_LB_AL2395_B0_HOA_MONO_EPD5,R6_LB_AL2395_B0_HOA_EPD5,LB_AL2395,B0,HOA,5.0,MONO,-1.625,0.04008552645044446
R8_R6_LB_AL2395_B0_HOA_MONO_EPD5,R6_LB_AL2395_B0_HOA_EPD5,LB_AL2395,B0,HOA,5.0,MONO,-1.75,0.0434985657093552
R8_R6_LB_AL2395_B0_HOA_MONO_EPD5,R6_LB_AL2395_B0_HOA_EPD5,LB_AL2395,B0,HOA,5.0,MONO,-1.875,0.0026530869166472384
R8_R6_LB_AL2395_B0_HOA_MONO_EPD5,R6_LB_AL2395_B0_HOA_EPD5,LB_AL2395,B0,HOA,5.0,MONO,-2.0,0.007813367258519145
R8_R6_LB_AL2395_B0_HOA_MONO_EPD5,R6_LB_AL2395_B0_HOA_EPD5,LB_AL2395,B0,HOA,5.0,MONO,-2.125,0.045969970842165656
R8_R6_LB_AL2395_B0_HOA_MONO_EPD5,R6_LB_AL2395_B0_HOA_EPD5,LB_AL2395,B0,HOA,5.0,MONO,-2.25,0.020612517865255676
R8_R6_LB_AL2395_B0_HOA_MONO_EPD5,R6_LB_AL2395_B0_HOA_EPD5,LB_AL2395,B0,HOA,5.0,MONO,-2.375,0.011684994170166874
R8_R6_LB_AL2395_B0_HOA_MONO_EPD5,R6_LB_AL2395_B0_HOA_EPD5,LB_AL2395,B0,HOA,5.0,MONO,-2.5,0.037847625132697404
R8_R6_LB_AL2395_B0_HOA_MONO_EPD5,R6_LB_AL2395_B0_HOA_EPD5,LB_AL2395,B0,HOA,5.0,MONO,-2.625,0.014607920189587825
R8_R6_LB_AL2395_B0_HOA_MONO_EPD5,R6_LB_AL2395_B0_HOA_EPD5,LB_AL2395,B0,HOA,5.0,MONO,-2.75,0.007289673268295043
R8_R6_LB_AL2395_B0_HOA_MONO_EPD5,R6_LB_AL2395_B0_HOA_EPD5,LB_AL2395,B0,HOA,5.0,MONO,-2.875,0.02312563916353
R8_R6_LB_AL2395_B0_HOA_MONO_EPD5,R6_LB_AL2395_B0_HOA_EPD5,LB_AL2395,B0,HOA,5.0,MONO,-3.0,0.0001289854026953524
R8_R6_LB_AL2395_B0_HOA_MONO_EPD5,R6_LB_AL2395_B0_HOA_EPD5,LB_AL2395,B0,HOA,5.0,MONO,-3.125,0.007899605088636498
R8_R6_LB_AL2395_B0_HOA_MONO_EPD5,R6_LB_AL2395_B0_HOA_EPD5,LB_AL2395,B0,HOA,5.0,MONO,-3.25,0.015793077267454624
R8_R6_LB_AL2395_B0_HOA_MONO_EPD5,R6_LB_AL2395_B0_HOA_EPD5,LB_AL2395,B0,HOA,5.0,MONO,-3.375,0.008538654839586912
R8_R6_LB_AL2395_B0_HOA_MONO_EPD5,R6_LB_AL2395_B0_HOA_EPD5,LB_AL2395,B0,HOA,5.0,MONO,-3.5,0.001433694187855917
R8_R6_LB_AL2395_B0_HOA_MONO_EPD5,R6_LB_AL2395_B0_HOA_EPD5,LB_AL2395,B0,HOA,5.0,MONO,-3.625,0.011439194871645759
R8_R6_LB_AL2395_B0_HOA_MONO_EPD5,R6_LB_AL2395_B0_HOA_EPD5,LB_AL2395,B0,HOA,5.0,MONO,-3.75,0.013391215788615882
R8_R6_LB_AL2395_B0_HOA_MONO_EPD5,R6_LB_AL2395_B0_HOA_EPD5,LB_AL2395,B0,HOA,5.0,MONO,-3.875,0.012089702722570303
R8_R6_LB_AL2395_B0_HOA_MONO_EPD5,R6_LB_AL2395_B0_HOA_EPD5,LB_AL2395,B0,HOA,5.0,MONO,-4.0,0.006112641006242866
R8_R6_LB_AL2395_B0_HOA_MONO_EPD5,R6_LB_AL2395_B0_HOA_EPD5,LB_AL2395,B0,HOA,5.0,MONO,-4.125,0.0003327356355288481
R8_R6_LB_AL2395_B0_HOA_MONO_EPD5,R6_LB_AL2395_B0_HOA_EPD5,LB_AL2395,B0,HOA,5.0,MONO,-4.25,0.005988050953783573
R8_R6_LB_AL2395_B0_HOA_MONO_EPD5,R6_LB_AL2395_B0_HOA_EPD5,LB_AL2395,B0,HOA,5.0,MONO,-4.375,0.009157390534864952
R8_R6_LB_AL2395_B0_HOA_MONO_EPD5,R6_LB_AL2395_B0_HOA_EPD5,LB_AL2395,B0,HOA,5.0,MONO,-4.5,0.01071967247802813
R8_R6_LB_AL2395_B0_HOA_MONO_EPD5,R6_LB_AL2395_B0_HOA_EPD5,LB_AL2395,B0,HOA,5.0,MONO,-4.625,0.010825737146914755
R8_R6_LB_AL2395_B0_HOA_MONO_EPD5,R6_LB_AL2395_B0_HOA_EPD5,LB_AL2395,B0,HOA,5.0,MONO,-4.75,0.009499839314184626
R8_R6_LB_AL2395_B0_HOA_MONO_EPD5,R6_LB_AL2395_B0_HOA_EPD5,LB_AL2395,B0,HOA,5.0,MONO,-4.875,0.0052473947389448895
R8_R6_LB_AL2395_B0_HOA_MONO_EPD5,R6_LB_AL2395_B0_HOA_EPD5,LB_AL2395,B0,HOA,5.0,MONO,-5.0,0.00059676149321522
R8_R6_LB_AL2395_B0_HOA_EDOF_EPD5,R6_LB_AL2395_B0_HOA_EPD5,LB_AL2395,B0,HOA,5.0,EDOF,1.0,0.015640601293580206
R8_R6_LB_AL2395_B0_HOA_EDOF_EPD5,R6_LB_AL2395_B0_HOA_EPD5,LB_AL2395,B0,HOA,5.0,EDOF,0.875,0.01285696821556995
R8_R6_LB_AL2395_B0_HOA_EDOF_EPD5,R6_LB_AL2395_B0_HOA_EPD5,LB_AL2395,B0,HOA,5.0,EDOF,0.75,0.002152927210370583
R8_R6_LB_AL2395_B0_HOA_EDOF_EPD5,R6_LB_AL2395_B0_HOA_EPD5,LB_AL2395,B0,HOA,5.0,EDOF,0.625,0.0021483096060900472
R8_R6_LB_AL2395_B0_HOA_EDOF_EPD5,R6_LB_AL2395_B0_HOA_EPD5,LB_AL2395,B0,HOA,5.0,EDOF,0.5,0.01670307564247223
R8_R6_LB_AL2395_B0_HOA_EDOF_EPD5,R6_LB_AL2395_B0_HOA_EPD5,LB_AL2395,B0,HOA,5.0,EDOF,0.375,0.0012590155792629402
R8_R6_LB_AL2395_B0_HOA_EDOF_EPD5,R6_LB_AL2395_B0_HOA_EPD5,LB_AL2395,B0,HOA,5.0,EDOF,0.25,0.006863496371606759
R8_R6_LB_AL2395_B0_HOA_EDOF_EPD5,R6_LB_AL2395_B0_HOA_EPD5,LB_AL2395,B0,HOA,5.0,EDOF,0.125,0.0012280734311124195
R8_R6_LB_AL2395_B0_HOA_EDOF_EPD5,R6_LB_AL2395_B0_HOA_EPD5,LB_AL2395,B0,HOA,5.0,EDOF,0.0,0.013018303083844128
R8_R6_LB_AL2395_B0_HOA_EDOF_EPD5,R6_LB_AL2395_B0_HOA_EPD5,LB_AL2395,B0,HOA,5.0,EDOF,-0.125,0.040109342526712555
R8_R6_LB_AL2395_B0_HOA_EDOF_EPD5,R6_LB_AL2395_B0_HOA_EPD5,LB_AL2395,B0,HOA,5.0,EDOF,-0.25,0.06470484606933936
R8_R6_LB_AL2395_B0_HOA_EDOF_EPD5,R6_LB_AL2395_B0_HOA_EPD5,LB_AL2395,B0,HOA,5.0,EDOF,-0.375,0.031976039546962196
R8_R6_LB_AL2395_B0_HOA_EDOF_EPD5,R6_LB_AL2395_B0_HOA_EPD5,LB_AL2395,B0,HOA,5.0,EDOF,-0.5,0.03885967047768801
R8_R6_LB_AL2395_B0_HOA_EDOF_EPD5,R6_LB_AL2395_B0_HOA_EPD5,LB_AL2395,B0,HOA,5.0,EDOF,-0.625,0.06801306974027534
R8_R6_LB_AL2395_B0_HOA_EDOF_EPD5,R6_LB_AL2395_B0_HOA_EPD5,LB_AL2395,B0,HOA,5.0,EDOF,-0.75,0.03524580130207622
R8_R6_LB_AL2395_B0_HOA_EDOF_EPD5,R6_LB_AL2395_B0_HOA_EPD5,LB_AL2395,B0,HOA,5.0,EDOF,-0.875,0.0025647789575753786
R8_R6_LB_AL2395_B0_HOA_EDOF_EPD5,R6_LB_AL2395_B0_HOA_EPD5,LB_AL2395,B0,HOA,5.0,EDOF,-1.0,0.05325066841586774
R8_R6_LB_AL2395_B0_HOA_EDOF_EPD5,R6_LB_AL2395_B0_HOA_EPD5,LB_AL2395,B0,HOA,5.0,EDOF,-1.125,0.04886053491725948
R8_R6_LB_AL2395_B0_HOA_EDOF_EPD5,R6_LB_AL2395_B0_HOA_EPD5,LB_AL2395,B0,HOA,5.0,EDOF,-1.25,0.013763164642293399
R8_R6_LB_AL2395_B0_HOA_EDOF_EPD5,R6_LB_AL2395_B0_HOA_EPD5,LB_AL2395,B0,HOA,5.0,EDOF,-1.375,0.0496139748585868
R8_R6_LB_AL2395_B0_HOA_EDOF_EPD5,R6_LB_AL2395_B0_HOA_EPD5,LB_AL2395,B0,HOA,5.0,EDOF,-1.5,0.03322927922970077
R8_R6_LB_AL2395_B0_HOA_EDOF_EPD5,R6_LB_AL2395_B0_HOA_EPD5,LB_AL2395,B0,HOA,5.0,EDOF,-1.625,0.007883027137358974
R8_R6_LB_AL2395_B0_HOA_EDOF_EPD5,R6_LB_AL2395_B0_HOA_EPD5,LB_AL2395,B0,HOA,5.0,EDOF,-1.75,0.03638390327626284
R8_R6_LB_AL2395_B0_HOA_EDOF_EPD5,R6_LB_AL2395_B0_HOA_EPD5,LB_AL2395,B0,HOA,5.0,EDOF,-1.875,0.03935795906192489
R8_R6_LB_AL2395_B0_HOA_EDOF_EPD5,R6_LB_AL2395_B0_HOA_EPD5,LB_AL2395,B0,HOA,5.0,EDOF,-2.0,0.00042596396388684394
R8_R6_LB_AL2395_B0_HOA_EDOF_EPD5,R6_LB_AL2395_B0_HOA_EPD5,LB_AL2395,B0,HOA,5.0,EDOF,-2.125,0.031132236119892295
R8_R6_LB_AL2395_B0_HOA_EDOF_EPD5,R6_LB_AL2395_B0_HOA_EPD5,LB_AL2395,B0,HOA,5.0,EDOF,-2.25,0.05170376188165334
R8_R6_LB_AL2395_B0_HOA_EDOF_EPD5,R6_LB_AL2395_B0_HOA_EPD5,LB_AL2395,B0,HOA,5.0,EDOF,-2.375,0.02708025030089339
R8_R6_LB_AL2395_B0_HOA_EDOF_EPD5,R6_LB_AL2395_B0_HOA_EPD5,LB_AL2395,B0,HOA,5.0,EDOF,-2.5,0.026325930497244004
R8_R6_LB_AL2395_B0_HOA_EDOF_EPD5,R6_LB_AL2395_B0_HOA_EPD5,LB_AL2395,B0,HOA,5.0,EDOF,-2.625,0.02689193073337343
R8_R6_LB_AL2395_B0_HOA_EDOF_EPD5,R6_LB_AL2395_B0_HOA_EPD5,LB_AL2395,B0,HOA,5.0,EDOF,-2.75,0.006012003779318706
R8_R6_LB_AL2395_B0_HOA_EDOF_EPD5,R6_LB_AL2395_B0_HOA_EPD5,LB_AL2395,B0,HOA,5.0,EDOF,-2.875,0.013697913456435316
R8_R6_LB_AL2395_B0_HOA_EDOF_EPD5,R6_LB_AL2395_B0_HOA_EPD5,LB_AL2395,B0,HOA,5.0,EDOF,-3.0,0.0010539899950172391
R8_R6_LB_AL2395_B0_HOA_EDOF_EPD5,R6_LB_AL2395_B0_HOA_EPD5,LB_AL2395,B0,HOA,5.0,EDOF,-3.125,0.004863001880605738
R8_R6_LB_AL2395_B0_HOA_EDOF_EPD5,R6_LB_AL2395_B0_HOA_EPD5,LB_AL2395,B0,HOA,5.0,EDOF,-3.25,0.011737194575692398
R8_R6_LB_AL2395_B0_HOA_EDOF_EPD5,R6_LB_AL2395_B0_HOA_EPD5,LB_AL2395,B0,HOA,5.0,EDOF,-3.375,0.005505659019473285
R8_R6_LB_AL2395_B0_HOA_EDOF_EPD5,R6_LB_AL2395_B0_HOA_EPD5,LB_AL2395,B0,HOA,5.0,EDOF,-3.5,0.00048438245916582797
R8_R6_LB_AL2395_B0_HOA_EDOF_EPD5,R6_LB_AL2395_B0_HOA_EPD5,LB_AL2395,B0,HOA,5.0,EDOF,-3.625,0.012679825316608367
R8_R6_LB_AL2395_B0_HOA_EDOF_EPD5,R6_LB_AL2395_B0_HOA_EPD5,LB_AL2395,B0,HOA,5.0,EDOF,-3.75,0.0034768492615885505
R8_R6_LB_AL2395_B0_HOA_EDOF_EPD5,R6_LB_AL2395_B0_HOA_EPD5,LB_AL2395,B0,HOA,5.0,EDOF,-3.875,0.011451669064982968
R8_R6_LB_AL2395_B0_HOA_EDOF_EPD5,R6_LB_AL2395_B0_HOA_EPD5,LB_AL2395,B0,HOA,5.0,EDOF,-4.0,0.00048181992616886933
R8_R6_LB_AL2395_B0_HOA_EDOF_EPD5,R6_LB_AL2395_B0_HOA_EPD5,LB_AL2395,B0,HOA,5.0,EDOF,-4.125,0.01055072317129615
R8_R6_LB_AL2395_B0_HOA_EDOF_EPD5,R6_LB_AL2395_B0_HOA_EPD5,LB_AL2395,B0,HOA,5.0,EDOF,-4.25,0.001192661533595301
R8_R6_LB_AL2395_B0_HOA_EDOF_EPD5,R6_LB_AL2395_B0_HOA_EPD5,LB_AL2395,B0,HOA,5.0,EDOF,-4.375,0.0005409474208855436
R8_R6_LB_AL2395_B0_HOA_EDOF_EPD5,R6_LB_AL2395_B0_HOA_EPD5,LB_AL2395,B0,HOA,5.0,EDOF,-4.5,0.021466939609257142
R8_R6_LB_AL2395_B0_HOA_EDOF_EPD5,R6_LB_AL2395_B0_HOA_EPD5,LB_AL2395,B0,HOA,5.0,EDOF,-4.625,0.011964170164633463
R8_R6_LB_AL2395_B0_HOA_EDOF_EPD5,R6_LB_AL2395_B0_HOA_EPD5,LB_AL2395,B0,HOA,5.0,EDOF,-4.75,0.020076205967136905
R8_R6_LB_AL2395_B0_HOA_EDOF_EPD5,R6_LB_AL2395_B0_HOA_EPD5,LB_AL2395,B0,HOA,5.0,EDOF,-4.875,0.00578727092709496
R8_R6_LB_AL2395_B0_HOA_EDOF_EPD5,R6_LB_AL2395_B0_HOA_EPD5,LB_AL2395,B0,HOA,5.0,EDOF,-5.0,0.00450805846009006
R8_R6_LB_AL2395_C0_WFS_MONO_EPD3,R6_LB_AL2395_C0_WFS_EPD3,LB_AL2395,C0,WFS,3.0,MONO,1.0,0.007721693817491475
R8_R6_LB_AL2395_C0_WFS_MONO_EPD3,R6_LB_AL2395_C0_WFS_EPD3,LB_AL2395,C0,WFS,3.0,MONO,0.875,0.016782820470813732
R8_R6_LB_AL2395_C0_WFS_MONO_EPD3,R6_LB_AL2395_C0_WFS_EPD3,LB_AL2395,C0,WFS,3.0,MONO,0.75,0.0039551587316623334
R8_R6_LB_AL2395_C0_WFS_MONO_EPD3,R6_LB_AL2395_C0_WFS_EPD3,LB_AL2395,C0,WFS,3.0,MONO,0.625,0.031980313408345375
R8_R6_LB_AL2395_C0_WFS_MONO_EPD3,R6_LB_AL2395_C0_WFS_EPD3,LB_AL2395,C0,WFS,3.0,MONO,0.5,0.01634231201373942
R8_R6_LB_AL2395_C0_WFS_MONO_EPD3,R6_LB_AL2395_C0_WFS_EPD3,LB_AL2395,C0,WFS,3.0,MONO,0.375,0.0070561530312958035
R8_R6_LB_AL2395_C0_WFS_MONO_EPD3,R6_LB_AL2395_C0_WFS_EPD3,LB_AL2395,C0,WFS,3.0,MONO,0.25,0.1294232669767077
R8_R6_LB_AL2395_C0_WFS_MONO_EPD3,R6_LB_AL2395_C0_WFS_EPD3,LB_AL2395,C0,WFS,3.0,MONO,0.125,0.43056309391964703
R8_R6_LB_AL2395_C0_WFS_MONO_EPD3,R6_LB_AL2395_C0_WFS_EPD3,LB_AL2395,C0,WFS,3.0,MONO,0.0,0.6120800345417167
R8_R6_LB_AL2395_C0_WFS_MONO_EPD3,R6_LB_AL2395_C0_WFS_EPD3,LB_AL2395,C0,WFS,3.0,MONO,-0.125,0.4417994869722242
R8_R6_LB_AL2395_C0_WFS_MONO_EPD3,R6_LB_AL2395_C0_WFS_EPD3,LB_AL2395,C0,WFS,3.0,MONO,-0.25,0.08461116458384835
R8_R6_LB_AL2395_C0_WFS_MONO_EPD3,R6_LB_AL2395_C0_WFS_EPD3,LB_AL2395,C0,WFS,3.0,MONO,-0.375,0.10257829895748215
R8_R6_LB_AL2395_C0_WFS_MONO_EPD3,R6_LB_AL2395_C0_WFS_EPD3,LB_AL2395,C0,WFS,3.0,MONO,-0.5,0.03626674002311059
R8_R6_LB_AL2395_C0_WFS_MONO_EPD3,R6_LB_AL2395_C0_WFS_EPD3,LB_AL2395,C0,WFS,3.0,MONO,-0.625,0.05911139874412218
R8_R6_LB_AL2395_C0_WFS_MONO_EPD3,R6_LB_AL2395_C0_WFS_EPD3,LB_AL2395,C0,WFS,3.0,MONO,-0.75,0.03224955145998526
R8_R6_LB_AL2395_C0_WFS_MONO_EPD3,R6_LB_AL2395_C0_WFS_EPD3,LB_AL2395,C0,WFS,3.0,MONO,-0.875,0.027011488198337357
R8_R6_LB_AL2395_C0_WFS_MONO_EPD3,R6_LB_AL2395_C0_WFS_EPD3,LB_AL2395,C0,WFS,3.0,MONO,-1.0,0.014781608891645062
R8_R6_LB_AL2395_C0_WFS_MONO_EPD3,R6_LB_AL2395_C0_WFS_EPD3,LB_AL2395,C0,WFS,3.0,MONO,-1.125,0.020670582320254798
R8_R6_LB_AL2395_C0_WFS_MONO_EPD3,R6_LB_AL2395_C0_WFS_EPD3,LB_AL2395,C0,WFS,3.0,MONO,-1.25,0.010562832534653338
R8_R6_LB_AL2395_C0_WFS_MONO_EPD3,R6_LB_AL2395_C0_WFS_EPD3,LB_AL2395,C0,WFS,3.0,MONO,-1.375,0.013593125974820798
R8_R6_LB_AL2395_C0_WFS_MONO_EPD3,R6_LB_AL2395_C0_WFS_EPD3,LB_AL2395,C0,WFS,3.0,MONO,-1.5,0.004261624052676181
R8_R6_LB_AL2395_C0_WFS_MONO_EPD3,R6_LB_AL2395_C0_WFS_EPD3,LB_AL2395,C0,WFS,3.0,MONO,-1.625,0.012359822327439396
R8_R6_LB_AL2395_C0_WFS_MONO_EPD3,R6_LB_AL2395_C0_WFS_EPD3,LB_AL2395,C0,WFS,3.0,MONO,-1.75,0.00319114232506937
R8_R6_LB_AL2395_C0_WFS_MONO_EPD3,R6_LB_AL2395_C0_WFS_EPD3,LB_AL2395,C0,WFS,3.0,MONO,-1.875,0.008676795583867783
R8_R6_LB_AL2395_C0_WFS_MONO_EPD3,R6_LB_AL2395_C0_WFS_EPD3,LB_AL2395,C0,WFS,3.0,MONO,-2.0,0.00042643186684925574
R8_R6_LB_AL2395_C0_WFS_MONO_EPD3,R6_LB_AL2395_C0_WFS_EPD3,LB_AL2395,C0,WFS,3.0,MONO,-2.125,0.006907180701330997
R8_R6_LB_AL2395_C0_WFS_MONO_EPD3,R6_LB_AL2395_C0_WFS_EPD3,LB_AL2395,C0,WFS,3.0,MONO,-2.25,0.0015975203676172887
R8_R6_LB_AL2395_C0_WFS_MONO_EPD3,R6_LB_AL2395_C0_WFS_EPD3,LB_AL2395,C0,WFS,3.0,MONO,-2.375,0.006013521125694805
R8_R6_LB_AL2395_C0_WFS_MONO_EPD3,R6_LB_AL2395_C0_WFS_EPD3,LB_AL2395,C0,WFS,3.0,MONO,-2.5,0.0027695255333280793
R8_R6_LB_AL2395_C0_WFS_MONO_EPD3,R6_LB_AL2395_C0_WFS_EPD3,LB_AL2395,C0,WFS,3.0,MONO,-2.625,0.005620137796262777
R8_R6_LB_AL2395_C0_WFS_MONO_EPD3,R6_LB_AL2395_C0_WFS_EPD3,LB_AL2395,C0,WFS,3.0,MONO,-2.75,0.0026963162776138944
R8_R6_LB_AL2395_C0_WFS_MONO_EPD3,R6_LB_AL2395_C0_WFS_EPD3,LB_AL2395,C0,WFS,3.0,MONO,-2.875,0.004387274586865059
R8_R6_LB_AL2395_C0_WFS_MONO_EPD3,R6_LB_AL2395_C0_WFS_EPD3,LB_AL2395,C0,WFS,3.0,MONO,-3.0,0.002900287622890931
R8_R6_LB_AL2395_C0_WFS_MONO_EPD3,R6_LB_AL2395_C0_WFS_EPD3,LB_AL2395,C0,WFS,3.0,MONO,-3.125,0.0035011958900269843
R8_R6_LB_AL2395_C0_WFS_MONO_EPD3,R6_LB_AL2395_C0_WFS_EPD3,LB_AL2395,C0,WFS,3.0,MONO,-3.25,0.002439939882684667
R8_R6_LB_AL2395_C0_WFS_MONO_EPD3,R6_LB_AL2395_C0_WFS_EPD3,LB_AL2395,C0,WFS,3.0,MONO,-3.375,0.001742429136827414
R8_R6_LB_AL2395_C0_WFS_MONO_EPD3,R6_LB_AL2395_C0_WFS_EPD3,LB_AL2395,C0,WFS,3.0,MONO,-3.5,0.003047077356186843
R8_R6_LB_AL2395_C0_WFS_MONO_EPD3,R6_LB_AL2395_C0_WFS_EPD3,LB_AL2395,C0,WFS,3.0,MONO,-3.625,0.0008615486232857486
R8_R6_LB_AL2395_C0_WFS_MONO_EPD3,R6_LB_AL2395_C0_WFS_EPD3,LB_AL2395,C0,WFS,3.0,MONO,-3.75,0.003504386611386293
R8_R6_LB_AL2395_C0_WFS_MONO_EPD3,R6_LB_AL2395_C0_WFS_EPD3,LB_AL2395,C0,WFS,3.0,MONO,-3.875,0.0008748270292438429
R8_R6_LB_AL2395_C0_WFS_MONO_EPD3,R6_LB_AL2395_C0_WFS_EPD3,LB_AL2395,C0,WFS,3.0,MONO,-4.0,0.002895610099223774
R8_R6_LB_AL2395_C0_WFS_MONO_EPD3,R6_LB_AL2395_C0_WFS_EPD3,LB_AL2395,C0,WFS,3.0,MONO,-4.125,0.00069888734034791
R8_R6_LB_AL2395_C0_WFS_MONO_EPD3,R6_LB_AL2395_C0_WFS_EPD3,LB_AL2395,C0,WFS,3.0,MONO,-4.25,0.0013755077119150271
R8_R6_LB_AL2395_C0_WFS_MONO_EPD3,R6_LB_AL2395_C0_WFS_EPD3,LB_AL2395,C0,WFS,3.0,MONO,-4.375,0.0011637462293711852
R8_R6_LB_AL2395_C0_WFS_MONO_EPD3,R6_LB_AL2395_C0_WFS_EPD3,LB_AL2395,C0,WFS,3.0,MONO,-4.5,0.0016770843593183126
R8_R6_LB_AL2395_C0_WFS_MONO_EPD3,R6_LB_AL2395_C0_WFS_EPD3,LB_AL2395,C0,WFS,3.0,MONO,-4.625,0.0016841777884440423
R8_R6_LB_AL2395_C0_WFS_MONO_EPD3,R6_LB_AL2395_C0_WFS_EPD3,LB_AL2395,C0,WFS,3.0,MONO,-4.75,0.0016374979466793845
R8_R6_LB_AL2395_C0_WFS_MONO_EPD3,R6_LB_AL2395_C0_WFS_EPD3,LB_AL2395,C0,WFS,3.0,MONO,-4.875,0.0018476040375113062
R8_R6_LB_AL2395_C0_WFS_MONO_EPD3,R6_LB_AL2395_C0_WFS_EPD3,LB_AL2395,C0,WFS,3.0,MONO,-5.0,0.0013177051830116527
R8_R6_LB_AL2395_C0_WFS_EDOF_EPD3,R6_LB_AL2395_C0_WFS_EPD3,LB_AL2395,C0,WFS,3.0,EDOF,1.0,0.035007028385210276
R8_R6_LB_AL2395_C0_WFS_EDOF_EPD3,R6_LB_AL2395_C0_WFS_EPD3,LB_AL2395,C0,WFS,3.0,EDOF,0.875,0.041958423646171986
R8_R6_LB_AL2395_C0_WFS_EDOF_EPD3,R6_LB_AL2395_C0_WFS_EPD3,LB_AL2395,C0,WFS,3.0,EDOF,0.75,0.06729467108331905
R8_R6_LB_AL2395_C0_WFS_EDOF_EPD3,R6_LB_AL2395_C0_WFS_EPD3,LB_AL2395,C0,WFS,3.0,EDOF,0.625,0.11097228696568434
R8_R6_LB_AL2395_C0_WFS_EDOF_EPD3,R6_LB_AL2395_C0_WFS_EPD3,LB_AL2395,C0,WFS,3.0,EDOF,0.5,0.11827759543171838
R8_R6_LB_AL2395_C0_WFS_EDOF_EPD3,R6_LB_AL2395_C0_WFS_EPD3,LB_AL2395,C0,WFS,3.0,EDOF,0.375,0.0926117945332118
R8_R6_LB_AL2395_C0_WFS_EDOF_EPD3,R6_LB_AL2395_C0_WFS_EPD3,LB_AL2395,C0,WFS,3.0,EDOF,0.25,0.1373429009246327
R8_R6_LB_AL2395_C0_WFS_EDOF_EPD3,R6_LB_AL2395_C0_WFS_EPD3,LB_AL2395,C0,WFS,3.0,EDOF,0.125,0.2817967531388276
R8_R6_LB_AL2395_C0_WFS_EDOF_EPD3,R6_LB_AL2395_C0_WFS_EPD3,LB_AL2395,C0,WFS,3.0,EDOF,0.0,0.36528260027097637
R8_R6_LB_AL2395_C0_WFS_EDOF_EPD3,R6_LB_AL2395_C0_WFS_EPD3,LB_AL2395,C0,WFS,3.0,EDOF,-0.125,0.24180526976427305
R8_R6_LB_AL2395_C0_WFS_EDOF_EPD3,R6_LB_AL2395_C0_WFS_EPD3,LB_AL2395,C0,WFS,3.0,EDOF,-0.25,0.022231235499777943
R8_R6_LB_AL2395_C0_WFS_EDOF_EPD3,R6_LB_AL2395_C0_WFS_EPD3,LB_AL2395,C0,WFS,3.0,EDOF,-0.375,0.06092271562130527
R8_R6_LB_AL2395_C0_WFS_EDOF_EPD3,R6_LB_AL2395_C0_WFS_EPD3,LB_AL2395,C0,WFS,3.0,EDOF,-0.5,0.021360934529819995
R8_R6_LB_AL2395_C0_WFS_EDOF_EPD3,R6_LB_AL2395_C0_WFS_EPD3,LB_AL2395,C0,WFS,3.0,EDOF,-0.625,0.09032168205999411
R8_R6_LB_AL2395_C0_WFS_EDOF_EPD3,R6_LB_AL2395_C0_WFS_EPD3,LB_AL2395,C0,WFS,3.0,EDOF,-0.75,0.05233571821624029
R8_R6_LB_AL2395_C0_WFS_EDOF_EPD3,R6_LB_AL2395_C0_WFS_EPD3,LB_AL2395,C0,WFS,3.0,EDOF,-0.875,0.0008712634629564157
R8_R6_LB_AL2395_C0_WFS_EDOF_EPD3,R6_LB_AL2395_C0_WFS_EPD3,LB_AL2395,C0,WFS,3.0,EDOF,-1.0,0.0070676087646462694
R8_R6_LB_AL2395_C0_WFS_EDOF_EPD3,R6_LB_AL2395_C0_WFS_EPD3,LB_AL2395,C0,WFS,3.0,EDOF,-1.125,0.02505322092237182
R8_R6_LB_AL2395_C0_WFS_EDOF_EPD3,R6_LB_AL2395_C0_WFS_EPD3,LB_AL2395,C0,WFS,3.0,EDOF,-1.25,0.005135647190741569
R8_R6_LB_AL2395_C0_WFS_EDOF_EPD3,R6_LB_AL2395_C0_WFS_EPD3,LB_AL2395,C0,WFS,3.0,EDOF,-1.375,0.01272856421105854
R8_R6_LB_AL2395_C0_WFS_EDOF_EPD3,R6_LB_AL2395_C0_WFS_EPD3,LB_AL2395,C0,WFS,3.0,EDOF,-1.5,0.005173892761468743
R8_R6_LB_AL2395_C0_WFS_EDOF_EPD3,R6_LB_AL2395_C0_WFS_EPD3,LB_AL2395,C0,WFS,3.0,EDOF,-1.625,0.02046500948174589
R8_R6_LB_AL2395_C0_WFS_EDOF_EPD3,R6_LB_AL2395_C0_WFS_EPD3,LB_AL2395,C0,WFS,3.0,EDOF,-1.75,0.005091220903302311
R8_R6_LB_AL2395_C0_WFS_EDOF_EPD3,R6_LB_AL2395_C0_WFS_EPD3,LB_AL2395,C0,WFS,3.0,EDOF,-1.875,0.009328854044844074
R8_R6_LB_AL2395_C0_WFS_EDOF_EPD3,R6_LB_AL2395_C0_WFS_EPD3,LB_AL2395,C0,WFS,3.0,EDOF,-2.0,0.0012628576060232336
R8_R6_LB_AL2395_C0_WFS_EDOF_EPD3,R6_LB_AL2395_C0_WFS_EPD3,LB_AL2395,C0,WFS,3.0,EDOF,-2.125,0.004589346756963088
R8_R6_LB_AL2395_C0_WFS_EDOF_EPD3,R6_LB_AL2395_C0_WFS_EPD3,LB_AL2395,C0,WFS,3.0,EDOF,-2.25,0.00442087832073116
R8_R6_LB_AL2395_C0_WFS_EDOF_EPD3,R6_LB_AL2395_C0_WFS_EPD3,LB_AL2395,C0,WFS,3.0,EDOF,-2.375,0.006549478530590372
R8_R6_LB_AL2395_C0_WFS_EDOF_EPD3,R6_LB_AL2395_C0_WFS_EPD3,LB_AL2395,C0,WFS,3.0,EDOF,-2.5,0.003655723700216092
R8_R6_LB_AL2395_C0_WFS_EDOF_EPD3,R6_LB_AL2395_C0_WFS_EPD3,LB_AL2395,C0,WFS,3.0,EDOF,-2.625,0.005186785750514909
R8_R6_LB_AL2395_C0_WFS_EDOF_EPD3,R6_LB_AL2395_C0_WFS_EPD3,LB_AL2395,C0,WFS,3.0,EDOF,-2.75,0.003839025593363174
R8_R6_LB_AL2395_C0_WFS_EDOF_EPD3,R6_LB_AL2395_C0_WFS_EPD3,LB_AL2395,C0,WFS,3.0,EDOF,-2.875,0.004282290369916658
R8_R6_LB_AL2395_C0_WFS_EDOF_EPD3,R6_LB_AL2395_C0_WFS_EPD3,LB_AL2395,C0,WFS,3.0,EDOF,-3.0,0.0032332595082343284
R8_R6_LB_AL2395_C0_WFS_EDOF_EPD3,R6_LB_AL2395_C0_WFS_EPD3,LB_AL2395,C0,WFS,3.0,EDOF,-3.125,0.00274611000778023
R8_R6_LB_AL2395_C0_WFS_EDOF_EPD3,R6_LB_AL2395_C0_WFS_EPD3,LB_AL2395,C0,WFS,3.0,EDOF,-3.25,0.0027774522619763947
R8_R6_LB_AL2395_C0_WFS_EDOF_EPD3,R6_LB_AL2395_C0_WFS_EPD3,LB_AL2395,C0,WFS,3.0,EDOF,-3.375,0.0009069173212085501
R8_R6_LB_AL2395_C0_WFS_EDOF_EPD3,R6_LB_AL2395_C0_WFS_EPD3,LB_AL2395,C0,WFS,3.0,EDOF,-3.5,0.00298239036424192
R8_R6_LB_AL2395_C0_WFS_EDOF_EPD3,R6_LB_AL2395_C0_WFS_EPD3,LB_AL2395,C0,WFS,3.0,EDOF,-3.625,0.00045478962521875463
R8_R6_LB_AL2395_C0_WFS_EDOF_EPD3,R6_LB_AL2395_C0_WFS_EPD3,LB_AL2395,C0,WFS,3.0,EDOF,-3.75,0.003560617581827855
R8_R6_LB_AL2395_C0_WFS_EDOF_EPD3,R6_LB_AL2395_C0_WFS_EPD3,LB_AL2395,C0,WFS,3.0,EDOF,-3.875,0.0004648434521055219
R8_R6_LB_AL2395_C0_WFS_EDOF_EPD3,R6_LB_AL2395_C0_WFS_EPD3,LB_AL2395,C0,WFS,3.0,EDOF,-4.0,0.0028586785377467776
R8_R6_LB_AL2395_C0_WFS_EDOF_EPD3,R6_LB_AL2395_C0_WFS_EPD3,LB_AL2395,C0,WFS,3.0,EDOF,-4.125,0.0008092801112462918
R8_R6_LB_AL2395_C0_WFS_EDOF_EPD3,R6_LB_AL2395_C0_WFS_EPD3,LB_AL2395,C0,WFS,3.0,EDOF,-4.25,0.0016755467979743459
R8_R6_LB_AL2395_C0_WFS_EDOF_EPD3,R6_LB_AL2395_C0_WFS_EPD3,LB_AL2395,C0,WFS,3.0,EDOF,-4.375,0.0020216874983934523
R8_R6_LB_AL2395_C0_WFS_EDOF_EPD3,R6_LB_AL2395_C0_WFS_EPD3,LB_AL2395,C0,WFS,3.0,EDOF,-4.5,0.0015304415442159347
R8_R6_LB_AL2395_C0_WFS_EDOF_EPD3,R6_LB_AL2395_C0_WFS_EPD3,LB_AL2395,C0,WFS,3.0,EDOF,-4.625,0.0023693945966263555
R8_R6_LB_AL2395_C0_WFS_EDOF_EPD3,R6_LB_AL2395_C0_WFS_EPD3,LB_AL2395,C0,WFS,3.0,EDOF,-4.75,0.001075529843349719
R8_R6_LB_AL2395_C0_WFS_EDOF_EPD3,R6_LB_AL2395_C0_WFS_EPD3,LB_AL2395,C0,WFS,3.0,EDOF,-4.875,0.0027520623198734294
R8_R6_LB_AL2395_C0_WFS_EDOF_EPD3,R6_LB_AL2395_C0_WFS_EPD3,LB_AL2395,C0,WFS,3.0,EDOF,-5.0,0.0011539067758439341
R8_R6_LB_AL2395_C0_WFS_MONO_EPD5,R6_LB_AL2395_C0_WFS_EPD5,LB_AL2395,C0,WFS,5.0,MONO,1.0,0.0017514586918178055
R8_R6_LB_AL2395_C0_WFS_MONO_EPD5,R6_LB_AL2395_C0_WFS_EPD5,LB_AL2395,C0,WFS,5.0,MONO,0.875,0.058431509445574153
R8_R6_LB_AL2395_C0_WFS_MONO_EPD5,R6_LB_AL2395_C0_WFS_EPD5,LB_AL2395,C0,WFS,5.0,MONO,0.75,0.0227004622221813
R8_R6_LB_AL2395_C0_WFS_MONO_EPD5,R6_LB_AL2395_C0_WFS_EPD5,LB_AL2395,C0,WFS,5.0,MONO,0.625,0.028623973989883925
R8_R6_LB_AL2395_C0_WFS_MONO_EPD5,R6_LB_AL2395_C0_WFS_EPD5,LB_AL2395,C0,WFS,5.0,MONO,0.5,0.04070976836119886
R8_R6_LB_AL2395_C0_WFS_MONO_EPD5,R6_LB_AL2395_C0_WFS_EPD5,LB_AL2395,C0,WFS,5.0,MONO,0.375,0.0018858457074214126
R8_R6_LB_AL2395_C0_WFS_MONO_EPD5,R6_LB_AL2395_C0_WFS_EPD5,LB_AL2395,C0,WFS,5.0,MONO,0.25,0.023284573999509426
R8_R6_LB_AL2395_C0_WFS_MONO_EPD5,R6_LB_AL2395_C0_WFS_EPD5,LB_AL2395,C0,WFS,5.0,MONO,0.125,0.18257101126569458
R8_R6_LB_AL2395_C0_WFS_MONO_EPD5,R6_LB_AL2395_C0_WFS_EPD5,LB_AL2395,C0,WFS,5.0,MONO,0.0,0.2767302530568185
R8_R6_LB_AL2395_C0_WFS_MONO_EPD5,R6_LB_AL2395_C0_WFS_EPD5,LB_AL2395,C0,WFS,5.0,MONO,-0.125,0.17292989126954317
R8_R6_LB_AL2395_C0_WFS_MONO_EPD5,R6_LB_AL2395_C0_WFS_EPD5,LB_AL2395,C0,WFS,5.0,MONO,-0.25,0.0047486261014283385
R8_R6_LB_AL2395_C0_WFS_MONO_EPD5,R6_LB_AL2395_C0_WFS_EPD5,LB_AL2395,C0,WFS,5.0,MONO,-0.375,0.041319916223549163
R8_R6_LB_AL2395_C0_WFS_MONO_EPD5,R6_LB_AL2395_C0_WFS_EPD5,LB_AL2395,C0,WFS,5.0,MONO,-0.5,0.005208643138529426
R8_R6_LB_AL2395_C0_WFS_MONO_EPD5,R6_LB_AL2395_C0_WFS_EPD5,LB_AL2395,C0,WFS,5.0,MONO,-0.625,0.019045701771169245
R8_R6_LB_AL2395_C0_WFS_MONO_EPD5,R6_LB_AL2395_C0_WFS_EPD5,LB_AL2395,C0,WFS,5.0,MONO,-0.75,0.0014358953617918673
R8_R6_LB_AL2395_C0_WFS_MONO_EPD5,R6_LB_AL2395_C0_WFS_EPD5,LB_AL2395,C0,WFS,5.0,MONO,-0.875,0.0058227929542480385
R8_R6_LB_AL2395_C0_WFS_MONO_EPD5,R6_LB_AL2395_C0_WFS_EPD5,LB_AL2395,C0,WFS,5.0,MONO,-1.0,0.0026690087673032358
R8_R6_LB_AL2395_C0_WFS_MONO_EPD5,R6_LB_AL2395_C0_WFS_EPD5,LB_AL2395,C0,WFS,5.0,MONO,-1.125,0.0049847567001093385
R8_R6_LB_AL2395_C0_WFS_MONO_EPD5,R6_LB_AL2395_C0_WFS_EPD5,LB_AL2395,C0,WFS,5.0,MONO,-1.25,0.0014445676976224933
R8_R6_LB_AL2395_C0_WFS_MONO_EPD5,R6_LB_AL2395_C0_WFS_EPD5,LB_AL2395,C0,WFS,5.0,MONO,-1.375,0.0008547443514104478
R8_R6_LB_AL2395_C0_WFS_MONO_EPD5,R6_LB_AL2395_C0_WFS_EPD5,LB_AL2395,C0,WFS,5.0,MONO,-1.5,0.0005703625089385981
R8_R6_LB_AL2395_C0_WFS_MONO_EPD5,R6_LB_AL2395_C0_WFS_EPD5,LB_AL2395,C0,WFS,5.0,MONO,-1.625,0.002232763152017367
R8_R6_LB_AL2395_C0_WFS_MONO_EPD5,R6_LB_AL2395_C0_WFS_EPD5,LB_AL2395,C0,WFS,5.0,MONO,-1.75,0.0016598820822205118
R8_R6_LB_AL2395_C0_WFS_MONO_EPD5,R6_LB_AL2395_C0_WFS_EPD5,LB_AL2395,C0,WFS,5.0,MONO,-1.875,0.0011101228737854486
R8_R6_LB_AL2395_C0_WFS_MONO_EPD5,R6_LB_AL2395_C0_WFS_EPD5,LB_AL2395,C0,WFS,5.0,MONO,-2.0,0.0020284174317864
R8_R6_LB_AL2395_C0_WFS_MONO_EPD5,R6_LB_AL2395_C0_WFS_EPD5,LB_AL2395,C0,WFS,5.0,MONO,-2.125,0.001989057333606857
R8_R6_LB_AL2395_C0_WFS_MONO_EPD5,R6_LB_AL2395_C0_WFS_EPD5,LB_AL2395,C0,WFS,5.0,MONO,-2.25,0.0012190601908639129
R8_R6_LB_AL2395_C0_WFS_MONO_EPD5,R6_LB_AL2395_C0_WFS_EPD5,LB_AL2395,C0,WFS,5.0,MONO,-2.375,0.002820952532354752
R8_R6_LB_AL2395_C0_WFS_MONO_EPD5,R6_LB_AL2395_C0_WFS_EPD5,LB_AL2395,C0,WFS,5.0,MONO,-2.5,0.0005303510464792378
R8_R6_LB_AL2395_C0_WFS_MONO_EPD5,R6_LB_AL2395_C0_WFS_EPD5,LB_AL2395,C0,WFS,5.0,MONO,-2.625,0.001978006345627713
R8_R6_LB_AL2395_C0_WFS_MONO_EPD5,R6_LB_AL2395_C0_WFS_EPD5,LB_AL2395,C0,WFS,5.0,MONO,-2.75,0.00011241950206782752
R8_R6_LB_AL2395_C0_WFS_MONO_EPD5,R6_LB_AL2395_C0_WFS_EPD5,LB_AL2395,C0,WFS,5.0,MONO,-2.875,0.0016055140109962908
R8_R6_LB_AL2395_C0_WFS_MONO_EPD5,R6_LB_AL2395_C0_WFS_EPD5,LB_AL2395,C0,WFS,5.0,MONO,-3.0,0.0016760223901113806
R8_R6_LB_AL2395_C0_WFS_MONO_EPD5,R6_LB_AL2395_C0_WFS_EPD5,LB_AL2395,C0,WFS,5.0,MONO,-3.125,0.0007939118064174151
R8_R6_LB_AL2395_C0_WFS_MONO_EPD5,R6_LB_AL2395_C0_WFS_EPD5,LB_AL2395,C0,WFS,5.0,MONO,-3.25,0.0019488716384311652
R8_R6_LB_AL2395_C0_WFS_MONO_EPD5,R6_LB_AL2395_C0_WFS_EPD5,LB_AL2395,C0,WFS,5.0,MONO,-3.375,0.0006193001166450269
R8_R6_LB_AL2395_C0_WFS_MONO_EPD5,R6_LB_AL2395_C0_WFS_EPD5,LB_AL2395,C0,WFS,5.0,MONO,-3.5,0.0014452885755792332
R8_R6_LB_AL2395_C0_WFS_MONO_EPD5,R6_LB_AL2395_C0_WFS_EPD5,LB_AL2395,C0,WFS,5.0,MONO,-3.625,0.00018721940797964787
R8_R6_LB_AL2395_C0_WFS_MONO_EPD5,R6_LB_AL2395_C0_WFS_EPD5,LB_AL2395,C0,WFS,5.0,MONO,-3.75,0.001668919301679772
R8_R6_LB_AL2395_C0_WFS_MONO_EPD5,R6_LB_AL2395_C0_WFS_EPD5,LB_AL2395,C0,WFS,5.0,MONO,-3.875,0.0007850025019828596
R8_R6_LB_AL2395_C0_WFS_MONO_EPD5,R6_LB_AL2395_C0_WFS_EPD5,LB_AL2395,C0,WFS,5.0,MONO,-4.0,0.0005541005964116314
R8_R6_LB_AL2395_C0_WFS_MONO_EPD5,R6_LB_AL2395_C0_WFS_EPD5,LB_AL2395,C0,WFS,5.0,MONO,-4.125,0.0011879407869084162
R8_R6_LB_AL2395_C0_WFS_MONO_EPD5,R6_LB_AL2395_C0_WFS_EPD5,LB_AL2395,C0,WFS,5.0,MONO,-4.25,0.0012729304778985504
R8_R6_LB_AL2395_C0_WFS_MONO_EPD5,R6_LB_AL2395_C0_WFS_EPD5,LB_AL2395,C0,WFS,5.0,MONO,-4.375,0.0007180044046319106
R8_R6_LB_AL2395_C0_WFS_MONO_EPD5,R6_LB_AL2395_C0_WFS_EPD5,LB_AL2395,C0,WFS,5.0,MONO,-4.5,0.001678550272770702
R8_R6_LB_AL2395_C0_WFS_MONO_EPD5,R6_LB_AL2395_C0_WFS_EPD5,LB_AL2395,C0,WFS,5.0,MONO,-4.625,0.00011374747215536676
R8_R6_LB_AL2395_C0_WFS_MONO_EPD5,R6_LB_AL2395_C0_WFS_EPD5,LB_AL2395,C0,WFS,5.0,MONO,-4.75,0.0013265324650348926
R8_R6_LB_AL2395_C0_WFS_MONO_EPD5,R6_LB_AL2395_C0_WFS_EPD5,LB_AL2395,C0,WFS,5.0,MONO,-4.875,0.002546219220165079
R8_R6_LB_AL2395_C0_WFS_MONO_EPD5,R6_LB_AL2395_C0_WFS_EPD5,LB_AL2395,C0,WFS,5.0,MONO,-5.0,0.00041710356164587786
R8_R6_LB_AL2395_C0_WFS_EDOF_EPD5,R6_LB_AL2395_C0_WFS_EPD5,LB_AL2395,C0,WFS,5.0,EDOF,1.0,0.013862968618825107
R8_R6_LB_AL2395_C0_WFS_EDOF_EPD5,R6_LB_AL2395_C0_WFS_EPD5,LB_AL2395,C0,WFS,5.0,EDOF,0.875,0.09187894432942169
R8_R6_LB_AL2395_C0_WFS_EDOF_EPD5,R6_LB_AL2395_C0_WFS_EPD5,LB_AL2395,C0,WFS,5.0,EDOF,0.75,0.022263951712616362
R8_R6_LB_AL2395_C0_WFS_EDOF_EPD5,R6_LB_AL2395_C0_WFS_EPD5,LB_AL2395,C0,WFS,5.0,EDOF,0.625,0.03703838936126724
R8_R6_LB_AL2395_C0_WFS_EDOF_EPD5,R6_LB_AL2395_C0_WFS_EPD5,LB_AL2395,C0,WFS,5.0,EDOF,0.5,0.06220781695270555
R8_R6_LB_AL2395_C0_WFS_EDOF_EPD5,R6_LB_AL2395_C0_WFS_EPD5,LB_AL2395,C0,WFS,5.0,EDOF,0.375,0.061405546865065296
R8_R6_LB_AL2395_C0_WFS_EDOF_EPD5,R6_LB_AL2395_C0_WFS_EPD5,LB_AL2395,C0,WFS,5.0,EDOF,0.25,0.037936769083809316
R8_R6_LB_AL2395_C0_WFS_EDOF_EPD5,R6_LB_AL2395_C0_WFS_EPD5,LB_AL2395,C0,WFS,5.0,EDOF,0.125,0.10654285300866755
R8_R6_LB_AL2395_C0_WFS_EDOF_EPD5,R6_LB_AL2395_C0_WFS_EPD5,LB_AL2395,C0,WFS,5.0,EDOF,0.0,0.18042704912993723
R8_R6_LB_AL2395_C0_WFS_EDOF_EPD5,R6_LB_AL2395_C0_WFS_EPD5,LB_AL2395,C0,WFS,5.0,EDOF,-0.125,0.12113293965387562
R8_R6_LB_AL2395_C0_WFS_EDOF_EPD5,R6_LB_AL2395_C0_WFS_EPD5,LB_AL2395,C0,WFS,5.0,EDOF,-0.25,0.011951260851677626
R8_R6_LB_AL2395_C0_WFS_EDOF_EPD5,R6_LB_AL2395_C0_WFS_EPD5,LB_AL2395,C0,WFS,5.0,EDOF,-0.375,0.040995890815194704
R8_R6_LB_AL2395_C0_WFS_EDOF_EPD5,R6_LB_AL2395_C0_WFS_EPD5,LB_AL2395,C0,WFS,5.0,EDOF,-0.5,0.011949878461995956
R8_R6_LB_AL2395_C0_WFS_EDOF_EPD5,R6_LB_AL2395_C0_WFS_EPD5,LB_AL2395,C0,WFS,5.0,EDOF,-0.625,0.039768106233256516
R8_R6_LB_AL2395_C0_WFS_EDOF_EPD5,R6_LB_AL2395_C0_WFS_EPD5,LB_AL2395,C0,WFS,5.0,EDOF,-0.75,0.009719495999553098
R8_R6_LB_AL2395_C0_WFS_EDOF_EPD5,R6_LB_AL2395_C0_WFS_EPD5,LB_AL2395,C0,WFS,5.0,EDOF,-0.875,0.0028149675489560636
R8_R6_LB_AL2395_C0_WFS_EDOF_EPD5,R6_LB_AL2395_C0_WFS_EPD5,LB_AL2395,C0,WFS,5.0,EDOF,-1.0,0.005431341188620312
R8_R6_LB_AL2395_C0_WFS_EDOF_EPD5,R6_LB_AL2395_C0_WFS_EPD5,LB_AL2395,C0,WFS,5.0,EDOF,-1.125,0.009829901864570036
R8_R6_LB_AL2395_C0_WFS_EDOF_EPD5,R6_LB_AL2395_C0_WFS_EPD5,LB_AL2395,C0,WFS,5.0,EDOF,-1.25,0.005386974432192568
R8_R6_LB_AL2395_C0_WFS_EDOF_EPD5,R6_LB_AL2395_C0_WFS_EPD5,LB_AL2395,C0,WFS,5.0,EDOF,-1.375,0.0025315725858097386
R8_R6_LB_AL2395_C0_WFS_EDOF_EPD5,R6_LB_AL2395_C0_WFS_EPD5,LB_AL2395,C0,WFS,5.0,EDOF,-1.5,0.0049651298087378054
R8_R6_LB_AL2395_C0_WFS_EDOF_EPD5,R6_LB_AL2395_C0_WFS_EPD5,LB_AL2395,C0,WFS,5.0,EDOF,-1.625,0.006045850862857152
R8_R6_LB_AL2395_C0_WFS_EDOF_EPD5,R6_LB_AL2395_C0_WFS_EPD5,LB_AL2395,C0,WFS,5.0,EDOF,-1.75,0.0032076499384879227
R8_R6_LB_AL2395_C0_WFS_EDOF_EPD5,R6_LB_AL2395_C0_WFS_EPD5,LB_AL2395,C0,WFS,5.0,EDOF,-1.875,0.0003318492714269863
R8_R6_LB_AL2395_C0_WFS_EDOF_EPD5,R6_LB_AL2395_C0_WFS_EPD5,LB_AL2395,C0,WFS,5.0,EDOF,-2.0,0.0006681387816861604
R8_R6_LB_AL2395_C0_WFS_EDOF_EPD5,R6_LB_AL2395_C0_WFS_EPD5,LB_AL2395,C0,WFS,5.0,EDOF,-2.125,0.001094611396562853
R8_R6_LB_AL2395_C0_WFS_EDOF_EPD5,R6_LB_AL2395_C0_WFS_EPD5,LB_AL2395,C0,WFS,5.0,EDOF,-2.25,0.0035476386976989144
R8_R6_LB_AL2395_C0_WFS_EDOF_EPD5,R6_LB_AL2395_C0_WFS_EPD5,LB_AL2395,C0,WFS,5.0,EDOF,-2.375,0.0031195503593044547
R8_R6_LB_AL2395_C0_WFS_EDOF_EPD5,R6_LB_AL2395_C0_WFS_EPD5,LB_AL2395,C0,WFS,5.0,EDOF,-2.5,0.0007526870330372181
R8_R6_LB_AL2395_C0_WFS_EDOF_EPD5,R6_LB_AL2395_C0_WFS_EPD5,LB_AL2395,C0,WFS,5.0,EDOF,-2.625,0.0010663761701652165
R8_R6_LB_AL2395_C0_WFS_EDOF_EPD5,R6_LB_AL2395_C0_WFS_EPD5,LB_AL2395,C0,WFS,5.0,EDOF,-2.75,0.0008462359627603142
R8_R6_LB_AL2395_C0_WFS_EDOF_EPD5,R6_LB_AL2395_C0_WFS_EPD5,LB_AL2395,C0,WFS,5.0,EDOF,-2.875,0.0021845965648991817
R8_R6_LB_AL2395_C0_WFS_EDOF_EPD5,R6_LB_AL2395_C0_WFS_EPD5,LB_AL2395,C0,WFS,5.0,EDOF,-3.0,0.0012805691782945175
R8_R6_LB_AL2395_C0_WFS_EDOF_EPD5,R6_LB_AL2395_C0_WFS_EPD5,LB_AL2395,C0,WFS,5.0,EDOF,-3.125,0.00041503273367476284
R8_R6_LB_AL2395_C0_WFS_EDOF_EPD5,R6_LB_AL2395_C0_WFS_EPD5,LB_AL2395,C0,WFS,5.0,EDOF,-3.25,0.0021440244167298837
R8_R6_LB_AL2395_C0_WFS_EDOF_EPD5,R6_LB_AL2395_C0_WFS_EPD5,LB_AL2395,C0,WFS,5.0,EDOF,-3.375,0.0009425410257704716
R8_R6_LB_AL2395_C0_WFS_EDOF_EPD5,R6_LB_AL2395_C0_WFS_EPD5,LB_AL2395,C0,WFS,5.0,EDOF,-3.5,0.0011404072394141786
R8_R6_LB_AL2395_C0_WFS_EDOF_EPD5,R6_LB_AL2395_C0_WFS_EPD5,LB_AL2395,C0,WFS,5.0,EDOF,-3.625,0.00015894674625034313
R8_R6_LB_AL2395_C0_WFS_EDOF_EPD5,R6_LB_AL2395_C0_WFS_EPD5,LB_AL2395,C0,WFS,5.0,EDOF,-3.75,0.001845086015291056
R8_R6_LB_AL2395_C0_WFS_EDOF_EPD5,R6_LB_AL2395_C0_WFS_EPD5,LB_AL2395,C0,WFS,5.0,EDOF,-3.875,0.0012958975819872673
R8_R6_LB_AL2395_C0_WFS_EDOF_EPD5,R6_LB_AL2395_C0_WFS_EPD5,LB_AL2395,C0,WFS,5.0,EDOF,-4.0,0.0005365689708699456
R8_R6_LB_AL2395_C0_WFS_EDOF_EPD5,R6_LB_AL2395_C0_WFS_EPD5,LB_AL2395,C0,WFS,5.0,EDOF,-4.125,0.0008498470750482891
R8_R6_LB_AL2395_C0_WFS_EDOF_EPD5,R6_LB_AL2395_C0_WFS_EPD5,LB_AL2395,C0,WFS,5.0,EDOF,-4.25,0.0010705681016560584
R8_R6_LB_AL2395_C0_WFS_EDOF_EPD5,R6_LB_AL2395_C0_WFS_EPD5,LB_AL2395,C0,WFS,5.0,EDOF,-4.375,0.0008524661321573448
R8_R6_LB_AL2395_C0_WFS_EDOF_EPD5,R6_LB_AL2395_C0_WFS_EPD5,LB_AL2395,C0,WFS,5.0,EDOF,-4.5,0.0018775299431243063
R8_R6_LB_AL2395_C0_WFS_EDOF_EPD5,R6_LB_AL2395_C0_WFS_EPD5,LB_AL2395,C0,WFS,5.0,EDOF,-4.625,0.00011270594345016847
R8_R6_LB_AL2395_C0_WFS_EDOF_EPD5,R6_LB_AL2395_C0_WFS_EPD5,LB_AL2395,C0,WFS,5.0,EDOF,-4.75,0.0012822441668616882
R8_R6_LB_AL2395_C0_WFS_EDOF_EPD5,R6_LB_AL2395_C0_WFS_EPD5,LB_AL2395,C0,WFS,5.0,EDOF,-4.875,0.002477033307929599
R8_R6_LB_AL2395_C0_WFS_EDOF_EPD5,R6_LB_AL2395_C0_WFS_EPD5,LB_AL2395,C0,WFS,5.0,EDOF,-5.0,0.00025136889354306644
R8_R6_LB_AL2395_C0_RAD_MONO_EPD3,R6_LB_AL2395_C0_RAD_EPD3,LB_AL2395,C0,RAD,3.0,MONO,1.0,0.007579684763896213
R8_R6_LB_AL2395_C0_RAD_MONO_EPD3,R6_LB_AL2395_C0_RAD_EPD3,LB_AL2395,C0,RAD,3.0,MONO,0.875,0.018896305349728033
R8_R6_LB_AL2395_C0_RAD_MONO_EPD3,R6_LB_AL2395_C0_RAD_EPD3,LB_AL2395,C0,RAD,3.0,MONO,0.75,0.003134507448069593
R8_R6_LB_AL2395_C0_RAD_MONO_EPD3,R6_LB_AL2395_C0_RAD_EPD3,LB_AL2395,C0,RAD,3.0,MONO,0.625,0.03458909741761376
R8_R6_LB_AL2395_C0_RAD_MONO_EPD3,R6_LB_AL2395_C0_RAD_EPD3,LB_AL2395,C0,RAD,3.0,MONO,0.5,0.005293705045884862
R8_R6_LB_AL2395_C0_RAD_MONO_EPD3,R6_LB_AL2395_C0_RAD_EPD3,LB_AL2395,C0,RAD,3.0,MONO,0.375,0.04624469998879519
R8_R6_LB_AL2395_C0_RAD_MONO_EPD3,R6_LB_AL2395_C0_RAD_EPD3,LB_AL2395,C0,RAD,3.0,MONO,0.25,0.07427066766726265
R8_R6_LB_AL2395_C0_RAD_MONO_EPD3,R6_LB_AL2395_C0_RAD_EPD3,LB_AL2395,C0,RAD,3.0,MONO,0.125,0.39763912827183745
R8_R6_LB_AL2395_C0_RAD_MONO_EPD3,R6_LB_AL2395_C0_RAD_EPD3,LB_AL2395,C0,RAD,3.0,MONO,0.0,0.6304826535585963
R8_R6_LB_AL2395_C0_RAD_MONO_EPD3,R6_LB_AL2395_C0_RAD_EPD3,LB_AL2395,C0,RAD,3.0,MONO,-0.125,0.5001373708702749
R8_R6_LB_AL2395_C0_RAD_MONO_EPD3,R6_LB_AL2395_C0_RAD_EPD3,LB_AL2395,C0,RAD,3.0,MONO,-0.25,0.14085723305090403
R8_R6_LB_AL2395_C0_RAD_MONO_EPD3,R6_LB_AL2395_C0_RAD_EPD3,LB_AL2395,C0,RAD,3.0,MONO,-0.375,0.08083477449590849
R8_R6_LB_AL2395_C0_RAD_MONO_EPD3,R6_LB_AL2395_C0_RAD_EPD3,LB_AL2395,C0,RAD,3.0,MONO,-0.5,0.0458792386116336
R8_R6_LB_AL2395_C0_RAD_MONO_EPD3,R6_LB_AL2395_C0_RAD_EPD3,LB_AL2395,C0,RAD,3.0,MONO,-0.625,0.044039814496212394
R8_R6_LB_AL2395_C0_RAD_MONO_EPD3,R6_LB_AL2395_C0_RAD_EPD3,LB_AL2395,C0,RAD,3.0,MONO,-0.75,0.029334716722516526
R8_R6_LB_AL2395_C0_RAD_MONO_EPD3,R6_LB_AL2395_C0_RAD_EPD3,LB_AL2395,C0,RAD,3.0,MONO,-0.875,0.021566440693829896
R8_R6_LB_AL2395_C0_RAD_MONO_EPD3,R6_LB_AL2395_C0_RAD_EPD3,LB_AL2395,C0,RAD,3.0,MONO,-1.0,0.012485388898241002
R8_R6_LB_AL2395_C0_RAD_MONO_EPD3,R6_LB_AL2395_C0_RAD_EPD3,LB_AL2395,C0,RAD,3.0,MONO,-1.125,0.017703917795575848
R8_R6_LB_AL2395_C0_RAD_MONO_EPD3,R6_LB_AL2395_C0_RAD_EPD3,LB_AL2395,C0,RAD,3.0,MONO,-1.25,0.008446546684565348
R8_R6_LB_AL2395_C0_RAD_MONO_EPD3,R6_LB_AL2395_C0_RAD_EPD3,LB_AL2395,C0,RAD,3.0,MONO,-1.375,0.012059719425427337
R8_R6_LB_AL2395_C0_RAD_MONO_EPD3,R6_LB_AL2395_C0_RAD_EPD3,LB_AL2395,C0,RAD,3.0,MONO,-1.5,0.002796138607401428
R8_R6_LB_AL2395_C0_RAD_MONO_EPD3,R6_LB_AL2395_C0_RAD_EPD3,LB_AL2395,C0,RAD,3.0,MONO,-1.625,0.011275311544490785
R8_R6_LB_AL2395_C0_RAD_MONO_EPD3,R6_LB_AL2395_C0_RAD_EPD3,LB_AL2395,C0,RAD,3.0,MONO,-1.75,0.0019668514891992626
R8_R6_LB_AL2395_C0_RAD_MONO_EPD3,R6_LB_AL2395_C0_RAD_EPD3,LB_AL2395,C0,RAD,3.0,MONO,-1.875,0.008103443415922455
R8_R6_LB_AL2395_C0_RAD_MONO_EPD3,R6_LB_AL2395_C0_RAD_EPD3,LB_AL2395,C0,RAD,3.0,MONO,-2.0,0.000183689558950059
R8_R6_LB_AL2395_C0_RAD_MONO_EPD3,R6_LB_AL2395_C0_RAD_EPD3,LB_AL2395,C0,RAD,3.0,MONO,-2.125,0.006183963771637813
R8_R6_LB_AL2395_C0_RAD_MONO_EPD3,R6_LB_AL2395_C0_RAD_EPD3,LB_AL2395,C0,RAD,3.0,MONO,-2.25,0.0020601883102212277
R8_R6_LB_AL2395_C0_RAD_MONO_EPD3,R6_LB_AL2395_C0_RAD_EPD3,LB_AL2395,C0,RAD,3.0,MONO,-2.375,0.005187873604437971
R8_R6_LB_AL2395_C0_RAD_MONO_EPD3,R6_LB_AL2395_C0_RAD_EPD3,LB_AL2395,C0,RAD,3.0,MONO,-2.5,0.003290864294526047
R8_R6_LB_AL2395_C0_RAD_MONO_EPD3,R6_LB_AL2395_C0_RAD_EPD3,LB_AL2395,C0,RAD,3.0,MONO,-2.625,0.0048947688632125005
R8_R6_LB_AL2395_C0_RAD_MONO_EPD3,R6_LB_AL2395_C0_RAD_EPD3,LB_AL2395,C0,RAD,3.0,MONO,-2.75,0.003213898080609223
R8_R6_LB_AL2395_C0_RAD_MONO_EPD3,R6_LB_AL2395_C0_RAD_EPD3,LB_AL2395,C0,RAD,3.0,MONO,-2.875,0.0038336042320801247
R8_R6_LB_AL2395_C0_RAD_MONO_EPD3,R6_LB_AL2395_C0_RAD_EPD3,LB_AL2395,C0,RAD,3.0,MONO,-3.0,0.003315271377861893
R8_R6_LB_AL2395_C0_RAD_MONO_EPD3,R6_LB_AL2395_C0_RAD_EPD3,LB_AL2395,C0,RAD,3.0,MONO,-3.125,0.003113485075141641
R8_R6_LB_AL2395_C0_RAD_MONO_EPD3,R6_LB_AL2395_C0_RAD_EPD3,LB_AL2395,C0,RAD,3.0,MONO,-3.25,0.0026552741813471803
R8_R6_LB_AL2395_C0_RAD_MONO_EPD3,R6_LB_AL2395_C0_RAD_EPD3,LB_AL2395,C0,RAD,3.0,MONO,-3.375,0.0014417819129427755
R8_R6_LB_AL2395_C0_RAD_MONO_EPD3,R6_LB_AL2395_C0_RAD_EPD3,LB_AL2395,C0,RAD,3.0,MONO,-3.5,0.002982576765269665
R8_R6_LB_AL2395_C0_RAD_MONO_EPD3,R6_LB_AL2395_C0_RAD_EPD3,LB_AL2395,C0,RAD,3.0,MONO,-3.625,0.00037896616706200724
R8_R6_LB_AL2395_C0_RAD_MONO_EPD3,R6_LB_AL2395_C0_RAD_EPD3,LB_AL2395,C0,RAD,3.0,MONO,-3.75,0.0034738940917351186
R8_R6_LB_AL2395_C0_RAD_MONO_EPD3,R6_LB_AL2395_C0_RAD_EPD3,LB_AL2395,C0,RAD,3.0,MONO,-3.875,0.0003598726984005005
R8_R6_LB_AL2395_C0_RAD_MONO_EPD3,R6_LB_AL2395_C0_RAD_EPD3,LB_AL2395,C0,RAD,3.0,MONO,-4.0,0.003047176592237033
R8_R6_LB_AL2395_C0_RAD_MONO_EPD3,R6_LB_AL2395_C0_RAD_EPD3,LB_AL2395,C0,RAD,3.0,MONO,-4.125,0.0005105638050121901
R8_R6_LB_AL2395_C0_RAD_MONO_EPD3,R6_LB_AL2395_C0_RAD_EPD3,LB_AL2395,C0,RAD,3.0,MONO,-4.25,0.0013600486833539702
R8_R6_LB_AL2395_C0_RAD_MONO_EPD3,R6_LB_AL2395_C0_RAD_EPD3,LB_AL2395,C0,RAD,3.0,MONO,-4.375,0.0011564427866885929
R8_R6_LB_AL2395_C0_RAD_MONO_EPD3,R6_LB_AL2395_C0_RAD_EPD3,LB_AL2395,C0,RAD,3.0,MONO,-4.5,0.001340559967217372
R8_R6_LB_AL2395_C0_RAD_MONO_EPD3,R6_LB_AL2395_C0_RAD_EPD3,LB_AL2395,C0,RAD,3.0,MONO,-4.625,0.0018177069209716543
R8_R6_LB_AL2395_C0_RAD_MONO_EPD3,R6_LB_AL2395_C0_RAD_EPD3,LB_AL2395,C0,RAD,3.0,MONO,-4.75,0.0012963940318487905
R8_R6_LB_AL2395_C0_RAD_MONO_EPD3,R6_LB_AL2395_C0_RAD_EPD3,LB_AL2395,C0,RAD,3.0,MONO,-4.875,0.0020011904141021422
R8_R6_LB_AL2395_C0_RAD_MONO_EPD3,R6_LB_AL2395_C0_RAD_EPD3,LB_AL2395,C0,RAD,3.0,MONO,-5.0,0.0010324201685549604
R8_R6_LB_AL2395_C0_RAD_EDOF_EPD3,R6_LB_AL2395_C0_RAD_EPD3,LB_AL2395,C0,RAD,3.0,EDOF,1.0,0.1075209075305595
R8_R6_LB_AL2395_C0_RAD_EDOF_EPD3,R6_LB_AL2395_C0_RAD_EPD3,LB_AL2395,C0,RAD,3.0,EDOF,0.875,0.2513613404469272
R8_R6_LB_AL2395_C0_RAD_EDOF_EPD3,R6_LB_AL2395_C0_RAD_EPD3,LB_AL2395,C0,RAD,3.0,EDOF,0.75,0.19061794553401376
R8_R6_LB_AL2395_C0_RAD_EDOF_EPD3,R6_LB_AL2395_C0_RAD_EPD3,LB_AL2395,C0,RAD,3.0,EDOF,0.625,0.05222497226081393
R8_R6_LB_AL2395_C0_RAD_EDOF_EPD3,R6_LB_AL2395_C0_RAD_EPD3,LB_AL2395,C0,RAD,3.0,EDOF,0.5,0.07882082421611077
R8_R6_LB_AL2395_C0_RAD_EDOF_EPD3,R6_LB_AL2395_C0_RAD_EPD3,LB_AL2395,C0,RAD,3.0,EDOF,0.375,0.24214677836386483
R8_R6_LB_AL2395_C0_RAD_EDOF_EPD3,R6_LB_AL2395_C0_RAD_EPD3,LB_AL2395,C0,RAD,3.0,EDOF,0.25,0.2948803568911315
R8_R6_LB_AL2395_C0_RAD_EDOF_EPD3,R6_LB_AL2395_C0_RAD_EPD3,LB_AL2395,C0,RAD,3.0,EDOF,0.125,0.1562728957485256
R8_R6_LB_AL2395_C0_RAD_EDOF_EPD3,R6_LB_AL2395_C0_RAD_EPD3,LB_AL2395,C0,RAD,3.0,EDOF,0.0,0.0002657460166080779
R8_R6_LB_AL2395_C0_RAD_EDOF_EPD3,R6_LB_AL2395_C0_RAD_EPD3,LB_AL2395,C0,RAD,3.0,EDOF,-0.125,0.037589030949417436
R8_R6_LB_AL2395_C0_RAD_EDOF_EPD3,R6_LB_AL2395_C0_RAD_EPD3,LB_AL2395,C0,RAD,3.0,EDOF,-0.25,0.01289112685034592
R8_R6_LB_AL2395_C0_RAD_EDOF_EPD3,R6_LB_AL2395_C0_RAD_EPD3,LB_AL2395,C0,RAD,3.0,EDOF,-0.375,0.012160662797444072
R8_R6_LB_AL2395_C0_RAD_EDOF_EPD3,R6_LB_AL2395_C0_RAD_EPD3,LB_AL2395,C0,RAD,3.0,EDOF,-0.5,0.018009335490068567
R8_R6_LB_AL2395_C0_RAD_EDOF_EPD3,R6_LB_AL2395_C0_RAD_EPD3,LB_AL2395,C0,RAD,3.0,EDOF,-0.625,0.0031315847346686057
R8_R6_LB_AL2395_C0_RAD_EDOF_EPD3,R6_LB_AL2395_C0_RAD_EPD3,LB_AL2395,C0,RAD,3.0,EDOF,-0.75,0.025894502342055724
R8_R6_LB_AL2395_C0_RAD_EDOF_EPD3,R6_LB_AL2395_C0_RAD_EPD3,LB_AL2395,C0,RAD,3.0,EDOF,-0.875,0.028030493802149666
R8_R6_LB_AL2395_C0_RAD_EDOF_EPD3,R6_LB_AL2395_C0_RAD_EPD3,LB_AL2395,C0,RAD,3.0,EDOF,-1.0,0.027940583310102483
R8_R6_LB_AL2395_C0_RAD_EDOF_EPD3,R6_LB_AL2395_C0_RAD_EPD3,LB_AL2395,C0,RAD,3.0,EDOF,-1.125,0.02854386835308471
R8_R6_LB_AL2395_C0_RAD_EDOF_EPD3,R6_LB_AL2395_C0_RAD_EPD3,LB_AL2395,C0,RAD,3.0,EDOF,-1.25,0.00877127309545231
R8_R6_LB_AL2395_C0_RAD_EDOF_EPD3,R6_LB_AL2395_C0_RAD_EPD3,LB_AL2395,C0,RAD,3.0,EDOF,-1.375,0.020178118145736626
R8_R6_LB_AL2395_C0_RAD_EDOF_EPD3,R6_LB_AL2395_C0_RAD_EPD3,LB_AL2395,C0,RAD,3.0,EDOF,-1.5,0.01914635915042698
R8_R6_LB_AL2395_C0_RAD_EDOF_EPD3,R6_LB_AL2395_C0_RAD_EPD3,LB_AL2395,C0,RAD,3.0,EDOF,-1.625,0.01024078549863322
R8_R6_LB_AL2395_C0_RAD_EDOF_EPD3,R6_LB_AL2395_C0_RAD_EPD3,LB_AL2395,C0,RAD,3.0,EDOF,-1.75,0.026936342589553686
R8_R6_LB_AL2395_C0_RAD_EDOF_EPD3,R6_LB_AL2395_C0_RAD_EPD3,LB_AL2395,C0,RAD,3.0,EDOF,-1.875,0.01699903443944183
R8_R6_LB_AL2395_C0_RAD_EDOF_EPD3,R6_LB_AL2395_C0_RAD_EPD3,LB_AL2395,C0,RAD,3.0,EDOF,-2.0,0.0023173550259433183
R8_R6_LB_AL2395_C0_RAD_EDOF_EPD3,R6_LB_AL2395_C0_RAD_EPD3,LB_AL2395,C0,RAD,3.0,EDOF,-2.125,0.004998970523560509
R8_R6_LB_AL2395_C0_RAD_EDOF_EPD3,R6_LB_AL2395_C0_RAD_EPD3,LB_AL2395,C0,RAD,3.0,EDOF,-2.25,0.009324707099159472
R8_R6_LB_AL2395_C0_RAD_EDOF_EPD3,R6_LB_AL2395_C0_RAD_EPD3,LB_AL2395,C0,RAD,3.0,EDOF,-2.375,0.007255116613298139
R8_R6_LB_AL2395_C0_RAD_EDOF_EPD3,R6_LB_AL2395_C0_RAD_EPD3,LB_AL2395,C0,RAD,3.0,EDOF,-2.5,0.0034960298689419122
R8_R6_LB_AL2395_C0_RAD_EDOF_EPD3,R6_LB_AL2395_C0_RAD_EPD3,LB_AL2395,C0,RAD,3.0,EDOF,-2.625,0.010136750765228382
R8_R6_LB_AL2395_C0_RAD_EDOF_EPD3,R6_LB_AL2395_C0_RAD_EPD3,LB_AL2395,C0,RAD,3.0,EDOF,-2.75,0.006323642895615194
R8_R6_LB_AL2395_C0_RAD_EDOF_EPD3,R6_LB_AL2395_C0_RAD_EPD3,LB_AL2395,C0,RAD,3.0,EDOF,-2.875,0.006626633640926887
R8_R6_LB_AL2395_C0_RAD_EDOF_EPD3,R6_LB_AL2395_C0_RAD_EPD3,LB_AL2395,C0,RAD,3.0,EDOF,-3.0,0.016568220274159943
R8_R6_LB_AL2395_C0_RAD_EDOF_EPD3,R6_LB_AL2395_C0_RAD_EPD3,LB_AL2395,C0,RAD,3.0,EDOF,-3.125,0.019110812544831747
R8_R6_LB_AL2395_C0_RAD_EDOF_EPD3,R6_LB_AL2395_C0_RAD_EPD3,LB_AL2395,C0,RAD,3.0,EDOF,-3.25,0.007933726412764668
R8_R6_LB_AL2395_C0_RAD_EDOF_EPD3,R6_LB_AL2395_C0_RAD_EPD3,LB_AL2395,C0,RAD,3.0,EDOF,-3.375,0.0010396387889215844
R8_R6_LB_AL2395_C0_RAD_EDOF_EPD3,R6_LB_AL2395_C0_RAD_EPD3,LB_AL2395,C0,RAD,3.0,EDOF,-3.5,0.01111443306441351
R8_R6_LB_AL2395_C0_RAD_EDOF_EPD3,R6_LB_AL2395_C0_RAD_EPD3,LB_AL2395,C0,RAD,3.0,EDOF,-3.625,0.027993785452536557
R8_R6_LB_AL2395_C0_RAD_EDOF_EPD3,R6_LB_AL2395_C0_RAD_EPD3,LB_AL2395,C0,RAD,3.0,EDOF,-3.75,0.036918611745670384
R8_R6_LB_AL2395_C0_RAD_EDOF_EPD3,R6_LB_AL2395_C0_RAD_EPD3,LB_AL2395,C0,RAD,3.0,EDOF,-3.875,0.031861308845460574
R8_R6_LB_AL2395_C0_RAD_EDOF_EPD3,R6_LB_AL2395_C0_RAD_EPD3,LB_AL2395,C0,RAD,3.0,EDOF,-4.0,0.01360664565304447
R8_R6_LB_AL2395_C0_RAD_EDOF_EPD3,R6_LB_AL2395_C0_RAD_EPD3,LB_AL2395,C0,RAD,3.0,EDOF,-4.125,0.005398741116886428
R8_R6_LB_AL2395_C0_RAD_EDOF_EPD3,R6_LB_AL2395_C0_RAD_EPD3,LB_AL2395,C0,RAD,3.0,EDOF,-4.25,0.0046378220287409955
R8_R6_LB_AL2395_C0_RAD_EDOF_EPD3,R6_LB_AL2395_C0_RAD_EPD3,LB_AL2395,C0,RAD,3.0,EDOF,-4.375,0.017524097086027087
R8_R6_LB_AL2395_C0_RAD_EDOF_EPD3,R6_LB_AL2395_C0_RAD_EPD3,LB_AL2395,C0,RAD,3.0,EDOF,-4.5,0.03527147143962436
R8_R6_LB_AL2395_C0_RAD_EDOF_EPD3,R6_LB_AL2395_C0_RAD_EPD3,LB_AL2395,C0,RAD,3.0,EDOF,-4.625,0.028745348264133976
R8_R6_LB_AL2395_C0_RAD_EDOF_EPD3,R6_LB_AL2395_C0_RAD_EPD3,LB_AL2395,C0,RAD,3.0,EDOF,-4.75,0.006102897403771631
R8_R6_LB_AL2395_C0_RAD_EDOF_EPD3,R6_LB_AL2395_C0_RAD_EPD3,LB_AL2395,C0,RAD,3.0,EDOF,-4.875,0.010617523302544406
R8_R6_LB_AL2395_C0_RAD_EDOF_EPD3,R6_LB_AL2395_C0_RAD_EPD3,LB_AL2395,C0,RAD,3.0,EDOF,-5.0,0.010948446599698807
R8_R6_LB_AL2395_C0_RAD_MONO_EPD5,R6_LB_AL2395_C0_RAD_EPD5,LB_AL2395,C0,RAD,5.0,MONO,1.0,0.05323538974164796
R8_R6_LB_AL2395_C0_RAD_MONO_EPD5,R6_LB_AL2395_C0_RAD_EPD5,LB_AL2395,C0,RAD,5.0,MONO,0.875,0.004690293831754469
R8_R6_LB_AL2395_C0_RAD_MONO_EPD5,R6_LB_AL2395_C0_RAD_EPD5,LB_AL2395,C0,RAD,5.0,MONO,0.75,0.0006243427654519977
R8_R6_LB_AL2395_C0_RAD_MONO_EPD5,R6_LB_AL2395_C0_RAD_EPD5,LB_AL2395,C0,RAD,5.0,MONO,0.625,0.017945899633016755
R8_R6_LB_AL2395_C0_RAD_MONO_EPD5,R6_LB_AL2395_C0_RAD_EPD5,LB_AL2395,C0,RAD,5.0,MONO,0.5,0.040549962044830946
R8_R6_LB_AL2395_C0_RAD_MONO_EPD5,R6_LB_AL2395_C0_RAD_EPD5,LB_AL2395,C0,RAD,5.0,MONO,0.375,0.028397850671649492
R8_R6_LB_AL2395_C0_RAD_MONO_EPD5,R6_LB_AL2395_C0_RAD_EPD5,LB_AL2395,C0,RAD,5.0,MONO,0.25,0.022140212895903854
R8_R6_LB_AL2395_C0_RAD_MONO_EPD5,R6_LB_AL2395_C0_RAD_EPD5,LB_AL2395,C0,RAD,5.0,MONO,0.125,0.17371142427076688
R8_R6_LB_AL2395_C0_RAD_MONO_EPD5,R6_LB_AL2395_C0_RAD_EPD5,LB_AL2395,C0,RAD,5.0,MONO,0.0,0.27585470466494055
R8_R6_LB_AL2395_C0_RAD_MONO_EPD5,R6_LB_AL2395_C0_RAD_EPD5,LB_AL2395,C0,RAD,5.0,MONO,-0.125,0.1759240221323802
R8_R6_LB_AL2395_C0_RAD_MONO_EPD5,R6_LB_AL2395_C0_RAD_EPD5,LB_AL2395,C0,RAD,5.0,MONO,-0.25,0.02851141104293581
R8_R6_LB_AL2395_C0_RAD_MONO_EPD5,R6_LB_AL2395_C0_RAD_EPD5,LB_AL2395,C0,RAD,5.0,MONO,-0.375,0.03526969458216696
R8_R6_LB_AL2395_C0_RAD_MONO_EPD5,R6_LB_AL2395_C0_RAD_EPD5,LB_AL2395,C0,RAD,5.0,MONO,-0.5,0.004173059728207872
R8_R6_LB_AL2395_C0_RAD_MONO_EPD5,R6_LB_AL2395_C0_RAD_EPD5,LB_AL2395,C0,RAD,5.0,MONO,-0.625,0.009089285429385096
R8_R6_LB_AL2395_C0_RAD_MONO_EPD5,R6_LB_AL2395_C0_RAD_EPD5,LB_AL2395,C0,RAD,5.0,MONO,-0.75,0.003853228052211921
R8_R6_LB_AL2395_C0_RAD_MONO_EPD5,R6_LB_AL2395_C0_RAD_EPD5,LB_AL2395,C0,RAD,5.0,MONO,-0.875,0.005522803053003881
R8_R6_LB_AL2395_C0_RAD_MONO_EPD5,R6_LB_AL2395_C0_RAD_EPD5,LB_AL2395,C0,RAD,5.0,MONO,-1.0,0.0009553743063673058
R8_R6_LB_AL2395_C0_RAD_MONO_EPD5,R6_LB_AL2395_C0_RAD_EPD5,LB_AL2395,C0,RAD,5.0,MONO,-1.125,0.0008285178930278712
R8_R6_LB_AL2395_C0_RAD_MONO_EPD5,R6_LB_AL2395_C0_RAD_EPD5,LB_AL2395,C0,RAD,5.0,MONO,-1.25,0.0015606059118963482
R8_R6_LB_AL2395_C0_RAD_MONO_EPD5,R6_LB_AL2395_C0_RAD_EPD5,LB_AL2395,C0,RAD,5.0,MONO,-1.375,0.0011821640621087486
R8_R6_LB_AL2395_C0_RAD_MONO_EPD5,R6_LB_AL2395_C0_RAD_EPD5,LB_AL2395,C0,RAD,5.0,MONO,-1.5,0.00026933812940902873
R8_R6_LB_AL2395_C0_RAD_MONO_EPD5,R6_LB_AL2395_C0_RAD_EPD5,LB_AL2395,C0,RAD,5.0,MONO,-1.625,0.0003745878526899848
R8_R6_LB_AL2395_C0_RAD_MONO_EPD5,R6_LB_AL2395_C0_RAD_EPD5,LB_AL2395,C0,RAD,5.0,MONO,-1.75,0.0002189228544619258
R8_R6_LB_AL2395_C0_RAD_MONO_EPD5,R6_LB_AL2395_C0_RAD_EPD5,LB_AL2395,C0,RAD,5.0,MONO,-1.875,0.000619686330440224
R8_R6_LB_AL2395_C0_RAD_MONO_EPD5,R6_LB_AL2395_C0_RAD_EPD5,LB_AL2395,C0,RAD,5.0,MONO,-2.0,0.0005319880084911836
R8_R6_LB_AL2395_C0_RAD_MONO_EPD5,R6_LB_AL2395_C0_RAD_EPD5,LB_AL2395,C0,RAD,5.0,MONO,-2.125,0.0010762419630195588
R8_R6_LB_AL2395_C0_RAD_MONO_EPD5,R6_LB_AL2395_C0_RAD_EPD5,LB_AL2395,C0,RAD,5.0,MONO,-2.25,0.0006834299100148879
R8_R6_LB_AL2395_C0_RAD_MONO_EPD5,R6_LB_AL2395_C0_RAD_EPD5,LB_AL2395,C0,RAD,5.0,MONO,-2.375,0.0011672892670489174
R8_R6_LB_AL2395_C0_RAD_MONO_EPD5,R6_LB_AL2395_C0_RAD_EPD5,LB_AL2395,C0,RAD,5.0,MONO,-2.5,0.0002576199659346936
R8_R6_LB_AL2395_C0_RAD_MONO_EPD5,R6_LB_AL2395_C0_RAD_EPD5,LB_AL2395,C0,RAD,5.0,MONO,-2.625,0.0017980725412762842
R8_R6_LB_AL2395_C0_RAD_MONO_EPD5,R6_LB_AL2395_C0_RAD_EPD5,LB_AL2395,C0,RAD,5.0,MONO,-2.75,0.001019475400300051
R8_R6_LB_AL2395_C0_RAD_MONO_EPD5,R6_LB_AL2395_C0_RAD_EPD5,LB_AL2395,C0,RAD,5.0,MONO,-2.875,0.0005858957211016302
R8_R6_LB_AL2395_C0_RAD_MONO_EPD5,R6_LB_AL2395_C0_RAD_EPD5,LB_AL2395,C0,RAD,5.0,MONO,-3.0,0.0010284712077054889
R8_R6_LB_AL2395_C0_RAD_MONO_EPD5,R6_LB_AL2395_C0_RAD_EPD5,LB_AL2395,C0,RAD,5.0,MONO,-3.125,0.00036720414438121807
R8_R6_LB_AL2395_C0_RAD_MONO_EPD5,R6_LB_AL2395_C0_RAD_EPD5,LB_AL2395,C0,RAD,5.0,MONO,-3.25,0.0010589135218241174
R8_R6_LB_AL2395_C0_RAD_MONO_EPD5,R6_LB_AL2395_C0_RAD_EPD5,LB_AL2395,C0,RAD,5.0,MONO,-3.375,0.0003267510363966403
R8_R6_LB_AL2395_C0_RAD_MONO_EPD5,R6_LB_AL2395_C0_RAD_EPD5,LB_AL2395,C0,RAD,5.0,MONO,-3.5,0.00099970349089623
R8_R6_LB_AL2395_C0_RAD_MONO_EPD5,R6_LB_AL2395_C0_RAD_EPD5,LB_AL2395,C0,RAD,5.0,MONO,-3.625,0.0006851197297029238
R8_R6_LB_AL2395_C0_RAD_MONO_EPD5,R6_LB_AL2395_C0_RAD_EPD5,LB_AL2395,C0,RAD,5.0,MONO,-3.75,0.0004505893097417532
R8_R6_LB_AL2395_C0_RAD_MONO_EPD5,R6_LB_AL2395_C0_RAD_EPD5,LB_AL2395,C0,RAD,5.0,MONO,-3.875,0.0006581640282565986
R8_R6_LB_AL2395_C0_RAD_MONO_EPD5,R6_LB_AL2395_C0_RAD_EPD5,LB_AL2395,C0,RAD,5.0,MONO,-4.0,0.00033561917810037576
R8_R6_LB_AL2395_C0_RAD_MONO_EPD5,R6_LB_AL2395_C0_RAD_EPD5,LB_AL2395,C0,RAD,5.0,MONO,-4.125,0.0002603939632615435
R8_R6_LB_AL2395_C0_RAD_MONO_EPD5,R6_LB_AL2395_C0_RAD_EPD5,LB_AL2395,C0,RAD,5.0,MONO,-4.25,0.0007430728477245918
R8_R6_LB_AL2395_C0_RAD_MONO_EPD5,R6_LB_AL2395_C0_RAD_EPD5,LB_AL2395,C0,RAD,5.0,MONO,-4.375,0.001516961290122635
R8_R6_LB_AL2395_C0_RAD_MONO_EPD5,R6_LB_AL2395_C0_RAD_EPD5,LB_AL2395,C0,RAD,5.0,MONO,-4.5,0.0007861963350033524
R8_R6_LB_AL2395_C0_RAD_MONO_EPD5,R6_LB_AL2395_C0_RAD_EPD5,LB_AL2395,C0,RAD,5.0,MONO,-4.625,0.0003442086075547329
R8_R6_LB_AL2395_C0_RAD_MONO_EPD5,R6_LB_AL2395_C0_RAD_EPD5,LB_AL2395,C0,RAD,5.0,MONO,-4.75,0.0007893124313542336
R8_R6_LB_AL2395_C0_RAD_MONO_EPD5,R6_LB_AL2395_C0_RAD_EPD5,LB_AL2395,C0,RAD,5.0,MONO,-4.875,1.3549199240356786e-05
R8_R6_LB_AL2395_C0_RAD_MONO_EPD5,R6_LB_AL2395_C0_RAD_EPD5,LB_AL2395,C0,RAD,5.0,MONO,-5.0,0.0010729967913963928
R8_R6_LB_AL2395_C0_RAD_EDOF_EPD5,R6_LB_AL2395_C0_RAD_EPD5,LB_AL2395,C0,RAD,5.0,EDOF,1.0,0.042121627704433715
R8_R6_LB_AL2395_C0_RAD_EDOF_EPD5,R6_LB_AL2395_C0_RAD_EPD5,LB_AL2395,C0,RAD,5.0,EDOF,0.875,0.13098901966883522
R8_R6_LB_AL2395_C0_RAD_EDOF_EPD5,R6_LB_AL2395_C0_RAD_EPD5,LB_AL2395,C0,RAD,5.0,EDOF,0.75,0.13395667162436423
R8_R6_LB_AL2395_C0_RAD_EDOF_EPD5,R6_LB_AL2395_C0_RAD_EPD5,LB_AL2395,C0,RAD,5.0,EDOF,0.625,0.011149585308882907
R8_R6_LB_AL2395_C0_RAD_EDOF_EPD5,R6_LB_AL2395_C0_RAD_EPD5,LB_AL2395,C0,RAD,5.0,EDOF,0.5,0.05628022259814561
R8_R6_LB_AL2395_C0_RAD_EDOF_EPD5,R6_LB_AL2395_C0_RAD_EPD5,LB_AL2395,C0,RAD,5.0,EDOF,0.375,0.1180210777308886
R8_R6_LB_AL2395_C0_RAD_EDOF_EPD5,R6_LB_AL2395_C0_RAD_EPD5,LB_AL2395,C0,RAD,5.0,EDOF,0.25,0.10382715132124486
R8_R6_LB_AL2395_C0_RAD_EDOF_EPD5,R6_LB_AL2395_C0_RAD_EPD5,LB_AL2395,C0,RAD,5.0,EDOF,0.125,0.025326648581361962
R8_R6_LB_AL2395_C0_RAD_EDOF_EPD5,R6_LB_AL2395_C0_RAD_EPD5,LB_AL2395,C0,RAD,5.0,EDOF,0.0,0.009387432067351814
R8_R6_LB_AL2395_C0_RAD_EDOF_EPD5,R6_LB_AL2395_C0_RAD_EPD5,LB_AL2395,C0,RAD,5.0,EDOF,-0.125,0.006795396279896188
R8_R6_LB_AL2395_C0_RAD_EDOF_EPD5,R6_LB_AL2395_C0_RAD_EPD5,LB_AL2395,C0,RAD,5.0,EDOF,-0.25,0.008980070876104895
R8_R6_LB_AL2395_C0_RAD_EDOF_EPD5,R6_LB_AL2395_C0_RAD_EPD5,LB_AL2395,C0,RAD,5.0,EDOF,-0.375,0.021979707145384685
R8_R6_LB_AL2395_C0_RAD_EDOF_EPD5,R6_LB_AL2395_C0_RAD_EPD5,LB_AL2395,C0,RAD,5.0,EDOF,-0.5,0.003515465392246549
R8_R6_LB_AL2395_C0_RAD_EDOF_EPD5,R6_LB_AL2395_C0_RAD_EPD5,LB_AL2395,C0,RAD,5.0,EDOF,-0.625,0.00449233495848211
R8_R6_LB_AL2395_C0_RAD_EDOF_EPD5,R6_LB_AL2395_C0_RAD_EPD5,LB_AL2395,C0,RAD,5.0,EDOF,-0.75,0.0031971787279269593
R8_R6_LB_AL2395_C0_RAD_EDOF_EPD5,R6_LB_AL2395_C0_RAD_EPD5,LB_AL2395,C0,RAD,5.0,EDOF,-0.875,0.005143966448995456
R8_R6_LB_AL2395_C0_RAD_EDOF_EPD5,R6_LB_AL2395_C0_RAD_EPD5,LB_AL2395,C0,RAD,5.0,EDOF,-1.0,0.01957644804247587
R8_R6_LB_AL2395_C0_RAD_EDOF_EPD5,R6_LB_AL2395_C0_RAD_EPD5,LB_AL2395,C0,RAD,5.0,EDOF,-1.125,0.009917009724464463
R8_R6_LB_AL2395_C0_RAD_EDOF_EPD5,R6_LB_AL2395_C0_RAD_EPD5,LB_AL2395,C0,RAD,5.0,EDOF,-1.25,0.001452296186819199
R8_R6_LB_AL2395_C0_RAD_EDOF_EPD5,R6_LB_AL2395_C0_RAD_EPD5,LB_AL2395,C0,RAD,5.0,EDOF,-1.375,0.004343679023907178
R8_R6_LB_AL2395_C0_RAD_EDOF_EPD5,R6_LB_AL2395_C0_RAD_EPD5,LB_AL2395,C0,RAD,5.0,EDOF,-1.5,0.0031034812697094648
R8_R6_LB_AL2395_C0_RAD_EDOF_EPD5,R6_LB_AL2395_C0_RAD_EPD5,LB_AL2395,C0,RAD,5.0,EDOF,-1.625,0.00169289012400297
R8_R6_LB_AL2395_C0_RAD_EDOF_EPD5,R6_LB_AL2395_C0_RAD_EPD5,LB_AL2395,C0,RAD,5.0,EDOF,-1.75,0.006465537173514216
R8_R6_LB_AL2395_C0_RAD_EDOF_EPD5,R6_LB_AL2395_C0_RAD_EPD5,LB_AL2395,C0,RAD,5.0,EDOF,-1.875,0.009032083066627816
R8_R6_LB_AL2395_C0_RAD_EDOF_EPD5,R6_LB_AL2395_C0_RAD_EPD5,LB_AL2395,C0,RAD,5.0,EDOF,-2.0,0.003169891706269932
R8_R6_LB_AL2395_C0_RAD_EDOF_EPD5,R6_LB_AL2395_C0_RAD_EPD5,LB_AL2395,C0,RAD,5.0,EDOF,-2.125,0.002948190991238701
R8_R6_LB_AL2395_C0_RAD_EDOF_EPD5,R6_LB_AL2395_C0_RAD_EPD5,LB_AL2395,C0,RAD,5.0,EDOF,-2.25,0.003924945017580943
R8_R6_LB_AL2395_C0_RAD_EDOF_EPD5,R6_LB_AL2395_C0_RAD_EPD5,LB_AL2395,C0,RAD,5.0,EDOF,-2.375,0.0005476754805257166
R8_R6_LB_AL2395_C0_RAD_EDOF_EPD5,R6_LB_AL2395_C0_RAD_EPD5,LB_AL2395,C0,RAD,5.0,EDOF,-2.5,0.0038418697268729897
R8_R6_LB_AL2395_C0_RAD_EDOF_EPD5,R6_LB_AL2395_C0_RAD_EPD5,LB_AL2395,C0,RAD,5.0,EDOF,-2.625,0.0046486891934529396
R8_R6_LB_AL2395_C0_RAD_EDOF_EPD5,R6_LB_AL2395_C0_RAD_EPD5,LB_AL2395,C0,RAD,5.0,EDOF,-2.75,0.0016151234065092325
R8_R6_LB_AL2395_C0_RAD_EDOF_EPD5,R6_LB_AL2395_C0_RAD_EPD5,LB_AL2395,C0,RAD,5.0,EDOF,-2.875,0.006296066366569873
R8_R6_LB_AL2395_C0_RAD_EDOF_EPD5,R6_LB_AL2395_C0_RAD_EPD5,LB_AL2395,C0,RAD,5.0,EDOF,-3.0,0.0031112637465602424
R8_R6_LB_AL2395_C0_RAD_EDOF_EPD5,R6_LB_AL2395_C0_RAD_EPD5,LB_AL2395,C0,RAD,5.0,EDOF,-3.125,0.007452352984892146
R8_R6_LB_AL2395_C0_RAD_EDOF_EPD5,R6_LB_AL2395_C0_RAD_EPD5,LB_AL2395,C0,RAD,5.0,EDOF,-3.25,0.005445112460728439
R8_R6_LB_AL2395_C0_RAD_EDOF_EPD5,R6_LB_AL2395_C0_RAD_EPD5,LB_AL2395,C0,RAD,5.0,EDOF,-3.375,0.0028317157236853055
R8_R6_LB_AL2395_C0_RAD_EDOF_EPD5,R6_LB_AL2395_C0_RAD_EPD5,LB_AL2395,C0,RAD,5.0,EDOF,-3.5,0.005787780040148331
R8_R6_LB_AL2395_C0_RAD_EDOF_EPD5,R6_LB_AL2395_C0_RAD_EPD5,LB_AL2395,C0,RAD,5.0,EDOF,-3.625,0.00700498871567936
R8_R6_LB_AL2395_C0_RAD_EDOF_EPD5,R6_LB_AL2395_C0_RAD_EPD5,LB_AL2395,C0,RAD,5.0,EDOF,-3.75,0.011392416795919166
R8_R6_LB_AL2395_C0_RAD_EDOF_EPD5,R6_LB_AL2395_C0_RAD_EPD5,LB_AL2395,C0,RAD,5.0,EDOF,-3.875,0.015616984356939657
R8_R6_LB_AL2395_C0_RAD_EDOF_EPD5,R6_LB_AL2395_C0_RAD_EPD5,LB_AL2395,C0,RAD,5.0,EDOF,-4.0,0.0014570766982752081
R8_R6_LB_AL2395_C0_RAD_EDOF_EPD5,R6_LB_AL2395_C0_RAD_EPD5,LB_AL2395,C0,RAD,5.0,EDOF,-4.125,0.00026873562301840453
R8_R6_LB_AL2395_C0_RAD_EDOF_EPD5,R6_LB_AL2395_C0_RAD_EPD5,LB_AL2395,C0,RAD,5.0,EDOF,-4.25,0.0010234255647327605
R8_R6_LB_AL2395_C0_RAD_EDOF_EPD5,R6_LB_AL2395_C0_RAD_EPD5,LB_AL2395,C0,RAD,5.0,EDOF,-4.375,0.0034335693580254296
R8_R6_LB_AL2395_C0_RAD_EDOF_EPD5,R6_LB_AL2395_C0_RAD_EPD5,LB_AL2395,C0,RAD,5.0,EDOF,-4.5,0.01877168474010478
R8_R6_LB_AL2395_C0_RAD_EDOF_EPD5,R6_LB_AL2395_C0_RAD_EPD5,LB_AL2395,C0,RAD,5.0,EDOF,-4.625,0.006279555116620628
R8_R6_LB_AL2395_C0_RAD_EDOF_EPD5,R6_LB_AL2395_C0_RAD_EPD5,LB_AL2395,C0,RAD,5.0,EDOF,-4.75,0.0016717999039409376
R8_R6_LB_AL2395_C0_RAD_EDOF_EPD5,R6_LB_AL2395_C0_RAD_EPD5,LB_AL2395,C0,RAD,5.0,EDOF,-4.875,0.0007501733981392786
R8_R6_LB_AL2395_C0_RAD_EDOF_EPD5,R6_LB_AL2395_C0_RAD_EPD5,LB_AL2395,C0,RAD,5.0,EDOF,-5.0,0.01105644686983507
R8_R6_LB_AL2395_C0_HOA_MONO_EPD3,R6_LB_AL2395_C0_HOA_EPD3,LB_AL2395,C0,HOA,3.0,MONO,1.0,0.009380780469654282
R8_R6_LB_AL2395_C0_HOA_MONO_EPD3,R6_LB_AL2395_C0_HOA_EPD3,LB_AL2395,C0,HOA,3.0,MONO,0.875,0.010971436563289779
R8_R6_LB_AL2395_C0_HOA_MONO_EPD3,R6_LB_AL2395_C0_HOA_EPD3,LB_AL2395,C0,HOA,3.0,MONO,0.75,5.282384611117922e-05
R8_R6_LB_AL2395_C0_HOA_MONO_EPD3,R6_LB_AL2395_C0_HOA_EPD3,LB_AL2395,C0,HOA,3.0,MONO,0.625,0.04577927841793161
R8_R6_LB_AL2395_C0_HOA_MONO_EPD3,R6_LB_AL2395_C0_HOA_EPD3,LB_AL2395,C0,HOA,3.0,MONO,0.5,0.07112712593715989
R8_R6_LB_AL2395_C0_HOA_MONO_EPD3,R6_LB_AL2395_C0_HOA_EPD3,LB_AL2395,C0,HOA,3.0,MONO,0.375,0.09389892637360601
R8_R6_LB_AL2395_C0_HOA_MONO_EPD3,R6_LB_AL2395_C0_HOA_EPD3,LB_AL2395,C0,HOA,3.0,MONO,0.25,0.21984913423933886
R8_R6_LB_AL2395_C0_HOA_MONO_EPD3,R6_LB_AL2395_C0_HOA_EPD3,LB_AL2395,C0,HOA,3.0,MONO,0.125,0.43159482095261187
R8_R6_LB_AL2395_C0_HOA_MONO_EPD3,R6_LB_AL2395_C0_HOA_EPD3,LB_AL2395,C0,HOA,3.0,MONO,0.0,0.506438897374004
R8_R6_LB_AL2395_C0_HOA_MONO_EPD3,R6_LB_AL2395_C0_HOA_EPD3,LB_AL2395,C0,HOA,3.0,MONO,-0.125,0.30027939069287796
R8_R6_LB_AL2395_C0_HOA_MONO_EPD3,R6_LB_AL2395_C0_HOA_EPD3,LB_AL2395,C0,HOA,3.0,MONO,-0.25,0.0002969137390379239
R8_R6_LB_AL2395_C0_HOA_MONO_EPD3,R6_LB_AL2395_C0_HOA_EPD3,LB_AL2395,C0,HOA,3.0,MONO,-0.375,0.09983873772917909
R8_R6_LB_AL2395_C0_HOA_MONO_EPD3,R6_LB_AL2395_C0_HOA_EPD3,LB_AL2395,C0,HOA,3.0,MONO,-0.5,0.01115827756931676
R8_R6_LB_AL2395_C0_HOA_MONO_EPD3,R6_LB_AL2395_C0_HOA_EPD3,LB_AL2395,C0,HOA,3.0,MONO,-0.625,0.09141439407510267
R8_R6_LB_AL2395_C0_HOA_MONO_EPD3,R6_LB_AL2395_C0_HOA_EPD3,LB_AL2395,C0,HOA,3.0,MONO,-0.75,0.029379091547180082
R8_R6_LB_AL2395_C0_HOA_MONO_EPD3,R6_LB_AL2395_C0_HOA_EPD3,LB_AL2395,C0,HOA,3.0,MONO,-0.875,0.04257451956335804
R8_R6_LB_AL2395_C0_HOA_MONO_EPD3,R6_LB_AL2395_C0_HOA_EPD3,LB_AL2395,C0,HOA,3.0,MONO,-1.0,0.017361703079081494
R8_R6_LB_AL2395_C0_HOA_MONO_EPD3,R6_LB_AL2395_C0_HOA_EPD3,LB_AL2395,C0,HOA,3.0,MONO,-1.125,0.0301963893547491
R8_R6_LB_AL2395_C0_HOA_MONO_EPD3,R6_LB_AL2395_C0_HOA_EPD3,LB_AL2395,C0,HOA,3.0,MONO,-1.25,0.015674939146697212
R8_R6_LB_AL2395_C0_HOA_MONO_EPD3,R6_LB_AL2395_C0_HOA_EPD3,LB_AL2395,C0,HOA,3.0,MONO,-1.375,0.0182505378470651
R8_R6_LB_AL2395_C0_HOA_MONO_EPD3,R6_LB_AL2395_C0_HOA_EPD3,LB_AL2395,C0,HOA,3.0,MONO,-1.5,0.008266881854214285
R8_R6_LB_AL2395_C0_HOA_MONO_EPD3,R6_LB_AL2395_C0_HOA_EPD3,LB_AL2395,C0,HOA,3.0,MONO,-1.625,0.015325431633984204
R8_R6_LB_AL2395_C0_HOA_MONO_EPD3,R6_LB_AL2395_C0_HOA_EPD3,LB_AL2395,C0,HOA,3.0,MONO,-1.75,0.006577383320659296
R8_R6_LB_AL2395_C0_HOA_MONO_EPD3,R6_LB_AL2395_C0_HOA_EPD3,LB_AL2395,C0,HOA,3.0,MONO,-1.875,0.010301696105048316
R8_R6_LB_AL2395_C0_HOA_MONO_EPD3,R6_LB_AL2395_C0_HOA_EPD3,LB_AL2395,C0,HOA,3.0,MONO,-2.0,0.0023730391510196833
R8_R6_LB_AL2395_C0_HOA_MONO_EPD3,R6_LB_AL2395_C0_HOA_EPD3,LB_AL2395,C0,HOA,3.0,MONO,-2.125,0.008898266300026141
R8_R6_LB_AL2395_C0_HOA_MONO_EPD3,R6_LB_AL2395_C0_HOA_EPD3,LB_AL2395,C0,HOA,3.0,MONO,-2.25,0.00021907454360644633
R8_R6_LB_AL2395_C0_HOA_MONO_EPD3,R6_LB_AL2395_C0_HOA_EPD3,LB_AL2395,C0,HOA,3.0,MONO,-2.375,0.007955323384704985
R8_R6_LB_AL2395_C0_HOA_MONO_EPD3,R6_LB_AL2395_C0_HOA_EPD3,LB_AL2395,C0,HOA,3.0,MONO,-2.5,0.000914399663227714
R8_R6_LB_AL2395_C0_HOA_MONO_EPD3,R6_LB_AL2395_C0_HOA_EPD3,LB_AL2395,C0,HOA,3.0,MONO,-2.625,0.007162544643748309
R8_R6_LB_AL2395_C0_HOA_MONO_EPD3,R6_LB_AL2395_C0_HOA_EPD3,LB_AL2395,C0,HOA,3.0,MONO,-2.75,0.001065275025512636
R8_R6_LB_AL2395_C0_HOA_MONO_EPD3,R6_LB_AL2395_C0_HOA_EPD3,LB_AL2395,C0,HOA,3.0,MONO,-2.875,0.005534150429750633
R8_R6_LB_AL2395_C0_HOA_MONO_EPD3,R6_LB_AL2395_C0_HOA_EPD3,LB_AL2395,C0,HOA,3.0,MONO,-3.0,0.0016998330202088639
R8_R6_LB_AL2395_C0_HOA_MONO_EPD3,R6_LB_AL2395_C0_HOA_EPD3,LB_AL2395,C0,HOA,3.0,MONO,-3.125,0.004382137337851615
R8_R6_LB_AL2395_C0_HOA_MONO_EPD3,R6_LB_AL2395_C0_HOA_EPD3,LB_AL2395,C0,HOA,3.0,MONO,-3.25,0.0018140531903663988
R8_R6_LB_AL2395_C0_HOA_MONO_EPD3,R6_LB_AL2395_C0_HOA_EPD3,LB_AL2395,C0,HOA,3.0,MONO,-3.375,0.0026345876152768666
R8_R6_LB_AL2395_C0_HOA_MONO_EPD3,R6_LB_AL2395_C0_HOA_EPD3,LB_AL2395,C0,HOA,3.0,MONO,-3.5,0.0029439441198421262
R8_R6_LB_AL2395_C0_HOA_MONO_EPD3,R6_LB_AL2395_C0_HOA_EPD3,LB_AL2395,C0,HOA,3.0,MONO,-3.625,0.002180174983607123
R8_R6_LB_AL2395_C0_HOA_MONO_EPD3,R6_LB_AL2395_C0_HOA_EPD3,LB_AL2395,C0,HOA,3.0,MONO,-3.75,0.003202914787204613
R8_R6_LB_AL2395_C0_HOA_MONO_EPD3,R6_LB_AL2395_C0_HOA_EPD3,LB_AL2395,C0,HOA,3.0,MONO,-3.875,0.0020278865283842157
R8_R6_LB_AL2395_C0_HOA_MONO_EPD3,R6_LB_AL2395_C0_HOA_EPD3,LB_AL2395,C0,HOA,3.0,MONO,-4.0,0.0024138221168521143
R8_R6_LB_AL2395_C0_HOA_MONO_EPD3,R6_LB_AL2395_C0_HOA_EPD3,LB_AL2395,C0,HOA,3.0,MONO,-4.125,0.0010972614592303443
R8_R6_LB_AL2395_C0_HOA_MONO_EPD3,R6_LB_AL2395_C0_HOA_EPD3,LB_AL2395,C0,HOA,3.0,MONO,-4.25,0.0015630027894292166
R8_R6_LB_AL2395_C0_HOA_MONO_EPD3,R6_LB_AL2395_C0_HOA_EPD3,LB_AL2395,C0,HOA,3.0,MONO,-4.375,0.0009075478165934487
R8_R6_LB_AL2395_C0_HOA_MONO_EPD3,R6_LB_AL2395_C0_HOA_EPD3,LB_AL2395,C0,HOA,3.0,MONO,-4.5,0.0025043790677806658
R8_R6_LB_AL2395_C0_HOA_MONO_EPD3,R6_LB_AL2395_C0_HOA_EPD3,LB_AL2395,C0,HOA,3.0,MONO,-4.625,0.0010211468884920064
R8_R6_LB_AL2395_C0_HOA_MONO_EPD3,R6_LB_AL2395_C0_HOA_EPD3,LB_AL2395,C0,HOA,3.0,MONO,-4.75,0.002341304517524798
R8_R6_LB_AL2395_C0_HOA_MONO_EPD3,R6_LB_AL2395_C0_HOA_EPD3,LB_AL2395,C0,HOA,3.0,MONO,-4.875,0.001260308116608356
R8_R6_LB_AL2395_C0_HOA_MONO_EPD3,R6_LB_AL2395_C0_HOA_EPD3,LB_AL2395,C0,HOA,3.0,MONO,-5.0,0.0019682959234008915
R8_R6_LB_AL2395_C0_HOA_EDOF_EPD3,R6_LB_AL2395_C0_HOA_EPD3,LB_AL2395,C0,HOA,3.0,EDOF,1.0,0.029832505569142565
R8_R6_LB_AL2395_C0_HOA_EDOF_EPD3,R6_LB_AL2395_C0_HOA_EPD3,LB_AL2395,C0,HOA,3.0,EDOF,0.875,0.0422175117703648
R8_R6_LB_AL2395_C0_HOA_EDOF_EPD3,R6_LB_AL2395_C0_HOA_EPD3,LB_AL2395,C0,HOA,3.0,EDOF,0.75,0.006520754811593337
R8_R6_LB_AL2395_C0_HOA_EDOF_EPD3,R6_LB_AL2395_C0_HOA_EPD3,LB_AL2395,C0,HOA,3.0,EDOF,0.625,0.00499065131539734
R8_R6_LB_AL2395_C0_HOA_EDOF_EPD3,R6_LB_AL2395_C0_HOA_EPD3,LB_AL2395,C0,HOA,3.0,EDOF,0.5,0.03301415575942357
R8_R6_LB_AL2395_C0_HOA_EDOF_EPD3,R6_LB_AL2395_C0_HOA_EPD3,LB_AL2395,C0,HOA,3.0,EDOF,0.375,0.04289666410650981
R8_R6_LB_AL2395_C0_HOA_EDOF_EPD3,R6_LB_AL2395_C0_HOA_EPD3,LB_AL2395,C0,HOA,3.0,EDOF,0.25,0.00824773450696601
R8_R6_LB_AL2395_C0_HOA_EDOF_EPD3,R6_LB_AL2395_C0_HOA_EPD3,LB_AL2395,C0,HOA,3.0,EDOF,0.125,0.021146068702450897
R8_R6_LB_AL2395_C0_HOA_EDOF_EPD3,R6_LB_AL2395_C0_HOA_EPD3,LB_AL2395,C0,HOA,3.0,EDOF,0.0,0.07572471471517508
R8_R6_LB_AL2395_C0_HOA_EDOF_EPD3,R6_LB_AL2395_C0_HOA_EPD3,LB_AL2395,C0,HOA,3.0,EDOF,-0.125,0.18330208389858443
R8_R6_LB_AL2395_C0_HOA_EDOF_EPD3,R6_LB_AL2395_C0_HOA_EPD3,LB_AL2395,C0,HOA,3.0,EDOF,-0.25,0.17074381966482746
R8_R6_LB_AL2395_C0_HOA_EDOF_EPD3,R6_LB_AL2395_C0_HOA_EPD3,LB_AL2395,C0,HOA,3.0,EDOF,-0.375,0.0726803674225603
R8_R6_LB_AL2395_C0_HOA_EDOF_EPD3,R6_LB_AL2395_C0_HOA_EPD3,LB_AL2395,C0,HOA,3.0,EDOF,-0.5,0.017046897866254695
R8_R6_LB_AL2395_C0_HOA_EDOF_EPD3,R6_LB_AL2395_C0_HOA_EPD3,LB_AL2395,C0,HOA,3.0,EDOF,-0.625,0.025366888834779257
R8_R6_LB_AL2395_C0_HOA_EDOF_EPD3,R6_LB_AL2395_C0_HOA_EPD3,LB_AL2395,C0,HOA,3.0,EDOF,-0.75,0.02275555486868373
R8_R6_LB_AL2395_C0_HOA_EDOF_EPD3,R6_LB_AL2395_C0_HOA_EPD3,LB_AL2395,C0,HOA,3.0,EDOF,-0.875,0.0036887855267882476
R8_R6_LB_AL2395_C0_HOA_EDOF_EPD3,R6_LB_AL2395_C0_HOA_EPD3,LB_AL2395,C0,HOA,3.0,EDOF,-1.0,0.0023444623433918933
R8_R6_LB_AL2395_C0_HOA_EDOF_EPD3,R6_LB_AL2395_C0_HOA_EPD3,LB_AL2395,C0,HOA,3.0,EDOF,-1.125,0.0408392114253886
R8_R6_LB_AL2395_C0_HOA_EDOF_EPD3,R6_LB_AL2395_C0_HOA_EPD3,LB_AL2395,C0,HOA,3.0,EDOF,-1.25,0.050979350228318177
R8_R6_LB_AL2395_C0_HOA_EDOF_EPD3,R6_LB_AL2395_C0_HOA_EPD3,LB_AL2395,C0,HOA,3.0,EDOF,-1.375,0.021377249254833957
R8_R6_LB_AL2395_C0_HOA_EDOF_EPD3,R6_LB_AL2395_C0_HOA_EPD3,LB_AL2395,C0,HOA,3.0,EDOF,-1.5,0.0021051681018556625
R8_R6_LB_AL2395_C0_HOA_EDOF_EPD3,R6_LB_AL2395_C0_HOA_EPD3,LB_AL2395,C0,HOA,3.0,EDOF,-1.625,0.010292874033022852
R8_R6_LB_AL2395_C0_HOA_EDOF_EPD3,R6_LB_AL2395_C0_HOA_EPD3,LB_AL2395,C0,HOA,3.0,EDOF,-1.75,0.013949233239919812
R8_R6_LB_AL2395_C0_HOA_EDOF_EPD3,R6_LB_AL2395_C0_HOA_EPD3,LB_AL2395,C0,HOA,3.0,EDOF,-1.875,0.004438263516850538
R8_R6_LB_AL2395_C0_HOA_EDOF_EPD3,R6_LB_AL2395_C0_HOA_EPD3,LB_AL2395,C0,HOA,3.0,EDOF,-2.0,0.006429326333744732
R8_R6_LB_AL2395_C0_HOA_EDOF_EPD3,R6_LB_AL2395_C0_HOA_EPD3,LB_AL2395,C0,HOA,3.0,EDOF,-2.125,0.021041566333183017
R8_R6_LB_AL2395_C0_HOA_EDOF_EPD3,R6_LB_AL2395_C0_HOA_EPD3,LB_AL2395,C0,HOA,3.0,EDOF,-2.25,0.025534844931023003
R8_R6_LB_AL2395_C0_HOA_EDOF_EPD3,R6_LB_AL2395_C0_HOA_EPD3,LB_AL2395,C0,HOA,3.0,EDOF,-2.375,0.020306941425099506
R8_R6_LB_AL2395_C0_HOA_EDOF_EPD3,R6_LB_AL2395_C0_HOA_EPD3,LB_AL2395,C0,HOA,3.0,EDOF,-2.5,0.022210287457372198
R8_R6_LB_AL2395_C0_HOA_EDOF_EPD3,R6_LB_AL2395_C0_HOA_EPD3,LB_AL2395,C0,HOA,3.0,EDOF,-2.625,0.025148147886499144
R8_R6_LB_AL2395_C0_HOA_EDOF_EPD3,R6_LB_AL2395_C0_HOA_EPD3,LB_AL2395,C0,HOA,3.0,EDOF,-2.75,0.013581158644638984
R8_R6_LB_AL2395_C0_HOA_EDOF_EPD3,R6_LB_AL2395_C0_HOA_EPD3,LB_AL2395,C0,HOA,3.0,EDOF,-2.875,0.0024169668302499218
R8_R6_LB_AL2395_C0_HOA_EDOF_EPD3,R6_LB_AL2395_C0_HOA_EPD3,LB_AL2395,C0,HOA,3.0,EDOF,-3.0,0.004750861475314212
R8_R6_LB_AL2395_C0_HOA_EDOF_EPD3,R6_LB_AL2395_C0_HOA_EPD3,LB_AL2395,C0,HOA,3.0,EDOF,-3.125,0.00046604229458849667
R8_R6_LB_AL2395_C0_HOA_EDOF_EPD3,R6_LB_AL2395_C0_HOA_EPD3,LB_AL2395,C0,HOA,3.0,EDOF,-3.25,8.776380395607612e-05
R8_R6_LB_AL2395_C0_HOA_EDOF_EPD3,R6_LB_AL2395_C0_HOA_EPD3,LB_AL2395,C0,HOA,3.0,EDOF,-3.375,0.0004944635675642535
R8_R6_LB_AL2395_C0_HOA_EDOF_EPD3,R6_LB_AL2395_C0_HOA_EPD3,LB_AL2395,C0,HOA,3.0,EDOF,-3.5,0.006155875924130865
R8_R6_LB_AL2395_C0_HOA_EDOF_EPD3,R6_LB_AL2395_C0_HOA_EPD3,LB_AL2395,C0,HOA,3.0,EDOF,-3.625,0.011492263659930883
R8_R6_LB_AL2395_C0_HOA_EDOF_EPD3,R6_LB_AL2395_C0_HOA_EPD3,LB_AL2395,C0,HOA,3.0,EDOF,-3.75,0.010185430623240826
R8_R6_LB_AL2395_C0_HOA_EDOF_EPD3,R6_LB_AL2395_C0_HOA_EPD3,LB_AL2395,C0,HOA,3.0,EDOF,-3.875,0.011203112996457059
R8_R6_LB_AL2395_C0_HOA_EDOF_EPD3,R6_LB_AL2395_C0_HOA_EPD3,LB_AL2395,C0,HOA,3.0,EDOF,-4.0,0.017529289244856625
R8_R6_LB_AL2395_C0_HOA_EDOF_EPD3,R6_LB_AL2395_C0_HOA_EPD3,LB_AL2395,C0,HOA,3.0,EDOF,-4.125,0.018705388663141344
R8_R6_LB_AL2395_C0_HOA_EDOF_EPD3,R6_LB_AL2395_C0_HOA_EPD3,LB_AL2395,C0,HOA,3.0,EDOF,-4.25,0.013530823550221682
R8_R6_LB_AL2395_C0_HOA_EDOF_EPD3,R6_LB_AL2395_C0_HOA_EPD3,LB_AL2395,C0,HOA,3.0,EDOF,-4.375,0.012617997566678798
R8_R6_LB_AL2395_C0_HOA_EDOF_EPD3,R6_LB_AL2395_C0_HOA_EPD3,LB_AL2395,C0,HOA,3.0,EDOF,-4.5,0.01689539291057776
R8_R6_LB_AL2395_C0_HOA_EDOF_EPD3,R6_LB_AL2395_C0_HOA_EPD3,LB_AL2395,C0,HOA,3.0,EDOF,-4.625,0.017767647263580346
R8_R6_LB_AL2395_C0_HOA_EDOF_EPD3,R6_LB_AL2395_C0_HOA_EPD3,LB_AL2395,C0,HOA,3.0,EDOF,-4.75,0.01621043179969239
R8_R6_LB_AL2395_C0_HOA_EDOF_EPD3,R6_LB_AL2395_C0_HOA_EPD3,LB_AL2395,C0,HOA,3.0,EDOF,-4.875,0.019158031203432027
R8_R6_LB_AL2395_C0_HOA_EDOF_EPD3,R6_LB_AL2395_C0_HOA_EPD3,LB_AL2395,C0,HOA,3.0,EDOF,-5.0,0.022456639249972363
R8_R6_LB_AL2395_C0_HOA_MONO_EPD5,R6_LB_AL2395_C0_HOA_EPD5,LB_AL2395,C0,HOA,5.0,MONO,1.0,0.02000867855146117
R8_R6_LB_AL2395_C0_HOA_MONO_EPD5,R6_LB_AL2395_C0_HOA_EPD5,LB_AL2395,C0,HOA,5.0,MONO,0.875,0.08596164774993469
R8_R6_LB_AL2395_C0_HOA_MONO_EPD5,R6_LB_AL2395_C0_HOA_EPD5,LB_AL2395,C0,HOA,5.0,MONO,0.75,0.07239274992675633
R8_R6_LB_AL2395_C0_HOA_MONO_EPD5,R6_LB_AL2395_C0_HOA_EPD5,LB_AL2395,C0,HOA,5.0,MONO,0.625,0.09258951378293998
R8_R6_LB_AL2395_C0_HOA_MONO_EPD5,R6_LB_AL2395_C0_HOA_EPD5,LB_AL2395,C0,HOA,5.0,MONO,0.5,0.02482437356020999
R8_R6_LB_AL2395_C0_HOA_MONO_EPD5,R6_LB_AL2395_C0_HOA_EPD5,LB_AL2395,C0,HOA,5.0,MONO,0.375,0.16085675540351496
R8_R6_LB_AL2395_C0_HOA_MONO_EPD5,R6_LB_AL2395_C0_HOA_EPD5,LB_AL2395,C0,HOA,5.0,MONO,0.25,0.022660956490747196
R8_R6_LB_AL2395_C0_HOA_MONO_EPD5,R6_LB_AL2395_C0_HOA_EPD5,LB_AL2395,C0,HOA,5.0,MONO,0.125,0.17005722896623895
R8_R6_LB_AL2395_C0_HOA_MONO_EPD5,R6_LB_AL2395_C0_HOA_EPD5,LB_AL2395,C0,HOA,5.0,MONO,0.0,0.23869626689588438
R8_R6_LB_AL2395_C0_HOA_MONO_EPD5,R6_LB_AL2395_C0_HOA_EPD5,LB_AL2395,C0,HOA,5.0,MONO,-0.125,0.17086363284602527
R8_R6_LB_AL2395_C0_HOA_MONO_EPD5,R6_LB_AL2395_C0_HOA_EPD5,LB_AL2395,C0,HOA,5.0,MONO,-0.25,0.011130041396358361
R8_R6_LB_AL2395_C0_HOA_MONO_EPD5,R6_LB_AL2395_C0_HOA_EPD5,LB_AL2395,C0,HOA,5.0,MONO,-0.375,0.050074977465030375
R8_R6_LB_AL2395_C0_HOA_MONO_EPD5,R6_LB_AL2395_C0_HOA_EPD5,LB_AL2395,C0,HOA,5.0,MONO,-0.5,0.011628829600333318
R8_R6_LB_AL2395_C0_HOA_MONO_EPD5,R6_LB_AL2395_C0_HOA_EPD5,LB_AL2395,C0,HOA,5.0,MONO,-0.625,0.037013764277538934
R8_R6_LB_AL2395_C0_HOA_MONO_EPD5,R6_LB_AL2395_C0_HOA_EPD5,LB_AL2395,C0,HOA,5.0,MONO,-0.75,0.0022155395220023015
R8_R6_LB_AL2395_C0_HOA_MONO_EPD5,R6_LB_AL2395_C0_HOA_EPD5,LB_AL2395,C0,HOA,5.0,MONO,-0.875,0.015970675252582802
R8_R6_LB_AL2395_C0_HOA_MONO_EPD5,R6_LB_AL2395_C0_HOA_EPD5,LB_AL2395,C0,HOA,5.0,MONO,-1.0,0.0011577004755224675
R8_R6_LB_AL2395_C0_HOA_MONO_EPD5,R6_LB_AL2395_C0_HOA_EPD5,LB_AL2395,C0,HOA,5.0,MONO,-1.125,0.00823677540056146
R8_R6_LB_AL2395_C0_HOA_MONO_EPD5,R6_LB_AL2395_C0_HOA_EPD5,LB_AL2395,C0,HOA,5.0,MONO,-1.25,0.0008262148977640228
R8_R6_LB_AL2395_C0_HOA_MONO_EPD5,R6_LB_AL2395_C0_HOA_EPD5,LB_AL2395,C0,HOA,5.0,MONO,-1.375,0.00344633291444082
R8_R6_LB_AL2395_C0_HOA_MONO_EPD5,R6_LB_AL2395_C0_HOA_EPD5,LB_AL2395,C0,HOA,5.0,MONO,-1.5,8.70128320766738e-05
R8_R6_LB_AL2395_C0_HOA_MONO_EPD5,R6_LB_AL2395_C0_HOA_EPD5,LB_AL2395,C0,HOA,5.0,MONO,-1.625,0.0015167123500380419
R8_R6_LB_AL2395_C0_HOA_MONO_EPD5,R6_LB_AL2395_C0_HOA_EPD5,LB_AL2395,C0,HOA,5.0,MONO,-1.75,0.00022350239256786606
R8_R6_LB_AL2395_C0_HOA_MONO_EPD5,R6_LB_AL2395_C0_HOA_EPD5,LB_AL2395,C0,HOA,5.0,MONO,-1.875,0.00014574569041154724
R8_R6_LB_AL2395_C0_HOA_MONO_EPD5,R6_LB_AL2395_C0_HOA_EPD5,LB_AL2395,C0,HOA,5.0,MONO,-2.0,0.0008163068106095522
R8_R6_LB_AL2395_C0_HOA_MONO_EPD5,R6_LB_AL2395_C0_HOA_EPD5,LB_AL2395,C0,HOA,5.0,MONO,-2.125,0.0008788438977867434
R8_R6_LB_AL2395_C0_HOA_MONO_EPD5,R6_LB_AL2395_C0_HOA_EPD5,LB_AL2395,C0,HOA,5.0,MONO,-2.25,0.001589910528420947
R8_R6_LB_AL2395_C0_HOA_MONO_EPD5,R6_LB_AL2395_C0_HOA_EPD5,LB_AL2395,C0,HOA,5.0,MONO,-2.375,0.0009570344323200323
R8_R6_LB_AL2395_C0_HOA_MONO_EPD5,R6_LB_AL2395_C0_HOA_EPD5,LB_AL2395,C0,HOA,5.0,MONO,-2.5,0.0015607054075640419
R8_R6_LB_AL2395_C0_HOA_MONO_EPD5,R6_LB_AL2395_C0_HOA_EPD5,LB_AL2395,C0,HOA,5.0,MONO,-2.625,0.0014417237691940082
R8_R6_LB_AL2395_C0_HOA_MONO_EPD5,R6_LB_AL2395_C0_HOA_EPD5,LB_AL2395,C0,HOA,5.0,MONO,-2.75,0.00028304883495892014
R8_R6_LB_AL2395_C0_HOA_MONO_EPD5,R6_LB_AL2395_C0_HOA_EPD5,LB_AL2395,C0,HOA,5.0,MONO,-2.875,0.0018539783617535885
R8_R6_LB_AL2395_C0_HOA_MONO_EPD5,R6_LB_AL2395_C0_HOA_EPD5,LB_AL2395,C0,HOA,5.0,MONO,-3.0,0.00102671101813889
R8_R6_LB_AL2395_C0_HOA_MONO_EPD5,R6_LB_AL2395_C0_HOA_EPD5,LB_AL2395,C0,HOA,5.0,MONO,-3.125,0.0022148655503995817
R8_R6_LB_AL2395_C0_HOA_MONO_EPD5,R6_LB_AL2395_C0_HOA_EPD5,LB_AL2395,C0,HOA,5.0,MONO,-3.25,0.0009726805779890214
R8_R6_LB_AL2395_C0_HOA_MONO_EPD5,R6_LB_AL2395_C0_HOA_EPD5,LB_AL2395,C0,HOA,5.0,MONO,-3.375,0.0018489290142117418
R8_R6_LB_AL2395_C0_HOA_MONO_EPD5,R6_LB_AL2395_C0_HOA_EPD5,LB_AL2395,C0,HOA,5.0,MONO,-3.5,0.00206812013660169
R8_R6_LB_AL2395_C0_HOA_MONO_EPD5,R6_LB_AL2395_C0_HOA_EPD5,LB_AL2395,C0,HOA,5.0,MONO,-3.625,0.001414683684612806
R8_R6_LB_AL2395_C0_HOA_MONO_EPD5,R6_LB_AL2395_C0_HOA_EPD5,LB_AL2395,C0,HOA,5.0,MONO,-3.75,0.001856830576948187
R8_R6_LB_AL2395_C0_HOA_MONO_EPD5,R6_LB_AL2395_C0_HOA_EPD5,LB_AL2395,C0,HOA,5.0,MONO,-3.875,0.0013087351180421799
R8_R6_LB_AL2395_C0_HOA_MONO_EPD5,R6_LB_AL2395_C0_HOA_EPD5,LB_AL2395,C0,HOA,5.0,MONO,-4.0,0.0025142394311853896
R8_R6_LB_AL2395_C0_HOA_MONO_EPD5,R6_LB_AL2395_C0_HOA_EPD5,LB_AL2395,C0,HOA,5.0,MONO,-4.125,0.00047589863302302635
R8_R6_LB_AL2395_C0_HOA_MONO_EPD5,R6_LB_AL2395_C0_HOA_EPD5,LB_AL2395,C0,HOA,5.0,MONO,-4.25,0.0012647074849288327
R8_R6_LB_AL2395_C0_HOA_MONO_EPD5,R6_LB_AL2395_C0_HOA_EPD5,LB_AL2395,C0,HOA,5.0,MONO,-4.375,0.0013465226623925297
R8_R6_LB_AL2395_C0_HOA_MONO_EPD5,R6_LB_AL2395_C0_HOA_EPD5,LB_AL2395,C0,HOA,5.0,MONO,-4.5,0.0015471246015466163
R8_R6_LB_AL2395_C0_HOA_MONO_EPD5,R6_LB_AL2395_C0_HOA_EPD5,LB_AL2395,C0,HOA,5.0,MONO,-4.625,0.0021052452140398617
R8_R6_LB_AL2395_C0_HOA_MONO_EPD5,R6_LB_AL2395_C0_HOA_EPD5,LB_AL2395,C0,HOA,5.0,MONO,-4.75,0.0015941585855807302
R8_R6_LB_AL2395_C0_HOA_MONO_EPD5,R6_LB_AL2395_C0_HOA_EPD5,LB_AL2395,C0,HOA,5.0,MONO,-4.875,0.0004779079836529565
R8_R6_LB_AL2395_C0_HOA_MONO_EPD5,R6_LB_AL2395_C0_HOA_EPD5,LB_AL2395,C0,HOA,5.0,MONO,-5.0,0.0005465851602707981
R8_R6_LB_AL2395_C0_HOA_EDOF_EPD5,R6_LB_AL2395_C0_HOA_EPD5,LB_AL2395,C0,HOA,5.0,EDOF,1.0,0.04478762787112268
R8_R6_LB_AL2395_C0_HOA_EDOF_EPD5,R6_LB_AL2395_C0_HOA_EPD5,LB_AL2395,C0,HOA,5.0,EDOF,0.875,0.05059078129968593
R8_R6_LB_AL2395_C0_HOA_EDOF_EPD5,R6_LB_AL2395_C0_HOA_EPD5,LB_AL2395,C0,HOA,5.0,EDOF,0.75,0.09933891185791506
R8_R6_LB_AL2395_C0_HOA_EDOF_EPD5,R6_LB_AL2395_C0_HOA_EPD5,LB_AL2395,C0,HOA,5.0,EDOF,0.625,0.11867502479296231
R8_R6_LB_AL2395_C0_HOA_EDOF_EPD5,R6_LB_AL2395_C0_HOA_EPD5,LB_AL2395,C0,HOA,5.0,EDOF,0.5,0.030629892861987324
R8_R6_LB_AL2395_C0_HOA_EDOF_EPD5,R6_LB_AL2395_C0_HOA_EPD5,LB_AL2395,C0,HOA,5.0,EDOF,0.375,0.10364092684675953
R8_R6_LB_AL2395_C0_HOA_EDOF_EPD5,R6_LB_AL2395_C0_HOA_EPD5,LB_AL2395,C0,HOA,5.0,EDOF,0.25,0.01591934692804394
R8_R6_LB_AL2395_C0_HOA_EDOF_EPD5,R6_LB_AL2395_C0_HOA_EPD5,LB_AL2395,C0,HOA,5.0,EDOF,0.125,0.03423402310332846
R8_R6_LB_AL2395_C0_HOA_EDOF_EPD5,R6_LB_AL2395_C0_HOA_EPD5,LB_AL2395,C0,HOA,5.0,EDOF,0.0,0.04070515985937971
R8_R6_LB_AL2395_C0_HOA_EDOF_EPD5,R6_LB_AL2395_C0_HOA_EPD5,LB_AL2395,C0,HOA,5.0,EDOF,-0.125,0.11364183522309161
R8_R6_LB_AL2395_C0_HOA_EDOF_EPD5,R6_LB_AL2395_C0_HOA_EPD5,LB_AL2395,C0,HOA,5.0,EDOF,-0.25,0.07786935373770429
R8_R6_LB_AL2395_C0_HOA_EDOF_EPD5,R6_LB_AL2395_C0_HOA_EPD5,LB_AL2395,C0,HOA,5.0,EDOF,-0.375,0.029567479081114848
R8_R6_LB_AL2395_C0_HOA_EDOF_EPD5,R6_LB_AL2395_C0_HOA_EPD5,LB_AL2395,C0,HOA,5.0,EDOF,-0.5,0.005544853541135054
R8_R6_LB_AL2395_C0_HOA_EDOF_EPD5,R6_LB_AL2395_C0_HOA_EPD5,LB_AL2395,C0,HOA,5.0,EDOF,-0.625,0.004387000368161276
R8_R6_LB_AL2395_C0_HOA_EDOF_EPD5,R6_LB_AL2395_C0_HOA_EPD5,LB_AL2395,C0,HOA,5.0,EDOF,-0.75,0.0070462646731419545
R8_R6_LB_AL2395_C0_HOA_EDOF_EPD5,R6_LB_AL2395_C0_HOA_EPD5,LB_AL2395,C0,HOA,5.0,EDOF,-0.875,0.005978646409380194
R8_R6_LB_AL2395_C0_HOA_EDOF_EPD5,R6_LB_AL2395_C0_HOA_EPD5,LB_AL2395,C0,HOA,5.0,EDOF,-1.0,0.004659229135927295
R8_R6_LB_AL2395_C0_HOA_EDOF_EPD5,R6_LB_AL2395_C0_HOA_EPD5,LB_AL2395,C0,HOA,5.0,EDOF,-1.125,0.011017135881695384
R8_R6_LB_AL2395_C0_HOA_EDOF_EPD5,R6_LB_AL2395_C0_HOA_EPD5,LB_AL2395,C0,HOA,5.0,EDOF,-1.25,0.02274223535299517
R8_R6_LB_AL2395_C0_HOA_EDOF_EPD5,R6_LB_AL2395_C0_HOA_EPD5,LB_AL2395,C0,HOA,5.0,EDOF,-1.375,0.0036378537143982397
R8_R6_LB_AL2395_C0_HOA_EDOF_EPD5,R6_LB_AL2395_C0_HOA_EPD5,LB_AL2395,C0,HOA,5.0,EDOF,-1.5,0.004630770778610337
R8_R6_LB_AL2395_C0_HOA_EDOF_EPD5,R6_LB_AL2395_C0_HOA_EPD5,LB_AL2395,C0,HOA,5.0,EDOF,-1.625,0.015886666759606503
R8_R6_LB_AL2395_C0_HOA_EDOF_EPD5,R6_LB_AL2395_C0_HOA_EPD5,LB_AL2395,C0,HOA,5.0,EDOF,-1.75,0.0037531026964119727
R8_R6_LB_AL2395_C0_HOA_EDOF_EPD5,R6_LB_AL2395_C0_HOA_EPD5,LB_AL2395,C0,HOA,5.0,EDOF,-1.875,0.00841866911429788
R8_R6_LB_AL2395_C0_HOA_EDOF_EPD5,R6_LB_AL2395_C0_HOA_EPD5,LB_AL2395,C0,HOA,5.0,EDOF,-2.0,0.0072070376386079585
R8_R6_LB_AL2395_C0_HOA_EDOF_EPD5,R6_LB_AL2395_C0_HOA_EPD5,LB_AL2395,C0,HOA,5.0,EDOF,-2.125,0.01285086783648021
R8_R6_LB_AL2395_C0_HOA_EDOF_EPD5,R6_LB_AL2395_C0_HOA_EPD5,LB_AL2395,C0,HOA,5.0,EDOF,-2.25,0.0007138295205514128
R8_R6_LB_AL2395_C0_HOA_EDOF_EPD5,R6_LB_AL2395_C0_HOA_EPD5,LB_AL2395,C0,HOA,5.0,EDOF,-2.375,0.010503648400333635
R8_R6_LB_AL2395_C0_HOA_EDOF_EPD5,R6_LB_AL2395_C0_HOA_EPD5,LB_AL2395,C0,HOA,5.0,EDOF,-2.5,0.011558304472156956
R8_R6_LB_AL2395_C0_HOA_EDOF_EPD5,R6_LB_AL2395_C0_HOA_EPD5,LB_AL2395,C0,HOA,5.0,EDOF,-2.625,0.004718599422055689
R8_R6_LB_AL2395_C0_HOA_EDOF_EPD5,R6_LB_AL2395_C0_HOA_EPD5,LB_AL2395,C0,HOA,5.0,EDOF,-2.75,0.0027906116822597237
R8_R6_LB_AL2395_C0_HOA_EDOF_EPD5,R6_LB_AL2395_C0_HOA_EPD5,LB_AL2395,C0,HOA,5.0,EDOF,-2.875,0.006066049643952989
R8_R6_LB_AL2395_C0_HOA_EDOF_EPD5,R6_LB_AL2395_C0_HOA_EPD5,LB_AL2395,C0,HOA,5.0,EDOF,-3.0,0.00345679458706225
R8_R6_LB_AL2395_C0_HOA_EDOF_EPD5,R6_LB_AL2395_C0_HOA_EPD5,LB_AL2395,C0,HOA,5.0,EDOF,-3.125,0.00030784253709237634
R8_R6_LB_AL2395_C0_HOA_EDOF_EPD5,R6_LB_AL2395_C0_HOA_EPD5,LB_AL2395,C0,HOA,5.0,EDOF,-3.25,0.0006850840625218365
R8_R6_LB_AL2395_C0_HOA_EDOF_EPD5,R6_LB_AL2395_C0_HOA_EPD5,LB_AL2395,C0,HOA,5.0,EDOF,-3.375,0.0012130584193099797
R8_R6_LB_AL2395_C0_HOA_EDOF_EPD5,R6_LB_AL2395_C0_HOA_EPD5,LB_AL2395,C0,HOA,5.0,EDOF,-3.5,0.0022394390965127715
R8_R6_LB_AL2395_C0_HOA_EDOF_EPD5,R6_LB_AL2395_C0_HOA_EPD5,LB_AL2395,C0,HOA,5.0,EDOF,-3.625,0.005612274303491767
R8_R6_LB_AL2395_C0_HOA_EDOF_EPD5,R6_LB_AL2395_C0_HOA_EPD5,LB_AL2395,C0,HOA,5.0,EDOF,-3.75,0.003853232466988361
R8_R6_LB_AL2395_C0_HOA_EDOF_EPD5,R6_LB_AL2395_C0_HOA_EPD5,LB_AL2395,C0,HOA,5.0,EDOF,-3.875,0.0055505563743057686
R8_R6_LB_AL2395_C0_HOA_EDOF_EPD5,R6_LB_AL2395_C0_HOA_EPD5,LB_AL2395,C0,HOA,5.0,EDOF,-4.0,0.0025419083943618672
R8_R6_LB_AL2395_C0_HOA_EDOF_EPD5,R6_LB_AL2395_C0_HOA_EPD5,LB_AL2395,C0,HOA,5.0,EDOF,-4.125,0.006790991192984473
R8_R6_LB_AL2395_C0_HOA_EDOF_EPD5,R6_LB_AL2395_C0_HOA_EPD5,LB_AL2395,C0,HOA,5.0,EDOF,-4.25,0.003306084793457161
R8_R6_LB_AL2395_C0_HOA_EDOF_EPD5,R6_LB_AL2395_C0_HOA_EPD5,LB_AL2395,C0,HOA,5.0,EDOF,-4.375,0.0067772494448158456
R8_R6_LB_AL2395_C0_HOA_EDOF_EPD5,R6_LB_AL2395_C0_HOA_EPD5,LB_AL2395,C0,HOA,5.0,EDOF,-4.5,0.00580575676152993
R8_R6_LB_AL2395_C0_HOA_EDOF_EPD5,R6_LB_AL2395_C0_HOA_EPD5,LB_AL2395,C0,HOA,5.0,EDOF,-4.625,0.008023032510413175
R8_R6_LB_AL2395_C0_HOA_EDOF_EPD5,R6_LB_AL2395_C0_HOA_EPD5,LB_AL2395,C0,HOA,5.0,EDOF,-4.75,0.0051089818230391605
R8_R6_LB_AL2395_C0_HOA_EDOF_EPD5,R6_LB_AL2395_C0_HOA_EPD5,LB_AL2395,C0,HOA,5.0,EDOF,-4.875,0.008866093207416912
R8_R6_LB_AL2395_C0_HOA_EDOF_EPD5,R6_LB_AL2395_C0_HOA_EPD5,LB_AL2395,C0,HOA,5.0,EDOF,-5.0,0.005558288777757378
R8_R6_ATC_M3_AL24477_N0_WFS_MONO_EPD3,R6_ATC_M3_AL24477_N0_WFS_EPD3,ATC_M3_AL24477,N0,WFS,3.0,MONO,1.0,0.005472309856140775
R8_R6_ATC_M3_AL24477_N0_WFS_MONO_EPD3,R6_ATC_M3_AL24477_N0_WFS_EPD3,ATC_M3_AL24477,N0,WFS,3.0,MONO,0.875,0.01717768791947707
R8_R6_ATC_M3_AL24477_N0_WFS_MONO_EPD3,R6_ATC_M3_AL24477_N0_WFS_EPD3,ATC_M3_AL24477,N0,WFS,3.0,MONO,0.75,0.0008801702913107609
R8_R6_ATC_M3_AL24477_N0_WFS_MONO_EPD3,R6_ATC_M3_AL24477_N0_WFS_EPD3,ATC_M3_AL24477,N0,WFS,3.0,MONO,0.625,0.031216902584240196
R8_R6_ATC_M3_AL24477_N0_WFS_MONO_EPD3,R6_ATC_M3_AL24477_N0_WFS_EPD3,ATC_M3_AL24477,N0,WFS,3.0,MONO,0.5,0.004830370446435608
R8_R6_ATC_M3_AL24477_N0_WFS_MONO_EPD3,R6_ATC_M3_AL24477_N0_WFS_EPD3,ATC_M3_AL24477,N0,WFS,3.0,MONO,0.375,0.020721813913112196
R8_R6_ATC_M3_AL24477_N0_WFS_MONO_EPD3,R6_ATC_M3_AL24477_N0_WFS_EPD3,ATC_M3_AL24477,N0,WFS,3.0,MONO,0.25,0.1308558357172947
R8_R6_ATC_M3_AL24477_N0_WFS_MONO_EPD3,R6_ATC_M3_AL24477_N0_WFS_EPD3,ATC_M3_AL24477,N0,WFS,3.0,MONO,0.125,0.44773989264384756
R8_R6_ATC_M3_AL24477_N0_WFS_MONO_EPD3,R6_ATC_M3_AL24477_N0_WFS_EPD3,ATC_M3_AL24477,N0,WFS,3.0,MONO,0.0,0.6247709647112506
R8_R6_ATC_M3_AL24477_N0_WFS_MONO_EPD3,R6_ATC_M3_AL24477_N0_WFS_EPD3,ATC_M3_AL24477,N0,WFS,3.0,MONO,-0.125,0.4372525989700061
R8_R6_ATC_M3_AL24477_N0_WFS_MONO_EPD3,R6_ATC_M3_AL24477_N0_WFS_EPD3,ATC_M3_AL24477,N0,WFS,3.0,MONO,-0.25,0.07548734673742594
R8_R6_ATC_M3_AL24477_N0_WFS_MONO_EPD3,R6_ATC_M3_AL24477_N0_WFS_EPD3,ATC_M3_AL24477,N0,WFS,3.0,MONO,-0.375,0.10014518193860064
R8_R6_ATC_M3_AL24477_N0_WFS_MONO_EPD3,R6_ATC_M3_AL24477_N0_WFS_EPD3,ATC_M3_AL24477,N0,WFS,3.0,MONO,-0.5,0.028079536147020284
R8_R6_ATC_M3_AL24477_N0_WFS_MONO_EPD3,R6_ATC_M3_AL24477_N0_WFS_EPD3,ATC_M3_AL24477,N0,WFS,3.0,MONO,-0.625,0.058122777452085765
R8_R6_ATC_M3_AL24477_N0_WFS_MONO_EPD3,R6_ATC_M3_AL24477_N0_WFS_EPD3,ATC_M3_AL24477,N0,WFS,3.0,MONO,-0.75,0.024362951657737237
R8_R6_ATC_M3_AL24477_N0_WFS_MONO_EPD3,R6_ATC_M3_AL24477_N0_WFS_EPD3,ATC_M3_AL24477,N0,WFS,3.0,MONO,-0.875,0.028271190615457777
R8_R6_ATC_M3_AL24477_N0_WFS_MONO_EPD3,R6_ATC_M3_AL24477_N0_WFS_EPD3,ATC_M3_AL24477,N0,WFS,3.0,MONO,-1.0,0.00901297412769327
R8_R6_ATC_M3_AL24477_N0_WFS_MONO_EPD3,R6_ATC_M3_AL24477_N0_WFS_EPD3,ATC_M3_AL24477,N0,WFS,3.0,MONO,-1.125,0.022434179854902994
R8_R6_ATC_M3_AL24477_N0_WFS_MONO_EPD3,R6_ATC_M3_AL24477_N0_WFS_EPD3,ATC_M3_AL24477,N0,WFS,3.0,MONO,-1.25,0.006159692744855251
R8_R6_ATC_M3_AL24477_N0_WFS_MONO_EPD3,R6_ATC_M3_AL24477_N0_WFS_EPD3,ATC_M3_AL24477,N0,WFS,3.0,MONO,-1.375,0.014696920009257208
R8_R6_ATC_M3_AL24477_N0_WFS_MONO_EPD3,R6_ATC_M3_AL24477_N0_WFS_EPD3,ATC_M3_AL24477,N0,WFS,3.0,MONO,-1.5,0.0005459697647818916
R8_R6_ATC_M3_AL24477_N0_WFS_MONO_EPD3,R6_ATC_M3_AL24477_N0_WFS_EPD3,ATC_M3_AL24477,N0,WFS,3.0,MONO,-1.625,0.013209246637978723
R8_R6_ATC_M3_AL24477_N0_WFS_MONO_EPD3,R6_ATC_M3_AL24477_N0_WFS_EPD3,ATC_M3_AL24477,N0,WFS,3.0,MONO,-1.75,0.00027109644770322976
R8_R6_ATC_M3_AL24477_N0_WFS_MONO_EPD3,R6_ATC_M3_AL24477_N0_WFS_EPD3,ATC_M3_AL24477,N0,WFS,3.0,MONO,-1.875,0.00900048718149113
R8_R6_ATC_M3_AL24477_N0_WFS_MONO_EPD3,R6_ATC_M3_AL24477_N0_WFS_EPD3,ATC_M3_AL24477,N0,WFS,3.0,MONO,-2.0,0.002019468066547731
R8_R6_ATC_M3_AL24477_N0_WFS_MONO_EPD3,R6_ATC_M3_AL24477_N0_WFS_EPD3,ATC_M3_AL24477,N0,WFS,3.0,MONO,-2.125,0.006811440131969064
R8_R6_ATC_M3_AL24477_N0_WFS_MONO_EPD3,R6_ATC_M3_AL24477_N0_WFS_EPD3,ATC_M3_AL24477,N0,WFS,3.0,MONO,-2.25,0.003579050906050092
R8_R6_ATC_M3_AL24477_N0_WFS_MONO_EPD3,R6_ATC_M3_AL24477_N0_WFS_EPD3,ATC_M3_AL24477,N0,WFS,3.0,MONO,-2.375,0.005371479604578104
R8_R6_ATC_M3_AL24477_N0_WFS_MONO_EPD3,R6_ATC_M3_AL24477_N0_WFS_EPD3,ATC_M3_AL24477,N0,WFS,3.0,MONO,-2.5,0.0046153156805283264
R8_R6_ATC_M3_AL24477_N0_WFS_MONO_EPD3,R6_ATC_M3_AL24477_N0_WFS_EPD3,ATC_M3_AL24477,N0,WFS,3.0,MONO,-2.625,0.004749096531417732
R8_R6_ATC_M3_AL24477_N0_WFS_MONO_EPD3,R6_ATC_M3_AL24477_N0_WFS_EPD3,ATC_M3_AL24477,N0,WFS,3.0,MONO,-2.75,0.004320843871842775
R8_R6_ATC_M3_AL24477_N0_WFS_MONO_EPD3,R6_ATC_M3_AL24477_N0_WFS_EPD3,ATC_M3_AL24477,N0,WFS,3.0,MONO,-2.875,0.00343685979447444
R8_R6_ATC_M3_AL24477_N0_WFS_MONO_EPD3,R6_ATC_M3_AL24477_N0_WFS_EPD3,ATC_M3_AL24477,N0,WFS,3.0,MONO,-3.0,0.004188659362713135
R8_R6_ATC_M3_AL24477_N0_WFS_MONO_EPD3,R6_ATC_M3_AL24477_N0_WFS_EPD3,ATC_M3_AL24477,N0,WFS,3.0,MONO,-3.125,0.002484590389208885
R8_R6_ATC_M3_AL24477_N0_WFS_MONO_EPD3,R6_ATC_M3_AL24477_N0_WFS_EPD3,ATC_M3_AL24477,N0,WFS,3.0,MONO,-3.25,0.0033378006928131104
R8_R6_ATC_M3_AL24477_N0_WFS_MONO_EPD3,R6_ATC_M3_AL24477_N0_WFS_EPD3,ATC_M3_AL24477,N0,WFS,3.0,MONO,-3.375,0.0006576974712913817
R8_R6_ATC_M3_AL24477_N0_WFS_MONO_EPD3,R6_ATC_M3_AL24477_N0_WFS_EPD3,ATC_M3_AL24477,N0,WFS,3.0,MONO,-3.5,0.0034594120080018295
R8_R6_ATC_M3_AL24477_N0_WFS_MONO_EPD3,R6_ATC_M3_AL24477_N0_WFS_EPD3,ATC_M3_AL24477,N0,WFS,3.0,MONO,-3.625,0.000409046825976958
R8_R6_ATC_M3_AL24477_N0_WFS_MONO_EPD3,R6_ATC_M3_AL24477_N0_WFS_EPD3,ATC_M3_AL24477,N0,WFS,3.0,MONO,-3.75,0.003702361909475575
R8_R6_ATC_M3_AL24477_N0_WFS_MONO_EPD3,R6_ATC_M3_AL24477_N0_WFS_EPD3,ATC_M3_AL24477,N0,WFS,3.0,MONO,-3.875,0.0004482479786266482
R8_R6_ATC_M3_AL24477_N0_WFS_MONO_EPD3,R6_ATC_M3_AL24477_N0_WFS_EPD3,ATC_M3_AL24477,N0,WFS,3.0,MONO,-4.0,0.003061512276318311
R8_R6_ATC_M3_AL24477_N0_WFS_MONO_EPD3,R6_ATC_M3_AL24477_N0_WFS_EPD3,ATC_M3_AL24477,N0,WFS,3.0,MONO,-4.125,0.0002578511910383695
R8_R6_ATC_M3_AL24477_N0_WFS_MONO_EPD3,R6_ATC_M3_AL24477_N0_WFS_EPD3,ATC_M3_AL24477,N0,WFS,3.0,MONO,-4.25,0.0011406437340569264
R8_R6_ATC_M3_AL24477_N0_WFS_MONO_EPD3,R6_ATC_M3_AL24477_N0_WFS_EPD3,ATC_M3_AL24477,N0,WFS,3.0,MONO,-4.375,0.0018029991913369853
R8_R6_ATC_M3_AL24477_N0_WFS_MONO_EPD3,R6_ATC_M3_AL24477_N0_WFS_EPD3,ATC_M3_AL24477,N0,WFS,3.0,MONO,-4.5,0.0008775976607685706
R8_R6_ATC_M3_AL24477_N0_WFS_MONO_EPD3,R6_ATC_M3_AL24477_N0_WFS_EPD3,ATC_M3_AL24477,N0,WFS,3.0,MONO,-4.625,0.0023596285153381904
R8_R6_ATC_M3_AL24477_N0_WFS_MONO_EPD3,R6_ATC_M3_AL24477_N0_WFS_EPD3,ATC_M3_AL24477,N0,WFS,3.0,MONO,-4.75,0.0006659705459597025
R8_R6_ATC_M3_AL24477_N0_WFS_MONO_EPD3,R6_ATC_M3_AL24477_N0_WFS_EPD3,ATC_M3_AL24477,N0,WFS,3.0,MONO,-4.875,0.002314421145670732
R8_R6_ATC_M3_AL24477_N0_WFS_MONO_EPD3,R6_ATC_M3_AL24477_N0_WFS_EPD3,ATC_M3_AL24477,N0,WFS,3.0,MONO,-5.0,0.00017590982636879175
R8_R6_ATC_M3_AL24477_N0_WFS_EDOF_EPD3,R6_ATC_M3_AL24477_N0_WFS_EPD3,ATC_M3_AL24477,N0,WFS,3.0,EDOF,1.0,0.02797615774239603
R8_R6_ATC_M3_AL24477_N0_WFS_EDOF_EPD3,R6_ATC_M3_AL24477_N0_WFS_EPD3,ATC_M3_AL24477,N0,WFS,3.0,EDOF,0.875,0.03652973374991876
R8_R6_ATC_M3_AL24477_N0_WFS_EDOF_EPD3,R6_ATC_M3_AL24477_N0_WFS_EPD3,ATC_M3_AL24477,N0,WFS,3.0,EDOF,0.75,0.06568903416730541
R8_R6_ATC_M3_AL24477_N0_WFS_EDOF_EPD3,R6_ATC_M3_AL24477_N0_WFS_EPD3,ATC_M3_AL24477,N0,WFS,3.0,EDOF,0.625,0.10793332784192852
R8_R6_ATC_M3_AL24477_N0_WFS_EDOF_EPD3,R6_ATC_M3_AL24477_N0_WFS_EPD3,ATC_M3_AL24477,N0,WFS,3.0,EDOF,0.5,0.10916763967141882
R8_R6_ATC_M3_AL24477_N0_WFS_EDOF_EPD3,R6_ATC_M3_AL24477_N0_WFS_EPD3,ATC_M3_AL24477,N0,WFS,3.0,EDOF,0.375,0.08575230528737432
R8_R6_ATC_M3_AL24477_N0_WFS_EDOF_EPD3,R6_ATC_M3_AL24477_N0_WFS_EPD3,ATC_M3_AL24477,N0,WFS,3.0,EDOF,0.25,0.14838382760292954
R8_R6_ATC_M3_AL24477_N0_WFS_EDOF_EPD3,R6_ATC_M3_AL24477_N0_WFS_EPD3,ATC_M3_AL24477,N0,WFS,3.0,EDOF,0.125,0.3113068783142762
R8_R6_ATC_M3_AL24477_N0_WFS_EDOF_EPD3,R6_ATC_M3_AL24477_N0_WFS_EPD3,ATC_M3_AL24477,N0,WFS,3.0,EDOF,0.0,0.3918768810444452
R8_R6_ATC_M3_AL24477_N0_WFS_EDOF_EPD3,R6_ATC_M3_AL24477_N0_WFS_EPD3,ATC_M3_AL24477,N0,WFS,3.0,EDOF,-0.125,0.24610049954909352
R8_R6_ATC_M3_AL24477_N0_WFS_EDOF_EPD3,R6_ATC_M3_AL24477_N0_WFS_EPD3,ATC_M3_AL24477,N0,WFS,3.0,EDOF,-0.25,0.009205699169894107
R8_R6_ATC_M3_AL24477_N0_WFS_EDOF_EPD3,R6_ATC_M3_AL24477_N0_WFS_EPD3,ATC_M3_AL24477,N0,WFS,3.0,EDOF,-0.375,0.07342288566667238
R8_R6_ATC_M3_AL24477_N0_WFS_EDOF_EPD3,R6_ATC_M3_AL24477_N0_WFS_EPD3,ATC_M3_AL24477,N0,WFS,3.0,EDOF,-0.5,0.015362517146379871
R8_R6_ATC_M3_AL24477_N0_WFS_EDOF_EPD3,R6_ATC_M3_AL24477_N0_WFS_EPD3,ATC_M3_AL24477,N0,WFS,3.0,EDOF,-0.625,0.08522570998023848
R8_R6_ATC_M3_AL24477_N0_WFS_EDOF_EPD3,R6_ATC_M3_AL24477_N0_WFS_EPD3,ATC_M3_AL24477,N0,WFS,3.0,EDOF,-0.75,0.04808730744264349
R8_R6_ATC_M3_AL24477_N0_WFS_EDOF_EPD3,R6_ATC_M3_AL24477_N0_WFS_EPD3,ATC_M3_AL24477,N0,WFS,3.0,EDOF,-0.875,0.0009894106814416145
R8_R6_ATC_M3_AL24477_N0_WFS_EDOF_EPD3,R6_ATC_M3_AL24477_N0_WFS_EPD3,ATC_M3_AL24477,N0,WFS,3.0,EDOF,-1.0,0.012233228911469024
R8_R6_ATC_M3_AL24477_N0_WFS_EDOF_EPD3,R6_ATC_M3_AL24477_N0_WFS_EPD3,ATC_M3_AL24477,N0,WFS,3.0,EDOF,-1.125,0.02536219948151593
R8_R6_ATC_M3_AL24477_N0_WFS_EDOF_EPD3,R6_ATC_M3_AL24477_N0_WFS_EPD3,ATC_M3_AL24477,N0,WFS,3.0,EDOF,-1.25,0.0013119482764309927
R8_R6_ATC_M3_AL24477_N0_WFS_EDOF_EPD3,R6_ATC_M3_AL24477_N0_WFS_EPD3,ATC_M3_AL24477,N0,WFS,3.0,EDOF,-1.375,0.012249778795760531
R8_R6_ATC_M3_AL24477_N0_WFS_EDOF_EPD3,R6_ATC_M3_AL24477_N0_WFS_EPD3,ATC_M3_AL24477,N0,WFS,3.0,EDOF,-1.5,0.009016341061689418
R8_R6_ATC_M3_AL24477_N0_WFS_EDOF_EPD3,R6_ATC_M3_AL24477_N0_WFS_EPD3,ATC_M3_AL24477,N0,WFS,3.0,EDOF,-1.625,0.020253554961000432
R8_R6_ATC_M3_AL24477_N0_WFS_EDOF_EPD3,R6_ATC_M3_AL24477_N0_WFS_EPD3,ATC_M3_AL24477,N0,WFS,3.0,EDOF,-1.75,0.0018031343331571194
R8_R6_ATC_M3_AL24477_N0_WFS_EDOF_EPD3,R6_ATC_M3_AL24477_N0_WFS_EPD3,ATC_M3_AL24477,N0,WFS,3.0,EDOF,-1.875,0.009167513554422788
R8_R6_ATC_M3_AL24477_N0_WFS_EDOF_EPD3,R6_ATC_M3_AL24477_N0_WFS_EPD3,ATC_M3_AL24477,N0,WFS,3.0,EDOF,-2.0,0.0012006313486386817
R8_R6_ATC_M3_AL24477_N0_WFS_EDOF_EPD3,R6_ATC_M3_AL24477_N0_WFS_EPD3,ATC_M3_AL24477,N0,WFS,3.0,EDOF,-2.125,0.003937778711135945
R8_R6_ATC_M3_AL24477_N0_WFS_EDOF_EPD3,R6_ATC_M3_AL24477_N0_WFS_EPD3,ATC_M3_AL24477,N0,WFS,3.0,EDOF,-2.25,0.006431626449722415
R8_R6_ATC_M3_AL24477_N0_WFS_EDOF_EPD3,R6_ATC_M3_AL24477_N0_WFS_EPD3,ATC_M3_AL24477,N0,WFS,3.0,EDOF,-2.375,0.005464479775621756
R8_R6_ATC_M3_AL24477_N0_WFS_EDOF_EPD3,R6_ATC_M3_AL24477_N0_WFS_EPD3,ATC_M3_AL24477,N0,WFS,3.0,EDOF,-2.5,0.005406690726679315
R8_R6_ATC_M3_AL24477_N0_WFS_EDOF_EPD3,R6_ATC_M3_AL24477_N0_WFS_EPD3,ATC_M3_AL24477,N0,WFS,3.0,EDOF,-2.625,0.0038314720895181835
R8_R6_ATC_M3_AL24477_N0_WFS_EDOF_EPD3,R6_ATC_M3_AL24477_N0_WFS_EPD3,ATC_M3_AL24477,N0,WFS,3.0,EDOF,-2.75,0.005411648431384869
R8_R6_ATC_M3_AL24477_N0_WFS_EDOF_EPD3,R6_ATC_M3_AL24477_N0_WFS_EPD3,ATC_M3_AL24477,N0,WFS,3.0,EDOF,-2.875,0.0029881087228926387
R8_R6_ATC_M3_AL24477_N0_WFS_EDOF_EPD3,R6_ATC_M3_AL24477_N0_WFS_EPD3,ATC_M3_AL24477,N0,WFS,3.0,EDOF,-3.0,0.004361128351407115
R8_R6_ATC_M3_AL24477_N0_WFS_EDOF_EPD3,R6_ATC_M3_AL24477_N0_WFS_EPD3,ATC_M3_AL24477,N0,WFS,3.0,EDOF,-3.125,0.001476245222415269
R8_R6_ATC_M3_AL24477_N0_WFS_EDOF_EPD3,R6_ATC_M3_AL24477_N0_WFS_EPD3,ATC_M3_AL24477,N0,WFS,3.0,EDOF,-3.25,0.003406840731321547
R8_R6_ATC_M3_AL24477_N0_WFS_EDOF_EPD3,R6_ATC_M3_AL24477_N0_WFS_EPD3,ATC_M3_AL24477,N0,WFS,3.0,EDOF,-3.375,0.00034259655945009267
R8_R6_ATC_M3_AL24477_N0_WFS_EDOF_EPD3,R6_ATC_M3_AL24477_N0_WFS_EPD3,ATC_M3_AL24477,N0,WFS,3.0,EDOF,-3.5,0.0030467718228113154
R8_R6_ATC_M3_AL24477_N0_WFS_EDOF_EPD3,R6_ATC_M3_AL24477_N0_WFS_EPD3,ATC_M3_AL24477,N0,WFS,3.0,EDOF,-3.625,0.0017732167843529626
R8_R6_ATC_M3_AL24477_N0_WFS_EDOF_EPD3,R6_ATC_M3_AL24477_N0_WFS_EPD3,ATC_M3_AL24477,N0,WFS,3.0,EDOF,-3.75,0.0032528426565904167
R8_R6_ATC_M3_AL24477_N0_WFS_EDOF_EPD3,R6_ATC_M3_AL24477_N0_WFS_EPD3,ATC_M3_AL24477,N0,WFS,3.0,EDOF,-3.875,0.0017841626560442083
R8_R6_ATC_M3_AL24477_N0_WFS_EDOF_EPD3,R6_ATC_M3_AL24477_N0_WFS_EPD3,ATC_M3_AL24477,N0,WFS,3.0,EDOF,-4.0,0.0024410225232876226
R8_R6_ATC_M3_AL24477_N0_WFS_EDOF_EPD3,R6_ATC_M3_AL24477_N0_WFS_EPD3,ATC_M3_AL24477,N0,WFS,3.0,EDOF,-4.125,0.0017272603262039666
R8_R6_ATC_M3_AL24477_N0_WFS_EDOF_EPD3,R6_ATC_M3_AL24477_N0_WFS_EPD3,ATC_M3_AL24477,N0,WFS,3.0,EDOF,-4.25,0.0008848204823387829
R8_R6_ATC_M3_AL24477_N0_WFS_EDOF_EPD3,R6_ATC_M3_AL24477_N0_WFS_EPD3,ATC_M3_AL24477,N0,WFS,3.0,EDOF,-4.375,0.0025757948409324293
R8_R6_ATC_M3_AL24477_N0_WFS_EDOF_EPD3,R6_ATC_M3_AL24477_N0_WFS_EPD3,ATC_M3_AL24477,N0,WFS,3.0,EDOF,-4.5,0.00025938142281803085
R8_R6_ATC_M3_AL24477_N0_WFS_EDOF_EPD3,R6_ATC_M3_AL24477_N0_WFS_EPD3,ATC_M3_AL24477,N0,WFS,3.0,EDOF,-4.625,0.0028346685337246997
R8_R6_ATC_M3_AL24477_N0_WFS_EDOF_EPD3,R6_ATC_M3_AL24477_N0_WFS_EPD3,ATC_M3_AL24477,N0,WFS,3.0,EDOF,-4.75,0.000308098755105526
R8_R6_ATC_M3_AL24477_N0_WFS_EDOF_EPD3,R6_ATC_M3_AL24477_N0_WFS_EPD3,ATC_M3_AL24477,N0,WFS,3.0,EDOF,-4.875,0.00297475741768132
R8_R6_ATC_M3_AL24477_N0_WFS_EDOF_EPD3,R6_ATC_M3_AL24477_N0_WFS_EPD3,ATC_M3_AL24477,N0,WFS,3.0,EDOF,-5.0,0.0002524074671604107
R8_R6_ATC_M3_AL24477_N0_WFS_MONO_EPD5,R6_ATC_M3_AL24477_N0_WFS_EPD5,ATC_M3_AL24477,N0,WFS,5.0,MONO,1.0,0.0011205736167904405
R8_R6_ATC_M3_AL24477_N0_WFS_MONO_EPD5,R6_ATC_M3_AL24477_N0_WFS_EPD5,ATC_M3_AL24477,N0,WFS,5.0,MONO,0.875,0.0004815569970009082
R8_R6_ATC_M3_AL24477_N0_WFS_MONO_EPD5,R6_ATC_M3_AL24477_N0_WFS_EPD5,ATC_M3_AL24477,N0,WFS,5.0,MONO,0.75,0.000908028930917217
R8_R6_ATC_M3_AL24477_N0_WFS_MONO_EPD5,R6_ATC_M3_AL24477_N0_WFS_EPD5,ATC_M3_AL24477,N0,WFS,5.0,MONO,0.625,0.001463668944456474
R8_R6_ATC_M3_AL24477_N0_WFS_MONO_EPD5,R6_ATC_M3_AL24477_N0_WFS_EPD5,ATC_M3_AL24477,N0,WFS,5.0,MONO,0.5,0.004223821869746038
R8_R6_ATC_M3_AL24477_N0_WFS_MONO_EPD5,R6_ATC_M3_AL24477_N0_WFS_EPD5,ATC_M3_AL24477,N0,WFS,5.0,MONO,0.375,0.008188478531035838
R8_R6_ATC_M3_AL24477_N0_WFS_MONO_EPD5,R6_ATC_M3_AL24477_N0_WFS_EPD5,ATC_M3_AL24477,N0,WFS,5.0,MONO,0.25,0.041689463269835386
R8_R6_ATC_M3_AL24477_N0_WFS_MONO_EPD5,R6_ATC_M3_AL24477_N0_WFS_EPD5,ATC_M3_AL24477,N0,WFS,5.0,MONO,0.125,0.11304937047779157
R8_R6_ATC_M3_AL24477_N0_WFS_MONO_EPD5,R6_ATC_M3_AL24477_N0_WFS_EPD5,ATC_M3_AL24477,N0,WFS,5.0,MONO,0.0,0.2321270690277551
R8_R6_ATC_M3_AL24477_N0_WFS_MONO_EPD5,R6_ATC_M3_AL24477_N0_WFS_EPD5,ATC_M3_AL24477,N0,WFS,5.0,MONO,-0.125,0.2672870158384468
R8_R6_ATC_M3_AL24477_N0_WFS_MONO_EPD5,R6_ATC_M3_AL24477_N0_WFS_EPD5,ATC_M3_AL24477,N0,WFS,5.0,MONO,-0.25,0.1523204774122548
R8_R6_ATC_M3_AL24477_N0_WFS_MONO_EPD5,R6_ATC_M3_AL24477_N0_WFS_EPD5,ATC_M3_AL24477,N0,WFS,5.0,MONO,-0.375,0.031849877890426634
R8_R6_ATC_M3_AL24477_N0_WFS_MONO_EPD5,R6_ATC_M3_AL24477_N0_WFS_EPD5,ATC_M3_AL24477,N0,WFS,5.0,MONO,-0.5,0.09534303129980297
R8_R6_ATC_M3_AL24477_N0_WFS_MONO_EPD5,R6_ATC_M3_AL24477_N0_WFS_EPD5,ATC_M3_AL24477,N0,WFS,5.0,MONO,-0.625,0.1291416638615716
R8_R6_ATC_M3_AL24477_N0_WFS_MONO_EPD5,R6_ATC_M3_AL24477_N0_WFS_EPD5,ATC_M3_AL24477,N0,WFS,5.0,MONO,-0.75,0.009275008726964115
R8_R6_ATC_M3_AL24477_N0_WFS_MONO_EPD5,R6_ATC_M3_AL24477_N0_WFS_EPD5,ATC_M3_AL24477,N0,WFS,5.0,MONO,-0.875,0.003442103490858833
R8_R6_ATC_M3_AL24477_N0_WFS_MONO_EPD5,R6_ATC_M3_AL24477_N0_WFS_EPD5,ATC_M3_AL24477,N0,WFS,5.0,MONO,-1.0,0.055905883728854563
R8_R6_ATC_M3_AL24477_N0_WFS_MONO_EPD5,R6_ATC_M3_AL24477_N0_WFS_EPD5,ATC_M3_AL24477,N0,WFS,5.0,MONO,-1.125,0.05754885000358243
R8_R6_ATC_M3_AL24477_N0_WFS_MONO_EPD5,R6_ATC_M3_AL24477_N0_WFS_EPD5,ATC_M3_AL24477,N0,WFS,5.0,MONO,-1.25,0.05370706782244724
R8_R6_ATC_M3_AL24477_N0_WFS_MONO_EPD5,R6_ATC_M3_AL24477_N0_WFS_EPD5,ATC_M3_AL24477,N0,WFS,5.0,MONO,-1.375,0.03523901022236693
R8_R6_ATC_M3_AL24477_N0_WFS_MONO_EPD5,R6_ATC_M3_AL24477_N0_WFS_EPD5,ATC_M3_AL24477,N0,WFS,5.0,MONO,-1.5,0.020796417285092423
R8_R6_ATC_M3_AL24477_N0_WFS_MONO_EPD5,R6_ATC_M3_AL24477_N0_WFS_EPD5,ATC_M3_AL24477,N0,WFS,5.0,MONO,-1.625,0.008792412952887694
R8_R6_ATC_M3_AL24477_N0_WFS_MONO_EPD5,R6_ATC_M3_AL24477_N0_WFS_EPD5,ATC_M3_AL24477,N0,WFS,5.0,MONO,-1.75,0.0012412813773877555
R8_R6_ATC_M3_AL24477_N0_WFS_MONO_EPD5,R6_ATC_M3_AL24477_N0_WFS_EPD5,ATC_M3_AL24477,N0,WFS,5.0,MONO,-1.875,0.005016273023098466
R8_R6_ATC_M3_AL24477_N0_WFS_MONO_EPD5,R6_ATC_M3_AL24477_N0_WFS_EPD5,ATC_M3_AL24477,N0,WFS,5.0,MONO,-2.0,0.006190549785116346
R8_R6_ATC_M3_AL24477_N0_WFS_MONO_EPD5,R6_ATC_M3_AL24477_N0_WFS_EPD5,ATC_M3_AL24477,N0,WFS,5.0,MONO,-2.125,0.007139089670068984
R8_R6_ATC_M3_AL24477_N0_WFS_MONO_EPD5,R6_ATC_M3_AL24477_N0_WFS_EPD5,ATC_M3_AL24477,N0,WFS,5.0,MONO,-2.25,0.005970307006962275
R8_R6_ATC_M3_AL24477_N0_WFS_MONO_EPD5,R6_ATC_M3_AL24477_N0_WFS_EPD5,ATC_M3_AL24477,N0,WFS,5.0,MONO,-2.375,0.0051051157452601205
R8_R6_ATC_M3_AL24477_N0_WFS_MONO_EPD5,R6_ATC_M3_AL24477_N0_WFS_EPD5,ATC_M3_AL24477,N0,WFS,5.0,MONO,-2.5,0.003769045203995693
R8_R6_ATC_M3_AL24477_N0_WFS_MONO_EPD5,R6_ATC_M3_AL24477_N0_WFS_EPD5,ATC_M3_AL24477,N0,WFS,5.0,MONO,-2.625,0.003408031041455417
R8_R6_ATC_M3_AL24477_N0_WFS_MONO_EPD5,R6_ATC_M3_AL24477_N0_WFS_EPD5,ATC_M3_AL24477,N0,WFS,5.0,MONO,-2.75,0.0029155595757378028
R8_R6_ATC_M3_AL24477_N0_WFS_MONO_EPD5,R6_ATC_M3_AL24477_N0_WFS_EPD5,ATC_M3_AL24477,N0,WFS,5.0,MONO,-2.875,0.0016015182656052233
R8_R6_ATC_M3_AL24477_N0_WFS_MONO_EPD5,R6_ATC_M3_AL24477_N0_WFS_EPD5,ATC_M3_AL24477,N0,WFS,5.0,MONO,-3.0,0.0002338008121335602
R8_R6_ATC_M3_AL24477_N0_WFS_MONO_EPD5,R6_ATC_M3_AL24477_N0_WFS_EPD5,ATC_M3_AL24477,N0,WFS,5.0,MONO,-3.125,0.0009579997938387294
R8_R6_ATC_M3_AL24477_N0_WFS_MONO_EPD5,R6_ATC_M3_AL24477_N0_WFS_EPD5,ATC_M3_AL24477,N0,WFS,5.0,MONO,-3.25,0.0006894545051200282
R8_R6_ATC_M3_AL24477_N0_WFS_MONO_EPD5,R6_ATC_M3_AL24477_N0_WFS_EPD5,ATC_M3_AL24477,N0,WFS,5.0,MONO,-3.375,0.0011047864438704126
R8_R6_ATC_M3_AL24477_N0_WFS_MONO_EPD5,R6_ATC_M3_AL24477_N0_WFS_EPD5,ATC_M3_AL24477,N0,WFS,5.0,MONO,-3.5,0.00138678783495931
R8_R6_ATC_M3_AL24477_N0_WFS_MONO_EPD5,R6_ATC_M3_AL24477_N0_WFS_EPD5,ATC_M3_AL24477,N0,WFS,5.0,MONO,-3.625,0.001676690015998532
R8_R6_ATC_M3_AL24477_N0_WFS_MONO_EPD5,R6_ATC_M3_AL24477_N0_WFS_EPD5,ATC_M3_AL24477,N0,WFS,5.0,MONO,-3.75,0.0012483722282881286
R8_R6_ATC_M3_AL24477_N0_WFS_MONO_EPD5,R6_ATC_M3_AL24477_N0_WFS_EPD5,ATC_M3_AL24477,N0,WFS,5.0,MONO,-3.875,0.0009822753666190944
R8_R6_ATC_M3_AL24477_N0_WFS_MONO_EPD5,R6_ATC_M3_AL24477_N0_WFS_EPD5,ATC_M3_AL24477,N0,WFS,5.0,MONO,-4.0,0.0021855768300937297
R8_R6_ATC_M3_AL24477_N0_WFS_MONO_EPD5,R6_ATC_M3_AL24477_N0_WFS_EPD5,ATC_M3_AL24477,N0,WFS,5.0,MONO,-4.125,0.0015365925893202226
R8_R6_ATC_M3_AL24477_N0_WFS_MONO_EPD5,R6_ATC_M3_AL24477_N0_WFS_EPD5,ATC_M3_AL24477,N0,WFS,5.0,MONO,-4.25,0.002476200500009395
R8_R6_ATC_M3_AL24477_N0_WFS_MONO_EPD5,R6_ATC_M3_AL24477_N0_WFS_EPD5,ATC_M3_AL24477,N0,WFS,5.0,MONO,-4.375,0.0010598362860924975
R8_R6_ATC_M3_AL24477_N0_WFS_MONO_EPD5,R6_ATC_M3_AL24477_N0_WFS_EPD5,ATC_M3_AL24477,N0,WFS,5.0,MONO,-4.5,0.0020077854049878937
R8_R6_ATC_M3_AL24477_N0_WFS_MONO_EPD5,R6_ATC_M3_AL24477_N0_WFS_EPD5,ATC_M3_AL24477,N0,WFS,5.0,MONO,-4.625,0.0006326923164257075
R8_R6_ATC_M3_AL24477_N0_WFS_MONO_EPD5,R6_ATC_M3_AL24477_N0_WFS_EPD5,ATC_M3_AL24477,N0,WFS,5.0,MONO,-4.75,0.0006488042647423595
R8_R6_ATC_M3_AL24477_N0_WFS_MONO_EPD5,R6_ATC_M3_AL24477_N0_WFS_EPD5,ATC_M3_AL24477,N0,WFS,5.0,MONO,-4.875,0.0005274093928181621
R8_R6_ATC_M3_AL24477_N0_WFS_MONO_EPD5,R6_ATC_M3_AL24477_N0_WFS_EPD5,ATC_M3_AL24477,N0,WFS,5.0,MONO,-5.0,0.0007760429739345682
R8_R6_ATC_M3_AL24477_N0_WFS_EDOF_EPD5,R6_ATC_M3_AL24477_N0_WFS_EPD5,ATC_M3_AL24477,N0,WFS,5.0,EDOF,1.0,0.006890281316469174
R8_R6_ATC_M3_AL24477_N0_WFS_EDOF_EPD5,R6_ATC_M3_AL24477_N0_WFS_EPD5,ATC_M3_AL24477,N0,WFS,5.0,EDOF,0.875,0.01669217671229097
R8_R6_ATC_M3_AL24477_N0_WFS_EDOF_EPD5,R6_ATC_M3_AL24477_N0_WFS_EPD5,ATC_M3_AL24477,N0,WFS,5.0,EDOF,0.75,0.02951010530026668
R8_R6_ATC_M3_AL24477_N0_WFS_EDOF_EPD5,R6_ATC_M3_AL24477_N0_WFS_EPD5,ATC_M3_AL24477,N0,WFS,5.0,EDOF,0.625,0.032630898490808524
R8_R6_ATC_M3_AL24477_N0_WFS_EDOF_EPD5,R6_ATC_M3_AL24477_N0_WFS_EPD5,ATC_M3_AL24477,N0,WFS,5.0,EDOF,0.5,0.0312795357518289
R8_R6_ATC_M3_AL24477_N0_WFS_EDOF_EPD5,R6_ATC_M3_AL24477_N0_WFS_EPD5,ATC_M3_AL24477,N0,WFS,5.0,EDOF,0.375,0.037447487833121
R8_R6_ATC_M3_AL24477_N0_WFS_EDOF_EPD5,R6_ATC_M3_AL24477_N0_WFS_EPD5,ATC_M3_AL24477,N0,WFS,5.0,EDOF,0.25,0.0714597535007353
R8_R6_ATC_M3_AL24477_N0_WFS_EDOF_EPD5,R6_ATC_M3_AL24477_N0_WFS_EPD5,ATC_M3_AL24477,N0,WFS,5.0,EDOF,0.125,0.07161985799065254
R8_R6_ATC_M3_AL24477_N0_WFS_EDOF_EPD5,R6_ATC_M3_AL24477_N0_WFS_EPD5,ATC_M3_AL24477,N0,WFS,5.0,EDOF,0.0,0.11218946935365212
R8_R6_ATC_M3_AL24477_N0_WFS_EDOF_EPD5,R6_ATC_M3_AL24477_N0_WFS_EPD5,ATC_M3_AL24477,N0,WFS,5.0,EDOF,-0.125,0.20133739846230847
R8_R6_ATC_M3_AL24477_N0_WFS_EDOF_EPD5,R6_ATC_M3_AL24477_N0_WFS_EPD5,ATC_M3_AL24477,N0,WFS,5.0,EDOF,-0.25,0.16944051456765968
R8_R6_ATC_M3_AL24477_N0_WFS_EDOF_EPD5,R6_ATC_M3_AL24477_N0_WFS_EPD5,ATC_M3_AL24477,N0,WFS,5.0,EDOF,-0.375,0.03990505666350726
R8_R6_ATC_M3_AL24477_N0_WFS_EDOF_EPD5,R6_ATC_M3_AL24477_N0_WFS_EPD5,ATC_M3_AL24477,N0,WFS,5.0,EDOF,-0.5,0.07903087789488829
R8_R6_ATC_M3_AL24477_N0_WFS_EDOF_EPD5,R6_ATC_M3_AL24477_N0_WFS_EPD5,ATC_M3_AL24477,N0,WFS,5.0,EDOF,-0.625,0.16615258209854972
R8_R6_ATC_M3_AL24477_N0_WFS_EDOF_EPD5,R6_ATC_M3_AL24477_N0_WFS_EPD5,ATC_M3_AL24477,N0,WFS,5.0,EDOF,-0.75,0.012374991543854259
R8_R6_ATC_M3_AL24477_N0_WFS_EDOF_EPD5,R6_ATC_M3_AL24477_N0_WFS_EPD5,ATC_M3_AL24477,N0,WFS,5.0,EDOF,-0.875,0.010854987191038683
R8_R6_ATC_M3_AL24477_N0_WFS_EDOF_EPD5,R6_ATC_M3_AL24477_N0_WFS_EPD5,ATC_M3_AL24477,N0,WFS,5.0,EDOF,-1.0,0.06713275302609034
R8_R6_ATC_M3_AL24477_N0_WFS_EDOF_EPD5,R6_ATC_M3_AL24477_N0_WFS_EPD5,ATC_M3_AL24477,N0,WFS,5.0,EDOF,-1.125,0.04332793121206449
R8_R6_ATC_M3_AL24477_N0_WFS_EDOF_EPD5,R6_ATC_M3_AL24477_N0_WFS_EPD5,ATC_M3_AL24477,N0,WFS,5.0,EDOF,-1.25,0.04233487379904374
R8_R6_ATC_M3_AL24477_N0_WFS_EDOF_EPD5,R6_ATC_M3_AL24477_N0_WFS_EPD5,ATC_M3_AL24477,N0,WFS,5.0,EDOF,-1.375,0.037012062048015174
R8_R6_ATC_M3_AL24477_N0_WFS_EDOF_EPD5,R6_ATC_M3_AL24477_N0_WFS_EPD5,ATC_M3_AL24477,N0,WFS,5.0,EDOF,-1.5,0.030047394564247334
R8_R6_ATC_M3_AL24477_N0_WFS_EDOF_EPD5,R6_ATC_M3_AL24477_N0_WFS_EPD5,ATC_M3_AL24477,N0,WFS,5.0,EDOF,-1.625,0.007580384890209365
R8_R6_ATC_M3_AL24477_N0_WFS_EDOF_EPD5,R6_ATC_M3_AL24477_N0_WFS_EPD5,ATC_M3_AL24477,N0,WFS,5.0,EDOF,-1.75,0.00026766141572285754
R8_R6_ATC_M3_AL24477_N0_WFS_EDOF_EPD5,R6_ATC_M3_AL24477_N0_WFS_EPD5,ATC_M3_AL24477,N0,WFS,5.0,EDOF,-1.875,0.004525435777232528
R8_R6_ATC_M3_AL24477_N0_WFS_EDOF_EPD5,R6_ATC_M3_AL24477_N0_WFS_EPD5,ATC_M3_AL24477,N0,WFS,5.0,EDOF,-2.0,0.005997386930148011
R8_R6_ATC_M3_AL24477_N0_WFS_EDOF_EPD5,R6_ATC_M3_AL24477_N0_WFS_EPD5,ATC_M3_AL24477,N0,WFS,5.0,EDOF,-2.125,0.007425687931060442
R8_R6_ATC_M3_AL24477_N0_WFS_EDOF_EPD5,R6_ATC_M3_AL24477_N0_WFS_EPD5,ATC_M3_AL24477,N0,WFS,5.0,EDOF,-2.25,0.008567246770308193
R8_R6_ATC_M3_AL24477_N0_WFS_EDOF_EPD5,R6_ATC_M3_AL24477_N0_WFS_EPD5,ATC_M3_AL24477,N0,WFS,5.0,EDOF,-2.375,0.004621332974552507
R8_R6_ATC_M3_AL24477_N0_WFS_EDOF_EPD5,R6_ATC_M3_AL24477_N0_WFS_EPD5,ATC_M3_AL24477,N0,WFS,5.0,EDOF,-2.5,0.0019504956001711862
R8_R6_ATC_M3_AL24477_N0_WFS_EDOF_EPD5,R6_ATC_M3_AL24477_N0_WFS_EPD5,ATC_M3_AL24477,N0,WFS,5.0,EDOF,-2.625,0.0026162287662619575
R8_R6_ATC_M3_AL24477_N0_WFS_EDOF_EPD5,R6_ATC_M3_AL24477_N0_WFS_EPD5,ATC_M3_AL24477,N0,WFS,5.0,EDOF,-2.75,0.0041045068046111485
R8_R6_ATC_M3_AL24477_N0_WFS_EDOF_EPD5,R6_ATC_M3_AL24477_N0_WFS_EPD5,ATC_M3_AL24477,N0,WFS,5.0,EDOF,-2.875,0.0021645837775928034
R8_R6_ATC_M3_AL24477_N0_WFS_EDOF_EPD5,R6_ATC_M3_AL24477_N0_WFS_EPD5,ATC_M3_AL24477,N0,WFS,5.0,EDOF,-3.0,0.0008203443295106971
R8_R6_ATC_M3_AL24477_N0_WFS_EDOF_EPD5,R6_ATC_M3_AL24477_N0_WFS_EPD5,ATC_M3_AL24477,N0,WFS,5.0,EDOF,-3.125,0.0015722285051771676
R8_R6_ATC_M3_AL24477_N0_WFS_EDOF_EPD5,R6_ATC_M3_AL24477_N0_WFS_EPD5,ATC_M3_AL24477,N0,WFS,5.0,EDOF,-3.25,0.00035467850361368356
R8_R6_ATC_M3_AL24477_N0_WFS_EDOF_EPD5,R6_ATC_M3_AL24477_N0_WFS_EPD5,ATC_M3_AL24477,N0,WFS,5.0,EDOF,-3.375,0.0004292744993253269
R8_R6_ATC_M3_AL24477_N0_WFS_EDOF_EPD5,R6_ATC_M3_AL24477_N0_WFS_EPD5,ATC_M3_AL24477,N0,WFS,5.0,EDOF,-3.5,0.0013485531149923426
R8_R6_ATC_M3_AL24477_N0_WFS_EDOF_EPD5,R6_ATC_M3_AL24477_N0_WFS_EPD5,ATC_M3_AL24477,N0,WFS,5.0,EDOF,-3.625,0.0021621026841604487
R8_R6_ATC_M3_AL24477_N0_WFS_EDOF_EPD5,R6_ATC_M3_AL24477_N0_WFS_EPD5,ATC_M3_AL24477,N0,WFS,5.0,EDOF,-3.75,0.0015234467608770375
R8_R6_ATC_M3_AL24477_N0_WFS_EDOF_EPD5,R6_ATC_M3_AL24477_N0_WFS_EPD5,ATC_M3_AL24477,N0,WFS,5.0,EDOF,-3.875,0.0005920862892997922
R8_R6_ATC_M3_AL24477_N0_WFS_EDOF_EPD5,R6_ATC_M3_AL24477_N0_WFS_EPD5,ATC_M3_AL24477,N0,WFS,5.0,EDOF,-4.0,0.0020509818253273138
R8_R6_ATC_M3_AL24477_N0_WFS_EDOF_EPD5,R6_ATC_M3_AL24477_N0_WFS_EPD5,ATC_M3_AL24477,N0,WFS,5.0,EDOF,-4.125,0.0018808505160994144
R8_R6_ATC_M3_AL24477_N0_WFS_EDOF_EPD5,R6_ATC_M3_AL24477_N0_WFS_EPD5,ATC_M3_AL24477,N0,WFS,5.0,EDOF,-4.25,0.0025786858937963736
R8_R6_ATC_M3_AL24477_N0_WFS_EDOF_EPD5,R6_ATC_M3_AL24477_N0_WFS_EPD5,ATC_M3_AL24477,N0,WFS,5.0,EDOF,-4.375,0.0006227902968155606
R8_R6_ATC_M3_AL24477_N0_WFS_EDOF_EPD5,R6_ATC_M3_AL24477_N0_WFS_EPD5,ATC_M3_AL24477,N0,WFS,5.0,EDOF,-4.5,0.0019336712755785882
R8_R6_ATC_M3_AL24477_N0_WFS_EDOF_EPD5,R6_ATC_M3_AL24477_N0_WFS_EPD5,ATC_M3_AL24477,N0,WFS,5.0,EDOF,-4.625,0.0008564938459403225
R8_R6_ATC_M3_AL24477_N0_WFS_EDOF_EPD5,R6_ATC_M3_AL24477_N0_WFS_EPD5,ATC_M3_AL24477,N0,WFS,5.0,EDOF,-4.75,0.0008758308754439846
R8_R6_ATC_M3_AL24477_N0_WFS_EDOF_EPD5,R6_ATC_M3_AL24477_N0_WFS_EPD5,ATC_M3_AL24477,N0,WFS,5.0,EDOF,-4.875,0.00037770321884278787
R8_R6_ATC_M3_AL24477_N0_WFS_EDOF_EPD5,R6_ATC_M3_AL24477_N0_WFS_EPD5,ATC_M3_AL24477,N0,WFS,5.0,EDOF,-5.0,0.0007241543145432037
R8_R6_ATC_M3_AL24477_N0_RAD_MONO_EPD3,R6_ATC_M3_AL24477_N0_RAD_EPD3,ATC_M3_AL24477,N0,RAD,3.0,MONO,1.0,0.0067616737719855225
R8_R6_ATC_M3_AL24477_N0_RAD_MONO_EPD3,R6_ATC_M3_AL24477_N0_RAD_EPD3,ATC_M3_AL24477,N0,RAD,3.0,MONO,0.875,0.019011962298785504
R8_R6_ATC_M3_AL24477_N0_RAD_MONO_EPD3,R6_ATC_M3_AL24477_N0_RAD_EPD3,ATC_M3_AL24477,N0,RAD,3.0,MONO,0.75,0.002023788437682207
R8_R6_ATC_M3_AL24477_N0_RAD_MONO_EPD3,R6_ATC_M3_AL24477_N0_RAD_EPD3,ATC_M3_AL24477,N0,RAD,3.0,MONO,0.625,0.03546466009837477
R8_R6_ATC_M3_AL24477_N0_RAD_MONO_EPD3,R6_ATC_M3_AL24477_N0_RAD_EPD3,ATC_M3_AL24477,N0,RAD,3.0,MONO,0.5,0.0009170931615618637
R8_R6_ATC_M3_AL24477_N0_RAD_MONO_EPD3,R6_ATC_M3_AL24477_N0_RAD_EPD3,ATC_M3_AL24477,N0,RAD,3.0,MONO,0.375,0.059615257584894804
R8_R6_ATC_M3_AL24477_N0_RAD_MONO_EPD3,R6_ATC_M3_AL24477_N0_RAD_EPD3,ATC_M3_AL24477,N0,RAD,3.0,MONO,0.25,0.057206140306728
R8_R6_ATC_M3_AL24477_N0_RAD_MONO_EPD3,R6_ATC_M3_AL24477_N0_RAD_EPD3,ATC_M3_AL24477,N0,RAD,3.0,MONO,0.125,0.38862666903874643
R8_R6_ATC_M3_AL24477_N0_RAD_MONO_EPD3,R6_ATC_M3_AL24477_N0_RAD_EPD3,ATC_M3_AL24477,N0,RAD,3.0,MONO,0.0,0.6350446837781614
R8_R6_ATC_M3_AL24477_N0_RAD_MONO_EPD3,R6_ATC_M3_AL24477_N0_RAD_EPD3,ATC_M3_AL24477,N0,RAD,3.0,MONO,-0.125,0.5126028315383223
R8_R6_ATC_M3_AL24477_N0_RAD_MONO_EPD3,R6_ATC_M3_AL24477_N0_RAD_EPD3,ATC_M3_AL24477,N0,RAD,3.0,MONO,-0.25,0.15327805490622182
R8_R6_ATC_M3_AL24477_N0_RAD_MONO_EPD3,R6_ATC_M3_AL24477_N0_RAD_EPD3,ATC_M3_AL24477,N0,RAD,3.0,MONO,-0.375,0.07155158315681662
R8_R6_ATC_M3_AL24477_N0_RAD_MONO_EPD3,R6_ATC_M3_AL24477_N0_RAD_EPD3,ATC_M3_AL24477,N0,RAD,3.0,MONO,-0.5,0.041079661458847776
R8_R6_ATC_M3_AL24477_N0_RAD_MONO_EPD3,R6_ATC_M3_AL24477_N0_RAD_EPD3,ATC_M3_AL24477,N0,RAD,3.0,MONO,-0.625,0.04296670362007268
R8_R6_ATC_M3_AL24477_N0_RAD_MONO_EPD3,R6_ATC_M3_AL24477_N0_RAD_EPD3,ATC_M3_AL24477,N0,RAD,3.0,MONO,-0.75,0.025389210515460156
R8_R6_ATC_M3_AL24477_N0_RAD_MONO_EPD3,R6_ATC_M3_AL24477_N0_RAD_EPD3,ATC_M3_AL24477,N0,RAD,3.0,MONO,-0.875,0.02232523539820943
R8_R6_ATC_M3_AL24477_N0_RAD_MONO_EPD3,R6_ATC_M3_AL24477_N0_RAD_EPD3,ATC_M3_AL24477,N0,RAD,3.0,MONO,-1.0,0.009547947867897661
R8_R6_ATC_M3_AL24477_N0_RAD_MONO_EPD3,R6_ATC_M3_AL24477_N0_RAD_EPD3,ATC_M3_AL24477,N0,RAD,3.0,MONO,-1.125,0.0190781211624005
R8_R6_ATC_M3_AL24477_N0_RAD_MONO_EPD3,R6_ATC_M3_AL24477_N0_RAD_EPD3,ATC_M3_AL24477,N0,RAD,3.0,MONO,-1.25,0.0062297326013329175
R8_R6_ATC_M3_AL24477_N0_RAD_MONO_EPD3,R6_ATC_M3_AL24477_N0_RAD_EPD3,ATC_M3_AL24477,N0,RAD,3.0,MONO,-1.375,0.012919997668398261
R8_R6_ATC_M3_AL24477_N0_RAD_MONO_EPD3,R6_ATC_M3_AL24477_N0_RAD_EPD3,ATC_M3_AL24477,N0,RAD,3.0,MONO,-1.5,0.0007421164699856331
R8_R6_ATC_M3_AL24477_N0_RAD_MONO_EPD3,R6_ATC_M3_AL24477_N0_RAD_EPD3,ATC_M3_AL24477,N0,RAD,3.0,MONO,-1.625,0.012037421702372793
R8_R6_ATC_M3_AL24477_N0_RAD_MONO_EPD3,R6_ATC_M3_AL24477_N0_RAD_EPD3,ATC_M3_AL24477,N0,RAD,3.0,MONO,-1.75,0.00032926339764362495
R8_R6_ATC_M3_AL24477_N0_RAD_MONO_EPD3,R6_ATC_M3_AL24477_N0_RAD_EPD3,ATC_M3_AL24477,N0,RAD,3.0,MONO,-1.875,0.008472566952652708
R8_R6_ATC_M3_AL24477_N0_RAD_MONO_EPD3,R6_ATC_M3_AL24477_N0_RAD_EPD3,ATC_M3_AL24477,N0,RAD,3.0,MONO,-2.0,0.0016608045175224274
R8_R6_ATC_M3_AL24477_N0_RAD_MONO_EPD3,R6_ATC_M3_AL24477_N0_RAD_EPD3,ATC_M3_AL24477,N0,RAD,3.0,MONO,-2.125,0.006306874705147498
R8_R6_ATC_M3_AL24477_N0_RAD_MONO_EPD3,R6_ATC_M3_AL24477_N0_RAD_EPD3,ATC_M3_AL24477,N0,RAD,3.0,MONO,-2.25,0.0032493717258528336
R8_R6_ATC_M3_AL24477_N0_RAD_MONO_EPD3,R6_ATC_M3_AL24477_N0_RAD_EPD3,ATC_M3_AL24477,N0,RAD,3.0,MONO,-2.375,0.004877759518537873
R8_R6_ATC_M3_AL24477_N0_RAD_MONO_EPD3,R6_ATC_M3_AL24477_N0_RAD_EPD3,ATC_M3_AL24477,N0,RAD,3.0,MONO,-2.5,0.004441390283527917
R8_R6_ATC_M3_AL24477_N0_RAD_MONO_EPD3,R6_ATC_M3_AL24477_N0_RAD_EPD3,ATC_M3_AL24477,N0,RAD,3.0,MONO,-2.625,0.004363114392599784
R8_R6_ATC_M3_AL24477_N0_RAD_MONO_EPD3,R6_ATC_M3_AL24477_N0_RAD_EPD3,ATC_M3_AL24477,N0,RAD,3.0,MONO,-2.75,0.004273992630767637
R8_R6_ATC_M3_AL24477_N0_RAD_MONO_EPD3,R6_ATC_M3_AL24477_N0_RAD_EPD3,ATC_M3_AL24477,N0,RAD,3.0,MONO,-2.875,0.0032138678857918023
R8_R6_ATC_M3_AL24477_N0_RAD_MONO_EPD3,R6_ATC_M3_AL24477_N0_RAD_EPD3,ATC_M3_AL24477,N0,RAD,3.0,MONO,-3.0,0.004182813722518684
R8_R6_ATC_M3_AL24477_N0_RAD_MONO_EPD3,R6_ATC_M3_AL24477_N0_RAD_EPD3,ATC_M3_AL24477,N0,RAD,3.0,MONO,-3.125,0.002418211869937484
R8_R6_ATC_M3_AL24477_N0_RAD_MONO_EPD3,R6_ATC_M3_AL24477_N0_RAD_EPD3,ATC_M3_AL24477,N0,RAD,3.0,MONO,-3.25,0.003285007742261172
R8_R6_ATC_M3_AL24477_N0_RAD_MONO_EPD3,R6_ATC_M3_AL24477_N0_RAD_EPD3,ATC_M3_AL24477,N0,RAD,3.0,MONO,-3.375,0.000699492374461897
R8_R6_ATC_M3_AL24477_N0_RAD_MONO_EPD3,R6_ATC_M3_AL24477_N0_RAD_EPD3,ATC_M3_AL24477,N0,RAD,3.0,MONO,-3.5,0.003243815688890167
R8_R6_ATC_M3_AL24477_N0_RAD_MONO_EPD3,R6_ATC_M3_AL24477_N0_RAD_EPD3,ATC_M3_AL24477,N0,RAD,3.0,MONO,-3.625,0.0005067513414619886
R8_R6_ATC_M3_AL24477_N0_RAD_MONO_EPD3,R6_ATC_M3_AL24477_N0_RAD_EPD3,ATC_M3_AL24477,N0,RAD,3.0,MONO,-3.75,0.0035484495546498087
R8_R6_ATC_M3_AL24477_N0_RAD_MONO_EPD3,R6_ATC_M3_AL24477_N0_RAD_EPD3,ATC_M3_AL24477,N0,RAD,3.0,MONO,-3.875,0.000633177602426467
R8_R6_ATC_M3_AL24477_N0_RAD_MONO_EPD3,R6_ATC_M3_AL24477_N0_RAD_EPD3,ATC_M3_AL24477,N0,RAD,3.0,MONO,-4.0,0.003137509279972306
R8_R6_ATC_M3_AL24477_N0_RAD_MONO_EPD3,R6_ATC_M3_AL24477_N0_RAD_EPD3,ATC_M3_AL24477,N0,RAD,3.0,MONO,-4.125,0.00023153207966300938
R8_R6_ATC_M3_AL24477_N0_RAD_MONO_EPD3,R6_ATC_M3_AL24477_N0_RAD_EPD3,ATC_M3_AL24477,N0,RAD,3.0,MONO,-4.25,0.001203498719044678
R8_R6_ATC_M3_AL24477_N0_RAD_MONO_EPD3,R6_ATC_M3_AL24477_N0_RAD_EPD3,ATC_M3_AL24477,N0,RAD,3.0,MONO,-4.375,0.0015930182034850143
R8_R6_ATC_M3_AL24477_N0_RAD_MONO_EPD3,R6_ATC_M3_AL24477_N0_RAD_EPD3,ATC_M3_AL24477,N0,RAD,3.0,MONO,-4.5,0.0007238343294925088
R8_R6_ATC_M3_AL24477_N0_RAD_MONO_EPD3,R6_ATC_M3_AL24477_N0_RAD_EPD3,ATC_M3_AL24477,N0,RAD,3.0,MONO,-4.625,0.002264967838492311
R8_R6_ATC_M3_AL24477_N0_RAD_MONO_EPD3,R6_ATC_M3_AL24477_N0_RAD_EPD3,ATC_M3_AL24477,N0,RAD,3.0,MONO,-4.75,0.0005180130347244522
R8_R6_ATC_M3_AL24477_N0_RAD_MONO_EPD3,R6_ATC_M3_AL24477_N0_RAD_EPD3,ATC_M3_AL24477,N0,RAD,3.0,MONO,-4.875,0.0022725301743378237
R8_R6_ATC_M3_AL24477_N0_RAD_MONO_EPD3,R6_ATC_M3_AL24477_N0_RAD_EPD3,ATC_M3_AL24477,N0,RAD,3.0,MONO,-5.0,0.00010022860799853585
R8_R6_ATC_M3_AL24477_N0_RAD_EDOF_EPD3,R6_ATC_M3_AL24477_N0_RAD_EPD3,ATC_M3_AL24477,N0,RAD,3.0,EDOF,1.0,0.06629737111116762
R8_R6_ATC_M3_AL24477_N0_RAD_EDOF_EPD3,R6_ATC_M3_AL24477_N0_RAD_EPD3,ATC_M3_AL24477,N0,RAD,3.0,EDOF,0.875,0.2309943736318935
R8_R6_ATC_M3_AL24477_N0_RAD_EDOF_EPD3,R6_ATC_M3_AL24477_N0_RAD_EPD3,ATC_M3_AL24477,N0,RAD,3.0,EDOF,0.75,0.2066416758121753
R8_R6_ATC_M3_AL24477_N0_RAD_EDOF_EPD3,R6_ATC_M3_AL24477_N0_RAD_EPD3,ATC_M3_AL24477,N0,RAD,3.0,EDOF,0.625,0.06459926146905225
R8_R6_ATC_M3_AL24477_N0_RAD_EDOF_EPD3,R6_ATC_M3_AL24477_N0_RAD_EPD3,ATC_M3_AL24477,N0,RAD,3.0,EDOF,0.5,0.06150141387728185
R8_R6_ATC_M3_AL24477_N0_RAD_EDOF_EPD3,R6_ATC_M3_AL24477_N0_RAD_EPD3,ATC_M3_AL24477,N0,RAD,3.0,EDOF,0.375,0.2233984115050361
R8_R6_ATC_M3_AL24477_N0_RAD_EDOF_EPD3,R6_ATC_M3_AL24477_N0_RAD_EPD3,ATC_M3_AL24477,N0,RAD,3.0,EDOF,0.25,0.3089375964834197
R8_R6_ATC_M3_AL24477_N0_RAD_EDOF_EPD3,R6_ATC_M3_AL24477_N0_RAD_EPD3,ATC_M3_AL24477,N0,RAD,3.0,EDOF,0.125,0.18973092014080745
R8_R6_ATC_M3_AL24477_N0_RAD_EDOF_EPD3,R6_ATC_M3_AL24477_N0_RAD_EPD3,ATC_M3_AL24477,N0,RAD,3.0,EDOF,0.0,0.01975479012843912
R8_R6_ATC_M3_AL24477_N0_RAD_EDOF_EPD3,R6_ATC_M3_AL24477_N0_RAD_EPD3,ATC_M3_AL24477,N0,RAD,3.0,EDOF,-0.125,0.035580451562741394
R8_R6_ATC_M3_AL24477_N0_RAD_EDOF_EPD3,R6_ATC_M3_AL24477_N0_RAD_EPD3,ATC_M3_AL24477,N0,RAD,3.0,EDOF,-0.25,0.01287184494925529
R8_R6_ATC_M3_AL24477_N0_RAD_EDOF_EPD3,R6_ATC_M3_AL24477_N0_RAD_EPD3,ATC_M3_AL24477,N0,RAD,3.0,EDOF,-0.375,0.010422044489787622
R8_R6_ATC_M3_AL24477_N0_RAD_EDOF_EPD3,R6_ATC_M3_AL24477_N0_RAD_EPD3,ATC_M3_AL24477,N0,RAD,3.0,EDOF,-0.5,0.02105274229294899
R8_R6_ATC_M3_AL24477_N0_RAD_EDOF_EPD3,R6_ATC_M3_AL24477_N0_RAD_EPD3,ATC_M3_AL24477,N0,RAD,3.0,EDOF,-0.625,0.0020135907231803142
R8_R6_ATC_M3_AL24477_N0_RAD_EDOF_EPD3,R6_ATC_M3_AL24477_N0_RAD_EPD3,ATC_M3_AL24477,N0,RAD,3.0,EDOF,-0.75,0.025055870875481927
R8_R6_ATC_M3_AL24477_N0_RAD_EDOF_EPD3,R6_ATC_M3_AL24477_N0_RAD_EPD3,ATC_M3_AL24477,N0,RAD,3.0,EDOF,-0.875,0.029789159196507195
R8_R6_ATC_M3_AL24477_N0_RAD_EDOF_EPD3,R6_ATC_M3_AL24477_N0_RAD_EPD3,ATC_M3_AL24477,N0,RAD,3.0,EDOF,-1.0,0.028468807893429815
R8_R6_ATC_M3_AL24477_N0_RAD_EDOF_EPD3,R6_ATC_M3_AL24477_N0_RAD_EPD3,ATC_M3_AL24477,N0,RAD,3.0,EDOF,-1.125,0.030153255929806957
R8_R6_ATC_M3_AL24477_N0_RAD_EDOF_EPD3,R6_ATC_M3_AL24477_N0_RAD_EPD3,ATC_M3_AL24477,N0,RAD,3.0,EDOF,-1.25,0.011903104547711032
R8_R6_ATC_M3_AL24477_N0_RAD_EDOF_EPD3,R6_ATC_M3_AL24477_N0_RAD_EPD3,ATC_M3_AL24477,N0,RAD,3.0,EDOF,-1.375,0.019322765064692868
R8_R6_ATC_M3_AL24477_N0_RAD_EDOF_EPD3,R6_ATC_M3_AL24477_N0_RAD_EPD3,ATC_M3_AL24477,N0,RAD,3.0,EDOF,-1.5,0.021608570637908248
R8_R6_ATC_M3_AL24477_N0_RAD_EDOF_EPD3,R6_ATC_M3_AL24477_N0_RAD_EPD3,ATC_M3_AL24477,N0,RAD,3.0,EDOF,-1.625,0.008407709492081705
R8_R6_ATC_M3_AL24477_N0_RAD_EDOF_EPD3,R6_ATC_M3_AL24477_N0_RAD_EPD3,ATC_M3_AL24477,N0,RAD,3.0,EDOF,-1.75,0.02764386090082678
R8_R6_ATC_M3_AL24477_N0_RAD_EDOF_EPD3,R6_ATC_M3_AL24477_N0_RAD_EPD3,ATC_M3_AL24477,N0,RAD,3.0,EDOF,-1.875,0.017763124881011033
R8_R6_ATC_M3_AL24477_N0_RAD_EDOF_EPD3,R6_ATC_M3_AL24477_N0_RAD_EPD3,ATC_M3_AL24477,N0,RAD,3.0,EDOF,-2.0,0.002160783295333054
R8_R6_ATC_M3_AL24477_N0_RAD_EDOF_EPD3,R6_ATC_M3_AL24477_N0_RAD_EPD3,ATC_M3_AL24477,N0,RAD,3.0,EDOF,-2.125,0.004546110849821061
R8_R6_ATC_M3_AL24477_N0_RAD_EDOF_EPD3,R6_ATC_M3_AL24477_N0_RAD_EPD3,ATC_M3_AL24477,N0,RAD,3.0,EDOF,-2.25,0.008224791484653729
R8_R6_ATC_M3_AL24477_N0_RAD_EDOF_EPD3,R6_ATC_M3_AL24477_N0_RAD_EPD3,ATC_M3_AL24477,N0,RAD,3.0,EDOF,-2.375,0.006984654921646271
R8_R6_ATC_M3_AL24477_N0_RAD_EDOF_EPD3,R6_ATC_M3_AL24477_N0_RAD_EPD3,ATC_M3_AL24477,N0,RAD,3.0,EDOF,-2.5,0.003022677938021726
R8_R6_ATC_M3_AL24477_N0_RAD_EDOF_EPD3,R6_ATC_M3_AL24477_N0_RAD_EPD3,ATC_M3_AL24477,N0,RAD,3.0,EDOF,-2.625,0.009719179318061943
R8_R6_ATC_M3_AL24477_N0_RAD_EDOF_EPD3,R6_ATC_M3_AL24477_N0_RAD_EPD3,ATC_M3_AL24477,N0,RAD,3.0,EDOF,-2.75,0.006405495011043264
R8_R6_ATC_M3_AL24477_N0_RAD_EDOF_EPD3,R6_ATC_M3_AL24477_N0_RAD_EPD3,ATC_M3_AL24477,N0,RAD,3.0,EDOF,-2.875,0.0074195406558141466
R8_R6_ATC_M3_AL24477_N0_RAD_EDOF_EPD3,R6_ATC_M3_AL24477_N0_RAD_EPD3,ATC_M3_AL24477,N0,RAD,3.0,EDOF,-3.0,0.018115505844227983
R8_R6_ATC_M3_AL24477_N0_RAD_EDOF_EPD3,R6_ATC_M3_AL24477_N0_RAD_EPD3,ATC_M3_AL24477,N0,RAD,3.0,EDOF,-3.125,0.02054946543690538
R8_R6_ATC_M3_AL24477_N0_RAD_EDOF_EPD3,R6_ATC_M3_AL24477_N0_RAD_EPD3,ATC_M3_AL24477,N0,RAD,3.0,EDOF,-3.25,0.008396541319294567
R8_R6_ATC_M3_AL24477_N0_RAD_EDOF_EPD3,R6_ATC_M3_AL24477_N0_RAD_EPD3,ATC_M3_AL24477,N0,RAD,3.0,EDOF,-3.375,0.0015823339562320766
R8_R6_ATC_M3_AL24477_N0_RAD_EDOF_EPD3,R6_ATC_M3_AL24477_N0_RAD_EPD3,ATC_M3_AL24477,N0,RAD,3.0,EDOF,-3.5,0.012727581259608385
R8_R6_ATC_M3_AL24477_N0_RAD_EDOF_EPD3,R6_ATC_M3_AL24477_N0_RAD_EPD3,ATC_M3_AL24477,N0,RAD,3.0,EDOF,-3.625,0.029945545802694432
R8_R6_ATC_M3_AL24477_N0_RAD_EDOF_EPD3,R6_ATC_M3_AL24477_N0_RAD_EPD3,ATC_M3_AL24477,N0,RAD,3.0,EDOF,-3.75,0.037383904999639186
R8_R6_ATC_M3_AL24477_N0_RAD_EDOF_EPD3,R6_ATC_M3_AL24477_N0_RAD_EPD3,ATC_M3_AL24477,N0,RAD,3.0,EDOF,-3.875,0.030009943656875353
R8_R6_ATC_M3_AL24477_N0_RAD_EDOF_EPD3,R6_ATC_M3_AL24477_N0_RAD_EPD3,ATC_M3_AL24477,N0,RAD,3.0,EDOF,-4.0,0.010669085902378786
R8_R6_ATC_M3_AL24477_N0_RAD_EDOF_EPD3,R6_ATC_M3_AL24477_N0_RAD_EPD3,ATC_M3_AL24477,N0,RAD,3.0,EDOF,-4.125,0.006702350837860535
R8_R6_ATC_M3_AL24477_N0_RAD_EDOF_EPD3,R6_ATC_M3_AL24477_N0_RAD_EPD3,ATC_M3_AL24477,N0,RAD,3.0,EDOF,-4.25,0.002481926704711943
R8_R6_ATC_M3_AL24477_N0_RAD_EDOF_EPD3,R6_ATC_M3_AL24477_N0_RAD_EPD3,ATC_M3_AL24477,N0,RAD,3.0,EDOF,-4.375,0.021151089298129387
R8_R6_ATC_M3_AL24477_N0_RAD_EDOF_EPD3,R6_ATC_M3_AL24477_N0_RAD_EPD3,ATC_M3_AL24477,N0,RAD,3.0,EDOF,-4.5,0.03603809069912585
R8_R6_ATC_M3_AL24477_N0_RAD_EDOF_EPD3,R6_ATC_M3_AL24477_N0_RAD_EPD3,ATC_M3_AL24477,N0,RAD,3.0,EDOF,-4.625,0.024615110889309982
R8_R6_ATC_M3_AL24477_N0_RAD_EDOF_EPD3,R6_ATC_M3_AL24477_N0_RAD_EPD3,ATC_M3_AL24477,N0,RAD,3.0,EDOF,-4.75,0.001053241248293913
R8_R6_ATC_M3_AL24477_N0_RAD_EDOF_EPD3,R6_ATC_M3_AL24477_N0_RAD_EPD3,ATC_M3_AL24477,N0,RAD,3.0,EDOF,-4.875,0.01220035098952815
R8_R6_ATC_M3_AL24477_N0_RAD_EDOF_EPD3,R6_ATC_M3_AL24477_N0_RAD_EPD3,ATC_M3_AL24477,N0,RAD,3.0,EDOF,-5.0,0.009123472444241606
R8_R6_ATC_M3_AL24477_N0_RAD_MONO_EPD5,R6_ATC_M3_AL24477_N0_RAD_EPD5,ATC_M3_AL24477,N0,RAD,5.0,MONO,1.0,0.0031750473247098487
R8_R6_ATC_M3_AL24477_N0_RAD_MONO_EPD5,R6_ATC_M3_AL24477_N0_RAD_EPD5,ATC_M3_AL24477,N0,RAD,5.0,MONO,0.875,0.003948782527094755
R8_R6_ATC_M3_AL24477_N0_RAD_MONO_EPD5,R6_ATC_M3_AL24477_N0_RAD_EPD5,ATC_M3_AL24477,N0,RAD,5.0,MONO,0.75,0.004606397029852405
R8_R6_ATC_M3_AL24477_N0_RAD_MONO_EPD5,R6_ATC_M3_AL24477_N0_RAD_EPD5,ATC_M3_AL24477,N0,RAD,5.0,MONO,0.625,0.0033616377890924526
R8_R6_ATC_M3_AL24477_N0_RAD_MONO_EPD5,R6_ATC_M3_AL24477_N0_RAD_EPD5,ATC_M3_AL24477,N0,RAD,5.0,MONO,0.5,0.004883771487866208
R8_R6_ATC_M3_AL24477_N0_RAD_MONO_EPD5,R6_ATC_M3_AL24477_N0_RAD_EPD5,ATC_M3_AL24477,N0,RAD,5.0,MONO,0.375,0.0069828206479095765
R8_R6_ATC_M3_AL24477_N0_RAD_MONO_EPD5,R6_ATC_M3_AL24477_N0_RAD_EPD5,ATC_M3_AL24477,N0,RAD,5.0,MONO,0.25,0.014387761174614445
R8_R6_ATC_M3_AL24477_N0_RAD_MONO_EPD5,R6_ATC_M3_AL24477_N0_RAD_EPD5,ATC_M3_AL24477,N0,RAD,5.0,MONO,0.125,0.07159190531086723
R8_R6_ATC_M3_AL24477_N0_RAD_MONO_EPD5,R6_ATC_M3_AL24477_N0_RAD_EPD5,ATC_M3_AL24477,N0,RAD,5.0,MONO,0.0,0.28452163333231517
R8_R6_ATC_M3_AL24477_N0_RAD_MONO_EPD5,R6_ATC_M3_AL24477_N0_RAD_EPD5,ATC_M3_AL24477,N0,RAD,5.0,MONO,-0.125,0.37691512163306395
R8_R6_ATC_M3_AL24477_N0_RAD_MONO_EPD5,R6_ATC_M3_AL24477_N0_RAD_EPD5,ATC_M3_AL24477,N0,RAD,5.0,MONO,-0.25,0.17991239149818397
R8_R6_ATC_M3_AL24477_N0_RAD_MONO_EPD5,R6_ATC_M3_AL24477_N0_RAD_EPD5,ATC_M3_AL24477,N0,RAD,5.0,MONO,-0.375,0.014901962180137632
R8_R6_ATC_M3_AL24477_N0_RAD_MONO_EPD5,R6_ATC_M3_AL24477_N0_RAD_EPD5,ATC_M3_AL24477,N0,RAD,5.0,MONO,-0.5,0.10142589052831708
R8_R6_ATC_M3_AL24477_N0_RAD_MONO_EPD5,R6_ATC_M3_AL24477_N0_RAD_EPD5,ATC_M3_AL24477,N0,RAD,5.0,MONO,-0.625,0.025818860518658563
R8_R6_ATC_M3_AL24477_N0_RAD_MONO_EPD5,R6_ATC_M3_AL24477_N0_RAD_EPD5,ATC_M3_AL24477,N0,RAD,5.0,MONO,-0.75,0.04195012874110836
R8_R6_ATC_M3_AL24477_N0_RAD_MONO_EPD5,R6_ATC_M3_AL24477_N0_RAD_EPD5,ATC_M3_AL24477,N0,RAD,5.0,MONO,-0.875,0.06433077781950305
R8_R6_ATC_M3_AL24477_N0_RAD_MONO_EPD5,R6_ATC_M3_AL24477_N0_RAD_EPD5,ATC_M3_AL24477,N0,RAD,5.0,MONO,-1.0,0.05567712461227746
R8_R6_ATC_M3_AL24477_N0_RAD_MONO_EPD5,R6_ATC_M3_AL24477_N0_RAD_EPD5,ATC_M3_AL24477,N0,RAD,5.0,MONO,-1.125,0.04785586386319759
R8_R6_ATC_M3_AL24477_N0_RAD_MONO_EPD5,R6_ATC_M3_AL24477_N0_RAD_EPD5,ATC_M3_AL24477,N0,RAD,5.0,MONO,-1.25,0.03578821221254765
R8_R6_ATC_M3_AL24477_N0_RAD_MONO_EPD5,R6_ATC_M3_AL24477_N0_RAD_EPD5,ATC_M3_AL24477,N0,RAD,5.0,MONO,-1.375,0.026973302488000048
R8_R6_ATC_M3_AL24477_N0_RAD_MONO_EPD5,R6_ATC_M3_AL24477_N0_RAD_EPD5,ATC_M3_AL24477,N0,RAD,5.0,MONO,-1.5,0.020170237232068462
R8_R6_ATC_M3_AL24477_N0_RAD_MONO_EPD5,R6_ATC_M3_AL24477_N0_RAD_EPD5,ATC_M3_AL24477,N0,RAD,5.0,MONO,-1.625,0.01688197096108699
R8_R6_ATC_M3_AL24477_N0_RAD_MONO_EPD5,R6_ATC_M3_AL24477_N0_RAD_EPD5,ATC_M3_AL24477,N0,RAD,5.0,MONO,-1.75,0.012158200435338228
R8_R6_ATC_M3_AL24477_N0_RAD_MONO_EPD5,R6_ATC_M3_AL24477_N0_RAD_EPD5,ATC_M3_AL24477,N0,RAD,5.0,MONO,-1.875,0.009917799896386918
R8_R6_ATC_M3_AL24477_N0_RAD_MONO_EPD5,R6_ATC_M3_AL24477_N0_RAD_EPD5,ATC_M3_AL24477,N0,RAD,5.0,MONO,-2.0,0.0073904423156724
R8_R6_ATC_M3_AL24477_N0_RAD_MONO_EPD5,R6_ATC_M3_AL24477_N0_RAD_EPD5,ATC_M3_AL24477,N0,RAD,5.0,MONO,-2.125,0.0063042789045434245
R8_R6_ATC_M3_AL24477_N0_RAD_MONO_EPD5,R6_ATC_M3_AL24477_N0_RAD_EPD5,ATC_M3_AL24477,N0,RAD,5.0,MONO,-2.25,0.005340527846171911
R8_R6_ATC_M3_AL24477_N0_RAD_MONO_EPD5,R6_ATC_M3_AL24477_N0_RAD_EPD5,ATC_M3_AL24477,N0,RAD,5.0,MONO,-2.375,0.005398107751688203
R8_R6_ATC_M3_AL24477_N0_RAD_MONO_EPD5,R6_ATC_M3_AL24477_N0_RAD_EPD5,ATC_M3_AL24477,N0,RAD,5.0,MONO,-2.5,0.005116420284443699
R8_R6_ATC_M3_AL24477_N0_RAD_MONO_EPD5,R6_ATC_M3_AL24477_N0_RAD_EPD5,ATC_M3_AL24477,N0,RAD,5.0,MONO,-2.625,0.004082468640281372
R8_R6_ATC_M3_AL24477_N0_RAD_MONO_EPD5,R6_ATC_M3_AL24477_N0_RAD_EPD5,ATC_M3_AL24477,N0,RAD,5.0,MONO,-2.75,0.0030063644076108115
R8_R6_ATC_M3_AL24477_N0_RAD_MONO_EPD5,R6_ATC_M3_AL24477_N0_RAD_EPD5,ATC_M3_AL24477,N0,RAD,5.0,MONO,-2.875,0.0031421894414443317
R8_R6_ATC_M3_AL24477_N0_RAD_MONO_EPD5,R6_ATC_M3_AL24477_N0_RAD_EPD5,ATC_M3_AL24477,N0,RAD,5.0,MONO,-3.0,0.003926178505071589
R8_R6_ATC_M3_AL24477_N0_RAD_MONO_EPD5,R6_ATC_M3_AL24477_N0_RAD_EPD5,ATC_M3_AL24477,N0,RAD,5.0,MONO,-3.125,0.003603760489832443
R8_R6_ATC_M3_AL24477_N0_RAD_MONO_EPD5,R6_ATC_M3_AL24477_N0_RAD_EPD5,ATC_M3_AL24477,N0,RAD,5.0,MONO,-3.25,0.0033286718527213016
R8_R6_ATC_M3_AL24477_N0_RAD_MONO_EPD5,R6_ATC_M3_AL24477_N0_RAD_EPD5,ATC_M3_AL24477,N0,RAD,5.0,MONO,-3.375,0.0029866876306361883
R8_R6_ATC_M3_AL24477_N0_RAD_MONO_EPD5,R6_ATC_M3_AL24477_N0_RAD_EPD5,ATC_M3_AL24477,N0,RAD,5.0,MONO,-3.5,0.003141143743800596
R8_R6_ATC_M3_AL24477_N0_RAD_MONO_EPD5,R6_ATC_M3_AL24477_N0_RAD_EPD5,ATC_M3_AL24477,N0,RAD,5.0,MONO,-3.625,0.002953237127379033
R8_R6_ATC_M3_AL24477_N0_RAD_MONO_EPD5,R6_ATC_M3_AL24477_N0_RAD_EPD5,ATC_M3_AL24477,N0,RAD,5.0,MONO,-3.75,0.0015073554835208435
R8_R6_ATC_M3_AL24477_N0_RAD_MONO_EPD5,R6_ATC_M3_AL24477_N0_RAD_EPD5,ATC_M3_AL24477,N0,RAD,5.0,MONO,-3.875,0.00208552305001282
R8_R6_ATC_M3_AL24477_N0_RAD_MONO_EPD5,R6_ATC_M3_AL24477_N0_RAD_EPD5,ATC_M3_AL24477,N0,RAD,5.0,MONO,-4.0,0.0011999905646602731
R8_R6_ATC_M3_AL24477_N0_RAD_MONO_EPD5,R6_ATC_M3_AL24477_N0_RAD_EPD5,ATC_M3_AL24477,N0,RAD,5.0,MONO,-4.125,0.002503922251026476
R8_R6_ATC_M3_AL24477_N0_RAD_MONO_EPD5,R6_ATC_M3_AL24477_N0_RAD_EPD5,ATC_M3_AL24477,N0,RAD,5.0,MONO,-4.25,0.0014053905655352506
R8_R6_ATC_M3_AL24477_N0_RAD_MONO_EPD5,R6_ATC_M3_AL24477_N0_RAD_EPD5,ATC_M3_AL24477,N0,RAD,5.0,MONO,-4.375,0.0025336724752162317
R8_R6_ATC_M3_AL24477_N0_RAD_MONO_EPD5,R6_ATC_M3_AL24477_N0_RAD_EPD5,ATC_M3_AL24477,N0,RAD,5.0,MONO,-4.5,0.0021199704771833806
R8_R6_ATC_M3_AL24477_N0_RAD_MONO_EPD5,R6_ATC_M3_AL24477_N0_RAD_EPD5,ATC_M3_AL24477,N0,RAD,5.0,MONO,-4.625,0.0019140349641402392
R8_R6_ATC_M3_AL24477_N0_RAD_MONO_EPD5,R6_ATC_M3_AL24477_N0_RAD_EPD5,ATC_M3_AL24477,N0,RAD,5.0,MONO,-4.75,0.001561855515180514
R8_R6_ATC_M3_AL24477_N0_RAD_MONO_EPD5,R6_ATC_M3_AL24477_N0_RAD_EPD5,ATC_M3_AL24477,N0,RAD,5.0,MONO,-4.875,0.001411657742218459
R8_R6_ATC_M3_AL24477_N0_RAD_MONO_EPD5,R6_ATC_M3_AL24477_N0_RAD_EPD5,ATC_M3_AL24477,N0,RAD,5.0,MONO,-5.0,0.001967623696413916
R8_R6_ATC_M3_AL24477_N0_RAD_EDOF_EPD5,R6_ATC_M3_AL24477_N0_RAD_EPD5,ATC_M3_AL24477,N0,RAD,5.0,EDOF,1.0,0.02567832087821629
R8_R6_ATC_M3_AL24477_N0_RAD_EDOF_EPD5,R6_ATC_M3_AL24477_N0_RAD_EPD5,ATC_M3_AL24477,N0,RAD,5.0,EDOF,0.875,0.06412127400980724
R8_R6_ATC_M3_AL24477_N0_RAD_EDOF_EPD5,R6_ATC_M3_AL24477_N0_RAD_EPD5,ATC_M3_AL24477,N0,RAD,5.0,EDOF,0.75,0.0952648015954016
R8_R6_ATC_M3_AL24477_N0_RAD_EDOF_EPD5,R6_ATC_M3_AL24477_N0_RAD_EPD5,ATC_M3_AL24477,N0,RAD,5.0,EDOF,0.625,0.030084041786573514
R8_R6_ATC_M3_AL24477_N0_RAD_EDOF_EPD5,R6_ATC_M3_AL24477_N0_RAD_EPD5,ATC_M3_AL24477,N0,RAD,5.0,EDOF,0.5,0.009798312437728775
R8_R6_ATC_M3_AL24477_N0_RAD_EDOF_EPD5,R6_ATC_M3_AL24477_N0_RAD_EPD5,ATC_M3_AL24477,N0,RAD,5.0,EDOF,0.375,0.09150996372203885
R8_R6_ATC_M3_AL24477_N0_RAD_EDOF_EPD5,R6_ATC_M3_AL24477_N0_RAD_EPD5,ATC_M3_AL24477,N0,RAD,5.0,EDOF,0.25,0.1660753017803318
R8_R6_ATC_M3_AL24477_N0_RAD_EDOF_EPD5,R6_ATC_M3_AL24477_N0_RAD_EPD5,ATC_M3_AL24477,N0,RAD,5.0,EDOF,0.125,0.07022525540050129
R8_R6_ATC_M3_AL24477_N0_RAD_EDOF_EPD5,R6_ATC_M3_AL24477_N0_RAD_EPD5,ATC_M3_AL24477,N0,RAD,5.0,EDOF,0.0,0.0022069847994504645
R8_R6_ATC_M3_AL24477_N0_RAD_EDOF_EPD5,R6_ATC_M3_AL24477_N0_RAD_EPD5,ATC_M3_AL24477,N0,RAD,5.0,EDOF,-0.125,0.027811585847846244
R8_R6_ATC_M3_AL24477_N0_RAD_EDOF_EPD5,R6_ATC_M3_AL24477_N0_RAD_EPD5,ATC_M3_AL24477,N0,RAD,5.0,EDOF,-0.25,0.1634760095037887
R8_R6_ATC_M3_AL24477_N0_RAD_EDOF_EPD5,R6_ATC_M3_AL24477_N0_RAD_EPD5,ATC_M3_AL24477,N0,RAD,5.0,EDOF,-0.375,0.11184613965473428
R8_R6_ATC_M3_AL24477_N0_RAD_EDOF_EPD5,R6_ATC_M3_AL24477_N0_RAD_EPD5,ATC_M3_AL24477,N0,RAD,5.0,EDOF,-0.5,0.017781196022827357
R8_R6_ATC_M3_AL24477_N0_RAD_EDOF_EPD5,R6_ATC_M3_AL24477_N0_RAD_EPD5,ATC_M3_AL24477,N0,RAD,5.0,EDOF,-0.625,0.077203139168148
R8_R6_ATC_M3_AL24477_N0_RAD_EDOF_EPD5,R6_ATC_M3_AL24477_N0_RAD_EPD5,ATC_M3_AL24477,N0,RAD,5.0,EDOF,-0.75,0.010944697293694567
R8_R6_ATC_M3_AL24477_N0_RAD_EDOF_EPD5,R6_ATC_M3_AL24477_N0_RAD_EPD5,ATC_M3_AL24477,N0,RAD,5.0,EDOF,-0.875,0.008136760227943154
R8_R6_ATC_M3_AL24477_N0_RAD_EDOF_EPD5,R6_ATC_M3_AL24477_N0_RAD_EPD5,ATC_M3_AL24477,N0,RAD,5.0,EDOF,-1.0,0.017210980607127176
R8_R6_ATC_M3_AL24477_N0_RAD_EDOF_EPD5,R6_ATC_M3_AL24477_N0_RAD_EPD5,ATC_M3_AL24477,N0,RAD,5.0,EDOF,-1.125,0.025024980169983883
R8_R6_ATC_M3_AL24477_N0_RAD_EDOF_EPD5,R6_ATC_M3_AL24477_N0_RAD_EPD5,ATC_M3_AL24477,N0,RAD,5.0,EDOF,-1.25,0.008274916885346147
R8_R6_ATC_M3_AL24477_N0_RAD_EDOF_EPD5,R6_ATC_M3_AL24477_N0_RAD_EPD5,ATC_M3_AL24477,N0,RAD,5.0,EDOF,-1.375,0.0018990163448655817
R8_R6_ATC_M3_AL24477_N0_RAD_EDOF_EPD5,R6_ATC_M3_AL24477_N0_RAD_EPD5,ATC_M3_AL24477,N0,RAD,5.0,EDOF,-1.5,0.010654880051375017
R8_R6_ATC_M3_AL24477_N0_RAD_EDOF_EPD5,R6_ATC_M3_AL24477_N0_RAD_EPD5,ATC_M3_AL24477,N0,RAD,5.0,EDOF,-1.625,0.015170769870909937
R8_R6_ATC_M3_AL24477_N0_RAD_EDOF_EPD5,R6_ATC_M3_AL24477_N0_RAD_EPD5,ATC_M3_AL24477,N0,RAD,5.0,EDOF,-1.75,0.014350210014329725
R8_R6_ATC_M3_AL24477_N0_RAD_EDOF_EPD5,R6_ATC_M3_AL24477_N0_RAD_EPD5,ATC_M3_AL24477,N0,RAD,5.0,EDOF,-1.875,0.03467620468670682
R8_R6_ATC_M3_AL24477_N0_RAD_EDOF_EPD5,R6_ATC_M3_AL24477_N0_RAD_EPD5,ATC_M3_AL24477,N0,RAD,5.0,EDOF,-2.0,0.0236009334873874
R8_R6_ATC_M3_AL24477_N0_RAD_EDOF_EPD5,R6_ATC_M3_AL24477_N0_RAD_EPD5,ATC_M3_AL24477,N0,RAD,5.0,EDOF,-2.125,0.02245829647647574
R8_R6_ATC_M3_AL24477_N0_RAD_EDOF_EPD5,R6_ATC_M3_AL24477_N0_RAD_EPD5,ATC_M3_AL24477,N0,RAD,5.0,EDOF,-2.25,0.027691542208030082
R8_R6_ATC_M3_AL24477_N0_RAD_EDOF_EPD5,R6_ATC_M3_AL24477_N0_RAD_EPD5,ATC_M3_AL24477,N0,RAD,5.0,EDOF,-2.375,0.018713841313186534
R8_R6_ATC_M3_AL24477_N0_RAD_EDOF_EPD5,R6_ATC_M3_AL24477_N0_RAD_EPD5,ATC_M3_AL24477,N0,RAD,5.0,EDOF,-2.5,0.013277209318160416
R8_R6_ATC_M3_AL24477_N0_RAD_EDOF_EPD5,R6_ATC_M3_AL24477_N0_RAD_EPD5,ATC_M3_AL24477,N0,RAD,5.0,EDOF,-2.625,0.016055141724318628
R8_R6_ATC_M3_AL24477_N0_RAD_EDOF_EPD5,R6_ATC_M3_AL24477_N0_RAD_EPD5,ATC_M3_AL24477,N0,RAD,5.0,EDOF,-2.75,0.005815185842108444
R8_R6_ATC_M3_AL24477_N0_RAD_EDOF_EPD5,R6_ATC_M3_AL24477_N0_RAD_EPD5,ATC_M3_AL24477,N0,RAD,5.0,EDOF,-2.875,0.012328829809810607
R8_R6_ATC_M3_AL24477_N0_RAD_EDOF_EPD5,R6_ATC_M3_AL24477_N0_RAD_EPD5,ATC_M3_AL24477,N0,RAD,5.0,EDOF,-3.0,0.0015219672559617405
R8_R6_ATC_M3_AL24477_N0_RAD_EDOF_EPD5,R6_ATC_M3_AL24477_N0_RAD_EPD5,ATC_M3_AL24477,N0,RAD,5.0,EDOF,-3.125,0.009801113820717421
R8_R6_ATC_M3_AL24477_N0_RAD_EDOF_EPD5,R6_ATC_M3_AL24477_N0_RAD_EPD5,ATC_M3_AL24477,N0,RAD,5.0,EDOF,-3.25,0.003355408797123335
R8_R6_ATC_M3_AL24477_N0_RAD_EDOF_EPD5,R6_ATC_M3_AL24477_N0_RAD_EPD5,ATC_M3_AL24477,N0,RAD,5.0,EDOF,-3.375,0.0011256248349845476
R8_R6_ATC_M3_AL24477_N0_RAD_EDOF_EPD5,R6_ATC_M3_AL24477_N0_RAD_EPD5,ATC_M3_AL24477,N0,RAD,5.0,EDOF,-3.5,0.0033112049799935953
R8_R6_ATC_M3_AL24477_N0_RAD_EDOF_EPD5,R6_ATC_M3_AL24477_N0_RAD_EPD5,ATC_M3_AL24477,N0,RAD,5.0,EDOF,-3.625,0.010146137608185654
R8_R6_ATC_M3_AL24477_N0_RAD_EDOF_EPD5,R6_ATC_M3_AL24477_N0_RAD_EPD5,ATC_M3_AL24477,N0,RAD,5.0,EDOF,-3.75,0.011936465437458757
R8_R6_ATC_M3_AL24477_N0_RAD_EDOF_EPD5,R6_ATC_M3_AL24477_N0_RAD_EPD5,ATC_M3_AL24477,N0,RAD,5.0,EDOF,-3.875,0.013626947297459908
R8_R6_ATC_M3_AL24477_N0_RAD_EDOF_EPD5,R6_ATC_M3_AL24477_N0_RAD_EPD5,ATC_M3_AL24477,N0,RAD,5.0,EDOF,-4.0,0.0023271352870424464
R8_R6_ATC_M3_AL24477_N0_RAD_EDOF_EPD5,R6_ATC_M3_AL24477_N0_RAD_EPD5,ATC_M3_AL24477,N0,RAD,5.0,EDOF,-4.125,0.00023363813487679337
R8_R6_ATC_M3_AL24477_N0_RAD_EDOF_EPD5,R6_ATC_M3_AL24477_N0_RAD_EPD5,ATC_M3_AL24477,N0,RAD,5.0,EDOF,-4.25,0.002442699554480972
R8_R6_ATC_M3_AL24477_N0_RAD_EDOF_EPD5,R6_ATC_M3_AL24477_N0_RAD_EPD5,ATC_M3_AL24477,N0,RAD,5.0,EDOF,-4.375,0.006066429180675485
R8_R6_ATC_M3_AL24477_N0_RAD_EDOF_EPD5,R6_ATC_M3_AL24477_N0_RAD_EPD5,ATC_M3_AL24477,N0,RAD,5.0,EDOF,-4.5,0.010711172648844712
R8_R6_ATC_M3_AL24477_N0_RAD_EDOF_EPD5,R6_ATC_M3_AL24477_N0_RAD_EPD5,ATC_M3_AL24477,N0,RAD,5.0,EDOF,-4.625,0.010648527240018624
R8_R6_ATC_M3_AL24477_N0_RAD_EDOF_EPD5,R6_ATC_M3_AL24477_N0_RAD_EPD5,ATC_M3_AL24477,N0,RAD,5.0,EDOF,-4.75,0.0012674952256325092
R8_R6_ATC_M3_AL24477_N0_RAD_EDOF_EPD5,R6_ATC_M3_AL24477_N0_RAD_EPD5,ATC_M3_AL24477,N0,RAD,5.0,EDOF,-4.875,0.004746099383143759
R8_R6_ATC_M3_AL24477_N0_RAD_EDOF_EPD5,R6_ATC_M3_AL24477_N0_RAD_EPD5,ATC_M3_AL24477,N0,RAD,5.0,EDOF,-5.0,0.006636383135014506
R8_R6_ATC_M3_AL24477_N0_HOA_MONO_EPD3,R6_ATC_M3_AL24477_N0_HOA_EPD3,ATC_M3_AL24477,N0,HOA,3.0,MONO,1.0,0.008859132910845465
R8_R6_ATC_M3_AL24477_N0_HOA_MONO_EPD3,R6_ATC_M3_AL24477_N0_HOA_EPD3,ATC_M3_AL24477,N0,HOA,3.0,MONO,0.875,0.010359138844660021
R8_R6_ATC_M3_AL24477_N0_HOA_MONO_EPD3,R6_ATC_M3_AL24477_N0_HOA_EPD3,ATC_M3_AL24477,N0,HOA,3.0,MONO,0.75,0.0016197812721965386
R8_R6_ATC_M3_AL24477_N0_HOA_MONO_EPD3,R6_ATC_M3_AL24477_N0_HOA_EPD3,ATC_M3_AL24477,N0,HOA,3.0,MONO,0.625,0.03980990574672893
R8_R6_ATC_M3_AL24477_N0_HOA_MONO_EPD3,R6_ATC_M3_AL24477_N0_HOA_EPD3,ATC_M3_AL24477,N0,HOA,3.0,MONO,0.5,0.06190002438554817
R8_R6_ATC_M3_AL24477_N0_HOA_MONO_EPD3,R6_ATC_M3_AL24477_N0_HOA_EPD3,ATC_M3_AL24477,N0,HOA,3.0,MONO,0.375,0.08459027595951871
R8_R6_ATC_M3_AL24477_N0_HOA_MONO_EPD3,R6_ATC_M3_AL24477_N0_HOA_EPD3,ATC_M3_AL24477,N0,HOA,3.0,MONO,0.25,0.21533488996147826
R8_R6_ATC_M3_AL24477_N0_HOA_MONO_EPD3,R6_ATC_M3_AL24477_N0_HOA_EPD3,ATC_M3_AL24477,N0,HOA,3.0,MONO,0.125,0.436790361867206
R8_R6_ATC_M3_AL24477_N0_HOA_MONO_EPD3,R6_ATC_M3_AL24477_N0_HOA_EPD3,ATC_M3_AL24477,N0,HOA,3.0,MONO,0.0,0.5202137081027769
R8_R6_ATC_M3_AL24477_N0_HOA_MONO_EPD3,R6_ATC_M3_AL24477_N0_HOA_EPD3,ATC_M3_AL24477,N0,HOA,3.0,MONO,-0.125,0.3134867789983302
R8_R6_ATC_M3_AL24477_N0_HOA_MONO_EPD3,R6_ATC_M3_AL24477_N0_HOA_EPD3,ATC_M3_AL24477,N0,HOA,3.0,MONO,-0.25,0.004178315734640994
R8_R6_ATC_M3_AL24477_N0_HOA_MONO_EPD3,R6_ATC_M3_AL24477_N0_HOA_EPD3,ATC_M3_AL24477,N0,HOA,3.0,MONO,-0.375,0.1026822196830323
R8_R6_ATC_M3_AL24477_N0_HOA_MONO_EPD3,R6_ATC_M3_AL24477_N0_HOA_EPD3,ATC_M3_AL24477,N0,HOA,3.0,MONO,-0.5,0.007526199661142496
R8_R6_ATC_M3_AL24477_N0_HOA_MONO_EPD3,R6_ATC_M3_AL24477_N0_HOA_EPD3,ATC_M3_AL24477,N0,HOA,3.0,MONO,-0.625,0.08966321546076245
R8_R6_ATC_M3_AL24477_N0_HOA_MONO_EPD3,R6_ATC_M3_AL24477_N0_HOA_EPD3,ATC_M3_AL24477,N0,HOA,3.0,MONO,-0.75,0.028654712579997042
R8_R6_ATC_M3_AL24477_N0_HOA_MONO_EPD3,R6_ATC_M3_AL24477_N0_HOA_EPD3,ATC_M3_AL24477,N0,HOA,3.0,MONO,-0.875,0.041970603945924966
R8_R6_ATC_M3_AL24477_N0_HOA_MONO_EPD3,R6_ATC_M3_AL24477_N0_HOA_EPD3,ATC_M3_AL24477,N0,HOA,3.0,MONO,-1.0,0.015414982300480884
R8_R6_ATC_M3_AL24477_N0_HOA_MONO_EPD3,R6_ATC_M3_AL24477_N0_HOA_EPD3,ATC_M3_AL24477,N0,HOA,3.0,MONO,-1.125,0.031111070064302308
R8_R6_ATC_M3_AL24477_N0_HOA_MONO_EPD3,R6_ATC_M3_AL24477_N0_HOA_EPD3,ATC_M3_AL24477,N0,HOA,3.0,MONO,-1.25,0.013678600724259325
R8_R6_ATC_M3_AL24477_N0_HOA_MONO_EPD3,R6_ATC_M3_AL24477_N0_HOA_EPD3,ATC_M3_AL24477,N0,HOA,3.0,MONO,-1.375,0.019139468825421606
R8_R6_ATC_M3_AL24477_N0_HOA_MONO_EPD3,R6_ATC_M3_AL24477_N0_HOA_EPD3,ATC_M3_AL24477,N0,HOA,3.0,MONO,-1.5,0.006253273532089572
R8_R6_ATC_M3_AL24477_N0_HOA_MONO_EPD3,R6_ATC_M3_AL24477_N0_HOA_EPD3,ATC_M3_AL24477,N0,HOA,3.0,MONO,-1.625,0.016481976618024398
R8_R6_ATC_M3_AL24477_N0_HOA_MONO_EPD3,R6_ATC_M3_AL24477_N0_HOA_EPD3,ATC_M3_AL24477,N0,HOA,3.0,MONO,-1.75,0.005051899615265618
R8_R6_ATC_M3_AL24477_N0_HOA_MONO_EPD3,R6_ATC_M3_AL24477_N0_HOA_EPD3,ATC_M3_AL24477,N0,HOA,3.0,MONO,-1.875,0.011079052548404987
R8_R6_ATC_M3_AL24477_N0_HOA_MONO_EPD3,R6_ATC_M3_AL24477_N0_HOA_EPD3,ATC_M3_AL24477,N0,HOA,3.0,MONO,-2.0,0.0008524230857907159
R8_R6_ATC_M3_AL24477_N0_HOA_MONO_EPD3,R6_ATC_M3_AL24477_N0_HOA_EPD3,ATC_M3_AL24477,N0,HOA,3.0,MONO,-2.125,0.009553656634139374
R8_R6_ATC_M3_AL24477_N0_HOA_MONO_EPD3,R6_ATC_M3_AL24477_N0_HOA_EPD3,ATC_M3_AL24477,N0,HOA,3.0,MONO,-2.25,0.0010785453073421107
R8_R6_ATC_M3_AL24477_N0_HOA_MONO_EPD3,R6_ATC_M3_AL24477_N0_HOA_EPD3,ATC_M3_AL24477,N0,HOA,3.0,MONO,-2.375,0.008233954849823564
R8_R6_ATC_M3_AL24477_N0_HOA_MONO_EPD3,R6_ATC_M3_AL24477_N0_HOA_EPD3,ATC_M3_AL24477,N0,HOA,3.0,MONO,-2.5,0.0022531377330651655
R8_R6_ATC_M3_AL24477_N0_HOA_MONO_EPD3,R6_ATC_M3_AL24477_N0_HOA_EPD3,ATC_M3_AL24477,N0,HOA,3.0,MONO,-2.625,0.007297294751817568
R8_R6_ATC_M3_AL24477_N0_HOA_MONO_EPD3,R6_ATC_M3_AL24477_N0_HOA_EPD3,ATC_M3_AL24477,N0,HOA,3.0,MONO,-2.75,0.002283490373506473
R8_R6_ATC_M3_AL24477_N0_HOA_MONO_EPD3,R6_ATC_M3_AL24477_N0_HOA_EPD3,ATC_M3_AL24477,N0,HOA,3.0,MONO,-2.875,0.005511306452858177
R8_R6_ATC_M3_AL24477_N0_HOA_MONO_EPD3,R6_ATC_M3_AL24477_N0_HOA_EPD3,ATC_M3_AL24477,N0,HOA,3.0,MONO,-3.0,0.0027432831568775747
R8_R6_ATC_M3_AL24477_N0_HOA_MONO_EPD3,R6_ATC_M3_AL24477_N0_HOA_EPD3,ATC_M3_AL24477,N0,HOA,3.0,MONO,-3.125,0.004157449694360191
R8_R6_ATC_M3_AL24477_N0_HOA_MONO_EPD3,R6_ATC_M3_AL24477_N0_HOA_EPD3,ATC_M3_AL24477,N0,HOA,3.0,MONO,-3.25,0.0026892724966914236
R8_R6_ATC_M3_AL24477_N0_HOA_MONO_EPD3,R6_ATC_M3_AL24477_N0_HOA_EPD3,ATC_M3_AL24477,N0,HOA,3.0,MONO,-3.375,0.0022116722109963094
R8_R6_ATC_M3_AL24477_N0_HOA_MONO_EPD3,R6_ATC_M3_AL24477_N0_HOA_EPD3,ATC_M3_AL24477,N0,HOA,3.0,MONO,-3.5,0.0036048095918814857
R8_R6_ATC_M3_AL24477_N0_HOA_MONO_EPD3,R6_ATC_M3_AL24477_N0_HOA_EPD3,ATC_M3_AL24477,N0,HOA,3.0,MONO,-3.625,0.0015521206799837643
R8_R6_ATC_M3_AL24477_N0_HOA_MONO_EPD3,R6_ATC_M3_AL24477_N0_HOA_EPD3,ATC_M3_AL24477,N0,HOA,3.0,MONO,-3.75,0.003777640520077628
R8_R6_ATC_M3_AL24477_N0_HOA_MONO_EPD3,R6_ATC_M3_AL24477_N0_HOA_EPD3,ATC_M3_AL24477,N0,HOA,3.0,MONO,-3.875,0.001335164523871358
R8_R6_ATC_M3_AL24477_N0_HOA_MONO_EPD3,R6_ATC_M3_AL24477_N0_HOA_EPD3,ATC_M3_AL24477,N0,HOA,3.0,MONO,-4.0,0.0028825899154727806
R8_R6_ATC_M3_AL24477_N0_HOA_MONO_EPD3,R6_ATC_M3_AL24477_N0_HOA_EPD3,ATC_M3_AL24477,N0,HOA,3.0,MONO,-4.125,0.0005141327065561053
R8_R6_ATC_M3_AL24477_N0_HOA_MONO_EPD3,R6_ATC_M3_AL24477_N0_HOA_EPD3,ATC_M3_AL24477,N0,HOA,3.0,MONO,-4.25,0.0016399463398404208
R8_R6_ATC_M3_AL24477_N0_HOA_MONO_EPD3,R6_ATC_M3_AL24477_N0_HOA_EPD3,ATC_M3_AL24477,N0,HOA,3.0,MONO,-4.375,0.0015206779727501634
R8_R6_ATC_M3_AL24477_N0_HOA_MONO_EPD3,R6_ATC_M3_AL24477_N0_HOA_EPD3,ATC_M3_AL24477,N0,HOA,3.0,MONO,-4.5,0.002212328291207328
R8_R6_ATC_M3_AL24477_N0_HOA_MONO_EPD3,R6_ATC_M3_AL24477_N0_HOA_EPD3,ATC_M3_AL24477,N0,HOA,3.0,MONO,-4.625,0.0017992046631307781
R8_R6_ATC_M3_AL24477_N0_HOA_MONO_EPD3,R6_ATC_M3_AL24477_N0_HOA_EPD3,ATC_M3_AL24477,N0,HOA,3.0,MONO,-4.75,0.001949188472009579
R8_R6_ATC_M3_AL24477_N0_HOA_MONO_EPD3,R6_ATC_M3_AL24477_N0_HOA_EPD3,ATC_M3_AL24477,N0,HOA,3.0,MONO,-4.875,0.0019215759112773336
R8_R6_ATC_M3_AL24477_N0_HOA_MONO_EPD3,R6_ATC_M3_AL24477_N0_HOA_EPD3,ATC_M3_AL24477,N0,HOA,3.0,MONO,-5.0,0.0013400547916882723
R8_R6_ATC_M3_AL24477_N0_HOA_EDOF_EPD3,R6_ATC_M3_AL24477_N0_HOA_EPD3,ATC_M3_AL24477,N0,HOA,3.0,EDOF,1.0,0.031611196710687225
R8_R6_ATC_M3_AL24477_N0_HOA_EDOF_EPD3,R6_ATC_M3_AL24477_N0_HOA_EPD3,ATC_M3_AL24477,N0,HOA,3.0,EDOF,0.875,0.040774428412258513
R8_R6_ATC_M3_AL24477_N0_HOA_EDOF_EPD3,R6_ATC_M3_AL24477_N0_HOA_EPD3,ATC_M3_AL24477,N0,HOA,3.0,EDOF,0.75,0.00394355320278441
R8_R6_ATC_M3_AL24477_N0_HOA_EDOF_EPD3,R6_ATC_M3_AL24477_N0_HOA_EPD3,ATC_M3_AL24477,N0,HOA,3.0,EDOF,0.625,0.007107408761593615
R8_R6_ATC_M3_AL24477_N0_HOA_EDOF_EPD3,R6_ATC_M3_AL24477_N0_HOA_EPD3,ATC_M3_AL24477,N0,HOA,3.0,EDOF,0.5,0.03066844393090129
R8_R6_ATC_M3_AL24477_N0_HOA_EDOF_EPD3,R6_ATC_M3_AL24477_N0_HOA_EPD3,ATC_M3_AL24477,N0,HOA,3.0,EDOF,0.375,0.03930803858966542
R8_R6_ATC_M3_AL24477_N0_HOA_EDOF_EPD3,R6_ATC_M3_AL24477_N0_HOA_EPD3,ATC_M3_AL24477,N0,HOA,3.0,EDOF,0.25,0.012303343612458783
R8_R6_ATC_M3_AL24477_N0_HOA_EDOF_EPD3,R6_ATC_M3_AL24477_N0_HOA_EPD3,ATC_M3_AL24477,N0,HOA,3.0,EDOF,0.125,0.02357495627319946
R8_R6_ATC_M3_AL24477_N0_HOA_EDOF_EPD3,R6_ATC_M3_AL24477_N0_HOA_EPD3,ATC_M3_AL24477,N0,HOA,3.0,EDOF,0.0,0.0754503417211051
R8_R6_ATC_M3_AL24477_N0_HOA_EDOF_EPD3,R6_ATC_M3_AL24477_N0_HOA_EPD3,ATC_M3_AL24477,N0,HOA,3.0,EDOF,-0.125,0.18312286153214796
R8_R6_ATC_M3_AL24477_N0_HOA_EDOF_EPD3,R6_ATC_M3_AL24477_N0_HOA_EPD3,ATC_M3_AL24477,N0,HOA,3.0,EDOF,-0.25,0.16987302479023575
R8_R6_ATC_M3_AL24477_N0_HOA_EDOF_EPD3,R6_ATC_M3_AL24477_N0_HOA_EPD3,ATC_M3_AL24477,N0,HOA,3.0,EDOF,-0.375,0.07433317198504744
R8_R6_ATC_M3_AL24477_N0_HOA_EDOF_EPD3,R6_ATC_M3_AL24477_N0_HOA_EPD3,ATC_M3_AL24477,N0,HOA,3.0,EDOF,-0.5,0.023940411334371713
R8_R6_ATC_M3_AL24477_N0_HOA_EDOF_EPD3,R6_ATC_M3_AL24477_N0_HOA_EPD3,ATC_M3_AL24477,N0,HOA,3.0,EDOF,-0.625,0.03450269361383747
R8_R6_ATC_M3_AL24477_N0_HOA_EDOF_EPD3,R6_ATC_M3_AL24477_N0_HOA_EPD3,ATC_M3_AL24477,N0,HOA,3.0,EDOF,-0.75,0.029411668904760636
R8_R6_ATC_M3_AL24477_N0_HOA_EDOF_EPD3,R6_ATC_M3_AL24477_N0_HOA_EPD3,ATC_M3_AL24477,N0,HOA,3.0,EDOF,-0.875,0.0012850219738352656
R8_R6_ATC_M3_AL24477_N0_HOA_EDOF_EPD3,R6_ATC_M3_AL24477_N0_HOA_EPD3,ATC_M3_AL24477,N0,HOA,3.0,EDOF,-1.0,0.009151840873659323
R8_R6_ATC_M3_AL24477_N0_HOA_EDOF_EPD3,R6_ATC_M3_AL24477_N0_HOA_EPD3,ATC_M3_AL24477,N0,HOA,3.0,EDOF,-1.125,0.04774076220455088
R8_R6_ATC_M3_AL24477_N0_HOA_EDOF_EPD3,R6_ATC_M3_AL24477_N0_HOA_EPD3,ATC_M3_AL24477,N0,HOA,3.0,EDOF,-1.25,0.052216403269837064
R8_R6_ATC_M3_AL24477_N0_HOA_EDOF_EPD3,R6_ATC_M3_AL24477_N0_HOA_EPD3,ATC_M3_AL24477,N0,HOA,3.0,EDOF,-1.375,0.01673782432954259
R8_R6_ATC_M3_AL24477_N0_HOA_EDOF_EPD3,R6_ATC_M3_AL24477_N0_HOA_EPD3,ATC_M3_AL24477,N0,HOA,3.0,EDOF,-1.5,0.003571806448728643
R8_R6_ATC_M3_AL24477_N0_HOA_EDOF_EPD3,R6_ATC_M3_AL24477_N0_HOA_EPD3,ATC_M3_AL24477,N0,HOA,3.0,EDOF,-1.625,0.0056737647960270355
R8_R6_ATC_M3_AL24477_N0_HOA_EDOF_EPD3,R6_ATC_M3_AL24477_N0_HOA_EPD3,ATC_M3_AL24477,N0,HOA,3.0,EDOF,-1.75,0.009868800650847508
R8_R6_ATC_M3_AL24477_N0_HOA_EDOF_EPD3,R6_ATC_M3_AL24477_N0_HOA_EPD3,ATC_M3_AL24477,N0,HOA,3.0,EDOF,-1.875,0.002851657900666745
R8_R6_ATC_M3_AL24477_N0_HOA_EDOF_EPD3,R6_ATC_M3_AL24477_N0_HOA_EPD3,ATC_M3_AL24477,N0,HOA,3.0,EDOF,-2.0,0.009152008759797475
R8_R6_ATC_M3_AL24477_N0_HOA_EDOF_EPD3,R6_ATC_M3_AL24477_N0_HOA_EPD3,ATC_M3_AL24477,N0,HOA,3.0,EDOF,-2.125,0.024879803991708017
R8_R6_ATC_M3_AL24477_N0_HOA_EDOF_EPD3,R6_ATC_M3_AL24477_N0_HOA_EPD3,ATC_M3_AL24477,N0,HOA,3.0,EDOF,-2.25,0.026179528243070155
R8_R6_ATC_M3_AL24477_N0_HOA_EDOF_EPD3,R6_ATC_M3_AL24477_N0_HOA_EPD3,ATC_M3_AL24477,N0,HOA,3.0,EDOF,-2.375,0.018404387875191157
R8_R6_ATC_M3_AL24477_N0_HOA_EDOF_EPD3,R6_ATC_M3_AL24477_N0_HOA_EPD3,ATC_M3_AL24477,N0,HOA,3.0,EDOF,-2.5,0.020406462266840952
R8_R6_ATC_M3_AL24477_N0_HOA_EDOF_EPD3,R6_ATC_M3_AL24477_N0_HOA_EPD3,ATC_M3_AL24477,N0,HOA,3.0,EDOF,-2.625,0.023115786154062005
R8_R6_ATC_M3_AL24477_N0_HOA_EDOF_EPD3,R6_ATC_M3_AL24477_N0_HOA_EPD3,ATC_M3_AL24477,N0,HOA,3.0,EDOF,-2.75,0.010799559781329827
R8_R6_ATC_M3_AL24477_N0_HOA_EDOF_EPD3,R6_ATC_M3_AL24477_N0_HOA_EPD3,ATC_M3_AL24477,N0,HOA,3.0,EDOF,-2.875,0.0038097306214038146
R8_R6_ATC_M3_AL24477_N0_HOA_EDOF_EPD3,R6_ATC_M3_AL24477_N0_HOA_EPD3,ATC_M3_AL24477,N0,HOA,3.0,EDOF,-3.0,0.003736502121578249
R8_R6_ATC_M3_AL24477_N0_HOA_EDOF_EPD3,R6_ATC_M3_AL24477_N0_HOA_EPD3,ATC_M3_AL24477,N0,HOA,3.0,EDOF,-3.125,0.0013778700375195792
R8_R6_ATC_M3_AL24477_N0_HOA_EDOF_EPD3,R6_ATC_M3_AL24477_N0_HOA_EPD3,ATC_M3_AL24477,N0,HOA,3.0,EDOF,-3.25,0.0001618056171655435
R8_R6_ATC_M3_AL24477_N0_HOA_EDOF_EPD3,R6_ATC_M3_AL24477_N0_HOA_EPD3,ATC_M3_AL24477,N0,HOA,3.0,EDOF,-3.375,0.00022463976824138327
R8_R6_ATC_M3_AL24477_N0_HOA_EDOF_EPD3,R6_ATC_M3_AL24477_N0_HOA_EPD3,ATC_M3_AL24477,N0,HOA,3.0,EDOF,-3.5,0.006837346776123025
R8_R6_ATC_M3_AL24477_N0_HOA_EDOF_EPD3,R6_ATC_M3_AL24477_N0_HOA_EPD3,ATC_M3_AL24477,N0,HOA,3.0,EDOF,-3.625,0.010604257493585503
R8_R6_ATC_M3_AL24477_N0_HOA_EDOF_EPD3,R6_ATC_M3_AL24477_N0_HOA_EPD3,ATC_M3_AL24477,N0,HOA,3.0,EDOF,-3.75,0.008032905399967018
R8_R6_ATC_M3_AL24477_N0_HOA_EDOF_EPD3,R6_ATC_M3_AL24477_N0_HOA_EPD3,ATC_M3_AL24477,N0,HOA,3.0,EDOF,-3.875,0.009809207334298263
R8_R6_ATC_M3_AL24477_N0_HOA_EDOF_EPD3,R6_ATC_M3_AL24477_N0_HOA_EPD3,ATC_M3_AL24477,N0,HOA,3.0,EDOF,-4.0,0.016234679329883418
R8_R6_ATC_M3_AL24477_N0_HOA_EDOF_EPD3,R6_ATC_M3_AL24477_N0_HOA_EPD3,ATC_M3_AL24477,N0,HOA,3.0,EDOF,-4.125,0.016470349908688012
R8_R6_ATC_M3_AL24477_N0_HOA_EDOF_EPD3,R6_ATC_M3_AL24477_N0_HOA_EPD3,ATC_M3_AL24477,N0,HOA,3.0,EDOF,-4.25,0.012079314674765541
R8_R6_ATC_M3_AL24477_N0_HOA_EDOF_EPD3,R6_ATC_M3_AL24477_N0_HOA_EPD3,ATC_M3_AL24477,N0,HOA,3.0,EDOF,-4.375,0.013378953034389088
R8_R6_ATC_M3_AL24477_N0_HOA_EDOF_EPD3,R6_ATC_M3_AL24477_N0_HOA_EPD3,ATC_M3_AL24477,N0,HOA,3.0,EDOF,-4.5,0.018195662167024288
R8_R6_ATC_M3_AL24477_N0_HOA_EDOF_EPD3,R6_ATC_M3_AL24477_N0_HOA_EPD3,ATC_M3_AL24477,N0,HOA,3.0,EDOF,-4.625,0.017969996436480166
R8_R6_ATC_M3_AL24477_N0_HOA_EDOF_EPD3,R6_ATC_M3_AL24477_N0_HOA_EPD3,ATC_M3_AL24477,N0,HOA,3.0,EDOF,-4.75,0.016548533988500026
R8_R6_ATC_M3_AL24477_N0_HOA_EDOF_EPD3,R6_ATC_M3_AL24477_N0_HOA_EPD3,ATC_M3_AL24477,N0,HOA,3.0,EDOF,-4.875,0.02024067273472629
R8_R6_ATC_M3_AL24477_N0_HOA_EDOF_EPD3,R6_ATC_M3_AL24477_N0_HOA_EPD3,ATC_M3_AL24477,N0,HOA,3.0,EDOF,-5.0,0.022113917268266448
R8_R6_ATC_M3_AL24477_N0_HOA_MONO_EPD5,R6_ATC_M3_AL24477_N0_HOA_EPD5,ATC_M3_AL24477,N0,HOA,5.0,MONO,1.0,0.0023898771665544064
R8_R6_ATC_M3_AL24477_N0_HOA_MONO_EPD5,R6_ATC_M3_AL24477_N0_HOA_EPD5,ATC_M3_AL24477,N0,HOA,5.0,MONO,0.875,0.0013808584709301677
R8_R6_ATC_M3_AL24477_N0_HOA_MONO_EPD5,R6_ATC_M3_AL24477_N0_HOA_EPD5,ATC_M3_AL24477,N0,HOA,5.0,MONO,0.75,0.004090265042203131
R8_R6_ATC_M3_AL24477_N0_HOA_MONO_EPD5,R6_ATC_M3_AL24477_N0_HOA_EPD5,ATC_M3_AL24477,N0,HOA,5.0,MONO,0.625,0.005538016529119573
R8_R6_ATC_M3_AL24477_N0_HOA_MONO_EPD5,R6_ATC_M3_AL24477_N0_HOA_EPD5,ATC_M3_AL24477,N0,HOA,5.0,MONO,0.5,0.020139775631968435
R8_R6_ATC_M3_AL24477_N0_HOA_MONO_EPD5,R6_ATC_M3_AL24477_N0_HOA_EPD5,ATC_M3_AL24477,N0,HOA,5.0,MONO,0.375,0.041150712693087364
R8_R6_ATC_M3_AL24477_N0_HOA_MONO_EPD5,R6_ATC_M3_AL24477_N0_HOA_EPD5,ATC_M3_AL24477,N0,HOA,5.0,MONO,0.25,0.08754247770835613
R8_R6_ATC_M3_AL24477_N0_HOA_MONO_EPD5,R6_ATC_M3_AL24477_N0_HOA_EPD5,ATC_M3_AL24477,N0,HOA,5.0,MONO,0.125,0.13037022017826938
R8_R6_ATC_M3_AL24477_N0_HOA_MONO_EPD5,R6_ATC_M3_AL24477_N0_HOA_EPD5,ATC_M3_AL24477,N0,HOA,5.0,MONO,0.0,0.1651264364377501
R8_R6_ATC_M3_AL24477_N0_HOA_MONO_EPD5,R6_ATC_M3_AL24477_N0_HOA_EPD5,ATC_M3_AL24477,N0,HOA,5.0,MONO,-0.125,0.13258614468368635
R8_R6_ATC_M3_AL24477_N0_HOA_MONO_EPD5,R6_ATC_M3_AL24477_N0_HOA_EPD5,ATC_M3_AL24477,N0,HOA,5.0,MONO,-0.25,0.06328561884678224
R8_R6_ATC_M3_AL24477_N0_HOA_MONO_EPD5,R6_ATC_M3_AL24477_N0_HOA_EPD5,ATC_M3_AL24477,N0,HOA,5.0,MONO,-0.375,0.005576499818180956
R8_R6_ATC_M3_AL24477_N0_HOA_MONO_EPD5,R6_ATC_M3_AL24477_N0_HOA_EPD5,ATC_M3_AL24477,N0,HOA,5.0,MONO,-0.5,0.03701478655837713
R8_R6_ATC_M3_AL24477_N0_HOA_MONO_EPD5,R6_ATC_M3_AL24477_N0_HOA_EPD5,ATC_M3_AL24477,N0,HOA,5.0,MONO,-0.625,0.08093233341558465
R8_R6_ATC_M3_AL24477_N0_HOA_MONO_EPD5,R6_ATC_M3_AL24477_N0_HOA_EPD5,ATC_M3_AL24477,N0,HOA,5.0,MONO,-0.75,0.0790804714465126
R8_R6_ATC_M3_AL24477_N0_HOA_MONO_EPD5,R6_ATC_M3_AL24477_N0_HOA_EPD5,ATC_M3_AL24477,N0,HOA,5.0,MONO,-0.875,0.0034731624973278613
R8_R6_ATC_M3_AL24477_N0_HOA_MONO_EPD5,R6_ATC_M3_AL24477_N0_HOA_EPD5,ATC_M3_AL24477,N0,HOA,5.0,MONO,-1.0,0.023743903692125503
R8_R6_ATC_M3_AL24477_N0_HOA_MONO_EPD5,R6_ATC_M3_AL24477_N0_HOA_EPD5,ATC_M3_AL24477,N0,HOA,5.0,MONO,-1.125,0.08490728784604798
R8_R6_ATC_M3_AL24477_N0_HOA_MONO_EPD5,R6_ATC_M3_AL24477_N0_HOA_EPD5,ATC_M3_AL24477,N0,HOA,5.0,MONO,-1.25,0.03417324261620848
R8_R6_ATC_M3_AL24477_N0_HOA_MONO_EPD5,R6_ATC_M3_AL24477_N0_HOA_EPD5,ATC_M3_AL24477,N0,HOA,5.0,MONO,-1.375,0.006919275237605617
R8_R6_ATC_M3_AL24477_N0_HOA_MONO_EPD5,R6_ATC_M3_AL24477_N0_HOA_EPD5,ATC_M3_AL24477,N0,HOA,5.0,MONO,-1.5,0.05386450747709362
R8_R6_ATC_M3_AL24477_N0_HOA_MONO_EPD5,R6_ATC_M3_AL24477_N0_HOA_EPD5,ATC_M3_AL24477,N0,HOA,5.0,MONO,-1.625,0.0017159564194773604
R8_R6_ATC_M3_AL24477_N0_HOA_MONO_EPD5,R6_ATC_M3_AL24477_N0_HOA_EPD5,ATC_M3_AL24477,N0,HOA,5.0,MONO,-1.75,0.010471987584789557
R8_R6_ATC_M3_AL24477_N0_HOA_MONO_EPD5,R6_ATC_M3_AL24477_N0_HOA_EPD5,ATC_M3_AL24477,N0,HOA,5.0,MONO,-1.875,0.03161205750450455
R8_R6_ATC_M3_AL24477_N0_HOA_MONO_EPD5,R6_ATC_M3_AL24477_N0_HOA_EPD5,ATC_M3_AL24477,N0,HOA,5.0,MONO,-2.0,0.02002684197514689
R8_R6_ATC_M3_AL24477_N0_HOA_MONO_EPD5,R6_ATC_M3_AL24477_N0_HOA_EPD5,ATC_M3_AL24477,N0,HOA,5.0,MONO,-2.125,0.004927085980890814
R8_R6_ATC_M3_AL24477_N0_HOA_MONO_EPD5,R6_ATC_M3_AL24477_N0_HOA_EPD5,ATC_M3_AL24477,N0,HOA,5.0,MONO,-2.25,0.01387123893922523
R8_R6_ATC_M3_AL24477_N0_HOA_MONO_EPD5,R6_ATC_M3_AL24477_N0_HOA_EPD5,ATC_M3_AL24477,N0,HOA,5.0,MONO,-2.375,0.02515316623967329
R8_R6_ATC_M3_AL24477_N0_HOA_MONO_EPD5,R6_ATC_M3_AL24477_N0_HOA_EPD5,ATC_M3_AL24477,N0,HOA,5.0,MONO,-2.5,0.02954826658033603
R8_R6_ATC_M3_AL24477_N0_HOA_MONO_EPD5,R6_ATC_M3_AL24477_N0_HOA_EPD5,ATC_M3_AL24477,N0,HOA,5.0,MONO,-2.625,0.02473991346169019
R8_R6_ATC_M3_AL24477_N0_HOA_MONO_EPD5,R6_ATC_M3_AL24477_N0_HOA_EPD5,ATC_M3_AL24477,N0,HOA,5.0,MONO,-2.75,0.01829777616811113
R8_R6_ATC_M3_AL24477_N0_HOA_MONO_EPD5,R6_ATC_M3_AL24477_N0_HOA_EPD5,ATC_M3_AL24477,N0,HOA,5.0,MONO,-2.875,0.00952393686138682
R8_R6_ATC_M3_AL24477_N0_HOA_MONO_EPD5,R6_ATC_M3_AL24477_N0_HOA_EPD5,ATC_M3_AL24477,N0,HOA,5.0,MONO,-3.0,0.0032077084324281706
R8_R6_ATC_M3_AL24477_N0_HOA_MONO_EPD5,R6_ATC_M3_AL24477_N0_HOA_EPD5,ATC_M3_AL24477,N0,HOA,5.0,MONO,-3.125,0.0014086178856640244
R8_R6_ATC_M3_AL24477_N0_HOA_MONO_EPD5,R6_ATC_M3_AL24477_N0_HOA_EPD5,ATC_M3_AL24477,N0,HOA,5.0,MONO,-3.25,0.002573533027998613
R8_R6_ATC_M3_AL24477_N0_HOA_MONO_EPD5,R6_ATC_M3_AL24477_N0_HOA_EPD5,ATC_M3_AL24477,N0,HOA,5.0,MONO,-3.375,0.0029038116511431043
R8_R6_ATC_M3_AL24477_N0_HOA_MONO_EPD5,R6_ATC_M3_AL24477_N0_HOA_EPD5,ATC_M3_AL24477,N0,HOA,5.0,MONO,-3.5,0.002925051408163482
R8_R6_ATC_M3_AL24477_N0_HOA_MONO_EPD5,R6_ATC_M3_AL24477_N0_HOA_EPD5,ATC_M3_AL24477,N0,HOA,5.0,MONO,-3.625,0.0024944179188570656
R8_R6_ATC_M3_AL24477_N0_HOA_MONO_EPD5,R6_ATC_M3_AL24477_N0_HOA_EPD5,ATC_M3_AL24477,N0,HOA,5.0,MONO,-3.75,0.0007240166928902979
R8_R6_ATC_M3_AL24477_N0_HOA_MONO_EPD5,R6_ATC_M3_AL24477_N0_HOA_EPD5,ATC_M3_AL24477,N0,HOA,5.0,MONO,-3.875,0.0009294328081339719
R8_R6_ATC_M3_AL24477_N0_HOA_MONO_EPD5,R6_ATC_M3_AL24477_N0_HOA_EPD5,ATC_M3_AL24477,N0,HOA,5.0,MONO,-4.0,0.0014706213831456997
R8_R6_ATC_M3_AL24477_N0_HOA_MONO_EPD5,R6_ATC_M3_AL24477_N0_HOA_EPD5,ATC_M3_AL24477,N0,HOA,5.0,MONO,-4.125,0.0019267169145796102
R8_R6_ATC_M3_AL24477_N0_HOA_MONO_EPD5,R6_ATC_M3_AL24477_N0_HOA_EPD5,ATC_M3_AL24477,N0,HOA,5.0,MONO,-4.25,0.0022319528750410628
R8_R6_ATC_M3_AL24477_N0_HOA_MONO_EPD5,R6_ATC_M3_AL24477_N0_HOA_EPD5,ATC_M3_AL24477,N0,HOA,5.0,MONO,-4.375,0.0027186305533366335
R8_R6_ATC_M3_AL24477_N0_HOA_MONO_EPD5,R6_ATC_M3_AL24477_N0_HOA_EPD5,ATC_M3_AL24477,N0,HOA,5.0,MONO,-4.5,0.002148051863384257
R8_R6_ATC_M3_AL24477_N0_HOA_MONO_EPD5,R6_ATC_M3_AL24477_N0_HOA_EPD5,ATC_M3_AL24477,N0,HOA,5.0,MONO,-4.625,0.0009963440786656577
R8_R6_ATC_M3_AL24477_N0_HOA_MONO_EPD5,R6_ATC_M3_AL24477_N0_HOA_EPD5,ATC_M3_AL24477,N0,HOA,5.0,MONO,-4.75,0.0010757174635669224
R8_R6_ATC_M3_AL24477_N0_HOA_MONO_EPD5,R6_ATC_M3_AL24477_N0_HOA_EPD5,ATC_M3_AL24477,N0,HOA,5.0,MONO,-4.875,0.00023316535527388428
R8_R6_ATC_M3_AL24477_N0_HOA_MONO_EPD5,R6_ATC_M3_AL24477_N0_HOA_EPD5,ATC_M3_AL24477,N0,HOA,5.0,MONO,-5.0,0.0004668511442200745
R8_R6_ATC_M3_AL24477_N0_HOA_EDOF_EPD5,R6_ATC_M3_AL24477_N0_HOA_EPD5,ATC_M3_AL24477,N0,HOA,5.0,EDOF,1.0,0.011290892733218948
R8_R6_ATC_M3_AL24477_N0_HOA_EDOF_EPD5,R6_ATC_M3_AL24477_N0_HOA_EPD5,ATC_M3_AL24477,N0,HOA,5.0,EDOF,0.875,0.004397019068981171
R8_R6_ATC_M3_AL24477_N0_HOA_EDOF_EPD5,R6_ATC_M3_AL24477_N0_HOA_EPD5,ATC_M3_AL24477,N0,HOA,5.0,EDOF,0.75,0.010675697274180123
R8_R6_ATC_M3_AL24477_N0_HOA_EDOF_EPD5,R6_ATC_M3_AL24477_N0_HOA_EPD5,ATC_M3_AL24477,N0,HOA,5.0,EDOF,0.625,0.003956516511482058
R8_R6_ATC_M3_AL24477_N0_HOA_EDOF_EPD5,R6_ATC_M3_AL24477_N0_HOA_EPD5,ATC_M3_AL24477,N0,HOA,5.0,EDOF,0.5,0.005424412342437023
R8_R6_ATC_M3_AL24477_N0_HOA_EDOF_EPD5,R6_ATC_M3_AL24477_N0_HOA_EPD5,ATC_M3_AL24477,N0,HOA,5.0,EDOF,0.375,0.018518067717872892
R8_R6_ATC_M3_AL24477_N0_HOA_EDOF_EPD5,R6_ATC_M3_AL24477_N0_HOA_EPD5,ATC_M3_AL24477,N0,HOA,5.0,EDOF,0.25,0.008882580939541909
R8_R6_ATC_M3_AL24477_N0_HOA_EDOF_EPD5,R6_ATC_M3_AL24477_N0_HOA_EPD5,ATC_M3_AL24477,N0,HOA,5.0,EDOF,0.125,0.025178111051014324
R8_R6_ATC_M3_AL24477_N0_HOA_EDOF_EPD5,R6_ATC_M3_AL24477_N0_HOA_EPD5,ATC_M3_AL24477,N0,HOA,5.0,EDOF,0.0,0.033083266291651314
R8_R6_ATC_M3_AL24477_N0_HOA_EDOF_EPD5,R6_ATC_M3_AL24477_N0_HOA_EPD5,ATC_M3_AL24477,N0,HOA,5.0,EDOF,-0.125,0.05177585370871549
R8_R6_ATC_M3_AL24477_N0_HOA_EDOF_EPD5,R6_ATC_M3_AL24477_N0_HOA_EPD5,ATC_M3_AL24477,N0,HOA,5.0,EDOF,-0.25,0.08590518260940691
R8_R6_ATC_M3_AL24477_N0_HOA_EDOF_EPD5,R6_ATC_M3_AL24477_N0_HOA_EPD5,ATC_M3_AL24477,N0,HOA,5.0,EDOF,-0.375,0.11815687812148912
R8_R6_ATC_M3_AL24477_N0_HOA_EDOF_EPD5,R6_ATC_M3_AL24477_N0_HOA_EPD5,ATC_M3_AL24477,N0,HOA,5.0,EDOF,-0.5,0.0709423225242102
R8_R6_ATC_M3_AL24477_N0_HOA_EDOF_EPD5,R6_ATC_M3_AL24477_N0_HOA_EPD5,ATC_M3_AL24477,N0,HOA,5.0,EDOF,-0.625,0.006660399693896937
R8_R6_ATC_M3_AL24477_N0_HOA_EDOF_EPD5,R6_ATC_M3_AL24477_N0_HOA_EPD5,ATC_M3_AL24477,N0,HOA,5.0,EDOF,-0.75,0.08125540949769067
R8_R6_ATC_M3_AL24477_N0_HOA_EDOF_EPD5,R6_ATC_M3_AL24477_N0_HOA_EPD5,ATC_M3_AL24477,N0,HOA,5.0,EDOF,-0.875,0.06738989197724518
R8_R6_ATC_M3_AL24477_N0_HOA_EDOF_EPD5,R6_ATC_M3_AL24477_N0_HOA_EPD5,ATC_M3_AL24477,N0,HOA,5.0,EDOF,-1.0,0.007710829443002776
R8_R6_ATC_M3_AL24477_N0_HOA_EDOF_EPD5,R6_ATC_M3_AL24477_N0_HOA_EPD5,ATC_M3_AL24477,N0,HOA,5.0,EDOF,-1.125,0.0658818291956666
R8_R6_ATC_M3_AL24477_N0_HOA_EDOF_EPD5,R6_ATC_M3_AL24477_N0_HOA_EPD5,ATC_M3_AL24477,N0,HOA,5.0,EDOF,-1.25,0.08204331075570678
R8_R6_ATC_M3_AL24477_N0_HOA_EDOF_EPD5,R6_ATC_M3_AL24477_N0_HOA_EPD5,ATC_M3_AL24477,N0,HOA,5.0,EDOF,-1.375,0.012406210468490376
R8_R6_ATC_M3_AL24477_N0_HOA_EDOF_EPD5,R6_ATC_M3_AL24477_N0_HOA_EPD5,ATC_M3_AL24477,N0,HOA,5.0,EDOF,-1.5,0.030967631704298712
R8_R6_ATC_M3_AL24477_N0_HOA_EDOF_EPD5,R6_ATC_M3_AL24477_N0_HOA_EPD5,ATC_M3_AL24477,N0,HOA,5.0,EDOF,-1.625,0.01550120287338676
R8_R6_ATC_M3_AL24477_N0_HOA_EDOF_EPD5,R6_ATC_M3_AL24477_N0_HOA_EPD5,ATC_M3_AL24477,N0,HOA,5.0,EDOF,-1.75,0.0021844571670104704
R8_R6_ATC_M3_AL24477_N0_HOA_EDOF_EPD5,R6_ATC_M3_AL24477_N0_HOA_EPD5,ATC_M3_AL24477,N0,HOA,5.0,EDOF,-1.875,0.016996151014406758
R8_R6_ATC_M3_AL24477_N0_HOA_EDOF_EPD5,R6_ATC_M3_AL24477_N0_HOA_EPD5,ATC_M3_AL24477,N0,HOA,5.0,EDOF,-2.0,0.012707819050449388
R8_R6_ATC_M3_AL24477_N0_HOA_EDOF_EPD5,R6_ATC_M3_AL24477_N0_HOA_EPD5,ATC_M3_AL24477,N0,HOA,5.0,EDOF,-2.125,0.0160155264051656
R8_R6_ATC_M3_AL24477_N0_HOA_EDOF_EPD5,R6_ATC_M3_AL24477_N0_HOA_EPD5,ATC_M3_AL24477,N0,HOA,5.0,EDOF,-2.25,0.019030115230045906
R8_R6_ATC_M3_AL24477_N0_HOA_EDOF_EPD5,R6_ATC_M3_AL24477_N0_HOA_EPD5,ATC_M3_AL24477,N0,HOA,5.0,EDOF,-2.375,0.013665668012730517
R8_R6_ATC_M3_AL24477_N0_HOA_EDOF_EPD5,R6_ATC_M3_AL24477_N0_HOA_EPD5,ATC_M3_AL24477,N0,HOA,5.0,EDOF,-2.5,0.03259523973434547
R8_R6_ATC_M3_AL24477_N0_HOA_EDOF_EPD5,R6_ATC_M3_AL24477_N0_HOA_EPD5,ATC_M3_AL24477,N0,HOA,5.0,EDOF,-2.625,0.014653867697772861
R8_R6_ATC_M3_AL24477_N0_HOA_EDOF_EPD5,R6_ATC_M3_AL24477_N0_HOA_EPD5,ATC_M3_AL24477,N0,HOA,5.0,EDOF,-2.75,0.027879915101395883
R8_R6_ATC_M3_AL24477_N0_HOA_EDOF_EPD5,R6_ATC_M3_AL24477_N0_HOA_EPD5,ATC_M3_AL24477,N0,HOA,5.0,EDOF,-2.875,0.019001063926913787
R8_R6_ATC_M3_AL24477_N0_HOA_EDOF_EPD5,R6_ATC_M3_AL24477_N0_HOA_EPD5,ATC_M3_AL24477,N0,HOA,5.0,EDOF,-3.0,0.009071190650965382
R8_R6_ATC_M3_AL24477_N0_HOA_EDOF_EPD5,R6_ATC_M3_AL24477_N0_HOA_EPD5,ATC_M3_AL24477,N0,HOA,5.0,EDOF,-3.125,0.004140829726924112
R8_R6_ATC_M3_AL24477_N0_HOA_EDOF_EPD5,R6_ATC_M3_AL24477_N0_HOA_EPD5,ATC_M3_AL24477,N0,HOA,5.0,EDOF,-3.25,0.007944804683989863
R8_R6_ATC_M3_AL24477_N0_HOA_EDOF_EPD5,R6_ATC_M3_AL24477_N0_HOA_EPD5,ATC_M3_AL24477,N0,HOA,5.0,EDOF,-3.375,0.003974718119685895
R8_R6_ATC_M3_AL24477_N0_HOA_EDOF_EPD5,R6_ATC_M3_AL24477_N0_HOA_EPD5,ATC_M3_AL24477,N0,HOA,5.0,EDOF,-3.5,0.0012390488930023357
R8_R6_ATC_M3_AL24477_N0_HOA_EDOF_EPD5,R6_ATC_M3_AL24477_N0_HOA_EPD5,ATC_M3_AL24477,N0,HOA,5.0,EDOF,-3.625,6.220498087688146e-05
R8_R6_ATC_M3_AL24477_N0_HOA_EDOF_EPD5,R6_ATC_M3_AL24477_N0_HOA_EPD5,ATC_M3_AL24477,N0,HOA,5.0,EDOF,-3.75,0.005598765778588484
R8_R6_ATC_M3_AL24477_N0_HOA_EDOF_EPD5,R6_ATC_M3_AL24477_N0_HOA_EPD5,ATC_M3_AL24477,N0,HOA,5.0,EDOF,-3.875,0.0031986429952059465
R8_R6_ATC_M3_AL24477_N0_HOA_EDOF_EPD5,R6_ATC_M3_AL24477_N0_HOA_EPD5,ATC_M3_AL24477,N0,HOA,5.0,EDOF,-4.0,0.0009144295455410683
R8_R6_ATC_M3_AL24477_N0_HOA_EDOF_EPD5,R6_ATC_M3_AL24477_N0_HOA_EPD5,ATC_M3_AL24477,N0,HOA,5.0,EDOF,-4.125,0.0035571096501529524
R8_R6_ATC_M3_AL24477_N0_HOA_EDOF_EPD5,R6_ATC_M3_AL24477_N0_HOA_EPD5,ATC_M3_AL24477,N0,HOA,5.0,EDOF,-4.25,0.009555077834543145
R8_R6_ATC_M3_AL24477_N0_HOA_EDOF_EPD5,R6_ATC_M3_AL24477_N0_HOA_EPD5,ATC_M3_AL24477,N0,HOA,5.0,EDOF,-4.375,0.0033435882746057225
R8_R6_ATC_M3_AL24477_N0_HOA_EDOF_EPD5,R6_ATC_M3_AL24477_N0_HOA_EPD5,ATC_M3_AL24477,N0,HOA,5.0,EDOF,-4.5,0.009484645186500558
R8_R6_ATC_M3_AL24477_N0_HOA_EDOF_EPD5,R6_ATC_M3_AL24477_N0_HOA_EPD5,ATC_M3_AL24477,N0,HOA,5.0,EDOF,-4.625,0.009408146531698792
R8_R6_ATC_M3_AL24477_N0_HOA_EDOF_EPD5,R6_ATC_M3_AL24477_N0_HOA_EPD5,ATC_M3_AL24477,N0,HOA,5.0,EDOF,-4.75,0.004724108959987359
R8_R6_ATC_M3_AL24477_N0_HOA_EDOF_EPD5,R6_ATC_M3_AL24477_N0_HOA_EPD5,ATC_M3_AL24477,N0,HOA,5.0,EDOF,-4.875,0.006137555723718927
R8_R6_ATC_M3_AL24477_N0_HOA_EDOF_EPD5,R6_ATC_M3_AL24477_N0_HOA_EPD5,ATC_M3_AL24477,N0,HOA,5.0,EDOF,-5.0,0.012562804480903795
R8_R6_ATC_M3_AL24477_A0_WFS_MONO_EPD3,R6_ATC_M3_AL24477_A0_WFS_EPD3,ATC_M3_AL24477,A0,WFS,3.0,MONO,1.0,0.004231117223583391
R8_R6_ATC_M3_AL24477_A0_WFS_MONO_EPD3,R6_ATC_M3_AL24477_A0_WFS_EPD3,ATC_M3_AL24477,A0,WFS,3.0,MONO,0.875,0.016449073127683005
R8_R6_ATC_M3_AL24477_A0_WFS_MONO_EPD3,R6_ATC_M3_AL24477_A0_WFS_EPD3,ATC_M3_AL24477,A0,WFS,3.0,MONO,0.75,2.2428668964855396e-05
R8_R6_ATC_M3_AL24477_A0_WFS_MONO_EPD3,R6_ATC_M3_AL24477_A0_WFS_EPD3,ATC_M3_AL24477,A0,WFS,3.0,MONO,0.625,0.031072303566518557
R8_R6_ATC_M3_AL24477_A0_WFS_MONO_EPD3,R6_ATC_M3_AL24477_A0_WFS_EPD3,ATC_M3_AL24477,A0,WFS,3.0,MONO,0.5,0.012675158074692123
R8_R6_ATC_M3_AL24477_A0_WFS_MONO_EPD3,R6_ATC_M3_AL24477_A0_WFS_EPD3,ATC_M3_AL24477,A0,WFS,3.0,MONO,0.375,0.0022217269431042087
R8_R6_ATC_M3_AL24477_A0_WFS_MONO_EPD3,R6_ATC_M3_AL24477_A0_WFS_EPD3,ATC_M3_AL24477,A0,WFS,3.0,MONO,0.25,0.15475184903962846
R8_R6_ATC_M3_AL24477_A0_WFS_MONO_EPD3,R6_ATC_M3_AL24477_A0_WFS_EPD3,ATC_M3_AL24477,A0,WFS,3.0,MONO,0.125,0.44991878120310547
R8_R6_ATC_M3_AL24477_A0_WFS_MONO_EPD3,R6_ATC_M3_AL24477_A0_WFS_EPD3,ATC_M3_AL24477,A0,WFS,3.0,MONO,0.0,0.6055018646727895
R8_R6_ATC_M3_AL24477_A0_WFS_MONO_EPD3,R6_ATC_M3_AL24477_A0_WFS_EPD3,ATC_M3_AL24477,A0,WFS,3.0,MONO,-0.125,0.41810657239907967
R8_R6_ATC_M3_AL24477_A0_WFS_MONO_EPD3,R6_ATC_M3_AL24477_A0_WFS_EPD3,ATC_M3_AL24477,A0,WFS,3.0,MONO,-0.25,0.0675677268960609
R8_R6_ATC_M3_AL24477_A0_WFS_MONO_EPD3,R6_ATC_M3_AL24477_A0_WFS_EPD3,ATC_M3_AL24477,A0,WFS,3.0,MONO,-0.375,0.10394743766090517
R8_R6_ATC_M3_AL24477_A0_WFS_MONO_EPD3,R6_ATC_M3_AL24477_A0_WFS_EPD3,ATC_M3_AL24477,A0,WFS,3.0,MONO,-0.5,0.030698040119666866
R8_R6_ATC_M3_AL24477_A0_WFS_MONO_EPD3,R6_ATC_M3_AL24477_A0_WFS_EPD3,ATC_M3_AL24477,A0,WFS,3.0,MONO,-0.625,0.06268353011052366
R8_R6_ATC_M3_AL24477_A0_WFS_MONO_EPD3,R6_ATC_M3_AL24477_A0_WFS_EPD3,ATC_M3_AL24477,A0,WFS,3.0,MONO,-0.75,0.03250102818498768
R8_R6_ATC_M3_AL24477_A0_WFS_MONO_EPD3,R6_ATC_M3_AL24477_A0_WFS_EPD3,ATC_M3_AL24477,A0,WFS,3.0,MONO,-0.875,0.028299236970892074
R8_R6_ATC_M3_AL24477_A0_WFS_MONO_EPD3,R6_ATC_M3_AL24477_A0_WFS_EPD3,ATC_M3_AL24477,A0,WFS,3.0,MONO,-1.0,0.015475263644293958
R8_R6_ATC_M3_AL24477_A0_WFS_MONO_EPD3,R6_ATC_M3_AL24477_A0_WFS_EPD3,ATC_M3_AL24477,A0,WFS,3.0,MONO,-1.125,0.022188583297993482
R8_R6_ATC_M3_AL24477_A0_WFS_MONO_EPD3,R6_ATC_M3_AL24477_A0_WFS_EPD3,ATC_M3_AL24477,A0,WFS,3.0,MONO,-1.25,0.011992441664432595
R8_R6_ATC_M3_AL24477_A0_WFS_MONO_EPD3,R6_ATC_M3_AL24477_A0_WFS_EPD3,ATC_M3_AL24477,A0,WFS,3.0,MONO,-1.375,0.014296562555380027
R8_R6_ATC_M3_AL24477_A0_WFS_MONO_EPD3,R6_ATC_M3_AL24477_A0_WFS_EPD3,ATC_M3_AL24477,A0,WFS,3.0,MONO,-1.5,0.005516096676243899
R8_R6_ATC_M3_AL24477_A0_WFS_MONO_EPD3,R6_ATC_M3_AL24477_A0_WFS_EPD3,ATC_M3_AL24477,A0,WFS,3.0,MONO,-1.625,0.01322990872302161
R8_R6_ATC_M3_AL24477_A0_WFS_MONO_EPD3,R6_ATC_M3_AL24477_A0_WFS_EPD3,ATC_M3_AL24477,A0,WFS,3.0,MONO,-1.75,0.004786736671522705
R8_R6_ATC_M3_AL24477_A0_WFS_MONO_EPD3,R6_ATC_M3_AL24477_A0_WFS_EPD3,ATC_M3_AL24477,A0,WFS,3.0,MONO,-1.875,0.009162710010945676
R8_R6_ATC_M3_AL24477_A0_WFS_MONO_EPD3,R6_ATC_M3_AL24477_A0_WFS_EPD3,ATC_M3_AL24477,A0,WFS,3.0,MONO,-2.0,0.0015281653540208996
R8_R6_ATC_M3_AL24477_A0_WFS_MONO_EPD3,R6_ATC_M3_AL24477_A0_WFS_EPD3,ATC_M3_AL24477,A0,WFS,3.0,MONO,-2.125,0.007879613825887359
R8_R6_ATC_M3_AL24477_A0_WFS_MONO_EPD3,R6_ATC_M3_AL24477_A0_WFS_EPD3,ATC_M3_AL24477,A0,WFS,3.0,MONO,-2.25,0.0003357136633199317
R8_R6_ATC_M3_AL24477_A0_WFS_MONO_EPD3,R6_ATC_M3_AL24477_A0_WFS_EPD3,ATC_M3_AL24477,A0,WFS,3.0,MONO,-2.375,0.007103225869780778
R8_R6_ATC_M3_AL24477_A0_WFS_MONO_EPD3,R6_ATC_M3_AL24477_A0_WFS_EPD3,ATC_M3_AL24477,A0,WFS,3.0,MONO,-2.5,0.0014483876568672205
R8_R6_ATC_M3_AL24477_A0_WFS_MONO_EPD3,R6_ATC_M3_AL24477_A0_WFS_EPD3,ATC_M3_AL24477,A0,WFS,3.0,MONO,-2.625,0.006723218386847007
R8_R6_ATC_M3_AL24477_A0_WFS_MONO_EPD3,R6_ATC_M3_AL24477_A0_WFS_EPD3,ATC_M3_AL24477,A0,WFS,3.0,MONO,-2.75,0.001413289062319729
R8_R6_ATC_M3_AL24477_A0_WFS_MONO_EPD3,R6_ATC_M3_AL24477_A0_WFS_EPD3,ATC_M3_AL24477,A0,WFS,3.0,MONO,-2.875,0.005465837836876229
R8_R6_ATC_M3_AL24477_A0_WFS_MONO_EPD3,R6_ATC_M3_AL24477_A0_WFS_EPD3,ATC_M3_AL24477,A0,WFS,3.0,MONO,-3.0,0.0017483090572625879
R8_R6_ATC_M3_AL24477_A0_WFS_MONO_EPD3,R6_ATC_M3_AL24477_A0_WFS_EPD3,ATC_M3_AL24477,A0,WFS,3.0,MONO,-3.125,0.004454657992357513
R8_R6_ATC_M3_AL24477_A0_WFS_MONO_EPD3,R6_ATC_M3_AL24477_A0_WFS_EPD3,ATC_M3_AL24477,A0,WFS,3.0,MONO,-3.25,0.0016843706477571605
R8_R6_ATC_M3_AL24477_A0_WFS_MONO_EPD3,R6_ATC_M3_AL24477_A0_WFS_EPD3,ATC_M3_AL24477,A0,WFS,3.0,MONO,-3.375,0.0027817063068204225
R8_R6_ATC_M3_AL24477_A0_WFS_MONO_EPD3,R6_ATC_M3_AL24477_A0_WFS_EPD3,ATC_M3_AL24477,A0,WFS,3.0,MONO,-3.5,0.0026198271799662246
R8_R6_ATC_M3_AL24477_A0_WFS_MONO_EPD3,R6_ATC_M3_AL24477_A0_WFS_EPD3,ATC_M3_AL24477,A0,WFS,3.0,MONO,-3.625,0.0021682125378657885
R8_R6_ATC_M3_AL24477_A0_WFS_MONO_EPD3,R6_ATC_M3_AL24477_A0_WFS_EPD3,ATC_M3_AL24477,A0,WFS,3.0,MONO,-3.75,0.0031537323696682346
R8_R6_ATC_M3_AL24477_A0_WFS_MONO_EPD3,R6_ATC_M3_AL24477_A0_WFS_EPD3,ATC_M3_AL24477,A0,WFS,3.0,MONO,-3.875,0.0022254810969031527
R8_R6_ATC_M3_AL24477_A0_WFS_MONO_EPD3,R6_ATC_M3_AL24477_A0_WFS_EPD3,ATC_M3_AL24477,A0,WFS,3.0,MONO,-4.0,0.002477102691829285
R8_R6_ATC_M3_AL24477_A0_WFS_MONO_EPD3,R6_ATC_M3_AL24477_A0_WFS_EPD3,ATC_M3_AL24477,A0,WFS,3.0,MONO,-4.125,0.0015409966683940582
R8_R6_ATC_M3_AL24477_A0_WFS_MONO_EPD3,R6_ATC_M3_AL24477_A0_WFS_EPD3,ATC_M3_AL24477,A0,WFS,3.0,MONO,-4.25,0.0015051342163894584
R8_R6_ATC_M3_AL24477_A0_WFS_MONO_EPD3,R6_ATC_M3_AL24477_A0_WFS_EPD3,ATC_M3_AL24477,A0,WFS,3.0,MONO,-4.375,0.00038698485079117085
R8_R6_ATC_M3_AL24477_A0_WFS_MONO_EPD3,R6_ATC_M3_AL24477_A0_WFS_EPD3,ATC_M3_AL24477,A0,WFS,3.0,MONO,-4.5,0.002259122033617815
R8_R6_ATC_M3_AL24477_A0_WFS_MONO_EPD3,R6_ATC_M3_AL24477_A0_WFS_EPD3,ATC_M3_AL24477,A0,WFS,3.0,MONO,-4.625,0.0008197480616648143
R8_R6_ATC_M3_AL24477_A0_WFS_MONO_EPD3,R6_ATC_M3_AL24477_A0_WFS_EPD3,ATC_M3_AL24477,A0,WFS,3.0,MONO,-4.75,0.00242726648715004
R8_R6_ATC_M3_AL24477_A0_WFS_MONO_EPD3,R6_ATC_M3_AL24477_A0_WFS_EPD3,ATC_M3_AL24477,A0,WFS,3.0,MONO,-4.875,0.0009054271385159406
R8_R6_ATC_M3_AL24477_A0_WFS_MONO_EPD3,R6_ATC_M3_AL24477_A0_WFS_EPD3,ATC_M3_AL24477,A0,WFS,3.0,MONO,-5.0,0.0019977245741353306
R8_R6_ATC_M3_AL24477_A0_WFS_EDOF_EPD3,R6_ATC_M3_AL24477_A0_WFS_EPD3,ATC_M3_AL24477,A0,WFS,3.0,EDOF,1.0,0.037206715287645076
R8_R6_ATC_M3_AL24477_A0_WFS_EDOF_EPD3,R6_ATC_M3_AL24477_A0_WFS_EPD3,ATC_M3_AL24477,A0,WFS,3.0,EDOF,0.875,0.04705921702529607
R8_R6_ATC_M3_AL24477_A0_WFS_EDOF_EPD3,R6_ATC_M3_AL24477_A0_WFS_EPD3,ATC_M3_AL24477,A0,WFS,3.0,EDOF,0.75,0.07397143525472245
R8_R6_ATC_M3_AL24477_A0_WFS_EDOF_EPD3,R6_ATC_M3_AL24477_A0_WFS_EPD3,ATC_M3_AL24477,A0,WFS,3.0,EDOF,0.625,0.11159753668072867
R8_R6_ATC_M3_AL24477_A0_WFS_EDOF_EPD3,R6_ATC_M3_AL24477_A0_WFS_EPD3,ATC_M3_AL24477,A0,WFS,3.0,EDOF,0.5,0.1132588460912243
R8_R6_ATC_M3_AL24477_A0_WFS_EDOF_EPD3,R6_ATC_M3_AL24477_A0_WFS_EPD3,ATC_M3_AL24477,A0,WFS,3.0,EDOF,0.375,0.09383540500854617
R8_R6_ATC_M3_AL24477_A0_WFS_EDOF_EPD3,R6_ATC_M3_AL24477_A0_WFS_EPD3,ATC_M3_AL24477,A0,WFS,3.0,EDOF,0.25,0.14843910009899836
R8_R6_ATC_M3_AL24477_A0_WFS_EDOF_EPD3,R6_ATC_M3_AL24477_A0_WFS_EPD3,ATC_M3_AL24477,A0,WFS,3.0,EDOF,0.125,0.288001487513482
R8_R6_ATC_M3_AL24477_A0_WFS_EDOF_EPD3,R6_ATC_M3_AL24477_A0_WFS_EPD3,ATC_M3_AL24477,A0,WFS,3.0,EDOF,0.0,0.3546627742001892
R8_R6_ATC_M3_AL24477_A0_WFS_EDOF_EPD3,R6_ATC_M3_AL24477_A0_WFS_EPD3,ATC_M3_AL24477,A0,WFS,3.0,EDOF,-0.125,0.2246836890227228
R8_R6_ATC_M3_AL24477_A0_WFS_EDOF_EPD3,R6_ATC_M3_AL24477_A0_WFS_EPD3,ATC_M3_AL24477,A0,WFS,3.0,EDOF,-0.25,0.0162654282730784
R8_R6_ATC_M3_AL24477_A0_WFS_EDOF_EPD3,R6_ATC_M3_AL24477_A0_WFS_EPD3,ATC_M3_AL24477,A0,WFS,3.0,EDOF,-0.375,0.05491316948127642
R8_R6_ATC_M3_AL24477_A0_WFS_EDOF_EPD3,R6_ATC_M3_AL24477_A0_WFS_EPD3,ATC_M3_AL24477,A0,WFS,3.0,EDOF,-0.5,0.027187587549717132
R8_R6_ATC_M3_AL24477_A0_WFS_EDOF_EPD3,R6_ATC_M3_AL24477_A0_WFS_EPD3,ATC_M3_AL24477,A0,WFS,3.0,EDOF,-0.625,0.09037804679816033
R8_R6_ATC_M3_AL24477_A0_WFS_EDOF_EPD3,R6_ATC_M3_AL24477_A0_WFS_EPD3,ATC_M3_AL24477,A0,WFS,3.0,EDOF,-0.75,0.0505753452734066
R8_R6_ATC_M3_AL24477_A0_WFS_EDOF_EPD3,R6_ATC_M3_AL24477_A0_WFS_EPD3,ATC_M3_AL24477,A0,WFS,3.0,EDOF,-0.875,0.0013628573299367356
R8_R6_ATC_M3_AL24477_A0_WFS_EDOF_EPD3,R6_ATC_M3_AL24477_A0_WFS_EPD3,ATC_M3_AL24477,A0,WFS,3.0,EDOF,-1.0,0.007439993742185984
R8_R6_ATC_M3_AL24477_A0_WFS_EDOF_EPD3,R6_ATC_M3_AL24477_A0_WFS_EPD3,ATC_M3_AL24477,A0,WFS,3.0,EDOF,-1.125,0.025953310995957393
R8_R6_ATC_M3_AL24477_A0_WFS_EDOF_EPD3,R6_ATC_M3_AL24477_A0_WFS_EPD3,ATC_M3_AL24477,A0,WFS,3.0,EDOF,-1.25,0.0056680325238939065
R8_R6_ATC_M3_AL24477_A0_WFS_EDOF_EPD3,R6_ATC_M3_AL24477_A0_WFS_EPD3,ATC_M3_AL24477,A0,WFS,3.0,EDOF,-1.375,0.013061903577466543
R8_R6_ATC_M3_AL24477_A0_WFS_EDOF_EPD3,R6_ATC_M3_AL24477_A0_WFS_EPD3,ATC_M3_AL24477,A0,WFS,3.0,EDOF,-1.5,0.00446318139134186
R8_R6_ATC_M3_AL24477_A0_WFS_EDOF_EPD3,R6_ATC_M3_AL24477_A0_WFS_EPD3,ATC_M3_AL24477,A0,WFS,3.0,EDOF,-1.625,0.02102469852012079
R8_R6_ATC_M3_AL24477_A0_WFS_EDOF_EPD3,R6_ATC_M3_AL24477_A0_WFS_EPD3,ATC_M3_AL24477,A0,WFS,3.0,EDOF,-1.75,0.0065172930917119735
R8_R6_ATC_M3_AL24477_A0_WFS_EDOF_EPD3,R6_ATC_M3_AL24477_A0_WFS_EPD3,ATC_M3_AL24477,A0,WFS,3.0,EDOF,-1.875,0.008938250095259717
R8_R6_ATC_M3_AL24477_A0_WFS_EDOF_EPD3,R6_ATC_M3_AL24477_A0_WFS_EPD3,ATC_M3_AL24477,A0,WFS,3.0,EDOF,-2.0,0.0014566411012041282
R8_R6_ATC_M3_AL24477_A0_WFS_EDOF_EPD3,R6_ATC_M3_AL24477_A0_WFS_EPD3,ATC_M3_AL24477,A0,WFS,3.0,EDOF,-2.125,0.005409171890370603
R8_R6_ATC_M3_AL24477_A0_WFS_EDOF_EPD3,R6_ATC_M3_AL24477_A0_WFS_EPD3,ATC_M3_AL24477,A0,WFS,3.0,EDOF,-2.25,0.0036442827456812793
R8_R6_ATC_M3_AL24477_A0_WFS_EDOF_EPD3,R6_ATC_M3_AL24477_A0_WFS_EPD3,ATC_M3_AL24477,A0,WFS,3.0,EDOF,-2.375,0.007422227466200583
R8_R6_ATC_M3_AL24477_A0_WFS_EDOF_EPD3,R6_ATC_M3_AL24477_A0_WFS_EPD3,ATC_M3_AL24477,A0,WFS,3.0,EDOF,-2.5,0.002745980182481168
R8_R6_ATC_M3_AL24477_A0_WFS_EDOF_EPD3,R6_ATC_M3_AL24477_A0_WFS_EPD3,ATC_M3_AL24477,A0,WFS,3.0,EDOF,-2.625,0.00599314191472127
R8_R6_ATC_M3_AL24477_A0_WFS_EDOF_EPD3,R6_ATC_M3_AL24477_A0_WFS_EPD3,ATC_M3_AL24477,A0,WFS,3.0,EDOF,-2.75,0.0030349416897721047
R8_R6_ATC_M3_AL24477_A0_WFS_EDOF_EPD3,R6_ATC_M3_AL24477_A0_WFS_EPD3,ATC_M3_AL24477,A0,WFS,3.0,EDOF,-2.875,0.005158998854263186
R8_R6_ATC_M3_AL24477_A0_WFS_EDOF_EPD3,R6_ATC_M3_AL24477_A0_WFS_EPD3,ATC_M3_AL24477,A0,WFS,3.0,EDOF,-3.0,0.0024948233364753157
R8_R6_ATC_M3_AL24477_A0_WFS_EDOF_EPD3,R6_ATC_M3_AL24477_A0_WFS_EPD3,ATC_M3_AL24477,A0,WFS,3.0,EDOF,-3.125,0.003471597170470253
R8_R6_ATC_M3_AL24477_A0_WFS_EDOF_EPD3,R6_ATC_M3_AL24477_A0_WFS_EPD3,ATC_M3_AL24477,A0,WFS,3.0,EDOF,-3.25,0.002423859920375235
R8_R6_ATC_M3_AL24477_A0_WFS_EDOF_EPD3,R6_ATC_M3_AL24477_A0_WFS_EPD3,ATC_M3_AL24477,A0,WFS,3.0,EDOF,-3.375,0.0016470083883010286
R8_R6_ATC_M3_AL24477_A0_WFS_EDOF_EPD3,R6_ATC_M3_AL24477_A0_WFS_EPD3,ATC_M3_AL24477,A0,WFS,3.0,EDOF,-3.5,0.003119658910027744
R8_R6_ATC_M3_AL24477_A0_WFS_EDOF_EPD3,R6_ATC_M3_AL24477_A0_WFS_EPD3,ATC_M3_AL24477,A0,WFS,3.0,EDOF,-3.625,0.0006965493621786942
R8_R6_ATC_M3_AL24477_A0_WFS_EDOF_EPD3,R6_ATC_M3_AL24477_A0_WFS_EPD3,ATC_M3_AL24477,A0,WFS,3.0,EDOF,-3.75,0.003667549361842547
R8_R6_ATC_M3_AL24477_A0_WFS_EDOF_EPD3,R6_ATC_M3_AL24477_A0_WFS_EPD3,ATC_M3_AL24477,A0,WFS,3.0,EDOF,-3.875,0.000676583461206497
R8_R6_ATC_M3_AL24477_A0_WFS_EDOF_EPD3,R6_ATC_M3_AL24477_A0_WFS_EPD3,ATC_M3_AL24477,A0,WFS,3.0,EDOF,-4.0,0.0029358632782916913
R8_R6_ATC_M3_AL24477_A0_WFS_EDOF_EPD3,R6_ATC_M3_AL24477_A0_WFS_EPD3,ATC_M3_AL24477,A0,WFS,3.0,EDOF,-4.125,0.00012492060177568692
R8_R6_ATC_M3_AL24477_A0_WFS_EDOF_EPD3,R6_ATC_M3_AL24477_A0_WFS_EPD3,ATC_M3_AL24477,A0,WFS,3.0,EDOF,-4.25,0.0023136344494680623
R8_R6_ATC_M3_AL24477_A0_WFS_EDOF_EPD3,R6_ATC_M3_AL24477_A0_WFS_EPD3,ATC_M3_AL24477,A0,WFS,3.0,EDOF,-4.375,0.0012561274881696112
R8_R6_ATC_M3_AL24477_A0_WFS_EDOF_EPD3,R6_ATC_M3_AL24477_A0_WFS_EPD3,ATC_M3_AL24477,A0,WFS,3.0,EDOF,-4.5,0.002302890115969608
R8_R6_ATC_M3_AL24477_A0_WFS_EDOF_EPD3,R6_ATC_M3_AL24477_A0_WFS_EPD3,ATC_M3_AL24477,A0,WFS,3.0,EDOF,-4.625,0.0017909421431130446
R8_R6_ATC_M3_AL24477_A0_WFS_EDOF_EPD3,R6_ATC_M3_AL24477_A0_WFS_EPD3,ATC_M3_AL24477,A0,WFS,3.0,EDOF,-4.75,0.002198450180598108
R8_R6_ATC_M3_AL24477_A0_WFS_EDOF_EPD3,R6_ATC_M3_AL24477_A0_WFS_EPD3,ATC_M3_AL24477,A0,WFS,3.0,EDOF,-4.875,0.001983919708295471
R8_R6_ATC_M3_AL24477_A0_WFS_EDOF_EPD3,R6_ATC_M3_AL24477_A0_WFS_EPD3,ATC_M3_AL24477,A0,WFS,3.0,EDOF,-5.0,0.001990586034246093
R8_R6_ATC_M3_AL24477_A0_WFS_MONO_EPD5,R6_ATC_M3_AL24477_A0_WFS_EPD5,ATC_M3_AL24477,A0,WFS,5.0,MONO,1.0,0.001154756755564491
R8_R6_ATC_M3_AL24477_A0_WFS_MONO_EPD5,R6_ATC_M3_AL24477_A0_WFS_EPD5,ATC_M3_AL24477,A0,WFS,5.0,MONO,0.875,0.002087633880043827
R8_R6_ATC_M3_AL24477_A0_WFS_MONO_EPD5,R6_ATC_M3_AL24477_A0_WFS_EPD5,ATC_M3_AL24477,A0,WFS,5.0,MONO,0.75,0.002127114223847433
R8_R6_ATC_M3_AL24477_A0_WFS_MONO_EPD5,R6_ATC_M3_AL24477_A0_WFS_EPD5,ATC_M3_AL24477,A0,WFS,5.0,MONO,0.625,0.0035451122080920245
R8_R6_ATC_M3_AL24477_A0_WFS_MONO_EPD5,R6_ATC_M3_AL24477_A0_WFS_EPD5,ATC_M3_AL24477,A0,WFS,5.0,MONO,0.5,0.002629734555156832
R8_R6_ATC_M3_AL24477_A0_WFS_MONO_EPD5,R6_ATC_M3_AL24477_A0_WFS_EPD5,ATC_M3_AL24477,A0,WFS,5.0,MONO,0.375,0.017803991154298107
R8_R6_ATC_M3_AL24477_A0_WFS_MONO_EPD5,R6_ATC_M3_AL24477_A0_WFS_EPD5,ATC_M3_AL24477,A0,WFS,5.0,MONO,0.25,0.05093987224841574
R8_R6_ATC_M3_AL24477_A0_WFS_MONO_EPD5,R6_ATC_M3_AL24477_A0_WFS_EPD5,ATC_M3_AL24477,A0,WFS,5.0,MONO,0.125,0.12490682881145311
R8_R6_ATC_M3_AL24477_A0_WFS_MONO_EPD5,R6_ATC_M3_AL24477_A0_WFS_EPD5,ATC_M3_AL24477,A0,WFS,5.0,MONO,0.0,0.20671495211454122
R8_R6_ATC_M3_AL24477_A0_WFS_MONO_EPD5,R6_ATC_M3_AL24477_A0_WFS_EPD5,ATC_M3_AL24477,A0,WFS,5.0,MONO,-0.125,0.23303843408546301
R8_R6_ATC_M3_AL24477_A0_WFS_MONO_EPD5,R6_ATC_M3_AL24477_A0_WFS_EPD5,ATC_M3_AL24477,A0,WFS,5.0,MONO,-0.25,0.12894585160526145
R8_R6_ATC_M3_AL24477_A0_WFS_MONO_EPD5,R6_ATC_M3_AL24477_A0_WFS_EPD5,ATC_M3_AL24477,A0,WFS,5.0,MONO,-0.375,0.004251171319932059
R8_R6_ATC_M3_AL24477_A0_WFS_MONO_EPD5,R6_ATC_M3_AL24477_A0_WFS_EPD5,ATC_M3_AL24477,A0,WFS,5.0,MONO,-0.5,0.04750064937931167
R8_R6_ATC_M3_AL24477_A0_WFS_MONO_EPD5,R6_ATC_M3_AL24477_A0_WFS_EPD5,ATC_M3_AL24477,A0,WFS,5.0,MONO,-0.625,0.11409330689330063
R8_R6_ATC_M3_AL24477_A0_WFS_MONO_EPD5,R6_ATC_M3_AL24477_A0_WFS_EPD5,ATC_M3_AL24477,A0,WFS,5.0,MONO,-0.75,0.041353363788016684
R8_R6_ATC_M3_AL24477_A0_WFS_MONO_EPD5,R6_ATC_M3_AL24477_A0_WFS_EPD5,ATC_M3_AL24477,A0,WFS,5.0,MONO,-0.875,0.02356545240587673
R8_R6_ATC_M3_AL24477_A0_WFS_MONO_EPD5,R6_ATC_M3_AL24477_A0_WFS_EPD5,ATC_M3_AL24477,A0,WFS,5.0,MONO,-1.0,0.07282622901348343
R8_R6_ATC_M3_AL24477_A0_WFS_MONO_EPD5,R6_ATC_M3_AL24477_A0_WFS_EPD5,ATC_M3_AL24477,A0,WFS,5.0,MONO,-1.125,0.005962217203049793
R8_R6_ATC_M3_AL24477_A0_WFS_MONO_EPD5,R6_ATC_M3_AL24477_A0_WFS_EPD5,ATC_M3_AL24477,A0,WFS,5.0,MONO,-1.25,0.016149716814152004
R8_R6_ATC_M3_AL24477_A0_WFS_MONO_EPD5,R6_ATC_M3_AL24477_A0_WFS_EPD5,ATC_M3_AL24477,A0,WFS,5.0,MONO,-1.375,0.05083308456670753
R8_R6_ATC_M3_AL24477_A0_WFS_MONO_EPD5,R6_ATC_M3_AL24477_A0_WFS_EPD5,ATC_M3_AL24477,A0,WFS,5.0,MONO,-1.5,0.030287453009268103
R8_R6_ATC_M3_AL24477_A0_WFS_MONO_EPD5,R6_ATC_M3_AL24477_A0_WFS_EPD5,ATC_M3_AL24477,A0,WFS,5.0,MONO,-1.625,0.025203987760734993
R8_R6_ATC_M3_AL24477_A0_WFS_MONO_EPD5,R6_ATC_M3_AL24477_A0_WFS_EPD5,ATC_M3_AL24477,A0,WFS,5.0,MONO,-1.75,0.0006523554217133045
R8_R6_ATC_M3_AL24477_A0_WFS_MONO_EPD5,R6_ATC_M3_AL24477_A0_WFS_EPD5,ATC_M3_AL24477,A0,WFS,5.0,MONO,-1.875,0.00718084298901677
R8_R6_ATC_M3_AL24477_A0_WFS_MONO_EPD5,R6_ATC_M3_AL24477_A0_WFS_EPD5,ATC_M3_AL24477,A0,WFS,5.0,MONO,-2.0,0.01779800720310049
R8_R6_ATC_M3_AL24477_A0_WFS_MONO_EPD5,R6_ATC_M3_AL24477_A0_WFS_EPD5,ATC_M3_AL24477,A0,WFS,5.0,MONO,-2.125,0.019042824581486845
R8_R6_ATC_M3_AL24477_A0_WFS_MONO_EPD5,R6_ATC_M3_AL24477_A0_WFS_EPD5,ATC_M3_AL24477,A0,WFS,5.0,MONO,-2.25,0.02200521291654282
R8_R6_ATC_M3_AL24477_A0_WFS_MONO_EPD5,R6_ATC_M3_AL24477_A0_WFS_EPD5,ATC_M3_AL24477,A0,WFS,5.0,MONO,-2.375,0.019495681901599685
R8_R6_ATC_M3_AL24477_A0_WFS_MONO_EPD5,R6_ATC_M3_AL24477_A0_WFS_EPD5,ATC_M3_AL24477,A0,WFS,5.0,MONO,-2.5,0.018623861118163318
R8_R6_ATC_M3_AL24477_A0_WFS_MONO_EPD5,R6_ATC_M3_AL24477_A0_WFS_EPD5,ATC_M3_AL24477,A0,WFS,5.0,MONO,-2.625,0.015082889470652412
R8_R6_ATC_M3_AL24477_A0_WFS_MONO_EPD5,R6_ATC_M3_AL24477_A0_WFS_EPD5,ATC_M3_AL24477,A0,WFS,5.0,MONO,-2.75,0.01308898002509306
R8_R6_ATC_M3_AL24477_A0_WFS_MONO_EPD5,R6_ATC_M3_AL24477_A0_WFS_EPD5,ATC_M3_AL24477,A0,WFS,5.0,MONO,-2.875,0.010108028761726819
R8_R6_ATC_M3_AL24477_A0_WFS_MONO_EPD5,R6_ATC_M3_AL24477_A0_WFS_EPD5,ATC_M3_AL24477,A0,WFS,5.0,MONO,-3.0,0.01006444839983421
R8_R6_ATC_M3_AL24477_A0_WFS_MONO_EPD5,R6_ATC_M3_AL24477_A0_WFS_EPD5,ATC_M3_AL24477,A0,WFS,5.0,MONO,-3.125,0.00892436529706488
R8_R6_ATC_M3_AL24477_A0_WFS_MONO_EPD5,R6_ATC_M3_AL24477_A0_WFS_EPD5,ATC_M3_AL24477,A0,WFS,5.0,MONO,-3.25,0.008252458726767675
R8_R6_ATC_M3_AL24477_A0_WFS_MONO_EPD5,R6_ATC_M3_AL24477_A0_WFS_EPD5,ATC_M3_AL24477,A0,WFS,5.0,MONO,-3.375,0.006568991122974771
R8_R6_ATC_M3_AL24477_A0_WFS_MONO_EPD5,R6_ATC_M3_AL24477_A0_WFS_EPD5,ATC_M3_AL24477,A0,WFS,5.0,MONO,-3.5,0.008100702223146114
R8_R6_ATC_M3_AL24477_A0_WFS_MONO_EPD5,R6_ATC_M3_AL24477_A0_WFS_EPD5,ATC_M3_AL24477,A0,WFS,5.0,MONO,-3.625,0.00736872859668408
R8_R6_ATC_M3_AL24477_A0_WFS_MONO_EPD5,R6_ATC_M3_AL24477_A0_WFS_EPD5,ATC_M3_AL24477,A0,WFS,5.0,MONO,-3.75,0.006433478300682662
R8_R6_ATC_M3_AL24477_A0_WFS_MONO_EPD5,R6_ATC_M3_AL24477_A0_WFS_EPD5,ATC_M3_AL24477,A0,WFS,5.0,MONO,-3.875,0.005041952432718669
R8_R6_ATC_M3_AL24477_A0_WFS_MONO_EPD5,R6_ATC_M3_AL24477_A0_WFS_EPD5,ATC_M3_AL24477,A0,WFS,5.0,MONO,-4.0,0.003955390153451652
R8_R6_ATC_M3_AL24477_A0_WFS_MONO_EPD5,R6_ATC_M3_AL24477_A0_WFS_EPD5,ATC_M3_AL24477,A0,WFS,5.0,MONO,-4.125,0.0034737793937935214
R8_R6_ATC_M3_AL24477_A0_WFS_MONO_EPD5,R6_ATC_M3_AL24477_A0_WFS_EPD5,ATC_M3_AL24477,A0,WFS,5.0,MONO,-4.25,0.0021443714244065507
R8_R6_ATC_M3_AL24477_A0_WFS_MONO_EPD5,R6_ATC_M3_AL24477_A0_WFS_EPD5,ATC_M3_AL24477,A0,WFS,5.0,MONO,-4.375,0.000902589402677283
R8_R6_ATC_M3_AL24477_A0_WFS_MONO_EPD5,R6_ATC_M3_AL24477_A0_WFS_EPD5,ATC_M3_AL24477,A0,WFS,5.0,MONO,-4.5,0.0005640253389498429
R8_R6_ATC_M3_AL24477_A0_WFS_MONO_EPD5,R6_ATC_M3_AL24477_A0_WFS_EPD5,ATC_M3_AL24477,A0,WFS,5.0,MONO,-4.625,0.0013693867376416125
R8_R6_ATC_M3_AL24477_A0_WFS_MONO_EPD5,R6_ATC_M3_AL24477_A0_WFS_EPD5,ATC_M3_AL24477,A0,WFS,5.0,MONO,-4.75,0.001898826762404055
R8_R6_ATC_M3_AL24477_A0_WFS_MONO_EPD5,R6_ATC_M3_AL24477_A0_WFS_EPD5,ATC_M3_AL24477,A0,WFS,5.0,MONO,-4.875,0.0030874209857470357
R8_R6_ATC_M3_AL24477_A0_WFS_MONO_EPD5,R6_ATC_M3_AL24477_A0_WFS_EPD5,ATC_M3_AL24477,A0,WFS,5.0,MONO,-5.0,0.0018916073786994893
R8_R6_ATC_M3_AL24477_A0_WFS_EDOF_EPD5,R6_ATC_M3_AL24477_A0_WFS_EPD5,ATC_M3_AL24477,A0,WFS,5.0,EDOF,1.0,0.008069626390467504
R8_R6_ATC_M3_AL24477_A0_WFS_EDOF_EPD5,R6_ATC_M3_AL24477_A0_WFS_EPD5,ATC_M3_AL24477,A0,WFS,5.0,EDOF,0.875,0.024235045827795183
R8_R6_ATC_M3_AL24477_A0_WFS_EDOF_EPD5,R6_ATC_M3_AL24477_A0_WFS_EPD5,ATC_M3_AL24477,A0,WFS,5.0,EDOF,0.75,0.029376031313552445
R8_R6_ATC_M3_AL24477_A0_WFS_EDOF_EPD5,R6_ATC_M3_AL24477_A0_WFS_EPD5,ATC_M3_AL24477,A0,WFS,5.0,EDOF,0.625,0.03773383670588232
R8_R6_ATC_M3_AL24477_A0_WFS_EDOF_EPD5,R6_ATC_M3_AL24477_A0_WFS_EPD5,ATC_M3_AL24477,A0,WFS,5.0,EDOF,0.5,0.03111336196142373
R8_R6_ATC_M3_AL24477_A0_WFS_EDOF_EPD5,R6_ATC_M3_AL24477_A0_WFS_EPD5,ATC_M3_AL24477,A0,WFS,5.0,EDOF,0.375,0.04190511582566764
R8_R6_ATC_M3_AL24477_A0_WFS_EDOF_EPD5,R6_ATC_M3_AL24477_A0_WFS_EPD5,ATC_M3_AL24477,A0,WFS,5.0,EDOF,0.25,0.06631538729311148
R8_R6_ATC_M3_AL24477_A0_WFS_EDOF_EPD5,R6_ATC_M3_AL24477_A0_WFS_EPD5,ATC_M3_AL24477,A0,WFS,5.0,EDOF,0.125,0.07917107007277283
R8_R6_ATC_M3_AL24477_A0_WFS_EDOF_EPD5,R6_ATC_M3_AL24477_A0_WFS_EPD5,ATC_M3_AL24477,A0,WFS,5.0,EDOF,0.0,0.08599278871010446
R8_R6_ATC_M3_AL24477_A0_WFS_EDOF_EPD5,R6_ATC_M3_AL24477_A0_WFS_EPD5,ATC_M3_AL24477,A0,WFS,5.0,EDOF,-0.125,0.15263224513398738
R8_R6_ATC_M3_AL24477_A0_WFS_EDOF_EPD5,R6_ATC_M3_AL24477_A0_WFS_EPD5,ATC_M3_AL24477,A0,WFS,5.0,EDOF,-0.25,0.15023441087967576
R8_R6_ATC_M3_AL24477_A0_WFS_EDOF_EPD5,R6_ATC_M3_AL24477_A0_WFS_EPD5,ATC_M3_AL24477,A0,WFS,5.0,EDOF,-0.375,0.01377889073679342
R8_R6_ATC_M3_AL24477_A0_WFS_EDOF_EPD5,R6_ATC_M3_AL24477_A0_WFS_EPD5,ATC_M3_AL24477,A0,WFS,5.0,EDOF,-0.5,0.027859012680527574
R8_R6_ATC_M3_AL24477_A0_WFS_EDOF_EPD5,R6_ATC_M3_AL24477_A0_WFS_EPD5,ATC_M3_AL24477,A0,WFS,5.0,EDOF,-0.625,0.13719015497040302
R8_R6_ATC_M3_AL24477_A0_WFS_EDOF_EPD5,R6_ATC_M3_AL24477_A0_WFS_EPD5,ATC_M3_AL24477,A0,WFS,5.0,EDOF,-0.75,0.07776282878700741
R8_R6_ATC_M3_AL24477_A0_WFS_EDOF_EPD5,R6_ATC_M3_AL24477_A0_WFS_EPD5,ATC_M3_AL24477,A0,WFS,5.0,EDOF,-0.875,0.03496295061331624
R8_R6_ATC_M3_AL24477_A0_WFS_EDOF_EPD5,R6_ATC_M3_AL24477_A0_WFS_EPD5,ATC_M3_AL24477,A0,WFS,5.0,EDOF,-1.0,0.06914706689405793
R8_R6_ATC_M3_AL24477_A0_WFS_EDOF_EPD5,R6_ATC_M3_AL24477_A0_WFS_EPD5,ATC_M3_AL24477,A0,WFS,5.0,EDOF,-1.125,0.02737445331304628
R8_R6_ATC_M3_AL24477_A0_WFS_EDOF_EPD5,R6_ATC_M3_AL24477_A0_WFS_EPD5,ATC_M3_AL24477,A0,WFS,5.0,EDOF,-1.25,0.020857516670282114
R8_R6_ATC_M3_AL24477_A0_WFS_EDOF_EPD5,R6_ATC_M3_AL24477_A0_WFS_EPD5,ATC_M3_AL24477,A0,WFS,5.0,EDOF,-1.375,0.03938182184262877
R8_R6_ATC_M3_AL24477_A0_WFS_EDOF_EPD5,R6_ATC_M3_AL24477_A0_WFS_EPD5,ATC_M3_AL24477,A0,WFS,5.0,EDOF,-1.5,0.019988072050256198
R8_R6_ATC_M3_AL24477_A0_WFS_EDOF_EPD5,R6_ATC_M3_AL24477_A0_WFS_EPD5,ATC_M3_AL24477,A0,WFS,5.0,EDOF,-1.625,0.031086291392850636
R8_R6_ATC_M3_AL24477_A0_WFS_EDOF_EPD5,R6_ATC_M3_AL24477_A0_WFS_EPD5,ATC_M3_AL24477,A0,WFS,5.0,EDOF,-1.75,0.002908619603685525
R8_R6_ATC_M3_AL24477_A0_WFS_EDOF_EPD5,R6_ATC_M3_AL24477_A0_WFS_EPD5,ATC_M3_AL24477,A0,WFS,5.0,EDOF,-1.875,0.007310902897138169
R8_R6_ATC_M3_AL24477_A0_WFS_EDOF_EPD5,R6_ATC_M3_AL24477_A0_WFS_EPD5,ATC_M3_AL24477,A0,WFS,5.0,EDOF,-2.0,0.01797419600810525
R8_R6_ATC_M3_AL24477_A0_WFS_EDOF_EPD5,R6_ATC_M3_AL24477_A0_WFS_EPD5,ATC_M3_AL24477,A0,WFS,5.0,EDOF,-2.125,0.019037891477687644
R8_R6_ATC_M3_AL24477_A0_WFS_EDOF_EPD5,R6_ATC_M3_AL24477_A0_WFS_EPD5,ATC_M3_AL24477,A0,WFS,5.0,EDOF,-2.25,0.021104945676122956
R8_R6_ATC_M3_AL24477_A0_WFS_EDOF_EPD5,R6_ATC_M3_AL24477_A0_WFS_EPD5,ATC_M3_AL24477,A0,WFS,5.0,EDOF,-2.375,0.021702981946093304
R8_R6_ATC_M3_AL24477_A0_WFS_EDOF_EPD5,R6_ATC_M3_AL24477_A0_WFS_EPD5,ATC_M3_AL24477,A0,WFS,5.0,EDOF,-2.5,0.019875412735738434
R8_R6_ATC_M3_AL24477_A0_WFS_EDOF_EPD5,R6_ATC_M3_AL24477_A0_WFS_EPD5,ATC_M3_AL24477,A0,WFS,5.0,EDOF,-2.625,0.013928082496086153
R8_R6_ATC_M3_AL24477_A0_WFS_EDOF_EPD5,R6_ATC_M3_AL24477_A0_WFS_EPD5,ATC_M3_AL24477,A0,WFS,5.0,EDOF,-2.75,0.011250298157791933
R8_R6_ATC_M3_AL24477_A0_WFS_EDOF_EPD5,R6_ATC_M3_AL24477_A0_WFS_EPD5,ATC_M3_AL24477,A0,WFS,5.0,EDOF,-2.875,0.010539972682457573
R8_R6_ATC_M3_AL24477_A0_WFS_EDOF_EPD5,R6_ATC_M3_AL24477_A0_WFS_EPD5,ATC_M3_AL24477,A0,WFS,5.0,EDOF,-3.0,0.01106412832701588
R8_R6_ATC_M3_AL24477_A0_WFS_EDOF_EPD5,R6_ATC_M3_AL24477_A0_WFS_EPD5,ATC_M3_AL24477,A0,WFS,5.0,EDOF,-3.125,0.008927055243844382
R8_R6_ATC_M3_AL24477_A0_WFS_EDOF_EPD5,R6_ATC_M3_AL24477_A0_WFS_EPD5,ATC_M3_AL24477,A0,WFS,5.0,EDOF,-3.25,0.007509505465769984
R8_R6_ATC_M3_AL24477_A0_WFS_EDOF_EPD5,R6_ATC_M3_AL24477_A0_WFS_EPD5,ATC_M3_AL24477,A0,WFS,5.0,EDOF,-3.375,0.006461729396732535
R8_R6_ATC_M3_AL24477_A0_WFS_EDOF_EPD5,R6_ATC_M3_AL24477_A0_WFS_EPD5,ATC_M3_AL24477,A0,WFS,5.0,EDOF,-3.5,0.00883690834510761
R8_R6_ATC_M3_AL24477_A0_WFS_EDOF_EPD5,R6_ATC_M3_AL24477_A0_WFS_EPD5,ATC_M3_AL24477,A0,WFS,5.0,EDOF,-3.625,0.007818482188183613
R8_R6_ATC_M3_AL24477_A0_WFS_EDOF_EPD5,R6_ATC_M3_AL24477_A0_WFS_EPD5,ATC_M3_AL24477,A0,WFS,5.0,EDOF,-3.75,0.005929614290256445
R8_R6_ATC_M3_AL24477_A0_WFS_EDOF_EPD5,R6_ATC_M3_AL24477_A0_WFS_EPD5,ATC_M3_AL24477,A0,WFS,5.0,EDOF,-3.875,0.004551098062611071
R8_R6_ATC_M3_AL24477_A0_WFS_EDOF_EPD5,R6_ATC_M3_AL24477_A0_WFS_EPD5,ATC_M3_AL24477,A0,WFS,5.0,EDOF,-4.0,0.004191694947099889
R8_R6_ATC_M3_AL24477_A0_WFS_EDOF_EPD5,R6_ATC_M3_AL24477_A0_WFS_EPD5,ATC_M3_AL24477,A0,WFS,5.0,EDOF,-4.125,0.003802630483509993
R8_R6_ATC_M3_AL24477_A0_WFS_EDOF_EPD5,R6_ATC_M3_AL24477_A0_WFS_EPD5,ATC_M3_AL24477,A0,WFS,5.0,EDOF,-4.25,0.0019365865819398888
R8_R6_ATC_M3_AL24477_A0_WFS_EDOF_EPD5,R6_ATC_M3_AL24477_A0_WFS_EPD5,ATC_M3_AL24477,A0,WFS,5.0,EDOF,-4.375,0.0007300294631748937
R8_R6_ATC_M3_AL24477_A0_WFS_EDOF_EPD5,R6_ATC_M3_AL24477_A0_WFS_EPD5,ATC_M3_AL24477,A0,WFS,5.0,EDOF,-4.5,0.0002728658502018625
R8_R6_ATC_M3_AL24477_A0_WFS_EDOF_EPD5,R6_ATC_M3_AL24477_A0_WFS_EPD5,ATC_M3_AL24477,A0,WFS,5.0,EDOF,-4.625,0.0012551396154322956
R8_R6_ATC_M3_AL24477_A0_WFS_EDOF_EPD5,R6_ATC_M3_AL24477_A0_WFS_EPD5,ATC_M3_AL24477,A0,WFS,5.0,EDOF,-4.75,0.0021157350474454765
R8_R6_ATC_M3_AL24477_A0_WFS_EDOF_EPD5,R6_ATC_M3_AL24477_A0_WFS_EPD5,ATC_M3_AL24477,A0,WFS,5.0,EDOF,-4.875,0.003361382548877387
R8_R6_ATC_M3_AL24477_A0_WFS_EDOF_EPD5,R6_ATC_M3_AL24477_A0_WFS_EPD5,ATC_M3_AL24477,A0,WFS,5.0,EDOF,-5.0,0.001636243074293949
R8_R6_ATC_M3_AL24477_A0_RAD_MONO_EPD3,R6_ATC_M3_AL24477_A0_RAD_EPD3,ATC_M3_AL24477,A0,RAD,3.0,MONO,1.0,0.003555934175416768
R8_R6_ATC_M3_AL24477_A0_RAD_MONO_EPD3,R6_ATC_M3_AL24477_A0_RAD_EPD3,ATC_M3_AL24477,A0,RAD,3.0,MONO,0.875,0.01826249144473692
R8_R6_ATC_M3_AL24477_A0_RAD_MONO_EPD3,R6_ATC_M3_AL24477_A0_RAD_EPD3,ATC_M3_AL24477,A0,RAD,3.0,MONO,0.75,0.00137153049577698
R8_R6_ATC_M3_AL24477_A0_RAD_MONO_EPD3,R6_ATC_M3_AL24477_A0_RAD_EPD3,ATC_M3_AL24477,A0,RAD,3.0,MONO,0.625,0.032337953480504694
R8_R6_ATC_M3_AL24477_A0_RAD_MONO_EPD3,R6_ATC_M3_AL24477_A0_RAD_EPD3,ATC_M3_AL24477,A0,RAD,3.0,MONO,0.5,0.0009310093616627507
R8_R6_ATC_M3_AL24477_A0_RAD_MONO_EPD3,R6_ATC_M3_AL24477_A0_RAD_EPD3,ATC_M3_AL24477,A0,RAD,3.0,MONO,0.375,0.03578164522516505
R8_R6_ATC_M3_AL24477_A0_RAD_MONO_EPD3,R6_ATC_M3_AL24477_A0_RAD_EPD3,ATC_M3_AL24477,A0,RAD,3.0,MONO,0.25,0.1079801663466228
R8_R6_ATC_M3_AL24477_A0_RAD_MONO_EPD3,R6_ATC_M3_AL24477_A0_RAD_EPD3,ATC_M3_AL24477,A0,RAD,3.0,MONO,0.125,0.42817699778381446
R8_R6_ATC_M3_AL24477_A0_RAD_MONO_EPD3,R6_ATC_M3_AL24477_A0_RAD_EPD3,ATC_M3_AL24477,A0,RAD,3.0,MONO,0.0,0.628624946516643
R8_R6_ATC_M3_AL24477_A0_RAD_MONO_EPD3,R6_ATC_M3_AL24477_A0_RAD_EPD3,ATC_M3_AL24477,A0,RAD,3.0,MONO,-0.125,0.47065441850254536
R8_R6_ATC_M3_AL24477_A0_RAD_MONO_EPD3,R6_ATC_M3_AL24477_A0_RAD_EPD3,ATC_M3_AL24477,A0,RAD,3.0,MONO,-0.25,0.11322203714013221
R8_R6_ATC_M3_AL24477_A0_RAD_MONO_EPD3,R6_ATC_M3_AL24477_A0_RAD_EPD3,ATC_M3_AL24477,A0,RAD,3.0,MONO,-0.375,0.08891628136491908
R8_R6_ATC_M3_AL24477_A0_RAD_MONO_EPD3,R6_ATC_M3_AL24477_A0_RAD_EPD3,ATC_M3_AL24477,A0,RAD,3.0,MONO,-0.5,0.040594246691468175
R8_R6_ATC_M3_AL24477_A0_RAD_MONO_EPD3,R6_ATC_M3_AL24477_A0_RAD_EPD3,ATC_M3_AL24477,A0,RAD,3.0,MONO,-0.625,0.04971561121922448
R8_R6_ATC_M3_AL24477_A0_RAD_MONO_EPD3,R6_ATC_M3_AL24477_A0_RAD_EPD3,ATC_M3_AL24477,A0,RAD,3.0,MONO,-0.75,0.030164742508010045
R8_R6_ATC_M3_AL24477_A0_RAD_MONO_EPD3,R6_ATC_M3_AL24477_A0_RAD_EPD3,ATC_M3_AL24477,A0,RAD,3.0,MONO,-0.875,0.02358871424556914
R8_R6_ATC_M3_AL24477_A0_RAD_MONO_EPD3,R6_ATC_M3_AL24477_A0_RAD_EPD3,ATC_M3_AL24477,A0,RAD,3.0,MONO,-1.0,0.013404655071649507
R8_R6_ATC_M3_AL24477_A0_RAD_MONO_EPD3,R6_ATC_M3_AL24477_A0_RAD_EPD3,ATC_M3_AL24477,A0,RAD,3.0,MONO,-1.125,0.019580158556685903
R8_R6_ATC_M3_AL24477_A0_RAD_MONO_EPD3,R6_ATC_M3_AL24477_A0_RAD_EPD3,ATC_M3_AL24477,A0,RAD,3.0,MONO,-1.25,0.009965678050383144
R8_R6_ATC_M3_AL24477_A0_RAD_MONO_EPD3,R6_ATC_M3_AL24477_A0_RAD_EPD3,ATC_M3_AL24477,A0,RAD,3.0,MONO,-1.375,0.01304292811255976
R8_R6_ATC_M3_AL24477_A0_RAD_MONO_EPD3,R6_ATC_M3_AL24477_A0_RAD_EPD3,ATC_M3_AL24477,A0,RAD,3.0,MONO,-1.5,0.004076895948856456
R8_R6_ATC_M3_AL24477_A0_RAD_MONO_EPD3,R6_ATC_M3_AL24477_A0_RAD_EPD3,ATC_M3_AL24477,A0,RAD,3.0,MONO,-1.625,0.012371516882021635
R8_R6_ATC_M3_AL24477_A0_RAD_MONO_EPD3,R6_ATC_M3_AL24477_A0_RAD_EPD3,ATC_M3_AL24477,A0,RAD,3.0,MONO,-1.75,0.0035699736951242617
R8_R6_ATC_M3_AL24477_A0_RAD_MONO_EPD3,R6_ATC_M3_AL24477_A0_RAD_EPD3,ATC_M3_AL24477,A0,RAD,3.0,MONO,-1.875,0.00873704901888962
R8_R6_ATC_M3_AL24477_A0_RAD_MONO_EPD3,R6_ATC_M3_AL24477_A0_RAD_EPD3,ATC_M3_AL24477,A0,RAD,3.0,MONO,-2.0,0.0008690336108995687
R8_R6_ATC_M3_AL24477_A0_RAD_MONO_EPD3,R6_ATC_M3_AL24477_A0_RAD_EPD3,ATC_M3_AL24477,A0,RAD,3.0,MONO,-2.125,0.007251630025124248
R8_R6_ATC_M3_AL24477_A0_RAD_MONO_EPD3,R6_ATC_M3_AL24477_A0_RAD_EPD3,ATC_M3_AL24477,A0,RAD,3.0,MONO,-2.25,0.0009503617201126252
R8_R6_ATC_M3_AL24477_A0_RAD_MONO_EPD3,R6_ATC_M3_AL24477_A0_RAD_EPD3,ATC_M3_AL24477,A0,RAD,3.0,MONO,-2.375,0.006434047146843957
R8_R6_ATC_M3_AL24477_A0_RAD_MONO_EPD3,R6_ATC_M3_AL24477_A0_RAD_EPD3,ATC_M3_AL24477,A0,RAD,3.0,MONO,-2.5,0.002111990556905921
R8_R6_ATC_M3_AL24477_A0_RAD_MONO_EPD3,R6_ATC_M3_AL24477_A0_RAD_EPD3,ATC_M3_AL24477,A0,RAD,3.0,MONO,-2.625,0.006165842678500443
R8_R6_ATC_M3_AL24477_A0_RAD_MONO_EPD3,R6_ATC_M3_AL24477_A0_RAD_EPD3,ATC_M3_AL24477,A0,RAD,3.0,MONO,-2.75,0.002050587587690521
R8_R6_ATC_M3_AL24477_A0_RAD_MONO_EPD3,R6_ATC_M3_AL24477_A0_RAD_EPD3,ATC_M3_AL24477,A0,RAD,3.0,MONO,-2.875,0.005070461661156288
R8_R6_ATC_M3_AL24477_A0_RAD_MONO_EPD3,R6_ATC_M3_AL24477_A0_RAD_EPD3,ATC_M3_AL24477,A0,RAD,3.0,MONO,-3.0,0.0022451492421268204
R8_R6_ATC_M3_AL24477_A0_RAD_MONO_EPD3,R6_ATC_M3_AL24477_A0_RAD_EPD3,ATC_M3_AL24477,A0,RAD,3.0,MONO,-3.125,0.004171038030649199
R8_R6_ATC_M3_AL24477_A0_RAD_MONO_EPD3,R6_ATC_M3_AL24477_A0_RAD_EPD3,ATC_M3_AL24477,A0,RAD,3.0,MONO,-3.25,0.0019669644463027923
R8_R6_ATC_M3_AL24477_A0_RAD_MONO_EPD3,R6_ATC_M3_AL24477_A0_RAD_EPD3,ATC_M3_AL24477,A0,RAD,3.0,MONO,-3.375,0.0024973206809953017
R8_R6_ATC_M3_AL24477_A0_RAD_MONO_EPD3,R6_ATC_M3_AL24477_A0_RAD_EPD3,ATC_M3_AL24477,A0,RAD,3.0,MONO,-3.5,0.0026866448776000145
R8_R6_ATC_M3_AL24477_A0_RAD_MONO_EPD3,R6_ATC_M3_AL24477_A0_RAD_EPD3,ATC_M3_AL24477,A0,RAD,3.0,MONO,-3.625,0.001691598818569159
R8_R6_ATC_M3_AL24477_A0_RAD_MONO_EPD3,R6_ATC_M3_AL24477_A0_RAD_EPD3,ATC_M3_AL24477,A0,RAD,3.0,MONO,-3.75,0.003308031436491092
R8_R6_ATC_M3_AL24477_A0_RAD_MONO_EPD3,R6_ATC_M3_AL24477_A0_RAD_EPD3,ATC_M3_AL24477,A0,RAD,3.0,MONO,-3.875,0.0017849561625758658
R8_R6_ATC_M3_AL24477_A0_RAD_MONO_EPD3,R6_ATC_M3_AL24477_A0_RAD_EPD3,ATC_M3_AL24477,A0,RAD,3.0,MONO,-4.0,0.0027255385997540975
R8_R6_ATC_M3_AL24477_A0_RAD_MONO_EPD3,R6_ATC_M3_AL24477_A0_RAD_EPD3,ATC_M3_AL24477,A0,RAD,3.0,MONO,-4.125,0.0013866352990534818
R8_R6_ATC_M3_AL24477_A0_RAD_MONO_EPD3,R6_ATC_M3_AL24477_A0_RAD_EPD3,ATC_M3_AL24477,A0,RAD,3.0,MONO,-4.25,0.0015075289224030107
R8_R6_ATC_M3_AL24477_A0_RAD_MONO_EPD3,R6_ATC_M3_AL24477_A0_RAD_EPD3,ATC_M3_AL24477,A0,RAD,3.0,MONO,-4.375,0.0004773306443571765
R8_R6_ATC_M3_AL24477_A0_RAD_MONO_EPD3,R6_ATC_M3_AL24477_A0_RAD_EPD3,ATC_M3_AL24477,A0,RAD,3.0,MONO,-4.5,0.0019881148182818945
R8_R6_ATC_M3_AL24477_A0_RAD_MONO_EPD3,R6_ATC_M3_AL24477_A0_RAD_EPD3,ATC_M3_AL24477,A0,RAD,3.0,MONO,-4.625,0.00110088934254828
R8_R6_ATC_M3_AL24477_A0_RAD_MONO_EPD3,R6_ATC_M3_AL24477_A0_RAD_EPD3,ATC_M3_AL24477,A0,RAD,3.0,MONO,-4.75,0.0022050691516151974
R8_R6_ATC_M3_AL24477_A0_RAD_MONO_EPD3,R6_ATC_M3_AL24477_A0_RAD_EPD3,ATC_M3_AL24477,A0,RAD,3.0,MONO,-4.875,0.001166951279119331
R8_R6_ATC_M3_AL24477_A0_RAD_MONO_EPD3,R6_ATC_M3_AL24477_A0_RAD_EPD3,ATC_M3_AL24477,A0,RAD,3.0,MONO,-5.0,0.0017848582435092217
R8_R6_ATC_M3_AL24477_A0_RAD_EDOF_EPD3,R6_ATC_M3_AL24477_A0_RAD_EPD3,ATC_M3_AL24477,A0,RAD,3.0,EDOF,1.0,0.15361008830008044
R8_R6_ATC_M3_AL24477_A0_RAD_EDOF_EPD3,R6_ATC_M3_AL24477_A0_RAD_EPD3,ATC_M3_AL24477,A0,RAD,3.0,EDOF,0.875,0.2604388265746781
R8_R6_ATC_M3_AL24477_A0_RAD_EDOF_EPD3,R6_ATC_M3_AL24477_A0_RAD_EPD3,ATC_M3_AL24477,A0,RAD,3.0,EDOF,0.75,0.16228145477717332
R8_R6_ATC_M3_AL24477_A0_RAD_EDOF_EPD3,R6_ATC_M3_AL24477_A0_RAD_EPD3,ATC_M3_AL24477,A0,RAD,3.0,EDOF,0.625,0.038021805209031395
R8_R6_ATC_M3_AL24477_A0_RAD_EDOF_EPD3,R6_ATC_M3_AL24477_A0_RAD_EPD3,ATC_M3_AL24477,A0,RAD,3.0,EDOF,0.5,0.10168789688742152
R8_R6_ATC_M3_AL24477_A0_RAD_EDOF_EPD3,R6_ATC_M3_AL24477_A0_RAD_EPD3,ATC_M3_AL24477,A0,RAD,3.0,EDOF,0.375,0.26687789622443847
R8_R6_ATC_M3_AL24477_A0_RAD_EDOF_EPD3,R6_ATC_M3_AL24477_A0_RAD_EPD3,ATC_M3_AL24477,A0,RAD,3.0,EDOF,0.25,0.2868463351380976
R8_R6_ATC_M3_AL24477_A0_RAD_EDOF_EPD3,R6_ATC_M3_AL24477_A0_RAD_EPD3,ATC_M3_AL24477,A0,RAD,3.0,EDOF,0.125,0.12737301368823079
R8_R6_ATC_M3_AL24477_A0_RAD_EDOF_EPD3,R6_ATC_M3_AL24477_A0_RAD_EPD3,ATC_M3_AL24477,A0,RAD,3.0,EDOF,0.0,0.018615907006960433
R8_R6_ATC_M3_AL24477_A0_RAD_EDOF_EPD3,R6_ATC_M3_AL24477_A0_RAD_EPD3,ATC_M3_AL24477,A0,RAD,3.0,EDOF,-0.125,0.038489407374435444
R8_R6_ATC_M3_AL24477_A0_RAD_EDOF_EPD3,R6_ATC_M3_AL24477_A0_RAD_EPD3,ATC_M3_AL24477,A0,RAD,3.0,EDOF,-0.25,0.00936034309288453
R8_R6_ATC_M3_AL24477_A0_RAD_EDOF_EPD3,R6_ATC_M3_AL24477_A0_RAD_EPD3,ATC_M3_AL24477,A0,RAD,3.0,EDOF,-0.375,0.01206980682349247
R8_R6_ATC_M3_AL24477_A0_RAD_EDOF_EPD3,R6_ATC_M3_AL24477_A0_RAD_EPD3,ATC_M3_AL24477,A0,RAD,3.0,EDOF,-0.5,0.0185853000190271
R8_R6_ATC_M3_AL24477_A0_RAD_EDOF_EPD3,R6_ATC_M3_AL24477_A0_RAD_EPD3,ATC_M3_AL24477,A0,RAD,3.0,EDOF,-0.625,0.004441070300140907
R8_R6_ATC_M3_AL24477_A0_RAD_EDOF_EPD3,R6_ATC_M3_AL24477_A0_RAD_EPD3,ATC_M3_AL24477,A0,RAD,3.0,EDOF,-0.75,0.027093111316786447
R8_R6_ATC_M3_AL24477_A0_RAD_EDOF_EPD3,R6_ATC_M3_AL24477_A0_RAD_EPD3,ATC_M3_AL24477,A0,RAD,3.0,EDOF,-0.875,0.028303667519596478
R8_R6_ATC_M3_AL24477_A0_RAD_EDOF_EPD3,R6_ATC_M3_AL24477_A0_RAD_EPD3,ATC_M3_AL24477,A0,RAD,3.0,EDOF,-1.0,0.028149204798442257
R8_R6_ATC_M3_AL24477_A0_RAD_EDOF_EPD3,R6_ATC_M3_AL24477_A0_RAD_EPD3,ATC_M3_AL24477,A0,RAD,3.0,EDOF,-1.125,0.029534673500239243
R8_R6_ATC_M3_AL24477_A0_RAD_EDOF_EPD3,R6_ATC_M3_AL24477_A0_RAD_EPD3,ATC_M3_AL24477,A0,RAD,3.0,EDOF,-1.25,0.00921182389818204
R8_R6_ATC_M3_AL24477_A0_RAD_EDOF_EPD3,R6_ATC_M3_AL24477_A0_RAD_EPD3,ATC_M3_AL24477,A0,RAD,3.0,EDOF,-1.375,0.02080692041572959
R8_R6_ATC_M3_AL24477_A0_RAD_EDOF_EPD3,R6_ATC_M3_AL24477_A0_RAD_EPD3,ATC_M3_AL24477,A0,RAD,3.0,EDOF,-1.5,0.020081311728732523
R8_R6_ATC_M3_AL24477_A0_RAD_EDOF_EPD3,R6_ATC_M3_AL24477_A0_RAD_EPD3,ATC_M3_AL24477,A0,RAD,3.0,EDOF,-1.625,0.009778490772247156
R8_R6_ATC_M3_AL24477_A0_RAD_EDOF_EPD3,R6_ATC_M3_AL24477_A0_RAD_EPD3,ATC_M3_AL24477,A0,RAD,3.0,EDOF,-1.75,0.026997905650454547
R8_R6_ATC_M3_AL24477_A0_RAD_EDOF_EPD3,R6_ATC_M3_AL24477_A0_RAD_EPD3,ATC_M3_AL24477,A0,RAD,3.0,EDOF,-1.875,0.017218022757968902
R8_R6_ATC_M3_AL24477_A0_RAD_EDOF_EPD3,R6_ATC_M3_AL24477_A0_RAD_EPD3,ATC_M3_AL24477,A0,RAD,3.0,EDOF,-2.0,0.0029705224409110396
R8_R6_ATC_M3_AL24477_A0_RAD_EDOF_EPD3,R6_ATC_M3_AL24477_A0_RAD_EPD3,ATC_M3_AL24477,A0,RAD,3.0,EDOF,-2.125,0.003776386367202035
R8_R6_ATC_M3_AL24477_A0_RAD_EDOF_EPD3,R6_ATC_M3_AL24477_A0_RAD_EPD3,ATC_M3_AL24477,A0,RAD,3.0,EDOF,-2.25,0.00854632969413172
R8_R6_ATC_M3_AL24477_A0_RAD_EDOF_EPD3,R6_ATC_M3_AL24477_A0_RAD_EPD3,ATC_M3_AL24477,A0,RAD,3.0,EDOF,-2.375,0.007875656117907876
R8_R6_ATC_M3_AL24477_A0_RAD_EDOF_EPD3,R6_ATC_M3_AL24477_A0_RAD_EPD3,ATC_M3_AL24477,A0,RAD,3.0,EDOF,-2.5,0.0025480353345825393
R8_R6_ATC_M3_AL24477_A0_RAD_EDOF_EPD3,R6_ATC_M3_AL24477_A0_RAD_EPD3,ATC_M3_AL24477,A0,RAD,3.0,EDOF,-2.625,0.010070179756350654
R8_R6_ATC_M3_AL24477_A0_RAD_EDOF_EPD3,R6_ATC_M3_AL24477_A0_RAD_EPD3,ATC_M3_AL24477,A0,RAD,3.0,EDOF,-2.75,0.006509299233693774
R8_R6_ATC_M3_AL24477_A0_RAD_EDOF_EPD3,R6_ATC_M3_AL24477_A0_RAD_EPD3,ATC_M3_AL24477,A0,RAD,3.0,EDOF,-2.875,0.00562234996043999
R8_R6_ATC_M3_AL24477_A0_RAD_EDOF_EPD3,R6_ATC_M3_AL24477_A0_RAD_EPD3,ATC_M3_AL24477,A0,RAD,3.0,EDOF,-3.0,0.015280530890359568
R8_R6_ATC_M3_AL24477_A0_RAD_EDOF_EPD3,R6_ATC_M3_AL24477_A0_RAD_EPD3,ATC_M3_AL24477,A0,RAD,3.0,EDOF,-3.125,0.0199846629826473
R8_R6_ATC_M3_AL24477_A0_RAD_EDOF_EPD3,R6_ATC_M3_AL24477_A0_RAD_EPD3,ATC_M3_AL24477,A0,RAD,3.0,EDOF,-3.25,0.009400033912494471
R8_R6_ATC_M3_AL24477_A0_RAD_EDOF_EPD3,R6_ATC_M3_AL24477_A0_RAD_EPD3,ATC_M3_AL24477,A0,RAD,3.0,EDOF,-3.375,9.483206553115363e-05
R8_R6_ATC_M3_AL24477_A0_RAD_EDOF_EPD3,R6_ATC_M3_AL24477_A0_RAD_EPD3,ATC_M3_AL24477,A0,RAD,3.0,EDOF,-3.5,0.006981760316405801
R8_R6_ATC_M3_AL24477_A0_RAD_EDOF_EPD3,R6_ATC_M3_AL24477_A0_RAD_EPD3,ATC_M3_AL24477,A0,RAD,3.0,EDOF,-3.625,0.023731839621758642
R8_R6_ATC_M3_AL24477_A0_RAD_EDOF_EPD3,R6_ATC_M3_AL24477_A0_RAD_EPD3,ATC_M3_AL24477,A0,RAD,3.0,EDOF,-3.75,0.03549529637451021
R8_R6_ATC_M3_AL24477_A0_RAD_EDOF_EPD3,R6_ATC_M3_AL24477_A0_RAD_EPD3,ATC_M3_AL24477,A0,RAD,3.0,EDOF,-3.875,0.03478090908126475
R8_R6_ATC_M3_AL24477_A0_RAD_EDOF_EPD3,R6_ATC_M3_AL24477_A0_RAD_EPD3,ATC_M3_AL24477,A0,RAD,3.0,EDOF,-4.0,0.01940371696451394
R8_R6_ATC_M3_AL24477_A0_RAD_EDOF_EPD3,R6_ATC_M3_AL24477_A0_RAD_EPD3,ATC_M3_AL24477,A0,RAD,3.0,EDOF,-4.125,0.0018962120899994502
R8_R6_ATC_M3_AL24477_A0_RAD_EDOF_EPD3,R6_ATC_M3_AL24477_A0_RAD_EPD3,ATC_M3_AL24477,A0,RAD,3.0,EDOF,-4.25,0.007096185362804389
R8_R6_ATC_M3_AL24477_A0_RAD_EDOF_EPD3,R6_ATC_M3_AL24477_A0_RAD_EPD3,ATC_M3_AL24477,A0,RAD,3.0,EDOF,-4.375,0.01059215892271872
R8_R6_ATC_M3_AL24477_A0_RAD_EDOF_EPD3,R6_ATC_M3_AL24477_A0_RAD_EPD3,ATC_M3_AL24477,A0,RAD,3.0,EDOF,-4.5,0.030359379716794355
R8_R6_ATC_M3_AL24477_A0_RAD_EDOF_EPD3,R6_ATC_M3_AL24477_A0_RAD_EPD3,ATC_M3_AL24477,A0,RAD,3.0,EDOF,-4.625,0.034601733398854764
R8_R6_ATC_M3_AL24477_A0_RAD_EDOF_EPD3,R6_ATC_M3_AL24477_A0_RAD_EPD3,ATC_M3_AL24477,A0,RAD,3.0,EDOF,-4.75,0.01728959575337185
R8_R6_ATC_M3_AL24477_A0_RAD_EDOF_EPD3,R6_ATC_M3_AL24477_A0_RAD_EPD3,ATC_M3_AL24477,A0,RAD,3.0,EDOF,-4.875,0.0029190037188293926
R8_R6_ATC_M3_AL24477_A0_RAD_EDOF_EPD3,R6_ATC_M3_AL24477_A0_RAD_EPD3,ATC_M3_AL24477,A0,RAD,3.0,EDOF,-5.0,0.011248704690071738
R8_R6_ATC_M3_AL24477_A0_RAD_MONO_EPD5,R6_ATC_M3_AL24477_A0_RAD_EPD5,ATC_M3_AL24477,A0,RAD,5.0,MONO,1.0,0.0014803124641565206
R8_R6_ATC_M3_AL24477_A0_RAD_MONO_EPD5,R6_ATC_M3_AL24477_A0_RAD_EPD5,ATC_M3_AL24477,A0,RAD,5.0,MONO,0.875,0.00145728162857481
R8_R6_ATC_M3_AL24477_A0_RAD_MONO_EPD5,R6_ATC_M3_AL24477_A0_RAD_EPD5,ATC_M3_AL24477,A0,RAD,5.0,MONO,0.75,0.0029106766912859417
R8_R6_ATC_M3_AL24477_A0_RAD_MONO_EPD5,R6_ATC_M3_AL24477_A0_RAD_EPD5,ATC_M3_AL24477,A0,RAD,5.0,MONO,0.625,0.003536838700024161
R8_R6_ATC_M3_AL24477_A0_RAD_MONO_EPD5,R6_ATC_M3_AL24477_A0_RAD_EPD5,ATC_M3_AL24477,A0,RAD,5.0,MONO,0.5,0.0032575478722143146
R8_R6_ATC_M3_AL24477_A0_RAD_MONO_EPD5,R6_ATC_M3_AL24477_A0_RAD_EPD5,ATC_M3_AL24477,A0,RAD,5.0,MONO,0.375,0.002168693472693198
R8_R6_ATC_M3_AL24477_A0_RAD_MONO_EPD5,R6_ATC_M3_AL24477_A0_RAD_EPD5,ATC_M3_AL24477,A0,RAD,5.0,MONO,0.25,0.033345134511486574
R8_R6_ATC_M3_AL24477_A0_RAD_MONO_EPD5,R6_ATC_M3_AL24477_A0_RAD_EPD5,ATC_M3_AL24477,A0,RAD,5.0,MONO,0.125,0.10041822642957018
R8_R6_ATC_M3_AL24477_A0_RAD_MONO_EPD5,R6_ATC_M3_AL24477_A0_RAD_EPD5,ATC_M3_AL24477,A0,RAD,5.0,MONO,0.0,0.24669733039767902
R8_R6_ATC_M3_AL24477_A0_RAD_MONO_EPD5,R6_ATC_M3_AL24477_A0_RAD_EPD5,ATC_M3_AL24477,A0,RAD,5.0,MONO,-0.125,0.30001021907844266
R8_R6_ATC_M3_AL24477_A0_RAD_MONO_EPD5,R6_ATC_M3_AL24477_A0_RAD_EPD5,ATC_M3_AL24477,A0,RAD,5.0,MONO,-0.25,0.17392304976046385
R8_R6_ATC_M3_AL24477_A0_RAD_MONO_EPD5,R6_ATC_M3_AL24477_A0_RAD_EPD5,ATC_M3_AL24477,A0,RAD,5.0,MONO,-0.375,0.012251266226753032
R8_R6_ATC_M3_AL24477_A0_RAD_MONO_EPD5,R6_ATC_M3_AL24477_A0_RAD_EPD5,ATC_M3_AL24477,A0,RAD,5.0,MONO,-0.5,0.04641553336388058
R8_R6_ATC_M3_AL24477_A0_RAD_MONO_EPD5,R6_ATC_M3_AL24477_A0_RAD_EPD5,ATC_M3_AL24477,A0,RAD,5.0,MONO,-0.625,0.11482607455572316
R8_R6_ATC_M3_AL24477_A0_RAD_MONO_EPD5,R6_ATC_M3_AL24477_A0_RAD_EPD5,ATC_M3_AL24477,A0,RAD,5.0,MONO,-0.75,0.03737072701803521
R8_R6_ATC_M3_AL24477_A0_RAD_MONO_EPD5,R6_ATC_M3_AL24477_A0_RAD_EPD5,ATC_M3_AL24477,A0,RAD,5.0,MONO,-0.875,0.03425173106952205
R8_R6_ATC_M3_AL24477_A0_RAD_MONO_EPD5,R6_ATC_M3_AL24477_A0_RAD_EPD5,ATC_M3_AL24477,A0,RAD,5.0,MONO,-1.0,0.035544537535157364
R8_R6_ATC_M3_AL24477_A0_RAD_MONO_EPD5,R6_ATC_M3_AL24477_A0_RAD_EPD5,ATC_M3_AL24477,A0,RAD,5.0,MONO,-1.125,0.03365381428168507
R8_R6_ATC_M3_AL24477_A0_RAD_MONO_EPD5,R6_ATC_M3_AL24477_A0_RAD_EPD5,ATC_M3_AL24477,A0,RAD,5.0,MONO,-1.25,0.049615867710701395
R8_R6_ATC_M3_AL24477_A0_RAD_MONO_EPD5,R6_ATC_M3_AL24477_A0_RAD_EPD5,ATC_M3_AL24477,A0,RAD,5.0,MONO,-1.375,0.02867481582659656
R8_R6_ATC_M3_AL24477_A0_RAD_MONO_EPD5,R6_ATC_M3_AL24477_A0_RAD_EPD5,ATC_M3_AL24477,A0,RAD,5.0,MONO,-1.5,0.024981433674967978
R8_R6_ATC_M3_AL24477_A0_RAD_MONO_EPD5,R6_ATC_M3_AL24477_A0_RAD_EPD5,ATC_M3_AL24477,A0,RAD,5.0,MONO,-1.625,0.006683016623085323
R8_R6_ATC_M3_AL24477_A0_RAD_MONO_EPD5,R6_ATC_M3_AL24477_A0_RAD_EPD5,ATC_M3_AL24477,A0,RAD,5.0,MONO,-1.75,0.0015643144737516371
R8_R6_ATC_M3_AL24477_A0_RAD_MONO_EPD5,R6_ATC_M3_AL24477_A0_RAD_EPD5,ATC_M3_AL24477,A0,RAD,5.0,MONO,-1.875,0.005802932535002869
R8_R6_ATC_M3_AL24477_A0_RAD_MONO_EPD5,R6_ATC_M3_AL24477_A0_RAD_EPD5,ATC_M3_AL24477,A0,RAD,5.0,MONO,-2.0,0.006626041133982127
R8_R6_ATC_M3_AL24477_A0_RAD_MONO_EPD5,R6_ATC_M3_AL24477_A0_RAD_EPD5,ATC_M3_AL24477,A0,RAD,5.0,MONO,-2.125,0.009882572879701894
R8_R6_ATC_M3_AL24477_A0_RAD_MONO_EPD5,R6_ATC_M3_AL24477_A0_RAD_EPD5,ATC_M3_AL24477,A0,RAD,5.0,MONO,-2.25,0.009715242225793591
R8_R6_ATC_M3_AL24477_A0_RAD_MONO_EPD5,R6_ATC_M3_AL24477_A0_RAD_EPD5,ATC_M3_AL24477,A0,RAD,5.0,MONO,-2.375,0.011230500049116226
R8_R6_ATC_M3_AL24477_A0_RAD_MONO_EPD5,R6_ATC_M3_AL24477_A0_RAD_EPD5,ATC_M3_AL24477,A0,RAD,5.0,MONO,-2.5,0.01062034753082672
R8_R6_ATC_M3_AL24477_A0_RAD_MONO_EPD5,R6_ATC_M3_AL24477_A0_RAD_EPD5,ATC_M3_AL24477,A0,RAD,5.0,MONO,-2.625,0.010803995021676623
R8_R6_ATC_M3_AL24477_A0_RAD_MONO_EPD5,R6_ATC_M3_AL24477_A0_RAD_EPD5,ATC_M3_AL24477,A0,RAD,5.0,MONO,-2.75,0.008766091845205234
R8_R6_ATC_M3_AL24477_A0_RAD_MONO_EPD5,R6_ATC_M3_AL24477_A0_RAD_EPD5,ATC_M3_AL24477,A0,RAD,5.0,MONO,-2.875,0.008460008136399872
R8_R6_ATC_M3_AL24477_A0_RAD_MONO_EPD5,R6_ATC_M3_AL24477_A0_RAD_EPD5,ATC_M3_AL24477,A0,RAD,5.0,MONO,-3.0,0.008444273895366613
R8_R6_ATC_M3_AL24477_A0_RAD_MONO_EPD5,R6_ATC_M3_AL24477_A0_RAD_EPD5,ATC_M3_AL24477,A0,RAD,5.0,MONO,-3.125,0.008765444043058509
R8_R6_ATC_M3_AL24477_A0_RAD_MONO_EPD5,R6_ATC_M3_AL24477_A0_RAD_EPD5,ATC_M3_AL24477,A0,RAD,5.0,MONO,-3.25,0.008114579210436564
R8_R6_ATC_M3_AL24477_A0_RAD_MONO_EPD5,R6_ATC_M3_AL24477_A0_RAD_EPD5,ATC_M3_AL24477,A0,RAD,5.0,MONO,-3.375,0.007531991111116793
R8_R6_ATC_M3_AL24477_A0_RAD_MONO_EPD5,R6_ATC_M3_AL24477_A0_RAD_EPD5,ATC_M3_AL24477,A0,RAD,5.0,MONO,-3.5,0.007353972113642181
R8_R6_ATC_M3_AL24477_A0_RAD_MONO_EPD5,R6_ATC_M3_AL24477_A0_RAD_EPD5,ATC_M3_AL24477,A0,RAD,5.0,MONO,-3.625,0.007189792284335876
R8_R6_ATC_M3_AL24477_A0_RAD_MONO_EPD5,R6_ATC_M3_AL24477_A0_RAD_EPD5,ATC_M3_AL24477,A0,RAD,5.0,MONO,-3.75,0.006658492807748899
R8_R6_ATC_M3_AL24477_A0_RAD_MONO_EPD5,R6_ATC_M3_AL24477_A0_RAD_EPD5,ATC_M3_AL24477,A0,RAD,5.0,MONO,-3.875,0.005487246360187608
R8_R6_ATC_M3_AL24477_A0_RAD_MONO_EPD5,R6_ATC_M3_AL24477_A0_RAD_EPD5,ATC_M3_AL24477,A0,RAD,5.0,MONO,-4.0,0.005414722412114064
R8_R6_ATC_M3_AL24477_A0_RAD_MONO_EPD5,R6_ATC_M3_AL24477_A0_RAD_EPD5,ATC_M3_AL24477,A0,RAD,5.0,MONO,-4.125,0.004815210887228866
R8_R6_ATC_M3_AL24477_A0_RAD_MONO_EPD5,R6_ATC_M3_AL24477_A0_RAD_EPD5,ATC_M3_AL24477,A0,RAD,5.0,MONO,-4.25,0.004664754388718436
R8_R6_ATC_M3_AL24477_A0_RAD_MONO_EPD5,R6_ATC_M3_AL24477_A0_RAD_EPD5,ATC_M3_AL24477,A0,RAD,5.0,MONO,-4.375,0.0037328777128177643
R8_R6_ATC_M3_AL24477_A0_RAD_MONO_EPD5,R6_ATC_M3_AL24477_A0_RAD_EPD5,ATC_M3_AL24477,A0,RAD,5.0,MONO,-4.5,0.0027513140537724265
R8_R6_ATC_M3_AL24477_A0_RAD_MONO_EPD5,R6_ATC_M3_AL24477_A0_RAD_EPD5,ATC_M3_AL24477,A0,RAD,5.0,MONO,-4.625,0.0027792420345145487
R8_R6_ATC_M3_AL24477_A0_RAD_MONO_EPD5,R6_ATC_M3_AL24477_A0_RAD_EPD5,ATC_M3_AL24477,A0,RAD,5.0,MONO,-4.75,0.0005470449016640889
R8_R6_ATC_M3_AL24477_A0_RAD_MONO_EPD5,R6_ATC_M3_AL24477_A0_RAD_EPD5,ATC_M3_AL24477,A0,RAD,5.0,MONO,-4.875,0.0014691834504536863
R8_R6_ATC_M3_AL24477_A0_RAD_MONO_EPD5,R6_ATC_M3_AL24477_A0_RAD_EPD5,ATC_M3_AL24477,A0,RAD,5.0,MONO,-5.0,0.00033703811844469406
R8_R6_ATC_M3_AL24477_A0_RAD_EDOF_EPD5,R6_ATC_M3_AL24477_A0_RAD_EPD5,ATC_M3_AL24477,A0,RAD,5.0,EDOF,1.0,0.05561502720369252
R8_R6_ATC_M3_AL24477_A0_RAD_EDOF_EPD5,R6_ATC_M3_AL24477_A0_RAD_EPD5,ATC_M3_AL24477,A0,RAD,5.0,EDOF,0.875,0.082374774609967
R8_R6_ATC_M3_AL24477_A0_RAD_EDOF_EPD5,R6_ATC_M3_AL24477_A0_RAD_EPD5,ATC_M3_AL24477,A0,RAD,5.0,EDOF,0.75,0.07268826509666533
R8_R6_ATC_M3_AL24477_A0_RAD_EDOF_EPD5,R6_ATC_M3_AL24477_A0_RAD_EPD5,ATC_M3_AL24477,A0,RAD,5.0,EDOF,0.625,0.020479654268708
R8_R6_ATC_M3_AL24477_A0_RAD_EDOF_EPD5,R6_ATC_M3_AL24477_A0_RAD_EPD5,ATC_M3_AL24477,A0,RAD,5.0,EDOF,0.5,0.02188974034675578
R8_R6_ATC_M3_AL24477_A0_RAD_EDOF_EPD5,R6_ATC_M3_AL24477_A0_RAD_EPD5,ATC_M3_AL24477,A0,RAD,5.0,EDOF,0.375,0.1135228063310535
R8_R6_ATC_M3_AL24477_A0_RAD_EDOF_EPD5,R6_ATC_M3_AL24477_A0_RAD_EPD5,ATC_M3_AL24477,A0,RAD,5.0,EDOF,0.25,0.15110128575963636
R8_R6_ATC_M3_AL24477_A0_RAD_EDOF_EPD5,R6_ATC_M3_AL24477_A0_RAD_EPD5,ATC_M3_AL24477,A0,RAD,5.0,EDOF,0.125,0.04446400587306
R8_R6_ATC_M3_AL24477_A0_RAD_EDOF_EPD5,R6_ATC_M3_AL24477_A0_RAD_EPD5,ATC_M3_AL24477,A0,RAD,5.0,EDOF,0.0,0.015883924337713268
R8_R6_ATC_M3_AL24477_A0_RAD_EDOF_EPD5,R6_ATC_M3_AL24477_A0_RAD_EPD5,ATC_M3_AL24477,A0,RAD,5.0,EDOF,-0.125,0.01285255671103127
R8_R6_ATC_M3_AL24477_A0_RAD_EDOF_EPD5,R6_ATC_M3_AL24477_A0_RAD_EPD5,ATC_M3_AL24477,A0,RAD,5.0,EDOF,-0.25,0.09631618598597504
R8_R6_ATC_M3_AL24477_A0_RAD_EDOF_EPD5,R6_ATC_M3_AL24477_A0_RAD_EPD5,ATC_M3_AL24477,A0,RAD,5.0,EDOF,-0.375,0.09409211653585
R8_R6_ATC_M3_AL24477_A0_RAD_EDOF_EPD5,R6_ATC_M3_AL24477_A0_RAD_EPD5,ATC_M3_AL24477,A0,RAD,5.0,EDOF,-0.5,0.033035675896926506
R8_R6_ATC_M3_AL24477_A0_RAD_EDOF_EPD5,R6_ATC_M3_AL24477_A0_RAD_EPD5,ATC_M3_AL24477,A0,RAD,5.0,EDOF,-0.625,0.05770906755225146
R8_R6_ATC_M3_AL24477_A0_RAD_EDOF_EPD5,R6_ATC_M3_AL24477_A0_RAD_EPD5,ATC_M3_AL24477,A0,RAD,5.0,EDOF,-0.75,0.05413397813696652
R8_R6_ATC_M3_AL24477_A0_RAD_EDOF_EPD5,R6_ATC_M3_AL24477_A0_RAD_EPD5,ATC_M3_AL24477,A0,RAD,5.0,EDOF,-0.875,0.010651896874859297
R8_R6_ATC_M3_AL24477_A0_RAD_EDOF_EPD5,R6_ATC_M3_AL24477_A0_RAD_EPD5,ATC_M3_AL24477,A0,RAD,5.0,EDOF,-1.0,0.04044030001990989
R8_R6_ATC_M3_AL24477_A0_RAD_EDOF_EPD5,R6_ATC_M3_AL24477_A0_RAD_EPD5,ATC_M3_AL24477,A0,RAD,5.0,EDOF,-1.125,0.03127005422603091
R8_R6_ATC_M3_AL24477_A0_RAD_EDOF_EPD5,R6_ATC_M3_AL24477_A0_RAD_EPD5,ATC_M3_AL24477,A0,RAD,5.0,EDOF,-1.25,0.002198105925190417
R8_R6_ATC_M3_AL24477_A0_RAD_EDOF_EPD5,R6_ATC_M3_AL24477_A0_RAD_EPD5,ATC_M3_AL24477,A0,RAD,5.0,EDOF,-1.375,0.002918118626950322
R8_R6_ATC_M3_AL24477_A0_RAD_EDOF_EPD5,R6_ATC_M3_AL24477_A0_RAD_EPD5,ATC_M3_AL24477,A0,RAD,5.0,EDOF,-1.5,0.0005555886770339447
R8_R6_ATC_M3_AL24477_A0_RAD_EDOF_EPD5,R6_ATC_M3_AL24477_A0_RAD_EPD5,ATC_M3_AL24477,A0,RAD,5.0,EDOF,-1.625,0.008357335932712104
R8_R6_ATC_M3_AL24477_A0_RAD_EDOF_EPD5,R6_ATC_M3_AL24477_A0_RAD_EPD5,ATC_M3_AL24477,A0,RAD,5.0,EDOF,-1.75,0.001878949054299505
R8_R6_ATC_M3_AL24477_A0_RAD_EDOF_EPD5,R6_ATC_M3_AL24477_A0_RAD_EPD5,ATC_M3_AL24477,A0,RAD,5.0,EDOF,-1.875,0.008649436552051241
R8_R6_ATC_M3_AL24477_A0_RAD_EDOF_EPD5,R6_ATC_M3_AL24477_A0_RAD_EPD5,ATC_M3_AL24477,A0,RAD,5.0,EDOF,-2.0,0.01367074049087859
R8_R6_ATC_M3_AL24477_A0_RAD_EDOF_EPD5,R6_ATC_M3_AL24477_A0_RAD_EPD5,ATC_M3_AL24477,A0,RAD,5.0,EDOF,-2.125,0.015018238709339923
R8_R6_ATC_M3_AL24477_A0_RAD_EDOF_EPD5,R6_ATC_M3_AL24477_A0_RAD_EPD5,ATC_M3_AL24477,A0,RAD,5.0,EDOF,-2.25,0.007450645040331102
R8_R6_ATC_M3_AL24477_A0_RAD_EDOF_EPD5,R6_ATC_M3_AL24477_A0_RAD_EPD5,ATC_M3_AL24477,A0,RAD,5.0,EDOF,-2.375,0.010216889808876306
R8_R6_ATC_M3_AL24477_A0_RAD_EDOF_EPD5,R6_ATC_M3_AL24477_A0_RAD_EPD5,ATC_M3_AL24477,A0,RAD,5.0,EDOF,-2.5,0.006639340958008376
R8_R6_ATC_M3_AL24477_A0_RAD_EDOF_EPD5,R6_ATC_M3_AL24477_A0_RAD_EPD5,ATC_M3_AL24477,A0,RAD,5.0,EDOF,-2.625,0.0046811071754183095
R8_R6_ATC_M3_AL24477_A0_RAD_EDOF_EPD5,R6_ATC_M3_AL24477_A0_RAD_EPD5,ATC_M3_AL24477,A0,RAD,5.0,EDOF,-2.75,0.0007442822181875925
R8_R6_ATC_M3_AL24477_A0_RAD_EDOF_EPD5,R6_ATC_M3_AL24477_A0_RAD_EPD5,ATC_M3_AL24477,A0,RAD,5.0,EDOF,-2.875,0.010811214059226595
R8_R6_ATC_M3_AL24477_A0_RAD_EDOF_EPD5,R6_ATC_M3_AL24477_A0_RAD_EPD5,ATC_M3_AL24477,A0,RAD,5.0,EDOF,-3.0,0.004218877997653692
R8_R6_ATC_M3_AL24477_A0_RAD_EDOF_EPD5,R6_ATC_M3_AL24477_A0_RAD_EPD5,ATC_M3_AL24477,A0,RAD,5.0,EDOF,-3.125,0.02055263484233285
R8_R6_ATC_M3_AL24477_A0_RAD_EDOF_EPD5,R6_ATC_M3_AL24477_A0_RAD_EPD5,ATC_M3_AL24477,A0,RAD,5.0,EDOF,-3.25,0.010188608401589905
R8_R6_ATC_M3_AL24477_A0_RAD_EDOF_EPD5,R6_ATC_M3_AL24477_A0_RAD_EPD5,ATC_M3_AL24477,A0,RAD,5.0,EDOF,-3.375,0.018268661186110556
R8_R6_ATC_M3_AL24477_A0_RAD_EDOF_EPD5,R6_ATC_M3_AL24477_A0_RAD_EPD5,ATC_M3_AL24477,A0,RAD,5.0,EDOF,-3.5,0.014101883536872592
R8_R6_ATC_M3_AL24477_A0_RAD_EDOF_EPD5,R6_ATC_M3_AL24477_A0_RAD_EPD5,ATC_M3_AL24477,A0,RAD,5.0,EDOF,-3.625,0.01962443949572329
R8_R6_ATC_M3_AL24477_A0_RAD_EDOF_EPD5,R6_ATC_M3_AL24477_A0_RAD_EPD5,ATC_M3_AL24477,A0,RAD,5.0,EDOF,-3.75,0.0027221421054804138
R8_R6_ATC_M3_AL24477_A0_RAD_EDOF_EPD5,R6_ATC_M3_AL24477_A0_RAD_EPD5,ATC_M3_AL24477,A0,RAD,5.0,EDOF,-3.875,0.01809167335455359
R8_R6_ATC_M3_AL24477_A0_RAD_EDOF_EPD5,R6_ATC_M3_AL24477_A0_RAD_EPD5,ATC_M3_AL24477,A0,RAD,5.0,EDOF,-4.0,0.002670843647683845
R8_R6_ATC_M3_AL24477_A0_RAD_EDOF_EPD5,R6_ATC_M3_AL24477_A0_RAD_EPD5,ATC_M3_AL24477,A0,RAD,5.0,EDOF,-4.125,0.0038132699286117762
R8_R6_ATC_M3_AL24477_A0_RAD_EDOF_EPD5,R6_ATC_M3_AL24477_A0_RAD_EPD5,ATC_M3_AL24477,A0,RAD,5.0,EDOF,-4.25,0.006904813046140079
R8_R6_ATC_M3_AL24477_A0_RAD_EDOF_EPD5,R6_ATC_M3_AL24477_A0_RAD_EPD5,ATC_M3_AL24477,A0,RAD,5.0,EDOF,-4.375,0.004754278036980526
R8_R6_ATC_M3_AL24477_A0_RAD_EDOF_EPD5,R6_ATC_M3_AL24477_A0_RAD_EPD5,ATC_M3_AL24477,A0,RAD,5.0,EDOF,-4.5,0.006328611821552979
R8_R6_ATC_M3_AL24477_A0_RAD_EDOF_EPD5,R6_ATC_M3_AL24477_A0_RAD_EPD5,ATC_M3_AL24477,A0,RAD,5.0,EDOF,-4.625,0.013453913625546036
R8_R6_ATC_M3_AL24477_A0_RAD_EDOF_EPD5,R6_ATC_M3_AL24477_A0_RAD_EPD5,ATC_M3_AL24477,A0,RAD,5.0,EDOF,-4.75,0.007658479325098111
R8_R6_ATC_M3_AL24477_A0_RAD_EDOF_EPD5,R6_ATC_M3_AL24477_A0_RAD_EPD5,ATC_M3_AL24477,A0,RAD,5.0,EDOF,-4.875,0.0007600824966584475
R8_R6_ATC_M3_AL24477_A0_RAD_EDOF_EPD5,R6_ATC_M3_AL24477_A0_RAD_EPD5,ATC_M3_AL24477,A0,RAD,5.0,EDOF,-5.0,0.004729850709345193
R8_R6_ATC_M3_AL24477_A0_HOA_MONO_EPD3,R6_ATC_M3_AL24477_A0_HOA_EPD3,ATC_M3_AL24477,A0,HOA,3.0,MONO,1.0,0.008081352531861595
R8_R6_ATC_M3_AL24477_A0_HOA_MONO_EPD3,R6_ATC_M3_AL24477_A0_HOA_EPD3,ATC_M3_AL24477,A0,HOA,3.0,MONO,0.875,0.009558165941754687
R8_R6_ATC_M3_AL24477_A0_HOA_MONO_EPD3,R6_ATC_M3_AL24477_A0_HOA_EPD3,ATC_M3_AL24477,A0,HOA,3.0,MONO,0.75,0.0022970423350186977
R8_R6_ATC_M3_AL24477_A0_HOA_MONO_EPD3,R6_ATC_M3_AL24477_A0_HOA_EPD3,ATC_M3_AL24477,A0,HOA,3.0,MONO,0.625,0.04651057421122508
R8_R6_ATC_M3_AL24477_A0_HOA_MONO_EPD3,R6_ATC_M3_AL24477_A0_HOA_EPD3,ATC_M3_AL24477,A0,HOA,3.0,MONO,0.5,0.07476794806904016
R8_R6_ATC_M3_AL24477_A0_HOA_MONO_EPD3,R6_ATC_M3_AL24477_A0_HOA_EPD3,ATC_M3_AL24477,A0,HOA,3.0,MONO,0.375,0.10427086870807611
R8_R6_ATC_M3_AL24477_A0_HOA_MONO_EPD3,R6_ATC_M3_AL24477_A0_HOA_EPD3,ATC_M3_AL24477,A0,HOA,3.0,MONO,0.25,0.22797926525496381
R8_R6_ATC_M3_AL24477_A0_HOA_MONO_EPD3,R6_ATC_M3_AL24477_A0_HOA_EPD3,ATC_M3_AL24477,A0,HOA,3.0,MONO,0.125,0.42584267235725837
R8_R6_ATC_M3_AL24477_A0_HOA_MONO_EPD3,R6_ATC_M3_AL24477_A0_HOA_EPD3,ATC_M3_AL24477,A0,HOA,3.0,MONO,0.0,0.4922019860238725
R8_R6_ATC_M3_AL24477_A0_HOA_MONO_EPD3,R6_ATC_M3_AL24477_A0_HOA_EPD3,ATC_M3_AL24477,A0,HOA,3.0,MONO,-0.125,0.2936337707204896
R8_R6_ATC_M3_AL24477_A0_HOA_MONO_EPD3,R6_ATC_M3_AL24477_A0_HOA_EPD3,ATC_M3_AL24477,A0,HOA,3.0,MONO,-0.25,0.0033496881760206178
R8_R6_ATC_M3_AL24477_A0_HOA_MONO_EPD3,R6_ATC_M3_AL24477_A0_HOA_EPD3,ATC_M3_AL24477,A0,HOA,3.0,MONO,-0.375,0.0969858476472792
R8_R6_ATC_M3_AL24477_A0_HOA_MONO_EPD3,R6_ATC_M3_AL24477_A0_HOA_EPD3,ATC_M3_AL24477,A0,HOA,3.0,MONO,-0.5,0.010021694993516133
R8_R6_ATC_M3_AL24477_A0_HOA_MONO_EPD3,R6_ATC_M3_AL24477_A0_HOA_EPD3,ATC_M3_AL24477,A0,HOA,3.0,MONO,-0.625,0.09386691451894229
R8_R6_ATC_M3_AL24477_A0_HOA_MONO_EPD3,R6_ATC_M3_AL24477_A0_HOA_EPD3,ATC_M3_AL24477,A0,HOA,3.0,MONO,-0.75,0.035451669074332615
R8_R6_ATC_M3_AL24477_A0_HOA_MONO_EPD3,R6_ATC_M3_AL24477_A0_HOA_EPD3,ATC_M3_AL24477,A0,HOA,3.0,MONO,-0.875,0.04179266825093161
R8_R6_ATC_M3_AL24477_A0_HOA_MONO_EPD3,R6_ATC_M3_AL24477_A0_HOA_EPD3,ATC_M3_AL24477,A0,HOA,3.0,MONO,-1.0,0.021800244190635604
R8_R6_ATC_M3_AL24477_A0_HOA_MONO_EPD3,R6_ATC_M3_AL24477_A0_HOA_EPD3,ATC_M3_AL24477,A0,HOA,3.0,MONO,-1.125,0.030263501165419843
R8_R6_ATC_M3_AL24477_A0_HOA_MONO_EPD3,R6_ATC_M3_AL24477_A0_HOA_EPD3,ATC_M3_AL24477,A0,HOA,3.0,MONO,-1.25,0.02005956973227834
R8_R6_ATC_M3_AL24477_A0_HOA_MONO_EPD3,R6_ATC_M3_AL24477_A0_HOA_EPD3,ATC_M3_AL24477,A0,HOA,3.0,MONO,-1.375,0.017481308753505426
R8_R6_ATC_M3_AL24477_A0_HOA_MONO_EPD3,R6_ATC_M3_AL24477_A0_HOA_EPD3,ATC_M3_AL24477,A0,HOA,3.0,MONO,-1.5,0.011675215583586886
R8_R6_ATC_M3_AL24477_A0_HOA_MONO_EPD3,R6_ATC_M3_AL24477_A0_HOA_EPD3,ATC_M3_AL24477,A0,HOA,3.0,MONO,-1.625,0.01508279075708523
R8_R6_ATC_M3_AL24477_A0_HOA_MONO_EPD3,R6_ATC_M3_AL24477_A0_HOA_EPD3,ATC_M3_AL24477,A0,HOA,3.0,MONO,-1.75,0.009924147138981685
R8_R6_ATC_M3_AL24477_A0_HOA_MONO_EPD3,R6_ATC_M3_AL24477_A0_HOA_EPD3,ATC_M3_AL24477,A0,HOA,3.0,MONO,-1.875,0.00995900585182893
R8_R6_ATC_M3_AL24477_A0_HOA_MONO_EPD3,R6_ATC_M3_AL24477_A0_HOA_EPD3,ATC_M3_AL24477,A0,HOA,3.0,MONO,-2.0,0.004924162675995701
R8_R6_ATC_M3_AL24477_A0_HOA_MONO_EPD3,R6_ATC_M3_AL24477_A0_HOA_EPD3,ATC_M3_AL24477,A0,HOA,3.0,MONO,-2.125,0.009433989109677896
R8_R6_ATC_M3_AL24477_A0_HOA_MONO_EPD3,R6_ATC_M3_AL24477_A0_HOA_EPD3,ATC_M3_AL24477,A0,HOA,3.0,MONO,-2.25,0.0030223747804844435
R8_R6_ATC_M3_AL24477_A0_HOA_MONO_EPD3,R6_ATC_M3_AL24477_A0_HOA_EPD3,ATC_M3_AL24477,A0,HOA,3.0,MONO,-2.375,0.00856647817216411
R8_R6_ATC_M3_AL24477_A0_HOA_MONO_EPD3,R6_ATC_M3_AL24477_A0_HOA_EPD3,ATC_M3_AL24477,A0,HOA,3.0,MONO,-2.5,0.0017684869470326078
R8_R6_ATC_M3_AL24477_A0_HOA_MONO_EPD3,R6_ATC_M3_AL24477_A0_HOA_EPD3,ATC_M3_AL24477,A0,HOA,3.0,MONO,-2.625,0.007835344614971415
R8_R6_ATC_M3_AL24477_A0_HOA_MONO_EPD3,R6_ATC_M3_AL24477_A0_HOA_EPD3,ATC_M3_AL24477,A0,HOA,3.0,MONO,-2.75,0.0013785993668402404
R8_R6_ATC_M3_AL24477_A0_HOA_MONO_EPD3,R6_ATC_M3_AL24477_A0_HOA_EPD3,ATC_M3_AL24477,A0,HOA,3.0,MONO,-2.875,0.006263337464444527
R8_R6_ATC_M3_AL24477_A0_HOA_MONO_EPD3,R6_ATC_M3_AL24477_A0_HOA_EPD3,ATC_M3_AL24477,A0,HOA,3.0,MONO,-3.0,0.000366332957892342
R8_R6_ATC_M3_AL24477_A0_HOA_MONO_EPD3,R6_ATC_M3_AL24477_A0_HOA_EPD3,ATC_M3_AL24477,A0,HOA,3.0,MONO,-3.125,0.005196437723953786
R8_R6_ATC_M3_AL24477_A0_HOA_MONO_EPD3,R6_ATC_M3_AL24477_A0_HOA_EPD3,ATC_M3_AL24477,A0,HOA,3.0,MONO,-3.25,0.0002996908615962114
R8_R6_ATC_M3_AL24477_A0_HOA_MONO_EPD3,R6_ATC_M3_AL24477_A0_HOA_EPD3,ATC_M3_AL24477,A0,HOA,3.0,MONO,-3.375,0.0038062744508320727
R8_R6_ATC_M3_AL24477_A0_HOA_MONO_EPD3,R6_ATC_M3_AL24477_A0_HOA_EPD3,ATC_M3_AL24477,A0,HOA,3.0,MONO,-3.5,0.0017209800940090388
R8_R6_ATC_M3_AL24477_A0_HOA_MONO_EPD3,R6_ATC_M3_AL24477_A0_HOA_EPD3,ATC_M3_AL24477,A0,HOA,3.0,MONO,-3.625,0.003710455632429997
R8_R6_ATC_M3_AL24477_A0_HOA_MONO_EPD3,R6_ATC_M3_AL24477_A0_HOA_EPD3,ATC_M3_AL24477,A0,HOA,3.0,MONO,-3.75,0.0020019599918903006
R8_R6_ATC_M3_AL24477_A0_HOA_MONO_EPD3,R6_ATC_M3_AL24477_A0_HOA_EPD3,ATC_M3_AL24477,A0,HOA,3.0,MONO,-3.875,0.0034549620850890476
R8_R6_ATC_M3_AL24477_A0_HOA_MONO_EPD3,R6_ATC_M3_AL24477_A0_HOA_EPD3,ATC_M3_AL24477,A0,HOA,3.0,MONO,-4.0,0.0014458272572368766
R8_R6_ATC_M3_AL24477_A0_HOA_MONO_EPD3,R6_ATC_M3_AL24477_A0_HOA_EPD3,ATC_M3_AL24477,A0,HOA,3.0,MONO,-4.125,0.00211489063156131
R8_R6_ATC_M3_AL24477_A0_HOA_MONO_EPD3,R6_ATC_M3_AL24477_A0_HOA_EPD3,ATC_M3_AL24477,A0,HOA,3.0,MONO,-4.25,0.0014520124434627773
R8_R6_ATC_M3_AL24477_A0_HOA_MONO_EPD3,R6_ATC_M3_AL24477_A0_HOA_EPD3,ATC_M3_AL24477,A0,HOA,3.0,MONO,-4.375,0.0004020408353347319
R8_R6_ATC_M3_AL24477_A0_HOA_MONO_EPD3,R6_ATC_M3_AL24477_A0_HOA_EPD3,ATC_M3_AL24477,A0,HOA,3.0,MONO,-4.5,0.002810097133352364
R8_R6_ATC_M3_AL24477_A0_HOA_MONO_EPD3,R6_ATC_M3_AL24477_A0_HOA_EPD3,ATC_M3_AL24477,A0,HOA,3.0,MONO,-4.625,0.0005301302344901744
R8_R6_ATC_M3_AL24477_A0_HOA_MONO_EPD3,R6_ATC_M3_AL24477_A0_HOA_EPD3,ATC_M3_AL24477,A0,HOA,3.0,MONO,-4.75,0.002763959387067473
R8_R6_ATC_M3_AL24477_A0_HOA_MONO_EPD3,R6_ATC_M3_AL24477_A0_HOA_EPD3,ATC_M3_AL24477,A0,HOA,3.0,MONO,-4.875,0.00025702508180937316
R8_R6_ATC_M3_AL24477_A0_HOA_MONO_EPD3,R6_ATC_M3_AL24477_A0_HOA_EPD3,ATC_M3_AL24477,A0,HOA,3.0,MONO,-5.0,0.0024484375339571944
R8_R6_ATC_M3_AL24477_A0_HOA_EDOF_EPD3,R6_ATC_M3_AL24477_A0_HOA_EPD3,ATC_M3_AL24477,A0,HOA,3.0,EDOF,1.0,0.03024191437098466
R8_R6_ATC_M3_AL24477_A0_HOA_EDOF_EPD3,R6_ATC_M3_AL24477_A0_HOA_EPD3,ATC_M3_AL24477,A0,HOA,3.0,EDOF,0.875,0.039852869515997744
R8_R6_ATC_M3_AL24477_A0_HOA_EDOF_EPD3,R6_ATC_M3_AL24477_A0_HOA_EPD3,ATC_M3_AL24477,A0,HOA,3.0,EDOF,0.75,0.006469718048510513
R8_R6_ATC_M3_AL24477_A0_HOA_EDOF_EPD3,R6_ATC_M3_AL24477_A0_HOA_EPD3,ATC_M3_AL24477,A0,HOA,3.0,EDOF,0.625,0.002578256328504026
R8_R6_ATC_M3_AL24477_A0_HOA_EDOF_EPD3,R6_ATC_M3_AL24477_A0_HOA_EPD3,ATC_M3_AL24477,A0,HOA,3.0,EDOF,0.5,0.03279203316448773
R8_R6_ATC_M3_AL24477_A0_HOA_EDOF_EPD3,R6_ATC_M3_AL24477_A0_HOA_EPD3,ATC_M3_AL24477,A0,HOA,3.0,EDOF,0.375,0.03986199642377709
R8_R6_ATC_M3_AL24477_A0_HOA_EDOF_EPD3,R6_ATC_M3_AL24477_A0_HOA_EPD3,ATC_M3_AL24477,A0,HOA,3.0,EDOF,0.25,0.009548102841962808
R8_R6_ATC_M3_AL24477_A0_HOA_EDOF_EPD3,R6_ATC_M3_AL24477_A0_HOA_EPD3,ATC_M3_AL24477,A0,HOA,3.0,EDOF,0.125,0.020815799033152678
R8_R6_ATC_M3_AL24477_A0_HOA_EDOF_EPD3,R6_ATC_M3_AL24477_A0_HOA_EPD3,ATC_M3_AL24477,A0,HOA,3.0,EDOF,0.0,0.07410558731765954
R8_R6_ATC_M3_AL24477_A0_HOA_EDOF_EPD3,R6_ATC_M3_AL24477_A0_HOA_EPD3,ATC_M3_AL24477,A0,HOA,3.0,EDOF,-0.125,0.18154776733640207
R8_R6_ATC_M3_AL24477_A0_HOA_EDOF_EPD3,R6_ATC_M3_AL24477_A0_HOA_EPD3,ATC_M3_AL24477,A0,HOA,3.0,EDOF,-0.25,0.17335383329814483
R8_R6_ATC_M3_AL24477_A0_HOA_EDOF_EPD3,R6_ATC_M3_AL24477_A0_HOA_EPD3,ATC_M3_AL24477,A0,HOA,3.0,EDOF,-0.375,0.0776342710923845
R8_R6_ATC_M3_AL24477_A0_HOA_EDOF_EPD3,R6_ATC_M3_AL24477_A0_HOA_EPD3,ATC_M3_AL24477,A0,HOA,3.0,EDOF,-0.5,0.0191007673445402
R8_R6_ATC_M3_AL24477_A0_HOA_EDOF_EPD3,R6_ATC_M3_AL24477_A0_HOA_EPD3,ATC_M3_AL24477,A0,HOA,3.0,EDOF,-0.625,0.02552178503818285
R8_R6_ATC_M3_AL24477_A0_HOA_EDOF_EPD3,R6_ATC_M3_AL24477_A0_HOA_EPD3,ATC_M3_AL24477,A0,HOA,3.0,EDOF,-0.75,0.024045341114981047
R8_R6_ATC_M3_AL24477_A0_HOA_EDOF_EPD3,R6_ATC_M3_AL24477_A0_HOA_EPD3,ATC_M3_AL24477,A0,HOA,3.0,EDOF,-0.875,0.004220121627644992
R8_R6_ATC_M3_AL24477_A0_HOA_EDOF_EPD3,R6_ATC_M3_AL24477_A0_HOA_EPD3,ATC_M3_AL24477,A0,HOA,3.0,EDOF,-1.0,0.002509296927948802
R8_R6_ATC_M3_AL24477_A0_HOA_EDOF_EPD3,R6_ATC_M3_AL24477_A0_HOA_EPD3,ATC_M3_AL24477,A0,HOA,3.0,EDOF,-1.125,0.03770713981872293
R8_R6_ATC_M3_AL24477_A0_HOA_EDOF_EPD3,R6_ATC_M3_AL24477_A0_HOA_EPD3,ATC_M3_AL24477,A0,HOA,3.0,EDOF,-1.25,0.054636798576865264
R8_R6_ATC_M3_AL24477_A0_HOA_EDOF_EPD3,R6_ATC_M3_AL24477_A0_HOA_EPD3,ATC_M3_AL24477,A0,HOA,3.0,EDOF,-1.375,0.027046965835161915
R8_R6_ATC_M3_AL24477_A0_HOA_EDOF_EPD3,R6_ATC_M3_AL24477_A0_HOA_EPD3,ATC_M3_AL24477,A0,HOA,3.0,EDOF,-1.5,0.003419801764578465
R8_R6_ATC_M3_AL24477_A0_HOA_EDOF_EPD3,R6_ATC_M3_AL24477_A0_HOA_EPD3,ATC_M3_AL24477,A0,HOA,3.0,EDOF,-1.625,0.009786836100064625
R8_R6_ATC_M3_AL24477_A0_HOA_EDOF_EPD3,R6_ATC_M3_AL24477_A0_HOA_EPD3,ATC_M3_AL24477,A0,HOA,3.0,EDOF,-1.75,0.016171534980052388
R8_R6_ATC_M3_AL24477_A0_HOA_EDOF_EPD3,R6_ATC_M3_AL24477_A0_HOA_EPD3,ATC_M3_AL24477,A0,HOA,3.0,EDOF,-1.875,0.0066462006856592174
R8_R6_ATC_M3_AL24477_A0_HOA_EDOF_EPD3,R6_ATC_M3_AL24477_A0_HOA_EPD3,ATC_M3_AL24477,A0,HOA,3.0,EDOF,-2.0,0.004803084078104553
R8_R6_ATC_M3_AL24477_A0_HOA_EDOF_EPD3,R6_ATC_M3_AL24477_A0_HOA_EPD3,ATC_M3_AL24477,A0,HOA,3.0,EDOF,-2.125,0.018686291542914908
R8_R6_ATC_M3_AL24477_A0_HOA_EDOF_EPD3,R6_ATC_M3_AL24477_A0_HOA_EPD3,ATC_M3_AL24477,A0,HOA,3.0,EDOF,-2.25,0.0254060526862033
R8_R6_ATC_M3_AL24477_A0_HOA_EDOF_EPD3,R6_ATC_M3_AL24477_A0_HOA_EPD3,ATC_M3_AL24477,A0,HOA,3.0,EDOF,-2.375,0.01957402837922621
R8_R6_ATC_M3_AL24477_A0_HOA_EDOF_EPD3,R6_ATC_M3_AL24477_A0_HOA_EPD3,ATC_M3_AL24477,A0,HOA,3.0,EDOF,-2.5,0.019302268459688646
R8_R6_ATC_M3_AL24477_A0_HOA_EDOF_EPD3,R6_ATC_M3_AL24477_A0_HOA_EPD3,ATC_M3_AL24477,A0,HOA,3.0,EDOF,-2.625,0.02445464461787838
R8_R6_ATC_M3_AL24477_A0_HOA_EDOF_EPD3,R6_ATC_M3_AL24477_A0_HOA_EPD3,ATC_M3_AL24477,A0,HOA,3.0,EDOF,-2.75,0.01676187687380288
R8_R6_ATC_M3_AL24477_A0_HOA_EDOF_EPD3,R6_ATC_M3_AL24477_A0_HOA_EPD3,ATC_M3_AL24477,A0,HOA,3.0,EDOF,-2.875,0.0004049843752350905
R8_R6_ATC_M3_AL24477_A0_HOA_EDOF_EPD3,R6_ATC_M3_AL24477_A0_HOA_EPD3,ATC_M3_AL24477,A0,HOA,3.0,EDOF,-3.0,0.006342555251711972
R8_R6_ATC_M3_AL24477_A0_HOA_EDOF_EPD3,R6_ATC_M3_AL24477_A0_HOA_EPD3,ATC_M3_AL24477,A0,HOA,3.0,EDOF,-3.125,0.0006925215257931282
R8_R6_ATC_M3_AL24477_A0_HOA_EDOF_EPD3,R6_ATC_M3_AL24477_A0_HOA_EPD3,ATC_M3_AL24477,A0,HOA,3.0,EDOF,-3.25,0.0010469186400067316
R8_R6_ATC_M3_AL24477_A0_HOA_EDOF_EPD3,R6_ATC_M3_AL24477_A0_HOA_EPD3,ATC_M3_AL24477,A0,HOA,3.0,EDOF,-3.375,0.0004116537995301684
R8_R6_ATC_M3_AL24477_A0_HOA_EDOF_EPD3,R6_ATC_M3_AL24477_A0_HOA_EPD3,ATC_M3_AL24477,A0,HOA,3.0,EDOF,-3.5,0.0049179327200988875
R8_R6_ATC_M3_AL24477_A0_HOA_EDOF_EPD3,R6_ATC_M3_AL24477_A0_HOA_EPD3,ATC_M3_AL24477,A0,HOA,3.0,EDOF,-3.625,0.012235565202744731
R8_R6_ATC_M3_AL24477_A0_HOA_EDOF_EPD3,R6_ATC_M3_AL24477_A0_HOA_EPD3,ATC_M3_AL24477,A0,HOA,3.0,EDOF,-3.75,0.012408000038506627
R8_R6_ATC_M3_AL24477_A0_HOA_EDOF_EPD3,R6_ATC_M3_AL24477_A0_HOA_EPD3,ATC_M3_AL24477,A0,HOA,3.0,EDOF,-3.875,0.011700214185494776
R8_R6_ATC_M3_AL24477_A0_HOA_EDOF_EPD3,R6_ATC_M3_AL24477_A0_HOA_EPD3,ATC_M3_AL24477,A0,HOA,3.0,EDOF,-4.0,0.017359245503062254
R8_R6_ATC_M3_AL24477_A0_HOA_EDOF_EPD3,R6_ATC_M3_AL24477_A0_HOA_EPD3,ATC_M3_AL24477,A0,HOA,3.0,EDOF,-4.125,0.02124098196854194
R8_R6_ATC_M3_AL24477_A0_HOA_EDOF_EPD3,R6_ATC_M3_AL24477_A0_HOA_EPD3,ATC_M3_AL24477,A0,HOA,3.0,EDOF,-4.25,0.01673284083808505
R8_R6_ATC_M3_AL24477_A0_HOA_EDOF_EPD3,R6_ATC_M3_AL24477_A0_HOA_EPD3,ATC_M3_AL24477,A0,HOA,3.0,EDOF,-4.375,0.012759803987272979
R8_R6_ATC_M3_AL24477_A0_HOA_EDOF_EPD3,R6_ATC_M3_AL24477_A0_HOA_EPD3,ATC_M3_AL24477,A0,HOA,3.0,EDOF,-4.5,0.01567341747500194
R8_R6_ATC_M3_AL24477_A0_HOA_EDOF_EPD3,R6_ATC_M3_AL24477_A0_HOA_EPD3,ATC_M3_AL24477,A0,HOA,3.0,EDOF,-4.625,0.017938957579722033
R8_R6_ATC_M3_AL24477_A0_HOA_EDOF_EPD3,R6_ATC_M3_AL24477_A0_HOA_EPD3,ATC_M3_AL24477,A0,HOA,3.0,EDOF,-4.75,0.015812081585228233
R8_R6_ATC_M3_AL24477_A0_HOA_EDOF_EPD3,R6_ATC_M3_AL24477_A0_HOA_EPD3,ATC_M3_AL24477,A0,HOA,3.0,EDOF,-4.875,0.016236303606703185
R8_R6_ATC_M3_AL24477_A0_HOA_EDOF_EPD3,R6_ATC_M3_AL24477_A0_HOA_EPD3,ATC_M3_AL24477,A0,HOA,3.0,EDOF,-5.0,0.020150078594545772
R8_R6_ATC_M3_AL24477_A0_HOA_MONO_EPD5,R6_ATC_M3_AL24477_A0_HOA_EPD5,ATC_M3_AL24477,A0,HOA,5.0,MONO,1.0,0.0027919706229100555
R8_R6_ATC_M3_AL24477_A0_HOA_MONO_EPD5,R6_ATC_M3_AL24477_A0_HOA_EPD5,ATC_M3_AL24477,A0,HOA,5.0,MONO,0.875,0.0028518831544579945
R8_R6_ATC_M3_AL24477_A0_HOA_MONO_EPD5,R6_ATC_M3_AL24477_A0_HOA_EPD5,ATC_M3_AL24477,A0,HOA,5.0,MONO,0.75,0.0037978293284557547
R8_R6_ATC_M3_AL24477_A0_HOA_MONO_EPD5,R6_ATC_M3_AL24477_A0_HOA_EPD5,ATC_M3_AL24477,A0,HOA,5.0,MONO,0.625,0.011214604839092753
R8_R6_ATC_M3_AL24477_A0_HOA_MONO_EPD5,R6_ATC_M3_AL24477_A0_HOA_EPD5,ATC_M3_AL24477,A0,HOA,5.0,MONO,0.5,0.02174855211315825
R8_R6_ATC_M3_AL24477_A0_HOA_MONO_EPD5,R6_ATC_M3_AL24477_A0_HOA_EPD5,ATC_M3_AL24477,A0,HOA,5.0,MONO,0.375,0.05296009235923797
R8_R6_ATC_M3_AL24477_A0_HOA_MONO_EPD5,R6_ATC_M3_AL24477_A0_HOA_EPD5,ATC_M3_AL24477,A0,HOA,5.0,MONO,0.25,0.08933509003322954
R8_R6_ATC_M3_AL24477_A0_HOA_MONO_EPD5,R6_ATC_M3_AL24477_A0_HOA_EPD5,ATC_M3_AL24477,A0,HOA,5.0,MONO,0.125,0.13420183915339823
R8_R6_ATC_M3_AL24477_A0_HOA_MONO_EPD5,R6_ATC_M3_AL24477_A0_HOA_EPD5,ATC_M3_AL24477,A0,HOA,5.0,MONO,0.0,0.15220158723630545
R8_R6_ATC_M3_AL24477_A0_HOA_MONO_EPD5,R6_ATC_M3_AL24477_A0_HOA_EPD5,ATC_M3_AL24477,A0,HOA,5.0,MONO,-0.125,0.12227042492244558
R8_R6_ATC_M3_AL24477_A0_HOA_MONO_EPD5,R6_ATC_M3_AL24477_A0_HOA_EPD5,ATC_M3_AL24477,A0,HOA,5.0,MONO,-0.25,0.049480268335186824
R8_R6_ATC_M3_AL24477_A0_HOA_MONO_EPD5,R6_ATC_M3_AL24477_A0_HOA_EPD5,ATC_M3_AL24477,A0,HOA,5.0,MONO,-0.375,0.00109106496153013
R8_R6_ATC_M3_AL24477_A0_HOA_MONO_EPD5,R6_ATC_M3_AL24477_A0_HOA_EPD5,ATC_M3_AL24477,A0,HOA,5.0,MONO,-0.5,0.026104812738618116
R8_R6_ATC_M3_AL24477_A0_HOA_MONO_EPD5,R6_ATC_M3_AL24477_A0_HOA_EPD5,ATC_M3_AL24477,A0,HOA,5.0,MONO,-0.625,0.07838158721129437
R8_R6_ATC_M3_AL24477_A0_HOA_MONO_EPD5,R6_ATC_M3_AL24477_A0_HOA_EPD5,ATC_M3_AL24477,A0,HOA,5.0,MONO,-0.75,0.07956891200120206
R8_R6_ATC_M3_AL24477_A0_HOA_MONO_EPD5,R6_ATC_M3_AL24477_A0_HOA_EPD5,ATC_M3_AL24477,A0,HOA,5.0,MONO,-0.875,0.001948987987749984
R8_R6_ATC_M3_AL24477_A0_HOA_MONO_EPD5,R6_ATC_M3_AL24477_A0_HOA_EPD5,ATC_M3_AL24477,A0,HOA,5.0,MONO,-1.0,0.02017041343653205
R8_R6_ATC_M3_AL24477_A0_HOA_MONO_EPD5,R6_ATC_M3_AL24477_A0_HOA_EPD5,ATC_M3_AL24477,A0,HOA,5.0,MONO,-1.125,0.07024539036298555
R8_R6_ATC_M3_AL24477_A0_HOA_MONO_EPD5,R6_ATC_M3_AL24477_A0_HOA_EPD5,ATC_M3_AL24477,A0,HOA,5.0,MONO,-1.25,0.04104777666067852
R8_R6_ATC_M3_AL24477_A0_HOA_MONO_EPD5,R6_ATC_M3_AL24477_A0_HOA_EPD5,ATC_M3_AL24477,A0,HOA,5.0,MONO,-1.375,0.012051158111399455
R8_R6_ATC_M3_AL24477_A0_HOA_MONO_EPD5,R6_ATC_M3_AL24477_A0_HOA_EPD5,ATC_M3_AL24477,A0,HOA,5.0,MONO,-1.5,0.036709413606755524
R8_R6_ATC_M3_AL24477_A0_HOA_MONO_EPD5,R6_ATC_M3_AL24477_A0_HOA_EPD5,ATC_M3_AL24477,A0,HOA,5.0,MONO,-1.625,0.03945228921296835
R8_R6_ATC_M3_AL24477_A0_HOA_MONO_EPD5,R6_ATC_M3_AL24477_A0_HOA_EPD5,ATC_M3_AL24477,A0,HOA,5.0,MONO,-1.75,0.013010075629602652
R8_R6_ATC_M3_AL24477_A0_HOA_MONO_EPD5,R6_ATC_M3_AL24477_A0_HOA_EPD5,ATC_M3_AL24477,A0,HOA,5.0,MONO,-1.875,0.022400316051886485
R8_R6_ATC_M3_AL24477_A0_HOA_MONO_EPD5,R6_ATC_M3_AL24477_A0_HOA_EPD5,ATC_M3_AL24477,A0,HOA,5.0,MONO,-2.0,0.02623999969840622
R8_R6_ATC_M3_AL24477_A0_HOA_MONO_EPD5,R6_ATC_M3_AL24477_A0_HOA_EPD5,ATC_M3_AL24477,A0,HOA,5.0,MONO,-2.125,0.02117735936411102
R8_R6_ATC_M3_AL24477_A0_HOA_MONO_EPD5,R6_ATC_M3_AL24477_A0_HOA_EPD5,ATC_M3_AL24477,A0,HOA,5.0,MONO,-2.25,0.02735130365932601
R8_R6_ATC_M3_AL24477_A0_HOA_MONO_EPD5,R6_ATC_M3_AL24477_A0_HOA_EPD5,ATC_M3_AL24477,A0,HOA,5.0,MONO,-2.375,0.0012747989514231724
R8_R6_ATC_M3_AL24477_A0_HOA_MONO_EPD5,R6_ATC_M3_AL24477_A0_HOA_EPD5,ATC_M3_AL24477,A0,HOA,5.0,MONO,-2.5,0.010215545163137874
R8_R6_ATC_M3_AL24477_A0_HOA_MONO_EPD5,R6_ATC_M3_AL24477_A0_HOA_EPD5,ATC_M3_AL24477,A0,HOA,5.0,MONO,-2.625,0.02359594384386995
R8_R6_ATC_M3_AL24477_A0_HOA_MONO_EPD5,R6_ATC_M3_AL24477_A0_HOA_EPD5,ATC_M3_AL24477,A0,HOA,5.0,MONO,-2.75,0.020068596245874187
R8_R6_ATC_M3_AL24477_A0_HOA_MONO_EPD5,R6_ATC_M3_AL24477_A0_HOA_EPD5,ATC_M3_AL24477,A0,HOA,5.0,MONO,-2.875,0.01585866616756433
R8_R6_ATC_M3_AL24477_A0_HOA_MONO_EPD5,R6_ATC_M3_AL24477_A0_HOA_EPD5,ATC_M3_AL24477,A0,HOA,5.0,MONO,-3.0,0.004887707897679646
R8_R6_ATC_M3_AL24477_A0_HOA_MONO_EPD5,R6_ATC_M3_AL24477_A0_HOA_EPD5,ATC_M3_AL24477,A0,HOA,5.0,MONO,-3.125,0.0018357261098868286
R8_R6_ATC_M3_AL24477_A0_HOA_MONO_EPD5,R6_ATC_M3_AL24477_A0_HOA_EPD5,ATC_M3_AL24477,A0,HOA,5.0,MONO,-3.25,0.009090203687290136
R8_R6_ATC_M3_AL24477_A0_HOA_MONO_EPD5,R6_ATC_M3_AL24477_A0_HOA_EPD5,ATC_M3_AL24477,A0,HOA,5.0,MONO,-3.375,0.010999879568647746
R8_R6_ATC_M3_AL24477_A0_HOA_MONO_EPD5,R6_ATC_M3_AL24477_A0_HOA_EPD5,ATC_M3_AL24477,A0,HOA,5.0,MONO,-3.5,0.010951593448920138
R8_R6_ATC_M3_AL24477_A0_HOA_MONO_EPD5,R6_ATC_M3_AL24477_A0_HOA_EPD5,ATC_M3_AL24477,A0,HOA,5.0,MONO,-3.625,0.009909193239159148
R8_R6_ATC_M3_AL24477_A0_HOA_MONO_EPD5,R6_ATC_M3_AL24477_A0_HOA_EPD5,ATC_M3_AL24477,A0,HOA,5.0,MONO,-3.75,0.009774085175451766
R8_R6_ATC_M3_AL24477_A0_HOA_MONO_EPD5,R6_ATC_M3_AL24477_A0_HOA_EPD5,ATC_M3_AL24477,A0,HOA,5.0,MONO,-3.875,0.009900582891588709
R8_R6_ATC_M3_AL24477_A0_HOA_MONO_EPD5,R6_ATC_M3_AL24477_A0_HOA_EPD5,ATC_M3_AL24477,A0,HOA,5.0,MONO,-4.0,0.011180047735884482
R8_R6_ATC_M3_AL24477_A0_HOA_MONO_EPD5,R6_ATC_M3_AL24477_A0_HOA_EPD5,ATC_M3_AL24477,A0,HOA,5.0,MONO,-4.125,0.010905591750845592
R8_R6_ATC_M3_AL24477_A0_HOA_MONO_EPD5,R6_ATC_M3_AL24477_A0_HOA_EPD5,ATC_M3_AL24477,A0,HOA,5.0,MONO,-4.25,0.011261054063920733
R8_R6_ATC_M3_AL24477_A0_HOA_MONO_EPD5,R6_ATC_M3_AL24477_A0_HOA_EPD5,ATC_M3_AL24477,A0,HOA,5.0,MONO,-4.375,0.010930272200919511
R8_R6_ATC_M3_AL24477_A0_HOA_MONO_EPD5,R6_ATC_M3_AL24477_A0_HOA_EPD5,ATC_M3_AL24477,A0,HOA,5.0,MONO,-4.5,0.010400395874834142
R8_R6_ATC_M3_AL24477_A0_HOA_MONO_EPD5,R6_ATC_M3_AL24477_A0_HOA_EPD5,ATC_M3_AL24477,A0,HOA,5.0,MONO,-4.625,0.008072034211933397
R8_R6_ATC_M3_AL24477_A0_HOA_MONO_EPD5,R6_ATC_M3_AL24477_A0_HOA_EPD5,ATC_M3_AL24477,A0,HOA,5.0,MONO,-4.75,0.0058381883224115985
R8_R6_ATC_M3_AL24477_A0_HOA_MONO_EPD5,R6_ATC_M3_AL24477_A0_HOA_EPD5,ATC_M3_AL24477,A0,HOA,5.0,MONO,-4.875,0.004107126506774991
R8_R6_ATC_M3_AL24477_A0_HOA_MONO_EPD5,R6_ATC_M3_AL24477_A0_HOA_EPD5,ATC_M3_AL24477,A0,HOA,5.0,MONO,-5.0,0.0023922793017156626
R8_R6_ATC_M3_AL24477_A0_HOA_EDOF_EPD5,R6_ATC_M3_AL24477_A0_HOA_EPD5,ATC_M3_AL24477,A0,HOA,5.0,EDOF,1.0,0.0067468178630750155
R8_R6_ATC_M3_AL24477_A0_HOA_EDOF_EPD5,R6_ATC_M3_AL24477_A0_HOA_EPD5,ATC_M3_AL24477,A0,HOA,5.0,EDOF,0.875,0.00817738790336143
R8_R6_ATC_M3_AL24477_A0_HOA_EDOF_EPD5,R6_ATC_M3_AL24477_A0_HOA_EPD5,ATC_M3_AL24477,A0,HOA,5.0,EDOF,0.75,0.010184491531365678
R8_R6_ATC_M3_AL24477_A0_HOA_EDOF_EPD5,R6_ATC_M3_AL24477_A0_HOA_EPD5,ATC_M3_AL24477,A0,HOA,5.0,EDOF,0.625,0.0008711938442085939
R8_R6_ATC_M3_AL24477_A0_HOA_EDOF_EPD5,R6_ATC_M3_AL24477_A0_HOA_EPD5,ATC_M3_AL24477,A0,HOA,5.0,EDOF,0.5,0.002324847121302715
R8_R6_ATC_M3_AL24477_A0_HOA_EDOF_EPD5,R6_ATC_M3_AL24477_A0_HOA_EPD5,ATC_M3_AL24477,A0,HOA,5.0,EDOF,0.375,0.021893045090924435
R8_R6_ATC_M3_AL24477_A0_HOA_EDOF_EPD5,R6_ATC_M3_AL24477_A0_HOA_EPD5,ATC_M3_AL24477,A0,HOA,5.0,EDOF,0.25,0.01254991853666089
R8_R6_ATC_M3_AL24477_A0_HOA_EDOF_EPD5,R6_ATC_M3_AL24477_A0_HOA_EPD5,ATC_M3_AL24477,A0,HOA,5.0,EDOF,0.125,0.0219772094348021
R8_R6_ATC_M3_AL24477_A0_HOA_EDOF_EPD5,R6_ATC_M3_AL24477_A0_HOA_EPD5,ATC_M3_AL24477,A0,HOA,5.0,EDOF,0.0,0.028684625712533794
R8_R6_ATC_M3_AL24477_A0_HOA_EDOF_EPD5,R6_ATC_M3_AL24477_A0_HOA_EPD5,ATC_M3_AL24477,A0,HOA,5.0,EDOF,-0.125,0.05945838249876631
R8_R6_ATC_M3_AL24477_A0_HOA_EDOF_EPD5,R6_ATC_M3_AL24477_A0_HOA_EPD5,ATC_M3_AL24477,A0,HOA,5.0,EDOF,-0.25,0.07033250836565802
R8_R6_ATC_M3_AL24477_A0_HOA_EDOF_EPD5,R6_ATC_M3_AL24477_A0_HOA_EPD5,ATC_M3_AL24477,A0,HOA,5.0,EDOF,-0.375,0.10522420734468921
R8_R6_ATC_M3_AL24477_A0_HOA_EDOF_EPD5,R6_ATC_M3_AL24477_A0_HOA_EPD5,ATC_M3_AL24477,A0,HOA,5.0,EDOF,-0.5,0.06987346554243351
R8_R6_ATC_M3_AL24477_A0_HOA_EDOF_EPD5,R6_ATC_M3_AL24477_A0_HOA_EPD5,ATC_M3_AL24477,A0,HOA,5.0,EDOF,-0.625,0.003619689523487535
R8_R6_ATC_M3_AL24477_A0_HOA_EDOF_EPD5,R6_ATC_M3_AL24477_A0_HOA_EPD5,ATC_M3_AL24477,A0,HOA,5.0,EDOF,-0.75,0.0540673555451232
R8_R6_ATC_M3_AL24477_A0_HOA_EDOF_EPD5,R6_ATC_M3_AL24477_A0_HOA_EPD5,ATC_M3_AL24477,A0,HOA,5.0,EDOF,-0.875,0.0682921559054382
R8_R6_ATC_M3_AL24477_A0_HOA_EDOF_EPD5,R6_ATC_M3_AL24477_A0_HOA_EPD5,ATC_M3_AL24477,A0,HOA,5.0,EDOF,-1.0,0.028338374308381258
R8_R6_ATC_M3_AL24477_A0_HOA_EDOF_EPD5,R6_ATC_M3_AL24477_A0_HOA_EPD5,ATC_M3_AL24477,A0,HOA,5.0,EDOF,-1.125,0.03372193040014426
R8_R6_ATC_M3_AL24477_A0_HOA_EDOF_EPD5,R6_ATC_M3_AL24477_A0_HOA_EPD5,ATC_M3_AL24477,A0,HOA,5.0,EDOF,-1.25,0.07073359985844184
R8_R6_ATC_M3_AL24477_A0_HOA_EDOF_EPD5,R6_ATC_M3_AL24477_A0_HOA_EPD5,ATC_M3_AL24477,A0,HOA,5.0,EDOF,-1.375,0.021000547535461125
R8_R6_ATC_M3_AL24477_A0_HOA_EDOF_EPD5,R6_ATC_M3_AL24477_A0_HOA_EPD5,ATC_M3_AL24477,A0,HOA,5.0,EDOF,-1.5,0.015061227021311404
R8_R6_ATC_M3_AL24477_A0_HOA_EDOF_EPD5,R6_ATC_M3_AL24477_A0_HOA_EPD5,ATC_M3_AL24477,A0,HOA,5.0,EDOF,-1.625,0.03866884528118661
R8_R6_ATC_M3_AL24477_A0_HOA_EDOF_EPD5,R6_ATC_M3_AL24477_A0_HOA_EPD5,ATC_M3_AL24477,A0,HOA,5.0,EDOF,-1.75,0.0118687447991425
R8_R6_ATC_M3_AL24477_A0_HOA_EDOF_EPD5,R6_ATC_M3_AL24477_A0_HOA_EPD5,ATC_M3_AL24477,A0,HOA,5.0,EDOF,-1.875,0.01325621288928294
R8_R6_ATC_M3_AL24477_A0_HOA_EDOF_EPD5,R6_ATC_M3_AL24477_A0_HOA_EPD5,ATC_M3_AL24477,A0,HOA,5.0,EDOF,-2.0,0.017317814868579712
R8_R6_ATC_M3_AL24477_A0_HOA_EDOF_EPD5,R6_ATC_M3_AL24477_A0_HOA_EPD5,ATC_M3_AL24477,A0,HOA,5.0,EDOF,-2.125,0.0041863633390303865
R8_R6_ATC_M3_AL24477_A0_HOA_EDOF_EPD5,R6_ATC_M3_AL24477_A0_HOA_EPD5,ATC_M3_AL24477,A0,HOA,5.0,EDOF,-2.25,0.03435318454708103
R8_R6_ATC_M3_AL24477_A0_HOA_EDOF_EPD5,R6_ATC_M3_AL24477_A0_HOA_EPD5,ATC_M3_AL24477,A0,HOA,5.0,EDOF,-2.375,0.005666870646430407
R8_R6_ATC_M3_AL24477_A0_HOA_EDOF_EPD5,R6_ATC_M3_AL24477_A0_HOA_EPD5,ATC_M3_AL24477,A0,HOA,5.0,EDOF,-2.5,0.00251271035211517
R8_R6_ATC_M3_AL24477_A0_HOA_EDOF_EPD5,R6_ATC_M3_AL24477_A0_HOA_EPD5,ATC_M3_AL24477,A0,HOA,5.0,EDOF,-2.625,0.02665539139911969
R8_R6_ATC_M3_AL24477_A0_HOA_EDOF_EPD5,R6_ATC_M3_AL24477_A0_HOA_EPD5,ATC_M3_AL24477,A0,HOA,5.0,EDOF,-2.75,0.00810320351946323
R8_R6_ATC_M3_AL24477_A0_HOA_EDOF_EPD5,R6_ATC_M3_AL24477_A0_HOA_EPD5,ATC_M3_AL24477,A0,HOA,5.0,EDOF,-2.875,0.0189635374277648
R8_R6_ATC_M3_AL24477_A0_HOA_EDOF_EPD5,R6_ATC_M3_AL24477_A0_HOA_EPD5,ATC_M3_AL24477,A0,HOA,5.0,EDOF,-3.0,0.014276816046525509
R8_R6_ATC_M3_AL24477_A0_HOA_EDOF_EPD5,R6_ATC_M3_AL24477_A0_HOA_EPD5,ATC_M3_AL24477,A0,HOA,5.0,EDOF,-3.125,0.007449057329757106
R8_R6_ATC_M3_AL24477_A0_HOA_EDOF_EPD5,R6_ATC_M3_AL24477_A0_HOA_EPD5,ATC_M3_AL24477,A0,HOA,5.0,EDOF,-3.25,0.007424654701453082
R8_R6_ATC_M3_AL24477_A0_HOA_EDOF_EPD5,R6_ATC_M3_AL24477_A0_HOA_EPD5,ATC_M3_AL24477,A0,HOA,5.0,EDOF,-3.375,0.016941026290791476
R8_R6_ATC_M3_AL24477_A0_HOA_EDOF_EPD5,R6_ATC_M3_AL24477_A0_HOA_EPD5,ATC_M3_AL24477,A0,HOA,5.0,EDOF,-3.5,0.01771019860570923
R8_R6_ATC_M3_AL24477_A0_HOA_EDOF_EPD5,R6_ATC_M3_AL24477_A0_HOA_EPD5,ATC_M3_AL24477,A0,HOA,5.0,EDOF,-3.625,0.009386283482902064
R8_R6_ATC_M3_AL24477_A0_HOA_EDOF_EPD5,R6_ATC_M3_AL24477_A0_HOA_EPD5,ATC_M3_AL24477,A0,HOA,5.0,EDOF,-3.75,0.008554548766264217
R8_R6_ATC_M3_AL24477_A0_HOA_EDOF_EPD5,R6_ATC_M3_AL24477_A0_HOA_EPD5,ATC_M3_AL24477,A0,HOA,5.0,EDOF,-3.875,0.0009448452931056333
R8_R6_ATC_M3_AL24477_A0_HOA_EDOF_EPD5,R6_ATC_M3_AL24477_A0_HOA_EPD5,ATC_M3_AL24477,A0,HOA,5.0,EDOF,-4.0,0.014994010532374102
R8_R6_ATC_M3_AL24477_A0_HOA_EDOF_EPD5,R6_ATC_M3_AL24477_A0_HOA_EPD5,ATC_M3_AL24477,A0,HOA,5.0,EDOF,-4.125,0.011464939922693946
R8_R6_ATC_M3_AL24477_A0_HOA_EDOF_EPD5,R6_ATC_M3_AL24477_A0_HOA_EPD5,ATC_M3_AL24477,A0,HOA,5.0,EDOF,-4.25,0.019450789965975327
R8_R6_ATC_M3_AL24477_A0_HOA_EDOF_EPD5,R6_ATC_M3_AL24477_A0_HOA_EPD5,ATC_M3_AL24477,A0,HOA,5.0,EDOF,-4.375,0.0027141537778390835
R8_R6_ATC_M3_AL24477_A0_HOA_EDOF_EPD5,R6_ATC_M3_AL24477_A0_HOA_EPD5,ATC_M3_AL24477,A0,HOA,5.0,EDOF,-4.5,0.011086206882927349
R8_R6_ATC_M3_AL24477_A0_HOA_EDOF_EPD5,R6_ATC_M3_AL24477_A0_HOA_EPD5,ATC_M3_AL24477,A0,HOA,5.0,EDOF,-4.625,0.002796517654386028
R8_R6_ATC_M3_AL24477_A0_HOA_EDOF_EPD5,R6_ATC_M3_AL24477_A0_HOA_EPD5,ATC_M3_AL24477,A0,HOA,5.0,EDOF,-4.75,0.01898294505593707
R8_R6_ATC_M3_AL24477_A0_HOA_EDOF_EPD5,R6_ATC_M3_AL24477_A0_HOA_EPD5,ATC_M3_AL24477,A0,HOA,5.0,EDOF,-4.875,0.0010049309220091403
R8_R6_ATC_M3_AL24477_A0_HOA_EDOF_EPD5,R6_ATC_M3_AL24477_A0_HOA_EPD5,ATC_M3_AL24477,A0,HOA,5.0,EDOF,-5.0,0.008224380149995224
R8_R6_ATC_M3_AL24477_B0_WFS_MONO_EPD3,R6_ATC_M3_AL24477_B0_WFS_EPD3,ATC_M3_AL24477,B0,WFS,3.0,MONO,1.0,0.009319248333245553
R8_R6_ATC_M3_AL24477_B0_WFS_MONO_EPD3,R6_ATC_M3_AL24477_B0_WFS_EPD3,ATC_M3_AL24477,B0,WFS,3.0,MONO,0.875,0.008223901436352741
R8_R6_ATC_M3_AL24477_B0_WFS_MONO_EPD3,R6_ATC_M3_AL24477_B0_WFS_EPD3,ATC_M3_AL24477,B0,WFS,3.0,MONO,0.75,0.0006533875799920755
R8_R6_ATC_M3_AL24477_B0_WFS_MONO_EPD3,R6_ATC_M3_AL24477_B0_WFS_EPD3,ATC_M3_AL24477,B0,WFS,3.0,MONO,0.625,0.045004980150561695
R8_R6_ATC_M3_AL24477_B0_WFS_MONO_EPD3,R6_ATC_M3_AL24477_B0_WFS_EPD3,ATC_M3_AL24477,B0,WFS,3.0,MONO,0.5,0.07760098408793527
R8_R6_ATC_M3_AL24477_B0_WFS_MONO_EPD3,R6_ATC_M3_AL24477_B0_WFS_EPD3,ATC_M3_AL24477,B0,WFS,3.0,MONO,0.375,0.10623287013172322
R8_R6_ATC_M3_AL24477_B0_WFS_MONO_EPD3,R6_ATC_M3_AL24477_B0_WFS_EPD3,ATC_M3_AL24477,B0,WFS,3.0,MONO,0.25,0.21998581304695064
R8_R6_ATC_M3_AL24477_B0_WFS_MONO_EPD3,R6_ATC_M3_AL24477_B0_WFS_EPD3,ATC_M3_AL24477,B0,WFS,3.0,MONO,0.125,0.4115757815567419
R8_R6_ATC_M3_AL24477_B0_WFS_MONO_EPD3,R6_ATC_M3_AL24477_B0_WFS_EPD3,ATC_M3_AL24477,B0,WFS,3.0,MONO,0.0,0.48693556071499877
R8_R6_ATC_M3_AL24477_B0_WFS_MONO_EPD3,R6_ATC_M3_AL24477_B0_WFS_EPD3,ATC_M3_AL24477,B0,WFS,3.0,MONO,-0.125,0.3027941913585448
R8_R6_ATC_M3_AL24477_B0_WFS_MONO_EPD3,R6_ATC_M3_AL24477_B0_WFS_EPD3,ATC_M3_AL24477,B0,WFS,3.0,MONO,-0.25,0.014237242683236761
R8_R6_ATC_M3_AL24477_B0_WFS_MONO_EPD3,R6_ATC_M3_AL24477_B0_WFS_EPD3,ATC_M3_AL24477,B0,WFS,3.0,MONO,-0.375,0.09616942267699383
R8_R6_ATC_M3_AL24477_B0_WFS_MONO_EPD3,R6_ATC_M3_AL24477_B0_WFS_EPD3,ATC_M3_AL24477,B0,WFS,3.0,MONO,-0.5,0.00573240009157351
R8_R6_ATC_M3_AL24477_B0_WFS_MONO_EPD3,R6_ATC_M3_AL24477_B0_WFS_EPD3,ATC_M3_AL24477,B0,WFS,3.0,MONO,-0.625,0.09484916062438503
R8_R6_ATC_M3_AL24477_B0_WFS_MONO_EPD3,R6_ATC_M3_AL24477_B0_WFS_EPD3,ATC_M3_AL24477,B0,WFS,3.0,MONO,-0.75,0.04045718554165567
R8_R6_ATC_M3_AL24477_B0_WFS_MONO_EPD3,R6_ATC_M3_AL24477_B0_WFS_EPD3,ATC_M3_AL24477,B0,WFS,3.0,MONO,-0.875,0.04076674232910775
R8_R6_ATC_M3_AL24477_B0_WFS_MONO_EPD3,R6_ATC_M3_AL24477_B0_WFS_EPD3,ATC_M3_AL24477,B0,WFS,3.0,MONO,-1.0,0.02487387067842429
R8_R6_ATC_M3_AL24477_B0_WFS_MONO_EPD3,R6_ATC_M3_AL24477_B0_WFS_EPD3,ATC_M3_AL24477,B0,WFS,3.0,MONO,-1.125,0.029424140876098483
R8_R6_ATC_M3_AL24477_B0_WFS_MONO_EPD3,R6_ATC_M3_AL24477_B0_WFS_EPD3,ATC_M3_AL24477,B0,WFS,3.0,MONO,-1.25,0.022407438207931275
R8_R6_ATC_M3_AL24477_B0_WFS_MONO_EPD3,R6_ATC_M3_AL24477_B0_WFS_EPD3,ATC_M3_AL24477,B0,WFS,3.0,MONO,-1.375,0.016618661837912385
R8_R6_ATC_M3_AL24477_B0_WFS_MONO_EPD3,R6_ATC_M3_AL24477_B0_WFS_EPD3,ATC_M3_AL24477,B0,WFS,3.0,MONO,-1.5,0.013306834406324452
R8_R6_ATC_M3_AL24477_B0_WFS_MONO_EPD3,R6_ATC_M3_AL24477_B0_WFS_EPD3,ATC_M3_AL24477,B0,WFS,3.0,MONO,-1.625,0.014468426952741122
R8_R6_ATC_M3_AL24477_B0_WFS_MONO_EPD3,R6_ATC_M3_AL24477_B0_WFS_EPD3,ATC_M3_AL24477,B0,WFS,3.0,MONO,-1.75,0.011170686940037377
R8_R6_ATC_M3_AL24477_B0_WFS_MONO_EPD3,R6_ATC_M3_AL24477_B0_WFS_EPD3,ATC_M3_AL24477,B0,WFS,3.0,MONO,-1.875,0.009510598724047213
R8_R6_ATC_M3_AL24477_B0_WFS_MONO_EPD3,R6_ATC_M3_AL24477_B0_WFS_EPD3,ATC_M3_AL24477,B0,WFS,3.0,MONO,-2.0,0.005827409754362601
R8_R6_ATC_M3_AL24477_B0_WFS_MONO_EPD3,R6_ATC_M3_AL24477_B0_WFS_EPD3,ATC_M3_AL24477,B0,WFS,3.0,MONO,-2.125,0.009267110486239453
R8_R6_ATC_M3_AL24477_B0_WFS_MONO_EPD3,R6_ATC_M3_AL24477_B0_WFS_EPD3,ATC_M3_AL24477,B0,WFS,3.0,MONO,-2.25,0.0038535450113830333
R8_R6_ATC_M3_AL24477_B0_WFS_MONO_EPD3,R6_ATC_M3_AL24477_B0_WFS_EPD3,ATC_M3_AL24477,B0,WFS,3.0,MONO,-2.375,0.008474897159921585
R8_R6_ATC_M3_AL24477_B0_WFS_MONO_EPD3,R6_ATC_M3_AL24477_B0_WFS_EPD3,ATC_M3_AL24477,B0,WFS,3.0,MONO,-2.5,0.0024919780470575156
R8_R6_ATC_M3_AL24477_B0_WFS_MONO_EPD3,R6_ATC_M3_AL24477_B0_WFS_EPD3,ATC_M3_AL24477,B0,WFS,3.0,MONO,-2.625,0.007770909422073995
R8_R6_ATC_M3_AL24477_B0_WFS_MONO_EPD3,R6_ATC_M3_AL24477_B0_WFS_EPD3,ATC_M3_AL24477,B0,WFS,3.0,MONO,-2.75,0.001961175806741166
R8_R6_ATC_M3_AL24477_B0_WFS_MONO_EPD3,R6_ATC_M3_AL24477_B0_WFS_EPD3,ATC_M3_AL24477,B0,WFS,3.0,MONO,-2.875,0.006234930682555115
R8_R6_ATC_M3_AL24477_B0_WFS_MONO_EPD3,R6_ATC_M3_AL24477_B0_WFS_EPD3,ATC_M3_AL24477,B0,WFS,3.0,MONO,-3.0,0.0008078511983045903
R8_R6_ATC_M3_AL24477_B0_WFS_MONO_EPD3,R6_ATC_M3_AL24477_B0_WFS_EPD3,ATC_M3_AL24477,B0,WFS,3.0,MONO,-3.125,0.005217585920507152
R8_R6_ATC_M3_AL24477_B0_WFS_MONO_EPD3,R6_ATC_M3_AL24477_B0_WFS_EPD3,ATC_M3_AL24477,B0,WFS,3.0,MONO,-3.25,1.031260183220412e-05
R8_R6_ATC_M3_AL24477_B0_WFS_MONO_EPD3,R6_ATC_M3_AL24477_B0_WFS_EPD3,ATC_M3_AL24477,B0,WFS,3.0,MONO,-3.375,0.003911785386129191
R8_R6_ATC_M3_AL24477_B0_WFS_MONO_EPD3,R6_ATC_M3_AL24477_B0_WFS_EPD3,ATC_M3_AL24477,B0,WFS,3.0,MONO,-3.5,0.0014740034323559566
R8_R6_ATC_M3_AL24477_B0_WFS_MONO_EPD3,R6_ATC_M3_AL24477_B0_WFS_EPD3,ATC_M3_AL24477,B0,WFS,3.0,MONO,-3.625,0.003874543298073957
R8_R6_ATC_M3_AL24477_B0_WFS_MONO_EPD3,R6_ATC_M3_AL24477_B0_WFS_EPD3,ATC_M3_AL24477,B0,WFS,3.0,MONO,-3.75,0.0017566956602211822
R8_R6_ATC_M3_AL24477_B0_WFS_MONO_EPD3,R6_ATC_M3_AL24477_B0_WFS_EPD3,ATC_M3_AL24477,B0,WFS,3.0,MONO,-3.875,0.003578933749606346
R8_R6_ATC_M3_AL24477_B0_WFS_MONO_EPD3,R6_ATC_M3_AL24477_B0_WFS_EPD3,ATC_M3_AL24477,B0,WFS,3.0,MONO,-4.0,0.0012552867012532716
R8_R6_ATC_M3_AL24477_B0_WFS_MONO_EPD3,R6_ATC_M3_AL24477_B0_WFS_EPD3,ATC_M3_AL24477,B0,WFS,3.0,MONO,-4.125,0.002167407275423479
R8_R6_ATC_M3_AL24477_B0_WFS_MONO_EPD3,R6_ATC_M3_AL24477_B0_WFS_EPD3,ATC_M3_AL24477,B0,WFS,3.0,MONO,-4.25,0.0014241530454948816
R8_R6_ATC_M3_AL24477_B0_WFS_MONO_EPD3,R6_ATC_M3_AL24477_B0_WFS_EPD3,ATC_M3_AL24477,B0,WFS,3.0,MONO,-4.375,0.0005347038352542823
R8_R6_ATC_M3_AL24477_B0_WFS_MONO_EPD3,R6_ATC_M3_AL24477_B0_WFS_EPD3,ATC_M3_AL24477,B0,WFS,3.0,MONO,-4.5,0.0028133372149334165
R8_R6_ATC_M3_AL24477_B0_WFS_MONO_EPD3,R6_ATC_M3_AL24477_B0_WFS_EPD3,ATC_M3_AL24477,B0,WFS,3.0,MONO,-4.625,0.0006992257438876736
R8_R6_ATC_M3_AL24477_B0_WFS_MONO_EPD3,R6_ATC_M3_AL24477_B0_WFS_EPD3,ATC_M3_AL24477,B0,WFS,3.0,MONO,-4.75,0.002751562678913413
R8_R6_ATC_M3_AL24477_B0_WFS_MONO_EPD3,R6_ATC_M3_AL24477_B0_WFS_EPD3,ATC_M3_AL24477,B0,WFS,3.0,MONO,-4.875,0.0003952190127927154
R8_R6_ATC_M3_AL24477_B0_WFS_MONO_EPD3,R6_ATC_M3_AL24477_B0_WFS_EPD3,ATC_M3_AL24477,B0,WFS,3.0,MONO,-5.0,0.002448347847697589
R8_R6_ATC_M3_AL24477_B0_WFS_EDOF_EPD3,R6_ATC_M3_AL24477_B0_WFS_EPD3,ATC_M3_AL24477,B0,WFS,3.0,EDOF,1.0,0.065764253839352
R8_R6_ATC_M3_AL24477_B0_WFS_EDOF_EPD3,R6_ATC_M3_AL24477_B0_WFS_EPD3,ATC_M3_AL24477,B0,WFS,3.0,EDOF,0.875,0.08183802373992202
R8_R6_ATC_M3_AL24477_B0_WFS_EDOF_EPD3,R6_ATC_M3_AL24477_B0_WFS_EPD3,ATC_M3_AL24477,B0,WFS,3.0,EDOF,0.75,0.09358457070154753
R8_R6_ATC_M3_AL24477_B0_WFS_EDOF_EPD3,R6_ATC_M3_AL24477_B0_WFS_EPD3,ATC_M3_AL24477,B0,WFS,3.0,EDOF,0.625,0.11939430223120504
R8_R6_ATC_M3_AL24477_B0_WFS_EDOF_EPD3,R6_ATC_M3_AL24477_B0_WFS_EPD3,ATC_M3_AL24477,B0,WFS,3.0,EDOF,0.5,0.13845425257038319
R8_R6_ATC_M3_AL24477_B0_WFS_EDOF_EPD3,R6_ATC_M3_AL24477_B0_WFS_EPD3,ATC_M3_AL24477,B0,WFS,3.0,EDOF,0.375,0.13199206782822587
R8_R6_ATC_M3_AL24477_B0_WFS_EDOF_EPD3,R6_ATC_M3_AL24477_B0_WFS_EPD3,ATC_M3_AL24477,B0,WFS,3.0,EDOF,0.25,0.13606485399185494
R8_R6_ATC_M3_AL24477_B0_WFS_EDOF_EPD3,R6_ATC_M3_AL24477_B0_WFS_EPD3,ATC_M3_AL24477,B0,WFS,3.0,EDOF,0.125,0.1783901100466853
R8_R6_ATC_M3_AL24477_B0_WFS_EDOF_EPD3,R6_ATC_M3_AL24477_B0_WFS_EPD3,ATC_M3_AL24477,B0,WFS,3.0,EDOF,0.0,0.20009331184084
R8_R6_ATC_M3_AL24477_B0_WFS_EDOF_EPD3,R6_ATC_M3_AL24477_B0_WFS_EPD3,ATC_M3_AL24477,B0,WFS,3.0,EDOF,-0.125,0.13733440921989792
R8_R6_ATC_M3_AL24477_B0_WFS_EDOF_EPD3,R6_ATC_M3_AL24477_B0_WFS_EPD3,ATC_M3_AL24477,B0,WFS,3.0,EDOF,-0.25,0.049220508507172
R8_R6_ATC_M3_AL24477_B0_WFS_EDOF_EPD3,R6_ATC_M3_AL24477_B0_WFS_EPD3,ATC_M3_AL24477,B0,WFS,3.0,EDOF,-0.375,0.04647127163189084
R8_R6_ATC_M3_AL24477_B0_WFS_EDOF_EPD3,R6_ATC_M3_AL24477_B0_WFS_EPD3,ATC_M3_AL24477,B0,WFS,3.0,EDOF,-0.5,0.10985840702092534
R8_R6_ATC_M3_AL24477_B0_WFS_EDOF_EPD3,R6_ATC_M3_AL24477_B0_WFS_EPD3,ATC_M3_AL24477,B0,WFS,3.0,EDOF,-0.625,0.11316181398875927
R8_R6_ATC_M3_AL24477_B0_WFS_EDOF_EPD3,R6_ATC_M3_AL24477_B0_WFS_EPD3,ATC_M3_AL24477,B0,WFS,3.0,EDOF,-0.75,0.028953963979783153
R8_R6_ATC_M3_AL24477_B0_WFS_EDOF_EPD3,R6_ATC_M3_AL24477_B0_WFS_EPD3,ATC_M3_AL24477,B0,WFS,3.0,EDOF,-0.875,0.030845630042144592
R8_R6_ATC_M3_AL24477_B0_WFS_EDOF_EPD3,R6_ATC_M3_AL24477_B0_WFS_EPD3,ATC_M3_AL24477,B0,WFS,3.0,EDOF,-1.0,0.004185939415204601
R8_R6_ATC_M3_AL24477_B0_WFS_EDOF_EPD3,R6_ATC_M3_AL24477_B0_WFS_EPD3,ATC_M3_AL24477,B0,WFS,3.0,EDOF,-1.125,0.03310601997799381
R8_R6_ATC_M3_AL24477_B0_WFS_EDOF_EPD3,R6_ATC_M3_AL24477_B0_WFS_EPD3,ATC_M3_AL24477,B0,WFS,3.0,EDOF,-1.25,0.014295035781174704
R8_R6_ATC_M3_AL24477_B0_WFS_EDOF_EPD3,R6_ATC_M3_AL24477_B0_WFS_EPD3,ATC_M3_AL24477,B0,WFS,3.0,EDOF,-1.375,0.01470539474652684
R8_R6_ATC_M3_AL24477_B0_WFS_EDOF_EPD3,R6_ATC_M3_AL24477_B0_WFS_EPD3,ATC_M3_AL24477,B0,WFS,3.0,EDOF,-1.5,0.0008404435349007328
R8_R6_ATC_M3_AL24477_B0_WFS_EDOF_EPD3,R6_ATC_M3_AL24477_B0_WFS_EPD3,ATC_M3_AL24477,B0,WFS,3.0,EDOF,-1.625,0.021020416080194164
R8_R6_ATC_M3_AL24477_B0_WFS_EDOF_EPD3,R6_ATC_M3_AL24477_B0_WFS_EPD3,ATC_M3_AL24477,B0,WFS,3.0,EDOF,-1.75,0.007354459332115122
R8_R6_ATC_M3_AL24477_B0_WFS_EDOF_EPD3,R6_ATC_M3_AL24477_B0_WFS_EPD3,ATC_M3_AL24477,B0,WFS,3.0,EDOF,-1.875,0.013545456859309763
R8_R6_ATC_M3_AL24477_B0_WFS_EDOF_EPD3,R6_ATC_M3_AL24477_B0_WFS_EPD3,ATC_M3_AL24477,B0,WFS,3.0,EDOF,-2.0,0.0055321662784064835
R8_R6_ATC_M3_AL24477_B0_WFS_EDOF_EPD3,R6_ATC_M3_AL24477_B0_WFS_EPD3,ATC_M3_AL24477,B0,WFS,3.0,EDOF,-2.125,0.008644347675162128
R8_R6_ATC_M3_AL24477_B0_WFS_EDOF_EPD3,R6_ATC_M3_AL24477_B0_WFS_EPD3,ATC_M3_AL24477,B0,WFS,3.0,EDOF,-2.25,0.0009406988716104193
R8_R6_ATC_M3_AL24477_B0_WFS_EDOF_EPD3,R6_ATC_M3_AL24477_B0_WFS_EPD3,ATC_M3_AL24477,B0,WFS,3.0,EDOF,-2.375,0.008945405553657531
R8_R6_ATC_M3_AL24477_B0_WFS_EDOF_EPD3,R6_ATC_M3_AL24477_B0_WFS_EPD3,ATC_M3_AL24477,B0,WFS,3.0,EDOF,-2.5,0.00046391857025629294
R8_R6_ATC_M3_AL24477_B0_WFS_EDOF_EPD3,R6_ATC_M3_AL24477_B0_WFS_EPD3,ATC_M3_AL24477,B0,WFS,3.0,EDOF,-2.625,0.007500574295689745
R8_R6_ATC_M3_AL24477_B0_WFS_EDOF_EPD3,R6_ATC_M3_AL24477_B0_WFS_EPD3,ATC_M3_AL24477,B0,WFS,3.0,EDOF,-2.75,0.00035129195054479337
R8_R6_ATC_M3_AL24477_B0_WFS_EDOF_EPD3,R6_ATC_M3_AL24477_B0_WFS_EPD3,ATC_M3_AL24477,B0,WFS,3.0,EDOF,-2.875,0.00614375086603157
R8_R6_ATC_M3_AL24477_B0_WFS_EDOF_EPD3,R6_ATC_M3_AL24477_B0_WFS_EPD3,ATC_M3_AL24477,B0,WFS,3.0,EDOF,-3.0,0.0010771216347837276
R8_R6_ATC_M3_AL24477_B0_WFS_EDOF_EPD3,R6_ATC_M3_AL24477_B0_WFS_EPD3,ATC_M3_AL24477,B0,WFS,3.0,EDOF,-3.125,0.004845649252332249
R8_R6_ATC_M3_AL24477_B0_WFS_EDOF_EPD3,R6_ATC_M3_AL24477_B0_WFS_EPD3,ATC_M3_AL24477,B0,WFS,3.0,EDOF,-3.25,0.001724598312403472
R8_R6_ATC_M3_AL24477_B0_WFS_EDOF_EPD3,R6_ATC_M3_AL24477_B0_WFS_EPD3,ATC_M3_AL24477,B0,WFS,3.0,EDOF,-3.375,0.003488611654862001
R8_R6_ATC_M3_AL24477_B0_WFS_EDOF_EPD3,R6_ATC_M3_AL24477_B0_WFS_EPD3,ATC_M3_AL24477,B0,WFS,3.0,EDOF,-3.5,0.0027447712806309876
R8_R6_ATC_M3_AL24477_B0_WFS_EDOF_EPD3,R6_ATC_M3_AL24477_B0_WFS_EPD3,ATC_M3_AL24477,B0,WFS,3.0,EDOF,-3.625,0.002960660889383406
R8_R6_ATC_M3_AL24477_B0_WFS_EDOF_EPD3,R6_ATC_M3_AL24477_B0_WFS_EPD3,ATC_M3_AL24477,B0,WFS,3.0,EDOF,-3.75,0.0029810133809073745
R8_R6_ATC_M3_AL24477_B0_WFS_EDOF_EPD3,R6_ATC_M3_AL24477_B0_WFS_EPD3,ATC_M3_AL24477,B0,WFS,3.0,EDOF,-3.875,0.0024921481771993607
R8_R6_ATC_M3_AL24477_B0_WFS_EDOF_EPD3,R6_ATC_M3_AL24477_B0_WFS_EPD3,ATC_M3_AL24477,B0,WFS,3.0,EDOF,-4.0,0.002279445890370951
R8_R6_ATC_M3_AL24477_B0_WFS_EDOF_EPD3,R6_ATC_M3_AL24477_B0_WFS_EPD3,ATC_M3_AL24477,B0,WFS,3.0,EDOF,-4.125,0.000597046277878939
R8_R6_ATC_M3_AL24477_B0_WFS_EDOF_EPD3,R6_ATC_M3_AL24477_B0_WFS_EPD3,ATC_M3_AL24477,B0,WFS,3.0,EDOF,-4.25,0.003062318021013637
R8_R6_ATC_M3_AL24477_B0_WFS_EDOF_EPD3,R6_ATC_M3_AL24477_B0_WFS_EPD3,ATC_M3_AL24477,B0,WFS,3.0,EDOF,-4.375,0.00022652313505797504
R8_R6_ATC_M3_AL24477_B0_WFS_EDOF_EPD3,R6_ATC_M3_AL24477_B0_WFS_EPD3,ATC_M3_AL24477,B0,WFS,3.0,EDOF,-4.5,0.0038570685485179437
R8_R6_ATC_M3_AL24477_B0_WFS_EDOF_EPD3,R6_ATC_M3_AL24477_B0_WFS_EPD3,ATC_M3_AL24477,B0,WFS,3.0,EDOF,-4.625,0.00022042464974633686
R8_R6_ATC_M3_AL24477_B0_WFS_EDOF_EPD3,R6_ATC_M3_AL24477_B0_WFS_EPD3,ATC_M3_AL24477,B0,WFS,3.0,EDOF,-4.75,0.002933733368274433
R8_R6_ATC_M3_AL24477_B0_WFS_EDOF_EPD3,R6_ATC_M3_AL24477_B0_WFS_EPD3,ATC_M3_AL24477,B0,WFS,3.0,EDOF,-4.875,0.000568171098045381
R8_R6_ATC_M3_AL24477_B0_WFS_EDOF_EPD3,R6_ATC_M3_AL24477_B0_WFS_EPD3,ATC_M3_AL24477,B0,WFS,3.0,EDOF,-5.0,0.0027053280411695867
R8_R6_ATC_M3_AL24477_B0_WFS_MONO_EPD5,R6_ATC_M3_AL24477_B0_WFS_EPD5,ATC_M3_AL24477,B0,WFS,5.0,MONO,1.0,0.002429001066671436
R8_R6_ATC_M3_AL24477_B0_WFS_MONO_EPD5,R6_ATC_M3_AL24477_B0_WFS_EPD5,ATC_M3_AL24477,B0,WFS,5.0,MONO,0.875,0.003908688913897968
R8_R6_ATC_M3_AL24477_B0_WFS_MONO_EPD5,R6_ATC_M3_AL24477_B0_WFS_EPD5,ATC_M3_AL24477,B0,WFS,5.0,MONO,0.75,0.0015243594524367212
R8_R6_ATC_M3_AL24477_B0_WFS_MONO_EPD5,R6_ATC_M3_AL24477_B0_WFS_EPD5,ATC_M3_AL24477,B0,WFS,5.0,MONO,0.625,0.011174049940746816
R8_R6_ATC_M3_AL24477_B0_WFS_MONO_EPD5,R6_ATC_M3_AL24477_B0_WFS_EPD5,ATC_M3_AL24477,B0,WFS,5.0,MONO,0.5,0.021781470936810474
R8_R6_ATC_M3_AL24477_B0_WFS_MONO_EPD5,R6_ATC_M3_AL24477_B0_WFS_EPD5,ATC_M3_AL24477,B0,WFS,5.0,MONO,0.375,0.05160279567479503
R8_R6_ATC_M3_AL24477_B0_WFS_MONO_EPD5,R6_ATC_M3_AL24477_B0_WFS_EPD5,ATC_M3_AL24477,B0,WFS,5.0,MONO,0.25,0.08584336125296309
R8_R6_ATC_M3_AL24477_B0_WFS_MONO_EPD5,R6_ATC_M3_AL24477_B0_WFS_EPD5,ATC_M3_AL24477,B0,WFS,5.0,MONO,0.125,0.13293800437267195
R8_R6_ATC_M3_AL24477_B0_WFS_MONO_EPD5,R6_ATC_M3_AL24477_B0_WFS_EPD5,ATC_M3_AL24477,B0,WFS,5.0,MONO,0.0,0.1463418197786554
R8_R6_ATC_M3_AL24477_B0_WFS_MONO_EPD5,R6_ATC_M3_AL24477_B0_WFS_EPD5,ATC_M3_AL24477,B0,WFS,5.0,MONO,-0.125,0.12002891748631464
R8_R6_ATC_M3_AL24477_B0_WFS_MONO_EPD5,R6_ATC_M3_AL24477_B0_WFS_EPD5,ATC_M3_AL24477,B0,WFS,5.0,MONO,-0.25,0.04570815492126366
R8_R6_ATC_M3_AL24477_B0_WFS_MONO_EPD5,R6_ATC_M3_AL24477_B0_WFS_EPD5,ATC_M3_AL24477,B0,WFS,5.0,MONO,-0.375,0.003288835848438752
R8_R6_ATC_M3_AL24477_B0_WFS_MONO_EPD5,R6_ATC_M3_AL24477_B0_WFS_EPD5,ATC_M3_AL24477,B0,WFS,5.0,MONO,-0.5,0.020935871112000955
R8_R6_ATC_M3_AL24477_B0_WFS_MONO_EPD5,R6_ATC_M3_AL24477_B0_WFS_EPD5,ATC_M3_AL24477,B0,WFS,5.0,MONO,-0.625,0.08199708169462838
R8_R6_ATC_M3_AL24477_B0_WFS_MONO_EPD5,R6_ATC_M3_AL24477_B0_WFS_EPD5,ATC_M3_AL24477,B0,WFS,5.0,MONO,-0.75,0.07133843132480167
R8_R6_ATC_M3_AL24477_B0_WFS_MONO_EPD5,R6_ATC_M3_AL24477_B0_WFS_EPD5,ATC_M3_AL24477,B0,WFS,5.0,MONO,-0.875,0.005684955412132084
R8_R6_ATC_M3_AL24477_B0_WFS_MONO_EPD5,R6_ATC_M3_AL24477_B0_WFS_EPD5,ATC_M3_AL24477,B0,WFS,5.0,MONO,-1.0,0.020989870124175136
R8_R6_ATC_M3_AL24477_B0_WFS_MONO_EPD5,R6_ATC_M3_AL24477_B0_WFS_EPD5,ATC_M3_AL24477,B0,WFS,5.0,MONO,-1.125,0.05597101918053228
R8_R6_ATC_M3_AL24477_B0_WFS_MONO_EPD5,R6_ATC_M3_AL24477_B0_WFS_EPD5,ATC_M3_AL24477,B0,WFS,5.0,MONO,-1.25,0.042968042112019905
R8_R6_ATC_M3_AL24477_B0_WFS_MONO_EPD5,R6_ATC_M3_AL24477_B0_WFS_EPD5,ATC_M3_AL24477,B0,WFS,5.0,MONO,-1.375,0.004171378131130501
R8_R6_ATC_M3_AL24477_B0_WFS_MONO_EPD5,R6_ATC_M3_AL24477_B0_WFS_EPD5,ATC_M3_AL24477,B0,WFS,5.0,MONO,-1.5,0.053664407162355585
R8_R6_ATC_M3_AL24477_B0_WFS_MONO_EPD5,R6_ATC_M3_AL24477_B0_WFS_EPD5,ATC_M3_AL24477,B0,WFS,5.0,MONO,-1.625,0.04806729270753407
R8_R6_ATC_M3_AL24477_B0_WFS_MONO_EPD5,R6_ATC_M3_AL24477_B0_WFS_EPD5,ATC_M3_AL24477,B0,WFS,5.0,MONO,-1.75,0.008476122604084422
R8_R6_ATC_M3_AL24477_B0_WFS_MONO_EPD5,R6_ATC_M3_AL24477_B0_WFS_EPD5,ATC_M3_AL24477,B0,WFS,5.0,MONO,-1.875,0.017576355342828046
R8_R6_ATC_M3_AL24477_B0_WFS_MONO_EPD5,R6_ATC_M3_AL24477_B0_WFS_EPD5,ATC_M3_AL24477,B0,WFS,5.0,MONO,-2.0,0.024060745686754016
R8_R6_ATC_M3_AL24477_B0_WFS_MONO_EPD5,R6_ATC_M3_AL24477_B0_WFS_EPD5,ATC_M3_AL24477,B0,WFS,5.0,MONO,-2.125,0.02559623693243676
R8_R6_ATC_M3_AL24477_B0_WFS_MONO_EPD5,R6_ATC_M3_AL24477_B0_WFS_EPD5,ATC_M3_AL24477,B0,WFS,5.0,MONO,-2.25,0.022972559543568964
R8_R6_ATC_M3_AL24477_B0_WFS_MONO_EPD5,R6_ATC_M3_AL24477_B0_WFS_EPD5,ATC_M3_AL24477,B0,WFS,5.0,MONO,-2.375,0.0018085402980882173
R8_R6_ATC_M3_AL24477_B0_WFS_MONO_EPD5,R6_ATC_M3_AL24477_B0_WFS_EPD5,ATC_M3_AL24477,B0,WFS,5.0,MONO,-2.5,0.013872805575021963
R8_R6_ATC_M3_AL24477_B0_WFS_MONO_EPD5,R6_ATC_M3_AL24477_B0_WFS_EPD5,ATC_M3_AL24477,B0,WFS,5.0,MONO,-2.625,0.02202323302098297
R8_R6_ATC_M3_AL24477_B0_WFS_MONO_EPD5,R6_ATC_M3_AL24477_B0_WFS_EPD5,ATC_M3_AL24477,B0,WFS,5.0,MONO,-2.75,0.01919385244050857
R8_R6_ATC_M3_AL24477_B0_WFS_MONO_EPD5,R6_ATC_M3_AL24477_B0_WFS_EPD5,ATC_M3_AL24477,B0,WFS,5.0,MONO,-2.875,0.012450438595048414
R8_R6_ATC_M3_AL24477_B0_WFS_MONO_EPD5,R6_ATC_M3_AL24477_B0_WFS_EPD5,ATC_M3_AL24477,B0,WFS,5.0,MONO,-3.0,0.0017603409835616633
R8_R6_ATC_M3_AL24477_B0_WFS_MONO_EPD5,R6_ATC_M3_AL24477_B0_WFS_EPD5,ATC_M3_AL24477,B0,WFS,5.0,MONO,-3.125,0.0061795825050267135
R8_R6_ATC_M3_AL24477_B0_WFS_MONO_EPD5,R6_ATC_M3_AL24477_B0_WFS_EPD5,ATC_M3_AL24477,B0,WFS,5.0,MONO,-3.25,0.012854750713733955
R8_R6_ATC_M3_AL24477_B0_WFS_MONO_EPD5,R6_ATC_M3_AL24477_B0_WFS_EPD5,ATC_M3_AL24477,B0,WFS,5.0,MONO,-3.375,0.016623825044125348
R8_R6_ATC_M3_AL24477_B0_WFS_MONO_EPD5,R6_ATC_M3_AL24477_B0_WFS_EPD5,ATC_M3_AL24477,B0,WFS,5.0,MONO,-3.5,0.01969682357094619
R8_R6_ATC_M3_AL24477_B0_WFS_MONO_EPD5,R6_ATC_M3_AL24477_B0_WFS_EPD5,ATC_M3_AL24477,B0,WFS,5.0,MONO,-3.625,0.02034872265793534
R8_R6_ATC_M3_AL24477_B0_WFS_MONO_EPD5,R6_ATC_M3_AL24477_B0_WFS_EPD5,ATC_M3_AL24477,B0,WFS,5.0,MONO,-3.75,0.01891876520157837
R8_R6_ATC_M3_AL24477_B0_WFS_MONO_EPD5,R6_ATC_M3_AL24477_B0_WFS_EPD5,ATC_M3_AL24477,B0,WFS,5.0,MONO,-3.875,0.016605242904569873
R8_R6_ATC_M3_AL24477_B0_WFS_MONO_EPD5,R6_ATC_M3_AL24477_B0_WFS_EPD5,ATC_M3_AL24477,B0,WFS,5.0,MONO,-4.0,0.014758810425697915
R8_R6_ATC_M3_AL24477_B0_WFS_MONO_EPD5,R6_ATC_M3_AL24477_B0_WFS_EPD5,ATC_M3_AL24477,B0,WFS,5.0,MONO,-4.125,0.01250648040194703
R8_R6_ATC_M3_AL24477_B0_WFS_MONO_EPD5,R6_ATC_M3_AL24477_B0_WFS_EPD5,ATC_M3_AL24477,B0,WFS,5.0,MONO,-4.25,0.00934981266906983
R8_R6_ATC_M3_AL24477_B0_WFS_MONO_EPD5,R6_ATC_M3_AL24477_B0_WFS_EPD5,ATC_M3_AL24477,B0,WFS,5.0,MONO,-4.375,0.0068049236930104486
R8_R6_ATC_M3_AL24477_B0_WFS_MONO_EPD5,R6_ATC_M3_AL24477_B0_WFS_EPD5,ATC_M3_AL24477,B0,WFS,5.0,MONO,-4.5,0.004494634502026029
R8_R6_ATC_M3_AL24477_B0_WFS_MONO_EPD5,R6_ATC_M3_AL24477_B0_WFS_EPD5,ATC_M3_AL24477,B0,WFS,5.0,MONO,-4.625,0.0032074538029598387
R8_R6_ATC_M3_AL24477_B0_WFS_MONO_EPD5,R6_ATC_M3_AL24477_B0_WFS_EPD5,ATC_M3_AL24477,B0,WFS,5.0,MONO,-4.75,0.0007730697742706186
R8_R6_ATC_M3_AL24477_B0_WFS_MONO_EPD5,R6_ATC_M3_AL24477_B0_WFS_EPD5,ATC_M3_AL24477,B0,WFS,5.0,MONO,-4.875,0.0009181735637536822
R8_R6_ATC_M3_AL24477_B0_WFS_MONO_EPD5,R6_ATC_M3_AL24477_B0_WFS_EPD5,ATC_M3_AL24477,B0,WFS,5.0,MONO,-5.0,0.0018617151858488638
R8_R6_ATC_M3_AL24477_B0_WFS_EDOF_EPD5,R6_ATC_M3_AL24477_B0_WFS_EPD5,ATC_M3_AL24477,B0,WFS,5.0,EDOF,1.0,0.016240994070100524
R8_R6_ATC_M3_AL24477_B0_WFS_EDOF_EPD5,R6_ATC_M3_AL24477_B0_WFS_EPD5,ATC_M3_AL24477,B0,WFS,5.0,EDOF,0.875,0.03332488084235377
R8_R6_ATC_M3_AL24477_B0_WFS_EDOF_EPD5,R6_ATC_M3_AL24477_B0_WFS_EPD5,ATC_M3_AL24477,B0,WFS,5.0,EDOF,0.75,0.0388278842544714
R8_R6_ATC_M3_AL24477_B0_WFS_EDOF_EPD5,R6_ATC_M3_AL24477_B0_WFS_EPD5,ATC_M3_AL24477,B0,WFS,5.0,EDOF,0.625,0.043833658527507424
R8_R6_ATC_M3_AL24477_B0_WFS_EDOF_EPD5,R6_ATC_M3_AL24477_B0_WFS_EPD5,ATC_M3_AL24477,B0,WFS,5.0,EDOF,0.5,0.04039987486737863
R8_R6_ATC_M3_AL24477_B0_WFS_EDOF_EPD5,R6_ATC_M3_AL24477_B0_WFS_EPD5,ATC_M3_AL24477,B0,WFS,5.0,EDOF,0.375,0.053188764618567856
R8_R6_ATC_M3_AL24477_B0_WFS_EDOF_EPD5,R6_ATC_M3_AL24477_B0_WFS_EPD5,ATC_M3_AL24477,B0,WFS,5.0,EDOF,0.25,0.058368142874479494
R8_R6_ATC_M3_AL24477_B0_WFS_EDOF_EPD5,R6_ATC_M3_AL24477_B0_WFS_EPD5,ATC_M3_AL24477,B0,WFS,5.0,EDOF,0.125,0.06102549114926705
R8_R6_ATC_M3_AL24477_B0_WFS_EDOF_EPD5,R6_ATC_M3_AL24477_B0_WFS_EPD5,ATC_M3_AL24477,B0,WFS,5.0,EDOF,0.0,0.04224673923962544
R8_R6_ATC_M3_AL24477_B0_WFS_EDOF_EPD5,R6_ATC_M3_AL24477_B0_WFS_EPD5,ATC_M3_AL24477,B0,WFS,5.0,EDOF,-0.125,0.041421986121932125
R8_R6_ATC_M3_AL24477_B0_WFS_EDOF_EPD5,R6_ATC_M3_AL24477_B0_WFS_EPD5,ATC_M3_AL24477,B0,WFS,5.0,EDOF,-0.25,0.05735973934282098
R8_R6_ATC_M3_AL24477_B0_WFS_EDOF_EPD5,R6_ATC_M3_AL24477_B0_WFS_EPD5,ATC_M3_AL24477,B0,WFS,5.0,EDOF,-0.375,0.08011307778055836
R8_R6_ATC_M3_AL24477_B0_WFS_EDOF_EPD5,R6_ATC_M3_AL24477_B0_WFS_EPD5,ATC_M3_AL24477,B0,WFS,5.0,EDOF,-0.5,0.05593560566307687
R8_R6_ATC_M3_AL24477_B0_WFS_EDOF_EPD5,R6_ATC_M3_AL24477_B0_WFS_EPD5,ATC_M3_AL24477,B0,WFS,5.0,EDOF,-0.625,0.06059381746013259
R8_R6_ATC_M3_AL24477_B0_WFS_EDOF_EPD5,R6_ATC_M3_AL24477_B0_WFS_EPD5,ATC_M3_AL24477,B0,WFS,5.0,EDOF,-0.75,0.07959884249005689
R8_R6_ATC_M3_AL24477_B0_WFS_EDOF_EPD5,R6_ATC_M3_AL24477_B0_WFS_EPD5,ATC_M3_AL24477,B0,WFS,5.0,EDOF,-0.875,0.03271546724781553
R8_R6_ATC_M3_AL24477_B0_WFS_EDOF_EPD5,R6_ATC_M3_AL24477_B0_WFS_EPD5,ATC_M3_AL24477,B0,WFS,5.0,EDOF,-1.0,0.00599236679929694
R8_R6_ATC_M3_AL24477_B0_WFS_EDOF_EPD5,R6_ATC_M3_AL24477_B0_WFS_EPD5,ATC_M3_AL24477,B0,WFS,5.0,EDOF,-1.125,0.047313138231293767
R8_R6_ATC_M3_AL24477_B0_WFS_EDOF_EPD5,R6_ATC_M3_AL24477_B0_WFS_EPD5,ATC_M3_AL24477,B0,WFS,5.0,EDOF,-1.25,0.06523126840027035
R8_R6_ATC_M3_AL24477_B0_WFS_EDOF_EPD5,R6_ATC_M3_AL24477_B0_WFS_EPD5,ATC_M3_AL24477,B0,WFS,5.0,EDOF,-1.375,0.0023190223905039473
R8_R6_ATC_M3_AL24477_B0_WFS_EDOF_EPD5,R6_ATC_M3_AL24477_B0_WFS_EPD5,ATC_M3_AL24477,B0,WFS,5.0,EDOF,-1.5,0.0399752963680237
R8_R6_ATC_M3_AL24477_B0_WFS_EDOF_EPD5,R6_ATC_M3_AL24477_B0_WFS_EPD5,ATC_M3_AL24477,B0,WFS,5.0,EDOF,-1.625,0.0672885769598098
R8_R6_ATC_M3_AL24477_B0_WFS_EDOF_EPD5,R6_ATC_M3_AL24477_B0_WFS_EPD5,ATC_M3_AL24477,B0,WFS,5.0,EDOF,-1.75,0.005365412432624724
R8_R6_ATC_M3_AL24477_B0_WFS_EDOF_EPD5,R6_ATC_M3_AL24477_B0_WFS_EPD5,ATC_M3_AL24477,B0,WFS,5.0,EDOF,-1.875,0.0007608349027594499
R8_R6_ATC_M3_AL24477_B0_WFS_EDOF_EPD5,R6_ATC_M3_AL24477_B0_WFS_EPD5,ATC_M3_AL24477,B0,WFS,5.0,EDOF,-2.0,0.029461573337351308
R8_R6_ATC_M3_AL24477_B0_WFS_EDOF_EPD5,R6_ATC_M3_AL24477_B0_WFS_EPD5,ATC_M3_AL24477,B0,WFS,5.0,EDOF,-2.125,0.019615118595095703
R8_R6_ATC_M3_AL24477_B0_WFS_EDOF_EPD5,R6_ATC_M3_AL24477_B0_WFS_EPD5,ATC_M3_AL24477,B0,WFS,5.0,EDOF,-2.25,0.015413564221580769
R8_R6_ATC_M3_AL24477_B0_WFS_EDOF_EPD5,R6_ATC_M3_AL24477_B0_WFS_EPD5,ATC_M3_AL24477,B0,WFS,5.0,EDOF,-2.375,0.0012724816799962889
R8_R6_ATC_M3_AL24477_B0_WFS_EDOF_EPD5,R6_ATC_M3_AL24477_B0_WFS_EPD5,ATC_M3_AL24477,B0,WFS,5.0,EDOF,-2.5,0.011192030907246311
R8_R6_ATC_M3_AL24477_B0_WFS_EDOF_EPD5,R6_ATC_M3_AL24477_B0_WFS_EPD5,ATC_M3_AL24477,B0,WFS,5.0,EDOF,-2.625,0.02069769498405663
R8_R6_ATC_M3_AL24477_B0_WFS_EDOF_EPD5,R6_ATC_M3_AL24477_B0_WFS_EPD5,ATC_M3_AL24477,B0,WFS,5.0,EDOF,-2.75,0.01886397826549132
R8_R6_ATC_M3_AL24477_B0_WFS_EDOF_EPD5,R6_ATC_M3_AL24477_B0_WFS_EPD5,ATC_M3_AL24477,B0,WFS,5.0,EDOF,-2.875,0.011083711909855267
R8_R6_ATC_M3_AL24477_B0_WFS_EDOF_EPD5,R6_ATC_M3_AL24477_B0_WFS_EPD5,ATC_M3_AL24477,B0,WFS,5.0,EDOF,-3.0,0.0015267978805749184
R8_R6_ATC_M3_AL24477_B0_WFS_EDOF_EPD5,R6_ATC_M3_AL24477_B0_WFS_EPD5,ATC_M3_AL24477,B0,WFS,5.0,EDOF,-3.125,0.004221580013849298
R8_R6_ATC_M3_AL24477_B0_WFS_EDOF_EPD5,R6_ATC_M3_AL24477_B0_WFS_EPD5,ATC_M3_AL24477,B0,WFS,5.0,EDOF,-3.25,0.011080625593342146
R8_R6_ATC_M3_AL24477_B0_WFS_EDOF_EPD5,R6_ATC_M3_AL24477_B0_WFS_EPD5,ATC_M3_AL24477,B0,WFS,5.0,EDOF,-3.375,0.017105889898955576
R8_R6_ATC_M3_AL24477_B0_WFS_EDOF_EPD5,R6_ATC_M3_AL24477_B0_WFS_EPD5,ATC_M3_AL24477,B0,WFS,5.0,EDOF,-3.5,0.02128900757266331
R8_R6_ATC_M3_AL24477_B0_WFS_EDOF_EPD5,R6_ATC_M3_AL24477_B0_WFS_EPD5,ATC_M3_AL24477,B0,WFS,5.0,EDOF,-3.625,0.020885778468880293
R8_R6_ATC_M3_AL24477_B0_WFS_EDOF_EPD5,R6_ATC_M3_AL24477_B0_WFS_EPD5,ATC_M3_AL24477,B0,WFS,5.0,EDOF,-3.75,0.018198991984853925
R8_R6_ATC_M3_AL24477_B0_WFS_EDOF_EPD5,R6_ATC_M3_AL24477_B0_WFS_EPD5,ATC_M3_AL24477,B0,WFS,5.0,EDOF,-3.875,0.016329242641271828
R8_R6_ATC_M3_AL24477_B0_WFS_EDOF_EPD5,R6_ATC_M3_AL24477_B0_WFS_EPD5,ATC_M3_AL24477,B0,WFS,5.0,EDOF,-4.0,0.015222574968507107
R8_R6_ATC_M3_AL24477_B0_WFS_EDOF_EPD5,R6_ATC_M3_AL24477_B0_WFS_EPD5,ATC_M3_AL24477,B0,WFS,5.0,EDOF,-4.125,0.012626498102440993
R8_R6_ATC_M3_AL24477_B0_WFS_EDOF_EPD5,R6_ATC_M3_AL24477_B0_WFS_EPD5,ATC_M3_AL24477,B0,WFS,5.0,EDOF,-4.25,0.008722669940779658
R8_R6_ATC_M3_AL24477_B0_WFS_EDOF_EPD5,R6_ATC_M3_AL24477_B0_WFS_EPD5,ATC_M3_AL24477,B0,WFS,5.0,EDOF,-4.375,0.006546536108078901
R8_R6_ATC_M3_AL24477_B0_WFS_EDOF_EPD5,R6_ATC_M3_AL24477_B0_WFS_EPD5,ATC_M3_AL24477,B0,WFS,5.0,EDOF,-4.5,0.005094827470596919
R8_R6_ATC_M3_AL24477_B0_WFS_EDOF_EPD5,R6_ATC_M3_AL24477_B0_WFS_EPD5,ATC_M3_AL24477,B0,WFS,5.0,EDOF,-4.625,0.003337745866899456
R8_R6_ATC_M3_AL24477_B0_WFS_EDOF_EPD5,R6_ATC_M3_AL24477_B0_WFS_EPD5,ATC_M3_AL24477,B0,WFS,5.0,EDOF,-4.75,0.0006502641310347581
R8_R6_ATC_M3_AL24477_B0_WFS_EDOF_EPD5,R6_ATC_M3_AL24477_B0_WFS_EPD5,ATC_M3_AL24477,B0,WFS,5.0,EDOF,-4.875,0.0011507439146680766
R8_R6_ATC_M3_AL24477_B0_WFS_EDOF_EPD5,R6_ATC_M3_AL24477_B0_WFS_EPD5,ATC_M3_AL24477,B0,WFS,5.0,EDOF,-5.0,0.0016297419333752815
R8_R6_ATC_M3_AL24477_B0_RAD_MONO_EPD3,R6_ATC_M3_AL24477_B0_RAD_EPD3,ATC_M3_AL24477,B0,RAD,3.0,MONO,1.0,0.008622612495246202
R8_R6_ATC_M3_AL24477_B0_RAD_MONO_EPD3,R6_ATC_M3_AL24477_B0_RAD_EPD3,ATC_M3_AL24477,B0,RAD,3.0,MONO,0.875,0.011362874878404726
R8_R6_ATC_M3_AL24477_B0_RAD_MONO_EPD3,R6_ATC_M3_AL24477_B0_RAD_EPD3,ATC_M3_AL24477,B0,RAD,3.0,MONO,0.75,0.004616374727621351
R8_R6_ATC_M3_AL24477_B0_RAD_MONO_EPD3,R6_ATC_M3_AL24477_B0_RAD_EPD3,ATC_M3_AL24477,B0,RAD,3.0,MONO,0.625,0.03272965915984334
R8_R6_ATC_M3_AL24477_B0_RAD_MONO_EPD3,R6_ATC_M3_AL24477_B0_RAD_EPD3,ATC_M3_AL24477,B0,RAD,3.0,MONO,0.5,0.04759683506166519
R8_R6_ATC_M3_AL24477_B0_RAD_MONO_EPD3,R6_ATC_M3_AL24477_B0_RAD_EPD3,ATC_M3_AL24477,B0,RAD,3.0,MONO,0.375,0.05840130181418812
R8_R6_ATC_M3_AL24477_B0_RAD_MONO_EPD3,R6_ATC_M3_AL24477_B0_RAD_EPD3,ATC_M3_AL24477,B0,RAD,3.0,MONO,0.25,0.18045139085123502
R8_R6_ATC_M3_AL24477_B0_RAD_MONO_EPD3,R6_ATC_M3_AL24477_B0_RAD_EPD3,ATC_M3_AL24477,B0,RAD,3.0,MONO,0.125,0.4172642892726584
R8_R6_ATC_M3_AL24477_B0_RAD_MONO_EPD3,R6_ATC_M3_AL24477_B0_RAD_EPD3,ATC_M3_AL24477,B0,RAD,3.0,MONO,0.0,0.5458613217198349
R8_R6_ATC_M3_AL24477_B0_RAD_MONO_EPD3,R6_ATC_M3_AL24477_B0_RAD_EPD3,ATC_M3_AL24477,B0,RAD,3.0,MONO,-0.125,0.3773675706253593
R8_R6_ATC_M3_AL24477_B0_RAD_MONO_EPD3,R6_ATC_M3_AL24477_B0_RAD_EPD3,ATC_M3_AL24477,B0,RAD,3.0,MONO,-0.25,0.05448039752136896
R8_R6_ATC_M3_AL24477_B0_RAD_MONO_EPD3,R6_ATC_M3_AL24477_B0_RAD_EPD3,ATC_M3_AL24477,B0,RAD,3.0,MONO,-0.375,0.10481969190443938
R8_R6_ATC_M3_AL24477_B0_RAD_MONO_EPD3,R6_ATC_M3_AL24477_B0_RAD_EPD3,ATC_M3_AL24477,B0,RAD,3.0,MONO,-0.5,0.02346095573102877
R8_R6_ATC_M3_AL24477_B0_RAD_MONO_EPD3,R6_ATC_M3_AL24477_B0_RAD_EPD3,ATC_M3_AL24477,B0,RAD,3.0,MONO,-0.625,0.07940654838443786
R8_R6_ATC_M3_AL24477_B0_RAD_MONO_EPD3,R6_ATC_M3_AL24477_B0_RAD_EPD3,ATC_M3_AL24477,B0,RAD,3.0,MONO,-0.75,0.04527564041623797
R8_R6_ATC_M3_AL24477_B0_RAD_MONO_EPD3,R6_ATC_M3_AL24477_B0_RAD_EPD3,ATC_M3_AL24477,B0,RAD,3.0,MONO,-0.875,0.03220865416179451
R8_R6_ATC_M3_AL24477_B0_RAD_MONO_EPD3,R6_ATC_M3_AL24477_B0_RAD_EPD3,ATC_M3_AL24477,B0,RAD,3.0,MONO,-1.0,0.025167336817823276
R8_R6_ATC_M3_AL24477_B0_RAD_MONO_EPD3,R6_ATC_M3_AL24477_B0_RAD_EPD3,ATC_M3_AL24477,B0,RAD,3.0,MONO,-1.125,0.023965628742717522
R8_R6_ATC_M3_AL24477_B0_RAD_MONO_EPD3,R6_ATC_M3_AL24477_B0_RAD_EPD3,ATC_M3_AL24477,B0,RAD,3.0,MONO,-1.25,0.020556945242174583
R8_R6_ATC_M3_AL24477_B0_RAD_MONO_EPD3,R6_ATC_M3_AL24477_B0_RAD_EPD3,ATC_M3_AL24477,B0,RAD,3.0,MONO,-1.375,0.014117018587689979
R8_R6_ATC_M3_AL24477_B0_RAD_MONO_EPD3,R6_ATC_M3_AL24477_B0_RAD_EPD3,ATC_M3_AL24477,B0,RAD,3.0,MONO,-1.5,0.011792009916328911
R8_R6_ATC_M3_AL24477_B0_RAD_MONO_EPD3,R6_ATC_M3_AL24477_B0_RAD_EPD3,ATC_M3_AL24477,B0,RAD,3.0,MONO,-1.625,0.013030616834037004
R8_R6_ATC_M3_AL24477_B0_RAD_MONO_EPD3,R6_ATC_M3_AL24477_B0_RAD_EPD3,ATC_M3_AL24477,B0,RAD,3.0,MONO,-1.75,0.009865395462445099
R8_R6_ATC_M3_AL24477_B0_RAD_MONO_EPD3,R6_ATC_M3_AL24477_B0_RAD_EPD3,ATC_M3_AL24477,B0,RAD,3.0,MONO,-1.875,0.008784403125124315
R8_R6_ATC_M3_AL24477_B0_RAD_MONO_EPD3,R6_ATC_M3_AL24477_B0_RAD_EPD3,ATC_M3_AL24477,B0,RAD,3.0,MONO,-2.0,0.005044391425141287
R8_R6_ATC_M3_AL24477_B0_RAD_MONO_EPD3,R6_ATC_M3_AL24477_B0_RAD_EPD3,ATC_M3_AL24477,B0,RAD,3.0,MONO,-2.125,0.008472408635412404
R8_R6_ATC_M3_AL24477_B0_RAD_MONO_EPD3,R6_ATC_M3_AL24477_B0_RAD_EPD3,ATC_M3_AL24477,B0,RAD,3.0,MONO,-2.25,0.0029654188196583256
R8_R6_ATC_M3_AL24477_B0_RAD_MONO_EPD3,R6_ATC_M3_AL24477_B0_RAD_EPD3,ATC_M3_AL24477,B0,RAD,3.0,MONO,-2.375,0.00793530124272985
R8_R6_ATC_M3_AL24477_B0_RAD_MONO_EPD3,R6_ATC_M3_AL24477_B0_RAD_EPD3,ATC_M3_AL24477,B0,RAD,3.0,MONO,-2.5,0.0016585840503027904
R8_R6_ATC_M3_AL24477_B0_RAD_MONO_EPD3,R6_ATC_M3_AL24477_B0_RAD_EPD3,ATC_M3_AL24477,B0,RAD,3.0,MONO,-2.625,0.007458183681026678
R8_R6_ATC_M3_AL24477_B0_RAD_MONO_EPD3,R6_ATC_M3_AL24477_B0_RAD_EPD3,ATC_M3_AL24477,B0,RAD,3.0,MONO,-2.75,0.0012822052753211808
R8_R6_ATC_M3_AL24477_B0_RAD_MONO_EPD3,R6_ATC_M3_AL24477_B0_RAD_EPD3,ATC_M3_AL24477,B0,RAD,3.0,MONO,-2.875,0.006066480010935646
R8_R6_ATC_M3_AL24477_B0_RAD_MONO_EPD3,R6_ATC_M3_AL24477_B0_RAD_EPD3,ATC_M3_AL24477,B0,RAD,3.0,MONO,-3.0,0.00034844177212007616
R8_R6_ATC_M3_AL24477_B0_RAD_MONO_EPD3,R6_ATC_M3_AL24477_B0_RAD_EPD3,ATC_M3_AL24477,B0,RAD,3.0,MONO,-3.125,0.005060553978049926
R8_R6_ATC_M3_AL24477_B0_RAD_MONO_EPD3,R6_ATC_M3_AL24477_B0_RAD_EPD3,ATC_M3_AL24477,B0,RAD,3.0,MONO,-3.25,0.00025294120421306054
R8_R6_ATC_M3_AL24477_B0_RAD_MONO_EPD3,R6_ATC_M3_AL24477_B0_RAD_EPD3,ATC_M3_AL24477,B0,RAD,3.0,MONO,-3.375,0.003646722589270752
R8_R6_ATC_M3_AL24477_B0_RAD_MONO_EPD3,R6_ATC_M3_AL24477_B0_RAD_EPD3,ATC_M3_AL24477,B0,RAD,3.0,MONO,-3.5,0.0016626876352248848
R8_R6_ATC_M3_AL24477_B0_RAD_MONO_EPD3,R6_ATC_M3_AL24477_B0_RAD_EPD3,ATC_M3_AL24477,B0,RAD,3.0,MONO,-3.625,0.0034697577007573883
R8_R6_ATC_M3_AL24477_B0_RAD_MONO_EPD3,R6_ATC_M3_AL24477_B0_RAD_EPD3,ATC_M3_AL24477,B0,RAD,3.0,MONO,-3.75,0.0020944783872289484
R8_R6_ATC_M3_AL24477_B0_RAD_MONO_EPD3,R6_ATC_M3_AL24477_B0_RAD_EPD3,ATC_M3_AL24477,B0,RAD,3.0,MONO,-3.875,0.0033485299942668336
R8_R6_ATC_M3_AL24477_B0_RAD_MONO_EPD3,R6_ATC_M3_AL24477_B0_RAD_EPD3,ATC_M3_AL24477,B0,RAD,3.0,MONO,-4.0,0.0015178184835969995
R8_R6_ATC_M3_AL24477_B0_RAD_MONO_EPD3,R6_ATC_M3_AL24477_B0_RAD_EPD3,ATC_M3_AL24477,B0,RAD,3.0,MONO,-4.125,0.0021227916547777864
R8_R6_ATC_M3_AL24477_B0_RAD_MONO_EPD3,R6_ATC_M3_AL24477_B0_RAD_EPD3,ATC_M3_AL24477,B0,RAD,3.0,MONO,-4.25,0.0013585642686764913
R8_R6_ATC_M3_AL24477_B0_RAD_MONO_EPD3,R6_ATC_M3_AL24477_B0_RAD_EPD3,ATC_M3_AL24477,B0,RAD,3.0,MONO,-4.375,0.0003334297443578744
R8_R6_ATC_M3_AL24477_B0_RAD_MONO_EPD3,R6_ATC_M3_AL24477_B0_RAD_EPD3,ATC_M3_AL24477,B0,RAD,3.0,MONO,-4.5,0.0026373731518135246
R8_R6_ATC_M3_AL24477_B0_RAD_MONO_EPD3,R6_ATC_M3_AL24477_B0_RAD_EPD3,ATC_M3_AL24477,B0,RAD,3.0,MONO,-4.625,0.00030292695887473885
R8_R6_ATC_M3_AL24477_B0_RAD_MONO_EPD3,R6_ATC_M3_AL24477_B0_RAD_EPD3,ATC_M3_AL24477,B0,RAD,3.0,MONO,-4.75,0.0027168717954023534
R8_R6_ATC_M3_AL24477_B0_RAD_MONO_EPD3,R6_ATC_M3_AL24477_B0_RAD_EPD3,ATC_M3_AL24477,B0,RAD,3.0,MONO,-4.875,9.742597491145543e-05
R8_R6_ATC_M3_AL24477_B0_RAD_MONO_EPD3,R6_ATC_M3_AL24477_B0_RAD_EPD3,ATC_M3_AL24477,B0,RAD,3.0,MONO,-5.0,0.0023663049245912686
R8_R6_ATC_M3_AL24477_B0_RAD_EDOF_EPD3,R6_ATC_M3_AL24477_B0_RAD_EPD3,ATC_M3_AL24477,B0,RAD,3.0,EDOF,1.0,0.17894152378528122
R8_R6_ATC_M3_AL24477_B0_RAD_EDOF_EPD3,R6_ATC_M3_AL24477_B0_RAD_EPD3,ATC_M3_AL24477,B0,RAD,3.0,EDOF,0.875,0.30153417355633605
R8_R6_ATC_M3_AL24477_B0_RAD_EDOF_EPD3,R6_ATC_M3_AL24477_B0_RAD_EPD3,ATC_M3_AL24477,B0,RAD,3.0,EDOF,0.75,0.21050087215821783
R8_R6_ATC_M3_AL24477_B0_RAD_EDOF_EPD3,R6_ATC_M3_AL24477_B0_RAD_EPD3,ATC_M3_AL24477,B0,RAD,3.0,EDOF,0.625,0.059406118621450774
R8_R6_ATC_M3_AL24477_B0_RAD_EDOF_EPD3,R6_ATC_M3_AL24477_B0_RAD_EPD3,ATC_M3_AL24477,B0,RAD,3.0,EDOF,0.5,0.08559895796958178
R8_R6_ATC_M3_AL24477_B0_RAD_EDOF_EPD3,R6_ATC_M3_AL24477_B0_RAD_EPD3,ATC_M3_AL24477,B0,RAD,3.0,EDOF,0.375,0.2383479449964696
R8_R6_ATC_M3_AL24477_B0_RAD_EDOF_EPD3,R6_ATC_M3_AL24477_B0_RAD_EPD3,ATC_M3_AL24477,B0,RAD,3.0,EDOF,0.25,0.2627987977340258
R8_R6_ATC_M3_AL24477_B0_RAD_EDOF_EPD3,R6_ATC_M3_AL24477_B0_RAD_EPD3,ATC_M3_AL24477,B0,RAD,3.0,EDOF,0.125,0.09337223229971253
R8_R6_ATC_M3_AL24477_B0_RAD_EDOF_EPD3,R6_ATC_M3_AL24477_B0_RAD_EPD3,ATC_M3_AL24477,B0,RAD,3.0,EDOF,0.0,0.0667895781609592
R8_R6_ATC_M3_AL24477_B0_RAD_EDOF_EPD3,R6_ATC_M3_AL24477_B0_RAD_EPD3,ATC_M3_AL24477,B0,RAD,3.0,EDOF,-0.125,0.06886873445855504
R8_R6_ATC_M3_AL24477_B0_RAD_EDOF_EPD3,R6_ATC_M3_AL24477_B0_RAD_EPD3,ATC_M3_AL24477,B0,RAD,3.0,EDOF,-0.25,0.0015916551688944154
R8_R6_ATC_M3_AL24477_B0_RAD_EDOF_EPD3,R6_ATC_M3_AL24477_B0_RAD_EPD3,ATC_M3_AL24477,B0,RAD,3.0,EDOF,-0.375,0.01883734696521691
R8_R6_ATC_M3_AL24477_B0_RAD_EDOF_EPD3,R6_ATC_M3_AL24477_B0_RAD_EPD3,ATC_M3_AL24477,B0,RAD,3.0,EDOF,-0.5,0.0006726271042788923
R8_R6_ATC_M3_AL24477_B0_RAD_EDOF_EPD3,R6_ATC_M3_AL24477_B0_RAD_EPD3,ATC_M3_AL24477,B0,RAD,3.0,EDOF,-0.625,0.008340804922648045
R8_R6_ATC_M3_AL24477_B0_RAD_EDOF_EPD3,R6_ATC_M3_AL24477_B0_RAD_EPD3,ATC_M3_AL24477,B0,RAD,3.0,EDOF,-0.75,0.031408715070257
R8_R6_ATC_M3_AL24477_B0_RAD_EDOF_EPD3,R6_ATC_M3_AL24477_B0_RAD_EPD3,ATC_M3_AL24477,B0,RAD,3.0,EDOF,-0.875,0.029504168351348586
R8_R6_ATC_M3_AL24477_B0_RAD_EDOF_EPD3,R6_ATC_M3_AL24477_B0_RAD_EPD3,ATC_M3_AL24477,B0,RAD,3.0,EDOF,-1.0,0.01639115206855451
R8_R6_ATC_M3_AL24477_B0_RAD_EDOF_EPD3,R6_ATC_M3_AL24477_B0_RAD_EPD3,ATC_M3_AL24477,B0,RAD,3.0,EDOF,-1.125,0.012874944816626667
R8_R6_ATC_M3_AL24477_B0_RAD_EDOF_EPD3,R6_ATC_M3_AL24477_B0_RAD_EPD3,ATC_M3_AL24477,B0,RAD,3.0,EDOF,-1.25,0.0027404261519544323
R8_R6_ATC_M3_AL24477_B0_RAD_EDOF_EPD3,R6_ATC_M3_AL24477_B0_RAD_EPD3,ATC_M3_AL24477,B0,RAD,3.0,EDOF,-1.375,0.016359808470291618
R8_R6_ATC_M3_AL24477_B0_RAD_EDOF_EPD3,R6_ATC_M3_AL24477_B0_RAD_EPD3,ATC_M3_AL24477,B0,RAD,3.0,EDOF,-1.5,0.012204594635008448
R8_R6_ATC_M3_AL24477_B0_RAD_EDOF_EPD3,R6_ATC_M3_AL24477_B0_RAD_EPD3,ATC_M3_AL24477,B0,RAD,3.0,EDOF,-1.625,0.018483573234174898
R8_R6_ATC_M3_AL24477_B0_RAD_EDOF_EPD3,R6_ATC_M3_AL24477_B0_RAD_EPD3,ATC_M3_AL24477,B0,RAD,3.0,EDOF,-1.75,0.032833098731283275
R8_R6_ATC_M3_AL24477_B0_RAD_EDOF_EPD3,R6_ATC_M3_AL24477_B0_RAD_EPD3,ATC_M3_AL24477,B0,RAD,3.0,EDOF,-1.875,0.012408011099141306
R8_R6_ATC_M3_AL24477_B0_RAD_EDOF_EPD3,R6_ATC_M3_AL24477_B0_RAD_EPD3,ATC_M3_AL24477,B0,RAD,3.0,EDOF,-2.0,0.010014517789954437
R8_R6_ATC_M3_AL24477_B0_RAD_EDOF_EPD3,R6_ATC_M3_AL24477_B0_RAD_EPD3,ATC_M3_AL24477,B0,RAD,3.0,EDOF,-2.125,0.010323940265980686
R8_R6_ATC_M3_AL24477_B0_RAD_EDOF_EPD3,R6_ATC_M3_AL24477_B0_RAD_EPD3,ATC_M3_AL24477,B0,RAD,3.0,EDOF,-2.25,0.0027522958108633674
R8_R6_ATC_M3_AL24477_B0_RAD_EDOF_EPD3,R6_ATC_M3_AL24477_B0_RAD_EPD3,ATC_M3_AL24477,B0,RAD,3.0,EDOF,-2.375,0.0003558884190095873
R8_R6_ATC_M3_AL24477_B0_RAD_EDOF_EPD3,R6_ATC_M3_AL24477_B0_RAD_EPD3,ATC_M3_AL24477,B0,RAD,3.0,EDOF,-2.5,0.0034710647793198433
R8_R6_ATC_M3_AL24477_B0_RAD_EDOF_EPD3,R6_ATC_M3_AL24477_B0_RAD_EPD3,ATC_M3_AL24477,B0,RAD,3.0,EDOF,-2.625,0.008577987603392005
R8_R6_ATC_M3_AL24477_B0_RAD_EDOF_EPD3,R6_ATC_M3_AL24477_B0_RAD_EPD3,ATC_M3_AL24477,B0,RAD,3.0,EDOF,-2.75,0.006932271610228656
R8_R6_ATC_M3_AL24477_B0_RAD_EDOF_EPD3,R6_ATC_M3_AL24477_B0_RAD_EPD3,ATC_M3_AL24477,B0,RAD,3.0,EDOF,-2.875,0.00487994683804895
R8_R6_ATC_M3_AL24477_B0_RAD_EDOF_EPD3,R6_ATC_M3_AL24477_B0_RAD_EPD3,ATC_M3_AL24477,B0,RAD,3.0,EDOF,-3.0,0.011492475671771835
R8_R6_ATC_M3_AL24477_B0_RAD_EDOF_EPD3,R6_ATC_M3_AL24477_B0_RAD_EPD3,ATC_M3_AL24477,B0,RAD,3.0,EDOF,-3.125,0.01608164777895204
R8_R6_ATC_M3_AL24477_B0_RAD_EDOF_EPD3,R6_ATC_M3_AL24477_B0_RAD_EPD3,ATC_M3_AL24477,B0,RAD,3.0,EDOF,-3.25,0.00814321537186289
R8_R6_ATC_M3_AL24477_B0_RAD_EDOF_EPD3,R6_ATC_M3_AL24477_B0_RAD_EPD3,ATC_M3_AL24477,B0,RAD,3.0,EDOF,-3.375,0.0022315685578014116
R8_R6_ATC_M3_AL24477_B0_RAD_EDOF_EPD3,R6_ATC_M3_AL24477_B0_RAD_EPD3,ATC_M3_AL24477,B0,RAD,3.0,EDOF,-3.5,0.014018482826087704
R8_R6_ATC_M3_AL24477_B0_RAD_EDOF_EPD3,R6_ATC_M3_AL24477_B0_RAD_EPD3,ATC_M3_AL24477,B0,RAD,3.0,EDOF,-3.625,0.03212323881115299
R8_R6_ATC_M3_AL24477_B0_RAD_EDOF_EPD3,R6_ATC_M3_AL24477_B0_RAD_EPD3,ATC_M3_AL24477,B0,RAD,3.0,EDOF,-3.75,0.03614621534076638
R8_R6_ATC_M3_AL24477_B0_RAD_EDOF_EPD3,R6_ATC_M3_AL24477_B0_RAD_EPD3,ATC_M3_AL24477,B0,RAD,3.0,EDOF,-3.875,0.02419602525317508
R8_R6_ATC_M3_AL24477_B0_RAD_EDOF_EPD3,R6_ATC_M3_AL24477_B0_RAD_EPD3,ATC_M3_AL24477,B0,RAD,3.0,EDOF,-4.0,0.007488728501299632
R8_R6_ATC_M3_AL24477_B0_RAD_EDOF_EPD3,R6_ATC_M3_AL24477_B0_RAD_EPD3,ATC_M3_AL24477,B0,RAD,3.0,EDOF,-4.125,0.0023863914287632266
R8_R6_ATC_M3_AL24477_B0_RAD_EDOF_EPD3,R6_ATC_M3_AL24477_B0_RAD_EPD3,ATC_M3_AL24477,B0,RAD,3.0,EDOF,-4.25,0.002734889811318398
R8_R6_ATC_M3_AL24477_B0_RAD_EDOF_EPD3,R6_ATC_M3_AL24477_B0_RAD_EPD3,ATC_M3_AL24477,B0,RAD,3.0,EDOF,-4.375,0.022077006831861534
R8_R6_ATC_M3_AL24477_B0_RAD_EDOF_EPD3,R6_ATC_M3_AL24477_B0_RAD_EPD3,ATC_M3_AL24477,B0,RAD,3.0,EDOF,-4.5,0.035618428270952324
R8_R6_ATC_M3_AL24477_B0_RAD_EDOF_EPD3,R6_ATC_M3_AL24477_B0_RAD_EPD3,ATC_M3_AL24477,B0,RAD,3.0,EDOF,-4.625,0.024759252387752465
R8_R6_ATC_M3_AL24477_B0_RAD_EDOF_EPD3,R6_ATC_M3_AL24477_B0_RAD_EPD3,ATC_M3_AL24477,B0,RAD,3.0,EDOF,-4.75,0.0012178682366357262
R8_R6_ATC_M3_AL24477_B0_RAD_EDOF_EPD3,R6_ATC_M3_AL24477_B0_RAD_EPD3,ATC_M3_AL24477,B0,RAD,3.0,EDOF,-4.875,0.011156371370222525
R8_R6_ATC_M3_AL24477_B0_RAD_EDOF_EPD3,R6_ATC_M3_AL24477_B0_RAD_EPD3,ATC_M3_AL24477,B0,RAD,3.0,EDOF,-5.0,0.004131957069114578
R8_R6_ATC_M3_AL24477_B0_RAD_MONO_EPD5,R6_ATC_M3_AL24477_B0_RAD_EPD5,ATC_M3_AL24477,B0,RAD,5.0,MONO,1.0,0.001236719674860312
R8_R6_ATC_M3_AL24477_B0_RAD_MONO_EPD5,R6_ATC_M3_AL24477_B0_RAD_EPD5,ATC_M3_AL24477,B0,RAD,5.0,MONO,0.875,0.0009656705526022888
R8_R6_ATC_M3_AL24477_B0_RAD_MONO_EPD5,R6_ATC_M3_AL24477_B0_RAD_EPD5,ATC_M3_AL24477,B0,RAD,5.0,MONO,0.75,0.0023372353704934653
R8_R6_ATC_M3_AL24477_B0_RAD_MONO_EPD5,R6_ATC_M3_AL24477_B0_RAD_EPD5,ATC_M3_AL24477,B0,RAD,5.0,MONO,0.625,0.003431761327032424
R8_R6_ATC_M3_AL24477_B0_RAD_MONO_EPD5,R6_ATC_M3_AL24477_B0_RAD_EPD5,ATC_M3_AL24477,B0,RAD,5.0,MONO,0.5,0.013527051948931864
R8_R6_ATC_M3_AL24477_B0_RAD_MONO_EPD5,R6_ATC_M3_AL24477_B0_RAD_EPD5,ATC_M3_AL24477,B0,RAD,5.0,MONO,0.375,0.03203203072630967
R8_R6_ATC_M3_AL24477_B0_RAD_MONO_EPD5,R6_ATC_M3_AL24477_B0_RAD_EPD5,ATC_M3_AL24477,B0,RAD,5.0,MONO,0.25,0.07464282033416827
R8_R6_ATC_M3_AL24477_B0_RAD_MONO_EPD5,R6_ATC_M3_AL24477_B0_RAD_EPD5,ATC_M3_AL24477,B0,RAD,5.0,MONO,0.125,0.12365599969593545
R8_R6_ATC_M3_AL24477_B0_RAD_MONO_EPD5,R6_ATC_M3_AL24477_B0_RAD_EPD5,ATC_M3_AL24477,B0,RAD,5.0,MONO,0.0,0.1712598581591454
R8_R6_ATC_M3_AL24477_B0_RAD_MONO_EPD5,R6_ATC_M3_AL24477_B0_RAD_EPD5,ATC_M3_AL24477,B0,RAD,5.0,MONO,-0.125,0.15539491865424176
R8_R6_ATC_M3_AL24477_B0_RAD_MONO_EPD5,R6_ATC_M3_AL24477_B0_RAD_EPD5,ATC_M3_AL24477,B0,RAD,5.0,MONO,-0.25,0.08493947699154719
R8_R6_ATC_M3_AL24477_B0_RAD_MONO_EPD5,R6_ATC_M3_AL24477_B0_RAD_EPD5,ATC_M3_AL24477,B0,RAD,5.0,MONO,-0.375,0.0018893875095293664
R8_R6_ATC_M3_AL24477_B0_RAD_MONO_EPD5,R6_ATC_M3_AL24477_B0_RAD_EPD5,ATC_M3_AL24477,B0,RAD,5.0,MONO,-0.5,0.02408819375171278
R8_R6_ATC_M3_AL24477_B0_RAD_MONO_EPD5,R6_ATC_M3_AL24477_B0_RAD_EPD5,ATC_M3_AL24477,B0,RAD,5.0,MONO,-0.625,0.07555320758721823
R8_R6_ATC_M3_AL24477_B0_RAD_MONO_EPD5,R6_ATC_M3_AL24477_B0_RAD_EPD5,ATC_M3_AL24477,B0,RAD,5.0,MONO,-0.75,0.08814928027548813
R8_R6_ATC_M3_AL24477_B0_RAD_MONO_EPD5,R6_ATC_M3_AL24477_B0_RAD_EPD5,ATC_M3_AL24477,B0,RAD,5.0,MONO,-0.875,0.0027304532684157565
R8_R6_ATC_M3_AL24477_B0_RAD_MONO_EPD5,R6_ATC_M3_AL24477_B0_RAD_EPD5,ATC_M3_AL24477,B0,RAD,5.0,MONO,-1.0,0.017387830576393135
R8_R6_ATC_M3_AL24477_B0_RAD_MONO_EPD5,R6_ATC_M3_AL24477_B0_RAD_EPD5,ATC_M3_AL24477,B0,RAD,5.0,MONO,-1.125,0.0826417067579063
R8_R6_ATC_M3_AL24477_B0_RAD_MONO_EPD5,R6_ATC_M3_AL24477_B0_RAD_EPD5,ATC_M3_AL24477,B0,RAD,5.0,MONO,-1.25,0.03656270481413946
R8_R6_ATC_M3_AL24477_B0_RAD_MONO_EPD5,R6_ATC_M3_AL24477_B0_RAD_EPD5,ATC_M3_AL24477,B0,RAD,5.0,MONO,-1.375,0.0043927650132667174
R8_R6_ATC_M3_AL24477_B0_RAD_MONO_EPD5,R6_ATC_M3_AL24477_B0_RAD_EPD5,ATC_M3_AL24477,B0,RAD,5.0,MONO,-1.5,0.05444705443086403
R8_R6_ATC_M3_AL24477_B0_RAD_MONO_EPD5,R6_ATC_M3_AL24477_B0_RAD_EPD5,ATC_M3_AL24477,B0,RAD,5.0,MONO,-1.625,0.0004734801021244818
R8_R6_ATC_M3_AL24477_B0_RAD_MONO_EPD5,R6_ATC_M3_AL24477_B0_RAD_EPD5,ATC_M3_AL24477,B0,RAD,5.0,MONO,-1.75,0.009892568277158974
R8_R6_ATC_M3_AL24477_B0_RAD_MONO_EPD5,R6_ATC_M3_AL24477_B0_RAD_EPD5,ATC_M3_AL24477,B0,RAD,5.0,MONO,-1.875,0.03129085708406559
R8_R6_ATC_M3_AL24477_B0_RAD_MONO_EPD5,R6_ATC_M3_AL24477_B0_RAD_EPD5,ATC_M3_AL24477,B0,RAD,5.0,MONO,-2.0,0.019727698635411815
R8_R6_ATC_M3_AL24477_B0_RAD_MONO_EPD5,R6_ATC_M3_AL24477_B0_RAD_EPD5,ATC_M3_AL24477,B0,RAD,5.0,MONO,-2.125,0.005876740641603583
R8_R6_ATC_M3_AL24477_B0_RAD_MONO_EPD5,R6_ATC_M3_AL24477_B0_RAD_EPD5,ATC_M3_AL24477,B0,RAD,5.0,MONO,-2.25,0.012569756476924092
R8_R6_ATC_M3_AL24477_B0_RAD_MONO_EPD5,R6_ATC_M3_AL24477_B0_RAD_EPD5,ATC_M3_AL24477,B0,RAD,5.0,MONO,-2.375,0.024166578017126544
R8_R6_ATC_M3_AL24477_B0_RAD_MONO_EPD5,R6_ATC_M3_AL24477_B0_RAD_EPD5,ATC_M3_AL24477,B0,RAD,5.0,MONO,-2.5,0.029307840265661377
R8_R6_ATC_M3_AL24477_B0_RAD_MONO_EPD5,R6_ATC_M3_AL24477_B0_RAD_EPD5,ATC_M3_AL24477,B0,RAD,5.0,MONO,-2.625,0.025809668532275933
R8_R6_ATC_M3_AL24477_B0_RAD_MONO_EPD5,R6_ATC_M3_AL24477_B0_RAD_EPD5,ATC_M3_AL24477,B0,RAD,5.0,MONO,-2.75,0.020517316796402604
R8_R6_ATC_M3_AL24477_B0_RAD_MONO_EPD5,R6_ATC_M3_AL24477_B0_RAD_EPD5,ATC_M3_AL24477,B0,RAD,5.0,MONO,-2.875,0.012452552003166289
R8_R6_ATC_M3_AL24477_B0_RAD_MONO_EPD5,R6_ATC_M3_AL24477_B0_RAD_EPD5,ATC_M3_AL24477,B0,RAD,5.0,MONO,-3.0,0.006156327170993261
R8_R6_ATC_M3_AL24477_B0_RAD_MONO_EPD5,R6_ATC_M3_AL24477_B0_RAD_EPD5,ATC_M3_AL24477,B0,RAD,5.0,MONO,-3.125,0.0008232426494100484
R8_R6_ATC_M3_AL24477_B0_RAD_MONO_EPD5,R6_ATC_M3_AL24477_B0_RAD_EPD5,ATC_M3_AL24477,B0,RAD,5.0,MONO,-3.25,0.0020065081588442604
R8_R6_ATC_M3_AL24477_B0_RAD_MONO_EPD5,R6_ATC_M3_AL24477_B0_RAD_EPD5,ATC_M3_AL24477,B0,RAD,5.0,MONO,-3.375,0.004785472734549432
R8_R6_ATC_M3_AL24477_B0_RAD_MONO_EPD5,R6_ATC_M3_AL24477_B0_RAD_EPD5,ATC_M3_AL24477,B0,RAD,5.0,MONO,-3.5,0.007507608078176084
R8_R6_ATC_M3_AL24477_B0_RAD_MONO_EPD5,R6_ATC_M3_AL24477_B0_RAD_EPD5,ATC_M3_AL24477,B0,RAD,5.0,MONO,-3.625,0.00923765594710602
R8_R6_ATC_M3_AL24477_B0_RAD_MONO_EPD5,R6_ATC_M3_AL24477_B0_RAD_EPD5,ATC_M3_AL24477,B0,RAD,5.0,MONO,-3.75,0.009310060243960729
R8_R6_ATC_M3_AL24477_B0_RAD_MONO_EPD5,R6_ATC_M3_AL24477_B0_RAD_EPD5,ATC_M3_AL24477,B0,RAD,5.0,MONO,-3.875,0.008965269693300006
R8_R6_ATC_M3_AL24477_B0_RAD_MONO_EPD5,R6_ATC_M3_AL24477_B0_RAD_EPD5,ATC_M3_AL24477,B0,RAD,5.0,MONO,-4.0,0.009042585325830532
R8_R6_ATC_M3_AL24477_B0_RAD_MONO_EPD5,R6_ATC_M3_AL24477_B0_RAD_EPD5,ATC_M3_AL24477,B0,RAD,5.0,MONO,-4.125,0.008165426962375814
R8_R6_ATC_M3_AL24477_B0_RAD_MONO_EPD5,R6_ATC_M3_AL24477_B0_RAD_EPD5,ATC_M3_AL24477,B0,RAD,5.0,MONO,-4.25,0.007208129383971845
R8_R6_ATC_M3_AL24477_B0_RAD_MONO_EPD5,R6_ATC_M3_AL24477_B0_RAD_EPD5,ATC_M3_AL24477,B0,RAD,5.0,MONO,-4.375,0.005661735459456082
R8_R6_ATC_M3_AL24477_B0_RAD_MONO_EPD5,R6_ATC_M3_AL24477_B0_RAD_EPD5,ATC_M3_AL24477,B0,RAD,5.0,MONO,-4.5,0.005612750069020036
R8_R6_ATC_M3_AL24477_B0_RAD_MONO_EPD5,R6_ATC_M3_AL24477_B0_RAD_EPD5,ATC_M3_AL24477,B0,RAD,5.0,MONO,-4.625,0.005078934510964908
R8_R6_ATC_M3_AL24477_B0_RAD_MONO_EPD5,R6_ATC_M3_AL24477_B0_RAD_EPD5,ATC_M3_AL24477,B0,RAD,5.0,MONO,-4.75,0.004078470791399664
R8_R6_ATC_M3_AL24477_B0_RAD_MONO_EPD5,R6_ATC_M3_AL24477_B0_RAD_EPD5,ATC_M3_AL24477,B0,RAD,5.0,MONO,-4.875,0.003754295152899823
R8_R6_ATC_M3_AL24477_B0_RAD_MONO_EPD5,R6_ATC_M3_AL24477_B0_RAD_EPD5,ATC_M3_AL24477,B0,RAD,5.0,MONO,-5.0,0.0022549777479366666
R8_R6_ATC_M3_AL24477_B0_RAD_EDOF_EPD5,R6_ATC_M3_AL24477_B0_RAD_EPD5,ATC_M3_AL24477,B0,RAD,5.0,EDOF,1.0,0.055675156550087236
R8_R6_ATC_M3_AL24477_B0_RAD_EDOF_EPD5,R6_ATC_M3_AL24477_B0_RAD_EPD5,ATC_M3_AL24477,B0,RAD,5.0,EDOF,0.875,0.10032605569486813
R8_R6_ATC_M3_AL24477_B0_RAD_EDOF_EPD5,R6_ATC_M3_AL24477_B0_RAD_EPD5,ATC_M3_AL24477,B0,RAD,5.0,EDOF,0.75,0.0833611332014523
R8_R6_ATC_M3_AL24477_B0_RAD_EDOF_EPD5,R6_ATC_M3_AL24477_B0_RAD_EPD5,ATC_M3_AL24477,B0,RAD,5.0,EDOF,0.625,0.02149822819802734
R8_R6_ATC_M3_AL24477_B0_RAD_EDOF_EPD5,R6_ATC_M3_AL24477_B0_RAD_EPD5,ATC_M3_AL24477,B0,RAD,5.0,EDOF,0.5,0.03128071926249574
R8_R6_ATC_M3_AL24477_B0_RAD_EDOF_EPD5,R6_ATC_M3_AL24477_B0_RAD_EPD5,ATC_M3_AL24477,B0,RAD,5.0,EDOF,0.375,0.0880587705591653
R8_R6_ATC_M3_AL24477_B0_RAD_EDOF_EPD5,R6_ATC_M3_AL24477_B0_RAD_EPD5,ATC_M3_AL24477,B0,RAD,5.0,EDOF,0.25,0.11241316481539068
R8_R6_ATC_M3_AL24477_B0_RAD_EDOF_EPD5,R6_ATC_M3_AL24477_B0_RAD_EPD5,ATC_M3_AL24477,B0,RAD,5.0,EDOF,0.125,0.06443662655839573
R8_R6_ATC_M3_AL24477_B0_RAD_EDOF_EPD5,R6_ATC_M3_AL24477_B0_RAD_EPD5,ATC_M3_AL24477,B0,RAD,5.0,EDOF,0.0,0.025419513508112553
R8_R6_ATC_M3_AL24477_B0_RAD_EDOF_EPD5,R6_ATC_M3_AL24477_B0_RAD_EPD5,ATC_M3_AL24477,B0,RAD,5.0,EDOF,-0.125,0.05083719651463536
R8_R6_ATC_M3_AL24477_B0_RAD_EDOF_EPD5,R6_ATC_M3_AL24477_B0_RAD_EPD5,ATC_M3_AL24477,B0,RAD,5.0,EDOF,-0.25,0.041801855337518457
R8_R6_ATC_M3_AL24477_B0_RAD_EDOF_EPD5,R6_ATC_M3_AL24477_B0_RAD_EPD5,ATC_M3_AL24477,B0,RAD,5.0,EDOF,-0.375,0.03394234309479539
R8_R6_ATC_M3_AL24477_B0_RAD_EDOF_EPD5,R6_ATC_M3_AL24477_B0_RAD_EPD5,ATC_M3_AL24477,B0,RAD,5.0,EDOF,-0.5,0.005160113040570652
R8_R6_ATC_M3_AL24477_B0_RAD_EDOF_EPD5,R6_ATC_M3_AL24477_B0_RAD_EPD5,ATC_M3_AL24477,B0,RAD,5.0,EDOF,-0.625,0.04564465636331402
R8_R6_ATC_M3_AL24477_B0_RAD_EDOF_EPD5,R6_ATC_M3_AL24477_B0_RAD_EPD5,ATC_M3_AL24477,B0,RAD,5.0,EDOF,-0.75,0.09869233011466438
R8_R6_ATC_M3_AL24477_B0_RAD_EDOF_EPD5,R6_ATC_M3_AL24477_B0_RAD_EPD5,ATC_M3_AL24477,B0,RAD,5.0,EDOF,-0.875,0.04514883923041248
R8_R6_ATC_M3_AL24477_B0_RAD_EDOF_EPD5,R6_ATC_M3_AL24477_B0_RAD_EPD5,ATC_M3_AL24477,B0,RAD,5.0,EDOF,-1.0,0.02024142665585528
R8_R6_ATC_M3_AL24477_B0_RAD_EDOF_EPD5,R6_ATC_M3_AL24477_B0_RAD_EPD5,ATC_M3_AL24477,B0,RAD,5.0,EDOF,-1.125,0.05132617536773908
R8_R6_ATC_M3_AL24477_B0_RAD_EDOF_EPD5,R6_ATC_M3_AL24477_B0_RAD_EPD5,ATC_M3_AL24477,B0,RAD,5.0,EDOF,-1.25,0.06863707066456545
R8_R6_ATC_M3_AL24477_B0_RAD_EDOF_EPD5,R6_ATC_M3_AL24477_B0_RAD_EPD5,ATC_M3_AL24477,B0,RAD,5.0,EDOF,-1.375,0.007056049818844566
R8_R6_ATC_M3_AL24477_B0_RAD_EDOF_EPD5,R6_ATC_M3_AL24477_B0_RAD_EPD5,ATC_M3_AL24477,B0,RAD,5.0,EDOF,-1.5,0.016676494216805185
R8_R6_ATC_M3_AL24477_B0_RAD_EDOF_EPD5,R6_ATC_M3_AL24477_B0_RAD_EPD5,ATC_M3_AL24477,B0,RAD,5.0,EDOF,-1.625,0.03646428263456748
R8_R6_ATC_M3_AL24477_B0_RAD_EDOF_EPD5,R6_ATC_M3_AL24477_B0_RAD_EPD5,ATC_M3_AL24477,B0,RAD,5.0,EDOF,-1.75,0.007174733205536554
R8_R6_ATC_M3_AL24477_B0_RAD_EDOF_EPD5,R6_ATC_M3_AL24477_B0_RAD_EPD5,ATC_M3_AL24477,B0,RAD,5.0,EDOF,-1.875,0.00111212380987685
R8_R6_ATC_M3_AL24477_B0_RAD_EDOF_EPD5,R6_ATC_M3_AL24477_B0_RAD_EPD5,ATC_M3_AL24477,B0,RAD,5.0,EDOF,-2.0,0.01650039417315645
R8_R6_ATC_M3_AL24477_B0_RAD_EDOF_EPD5,R6_ATC_M3_AL24477_B0_RAD_EPD5,ATC_M3_AL24477,B0,RAD,5.0,EDOF,-2.125,0.013338436401357952
R8_R6_ATC_M3_AL24477_B0_RAD_EDOF_EPD5,R6_ATC_M3_AL24477_B0_RAD_EPD5,ATC_M3_AL24477,B0,RAD,5.0,EDOF,-2.25,0.002727658198742006
R8_R6_ATC_M3_AL24477_B0_RAD_EDOF_EPD5,R6_ATC_M3_AL24477_B0_RAD_EPD5,ATC_M3_AL24477,B0,RAD,5.0,EDOF,-2.375,0.0009189073714776161
R8_R6_ATC_M3_AL24477_B0_RAD_EDOF_EPD5,R6_ATC_M3_AL24477_B0_RAD_EPD5,ATC_M3_AL24477,B0,RAD,5.0,EDOF,-2.5,0.0062190485666082825
R8_R6_ATC_M3_AL24477_B0_RAD_EDOF_EPD5,R6_ATC_M3_AL24477_B0_RAD_EPD5,ATC_M3_AL24477,B0,RAD,5.0,EDOF,-2.625,0.0026471960651880283
R8_R6_ATC_M3_AL24477_B0_RAD_EDOF_EPD5,R6_ATC_M3_AL24477_B0_RAD_EPD5,ATC_M3_AL24477,B0,RAD,5.0,EDOF,-2.75,0.0017108137159929405
R8_R6_ATC_M3_AL24477_B0_RAD_EDOF_EPD5,R6_ATC_M3_AL24477_B0_RAD_EPD5,ATC_M3_AL24477,B0,RAD,5.0,EDOF,-2.875,0.008939422769616368
R8_R6_ATC_M3_AL24477_B0_RAD_EDOF_EPD5,R6_ATC_M3_AL24477_B0_RAD_EPD5,ATC_M3_AL24477,B0,RAD,5.0,EDOF,-3.0,0.0014205537850212149
R8_R6_ATC_M3_AL24477_B0_RAD_EDOF_EPD5,R6_ATC_M3_AL24477_B0_RAD_EPD5,ATC_M3_AL24477,B0,RAD,5.0,EDOF,-3.125,0.005129594194150548
R8_R6_ATC_M3_AL24477_B0_RAD_EDOF_EPD5,R6_ATC_M3_AL24477_B0_RAD_EPD5,ATC_M3_AL24477,B0,RAD,5.0,EDOF,-3.25,0.0084610021723126
R8_R6_ATC_M3_AL24477_B0_RAD_EDOF_EPD5,R6_ATC_M3_AL24477_B0_RAD_EPD5,ATC_M3_AL24477,B0,RAD,5.0,EDOF,-3.375,0.005984557064651246
R8_R6_ATC_M3_AL24477_B0_RAD_EDOF_EPD5,R6_ATC_M3_AL24477_B0_RAD_EPD5,ATC_M3_AL24477,B0,RAD,5.0,EDOF,-3.5,0.015380757004922033
R8_R6_ATC_M3_AL24477_B0_RAD_EDOF_EPD5,R6_ATC_M3_AL24477_B0_RAD_EPD5,ATC_M3_AL24477,B0,RAD,5.0,EDOF,-3.625,0.002268256591234044
R8_R6_ATC_M3_AL24477_B0_RAD_EDOF_EPD5,R6_ATC_M3_AL24477_B0_RAD_EPD5,ATC_M3_AL24477,B0,RAD,5.0,EDOF,-3.75,0.022664948167635153
R8_R6_ATC_M3_AL24477_B0_RAD_EDOF_EPD5,R6_ATC_M3_AL24477_B0_RAD_EPD5,ATC_M3_AL24477,B0,RAD,5.0,EDOF,-3.875,0.00677601420788175
R8_R6_ATC_M3_AL24477_B0_RAD_EDOF_EPD5,R6_ATC_M3_AL24477_B0_RAD_EPD5,ATC_M3_AL24477,B0,RAD,5.0,EDOF,-4.0,0.0011237038216126952
R8_R6_ATC_M3_AL24477_B0_RAD_EDOF_EPD5,R6_ATC_M3_AL24477_B0_RAD_EPD5,ATC_M3_AL24477,B0,RAD,5.0,EDOF,-4.125,0.0068873357660489505
R8_R6_ATC_M3_AL24477_B0_RAD_EDOF_EPD5,R6_ATC_M3_AL24477_B0_RAD_EPD5,ATC_M3_AL24477,B0,RAD,5.0,EDOF,-4.25,0.01495840586612079
R8_R6_ATC_M3_AL24477_B0_RAD_EDOF_EPD5,R6_ATC_M3_AL24477_B0_RAD_EPD5,ATC_M3_AL24477,B0,RAD,5.0,EDOF,-4.375,0.024731709120959778
R8_R6_ATC_M3_AL24477_B0_RAD_EDOF_EPD5,R6_ATC_M3_AL24477_B0_RAD_EPD5,ATC_M3_AL24477,B0,RAD,5.0,EDOF,-4.5,0.006303705589588545
R8_R6_ATC_M3_AL24477_B0_RAD_EDOF_EPD5,R6_ATC_M3_AL24477_B0_RAD_EPD5,ATC_M3_AL24477,B0,RAD,5.0,EDOF,-4.625,0.023893419548169717
R8_R6_ATC_M3_AL24477_B0_RAD_EDOF_EPD5,R6_ATC_M3_AL24477_B0_RAD_EPD5,ATC_M3_AL24477,B0,RAD,5.0,EDOF,-4.75,0.007599301050623291
R8_R6_ATC_M3_AL24477_B0_RAD_EDOF_EPD5,R6_ATC_M3_AL24477_B0_RAD_EPD5,ATC_M3_AL24477,B0,RAD,5.0,EDOF,-4.875,0.00020742200745850527
R8_R6_ATC_M3_AL24477_B0_RAD_EDOF_EPD5,R6_ATC_M3_AL24477_B0_RAD_EPD5,ATC_M3_AL24477,B0,RAD,5.0,EDOF,-5.0,0.004798567666069625
R8_R6_ATC_M3_AL24477_B0_HOA_MONO_EPD3,R6_ATC_M3_AL24477_B0_HOA_EPD3,ATC_M3_AL24477,B0,HOA,3.0,MONO,1.0,0.0165386683873728
R8_R6_ATC_M3_AL24477_B0_HOA_MONO_EPD3,R6_ATC_M3_AL24477_B0_HOA_EPD3,ATC_M3_AL24477,B0,HOA,3.0,MONO,0.875,0.009283629060680393
R8_R6_ATC_M3_AL24477_B0_HOA_MONO_EPD3,R6_ATC_M3_AL24477_B0_HOA_EPD3,ATC_M3_AL24477,B0,HOA,3.0,MONO,0.75,0.02367244151729067
R8_R6_ATC_M3_AL24477_B0_HOA_MONO_EPD3,R6_ATC_M3_AL24477_B0_HOA_EPD3,ATC_M3_AL24477,B0,HOA,3.0,MONO,0.625,0.08443355448698614
R8_R6_ATC_M3_AL24477_B0_HOA_MONO_EPD3,R6_ATC_M3_AL24477_B0_HOA_EPD3,ATC_M3_AL24477,B0,HOA,3.0,MONO,0.5,0.15247309665787004
R8_R6_ATC_M3_AL24477_B0_HOA_MONO_EPD3,R6_ATC_M3_AL24477_B0_HOA_EPD3,ATC_M3_AL24477,B0,HOA,3.0,MONO,0.375,0.19564128163945244
R8_R6_ATC_M3_AL24477_B0_HOA_MONO_EPD3,R6_ATC_M3_AL24477_B0_HOA_EPD3,ATC_M3_AL24477,B0,HOA,3.0,MONO,0.25,0.25000315238466786
R8_R6_ATC_M3_AL24477_B0_HOA_MONO_EPD3,R6_ATC_M3_AL24477_B0_HOA_EPD3,ATC_M3_AL24477,B0,HOA,3.0,MONO,0.125,0.3268369305180009
R8_R6_ATC_M3_AL24477_B0_HOA_MONO_EPD3,R6_ATC_M3_AL24477_B0_HOA_EPD3,ATC_M3_AL24477,B0,HOA,3.0,MONO,0.0,0.32738232071422446
R8_R6_ATC_M3_AL24477_B0_HOA_MONO_EPD3,R6_ATC_M3_AL24477_B0_HOA_EPD3,ATC_M3_AL24477,B0,HOA,3.0,MONO,-0.125,0.17604440048493591
R8_R6_ATC_M3_AL24477_B0_HOA_MONO_EPD3,R6_ATC_M3_AL24477_B0_HOA_EPD3,ATC_M3_AL24477,B0,HOA,3.0,MONO,-0.25,0.010592539910330675
R8_R6_ATC_M3_AL24477_B0_HOA_MONO_EPD3,R6_ATC_M3_AL24477_B0_HOA_EPD3,ATC_M3_AL24477,B0,HOA,3.0,MONO,-0.375,0.04385399795386888
R8_R6_ATC_M3_AL24477_B0_HOA_MONO_EPD3,R6_ATC_M3_AL24477_B0_HOA_EPD3,ATC_M3_AL24477,B0,HOA,3.0,MONO,-0.5,0.06431723237435663
R8_R6_ATC_M3_AL24477_B0_HOA_MONO_EPD3,R6_ATC_M3_AL24477_B0_HOA_EPD3,ATC_M3_AL24477,B0,HOA,3.0,MONO,-0.625,0.11672747411108937
R8_R6_ATC_M3_AL24477_B0_HOA_MONO_EPD3,R6_ATC_M3_AL24477_B0_HOA_EPD3,ATC_M3_AL24477,B0,HOA,3.0,MONO,-0.75,0.03096017868428899
R8_R6_ATC_M3_AL24477_B0_HOA_MONO_EPD3,R6_ATC_M3_AL24477_B0_HOA_EPD3,ATC_M3_AL24477,B0,HOA,3.0,MONO,-0.875,0.05471432896150223
R8_R6_ATC_M3_AL24477_B0_HOA_MONO_EPD3,R6_ATC_M3_AL24477_B0_HOA_EPD3,ATC_M3_AL24477,B0,HOA,3.0,MONO,-1.0,0.024666287698518457
R8_R6_ATC_M3_AL24477_B0_HOA_MONO_EPD3,R6_ATC_M3_AL24477_B0_HOA_EPD3,ATC_M3_AL24477,B0,HOA,3.0,MONO,-1.125,0.04139869502047065
R8_R6_ATC_M3_AL24477_B0_HOA_MONO_EPD3,R6_ATC_M3_AL24477_B0_HOA_EPD3,ATC_M3_AL24477,B0,HOA,3.0,MONO,-1.25,0.030227172902694645
R8_R6_ATC_M3_AL24477_B0_HOA_MONO_EPD3,R6_ATC_M3_AL24477_B0_HOA_EPD3,ATC_M3_AL24477,B0,HOA,3.0,MONO,-1.375,0.02111972960251244
R8_R6_ATC_M3_AL24477_B0_HOA_MONO_EPD3,R6_ATC_M3_AL24477_B0_HOA_EPD3,ATC_M3_AL24477,B0,HOA,3.0,MONO,-1.5,0.02020614685683983
R8_R6_ATC_M3_AL24477_B0_HOA_MONO_EPD3,R6_ATC_M3_AL24477_B0_HOA_EPD3,ATC_M3_AL24477,B0,HOA,3.0,MONO,-1.625,0.01659817996140596
R8_R6_ATC_M3_AL24477_B0_HOA_MONO_EPD3,R6_ATC_M3_AL24477_B0_HOA_EPD3,ATC_M3_AL24477,B0,HOA,3.0,MONO,-1.75,0.01740203766704448
R8_R6_ATC_M3_AL24477_B0_HOA_MONO_EPD3,R6_ATC_M3_AL24477_B0_HOA_EPD3,ATC_M3_AL24477,B0,HOA,3.0,MONO,-1.875,0.010012356033430331
R8_R6_ATC_M3_AL24477_B0_HOA_MONO_EPD3,R6_ATC_M3_AL24477_B0_HOA_EPD3,ATC_M3_AL24477,B0,HOA,3.0,MONO,-2.0,0.010485811978610454
R8_R6_ATC_M3_AL24477_B0_HOA_MONO_EPD3,R6_ATC_M3_AL24477_B0_HOA_EPD3,ATC_M3_AL24477,B0,HOA,3.0,MONO,-2.125,0.010141375340766378
R8_R6_ATC_M3_AL24477_B0_HOA_MONO_EPD3,R6_ATC_M3_AL24477_B0_HOA_EPD3,ATC_M3_AL24477,B0,HOA,3.0,MONO,-2.25,0.008652817506582868
R8_R6_ATC_M3_AL24477_B0_HOA_MONO_EPD3,R6_ATC_M3_AL24477_B0_HOA_EPD3,ATC_M3_AL24477,B0,HOA,3.0,MONO,-2.375,0.008583271280621634
R8_R6_ATC_M3_AL24477_B0_HOA_MONO_EPD3,R6_ATC_M3_AL24477_B0_HOA_EPD3,ATC_M3_AL24477,B0,HOA,3.0,MONO,-2.5,0.006593966347541971
R8_R6_ATC_M3_AL24477_B0_HOA_MONO_EPD3,R6_ATC_M3_AL24477_B0_HOA_EPD3,ATC_M3_AL24477,B0,HOA,3.0,MONO,-2.625,0.00755490616913094
R8_R6_ATC_M3_AL24477_B0_HOA_MONO_EPD3,R6_ATC_M3_AL24477_B0_HOA_EPD3,ATC_M3_AL24477,B0,HOA,3.0,MONO,-2.75,0.005247109968186854
R8_R6_ATC_M3_AL24477_B0_HOA_MONO_EPD3,R6_ATC_M3_AL24477_B0_HOA_EPD3,ATC_M3_AL24477,B0,HOA,3.0,MONO,-2.875,0.0060170308656932615
R8_R6_ATC_M3_AL24477_B0_HOA_MONO_EPD3,R6_ATC_M3_AL24477_B0_HOA_EPD3,ATC_M3_AL24477,B0,HOA,3.0,MONO,-3.0,0.00326651688535451
R8_R6_ATC_M3_AL24477_B0_HOA_MONO_EPD3,R6_ATC_M3_AL24477_B0_HOA_EPD3,ATC_M3_AL24477,B0,HOA,3.0,MONO,-3.125,0.0053611613797980694
R8_R6_ATC_M3_AL24477_B0_HOA_MONO_EPD3,R6_ATC_M3_AL24477_B0_HOA_EPD3,ATC_M3_AL24477,B0,HOA,3.0,MONO,-3.25,0.0018898992342410849
R8_R6_ATC_M3_AL24477_B0_HOA_MONO_EPD3,R6_ATC_M3_AL24477_B0_HOA_EPD3,ATC_M3_AL24477,B0,HOA,3.0,MONO,-3.375,0.004602308557957809
R8_R6_ATC_M3_AL24477_B0_HOA_MONO_EPD3,R6_ATC_M3_AL24477_B0_HOA_EPD3,ATC_M3_AL24477,B0,HOA,3.0,MONO,-3.5,0.0002597259119890323
R8_R6_ATC_M3_AL24477_B0_HOA_MONO_EPD3,R6_ATC_M3_AL24477_B0_HOA_EPD3,ATC_M3_AL24477,B0,HOA,3.0,MONO,-3.625,0.004898464920630568
R8_R6_ATC_M3_AL24477_B0_HOA_MONO_EPD3,R6_ATC_M3_AL24477_B0_HOA_EPD3,ATC_M3_AL24477,B0,HOA,3.0,MONO,-3.75,0.00016287913784945917
R8_R6_ATC_M3_AL24477_B0_HOA_MONO_EPD3,R6_ATC_M3_AL24477_B0_HOA_EPD3,ATC_M3_AL24477,B0,HOA,3.0,MONO,-3.875,0.0041350864652139495
R8_R6_ATC_M3_AL24477_B0_HOA_MONO_EPD3,R6_ATC_M3_AL24477_B0_HOA_EPD3,ATC_M3_AL24477,B0,HOA,3.0,MONO,-4.0,1.9230349704161615e-05
R8_R6_ATC_M3_AL24477_B0_HOA_MONO_EPD3,R6_ATC_M3_AL24477_B0_HOA_EPD3,ATC_M3_AL24477,B0,HOA,3.0,MONO,-4.125,0.0026161989544748383
R8_R6_ATC_M3_AL24477_B0_HOA_MONO_EPD3,R6_ATC_M3_AL24477_B0_HOA_EPD3,ATC_M3_AL24477,B0,HOA,3.0,MONO,-4.25,0.0011390439255492824
R8_R6_ATC_M3_AL24477_B0_HOA_MONO_EPD3,R6_ATC_M3_AL24477_B0_HOA_EPD3,ATC_M3_AL24477,B0,HOA,3.0,MONO,-4.375,0.0017525911942008017
R8_R6_ATC_M3_AL24477_B0_HOA_MONO_EPD3,R6_ATC_M3_AL24477_B0_HOA_EPD3,ATC_M3_AL24477,B0,HOA,3.0,MONO,-4.5,0.0026230157487846305
R8_R6_ATC_M3_AL24477_B0_HOA_MONO_EPD3,R6_ATC_M3_AL24477_B0_HOA_EPD3,ATC_M3_AL24477,B0,HOA,3.0,MONO,-4.625,0.0023391662334150505
R8_R6_ATC_M3_AL24477_B0_HOA_MONO_EPD3,R6_ATC_M3_AL24477_B0_HOA_EPD3,ATC_M3_AL24477,B0,HOA,3.0,MONO,-4.75,0.002268513367610534
R8_R6_ATC_M3_AL24477_B0_HOA_MONO_EPD3,R6_ATC_M3_AL24477_B0_HOA_EPD3,ATC_M3_AL24477,B0,HOA,3.0,MONO,-4.875,0.0016913286733912047
R8_R6_ATC_M3_AL24477_B0_HOA_MONO_EPD3,R6_ATC_M3_AL24477_B0_HOA_EPD3,ATC_M3_AL24477,B0,HOA,3.0,MONO,-5.0,0.002304933730617602
R8_R6_ATC_M3_AL24477_B0_HOA_EDOF_EPD3,R6_ATC_M3_AL24477_B0_HOA_EPD3,ATC_M3_AL24477,B0,HOA,3.0,EDOF,1.0,0.03482921659729511
R8_R6_ATC_M3_AL24477_B0_HOA_EDOF_EPD3,R6_ATC_M3_AL24477_B0_HOA_EPD3,ATC_M3_AL24477,B0,HOA,3.0,EDOF,0.875,0.042563134440349815
R8_R6_ATC_M3_AL24477_B0_HOA_EDOF_EPD3,R6_ATC_M3_AL24477_B0_HOA_EPD3,ATC_M3_AL24477,B0,HOA,3.0,EDOF,0.75,0.009406651704684821
R8_R6_ATC_M3_AL24477_B0_HOA_EDOF_EPD3,R6_ATC_M3_AL24477_B0_HOA_EPD3,ATC_M3_AL24477,B0,HOA,3.0,EDOF,0.625,0.007055037308582443
R8_R6_ATC_M3_AL24477_B0_HOA_EDOF_EPD3,R6_ATC_M3_AL24477_B0_HOA_EPD3,ATC_M3_AL24477,B0,HOA,3.0,EDOF,0.5,0.017535255871443087
R8_R6_ATC_M3_AL24477_B0_HOA_EDOF_EPD3,R6_ATC_M3_AL24477_B0_HOA_EPD3,ATC_M3_AL24477,B0,HOA,3.0,EDOF,0.375,0.02625647963257053
R8_R6_ATC_M3_AL24477_B0_HOA_EDOF_EPD3,R6_ATC_M3_AL24477_B0_HOA_EPD3,ATC_M3_AL24477,B0,HOA,3.0,EDOF,0.25,0.010696676636547754
R8_R6_ATC_M3_AL24477_B0_HOA_EDOF_EPD3,R6_ATC_M3_AL24477_B0_HOA_EPD3,ATC_M3_AL24477,B0,HOA,3.0,EDOF,0.125,0.01809135744272155
R8_R6_ATC_M3_AL24477_B0_HOA_EDOF_EPD3,R6_ATC_M3_AL24477_B0_HOA_EPD3,ATC_M3_AL24477,B0,HOA,3.0,EDOF,0.0,0.0663297580860115
R8_R6_ATC_M3_AL24477_B0_HOA_EDOF_EPD3,R6_ATC_M3_AL24477_B0_HOA_EPD3,ATC_M3_AL24477,B0,HOA,3.0,EDOF,-0.125,0.16425200317161573
R8_R6_ATC_M3_AL24477_B0_HOA_EDOF_EPD3,R6_ATC_M3_AL24477_B0_HOA_EPD3,ATC_M3_AL24477,B0,HOA,3.0,EDOF,-0.25,0.15851836980347916
R8_R6_ATC_M3_AL24477_B0_HOA_EDOF_EPD3,R6_ATC_M3_AL24477_B0_HOA_EPD3,ATC_M3_AL24477,B0,HOA,3.0,EDOF,-0.375,0.07328047004659448
R8_R6_ATC_M3_AL24477_B0_HOA_EDOF_EPD3,R6_ATC_M3_AL24477_B0_HOA_EPD3,ATC_M3_AL24477,B0,HOA,3.0,EDOF,-0.5,0.029186400251520063
R8_R6_ATC_M3_AL24477_B0_HOA_EDOF_EPD3,R6_ATC_M3_AL24477_B0_HOA_EPD3,ATC_M3_AL24477,B0,HOA,3.0,EDOF,-0.625,0.051020941994386323
R8_R6_ATC_M3_AL24477_B0_HOA_EDOF_EPD3,R6_ATC_M3_AL24477_B0_HOA_EPD3,ATC_M3_AL24477,B0,HOA,3.0,EDOF,-0.75,0.05389322089150264
R8_R6_ATC_M3_AL24477_B0_HOA_EDOF_EPD3,R6_ATC_M3_AL24477_B0_HOA_EPD3,ATC_M3_AL24477,B0,HOA,3.0,EDOF,-0.875,0.010281177334808088
R8_R6_ATC_M3_AL24477_B0_HOA_EDOF_EPD3,R6_ATC_M3_AL24477_B0_HOA_EPD3,ATC_M3_AL24477,B0,HOA,3.0,EDOF,-1.0,0.007874117516565339
R8_R6_ATC_M3_AL24477_B0_HOA_EDOF_EPD3,R6_ATC_M3_AL24477_B0_HOA_EPD3,ATC_M3_AL24477,B0,HOA,3.0,EDOF,-1.125,0.0302070333995979
R8_R6_ATC_M3_AL24477_B0_HOA_EDOF_EPD3,R6_ATC_M3_AL24477_B0_HOA_EPD3,ATC_M3_AL24477,B0,HOA,3.0,EDOF,-1.25,0.0584125520429762
R8_R6_ATC_M3_AL24477_B0_HOA_EDOF_EPD3,R6_ATC_M3_AL24477_B0_HOA_EPD3,ATC_M3_AL24477,B0,HOA,3.0,EDOF,-1.375,0.032899781253311666
R8_R6_ATC_M3_AL24477_B0_HOA_EDOF_EPD3,R6_ATC_M3_AL24477_B0_HOA_EPD3,ATC_M3_AL24477,B0,HOA,3.0,EDOF,-1.5,0.0007640633444716897
R8_R6_ATC_M3_AL24477_B0_HOA_EDOF_EPD3,R6_ATC_M3_AL24477_B0_HOA_EPD3,ATC_M3_AL24477,B0,HOA,3.0,EDOF,-1.625,0.0012114566714881148
R8_R6_ATC_M3_AL24477_B0_HOA_EDOF_EPD3,R6_ATC_M3_AL24477_B0_HOA_EPD3,ATC_M3_AL24477,B0,HOA,3.0,EDOF,-1.75,0.014598425672158771
R8_R6_ATC_M3_AL24477_B0_HOA_EDOF_EPD3,R6_ATC_M3_AL24477_B0_HOA_EPD3,ATC_M3_AL24477,B0,HOA,3.0,EDOF,-1.875,0.011189742385760326
R8_R6_ATC_M3_AL24477_B0_HOA_EDOF_EPD3,R6_ATC_M3_AL24477_B0_HOA_EPD3,ATC_M3_AL24477,B0,HOA,3.0,EDOF,-2.0,0.009457633882268578
R8_R6_ATC_M3_AL24477_B0_HOA_EDOF_EPD3,R6_ATC_M3_AL24477_B0_HOA_EPD3,ATC_M3_AL24477,B0,HOA,3.0,EDOF,-2.125,0.024269963776462258
R8_R6_ATC_M3_AL24477_B0_HOA_EDOF_EPD3,R6_ATC_M3_AL24477_B0_HOA_EPD3,ATC_M3_AL24477,B0,HOA,3.0,EDOF,-2.25,0.03226894170992192
R8_R6_ATC_M3_AL24477_B0_HOA_EDOF_EPD3,R6_ATC_M3_AL24477_B0_HOA_EPD3,ATC_M3_AL24477,B0,HOA,3.0,EDOF,-2.375,0.020435225683513726
R8_R6_ATC_M3_AL24477_B0_HOA_EDOF_EPD3,R6_ATC_M3_AL24477_B0_HOA_EPD3,ATC_M3_AL24477,B0,HOA,3.0,EDOF,-2.5,0.011198222138413113
R8_R6_ATC_M3_AL24477_B0_HOA_EDOF_EPD3,R6_ATC_M3_AL24477_B0_HOA_EPD3,ATC_M3_AL24477,B0,HOA,3.0,EDOF,-2.625,0.015869856412226623
R8_R6_ATC_M3_AL24477_B0_HOA_EDOF_EPD3,R6_ATC_M3_AL24477_B0_HOA_EPD3,ATC_M3_AL24477,B0,HOA,3.0,EDOF,-2.75,0.014550616226358937
R8_R6_ATC_M3_AL24477_B0_HOA_EDOF_EPD3,R6_ATC_M3_AL24477_B0_HOA_EPD3,ATC_M3_AL24477,B0,HOA,3.0,EDOF,-2.875,0.0005375583322805787
R8_R6_ATC_M3_AL24477_B0_HOA_EDOF_EPD3,R6_ATC_M3_AL24477_B0_HOA_EPD3,ATC_M3_AL24477,B0,HOA,3.0,EDOF,-3.0,0.008959859886868055
R8_R6_ATC_M3_AL24477_B0_HOA_EDOF_EPD3,R6_ATC_M3_AL24477_B0_HOA_EPD3,ATC_M3_AL24477,B0,HOA,3.0,EDOF,-3.125,0.002394930068025365
R8_R6_ATC_M3_AL24477_B0_HOA_EDOF_EPD3,R6_ATC_M3_AL24477_B0_HOA_EPD3,ATC_M3_AL24477,B0,HOA,3.0,EDOF,-3.25,0.0035017587482145777
R8_R6_ATC_M3_AL24477_B0_HOA_EDOF_EPD3,R6_ATC_M3_AL24477_B0_HOA_EPD3,ATC_M3_AL24477,B0,HOA,3.0,EDOF,-3.375,0.0032189432517485844
R8_R6_ATC_M3_AL24477_B0_HOA_EDOF_EPD3,R6_ATC_M3_AL24477_B0_HOA_EPD3,ATC_M3_AL24477,B0,HOA,3.0,EDOF,-3.5,0.008022601035259973
R8_R6_ATC_M3_AL24477_B0_HOA_EDOF_EPD3,R6_ATC_M3_AL24477_B0_HOA_EPD3,ATC_M3_AL24477,B0,HOA,3.0,EDOF,-3.625,0.01709036641108335
R8_R6_ATC_M3_AL24477_B0_HOA_EDOF_EPD3,R6_ATC_M3_AL24477_B0_HOA_EPD3,ATC_M3_AL24477,B0,HOA,3.0,EDOF,-3.75,0.017995676914820142
R8_R6_ATC_M3_AL24477_B0_HOA_EDOF_EPD3,R6_ATC_M3_AL24477_B0_HOA_EPD3,ATC_M3_AL24477,B0,HOA,3.0,EDOF,-3.875,0.013154128647024931
R8_R6_ATC_M3_AL24477_B0_HOA_EDOF_EPD3,R6_ATC_M3_AL24477_B0_HOA_EPD3,ATC_M3_AL24477,B0,HOA,3.0,EDOF,-4.0,0.014780577677150639
R8_R6_ATC_M3_AL24477_B0_HOA_EDOF_EPD3,R6_ATC_M3_AL24477_B0_HOA_EPD3,ATC_M3_AL24477,B0,HOA,3.0,EDOF,-4.125,0.019545118324830947
R8_R6_ATC_M3_AL24477_B0_HOA_EDOF_EPD3,R6_ATC_M3_AL24477_B0_HOA_EPD3,ATC_M3_AL24477,B0,HOA,3.0,EDOF,-4.25,0.017021159620337567
R8_R6_ATC_M3_AL24477_B0_HOA_EDOF_EPD3,R6_ATC_M3_AL24477_B0_HOA_EPD3,ATC_M3_AL24477,B0,HOA,3.0,EDOF,-4.375,0.012202366844051103
R8_R6_ATC_M3_AL24477_B0_HOA_EDOF_EPD3,R6_ATC_M3_AL24477_B0_HOA_EPD3,ATC_M3_AL24477,B0,HOA,3.0,EDOF,-4.5,0.014821771400125666
R8_R6_ATC_M3_AL24477_B0_HOA_EDOF_EPD3,R6_ATC_M3_AL24477_B0_HOA_EPD3,ATC_M3_AL24477,B0,HOA,3.0,EDOF,-4.625,0.019658641986187074
R8_R6_ATC_M3_AL24477_B0_HOA_EDOF_EPD3,R6_ATC_M3_AL24477_B0_HOA_EPD3,ATC_M3_AL24477,B0,HOA,3.0,EDOF,-4.75,0.018775549383733107
R8_R6_ATC_M3_AL24477_B0_HOA_EDOF_EPD3,R6_ATC_M3_AL24477_B0_HOA_EPD3,ATC_M3_AL24477,B0,HOA,3.0,EDOF,-4.875,0.01680161240306434
R8_R6_ATC_M3_AL24477_B0_HOA_EDOF_EPD3,R6_ATC_M3_AL24477_B0_HOA_EPD3,ATC_M3_AL24477,B0,HOA,3.0,EDOF,-5.0,0.01889258075969294
R8_R6_ATC_M3_AL24477_B0_HOA_MONO_EPD5,R6_ATC_M3_AL24477_B0_HOA_EPD5,ATC_M3_AL24477,B0,HOA,5.0,MONO,1.0,0.001770976396667874
R8_R6_ATC_M3_AL24477_B0_HOA_MONO_EPD5,R6_ATC_M3_AL24477_B0_HOA_EPD5,ATC_M3_AL24477,B0,HOA,5.0,MONO,0.875,0.007761981972342933
R8_R6_ATC_M3_AL24477_B0_HOA_MONO_EPD5,R6_ATC_M3_AL24477_B0_HOA_EPD5,ATC_M3_AL24477,B0,HOA,5.0,MONO,0.75,0.012168352458853041
R8_R6_ATC_M3_AL24477_B0_HOA_MONO_EPD5,R6_ATC_M3_AL24477_B0_HOA_EPD5,ATC_M3_AL24477,B0,HOA,5.0,MONO,0.625,0.030559866566975052
R8_R6_ATC_M3_AL24477_B0_HOA_MONO_EPD5,R6_ATC_M3_AL24477_B0_HOA_EPD5,ATC_M3_AL24477,B0,HOA,5.0,MONO,0.5,0.04721554920477035
R8_R6_ATC_M3_AL24477_B0_HOA_MONO_EPD5,R6_ATC_M3_AL24477_B0_HOA_EPD5,ATC_M3_AL24477,B0,HOA,5.0,MONO,0.375,0.07811623706749006
R8_R6_ATC_M3_AL24477_B0_HOA_MONO_EPD5,R6_ATC_M3_AL24477_B0_HOA_EPD5,ATC_M3_AL24477,B0,HOA,5.0,MONO,0.25,0.10254660081825459
R8_R6_ATC_M3_AL24477_B0_HOA_MONO_EPD5,R6_ATC_M3_AL24477_B0_HOA_EPD5,ATC_M3_AL24477,B0,HOA,5.0,MONO,0.125,0.11576056928555079
R8_R6_ATC_M3_AL24477_B0_HOA_MONO_EPD5,R6_ATC_M3_AL24477_B0_HOA_EPD5,ATC_M3_AL24477,B0,HOA,5.0,MONO,0.0,0.09558084721369631
R8_R6_ATC_M3_AL24477_B0_HOA_MONO_EPD5,R6_ATC_M3_AL24477_B0_HOA_EPD5,ATC_M3_AL24477,B0,HOA,5.0,MONO,-0.125,0.05607224019730422
R8_R6_ATC_M3_AL24477_B0_HOA_MONO_EPD5,R6_ATC_M3_AL24477_B0_HOA_EPD5,ATC_M3_AL24477,B0,HOA,5.0,MONO,-0.25,0.00936221091155477
R8_R6_ATC_M3_AL24477_B0_HOA_MONO_EPD5,R6_ATC_M3_AL24477_B0_HOA_EPD5,ATC_M3_AL24477,B0,HOA,5.0,MONO,-0.375,0.0029072542829192897
R8_R6_ATC_M3_AL24477_B0_HOA_MONO_EPD5,R6_ATC_M3_AL24477_B0_HOA_EPD5,ATC_M3_AL24477,B0,HOA,5.0,MONO,-0.5,0.03417521189283014
R8_R6_ATC_M3_AL24477_B0_HOA_MONO_EPD5,R6_ATC_M3_AL24477_B0_HOA_EPD5,ATC_M3_AL24477,B0,HOA,5.0,MONO,-0.625,0.06872369683066018
R8_R6_ATC_M3_AL24477_B0_HOA_MONO_EPD5,R6_ATC_M3_AL24477_B0_HOA_EPD5,ATC_M3_AL24477,B0,HOA,5.0,MONO,-0.75,0.0530885965859382
R8_R6_ATC_M3_AL24477_B0_HOA_MONO_EPD5,R6_ATC_M3_AL24477_B0_HOA_EPD5,ATC_M3_AL24477,B0,HOA,5.0,MONO,-0.875,0.010324494016304288
R8_R6_ATC_M3_AL24477_B0_HOA_MONO_EPD5,R6_ATC_M3_AL24477_B0_HOA_EPD5,ATC_M3_AL24477,B0,HOA,5.0,MONO,-1.0,0.006605739538906473
R8_R6_ATC_M3_AL24477_B0_HOA_MONO_EPD5,R6_ATC_M3_AL24477_B0_HOA_EPD5,ATC_M3_AL24477,B0,HOA,5.0,MONO,-1.125,0.03828414149631937
R8_R6_ATC_M3_AL24477_B0_HOA_MONO_EPD5,R6_ATC_M3_AL24477_B0_HOA_EPD5,ATC_M3_AL24477,B0,HOA,5.0,MONO,-1.25,0.0598687485269888
R8_R6_ATC_M3_AL24477_B0_HOA_MONO_EPD5,R6_ATC_M3_AL24477_B0_HOA_EPD5,ATC_M3_AL24477,B0,HOA,5.0,MONO,-1.375,0.007219930339430476
R8_R6_ATC_M3_AL24477_B0_HOA_MONO_EPD5,R6_ATC_M3_AL24477_B0_HOA_EPD5,ATC_M3_AL24477,B0,HOA,5.0,MONO,-1.5,0.0077474872773708285
R8_R6_ATC_M3_AL24477_B0_HOA_MONO_EPD5,R6_ATC_M3_AL24477_B0_HOA_EPD5,ATC_M3_AL24477,B0,HOA,5.0,MONO,-1.625,0.04439109863573215
R8_R6_ATC_M3_AL24477_B0_HOA_MONO_EPD5,R6_ATC_M3_AL24477_B0_HOA_EPD5,ATC_M3_AL24477,B0,HOA,5.0,MONO,-1.75,0.03641409686538541
R8_R6_ATC_M3_AL24477_B0_HOA_MONO_EPD5,R6_ATC_M3_AL24477_B0_HOA_EPD5,ATC_M3_AL24477,B0,HOA,5.0,MONO,-1.875,0.0049178093659899835
R8_R6_ATC_M3_AL24477_B0_HOA_MONO_EPD5,R6_ATC_M3_AL24477_B0_HOA_EPD5,ATC_M3_AL24477,B0,HOA,5.0,MONO,-2.0,0.02585061370558565
R8_R6_ATC_M3_AL24477_B0_HOA_MONO_EPD5,R6_ATC_M3_AL24477_B0_HOA_EPD5,ATC_M3_AL24477,B0,HOA,5.0,MONO,-2.125,0.05047302510421639
R8_R6_ATC_M3_AL24477_B0_HOA_MONO_EPD5,R6_ATC_M3_AL24477_B0_HOA_EPD5,ATC_M3_AL24477,B0,HOA,5.0,MONO,-2.25,0.014264255557192108
R8_R6_ATC_M3_AL24477_B0_HOA_MONO_EPD5,R6_ATC_M3_AL24477_B0_HOA_EPD5,ATC_M3_AL24477,B0,HOA,5.0,MONO,-2.375,0.01012330086327349
R8_R6_ATC_M3_AL24477_B0_HOA_MONO_EPD5,R6_ATC_M3_AL24477_B0_HOA_EPD5,ATC_M3_AL24477,B0,HOA,5.0,MONO,-2.5,0.035816906786242955
R8_R6_ATC_M3_AL24477_B0_HOA_MONO_EPD5,R6_ATC_M3_AL24477_B0_HOA_EPD5,ATC_M3_AL24477,B0,HOA,5.0,MONO,-2.625,0.0041018142928927505
R8_R6_ATC_M3_AL24477_B0_HOA_MONO_EPD5,R6_ATC_M3_AL24477_B0_HOA_EPD5,ATC_M3_AL24477,B0,HOA,5.0,MONO,-2.75,0.00135666970395375
R8_R6_ATC_M3_AL24477_B0_HOA_MONO_EPD5,R6_ATC_M3_AL24477_B0_HOA_EPD5,ATC_M3_AL24477,B0,HOA,5.0,MONO,-2.875,0.021170236013601476
R8_R6_ATC_M3_AL24477_B0_HOA_MONO_EPD5,R6_ATC_M3_AL24477_B0_HOA_EPD5,ATC_M3_AL24477,B0,HOA,5.0,MONO,-3.0,0.011453678143945843
R8_R6_ATC_M3_AL24477_B0_HOA_MONO_EPD5,R6_ATC_M3_AL24477_B0_HOA_EPD5,ATC_M3_AL24477,B0,HOA,5.0,MONO,-3.125,3.360742811745515e-05
R8_R6_ATC_M3_AL24477_B0_HOA_MONO_EPD5,R6_ATC_M3_AL24477_B0_HOA_EPD5,ATC_M3_AL24477,B0,HOA,5.0,MONO,-3.25,0.013577683673158052
R8_R6_ATC_M3_AL24477_B0_HOA_MONO_EPD5,R6_ATC_M3_AL24477_B0_HOA_EPD5,ATC_M3_AL24477,B0,HOA,5.0,MONO,-3.375,0.0169683063932049
R8_R6_ATC_M3_AL24477_B0_HOA_MONO_EPD5,R6_ATC_M3_AL24477_B0_HOA_EPD5,ATC_M3_AL24477,B0,HOA,5.0,MONO,-3.5,0.013944755031836153
R8_R6_ATC_M3_AL24477_B0_HOA_MONO_EPD5,R6_ATC_M3_AL24477_B0_HOA_EPD5,ATC_M3_AL24477,B0,HOA,5.0,MONO,-3.625,0.00440989481660645
R8_R6_ATC_M3_AL24477_B0_HOA_MONO_EPD5,R6_ATC_M3_AL24477_B0_HOA_EPD5,ATC_M3_AL24477,B0,HOA,5.0,MONO,-3.75,0.0026873694235054826
R8_R6_ATC_M3_AL24477_B0_HOA_MONO_EPD5,R6_ATC_M3_AL24477_B0_HOA_EPD5,ATC_M3_AL24477,B0,HOA,5.0,MONO,-3.875,0.008444520858409889
R8_R6_ATC_M3_AL24477_B0_HOA_MONO_EPD5,R6_ATC_M3_AL24477_B0_HOA_EPD5,ATC_M3_AL24477,B0,HOA,5.0,MONO,-4.0,0.010410150499544964
R8_R6_ATC_M3_AL24477_B0_HOA_MONO_EPD5,R6_ATC_M3_AL24477_B0_HOA_EPD5,ATC_M3_AL24477,B0,HOA,5.0,MONO,-4.125,0.011410581091344496
R8_R6_ATC_M3_AL24477_B0_HOA_MONO_EPD5,R6_ATC_M3_AL24477_B0_HOA_EPD5,ATC_M3_AL24477,B0,HOA,5.0,MONO,-4.25,0.009008907953184112
R8_R6_ATC_M3_AL24477_B0_HOA_MONO_EPD5,R6_ATC_M3_AL24477_B0_HOA_EPD5,ATC_M3_AL24477,B0,HOA,5.0,MONO,-4.375,0.004809610000271147
R8_R6_ATC_M3_AL24477_B0_HOA_MONO_EPD5,R6_ATC_M3_AL24477_B0_HOA_EPD5,ATC_M3_AL24477,B0,HOA,5.0,MONO,-4.5,0.00034247876686550866
R8_R6_ATC_M3_AL24477_B0_HOA_MONO_EPD5,R6_ATC_M3_AL24477_B0_HOA_EPD5,ATC_M3_AL24477,B0,HOA,5.0,MONO,-4.625,0.005300812480397644
R8_R6_ATC_M3_AL24477_B0_HOA_MONO_EPD5,R6_ATC_M3_AL24477_B0_HOA_EPD5,ATC_M3_AL24477,B0,HOA,5.0,MONO,-4.75,0.010619096796972295
R8_R6_ATC_M3_AL24477_B0_HOA_MONO_EPD5,R6_ATC_M3_AL24477_B0_HOA_EPD5,ATC_M3_AL24477,B0,HOA,5.0,MONO,-4.875,0.0149537136218318
R8_R6_ATC_M3_AL24477_B0_HOA_MONO_EPD5,R6_ATC_M3_AL24477_B0_HOA_EPD5,ATC_M3_AL24477,B0,HOA,5.0,MONO,-5.0,0.016532756641954735
R8_R6_ATC_M3_AL24477_B0_HOA_EDOF_EPD5,R6_ATC_M3_AL24477_B0_HOA_EPD5,ATC_M3_AL24477,B0,HOA,5.0,EDOF,1.0,0.015012567750269504
R8_R6_ATC_M3_AL24477_B0_HOA_EDOF_EPD5,R6_ATC_M3_AL24477_B0_HOA_EPD5,ATC_M3_AL24477,B0,HOA,5.0,EDOF,0.875,0.0135194186307514
R8_R6_ATC_M3_AL24477_B0_HOA_EDOF_EPD5,R6_ATC_M3_AL24477_B0_HOA_EPD5,ATC_M3_AL24477,B0,HOA,5.0,EDOF,0.75,0.006207732813649021
R8_R6_ATC_M3_AL24477_B0_HOA_EDOF_EPD5,R6_ATC_M3_AL24477_B0_HOA_EPD5,ATC_M3_AL24477,B0,HOA,5.0,EDOF,0.625,0.00494239239280952
R8_R6_ATC_M3_AL24477_B0_HOA_EDOF_EPD5,R6_ATC_M3_AL24477_B0_HOA_EPD5,ATC_M3_AL24477,B0,HOA,5.0,EDOF,0.5,0.010905026768373325
R8_R6_ATC_M3_AL24477_B0_HOA_EDOF_EPD5,R6_ATC_M3_AL24477_B0_HOA_EPD5,ATC_M3_AL24477,B0,HOA,5.0,EDOF,0.375,0.0019294171476833823
R8_R6_ATC_M3_AL24477_B0_HOA_EDOF_EPD5,R6_ATC_M3_AL24477_B0_HOA_EPD5,ATC_M3_AL24477,B0,HOA,5.0,EDOF,0.25,0.006325830038484446
R8_R6_ATC_M3_AL24477_B0_HOA_EDOF_EPD5,R6_ATC_M3_AL24477_B0_HOA_EPD5,ATC_M3_AL24477,B0,HOA,5.0,EDOF,0.125,0.000432214966897364
R8_R6_ATC_M3_AL24477_B0_HOA_EDOF_EPD5,R6_ATC_M3_AL24477_B0_HOA_EPD5,ATC_M3_AL24477,B0,HOA,5.0,EDOF,0.0,0.006650306211355468
R8_R6_ATC_M3_AL24477_B0_HOA_EDOF_EPD5,R6_ATC_M3_AL24477_B0_HOA_EPD5,ATC_M3_AL24477,B0,HOA,5.0,EDOF,-0.125,0.050371776982694856
R8_R6_ATC_M3_AL24477_B0_HOA_EDOF_EPD5,R6_ATC_M3_AL24477_B0_HOA_EPD5,ATC_M3_AL24477,B0,HOA,5.0,EDOF,-0.25,0.061835569468303
R8_R6_ATC_M3_AL24477_B0_HOA_EDOF_EPD5,R6_ATC_M3_AL24477_B0_HOA_EPD5,ATC_M3_AL24477,B0,HOA,5.0,EDOF,-0.375,0.03466243814112792
R8_R6_ATC_M3_AL24477_B0_HOA_EDOF_EPD5,R6_ATC_M3_AL24477_B0_HOA_EPD5,ATC_M3_AL24477,B0,HOA,5.0,EDOF,-0.5,0.047746482535895224
R8_R6_ATC_M3_AL24477_B0_HOA_EDOF_EPD5,R6_ATC_M3_AL24477_B0_HOA_EPD5,ATC_M3_AL24477,B0,HOA,5.0,EDOF,-0.625,0.07202738030996111
R8_R6_ATC_M3_AL24477_B0_HOA_EDOF_EPD5,R6_ATC_M3_AL24477_B0_HOA_EPD5,ATC_M3_AL24477,B0,HOA,5.0,EDOF,-0.75,0.02078471613038267
R8_R6_ATC_M3_AL24477_B0_HOA_EDOF_EPD5,R6_ATC_M3_AL24477_B0_HOA_EPD5,ATC_M3_AL24477,B0,HOA,5.0,EDOF,-0.875,0.014151594119173553
R8_R6_ATC_M3_AL24477_B0_HOA_EDOF_EPD5,R6_ATC_M3_AL24477_B0_HOA_EPD5,ATC_M3_AL24477,B0,HOA,5.0,EDOF,-1.0,0.06234196058612468
R8_R6_ATC_M3_AL24477_B0_HOA_EDOF_EPD5,R6_ATC_M3_AL24477_B0_HOA_EPD5,ATC_M3_AL24477,B0,HOA,5.0,EDOF,-1.125,0.035304351281865834
R8_R6_ATC_M3_AL24477_B0_HOA_EDOF_EPD5,R6_ATC_M3_AL24477_B0_HOA_EPD5,ATC_M3_AL24477,B0,HOA,5.0,EDOF,-1.25,0.02593028038680269
R8_R6_ATC_M3_AL24477_B0_HOA_EDOF_EPD5,R6_ATC_M3_AL24477_B0_HOA_EPD5,ATC_M3_AL24477,B0,HOA,5.0,EDOF,-1.375,0.04616250724298523
R8_R6_ATC_M3_AL24477_B0_HOA_EDOF_EPD5,R6_ATC_M3_AL24477_B0_HOA_EPD5,ATC_M3_AL24477,B0,HOA,5.0,EDOF,-1.5,0.03495769152962819
R8_R6_ATC_M3_AL24477_B0_HOA_EDOF_EPD5,R6_ATC_M3_AL24477_B0_HOA_EPD5,ATC_M3_AL24477,B0,HOA,5.0,EDOF,-1.625,0.007353396505247964
R8_R6_ATC_M3_AL24477_B0_HOA_EDOF_EPD5,R6_ATC_M3_AL24477_B0_HOA_EPD5,ATC_M3_AL24477,B0,HOA,5.0,EDOF,-1.75,0.040310343679755986
R8_R6_ATC_M3_AL24477_B0_HOA_EDOF_EPD5,R6_ATC_M3_AL24477_B0_HOA_EPD5,ATC_M3_AL24477,B0,HOA,5.0,EDOF,-1.875,0.028727164271164722
R8_R6_ATC_M3_AL24477_B0_HOA_EDOF_EPD5,R6_ATC_M3_AL24477_B0_HOA_EPD5,ATC_M3_AL24477,B0,HOA,5.0,EDOF,-2.0,0.010586994698051747
R8_R6_ATC_M3_AL24477_B0_HOA_EDOF_EPD5,R6_ATC_M3_AL24477_B0_HOA_EPD5,ATC_M3_AL24477,B0,HOA,5.0,EDOF,-2.125,0.043140292291321054
R8_R6_ATC_M3_AL24477_B0_HOA_EDOF_EPD5,R6_ATC_M3_AL24477_B0_HOA_EPD5,ATC_M3_AL24477,B0,HOA,5.0,EDOF,-2.25,0.04694696989719557
R8_R6_ATC_M3_AL24477_B0_HOA_EDOF_EPD5,R6_ATC_M3_AL24477_B0_HOA_EPD5,ATC_M3_AL24477,B0,HOA,5.0,EDOF,-2.375,0.01727331532853155
R8_R6_ATC_M3_AL24477_B0_HOA_EDOF_EPD5,R6_ATC_M3_AL24477_B0_HOA_EPD5,ATC_M3_AL24477,B0,HOA,5.0,EDOF,-2.5,0.02783673223092363
R8_R6_ATC_M3_AL24477_B0_HOA_EDOF_EPD5,R6_ATC_M3_AL24477_B0_HOA_EPD5,ATC_M3_AL24477,B0,HOA,5.0,EDOF,-2.625,0.01234287375170974
R8_R6_ATC_M3_AL24477_B0_HOA_EDOF_EPD5,R6_ATC_M3_AL24477_B0_HOA_EPD5,ATC_M3_AL24477,B0,HOA,5.0,EDOF,-2.75,0.006222528162619839
R8_R6_ATC_M3_AL24477_B0_HOA_EDOF_EPD5,R6_ATC_M3_AL24477_B0_HOA_EPD5,ATC_M3_AL24477,B0,HOA,5.0,EDOF,-2.875,0.01347911128528316
R8_R6_ATC_M3_AL24477_B0_HOA_EDOF_EPD5,R6_ATC_M3_AL24477_B0_HOA_EPD5,ATC_M3_AL24477,B0,HOA,5.0,EDOF,-3.0,0.009391286307015446
R8_R6_ATC_M3_AL24477_B0_HOA_EDOF_EPD5,R6_ATC_M3_AL24477_B0_HOA_EPD5,ATC_M3_AL24477,B0,HOA,5.0,EDOF,-3.125,0.0006286036204201546
R8_R6_ATC_M3_AL24477_B0_HOA_EDOF_EPD5,R6_ATC_M3_AL24477_B0_HOA_EPD5,ATC_M3_AL24477,B0,HOA,5.0,EDOF,-3.25,0.011587083217197397
R8_R6_ATC_M3_AL24477_B0_HOA_EDOF_EPD5,R6_ATC_M3_AL24477_B0_HOA_EPD5,ATC_M3_AL24477,B0,HOA,5.0,EDOF,-3.375,0.013061919619214272
R8_R6_ATC_M3_AL24477_B0_HOA_EDOF_EPD5,R6_ATC_M3_AL24477_B0_HOA_EPD5,ATC_M3_AL24477,B0,HOA,5.0,EDOF,-3.5,0.011040084957251659
R8_R6_ATC_M3_AL24477_B0_HOA_EDOF_EPD5,R6_ATC_M3_AL24477_B0_HOA_EPD5,ATC_M3_AL24477,B0,HOA,5.0,EDOF,-3.625,0.0010466402218921758
R8_R6_ATC_M3_AL24477_B0_HOA_EDOF_EPD5,R6_ATC_M3_AL24477_B0_HOA_EPD5,ATC_M3_AL24477,B0,HOA,5.0,EDOF,-3.75,0.005075657240553626
R8_R6_ATC_M3_AL24477_B0_HOA_EDOF_EPD5,R6_ATC_M3_AL24477_B0_HOA_EPD5,ATC_M3_AL24477,B0,HOA,5.0,EDOF,-3.875,0.005269360945702859
R8_R6_ATC_M3_AL24477_B0_HOA_EDOF_EPD5,R6_ATC_M3_AL24477_B0_HOA_EPD5,ATC_M3_AL24477,B0,HOA,5.0,EDOF,-4.0,0.0010892741996869264
R8_R6_ATC_M3_AL24477_B0_HOA_EDOF_EPD5,R6_ATC_M3_AL24477_B0_HOA_EPD5,ATC_M3_AL24477,B0,HOA,5.0,EDOF,-4.125,0.016703865678959807
R8_R6_ATC_M3_AL24477_B0_HOA_EDOF_EPD5,R6_ATC_M3_AL24477_B0_HOA_EPD5,ATC_M3_AL24477,B0,HOA,5.0,EDOF,-4.25,0.013355783930802934
R8_R6_ATC_M3_AL24477_B0_HOA_EDOF_EPD5,R6_ATC_M3_AL24477_B0_HOA_EPD5,ATC_M3_AL24477,B0,HOA,5.0,EDOF,-4.375,0.018342548448341704
R8_R6_ATC_M3_AL24477_B0_HOA_EDOF_EPD5,R6_ATC_M3_AL24477_B0_HOA_EPD5,ATC_M3_AL24477,B0,HOA,5.0,EDOF,-4.5,0.006590085229873003
R8_R6_ATC_M3_AL24477_B0_HOA_EDOF_EPD5,R6_ATC_M3_AL24477_B0_HOA_EPD5,ATC_M3_AL24477,B0,HOA,5.0,EDOF,-4.625,0.003727233332432295
R8_R6_ATC_M3_AL24477_B0_HOA_EDOF_EPD5,R6_ATC_M3_AL24477_B0_HOA_EPD5,ATC_M3_AL24477,B0,HOA,5.0,EDOF,-4.75,0.019626576953017557
R8_R6_ATC_M3_AL24477_B0_HOA_EDOF_EPD5,R6_ATC_M3_AL24477_B0_HOA_EPD5,ATC_M3_AL24477,B0,HOA,5.0,EDOF,-4.875,0.0022317262216335963
R8_R6_ATC_M3_AL24477_B0_HOA_EDOF_EPD5,R6_ATC_M3_AL24477_B0_HOA_EPD5,ATC_M3_AL24477,B0,HOA,5.0,EDOF,-5.0,0.019011429095036034
R8_R6_ATC_M3_AL24477_C0_WFS_MONO_EPD3,R6_ATC_M3_AL24477_C0_WFS_EPD3,ATC_M3_AL24477,C0,WFS,3.0,MONO,1.0,0.0060128971890052434
R8_R6_ATC_M3_AL24477_C0_WFS_MONO_EPD3,R6_ATC_M3_AL24477_C0_WFS_EPD3,ATC_M3_AL24477,C0,WFS,3.0,MONO,0.875,0.018304819186233303
R8_R6_ATC_M3_AL24477_C0_WFS_MONO_EPD3,R6_ATC_M3_AL24477_C0_WFS_EPD3,ATC_M3_AL24477,C0,WFS,3.0,MONO,0.75,0.0012813095727087066
R8_R6_ATC_M3_AL24477_C0_WFS_MONO_EPD3,R6_ATC_M3_AL24477_C0_WFS_EPD3,ATC_M3_AL24477,C0,WFS,3.0,MONO,0.625,0.03338264710009531
R8_R6_ATC_M3_AL24477_C0_WFS_MONO_EPD3,R6_ATC_M3_AL24477_C0_WFS_EPD3,ATC_M3_AL24477,C0,WFS,3.0,MONO,0.5,0.007834694261969559
R8_R6_ATC_M3_AL24477_C0_WFS_MONO_EPD3,R6_ATC_M3_AL24477_C0_WFS_EPD3,ATC_M3_AL24477,C0,WFS,3.0,MONO,0.375,0.02118623457441481
R8_R6_ATC_M3_AL24477_C0_WFS_MONO_EPD3,R6_ATC_M3_AL24477_C0_WFS_EPD3,ATC_M3_AL24477,C0,WFS,3.0,MONO,0.25,0.12444461772207957
R8_R6_ATC_M3_AL24477_C0_WFS_MONO_EPD3,R6_ATC_M3_AL24477_C0_WFS_EPD3,ATC_M3_AL24477,C0,WFS,3.0,MONO,0.125,0.439391207655621
R8_R6_ATC_M3_AL24477_C0_WFS_MONO_EPD3,R6_ATC_M3_AL24477_C0_WFS_EPD3,ATC_M3_AL24477,C0,WFS,3.0,MONO,0.0,0.6232210874113653
R8_R6_ATC_M3_AL24477_C0_WFS_MONO_EPD3,R6_ATC_M3_AL24477_C0_WFS_EPD3,ATC_M3_AL24477,C0,WFS,3.0,MONO,-0.125,0.4457482638039611
R8_R6_ATC_M3_AL24477_C0_WFS_MONO_EPD3,R6_ATC_M3_AL24477_C0_WFS_EPD3,ATC_M3_AL24477,C0,WFS,3.0,MONO,-0.25,0.08551527311202016
R8_R6_ATC_M3_AL24477_C0_WFS_MONO_EPD3,R6_ATC_M3_AL24477_C0_WFS_EPD3,ATC_M3_AL24477,C0,WFS,3.0,MONO,-0.375,0.09900854804000263
R8_R6_ATC_M3_AL24477_C0_WFS_MONO_EPD3,R6_ATC_M3_AL24477_C0_WFS_EPD3,ATC_M3_AL24477,C0,WFS,3.0,MONO,-0.5,0.03410825413306346
R8_R6_ATC_M3_AL24477_C0_WFS_MONO_EPD3,R6_ATC_M3_AL24477_C0_WFS_EPD3,ATC_M3_AL24477,C0,WFS,3.0,MONO,-0.625,0.05521629422227588
R8_R6_ATC_M3_AL24477_C0_WFS_MONO_EPD3,R6_ATC_M3_AL24477_C0_WFS_EPD3,ATC_M3_AL24477,C0,WFS,3.0,MONO,-0.75,0.027450046280895757
R8_R6_ATC_M3_AL24477_C0_WFS_MONO_EPD3,R6_ATC_M3_AL24477_C0_WFS_EPD3,ATC_M3_AL24477,C0,WFS,3.0,MONO,-0.875,0.026219426930192448
R8_R6_ATC_M3_AL24477_C0_WFS_MONO_EPD3,R6_ATC_M3_AL24477_C0_WFS_EPD3,ATC_M3_AL24477,C0,WFS,3.0,MONO,-1.0,0.011523793258934578
R8_R6_ATC_M3_AL24477_C0_WFS_MONO_EPD3,R6_ATC_M3_AL24477_C0_WFS_EPD3,ATC_M3_AL24477,C0,WFS,3.0,MONO,-1.125,0.020239438465535893
R8_R6_ATC_M3_AL24477_C0_WFS_MONO_EPD3,R6_ATC_M3_AL24477_C0_WFS_EPD3,ATC_M3_AL24477,C0,WFS,3.0,MONO,-1.25,0.00796761581846088
R8_R6_ATC_M3_AL24477_C0_WFS_MONO_EPD3,R6_ATC_M3_AL24477_C0_WFS_EPD3,ATC_M3_AL24477,C0,WFS,3.0,MONO,-1.375,0.013391853391597191
R8_R6_ATC_M3_AL24477_C0_WFS_MONO_EPD3,R6_ATC_M3_AL24477_C0_WFS_EPD3,ATC_M3_AL24477,C0,WFS,3.0,MONO,-1.5,0.0023059679735843394
R8_R6_ATC_M3_AL24477_C0_WFS_MONO_EPD3,R6_ATC_M3_AL24477_C0_WFS_EPD3,ATC_M3_AL24477,C0,WFS,3.0,MONO,-1.625,0.012078545937579123
R8_R6_ATC_M3_AL24477_C0_WFS_MONO_EPD3,R6_ATC_M3_AL24477_C0_WFS_EPD3,ATC_M3_AL24477,C0,WFS,3.0,MONO,-1.75,0.0015788627787087024
R8_R6_ATC_M3_AL24477_C0_WFS_MONO_EPD3,R6_ATC_M3_AL24477_C0_WFS_EPD3,ATC_M3_AL24477,C0,WFS,3.0,MONO,-1.875,0.008439365452444905
R8_R6_ATC_M3_AL24477_C0_WFS_MONO_EPD3,R6_ATC_M3_AL24477_C0_WFS_EPD3,ATC_M3_AL24477,C0,WFS,3.0,MONO,-2.0,0.0006958053321333125
R8_R6_ATC_M3_AL24477_C0_WFS_MONO_EPD3,R6_ATC_M3_AL24477_C0_WFS_EPD3,ATC_M3_AL24477,C0,WFS,3.0,MONO,-2.125,0.006412002903881687
R8_R6_ATC_M3_AL24477_C0_WFS_MONO_EPD3,R6_ATC_M3_AL24477_C0_WFS_EPD3,ATC_M3_AL24477,C0,WFS,3.0,MONO,-2.25,0.002521718276054775
R8_R6_ATC_M3_AL24477_C0_WFS_MONO_EPD3,R6_ATC_M3_AL24477_C0_WFS_EPD3,ATC_M3_AL24477,C0,WFS,3.0,MONO,-2.375,0.005334002879147217
R8_R6_ATC_M3_AL24477_C0_WFS_MONO_EPD3,R6_ATC_M3_AL24477_C0_WFS_EPD3,ATC_M3_AL24477,C0,WFS,3.0,MONO,-2.5,0.003629742755905917
R8_R6_ATC_M3_AL24477_C0_WFS_MONO_EPD3,R6_ATC_M3_AL24477_C0_WFS_EPD3,ATC_M3_AL24477,C0,WFS,3.0,MONO,-2.625,0.004909464867627672
R8_R6_ATC_M3_AL24477_C0_WFS_MONO_EPD3,R6_ATC_M3_AL24477_C0_WFS_EPD3,ATC_M3_AL24477,C0,WFS,3.0,MONO,-2.75,0.003463733198113114
R8_R6_ATC_M3_AL24477_C0_WFS_MONO_EPD3,R6_ATC_M3_AL24477_C0_WFS_EPD3,ATC_M3_AL24477,C0,WFS,3.0,MONO,-2.875,0.0037220056494676806
R8_R6_ATC_M3_AL24477_C0_WFS_MONO_EPD3,R6_ATC_M3_AL24477_C0_WFS_EPD3,ATC_M3_AL24477,C0,WFS,3.0,MONO,-3.0,0.00350652109646758
R8_R6_ATC_M3_AL24477_C0_WFS_MONO_EPD3,R6_ATC_M3_AL24477_C0_WFS_EPD3,ATC_M3_AL24477,C0,WFS,3.0,MONO,-3.125,0.002896413187493129
R8_R6_ATC_M3_AL24477_C0_WFS_MONO_EPD3,R6_ATC_M3_AL24477_C0_WFS_EPD3,ATC_M3_AL24477,C0,WFS,3.0,MONO,-3.25,0.0028234720660355868
R8_R6_ATC_M3_AL24477_C0_WFS_MONO_EPD3,R6_ATC_M3_AL24477_C0_WFS_EPD3,ATC_M3_AL24477,C0,WFS,3.0,MONO,-3.375,0.0011605163304020342
R8_R6_ATC_M3_AL24477_C0_WFS_MONO_EPD3,R6_ATC_M3_AL24477_C0_WFS_EPD3,ATC_M3_AL24477,C0,WFS,3.0,MONO,-3.5,0.003162980721488071
R8_R6_ATC_M3_AL24477_C0_WFS_MONO_EPD3,R6_ATC_M3_AL24477_C0_WFS_EPD3,ATC_M3_AL24477,C0,WFS,3.0,MONO,-3.625,0.00015389921777092395
R8_R6_ATC_M3_AL24477_C0_WFS_MONO_EPD3,R6_ATC_M3_AL24477_C0_WFS_EPD3,ATC_M3_AL24477,C0,WFS,3.0,MONO,-3.75,0.0035612968818607496
R8_R6_ATC_M3_AL24477_C0_WFS_MONO_EPD3,R6_ATC_M3_AL24477_C0_WFS_EPD3,ATC_M3_AL24477,C0,WFS,3.0,MONO,-3.875,0.00017940061682010484
R8_R6_ATC_M3_AL24477_C0_WFS_MONO_EPD3,R6_ATC_M3_AL24477_C0_WFS_EPD3,ATC_M3_AL24477,C0,WFS,3.0,MONO,-4.0,0.0029536119712939924
R8_R6_ATC_M3_AL24477_C0_WFS_MONO_EPD3,R6_ATC_M3_AL24477_C0_WFS_EPD3,ATC_M3_AL24477,C0,WFS,3.0,MONO,-4.125,0.00022423855247085593
R8_R6_ATC_M3_AL24477_C0_WFS_MONO_EPD3,R6_ATC_M3_AL24477_C0_WFS_EPD3,ATC_M3_AL24477,C0,WFS,3.0,MONO,-4.25,0.001246502075692948
R8_R6_ATC_M3_AL24477_C0_WFS_MONO_EPD3,R6_ATC_M3_AL24477_C0_WFS_EPD3,ATC_M3_AL24477,C0,WFS,3.0,MONO,-4.375,0.0014604912414689533
R8_R6_ATC_M3_AL24477_C0_WFS_MONO_EPD3,R6_ATC_M3_AL24477_C0_WFS_EPD3,ATC_M3_AL24477,C0,WFS,3.0,MONO,-4.5,0.0012504025476564036
R8_R6_ATC_M3_AL24477_C0_WFS_MONO_EPD3,R6_ATC_M3_AL24477_C0_WFS_EPD3,ATC_M3_AL24477,C0,WFS,3.0,MONO,-4.625,0.0020222314986556474
R8_R6_ATC_M3_AL24477_C0_WFS_MONO_EPD3,R6_ATC_M3_AL24477_C0_WFS_EPD3,ATC_M3_AL24477,C0,WFS,3.0,MONO,-4.75,0.0011367171155250314
R8_R6_ATC_M3_AL24477_C0_WFS_MONO_EPD3,R6_ATC_M3_AL24477_C0_WFS_EPD3,ATC_M3_AL24477,C0,WFS,3.0,MONO,-4.875,0.00212476728118118
R8_R6_ATC_M3_AL24477_C0_WFS_MONO_EPD3,R6_ATC_M3_AL24477_C0_WFS_EPD3,ATC_M3_AL24477,C0,WFS,3.0,MONO,-5.0,0.0007685751007188502
R8_R6_ATC_M3_AL24477_C0_WFS_EDOF_EPD3,R6_ATC_M3_AL24477_C0_WFS_EPD3,ATC_M3_AL24477,C0,WFS,3.0,EDOF,1.0,0.03077089429680644
R8_R6_ATC_M3_AL24477_C0_WFS_EDOF_EPD3,R6_ATC_M3_AL24477_C0_WFS_EPD3,ATC_M3_AL24477,C0,WFS,3.0,EDOF,0.875,0.03606959278414878
R8_R6_ATC_M3_AL24477_C0_WFS_EDOF_EPD3,R6_ATC_M3_AL24477_C0_WFS_EPD3,ATC_M3_AL24477,C0,WFS,3.0,EDOF,0.75,0.0654112641150401
R8_R6_ATC_M3_AL24477_C0_WFS_EDOF_EPD3,R6_ATC_M3_AL24477_C0_WFS_EPD3,ATC_M3_AL24477,C0,WFS,3.0,EDOF,0.625,0.11100909634893524
R8_R6_ATC_M3_AL24477_C0_WFS_EDOF_EPD3,R6_ATC_M3_AL24477_C0_WFS_EPD3,ATC_M3_AL24477,C0,WFS,3.0,EDOF,0.5,0.11228532032560218
R8_R6_ATC_M3_AL24477_C0_WFS_EDOF_EPD3,R6_ATC_M3_AL24477_C0_WFS_EPD3,ATC_M3_AL24477,C0,WFS,3.0,EDOF,0.375,0.08326992438937508
R8_R6_ATC_M3_AL24477_C0_WFS_EDOF_EPD3,R6_ATC_M3_AL24477_C0_WFS_EPD3,ATC_M3_AL24477,C0,WFS,3.0,EDOF,0.25,0.14014383754479456
R8_R6_ATC_M3_AL24477_C0_WFS_EDOF_EPD3,R6_ATC_M3_AL24477_C0_WFS_EPD3,ATC_M3_AL24477,C0,WFS,3.0,EDOF,0.125,0.303342879513652
R8_R6_ATC_M3_AL24477_C0_WFS_EDOF_EPD3,R6_ATC_M3_AL24477_C0_WFS_EPD3,ATC_M3_AL24477,C0,WFS,3.0,EDOF,0.0,0.3902339304257333
R8_R6_ATC_M3_AL24477_C0_WFS_EDOF_EPD3,R6_ATC_M3_AL24477_C0_WFS_EPD3,ATC_M3_AL24477,C0,WFS,3.0,EDOF,-0.125,0.25089181671220595
R8_R6_ATC_M3_AL24477_C0_WFS_EDOF_EPD3,R6_ATC_M3_AL24477_C0_WFS_EPD3,ATC_M3_AL24477,C0,WFS,3.0,EDOF,-0.25,0.01448291037228146
R8_R6_ATC_M3_AL24477_C0_WFS_EDOF_EPD3,R6_ATC_M3_AL24477_C0_WFS_EPD3,ATC_M3_AL24477,C0,WFS,3.0,EDOF,-0.375,0.07315912215016088
R8_R6_ATC_M3_AL24477_C0_WFS_EDOF_EPD3,R6_ATC_M3_AL24477_C0_WFS_EPD3,ATC_M3_AL24477,C0,WFS,3.0,EDOF,-0.5,0.012065315409518978
R8_R6_ATC_M3_AL24477_C0_WFS_EDOF_EPD3,R6_ATC_M3_AL24477_C0_WFS_EPD3,ATC_M3_AL24477,C0,WFS,3.0,EDOF,-0.625,0.08409671555348286
R8_R6_ATC_M3_AL24477_C0_WFS_EDOF_EPD3,R6_ATC_M3_AL24477_C0_WFS_EPD3,ATC_M3_AL24477,C0,WFS,3.0,EDOF,-0.75,0.05037037482384339
R8_R6_ATC_M3_AL24477_C0_WFS_EDOF_EPD3,R6_ATC_M3_AL24477_C0_WFS_EPD3,ATC_M3_AL24477,C0,WFS,3.0,EDOF,-0.875,0.002397866586422407
R8_R6_ATC_M3_AL24477_C0_WFS_EDOF_EPD3,R6_ATC_M3_AL24477_C0_WFS_EPD3,ATC_M3_AL24477,C0,WFS,3.0,EDOF,-1.0,0.010884350243197834
R8_R6_ATC_M3_AL24477_C0_WFS_EDOF_EPD3,R6_ATC_M3_AL24477_C0_WFS_EPD3,ATC_M3_AL24477,C0,WFS,3.0,EDOF,-1.125,0.024683787771573908
R8_R6_ATC_M3_AL24477_C0_WFS_EDOF_EPD3,R6_ATC_M3_AL24477_C0_WFS_EPD3,ATC_M3_AL24477,C0,WFS,3.0,EDOF,-1.25,0.0029693306465342663
R8_R6_ATC_M3_AL24477_C0_WFS_EDOF_EPD3,R6_ATC_M3_AL24477_C0_WFS_EPD3,ATC_M3_AL24477,C0,WFS,3.0,EDOF,-1.375,0.012150049763463393
R8_R6_ATC_M3_AL24477_C0_WFS_EDOF_EPD3,R6_ATC_M3_AL24477_C0_WFS_EPD3,ATC_M3_AL24477,C0,WFS,3.0,EDOF,-1.5,0.0069456410058236495
R8_R6_ATC_M3_AL24477_C0_WFS_EDOF_EPD3,R6_ATC_M3_AL24477_C0_WFS_EPD3,ATC_M3_AL24477,C0,WFS,3.0,EDOF,-1.625,0.01998758693989304
R8_R6_ATC_M3_AL24477_C0_WFS_EDOF_EPD3,R6_ATC_M3_AL24477_C0_WFS_EPD3,ATC_M3_AL24477,C0,WFS,3.0,EDOF,-1.75,0.003945174847111756
R8_R6_ATC_M3_AL24477_C0_WFS_EDOF_EPD3,R6_ATC_M3_AL24477_C0_WFS_EPD3,ATC_M3_AL24477,C0,WFS,3.0,EDOF,-1.875,0.008297959551299016
R8_R6_ATC_M3_AL24477_C0_WFS_EDOF_EPD3,R6_ATC_M3_AL24477_C0_WFS_EPD3,ATC_M3_AL24477,C0,WFS,3.0,EDOF,-2.0,0.0001348503767143793
R8_R6_ATC_M3_AL24477_C0_WFS_EDOF_EPD3,R6_ATC_M3_AL24477_C0_WFS_EPD3,ATC_M3_AL24477,C0,WFS,3.0,EDOF,-2.125,0.003863757850239618
R8_R6_ATC_M3_AL24477_C0_WFS_EDOF_EPD3,R6_ATC_M3_AL24477_C0_WFS_EPD3,ATC_M3_AL24477,C0,WFS,3.0,EDOF,-2.25,0.005406264874697319
R8_R6_ATC_M3_AL24477_C0_WFS_EDOF_EPD3,R6_ATC_M3_AL24477_C0_WFS_EPD3,ATC_M3_AL24477,C0,WFS,3.0,EDOF,-2.375,0.005722468163905302
R8_R6_ATC_M3_AL24477_C0_WFS_EDOF_EPD3,R6_ATC_M3_AL24477_C0_WFS_EPD3,ATC_M3_AL24477,C0,WFS,3.0,EDOF,-2.5,0.004427298008010901
R8_R6_ATC_M3_AL24477_C0_WFS_EDOF_EPD3,R6_ATC_M3_AL24477_C0_WFS_EPD3,ATC_M3_AL24477,C0,WFS,3.0,EDOF,-2.625,0.004245134947139146
R8_R6_ATC_M3_AL24477_C0_WFS_EDOF_EPD3,R6_ATC_M3_AL24477_C0_WFS_EPD3,ATC_M3_AL24477,C0,WFS,3.0,EDOF,-2.75,0.004520638017060749
R8_R6_ATC_M3_AL24477_C0_WFS_EDOF_EPD3,R6_ATC_M3_AL24477_C0_WFS_EPD3,ATC_M3_AL24477,C0,WFS,3.0,EDOF,-2.875,0.0034842476475228554
R8_R6_ATC_M3_AL24477_C0_WFS_EDOF_EPD3,R6_ATC_M3_AL24477_C0_WFS_EPD3,ATC_M3_AL24477,C0,WFS,3.0,EDOF,-3.0,0.0036238526010881522
R8_R6_ATC_M3_AL24477_C0_WFS_EDOF_EPD3,R6_ATC_M3_AL24477_C0_WFS_EPD3,ATC_M3_AL24477,C0,WFS,3.0,EDOF,-3.125,0.0019777354904713697
R8_R6_ATC_M3_AL24477_C0_WFS_EDOF_EPD3,R6_ATC_M3_AL24477_C0_WFS_EPD3,ATC_M3_AL24477,C0,WFS,3.0,EDOF,-3.25,0.002917924180594955
R8_R6_ATC_M3_AL24477_C0_WFS_EDOF_EPD3,R6_ATC_M3_AL24477_C0_WFS_EPD3,ATC_M3_AL24477,C0,WFS,3.0,EDOF,-3.375,0.00018841911383632128
R8_R6_ATC_M3_AL24477_C0_WFS_EDOF_EPD3,R6_ATC_M3_AL24477_C0_WFS_EPD3,ATC_M3_AL24477,C0,WFS,3.0,EDOF,-3.5,0.0028277828194358187
R8_R6_ATC_M3_AL24477_C0_WFS_EDOF_EPD3,R6_ATC_M3_AL24477_C0_WFS_EPD3,ATC_M3_AL24477,C0,WFS,3.0,EDOF,-3.625,0.0012501503088463372
R8_R6_ATC_M3_AL24477_C0_WFS_EDOF_EPD3,R6_ATC_M3_AL24477_C0_WFS_EPD3,ATC_M3_AL24477,C0,WFS,3.0,EDOF,-3.75,0.003321981231010319
R8_R6_ATC_M3_AL24477_C0_WFS_EDOF_EPD3,R6_ATC_M3_AL24477_C0_WFS_EPD3,ATC_M3_AL24477,C0,WFS,3.0,EDOF,-3.875,0.0011899861290530303
R8_R6_ATC_M3_AL24477_C0_WFS_EDOF_EPD3,R6_ATC_M3_AL24477_C0_WFS_EPD3,ATC_M3_AL24477,C0,WFS,3.0,EDOF,-4.0,0.002602757570989571
R8_R6_ATC_M3_AL24477_C0_WFS_EDOF_EPD3,R6_ATC_M3_AL24477_C0_WFS_EPD3,ATC_M3_AL24477,C0,WFS,3.0,EDOF,-4.125,0.0012292806550172602
R8_R6_ATC_M3_AL24477_C0_WFS_EDOF_EPD3,R6_ATC_M3_AL24477_C0_WFS_EPD3,ATC_M3_AL24477,C0,WFS,3.0,EDOF,-4.25,0.0011847955970866006
R8_R6_ATC_M3_AL24477_C0_WFS_EDOF_EPD3,R6_ATC_M3_AL24477_C0_WFS_EPD3,ATC_M3_AL24477,C0,WFS,3.0,EDOF,-4.375,0.002245809989277219
R8_R6_ATC_M3_AL24477_C0_WFS_EDOF_EPD3,R6_ATC_M3_AL24477_C0_WFS_EPD3,ATC_M3_AL24477,C0,WFS,3.0,EDOF,-4.5,0.0007359443592889855
R8_R6_ATC_M3_AL24477_C0_WFS_EDOF_EPD3,R6_ATC_M3_AL24477_C0_WFS_EPD3,ATC_M3_AL24477,C0,WFS,3.0,EDOF,-4.625,0.002675844489811674
R8_R6_ATC_M3_AL24477_C0_WFS_EDOF_EPD3,R6_ATC_M3_AL24477_C0_WFS_EPD3,ATC_M3_AL24477,C0,WFS,3.0,EDOF,-4.75,0.00034301081064206935
R8_R6_ATC_M3_AL24477_C0_WFS_EDOF_EPD3,R6_ATC_M3_AL24477_C0_WFS_EPD3,ATC_M3_AL24477,C0,WFS,3.0,EDOF,-4.875,0.002879249992115227
R8_R6_ATC_M3_AL24477_C0_WFS_EDOF_EPD3,R6_ATC_M3_AL24477_C0_WFS_EPD3,ATC_M3_AL24477,C0,WFS,3.0,EDOF,-5.0,0.00041789973097404985
R8_R6_ATC_M3_AL24477_C0_WFS_MONO_EPD5,R6_ATC_M3_AL24477_C0_WFS_EPD5,ATC_M3_AL24477,C0,WFS,5.0,MONO,1.0,0.05335098758058065
R8_R6_ATC_M3_AL24477_C0_WFS_MONO_EPD5,R6_ATC_M3_AL24477_C0_WFS_EPD5,ATC_M3_AL24477,C0,WFS,5.0,MONO,0.875,0.0159617802047096
R8_R6_ATC_M3_AL24477_C0_WFS_MONO_EPD5,R6_ATC_M3_AL24477_C0_WFS_EPD5,ATC_M3_AL24477,C0,WFS,5.0,MONO,0.75,0.01515876690636658
R8_R6_ATC_M3_AL24477_C0_WFS_MONO_EPD5,R6_ATC_M3_AL24477_C0_WFS_EPD5,ATC_M3_AL24477,C0,WFS,5.0,MONO,0.625,0.031015775076779106
R8_R6_ATC_M3_AL24477_C0_WFS_MONO_EPD5,R6_ATC_M3_AL24477_C0_WFS_EPD5,ATC_M3_AL24477,C0,WFS,5.0,MONO,0.5,0.03337608956510399
R8_R6_ATC_M3_AL24477_C0_WFS_MONO_EPD5,R6_ATC_M3_AL24477_C0_WFS_EPD5,ATC_M3_AL24477,C0,WFS,5.0,MONO,0.375,0.008374726477737328
R8_R6_ATC_M3_AL24477_C0_WFS_MONO_EPD5,R6_ATC_M3_AL24477_C0_WFS_EPD5,ATC_M3_AL24477,C0,WFS,5.0,MONO,0.25,0.025152154014904837
R8_R6_ATC_M3_AL24477_C0_WFS_MONO_EPD5,R6_ATC_M3_AL24477_C0_WFS_EPD5,ATC_M3_AL24477,C0,WFS,5.0,MONO,0.125,0.19549144697673182
R8_R6_ATC_M3_AL24477_C0_WFS_MONO_EPD5,R6_ATC_M3_AL24477_C0_WFS_EPD5,ATC_M3_AL24477,C0,WFS,5.0,MONO,0.0,0.27370641689130537
R8_R6_ATC_M3_AL24477_C0_WFS_MONO_EPD5,R6_ATC_M3_AL24477_C0_WFS_EPD5,ATC_M3_AL24477,C0,WFS,5.0,MONO,-0.125,0.16468360179443858
R8_R6_ATC_M3_AL24477_C0_WFS_MONO_EPD5,R6_ATC_M3_AL24477_C0_WFS_EPD5,ATC_M3_AL24477,C0,WFS,5.0,MONO,-0.25,0.005595539245279171
R8_R6_ATC_M3_AL24477_C0_WFS_MONO_EPD5,R6_ATC_M3_AL24477_C0_WFS_EPD5,ATC_M3_AL24477,C0,WFS,5.0,MONO,-0.375,0.038587973178963925
R8_R6_ATC_M3_AL24477_C0_WFS_MONO_EPD5,R6_ATC_M3_AL24477_C0_WFS_EPD5,ATC_M3_AL24477,C0,WFS,5.0,MONO,-0.5,0.003760899326296308
R8_R6_ATC_M3_AL24477_C0_WFS_MONO_EPD5,R6_ATC_M3_AL24477_C0_WFS_EPD5,ATC_M3_AL24477,C0,WFS,5.0,MONO,-0.625,0.01601650409852637
R8_R6_ATC_M3_AL24477_C0_WFS_MONO_EPD5,R6_ATC_M3_AL24477_C0_WFS_EPD5,ATC_M3_AL24477,C0,WFS,5.0,MONO,-0.75,0.0010607140138055955
R8_R6_ATC_M3_AL24477_C0_WFS_MONO_EPD5,R6_ATC_M3_AL24477_C0_WFS_EPD5,ATC_M3_AL24477,C0,WFS,5.0,MONO,-0.875,0.00639492464676706
R8_R6_ATC_M3_AL24477_C0_WFS_MONO_EPD5,R6_ATC_M3_AL24477_C0_WFS_EPD5,ATC_M3_AL24477,C0,WFS,5.0,MONO,-1.0,0.00047634435471259043
R8_R6_ATC_M3_AL24477_C0_WFS_MONO_EPD5,R6_ATC_M3_AL24477_C0_WFS_EPD5,ATC_M3_AL24477,C0,WFS,5.0,MONO,-1.125,0.0022286073327045615
R8_R6_ATC_M3_AL24477_C0_WFS_MONO_EPD5,R6_ATC_M3_AL24477_C0_WFS_EPD5,ATC_M3_AL24477,C0,WFS,5.0,MONO,-1.25,0.0009585828297569471
R8_R6_ATC_M3_AL24477_C0_WFS_MONO_EPD5,R6_ATC_M3_AL24477_C0_WFS_EPD5,ATC_M3_AL24477,C0,WFS,5.0,MONO,-1.375,0.000895404587367019
R8_R6_ATC_M3_AL24477_C0_WFS_MONO_EPD5,R6_ATC_M3_AL24477_C0_WFS_EPD5,ATC_M3_AL24477,C0,WFS,5.0,MONO,-1.5,0.0009819091365284626
R8_R6_ATC_M3_AL24477_C0_WFS_MONO_EPD5,R6_ATC_M3_AL24477_C0_WFS_EPD5,ATC_M3_AL24477,C0,WFS,5.0,MONO,-1.625,0.00037883842317229164
R8_R6_ATC_M3_AL24477_C0_WFS_MONO_EPD5,R6_ATC_M3_AL24477_C0_WFS_EPD5,ATC_M3_AL24477,C0,WFS,5.0,MONO,-1.75,0.0008263116834896941
R8_R6_ATC_M3_AL24477_C0_WFS_MONO_EPD5,R6_ATC_M3_AL24477_C0_WFS_EPD5,ATC_M3_AL24477,C0,WFS,5.0,MONO,-1.875,0.0015566483064253494
R8_R6_ATC_M3_AL24477_C0_WFS_MONO_EPD5,R6_ATC_M3_AL24477_C0_WFS_EPD5,ATC_M3_AL24477,C0,WFS,5.0,MONO,-2.0,0.0017018254360154947
R8_R6_ATC_M3_AL24477_C0_WFS_MONO_EPD5,R6_ATC_M3_AL24477_C0_WFS_EPD5,ATC_M3_AL24477,C0,WFS,5.0,MONO,-2.125,0.0013438213468721948
R8_R6_ATC_M3_AL24477_C0_WFS_MONO_EPD5,R6_ATC_M3_AL24477_C0_WFS_EPD5,ATC_M3_AL24477,C0,WFS,5.0,MONO,-2.25,0.002309615196125276
R8_R6_ATC_M3_AL24477_C0_WFS_MONO_EPD5,R6_ATC_M3_AL24477_C0_WFS_EPD5,ATC_M3_AL24477,C0,WFS,5.0,MONO,-2.375,2.933990230098962e-05
R8_R6_ATC_M3_AL24477_C0_WFS_MONO_EPD5,R6_ATC_M3_AL24477_C0_WFS_EPD5,ATC_M3_AL24477,C0,WFS,5.0,MONO,-2.5,0.0015993555757688404
R8_R6_ATC_M3_AL24477_C0_WFS_MONO_EPD5,R6_ATC_M3_AL24477_C0_WFS_EPD5,ATC_M3_AL24477,C0,WFS,5.0,MONO,-2.625,0.00017743666072149233
R8_R6_ATC_M3_AL24477_C0_WFS_MONO_EPD5,R6_ATC_M3_AL24477_C0_WFS_EPD5,ATC_M3_AL24477,C0,WFS,5.0,MONO,-2.75,0.0017728702842557845
R8_R6_ATC_M3_AL24477_C0_WFS_MONO_EPD5,R6_ATC_M3_AL24477_C0_WFS_EPD5,ATC_M3_AL24477,C0,WFS,5.0,MONO,-2.875,0.001439310865370139
R8_R6_ATC_M3_AL24477_C0_WFS_MONO_EPD5,R6_ATC_M3_AL24477_C0_WFS_EPD5,ATC_M3_AL24477,C0,WFS,5.0,MONO,-3.0,0.0009657116464671996
R8_R6_ATC_M3_AL24477_C0_WFS_MONO_EPD5,R6_ATC_M3_AL24477_C0_WFS_EPD5,ATC_M3_AL24477,C0,WFS,5.0,MONO,-3.125,0.0017612531626423147
R8_R6_ATC_M3_AL24477_C0_WFS_MONO_EPD5,R6_ATC_M3_AL24477_C0_WFS_EPD5,ATC_M3_AL24477,C0,WFS,5.0,MONO,-3.25,7.522005700704011e-05
R8_R6_ATC_M3_AL24477_C0_WFS_MONO_EPD5,R6_ATC_M3_AL24477_C0_WFS_EPD5,ATC_M3_AL24477,C0,WFS,5.0,MONO,-3.375,0.0007880369856162478
R8_R6_ATC_M3_AL24477_C0_WFS_MONO_EPD5,R6_ATC_M3_AL24477_C0_WFS_EPD5,ATC_M3_AL24477,C0,WFS,5.0,MONO,-3.5,0.00024682502460345805
R8_R6_ATC_M3_AL24477_C0_WFS_MONO_EPD5,R6_ATC_M3_AL24477_C0_WFS_EPD5,ATC_M3_AL24477,C0,WFS,5.0,MONO,-3.625,0.0015695086588609966
R8_R6_ATC_M3_AL24477_C0_WFS_MONO_EPD5,R6_ATC_M3_AL24477_C0_WFS_EPD5,ATC_M3_AL24477,C0,WFS,5.0,MONO,-3.75,0.0003126987977778511
R8_R6_ATC_M3_AL24477_C0_WFS_MONO_EPD5,R6_ATC_M3_AL24477_C0_WFS_EPD5,ATC_M3_AL24477,C0,WFS,5.0,MONO,-3.875,0.00033425285242408173
R8_R6_ATC_M3_AL24477_C0_WFS_MONO_EPD5,R6_ATC_M3_AL24477_C0_WFS_EPD5,ATC_M3_AL24477,C0,WFS,5.0,MONO,-4.0,0.0003147915556396386
R8_R6_ATC_M3_AL24477_C0_WFS_MONO_EPD5,R6_ATC_M3_AL24477_C0_WFS_EPD5,ATC_M3_AL24477,C0,WFS,5.0,MONO,-4.125,0.00012756265451810802
R8_R6_ATC_M3_AL24477_C0_WFS_MONO_EPD5,R6_ATC_M3_AL24477_C0_WFS_EPD5,ATC_M3_AL24477,C0,WFS,5.0,MONO,-4.25,3.477259072690389e-05
R8_R6_ATC_M3_AL24477_C0_WFS_MONO_EPD5,R6_ATC_M3_AL24477_C0_WFS_EPD5,ATC_M3_AL24477,C0,WFS,5.0,MONO,-4.375,0.0013298834926993154
R8_R6_ATC_M3_AL24477_C0_WFS_MONO_EPD5,R6_ATC_M3_AL24477_C0_WFS_EPD5,ATC_M3_AL24477,C0,WFS,5.0,MONO,-4.5,0.00037460541433058056
R8_R6_ATC_M3_AL24477_C0_WFS_MONO_EPD5,R6_ATC_M3_AL24477_C0_WFS_EPD5,ATC_M3_AL24477,C0,WFS,5.0,MONO,-4.625,0.00036625209544776803
R8_R6_ATC_M3_AL24477_C0_WFS_MONO_EPD5,R6_ATC_M3_AL24477_C0_WFS_EPD5,ATC_M3_AL24477,C0,WFS,5.0,MONO,-4.75,0.0014468720270777182
R8_R6_ATC_M3_AL24477_C0_WFS_MONO_EPD5,R6_ATC_M3_AL24477_C0_WFS_EPD5,ATC_M3_AL24477,C0,WFS,5.0,MONO,-4.875,0.0002870114683184641
R8_R6_ATC_M3_AL24477_C0_WFS_MONO_EPD5,R6_ATC_M3_AL24477_C0_WFS_EPD5,ATC_M3_AL24477,C0,WFS,5.0,MONO,-5.0,0.00011874668355577591
R8_R6_ATC_M3_AL24477_C0_WFS_EDOF_EPD5,R6_ATC_M3_AL24477_C0_WFS_EPD5,ATC_M3_AL24477,C0,WFS,5.0,EDOF,1.0,0.044433837157491565
R8_R6_ATC_M3_AL24477_C0_WFS_EDOF_EPD5,R6_ATC_M3_AL24477_C0_WFS_EPD5,ATC_M3_AL24477,C0,WFS,5.0,EDOF,0.875,0.05212658792462519
R8_R6_ATC_M3_AL24477_C0_WFS_EDOF_EPD5,R6_ATC_M3_AL24477_C0_WFS_EPD5,ATC_M3_AL24477,C0,WFS,5.0,EDOF,0.75,0.02210488238139794
R8_R6_ATC_M3_AL24477_C0_WFS_EDOF_EPD5,R6_ATC_M3_AL24477_C0_WFS_EPD5,ATC_M3_AL24477,C0,WFS,5.0,EDOF,0.625,0.03661090269900728
R8_R6_ATC_M3_AL24477_C0_WFS_EDOF_EPD5,R6_ATC_M3_AL24477_C0_WFS_EPD5,ATC_M3_AL24477,C0,WFS,5.0,EDOF,0.5,0.06223766495171184
R8_R6_ATC_M3_AL24477_C0_WFS_EDOF_EPD5,R6_ATC_M3_AL24477_C0_WFS_EPD5,ATC_M3_AL24477,C0,WFS,5.0,EDOF,0.375,0.05365564353911483
R8_R6_ATC_M3_AL24477_C0_WFS_EDOF_EPD5,R6_ATC_M3_AL24477_C0_WFS_EPD5,ATC_M3_AL24477,C0,WFS,5.0,EDOF,0.25,0.03631688136404897
R8_R6_ATC_M3_AL24477_C0_WFS_EDOF_EPD5,R6_ATC_M3_AL24477_C0_WFS_EPD5,ATC_M3_AL24477,C0,WFS,5.0,EDOF,0.125,0.12417044498074703
R8_R6_ATC_M3_AL24477_C0_WFS_EDOF_EPD5,R6_ATC_M3_AL24477_C0_WFS_EPD5,ATC_M3_AL24477,C0,WFS,5.0,EDOF,0.0,0.18775835748903558
R8_R6_ATC_M3_AL24477_C0_WFS_EDOF_EPD5,R6_ATC_M3_AL24477_C0_WFS_EPD5,ATC_M3_AL24477,C0,WFS,5.0,EDOF,-0.125,0.11425331425435756
R8_R6_ATC_M3_AL24477_C0_WFS_EDOF_EPD5,R6_ATC_M3_AL24477_C0_WFS_EPD5,ATC_M3_AL24477,C0,WFS,5.0,EDOF,-0.25,0.018035344057507723
R8_R6_ATC_M3_AL24477_C0_WFS_EDOF_EPD5,R6_ATC_M3_AL24477_C0_WFS_EPD5,ATC_M3_AL24477,C0,WFS,5.0,EDOF,-0.375,0.04333901514211731
R8_R6_ATC_M3_AL24477_C0_WFS_EDOF_EPD5,R6_ATC_M3_AL24477_C0_WFS_EPD5,ATC_M3_AL24477,C0,WFS,5.0,EDOF,-0.5,0.011812225980162284
R8_R6_ATC_M3_AL24477_C0_WFS_EDOF_EPD5,R6_ATC_M3_AL24477_C0_WFS_EPD5,ATC_M3_AL24477,C0,WFS,5.0,EDOF,-0.625,0.035423397720485576
R8_R6_ATC_M3_AL24477_C0_WFS_EDOF_EPD5,R6_ATC_M3_AL24477_C0_WFS_EPD5,ATC_M3_AL24477,C0,WFS,5.0,EDOF,-0.75,0.008756561753646062
R8_R6_ATC_M3_AL24477_C0_WFS_EDOF_EPD5,R6_ATC_M3_AL24477_C0_WFS_EPD5,ATC_M3_AL24477,C0,WFS,5.0,EDOF,-0.875,0.0019877207967848483
R8_R6_ATC_M3_AL24477_C0_WFS_EDOF_EPD5,R6_ATC_M3_AL24477_C0_WFS_EPD5,ATC_M3_AL24477,C0,WFS,5.0,EDOF,-1.0,0.009604962927461859
R8_R6_ATC_M3_AL24477_C0_WFS_EDOF_EPD5,R6_ATC_M3_AL24477_C0_WFS_EPD5,ATC_M3_AL24477,C0,WFS,5.0,EDOF,-1.125,0.00636265000641721
R8_R6_ATC_M3_AL24477_C0_WFS_EDOF_EPD5,R6_ATC_M3_AL24477_C0_WFS_EPD5,ATC_M3_AL24477,C0,WFS,5.0,EDOF,-1.25,0.005078099551065115
R8_R6_ATC_M3_AL24477_C0_WFS_EDOF_EPD5,R6_ATC_M3_AL24477_C0_WFS_EPD5,ATC_M3_AL24477,C0,WFS,5.0,EDOF,-1.375,0.0017026407754614358
R8_R6_ATC_M3_AL24477_C0_WFS_EDOF_EPD5,R6_ATC_M3_AL24477_C0_WFS_EPD5,ATC_M3_AL24477,C0,WFS,5.0,EDOF,-1.5,0.006517525565401866
R8_R6_ATC_M3_AL24477_C0_WFS_EDOF_EPD5,R6_ATC_M3_AL24477_C0_WFS_EPD5,ATC_M3_AL24477,C0,WFS,5.0,EDOF,-1.625,0.0027351570494188234
R8_R6_ATC_M3_AL24477_C0_WFS_EDOF_EPD5,R6_ATC_M3_AL24477_C0_WFS_EPD5,ATC_M3_AL24477,C0,WFS,5.0,EDOF,-1.75,0.0005181588506570657
R8_R6_ATC_M3_AL24477_C0_WFS_EDOF_EPD5,R6_ATC_M3_AL24477_C0_WFS_EPD5,ATC_M3_AL24477,C0,WFS,5.0,EDOF,-1.875,0.0015527863933388827
R8_R6_ATC_M3_AL24477_C0_WFS_EDOF_EPD5,R6_ATC_M3_AL24477_C0_WFS_EPD5,ATC_M3_AL24477,C0,WFS,5.0,EDOF,-2.0,0.0030208604443664583
R8_R6_ATC_M3_AL24477_C0_WFS_EDOF_EPD5,R6_ATC_M3_AL24477_C0_WFS_EPD5,ATC_M3_AL24477,C0,WFS,5.0,EDOF,-2.125,0.002712840262829261
R8_R6_ATC_M3_AL24477_C0_WFS_EDOF_EPD5,R6_ATC_M3_AL24477_C0_WFS_EPD5,ATC_M3_AL24477,C0,WFS,5.0,EDOF,-2.25,0.00021085760932678624
R8_R6_ATC_M3_AL24477_C0_WFS_EDOF_EPD5,R6_ATC_M3_AL24477_C0_WFS_EPD5,ATC_M3_AL24477,C0,WFS,5.0,EDOF,-2.375,0.0006101021657030083
R8_R6_ATC_M3_AL24477_C0_WFS_EDOF_EPD5,R6_ATC_M3_AL24477_C0_WFS_EPD5,ATC_M3_AL24477,C0,WFS,5.0,EDOF,-2.5,0.0025008991507922624
R8_R6_ATC_M3_AL24477_C0_WFS_EDOF_EPD5,R6_ATC_M3_AL24477_C0_WFS_EPD5,ATC_M3_AL24477,C0,WFS,5.0,EDOF,-2.625,0.0008822051065229857
R8_R6_ATC_M3_AL24477_C0_WFS_EDOF_EPD5,R6_ATC_M3_AL24477_C0_WFS_EPD5,ATC_M3_AL24477,C0,WFS,5.0,EDOF,-2.75,0.0011326895412617824
R8_R6_ATC_M3_AL24477_C0_WFS_EDOF_EPD5,R6_ATC_M3_AL24477_C0_WFS_EPD5,ATC_M3_AL24477,C0,WFS,5.0,EDOF,-2.875,0.0009147728675548344
R8_R6_ATC_M3_AL24477_C0_WFS_EDOF_EPD5,R6_ATC_M3_AL24477_C0_WFS_EPD5,ATC_M3_AL24477,C0,WFS,5.0,EDOF,-3.0,0.0011854609305928707
R8_R6_ATC_M3_AL24477_C0_WFS_EDOF_EPD5,R6_ATC_M3_AL24477_C0_WFS_EPD5,ATC_M3_AL24477,C0,WFS,5.0,EDOF,-3.125,0.002073365967431298
R8_R6_ATC_M3_AL24477_C0_WFS_EDOF_EPD5,R6_ATC_M3_AL24477_C0_WFS_EPD5,ATC_M3_AL24477,C0,WFS,5.0,EDOF,-3.25,0.00023233163327505556
R8_R6_ATC_M3_AL24477_C0_WFS_EDOF_EPD5,R6_ATC_M3_AL24477_C0_WFS_EPD5,ATC_M3_AL24477,C0,WFS,5.0,EDOF,-3.375,0.0004465299446058702
R8_R6_ATC_M3_AL24477_C0_WFS_EDOF_EPD5,R6_ATC_M3_AL24477_C0_WFS_EPD5,ATC_M3_AL24477,C0,WFS,5.0,EDOF,-3.5,0.00052834370097695
R8_R6_ATC_M3_AL24477_C0_WFS_EDOF_EPD5,R6_ATC_M3_AL24477_C0_WFS_EPD5,ATC_M3_AL24477,C0,WFS,5.0,EDOF,-3.625,0.0019454574598474137
R8_R6_ATC_M3_AL24477_C0_WFS_EDOF_EPD5,R6_ATC_M3_AL24477_C0_WFS_EPD5,ATC_M3_AL24477,C0,WFS,5.0,EDOF,-3.75,0.0002961326264951706
R8_R6_ATC_M3_AL24477_C0_WFS_EDOF_EPD5,R6_ATC_M3_AL24477_C0_WFS_EPD5,ATC_M3_AL24477,C0,WFS,5.0,EDOF,-3.875,9.50958025054376e-05
R8_R6_ATC_M3_AL24477_C0_WFS_EDOF_EPD5,R6_ATC_M3_AL24477_C0_WFS_EPD5,ATC_M3_AL24477,C0,WFS,5.0,EDOF,-4.0,0.0002262462064825175
R8_R6_ATC_M3_AL24477_C0_WFS_EDOF_EPD5,R6_ATC_M3_AL24477_C0_WFS_EPD5,ATC_M3_AL24477,C0,WFS,5.0,EDOF,-4.125,0.00023139495265448465
R8_R6_ATC_M3_AL24477_C0_WFS_EDOF_EPD5,R6_ATC_M3_AL24477_C0_WFS_EPD5,ATC_M3_AL24477,C0,WFS,5.0,EDOF,-4.25,0.00019510969721490403
R8_R6_ATC_M3_AL24477_C0_WFS_EDOF_EPD5,R6_ATC_M3_AL24477_C0_WFS_EPD5,ATC_M3_AL24477,C0,WFS,5.0,EDOF,-4.375,0.0014332631654226276
R8_R6_ATC_M3_AL24477_C0_WFS_EDOF_EPD5,R6_ATC_M3_AL24477_C0_WFS_EPD5,ATC_M3_AL24477,C0,WFS,5.0,EDOF,-4.5,0.0005323402690541434
R8_R6_ATC_M3_AL24477_C0_WFS_EDOF_EPD5,R6_ATC_M3_AL24477_C0_WFS_EPD5,ATC_M3_AL24477,C0,WFS,5.0,EDOF,-4.625,0.0003177805096475144
R8_R6_ATC_M3_AL24477_C0_WFS_EDOF_EPD5,R6_ATC_M3_AL24477_C0_WFS_EPD5,ATC_M3_AL24477,C0,WFS,5.0,EDOF,-4.75,0.001346922622681003
R8_R6_ATC_M3_AL24477_C0_WFS_EDOF_EPD5,R6_ATC_M3_AL24477_C0_WFS_EPD5,ATC_M3_AL24477,C0,WFS,5.0,EDOF,-4.875,0.00029933530768176014
R8_R6_ATC_M3_AL24477_C0_WFS_EDOF_EPD5,R6_ATC_M3_AL24477_C0_WFS_EPD5,ATC_M3_AL24477,C0,WFS,5.0,EDOF,-5.0,0.0003057253150428143
R8_R6_ATC_M3_AL24477_C0_RAD_MONO_EPD3,R6_ATC_M3_AL24477_C0_RAD_EPD3,ATC_M3_AL24477,C0,RAD,3.0,MONO,1.0,0.005895934364545065
R8_R6_ATC_M3_AL24477_C0_RAD_MONO_EPD3,R6_ATC_M3_AL24477_C0_RAD_EPD3,ATC_M3_AL24477,C0,RAD,3.0,MONO,0.875,0.020447354492784356
R8_R6_ATC_M3_AL24477_C0_RAD_MONO_EPD3,R6_ATC_M3_AL24477_C0_RAD_EPD3,ATC_M3_AL24477,C0,RAD,3.0,MONO,0.75,0.0003046134008683844
R8_R6_ATC_M3_AL24477_C0_RAD_MONO_EPD3,R6_ATC_M3_AL24477_C0_RAD_EPD3,ATC_M3_AL24477,C0,RAD,3.0,MONO,0.625,0.03735894423579926
R8_R6_ATC_M3_AL24477_C0_RAD_MONO_EPD3,R6_ATC_M3_AL24477_C0_RAD_EPD3,ATC_M3_AL24477,C0,RAD,3.0,MONO,0.5,6.85700327307088e-06
R8_R6_ATC_M3_AL24477_C0_RAD_MONO_EPD3,R6_ATC_M3_AL24477_C0_RAD_EPD3,ATC_M3_AL24477,C0,RAD,3.0,MONO,0.375,0.05689555882762844
R8_R6_ATC_M3_AL24477_C0_RAD_MONO_EPD3,R6_ATC_M3_AL24477_C0_RAD_EPD3,ATC_M3_AL24477,C0,RAD,3.0,MONO,0.25,0.06979201583784533
R8_R6_ATC_M3_AL24477_C0_RAD_MONO_EPD3,R6_ATC_M3_AL24477_C0_RAD_EPD3,ATC_M3_AL24477,C0,RAD,3.0,MONO,0.125,0.4024726835190686
R8_R6_ATC_M3_AL24477_C0_RAD_MONO_EPD3,R6_ATC_M3_AL24477_C0_RAD_EPD3,ATC_M3_AL24477,C0,RAD,3.0,MONO,0.0,0.635420609288935
R8_R6_ATC_M3_AL24477_C0_RAD_MONO_EPD3,R6_ATC_M3_AL24477_C0_RAD_EPD3,ATC_M3_AL24477,C0,RAD,3.0,MONO,-0.125,0.49966153760944787
R8_R6_ATC_M3_AL24477_C0_RAD_MONO_EPD3,R6_ATC_M3_AL24477_C0_RAD_EPD3,ATC_M3_AL24477,C0,RAD,3.0,MONO,-0.25,0.1411298069862683
R8_R6_ATC_M3_AL24477_C0_RAD_MONO_EPD3,R6_ATC_M3_AL24477_C0_RAD_EPD3,ATC_M3_AL24477,C0,RAD,3.0,MONO,-0.375,0.07508518505699076
R8_R6_ATC_M3_AL24477_C0_RAD_MONO_EPD3,R6_ATC_M3_AL24477_C0_RAD_EPD3,ATC_M3_AL24477,C0,RAD,3.0,MONO,-0.5,0.04092087170811329
R8_R6_ATC_M3_AL24477_C0_RAD_MONO_EPD3,R6_ATC_M3_AL24477_C0_RAD_EPD3,ATC_M3_AL24477,C0,RAD,3.0,MONO,-0.625,0.0419429749400381
R8_R6_ATC_M3_AL24477_C0_RAD_MONO_EPD3,R6_ATC_M3_AL24477_C0_RAD_EPD3,ATC_M3_AL24477,C0,RAD,3.0,MONO,-0.75,0.024822201015884504
R8_R6_ATC_M3_AL24477_C0_RAD_MONO_EPD3,R6_ATC_M3_AL24477_C0_RAD_EPD3,ATC_M3_AL24477,C0,RAD,3.0,MONO,-0.875,0.02142538358102704
R8_R6_ATC_M3_AL24477_C0_RAD_MONO_EPD3,R6_ATC_M3_AL24477_C0_RAD_EPD3,ATC_M3_AL24477,C0,RAD,3.0,MONO,-1.0,0.009684559414824372
R8_R6_ATC_M3_AL24477_C0_RAD_MONO_EPD3,R6_ATC_M3_AL24477_C0_RAD_EPD3,ATC_M3_AL24477,C0,RAD,3.0,MONO,-1.125,0.017545750753215753
R8_R6_ATC_M3_AL24477_C0_RAD_MONO_EPD3,R6_ATC_M3_AL24477_C0_RAD_EPD3,ATC_M3_AL24477,C0,RAD,3.0,MONO,-1.25,0.006299353739282643
R8_R6_ATC_M3_AL24477_C0_RAD_MONO_EPD3,R6_ATC_M3_AL24477_C0_RAD_EPD3,ATC_M3_AL24477,C0,RAD,3.0,MONO,-1.375,0.01191334904686298
R8_R6_ATC_M3_AL24477_C0_RAD_MONO_EPD3,R6_ATC_M3_AL24477_C0_RAD_EPD3,ATC_M3_AL24477,C0,RAD,3.0,MONO,-1.5,0.0011669659852406584
R8_R6_ATC_M3_AL24477_C0_RAD_MONO_EPD3,R6_ATC_M3_AL24477_C0_RAD_EPD3,ATC_M3_AL24477,C0,RAD,3.0,MONO,-1.625,0.010993265634123575
R8_R6_ATC_M3_AL24477_C0_RAD_MONO_EPD3,R6_ATC_M3_AL24477_C0_RAD_EPD3,ATC_M3_AL24477,C0,RAD,3.0,MONO,-1.75,0.0005987710851961376
R8_R6_ATC_M3_AL24477_C0_RAD_MONO_EPD3,R6_ATC_M3_AL24477_C0_RAD_EPD3,ATC_M3_AL24477,C0,RAD,3.0,MONO,-1.875,0.007853331500031063
R8_R6_ATC_M3_AL24477_C0_RAD_MONO_EPD3,R6_ATC_M3_AL24477_C0_RAD_EPD3,ATC_M3_AL24477,C0,RAD,3.0,MONO,-2.0,0.00113517710171189
R8_R6_ATC_M3_AL24477_C0_RAD_MONO_EPD3,R6_ATC_M3_AL24477_C0_RAD_EPD3,ATC_M3_AL24477,C0,RAD,3.0,MONO,-2.125,0.005727240393834909
R8_R6_ATC_M3_AL24477_C0_RAD_MONO_EPD3,R6_ATC_M3_AL24477_C0_RAD_EPD3,ATC_M3_AL24477,C0,RAD,3.0,MONO,-2.25,0.0028009991416904304
R8_R6_ATC_M3_AL24477_C0_RAD_MONO_EPD3,R6_ATC_M3_AL24477_C0_RAD_EPD3,ATC_M3_AL24477,C0,RAD,3.0,MONO,-2.375,0.004542387838002655
R8_R6_ATC_M3_AL24477_C0_RAD_MONO_EPD3,R6_ATC_M3_AL24477_C0_RAD_EPD3,ATC_M3_AL24477,C0,RAD,3.0,MONO,-2.5,0.003965548344369742
R8_R6_ATC_M3_AL24477_C0_RAD_MONO_EPD3,R6_ATC_M3_AL24477_C0_RAD_EPD3,ATC_M3_AL24477,C0,RAD,3.0,MONO,-2.625,0.0041920264897461175
R8_R6_ATC_M3_AL24477_C0_RAD_MONO_EPD3,R6_ATC_M3_AL24477_C0_RAD_EPD3,ATC_M3_AL24477,C0,RAD,3.0,MONO,-2.75,0.00382397809243867
R8_R6_ATC_M3_AL24477_C0_RAD_MONO_EPD3,R6_ATC_M3_AL24477_C0_RAD_EPD3,ATC_M3_AL24477,C0,RAD,3.0,MONO,-2.875,0.003164130268183357
R8_R6_ATC_M3_AL24477_C0_RAD_MONO_EPD3,R6_ATC_M3_AL24477_C0_RAD_EPD3,ATC_M3_AL24477,C0,RAD,3.0,MONO,-3.0,0.0038042259845670777
R8_R6_ATC_M3_AL24477_C0_RAD_MONO_EPD3,R6_ATC_M3_AL24477_C0_RAD_EPD3,ATC_M3_AL24477,C0,RAD,3.0,MONO,-3.125,0.0025115666772399375
R8_R6_ATC_M3_AL24477_C0_RAD_MONO_EPD3,R6_ATC_M3_AL24477_C0_RAD_EPD3,ATC_M3_AL24477,C0,RAD,3.0,MONO,-3.25,0.002963384752227855
R8_R6_ATC_M3_AL24477_C0_RAD_MONO_EPD3,R6_ATC_M3_AL24477_C0_RAD_EPD3,ATC_M3_AL24477,C0,RAD,3.0,MONO,-3.375,0.0008991034333059058
R8_R6_ATC_M3_AL24477_C0_RAD_MONO_EPD3,R6_ATC_M3_AL24477_C0_RAD_EPD3,ATC_M3_AL24477,C0,RAD,3.0,MONO,-3.5,0.003032012639041486
R8_R6_ATC_M3_AL24477_C0_RAD_MONO_EPD3,R6_ATC_M3_AL24477_C0_RAD_EPD3,ATC_M3_AL24477,C0,RAD,3.0,MONO,-3.625,0.00025901299542369603
R8_R6_ATC_M3_AL24477_C0_RAD_MONO_EPD3,R6_ATC_M3_AL24477_C0_RAD_EPD3,ATC_M3_AL24477,C0,RAD,3.0,MONO,-3.75,0.0034419145511623978
R8_R6_ATC_M3_AL24477_C0_RAD_MONO_EPD3,R6_ATC_M3_AL24477_C0_RAD_EPD3,ATC_M3_AL24477,C0,RAD,3.0,MONO,-3.875,0.00028915054171982943
R8_R6_ATC_M3_AL24477_C0_RAD_MONO_EPD3,R6_ATC_M3_AL24477_C0_RAD_EPD3,ATC_M3_AL24477,C0,RAD,3.0,MONO,-4.0,0.0030313123806448372
R8_R6_ATC_M3_AL24477_C0_RAD_MONO_EPD3,R6_ATC_M3_AL24477_C0_RAD_EPD3,ATC_M3_AL24477,C0,RAD,3.0,MONO,-4.125,5.0490776402940955e-05
R8_R6_ATC_M3_AL24477_C0_RAD_MONO_EPD3,R6_ATC_M3_AL24477_C0_RAD_EPD3,ATC_M3_AL24477,C0,RAD,3.0,MONO,-4.25,0.0012261956999637673
R8_R6_ATC_M3_AL24477_C0_RAD_MONO_EPD3,R6_ATC_M3_AL24477_C0_RAD_EPD3,ATC_M3_AL24477,C0,RAD,3.0,MONO,-4.375,0.0014032977105067532
R8_R6_ATC_M3_AL24477_C0_RAD_MONO_EPD3,R6_ATC_M3_AL24477_C0_RAD_EPD3,ATC_M3_AL24477,C0,RAD,3.0,MONO,-4.5,0.0009375939460205466
R8_R6_ATC_M3_AL24477_C0_RAD_MONO_EPD3,R6_ATC_M3_AL24477_C0_RAD_EPD3,ATC_M3_AL24477,C0,RAD,3.0,MONO,-4.625,0.0020648215383393185
R8_R6_ATC_M3_AL24477_C0_RAD_MONO_EPD3,R6_ATC_M3_AL24477_C0_RAD_EPD3,ATC_M3_AL24477,C0,RAD,3.0,MONO,-4.75,0.0008073942084330103
R8_R6_ATC_M3_AL24477_C0_RAD_MONO_EPD3,R6_ATC_M3_AL24477_C0_RAD_EPD3,ATC_M3_AL24477,C0,RAD,3.0,MONO,-4.875,0.0021863739987233706
R8_R6_ATC_M3_AL24477_C0_RAD_MONO_EPD3,R6_ATC_M3_AL24477_C0_RAD_EPD3,ATC_M3_AL24477,C0,RAD,3.0,MONO,-5.0,0.0004971197175363375
R8_R6_ATC_M3_AL24477_C0_RAD_EDOF_EPD3,R6_ATC_M3_AL24477_C0_RAD_EPD3,ATC_M3_AL24477,C0,RAD,3.0,EDOF,1.0,0.10000245641285868
R8_R6_ATC_M3_AL24477_C0_RAD_EDOF_EPD3,R6_ATC_M3_AL24477_C0_RAD_EPD3,ATC_M3_AL24477,C0,RAD,3.0,EDOF,0.875,0.24465091702942166
R8_R6_ATC_M3_AL24477_C0_RAD_EDOF_EPD3,R6_ATC_M3_AL24477_C0_RAD_EPD3,ATC_M3_AL24477,C0,RAD,3.0,EDOF,0.75,0.18782220139727396
R8_R6_ATC_M3_AL24477_C0_RAD_EDOF_EPD3,R6_ATC_M3_AL24477_C0_RAD_EPD3,ATC_M3_AL24477,C0,RAD,3.0,EDOF,0.625,0.04994342334546105
R8_R6_ATC_M3_AL24477_C0_RAD_EDOF_EPD3,R6_ATC_M3_AL24477_C0_RAD_EPD3,ATC_M3_AL24477,C0,RAD,3.0,EDOF,0.5,0.07491208754474252
R8_R6_ATC_M3_AL24477_C0_RAD_EDOF_EPD3,R6_ATC_M3_AL24477_C0_RAD_EPD3,ATC_M3_AL24477,C0,RAD,3.0,EDOF,0.375,0.2388794453738528
R8_R6_ATC_M3_AL24477_C0_RAD_EDOF_EPD3,R6_ATC_M3_AL24477_C0_RAD_EPD3,ATC_M3_AL24477,C0,RAD,3.0,EDOF,0.25,0.2974463597900898
R8_R6_ATC_M3_AL24477_C0_RAD_EDOF_EPD3,R6_ATC_M3_AL24477_C0_RAD_EPD3,ATC_M3_AL24477,C0,RAD,3.0,EDOF,0.125,0.16497017002529668
R8_R6_ATC_M3_AL24477_C0_RAD_EDOF_EPD3,R6_ATC_M3_AL24477_C0_RAD_EPD3,ATC_M3_AL24477,C0,RAD,3.0,EDOF,0.0,0.009731327080395678
R8_R6_ATC_M3_AL24477_C0_RAD_EDOF_EPD3,R6_ATC_M3_AL24477_C0_RAD_EPD3,ATC_M3_AL24477,C0,RAD,3.0,EDOF,-0.125,0.03196728512105908
R8_R6_ATC_M3_AL24477_C0_RAD_EDOF_EPD3,R6_ATC_M3_AL24477_C0_RAD_EPD3,ATC_M3_AL24477,C0,RAD,3.0,EDOF,-0.25,0.012707271024765961
R8_R6_ATC_M3_AL24477_C0_RAD_EDOF_EPD3,R6_ATC_M3_AL24477_C0_RAD_EPD3,ATC_M3_AL24477,C0,RAD,3.0,EDOF,-0.375,0.014643133850524296
R8_R6_ATC_M3_AL24477_C0_RAD_EDOF_EPD3,R6_ATC_M3_AL24477_C0_RAD_EPD3,ATC_M3_AL24477,C0,RAD,3.0,EDOF,-0.5,0.020736615437685686
R8_R6_ATC_M3_AL24477_C0_RAD_EDOF_EPD3,R6_ATC_M3_AL24477_C0_RAD_EPD3,ATC_M3_AL24477,C0,RAD,3.0,EDOF,-0.625,0.0010634703124474583
R8_R6_ATC_M3_AL24477_C0_RAD_EDOF_EPD3,R6_ATC_M3_AL24477_C0_RAD_EPD3,ATC_M3_AL24477,C0,RAD,3.0,EDOF,-0.75,0.02421553067395965
R8_R6_ATC_M3_AL24477_C0_RAD_EDOF_EPD3,R6_ATC_M3_AL24477_C0_RAD_EPD3,ATC_M3_AL24477,C0,RAD,3.0,EDOF,-0.875,0.027187002489790973
R8_R6_ATC_M3_AL24477_C0_RAD_EDOF_EPD3,R6_ATC_M3_AL24477_C0_RAD_EPD3,ATC_M3_AL24477,C0,RAD,3.0,EDOF,-1.0,0.028731162730882824
R8_R6_ATC_M3_AL24477_C0_RAD_EDOF_EPD3,R6_ATC_M3_AL24477_C0_RAD_EPD3,ATC_M3_AL24477,C0,RAD,3.0,EDOF,-1.125,0.030738204995539357
R8_R6_ATC_M3_AL24477_C0_RAD_EDOF_EPD3,R6_ATC_M3_AL24477_C0_RAD_EPD3,ATC_M3_AL24477,C0,RAD,3.0,EDOF,-1.25,0.011038966898012544
R8_R6_ATC_M3_AL24477_C0_RAD_EDOF_EPD3,R6_ATC_M3_AL24477_C0_RAD_EPD3,ATC_M3_AL24477,C0,RAD,3.0,EDOF,-1.375,0.01924983734229773
R8_R6_ATC_M3_AL24477_C0_RAD_EDOF_EPD3,R6_ATC_M3_AL24477_C0_RAD_EPD3,ATC_M3_AL24477,C0,RAD,3.0,EDOF,-1.5,0.02010354397711605
R8_R6_ATC_M3_AL24477_C0_RAD_EDOF_EPD3,R6_ATC_M3_AL24477_C0_RAD_EPD3,ATC_M3_AL24477,C0,RAD,3.0,EDOF,-1.625,0.008167296379340824
R8_R6_ATC_M3_AL24477_C0_RAD_EDOF_EPD3,R6_ATC_M3_AL24477_C0_RAD_EPD3,ATC_M3_AL24477,C0,RAD,3.0,EDOF,-1.75,0.025416827069311206
R8_R6_ATC_M3_AL24477_C0_RAD_EDOF_EPD3,R6_ATC_M3_AL24477_C0_RAD_EPD3,ATC_M3_AL24477,C0,RAD,3.0,EDOF,-1.875,0.017406232189692956
R8_R6_ATC_M3_AL24477_C0_RAD_EDOF_EPD3,R6_ATC_M3_AL24477_C0_RAD_EPD3,ATC_M3_AL24477,C0,RAD,3.0,EDOF,-2.0,0.004134569948536544
R8_R6_ATC_M3_AL24477_C0_RAD_EDOF_EPD3,R6_ATC_M3_AL24477_C0_RAD_EPD3,ATC_M3_AL24477,C0,RAD,3.0,EDOF,-2.125,0.0038094324399913244
R8_R6_ATC_M3_AL24477_C0_RAD_EDOF_EPD3,R6_ATC_M3_AL24477_C0_RAD_EPD3,ATC_M3_AL24477,C0,RAD,3.0,EDOF,-2.25,0.00972280190163638
R8_R6_ATC_M3_AL24477_C0_RAD_EDOF_EPD3,R6_ATC_M3_AL24477_C0_RAD_EPD3,ATC_M3_AL24477,C0,RAD,3.0,EDOF,-2.375,0.008162487058764278
R8_R6_ATC_M3_AL24477_C0_RAD_EDOF_EPD3,R6_ATC_M3_AL24477_C0_RAD_EPD3,ATC_M3_AL24477,C0,RAD,3.0,EDOF,-2.5,0.0032752487875264144
R8_R6_ATC_M3_AL24477_C0_RAD_EDOF_EPD3,R6_ATC_M3_AL24477_C0_RAD_EPD3,ATC_M3_AL24477,C0,RAD,3.0,EDOF,-2.625,0.010053801454290835
R8_R6_ATC_M3_AL24477_C0_RAD_EDOF_EPD3,R6_ATC_M3_AL24477_C0_RAD_EPD3,ATC_M3_AL24477,C0,RAD,3.0,EDOF,-2.75,0.006111788928494109
R8_R6_ATC_M3_AL24477_C0_RAD_EDOF_EPD3,R6_ATC_M3_AL24477_C0_RAD_EPD3,ATC_M3_AL24477,C0,RAD,3.0,EDOF,-2.875,0.0066911473345784445
R8_R6_ATC_M3_AL24477_C0_RAD_EDOF_EPD3,R6_ATC_M3_AL24477_C0_RAD_EPD3,ATC_M3_AL24477,C0,RAD,3.0,EDOF,-3.0,0.016994199567324605
R8_R6_ATC_M3_AL24477_C0_RAD_EDOF_EPD3,R6_ATC_M3_AL24477_C0_RAD_EPD3,ATC_M3_AL24477,C0,RAD,3.0,EDOF,-3.125,0.01965570760075211
R8_R6_ATC_M3_AL24477_C0_RAD_EDOF_EPD3,R6_ATC_M3_AL24477_C0_RAD_EPD3,ATC_M3_AL24477,C0,RAD,3.0,EDOF,-3.25,0.008349886197953077
R8_R6_ATC_M3_AL24477_C0_RAD_EDOF_EPD3,R6_ATC_M3_AL24477_C0_RAD_EPD3,ATC_M3_AL24477,C0,RAD,3.0,EDOF,-3.375,0.0009849342938066277
R8_R6_ATC_M3_AL24477_C0_RAD_EDOF_EPD3,R6_ATC_M3_AL24477_C0_RAD_EPD3,ATC_M3_AL24477,C0,RAD,3.0,EDOF,-3.5,0.010021103832996097
R8_R6_ATC_M3_AL24477_C0_RAD_EDOF_EPD3,R6_ATC_M3_AL24477_C0_RAD_EPD3,ATC_M3_AL24477,C0,RAD,3.0,EDOF,-3.625,0.02639592137765375
R8_R6_ATC_M3_AL24477_C0_RAD_EDOF_EPD3,R6_ATC_M3_AL24477_C0_RAD_EPD3,ATC_M3_AL24477,C0,RAD,3.0,EDOF,-3.75,0.03664161816292599
R8_R6_ATC_M3_AL24477_C0_RAD_EDOF_EPD3,R6_ATC_M3_AL24477_C0_RAD_EPD3,ATC_M3_AL24477,C0,RAD,3.0,EDOF,-3.875,0.0334472088563119
R8_R6_ATC_M3_AL24477_C0_RAD_EDOF_EPD3,R6_ATC_M3_AL24477_C0_RAD_EPD3,ATC_M3_AL24477,C0,RAD,3.0,EDOF,-4.0,0.015369047437568291
R8_R6_ATC_M3_AL24477_C0_RAD_EDOF_EPD3,R6_ATC_M3_AL24477_C0_RAD_EPD3,ATC_M3_AL24477,C0,RAD,3.0,EDOF,-4.125,0.005183757877679717
R8_R6_ATC_M3_AL24477_C0_RAD_EDOF_EPD3,R6_ATC_M3_AL24477_C0_RAD_EPD3,ATC_M3_AL24477,C0,RAD,3.0,EDOF,-4.25,0.005950787295350176
R8_R6_ATC_M3_AL24477_C0_RAD_EDOF_EPD3,R6_ATC_M3_AL24477_C0_RAD_EPD3,ATC_M3_AL24477,C0,RAD,3.0,EDOF,-4.375,0.01570989506414009
R8_R6_ATC_M3_AL24477_C0_RAD_EDOF_EPD3,R6_ATC_M3_AL24477_C0_RAD_EPD3,ATC_M3_AL24477,C0,RAD,3.0,EDOF,-4.5,0.03449805586226075
R8_R6_ATC_M3_AL24477_C0_RAD_EDOF_EPD3,R6_ATC_M3_AL24477_C0_RAD_EPD3,ATC_M3_AL24477,C0,RAD,3.0,EDOF,-4.625,0.02933440123200274
R8_R6_ATC_M3_AL24477_C0_RAD_EDOF_EPD3,R6_ATC_M3_AL24477_C0_RAD_EPD3,ATC_M3_AL24477,C0,RAD,3.0,EDOF,-4.75,0.008116618256207686
R8_R6_ATC_M3_AL24477_C0_RAD_EDOF_EPD3,R6_ATC_M3_AL24477_C0_RAD_EPD3,ATC_M3_AL24477,C0,RAD,3.0,EDOF,-4.875,0.008937883472126682
R8_R6_ATC_M3_AL24477_C0_RAD_EDOF_EPD3,R6_ATC_M3_AL24477_C0_RAD_EPD3,ATC_M3_AL24477,C0,RAD,3.0,EDOF,-5.0,0.011908246758033165
R8_R6_ATC_M3_AL24477_C0_RAD_MONO_EPD5,R6_ATC_M3_AL24477_C0_RAD_EPD5,ATC_M3_AL24477,C0,RAD,5.0,MONO,1.0,0.014538971487413122
R8_R6_ATC_M3_AL24477_C0_RAD_MONO_EPD5,R6_ATC_M3_AL24477_C0_RAD_EPD5,ATC_M3_AL24477,C0,RAD,5.0,MONO,0.875,0.01771238861560398
R8_R6_ATC_M3_AL24477_C0_RAD_MONO_EPD5,R6_ATC_M3_AL24477_C0_RAD_EPD5,ATC_M3_AL24477,C0,RAD,5.0,MONO,0.75,0.020261543782371903
R8_R6_ATC_M3_AL24477_C0_RAD_MONO_EPD5,R6_ATC_M3_AL24477_C0_RAD_EPD5,ATC_M3_AL24477,C0,RAD,5.0,MONO,0.625,0.04035306828822843
R8_R6_ATC_M3_AL24477_C0_RAD_MONO_EPD5,R6_ATC_M3_AL24477_C0_RAD_EPD5,ATC_M3_AL24477,C0,RAD,5.0,MONO,0.5,0.01937532055781408
R8_R6_ATC_M3_AL24477_C0_RAD_MONO_EPD5,R6_ATC_M3_AL24477_C0_RAD_EPD5,ATC_M3_AL24477,C0,RAD,5.0,MONO,0.375,0.020739981934447635
R8_R6_ATC_M3_AL24477_C0_RAD_MONO_EPD5,R6_ATC_M3_AL24477_C0_RAD_EPD5,ATC_M3_AL24477,C0,RAD,5.0,MONO,0.25,0.014790994108188503
R8_R6_ATC_M3_AL24477_C0_RAD_MONO_EPD5,R6_ATC_M3_AL24477_C0_RAD_EPD5,ATC_M3_AL24477,C0,RAD,5.0,MONO,0.125,0.18698471180641743
R8_R6_ATC_M3_AL24477_C0_RAD_MONO_EPD5,R6_ATC_M3_AL24477_C0_RAD_EPD5,ATC_M3_AL24477,C0,RAD,5.0,MONO,0.0,0.2639961515102873
R8_R6_ATC_M3_AL24477_C0_RAD_MONO_EPD5,R6_ATC_M3_AL24477_C0_RAD_EPD5,ATC_M3_AL24477,C0,RAD,5.0,MONO,-0.125,0.1764435742410705
R8_R6_ATC_M3_AL24477_C0_RAD_MONO_EPD5,R6_ATC_M3_AL24477_C0_RAD_EPD5,ATC_M3_AL24477,C0,RAD,5.0,MONO,-0.25,0.02196417354756781
R8_R6_ATC_M3_AL24477_C0_RAD_MONO_EPD5,R6_ATC_M3_AL24477_C0_RAD_EPD5,ATC_M3_AL24477,C0,RAD,5.0,MONO,-0.375,0.023465991828956305
R8_R6_ATC_M3_AL24477_C0_RAD_MONO_EPD5,R6_ATC_M3_AL24477_C0_RAD_EPD5,ATC_M3_AL24477,C0,RAD,5.0,MONO,-0.5,0.009319066665003841
R8_R6_ATC_M3_AL24477_C0_RAD_MONO_EPD5,R6_ATC_M3_AL24477_C0_RAD_EPD5,ATC_M3_AL24477,C0,RAD,5.0,MONO,-0.625,0.012181609750775042
R8_R6_ATC_M3_AL24477_C0_RAD_MONO_EPD5,R6_ATC_M3_AL24477_C0_RAD_EPD5,ATC_M3_AL24477,C0,RAD,5.0,MONO,-0.75,0.0007021816157528504
R8_R6_ATC_M3_AL24477_C0_RAD_MONO_EPD5,R6_ATC_M3_AL24477_C0_RAD_EPD5,ATC_M3_AL24477,C0,RAD,5.0,MONO,-0.875,0.0003899326946287938
R8_R6_ATC_M3_AL24477_C0_RAD_MONO_EPD5,R6_ATC_M3_AL24477_C0_RAD_EPD5,ATC_M3_AL24477,C0,RAD,5.0,MONO,-1.0,0.004494775723270017
R8_R6_ATC_M3_AL24477_C0_RAD_MONO_EPD5,R6_ATC_M3_AL24477_C0_RAD_EPD5,ATC_M3_AL24477,C0,RAD,5.0,MONO,-1.125,0.0036725440639452578
R8_R6_ATC_M3_AL24477_C0_RAD_MONO_EPD5,R6_ATC_M3_AL24477_C0_RAD_EPD5,ATC_M3_AL24477,C0,RAD,5.0,MONO,-1.25,0.0012466102981359465
R8_R6_ATC_M3_AL24477_C0_RAD_MONO_EPD5,R6_ATC_M3_AL24477_C0_RAD_EPD5,ATC_M3_AL24477,C0,RAD,5.0,MONO,-1.375,0.0006708934155208247
R8_R6_ATC_M3_AL24477_C0_RAD_MONO_EPD5,R6_ATC_M3_AL24477_C0_RAD_EPD5,ATC_M3_AL24477,C0,RAD,5.0,MONO,-1.5,0.0012532354650783475
R8_R6_ATC_M3_AL24477_C0_RAD_MONO_EPD5,R6_ATC_M3_AL24477_C0_RAD_EPD5,ATC_M3_AL24477,C0,RAD,5.0,MONO,-1.625,0.00168507988312438
R8_R6_ATC_M3_AL24477_C0_RAD_MONO_EPD5,R6_ATC_M3_AL24477_C0_RAD_EPD5,ATC_M3_AL24477,C0,RAD,5.0,MONO,-1.75,0.00045661838114099094
R8_R6_ATC_M3_AL24477_C0_RAD_MONO_EPD5,R6_ATC_M3_AL24477_C0_RAD_EPD5,ATC_M3_AL24477,C0,RAD,5.0,MONO,-1.875,0.0006791231066496646
R8_R6_ATC_M3_AL24477_C0_RAD_MONO_EPD5,R6_ATC_M3_AL24477_C0_RAD_EPD5,ATC_M3_AL24477,C0,RAD,5.0,MONO,-2.0,0.0005930714148108669
R8_R6_ATC_M3_AL24477_C0_RAD_MONO_EPD5,R6_ATC_M3_AL24477_C0_RAD_EPD5,ATC_M3_AL24477,C0,RAD,5.0,MONO,-2.125,0.0017188564657388593
R8_R6_ATC_M3_AL24477_C0_RAD_MONO_EPD5,R6_ATC_M3_AL24477_C0_RAD_EPD5,ATC_M3_AL24477,C0,RAD,5.0,MONO,-2.25,0.0001289582566790315
R8_R6_ATC_M3_AL24477_C0_RAD_MONO_EPD5,R6_ATC_M3_AL24477_C0_RAD_EPD5,ATC_M3_AL24477,C0,RAD,5.0,MONO,-2.375,0.0011263533348194158
R8_R6_ATC_M3_AL24477_C0_RAD_MONO_EPD5,R6_ATC_M3_AL24477_C0_RAD_EPD5,ATC_M3_AL24477,C0,RAD,5.0,MONO,-2.5,0.0006612647739180329
R8_R6_ATC_M3_AL24477_C0_RAD_MONO_EPD5,R6_ATC_M3_AL24477_C0_RAD_EPD5,ATC_M3_AL24477,C0,RAD,5.0,MONO,-2.625,0.0003851398068728609
R8_R6_ATC_M3_AL24477_C0_RAD_MONO_EPD5,R6_ATC_M3_AL24477_C0_RAD_EPD5,ATC_M3_AL24477,C0,RAD,5.0,MONO,-2.75,0.00012975262159534067
R8_R6_ATC_M3_AL24477_C0_RAD_MONO_EPD5,R6_ATC_M3_AL24477_C0_RAD_EPD5,ATC_M3_AL24477,C0,RAD,5.0,MONO,-2.875,0.00034384764227404286
R8_R6_ATC_M3_AL24477_C0_RAD_MONO_EPD5,R6_ATC_M3_AL24477_C0_RAD_EPD5,ATC_M3_AL24477,C0,RAD,5.0,MONO,-3.0,0.0005949374729902783
R8_R6_ATC_M3_AL24477_C0_RAD_MONO_EPD5,R6_ATC_M3_AL24477_C0_RAD_EPD5,ATC_M3_AL24477,C0,RAD,5.0,MONO,-3.125,0.0006053513629109973
R8_R6_ATC_M3_AL24477_C0_RAD_MONO_EPD5,R6_ATC_M3_AL24477_C0_RAD_EPD5,ATC_M3_AL24477,C0,RAD,5.0,MONO,-3.25,0.0005200027215573884
R8_R6_ATC_M3_AL24477_C0_RAD_MONO_EPD5,R6_ATC_M3_AL24477_C0_RAD_EPD5,ATC_M3_AL24477,C0,RAD,5.0,MONO,-3.375,0.00010950658067771361
R8_R6_ATC_M3_AL24477_C0_RAD_MONO_EPD5,R6_ATC_M3_AL24477_C0_RAD_EPD5,ATC_M3_AL24477,C0,RAD,5.0,MONO,-3.5,0.0013878559933126386
R8_R6_ATC_M3_AL24477_C0_RAD_MONO_EPD5,R6_ATC_M3_AL24477_C0_RAD_EPD5,ATC_M3_AL24477,C0,RAD,5.0,MONO,-3.625,0.0005555557799451466
R8_R6_ATC_M3_AL24477_C0_RAD_MONO_EPD5,R6_ATC_M3_AL24477_C0_RAD_EPD5,ATC_M3_AL24477,C0,RAD,5.0,MONO,-3.75,0.0011204888720144459
R8_R6_ATC_M3_AL24477_C0_RAD_MONO_EPD5,R6_ATC_M3_AL24477_C0_RAD_EPD5,ATC_M3_AL24477,C0,RAD,5.0,MONO,-3.875,0.0006423541627571533
R8_R6_ATC_M3_AL24477_C0_RAD_MONO_EPD5,R6_ATC_M3_AL24477_C0_RAD_EPD5,ATC_M3_AL24477,C0,RAD,5.0,MONO,-4.0,0.0009306037327127373
R8_R6_ATC_M3_AL24477_C0_RAD_MONO_EPD5,R6_ATC_M3_AL24477_C0_RAD_EPD5,ATC_M3_AL24477,C0,RAD,5.0,MONO,-4.125,0.000679550783919687
R8_R6_ATC_M3_AL24477_C0_RAD_MONO_EPD5,R6_ATC_M3_AL24477_C0_RAD_EPD5,ATC_M3_AL24477,C0,RAD,5.0,MONO,-4.25,0.002627974796084786
R8_R6_ATC_M3_AL24477_C0_RAD_MONO_EPD5,R6_ATC_M3_AL24477_C0_RAD_EPD5,ATC_M3_AL24477,C0,RAD,5.0,MONO,-4.375,0.0013834993338481601
R8_R6_ATC_M3_AL24477_C0_RAD_MONO_EPD5,R6_ATC_M3_AL24477_C0_RAD_EPD5,ATC_M3_AL24477,C0,RAD,5.0,MONO,-4.5,0.0003416070137941694
R8_R6_ATC_M3_AL24477_C0_RAD_MONO_EPD5,R6_ATC_M3_AL24477_C0_RAD_EPD5,ATC_M3_AL24477,C0,RAD,5.0,MONO,-4.625,0.001326593419539919
R8_R6_ATC_M3_AL24477_C0_RAD_MONO_EPD5,R6_ATC_M3_AL24477_C0_RAD_EPD5,ATC_M3_AL24477,C0,RAD,5.0,MONO,-4.75,0.001228476336593206
R8_R6_ATC_M3_AL24477_C0_RAD_MONO_EPD5,R6_ATC_M3_AL24477_C0_RAD_EPD5,ATC_M3_AL24477,C0,RAD,5.0,MONO,-4.875,0.00042087755065698865
R8_R6_ATC_M3_AL24477_C0_RAD_MONO_EPD5,R6_ATC_M3_AL24477_C0_RAD_EPD5,ATC_M3_AL24477,C0,RAD,5.0,MONO,-5.0,0.001209122493356903
R8_R6_ATC_M3_AL24477_C0_RAD_EDOF_EPD5,R6_ATC_M3_AL24477_C0_RAD_EPD5,ATC_M3_AL24477,C0,RAD,5.0,EDOF,1.0,0.00916767301902615
R8_R6_ATC_M3_AL24477_C0_RAD_EDOF_EPD5,R6_ATC_M3_AL24477_C0_RAD_EPD5,ATC_M3_AL24477,C0,RAD,5.0,EDOF,0.875,0.16131623137726356
R8_R6_ATC_M3_AL24477_C0_RAD_EDOF_EPD5,R6_ATC_M3_AL24477_C0_RAD_EPD5,ATC_M3_AL24477,C0,RAD,5.0,EDOF,0.75,0.10541707627869595
R8_R6_ATC_M3_AL24477_C0_RAD_EDOF_EPD5,R6_ATC_M3_AL24477_C0_RAD_EPD5,ATC_M3_AL24477,C0,RAD,5.0,EDOF,0.625,0.023746177496941544
R8_R6_ATC_M3_AL24477_C0_RAD_EDOF_EPD5,R6_ATC_M3_AL24477_C0_RAD_EPD5,ATC_M3_AL24477,C0,RAD,5.0,EDOF,0.5,0.04081339079575483
R8_R6_ATC_M3_AL24477_C0_RAD_EDOF_EPD5,R6_ATC_M3_AL24477_C0_RAD_EPD5,ATC_M3_AL24477,C0,RAD,5.0,EDOF,0.375,0.12431009496605788
R8_R6_ATC_M3_AL24477_C0_RAD_EDOF_EPD5,R6_ATC_M3_AL24477_C0_RAD_EPD5,ATC_M3_AL24477,C0,RAD,5.0,EDOF,0.25,0.09311612335864
R8_R6_ATC_M3_AL24477_C0_RAD_EDOF_EPD5,R6_ATC_M3_AL24477_C0_RAD_EPD5,ATC_M3_AL24477,C0,RAD,5.0,EDOF,0.125,0.036687175391338575
R8_R6_ATC_M3_AL24477_C0_RAD_EDOF_EPD5,R6_ATC_M3_AL24477_C0_RAD_EPD5,ATC_M3_AL24477,C0,RAD,5.0,EDOF,0.0,0.008097826283256813
R8_R6_ATC_M3_AL24477_C0_RAD_EDOF_EPD5,R6_ATC_M3_AL24477_C0_RAD_EPD5,ATC_M3_AL24477,C0,RAD,5.0,EDOF,-0.125,0.014403484871815853
R8_R6_ATC_M3_AL24477_C0_RAD_EDOF_EPD5,R6_ATC_M3_AL24477_C0_RAD_EPD5,ATC_M3_AL24477,C0,RAD,5.0,EDOF,-0.25,0.017877360147375003
R8_R6_ATC_M3_AL24477_C0_RAD_EDOF_EPD5,R6_ATC_M3_AL24477_C0_RAD_EPD5,ATC_M3_AL24477,C0,RAD,5.0,EDOF,-0.375,0.01352326227451068
R8_R6_ATC_M3_AL24477_C0_RAD_EDOF_EPD5,R6_ATC_M3_AL24477_C0_RAD_EPD5,ATC_M3_AL24477,C0,RAD,5.0,EDOF,-0.5,0.0041922457212699195
R8_R6_ATC_M3_AL24477_C0_RAD_EDOF_EPD5,R6_ATC_M3_AL24477_C0_RAD_EPD5,ATC_M3_AL24477,C0,RAD,5.0,EDOF,-0.625,0.008156034134191269
R8_R6_ATC_M3_AL24477_C0_RAD_EDOF_EPD5,R6_ATC_M3_AL24477_C0_RAD_EPD5,ATC_M3_AL24477,C0,RAD,5.0,EDOF,-0.75,0.0019562595270846256
R8_R6_ATC_M3_AL24477_C0_RAD_EDOF_EPD5,R6_ATC_M3_AL24477_C0_RAD_EPD5,ATC_M3_AL24477,C0,RAD,5.0,EDOF,-0.875,0.010305622047792711
R8_R6_ATC_M3_AL24477_C0_RAD_EDOF_EPD5,R6_ATC_M3_AL24477_C0_RAD_EPD5,ATC_M3_AL24477,C0,RAD,5.0,EDOF,-1.0,0.01431604882678271
R8_R6_ATC_M3_AL24477_C0_RAD_EDOF_EPD5,R6_ATC_M3_AL24477_C0_RAD_EPD5,ATC_M3_AL24477,C0,RAD,5.0,EDOF,-1.125,0.014753361793624038
R8_R6_ATC_M3_AL24477_C0_RAD_EDOF_EPD5,R6_ATC_M3_AL24477_C0_RAD_EPD5,ATC_M3_AL24477,C0,RAD,5.0,EDOF,-1.25,7.620642285952652e-05
R8_R6_ATC_M3_AL24477_C0_RAD_EDOF_EPD5,R6_ATC_M3_AL24477_C0_RAD_EPD5,ATC_M3_AL24477,C0,RAD,5.0,EDOF,-1.375,0.0023265574257447554
R8_R6_ATC_M3_AL24477_C0_RAD_EDOF_EPD5,R6_ATC_M3_AL24477_C0_RAD_EPD5,ATC_M3_AL24477,C0,RAD,5.0,EDOF,-1.5,0.005259612652994548
R8_R6_ATC_M3_AL24477_C0_RAD_EDOF_EPD5,R6_ATC_M3_AL24477_C0_RAD_EPD5,ATC_M3_AL24477,C0,RAD,5.0,EDOF,-1.625,0.002264305509252881
R8_R6_ATC_M3_AL24477_C0_RAD_EDOF_EPD5,R6_ATC_M3_AL24477_C0_RAD_EPD5,ATC_M3_AL24477,C0,RAD,5.0,EDOF,-1.75,0.0052397374109212635
R8_R6_ATC_M3_AL24477_C0_RAD_EDOF_EPD5,R6_ATC_M3_AL24477_C0_RAD_EPD5,ATC_M3_AL24477,C0,RAD,5.0,EDOF,-1.875,0.010476192150237918
R8_R6_ATC_M3_AL24477_C0_RAD_EDOF_EPD5,R6_ATC_M3_AL24477_C0_RAD_EPD5,ATC_M3_AL24477,C0,RAD,5.0,EDOF,-2.0,0.002979925122869257
R8_R6_ATC_M3_AL24477_C0_RAD_EDOF_EPD5,R6_ATC_M3_AL24477_C0_RAD_EPD5,ATC_M3_AL24477,C0,RAD,5.0,EDOF,-2.125,0.0016176738010111602
R8_R6_ATC_M3_AL24477_C0_RAD_EDOF_EPD5,R6_ATC_M3_AL24477_C0_RAD_EPD5,ATC_M3_AL24477,C0,RAD,5.0,EDOF,-2.25,0.005148449640115088
R8_R6_ATC_M3_AL24477_C0_RAD_EDOF_EPD5,R6_ATC_M3_AL24477_C0_RAD_EPD5,ATC_M3_AL24477,C0,RAD,5.0,EDOF,-2.375,0.00011143872733099624
R8_R6_ATC_M3_AL24477_C0_RAD_EDOF_EPD5,R6_ATC_M3_AL24477_C0_RAD_EPD5,ATC_M3_AL24477,C0,RAD,5.0,EDOF,-2.5,0.004189247144702122
R8_R6_ATC_M3_AL24477_C0_RAD_EDOF_EPD5,R6_ATC_M3_AL24477_C0_RAD_EPD5,ATC_M3_AL24477,C0,RAD,5.0,EDOF,-2.625,0.002201953686953944
R8_R6_ATC_M3_AL24477_C0_RAD_EDOF_EPD5,R6_ATC_M3_AL24477_C0_RAD_EPD5,ATC_M3_AL24477,C0,RAD,5.0,EDOF,-2.75,0.0028142099099302425
R8_R6_ATC_M3_AL24477_C0_RAD_EDOF_EPD5,R6_ATC_M3_AL24477_C0_RAD_EPD5,ATC_M3_AL24477,C0,RAD,5.0,EDOF,-2.875,0.005518147774611385
R8_R6_ATC_M3_AL24477_C0_RAD_EDOF_EPD5,R6_ATC_M3_AL24477_C0_RAD_EPD5,ATC_M3_AL24477,C0,RAD,5.0,EDOF,-3.0,0.0025954584728888528
R8_R6_ATC_M3_AL24477_C0_RAD_EDOF_EPD5,R6_ATC_M3_AL24477_C0_RAD_EPD5,ATC_M3_AL24477,C0,RAD,5.0,EDOF,-3.125,0.009868899579870326
R8_R6_ATC_M3_AL24477_C0_RAD_EDOF_EPD5,R6_ATC_M3_AL24477_C0_RAD_EPD5,ATC_M3_AL24477,C0,RAD,5.0,EDOF,-3.25,0.003190840147659085
R8_R6_ATC_M3_AL24477_C0_RAD_EDOF_EPD5,R6_ATC_M3_AL24477_C0_RAD_EPD5,ATC_M3_AL24477,C0,RAD,5.0,EDOF,-3.375,0.00163706669195765
R8_R6_ATC_M3_AL24477_C0_RAD_EDOF_EPD5,R6_ATC_M3_AL24477_C0_RAD_EPD5,ATC_M3_AL24477,C0,RAD,5.0,EDOF,-3.5,0.0061111343874291485
R8_R6_ATC_M3_AL24477_C0_RAD_EDOF_EPD5,R6_ATC_M3_AL24477_C0_RAD_EPD5,ATC_M3_AL24477,C0,RAD,5.0,EDOF,-3.625,0.004637323336874159
R8_R6_ATC_M3_AL24477_C0_RAD_EDOF_EPD5,R6_ATC_M3_AL24477_C0_RAD_EPD5,ATC_M3_AL24477,C0,RAD,5.0,EDOF,-3.75,0.012890353279638538
R8_R6_ATC_M3_AL24477_C0_RAD_EDOF_EPD5,R6_ATC_M3_AL24477_C0_RAD_EPD5,ATC_M3_AL24477,C0,RAD,5.0,EDOF,-3.875,0.015241614932868443
R8_R6_ATC_M3_AL24477_C0_RAD_EDOF_EPD5,R6_ATC_M3_AL24477_C0_RAD_EPD5,ATC_M3_AL24477,C0,RAD,5.0,EDOF,-4.0,0.0031544527792382888
R8_R6_ATC_M3_AL24477_C0_RAD_EDOF_EPD5,R6_ATC_M3_AL24477_C0_RAD_EPD5,ATC_M3_AL24477,C0,RAD,5.0,EDOF,-4.125,0.005546671338674284
R8_R6_ATC_M3_AL24477_C0_RAD_EDOF_EPD5,R6_ATC_M3_AL24477_C0_RAD_EPD5,ATC_M3_AL24477,C0,RAD,5.0,EDOF,-4.25,0.0071507899490123785
R8_R6_ATC_M3_AL24477_C0_RAD_EDOF_EPD5,R6_ATC_M3_AL24477_C0_RAD_EPD5,ATC_M3_AL24477,C0,RAD,5.0,EDOF,-4.375,0.0031060035318523772
R8_R6_ATC_M3_AL24477_C0_RAD_EDOF_EPD5,R6_ATC_M3_AL24477_C0_RAD_EPD5,ATC_M3_AL24477,C0,RAD,5.0,EDOF,-4.5,0.01601976316557999
R8_R6_ATC_M3_AL24477_C0_RAD_EDOF_EPD5,R6_ATC_M3_AL24477_C0_RAD_EPD5,ATC_M3_AL24477,C0,RAD,5.0,EDOF,-4.625,0.004891120312041329
R8_R6_ATC_M3_AL24477_C0_RAD_EDOF_EPD5,R6_ATC_M3_AL24477_C0_RAD_EPD5,ATC_M3_AL24477,C0,RAD,5.0,EDOF,-4.75,0.005174485208450369
R8_R6_ATC_M3_AL24477_C0_RAD_EDOF_EPD5,R6_ATC_M3_AL24477_C0_RAD_EPD5,ATC_M3_AL24477,C0,RAD,5.0,EDOF,-4.875,0.0023603647263453226
R8_R6_ATC_M3_AL24477_C0_RAD_EDOF_EPD5,R6_ATC_M3_AL24477_C0_RAD_EPD5,ATC_M3_AL24477,C0,RAD,5.0,EDOF,-5.0,0.009287303611360022
R8_R6_ATC_M3_AL24477_C0_HOA_MONO_EPD3,R6_ATC_M3_AL24477_C0_HOA_EPD3,ATC_M3_AL24477,C0,HOA,3.0,MONO,1.0,0.008266292737887024
R8_R6_ATC_M3_AL24477_C0_HOA_MONO_EPD3,R6_ATC_M3_AL24477_C0_HOA_EPD3,ATC_M3_AL24477,C0,HOA,3.0,MONO,0.875,0.012640643072502789
R8_R6_ATC_M3_AL24477_C0_HOA_MONO_EPD3,R6_ATC_M3_AL24477_C0_HOA_EPD3,ATC_M3_AL24477,C0,HOA,3.0,MONO,0.75,0.0001593090827121981
R8_R6_ATC_M3_AL24477_C0_HOA_MONO_EPD3,R6_ATC_M3_AL24477_C0_HOA_EPD3,ATC_M3_AL24477,C0,HOA,3.0,MONO,0.625,0.04346664376983467
R8_R6_ATC_M3_AL24477_C0_HOA_MONO_EPD3,R6_ATC_M3_AL24477_C0_HOA_EPD3,ATC_M3_AL24477,C0,HOA,3.0,MONO,0.5,0.06116567003185417
R8_R6_ATC_M3_AL24477_C0_HOA_MONO_EPD3,R6_ATC_M3_AL24477_C0_HOA_EPD3,ATC_M3_AL24477,C0,HOA,3.0,MONO,0.375,0.08072272789094975
R8_R6_ATC_M3_AL24477_C0_HOA_MONO_EPD3,R6_ATC_M3_AL24477_C0_HOA_EPD3,ATC_M3_AL24477,C0,HOA,3.0,MONO,0.25,0.2166140066772579
R8_R6_ATC_M3_AL24477_C0_HOA_MONO_EPD3,R6_ATC_M3_AL24477_C0_HOA_EPD3,ATC_M3_AL24477,C0,HOA,3.0,MONO,0.125,0.44394092862523815
R8_R6_ATC_M3_AL24477_C0_HOA_MONO_EPD3,R6_ATC_M3_AL24477_C0_HOA_EPD3,ATC_M3_AL24477,C0,HOA,3.0,MONO,0.0,0.524457340473953
R8_R6_ATC_M3_AL24477_C0_HOA_MONO_EPD3,R6_ATC_M3_AL24477_C0_HOA_EPD3,ATC_M3_AL24477,C0,HOA,3.0,MONO,-0.125,0.3108878137526885
R8_R6_ATC_M3_AL24477_C0_HOA_MONO_EPD3,R6_ATC_M3_AL24477_C0_HOA_EPD3,ATC_M3_AL24477,C0,HOA,3.0,MONO,-0.25,0.0006031824873761113
R8_R6_ATC_M3_AL24477_C0_HOA_MONO_EPD3,R6_ATC_M3_AL24477_C0_HOA_EPD3,ATC_M3_AL24477,C0,HOA,3.0,MONO,-0.375,0.1030763034055413
R8_R6_ATC_M3_AL24477_C0_HOA_MONO_EPD3,R6_ATC_M3_AL24477_C0_HOA_EPD3,ATC_M3_AL24477,C0,HOA,3.0,MONO,-0.5,0.007189454990807529
R8_R6_ATC_M3_AL24477_C0_HOA_MONO_EPD3,R6_ATC_M3_AL24477_C0_HOA_EPD3,ATC_M3_AL24477,C0,HOA,3.0,MONO,-0.625,0.08737731405402935
R8_R6_ATC_M3_AL24477_C0_HOA_MONO_EPD3,R6_ATC_M3_AL24477_C0_HOA_EPD3,ATC_M3_AL24477,C0,HOA,3.0,MONO,-0.75,0.027489255629855873
R8_R6_ATC_M3_AL24477_C0_HOA_MONO_EPD3,R6_ATC_M3_AL24477_C0_HOA_EPD3,ATC_M3_AL24477,C0,HOA,3.0,MONO,-0.875,0.04092803119264088
R8_R6_ATC_M3_AL24477_C0_HOA_MONO_EPD3,R6_ATC_M3_AL24477_C0_HOA_EPD3,ATC_M3_AL24477,C0,HOA,3.0,MONO,-1.0,0.015390775183672717
R8_R6_ATC_M3_AL24477_C0_HOA_MONO_EPD3,R6_ATC_M3_AL24477_C0_HOA_EPD3,ATC_M3_AL24477,C0,HOA,3.0,MONO,-1.125,0.029141921258029106
R8_R6_ATC_M3_AL24477_C0_HOA_MONO_EPD3,R6_ATC_M3_AL24477_C0_HOA_EPD3,ATC_M3_AL24477,C0,HOA,3.0,MONO,-1.25,0.013585615785082453
R8_R6_ATC_M3_AL24477_C0_HOA_MONO_EPD3,R6_ATC_M3_AL24477_C0_HOA_EPD3,ATC_M3_AL24477,C0,HOA,3.0,MONO,-1.375,0.017886816643566998
R8_R6_ATC_M3_AL24477_C0_HOA_MONO_EPD3,R6_ATC_M3_AL24477_C0_HOA_EPD3,ATC_M3_AL24477,C0,HOA,3.0,MONO,-1.5,0.006620788358890647
R8_R6_ATC_M3_AL24477_C0_HOA_MONO_EPD3,R6_ATC_M3_AL24477_C0_HOA_EPD3,ATC_M3_AL24477,C0,HOA,3.0,MONO,-1.625,0.015099787684294368
R8_R6_ATC_M3_AL24477_C0_HOA_MONO_EPD3,R6_ATC_M3_AL24477_C0_HOA_EPD3,ATC_M3_AL24477,C0,HOA,3.0,MONO,-1.75,0.005207612465651207
R8_R6_ATC_M3_AL24477_C0_HOA_MONO_EPD3,R6_ATC_M3_AL24477_C0_HOA_EPD3,ATC_M3_AL24477,C0,HOA,3.0,MONO,-1.875,0.010171519501366032
R8_R6_ATC_M3_AL24477_C0_HOA_MONO_EPD3,R6_ATC_M3_AL24477_C0_HOA_EPD3,ATC_M3_AL24477,C0,HOA,3.0,MONO,-2.0,0.0013727661860519595
R8_R6_ATC_M3_AL24477_C0_HOA_MONO_EPD3,R6_ATC_M3_AL24477_C0_HOA_EPD3,ATC_M3_AL24477,C0,HOA,3.0,MONO,-2.125,0.008567511141887963
R8_R6_ATC_M3_AL24477_C0_HOA_MONO_EPD3,R6_ATC_M3_AL24477_C0_HOA_EPD3,ATC_M3_AL24477,C0,HOA,3.0,MONO,-2.25,0.0007116709280988899
R8_R6_ATC_M3_AL24477_C0_HOA_MONO_EPD3,R6_ATC_M3_AL24477_C0_HOA_EPD3,ATC_M3_AL24477,C0,HOA,3.0,MONO,-2.375,0.007563759843641846
R8_R6_ATC_M3_AL24477_C0_HOA_MONO_EPD3,R6_ATC_M3_AL24477_C0_HOA_EPD3,ATC_M3_AL24477,C0,HOA,3.0,MONO,-2.5,0.0017910418798243483
R8_R6_ATC_M3_AL24477_C0_HOA_MONO_EPD3,R6_ATC_M3_AL24477_C0_HOA_EPD3,ATC_M3_AL24477,C0,HOA,3.0,MONO,-2.625,0.006789656298280834
R8_R6_ATC_M3_AL24477_C0_HOA_MONO_EPD3,R6_ATC_M3_AL24477_C0_HOA_EPD3,ATC_M3_AL24477,C0,HOA,3.0,MONO,-2.75,0.0018273987627222866
R8_R6_ATC_M3_AL24477_C0_HOA_MONO_EPD3,R6_ATC_M3_AL24477_C0_HOA_EPD3,ATC_M3_AL24477,C0,HOA,3.0,MONO,-2.875,0.005181646430459913
R8_R6_ATC_M3_AL24477_C0_HOA_MONO_EPD3,R6_ATC_M3_AL24477_C0_HOA_EPD3,ATC_M3_AL24477,C0,HOA,3.0,MONO,-3.0,0.0022986941018164784
R8_R6_ATC_M3_AL24477_C0_HOA_MONO_EPD3,R6_ATC_M3_AL24477_C0_HOA_EPD3,ATC_M3_AL24477,C0,HOA,3.0,MONO,-3.125,0.004018642910073261
R8_R6_ATC_M3_AL24477_C0_HOA_MONO_EPD3,R6_ATC_M3_AL24477_C0_HOA_EPD3,ATC_M3_AL24477,C0,HOA,3.0,MONO,-3.25,0.0022283061847773906
R8_R6_ATC_M3_AL24477_C0_HOA_MONO_EPD3,R6_ATC_M3_AL24477_C0_HOA_EPD3,ATC_M3_AL24477,C0,HOA,3.0,MONO,-3.375,0.0022050000617063453
R8_R6_ATC_M3_AL24477_C0_HOA_MONO_EPD3,R6_ATC_M3_AL24477_C0_HOA_EPD3,ATC_M3_AL24477,C0,HOA,3.0,MONO,-3.5,0.003202054424617248
R8_R6_ATC_M3_AL24477_C0_HOA_MONO_EPD3,R6_ATC_M3_AL24477_C0_HOA_EPD3,ATC_M3_AL24477,C0,HOA,3.0,MONO,-3.625,0.0016282731217251028
R8_R6_ATC_M3_AL24477_C0_HOA_MONO_EPD3,R6_ATC_M3_AL24477_C0_HOA_EPD3,ATC_M3_AL24477,C0,HOA,3.0,MONO,-3.75,0.003454332388079662
R8_R6_ATC_M3_AL24477_C0_HOA_MONO_EPD3,R6_ATC_M3_AL24477_C0_HOA_EPD3,ATC_M3_AL24477,C0,HOA,3.0,MONO,-3.875,0.0015263882381780388
R8_R6_ATC_M3_AL24477_C0_HOA_MONO_EPD3,R6_ATC_M3_AL24477_C0_HOA_EPD3,ATC_M3_AL24477,C0,HOA,3.0,MONO,-4.0,0.002592939840441362
R8_R6_ATC_M3_AL24477_C0_HOA_MONO_EPD3,R6_ATC_M3_AL24477_C0_HOA_EPD3,ATC_M3_AL24477,C0,HOA,3.0,MONO,-4.125,0.0007330017060727333
R8_R6_ATC_M3_AL24477_C0_HOA_MONO_EPD3,R6_ATC_M3_AL24477_C0_HOA_EPD3,ATC_M3_AL24477,C0,HOA,3.0,MONO,-4.25,0.001509174927421403
R8_R6_ATC_M3_AL24477_C0_HOA_MONO_EPD3,R6_ATC_M3_AL24477_C0_HOA_EPD3,ATC_M3_AL24477,C0,HOA,3.0,MONO,-4.375,0.0012554041063056356
R8_R6_ATC_M3_AL24477_C0_HOA_MONO_EPD3,R6_ATC_M3_AL24477_C0_HOA_EPD3,ATC_M3_AL24477,C0,HOA,3.0,MONO,-4.5,0.0022337161570041607
R8_R6_ATC_M3_AL24477_C0_HOA_MONO_EPD3,R6_ATC_M3_AL24477_C0_HOA_EPD3,ATC_M3_AL24477,C0,HOA,3.0,MONO,-4.625,0.0014625914348983028
R8_R6_ATC_M3_AL24477_C0_HOA_MONO_EPD3,R6_ATC_M3_AL24477_C0_HOA_EPD3,ATC_M3_AL24477,C0,HOA,3.0,MONO,-4.75,0.002042149358048055
R8_R6_ATC_M3_AL24477_C0_HOA_MONO_EPD3,R6_ATC_M3_AL24477_C0_HOA_EPD3,ATC_M3_AL24477,C0,HOA,3.0,MONO,-4.875,0.0016473050172082617
R8_R6_ATC_M3_AL24477_C0_HOA_MONO_EPD3,R6_ATC_M3_AL24477_C0_HOA_EPD3,ATC_M3_AL24477,C0,HOA,3.0,MONO,-5.0,0.0015988443526477546
R8_R6_ATC_M3_AL24477_C0_HOA_EDOF_EPD3,R6_ATC_M3_AL24477_C0_HOA_EPD3,ATC_M3_AL24477,C0,HOA,3.0,EDOF,1.0,0.031079989743289464
R8_R6_ATC_M3_AL24477_C0_HOA_EDOF_EPD3,R6_ATC_M3_AL24477_C0_HOA_EPD3,ATC_M3_AL24477,C0,HOA,3.0,EDOF,0.875,0.040619568096237756
R8_R6_ATC_M3_AL24477_C0_HOA_EDOF_EPD3,R6_ATC_M3_AL24477_C0_HOA_EPD3,ATC_M3_AL24477,C0,HOA,3.0,EDOF,0.75,0.0035950257920313667
R8_R6_ATC_M3_AL24477_C0_HOA_EDOF_EPD3,R6_ATC_M3_AL24477_C0_HOA_EPD3,ATC_M3_AL24477,C0,HOA,3.0,EDOF,0.625,0.005164736132012258
R8_R6_ATC_M3_AL24477_C0_HOA_EDOF_EPD3,R6_ATC_M3_AL24477_C0_HOA_EPD3,ATC_M3_AL24477,C0,HOA,3.0,EDOF,0.5,0.035133850105355836
R8_R6_ATC_M3_AL24477_C0_HOA_EDOF_EPD3,R6_ATC_M3_AL24477_C0_HOA_EPD3,ATC_M3_AL24477,C0,HOA,3.0,EDOF,0.375,0.04301744481242459
R8_R6_ATC_M3_AL24477_C0_HOA_EDOF_EPD3,R6_ATC_M3_AL24477_C0_HOA_EPD3,ATC_M3_AL24477,C0,HOA,3.0,EDOF,0.25,0.010330230060861768
R8_R6_ATC_M3_AL24477_C0_HOA_EDOF_EPD3,R6_ATC_M3_AL24477_C0_HOA_EPD3,ATC_M3_AL24477,C0,HOA,3.0,EDOF,0.125,0.020924922642549637
R8_R6_ATC_M3_AL24477_C0_HOA_EDOF_EPD3,R6_ATC_M3_AL24477_C0_HOA_EPD3,ATC_M3_AL24477,C0,HOA,3.0,EDOF,0.0,0.07929384500787215
R8_R6_ATC_M3_AL24477_C0_HOA_EDOF_EPD3,R6_ATC_M3_AL24477_C0_HOA_EPD3,ATC_M3_AL24477,C0,HOA,3.0,EDOF,-0.125,0.18570397112012615
R8_R6_ATC_M3_AL24477_C0_HOA_EDOF_EPD3,R6_ATC_M3_AL24477_C0_HOA_EPD3,ATC_M3_AL24477,C0,HOA,3.0,EDOF,-0.25,0.16995515415232432
R8_R6_ATC_M3_AL24477_C0_HOA_EDOF_EPD3,R6_ATC_M3_AL24477_C0_HOA_EPD3,ATC_M3_AL24477,C0,HOA,3.0,EDOF,-0.375,0.07210951779830096
R8_R6_ATC_M3_AL24477_C0_HOA_EDOF_EPD3,R6_ATC_M3_AL24477_C0_HOA_EPD3,ATC_M3_AL24477,C0,HOA,3.0,EDOF,-0.5,0.018614794048183222
R8_R6_ATC_M3_AL24477_C0_HOA_EDOF_EPD3,R6_ATC_M3_AL24477_C0_HOA_EPD3,ATC_M3_AL24477,C0,HOA,3.0,EDOF,-0.625,0.026290883546810757
R8_R6_ATC_M3_AL24477_C0_HOA_EDOF_EPD3,R6_ATC_M3_AL24477_C0_HOA_EPD3,ATC_M3_AL24477,C0,HOA,3.0,EDOF,-0.75,0.021779218172330417
R8_R6_ATC_M3_AL24477_C0_HOA_EDOF_EPD3,R6_ATC_M3_AL24477_C0_HOA_EPD3,ATC_M3_AL24477,C0,HOA,3.0,EDOF,-0.875,0.0033181621002773085
R8_R6_ATC_M3_AL24477_C0_HOA_EDOF_EPD3,R6_ATC_M3_AL24477_C0_HOA_EPD3,ATC_M3_AL24477,C0,HOA,3.0,EDOF,-1.0,0.005556582505139372
R8_R6_ATC_M3_AL24477_C0_HOA_EDOF_EPD3,R6_ATC_M3_AL24477_C0_HOA_EPD3,ATC_M3_AL24477,C0,HOA,3.0,EDOF,-1.125,0.043397849325825154
R8_R6_ATC_M3_AL24477_C0_HOA_EDOF_EPD3,R6_ATC_M3_AL24477_C0_HOA_EPD3,ATC_M3_AL24477,C0,HOA,3.0,EDOF,-1.25,0.05028280092076935
R8_R6_ATC_M3_AL24477_C0_HOA_EDOF_EPD3,R6_ATC_M3_AL24477_C0_HOA_EPD3,ATC_M3_AL24477,C0,HOA,3.0,EDOF,-1.375,0.019733785373287918
R8_R6_ATC_M3_AL24477_C0_HOA_EDOF_EPD3,R6_ATC_M3_AL24477_C0_HOA_EPD3,ATC_M3_AL24477,C0,HOA,3.0,EDOF,-1.5,0.0017691628185438316
R8_R6_ATC_M3_AL24477_C0_HOA_EDOF_EPD3,R6_ATC_M3_AL24477_C0_HOA_EPD3,ATC_M3_AL24477,C0,HOA,3.0,EDOF,-1.625,0.009854711055437133
R8_R6_ATC_M3_AL24477_C0_HOA_EDOF_EPD3,R6_ATC_M3_AL24477_C0_HOA_EPD3,ATC_M3_AL24477,C0,HOA,3.0,EDOF,-1.75,0.012192356399231524
R8_R6_ATC_M3_AL24477_C0_HOA_EDOF_EPD3,R6_ATC_M3_AL24477_C0_HOA_EPD3,ATC_M3_AL24477,C0,HOA,3.0,EDOF,-1.875,0.0031920068926599285
R8_R6_ATC_M3_AL24477_C0_HOA_EDOF_EPD3,R6_ATC_M3_AL24477_C0_HOA_EPD3,ATC_M3_AL24477,C0,HOA,3.0,EDOF,-2.0,0.006874099024701966
R8_R6_ATC_M3_AL24477_C0_HOA_EDOF_EPD3,R6_ATC_M3_AL24477_C0_HOA_EPD3,ATC_M3_AL24477,C0,HOA,3.0,EDOF,-2.125,0.021458022994775713
R8_R6_ATC_M3_AL24477_C0_HOA_EDOF_EPD3,R6_ATC_M3_AL24477_C0_HOA_EPD3,ATC_M3_AL24477,C0,HOA,3.0,EDOF,-2.25,0.024853064240351552
R8_R6_ATC_M3_AL24477_C0_HOA_EDOF_EPD3,R6_ATC_M3_AL24477_C0_HOA_EPD3,ATC_M3_AL24477,C0,HOA,3.0,EDOF,-2.375,0.019829409786275926
R8_R6_ATC_M3_AL24477_C0_HOA_EDOF_EPD3,R6_ATC_M3_AL24477_C0_HOA_EPD3,ATC_M3_AL24477,C0,HOA,3.0,EDOF,-2.5,0.022388985169260238
R8_R6_ATC_M3_AL24477_C0_HOA_EDOF_EPD3,R6_ATC_M3_AL24477_C0_HOA_EPD3,ATC_M3_AL24477,C0,HOA,3.0,EDOF,-2.625,0.024597603679429675
R8_R6_ATC_M3_AL24477_C0_HOA_EDOF_EPD3,R6_ATC_M3_AL24477_C0_HOA_EPD3,ATC_M3_AL24477,C0,HOA,3.0,EDOF,-2.75,0.012216320674934928
R8_R6_ATC_M3_AL24477_C0_HOA_EDOF_EPD3,R6_ATC_M3_AL24477_C0_HOA_EPD3,ATC_M3_AL24477,C0,HOA,3.0,EDOF,-2.875,0.0028108024569468157
R8_R6_ATC_M3_AL24477_C0_HOA_EDOF_EPD3,R6_ATC_M3_AL24477_C0_HOA_EPD3,ATC_M3_AL24477,C0,HOA,3.0,EDOF,-3.0,0.004002058068273572
R8_R6_ATC_M3_AL24477_C0_HOA_EDOF_EPD3,R6_ATC_M3_AL24477_C0_HOA_EPD3,ATC_M3_AL24477,C0,HOA,3.0,EDOF,-3.125,0.0007474000960523929
R8_R6_ATC_M3_AL24477_C0_HOA_EDOF_EPD3,R6_ATC_M3_AL24477_C0_HOA_EPD3,ATC_M3_AL24477,C0,HOA,3.0,EDOF,-3.25,0.00034130163936110336
R8_R6_ATC_M3_AL24477_C0_HOA_EDOF_EPD3,R6_ATC_M3_AL24477_C0_HOA_EPD3,ATC_M3_AL24477,C0,HOA,3.0,EDOF,-3.375,0.0004686635200279921
R8_R6_ATC_M3_AL24477_C0_HOA_EDOF_EPD3,R6_ATC_M3_AL24477_C0_HOA_EPD3,ATC_M3_AL24477,C0,HOA,3.0,EDOF,-3.5,0.006342484915277766
R8_R6_ATC_M3_AL24477_C0_HOA_EDOF_EPD3,R6_ATC_M3_AL24477_C0_HOA_EPD3,ATC_M3_AL24477,C0,HOA,3.0,EDOF,-3.625,0.01083520652340838
R8_R6_ATC_M3_AL24477_C0_HOA_EDOF_EPD3,R6_ATC_M3_AL24477_C0_HOA_EPD3,ATC_M3_AL24477,C0,HOA,3.0,EDOF,-3.75,0.009143481867195605
R8_R6_ATC_M3_AL24477_C0_HOA_EDOF_EPD3,R6_ATC_M3_AL24477_C0_HOA_EPD3,ATC_M3_AL24477,C0,HOA,3.0,EDOF,-3.875,0.01126315565991428
R8_R6_ATC_M3_AL24477_C0_HOA_EDOF_EPD3,R6_ATC_M3_AL24477_C0_HOA_EPD3,ATC_M3_AL24477,C0,HOA,3.0,EDOF,-4.0,0.01785636736315581
R8_R6_ATC_M3_AL24477_C0_HOA_EDOF_EPD3,R6_ATC_M3_AL24477_C0_HOA_EPD3,ATC_M3_AL24477,C0,HOA,3.0,EDOF,-4.125,0.01844014392907784
R8_R6_ATC_M3_AL24477_C0_HOA_EDOF_EPD3,R6_ATC_M3_AL24477_C0_HOA_EPD3,ATC_M3_AL24477,C0,HOA,3.0,EDOF,-4.25,0.01347825247787041
R8_R6_ATC_M3_AL24477_C0_HOA_EDOF_EPD3,R6_ATC_M3_AL24477_C0_HOA_EPD3,ATC_M3_AL24477,C0,HOA,3.0,EDOF,-4.375,0.013370009187331786
R8_R6_ATC_M3_AL24477_C0_HOA_EDOF_EPD3,R6_ATC_M3_AL24477_C0_HOA_EPD3,ATC_M3_AL24477,C0,HOA,3.0,EDOF,-4.5,0.01734273051132873
R8_R6_ATC_M3_AL24477_C0_HOA_EDOF_EPD3,R6_ATC_M3_AL24477_C0_HOA_EPD3,ATC_M3_AL24477,C0,HOA,3.0,EDOF,-4.625,0.01728314910804544
R8_R6_ATC_M3_AL24477_C0_HOA_EDOF_EPD3,R6_ATC_M3_AL24477_C0_HOA_EPD3,ATC_M3_AL24477,C0,HOA,3.0,EDOF,-4.75,0.015843957504552315
R8_R6_ATC_M3_AL24477_C0_HOA_EDOF_EPD3,R6_ATC_M3_AL24477_C0_HOA_EPD3,ATC_M3_AL24477,C0,HOA,3.0,EDOF,-4.875,0.019206007595039667
R8_R6_ATC_M3_AL24477_C0_HOA_EDOF_EPD3,R6_ATC_M3_AL24477_C0_HOA_EPD3,ATC_M3_AL24477,C0,HOA,3.0,EDOF,-5.0,0.02203123129720469
R8_R6_ATC_M3_AL24477_C0_HOA_MONO_EPD5,R6_ATC_M3_AL24477_C0_HOA_EPD5,ATC_M3_AL24477,C0,HOA,5.0,MONO,1.0,0.06188159520408988
R8_R6_ATC_M3_AL24477_C0_HOA_MONO_EPD5,R6_ATC_M3_AL24477_C0_HOA_EPD5,ATC_M3_AL24477,C0,HOA,5.0,MONO,0.875,0.08293889250275888
R8_R6_ATC_M3_AL24477_C0_HOA_MONO_EPD5,R6_ATC_M3_AL24477_C0_HOA_EPD5,ATC_M3_AL24477,C0,HOA,5.0,MONO,0.75,0.13108599772226434
R8_R6_ATC_M3_AL24477_C0_HOA_MONO_EPD5,R6_ATC_M3_AL24477_C0_HOA_EPD5,ATC_M3_AL24477,C0,HOA,5.0,MONO,0.625,0.025656091973864092
R8_R6_ATC_M3_AL24477_C0_HOA_MONO_EPD5,R6_ATC_M3_AL24477_C0_HOA_EPD5,ATC_M3_AL24477,C0,HOA,5.0,MONO,0.5,0.12157857464910363
R8_R6_ATC_M3_AL24477_C0_HOA_MONO_EPD5,R6_ATC_M3_AL24477_C0_HOA_EPD5,ATC_M3_AL24477,C0,HOA,5.0,MONO,0.375,0.0697367240842511
R8_R6_ATC_M3_AL24477_C0_HOA_MONO_EPD5,R6_ATC_M3_AL24477_C0_HOA_EPD5,ATC_M3_AL24477,C0,HOA,5.0,MONO,0.25,0.041025009082125405
R8_R6_ATC_M3_AL24477_C0_HOA_MONO_EPD5,R6_ATC_M3_AL24477_C0_HOA_EPD5,ATC_M3_AL24477,C0,HOA,5.0,MONO,0.125,0.17285089162253414
R8_R6_ATC_M3_AL24477_C0_HOA_MONO_EPD5,R6_ATC_M3_AL24477_C0_HOA_EPD5,ATC_M3_AL24477,C0,HOA,5.0,MONO,0.0,0.24541055578035018
R8_R6_ATC_M3_AL24477_C0_HOA_MONO_EPD5,R6_ATC_M3_AL24477_C0_HOA_EPD5,ATC_M3_AL24477,C0,HOA,5.0,MONO,-0.125,0.1686293148865574
R8_R6_ATC_M3_AL24477_C0_HOA_MONO_EPD5,R6_ATC_M3_AL24477_C0_HOA_EPD5,ATC_M3_AL24477,C0,HOA,5.0,MONO,-0.25,0.02259437779821825
R8_R6_ATC_M3_AL24477_C0_HOA_MONO_EPD5,R6_ATC_M3_AL24477_C0_HOA_EPD5,ATC_M3_AL24477,C0,HOA,5.0,MONO,-0.375,0.043876180705527665
R8_R6_ATC_M3_AL24477_C0_HOA_MONO_EPD5,R6_ATC_M3_AL24477_C0_HOA_EPD5,ATC_M3_AL24477,C0,HOA,5.0,MONO,-0.5,0.006940942873681424
R8_R6_ATC_M3_AL24477_C0_HOA_MONO_EPD5,R6_ATC_M3_AL24477_C0_HOA_EPD5,ATC_M3_AL24477,C0,HOA,5.0,MONO,-0.625,0.037645810946012444
R8_R6_ATC_M3_AL24477_C0_HOA_MONO_EPD5,R6_ATC_M3_AL24477_C0_HOA_EPD5,ATC_M3_AL24477,C0,HOA,5.0,MONO,-0.75,0.007172753754887937
R8_R6_ATC_M3_AL24477_C0_HOA_MONO_EPD5,R6_ATC_M3_AL24477_C0_HOA_EPD5,ATC_M3_AL24477,C0,HOA,5.0,MONO,-0.875,0.009338505846460513
R8_R6_ATC_M3_AL24477_C0_HOA_MONO_EPD5,R6_ATC_M3_AL24477_C0_HOA_EPD5,ATC_M3_AL24477,C0,HOA,5.0,MONO,-1.0,0.0030730775406778996
R8_R6_ATC_M3_AL24477_C0_HOA_MONO_EPD5,R6_ATC_M3_AL24477_C0_HOA_EPD5,ATC_M3_AL24477,C0,HOA,5.0,MONO,-1.125,0.01064253770062845
R8_R6_ATC_M3_AL24477_C0_HOA_MONO_EPD5,R6_ATC_M3_AL24477_C0_HOA_EPD5,ATC_M3_AL24477,C0,HOA,5.0,MONO,-1.25,0.0037929685689714705
R8_R6_ATC_M3_AL24477_C0_HOA_MONO_EPD5,R6_ATC_M3_AL24477_C0_HOA_EPD5,ATC_M3_AL24477,C0,HOA,5.0,MONO,-1.375,0.0005644119179636653
R8_R6_ATC_M3_AL24477_C0_HOA_MONO_EPD5,R6_ATC_M3_AL24477_C0_HOA_EPD5,ATC_M3_AL24477,C0,HOA,5.0,MONO,-1.5,0.0028042553193131743
R8_R6_ATC_M3_AL24477_C0_HOA_MONO_EPD5,R6_ATC_M3_AL24477_C0_HOA_EPD5,ATC_M3_AL24477,C0,HOA,5.0,MONO,-1.625,0.0043676635137861785
R8_R6_ATC_M3_AL24477_C0_HOA_MONO_EPD5,R6_ATC_M3_AL24477_C0_HOA_EPD5,ATC_M3_AL24477,C0,HOA,5.0,MONO,-1.75,0.0014649191002022595
R8_R6_ATC_M3_AL24477_C0_HOA_MONO_EPD5,R6_ATC_M3_AL24477_C0_HOA_EPD5,ATC_M3_AL24477,C0,HOA,5.0,MONO,-1.875,0.00040132992810905534
R8_R6_ATC_M3_AL24477_C0_HOA_MONO_EPD5,R6_ATC_M3_AL24477_C0_HOA_EPD5,ATC_M3_AL24477,C0,HOA,5.0,MONO,-2.0,0.0008258259933245518
R8_R6_ATC_M3_AL24477_C0_HOA_MONO_EPD5,R6_ATC_M3_AL24477_C0_HOA_EPD5,ATC_M3_AL24477,C0,HOA,5.0,MONO,-2.125,0.0004241851110866082
R8_R6_ATC_M3_AL24477_C0_HOA_MONO_EPD5,R6_ATC_M3_AL24477_C0_HOA_EPD5,ATC_M3_AL24477,C0,HOA,5.0,MONO,-2.25,0.0004860260051629531
R8_R6_ATC_M3_AL24477_C0_HOA_MONO_EPD5,R6_ATC_M3_AL24477_C0_HOA_EPD5,ATC_M3_AL24477,C0,HOA,5.0,MONO,-2.375,0.0008057642153390952
R8_R6_ATC_M3_AL24477_C0_HOA_MONO_EPD5,R6_ATC_M3_AL24477_C0_HOA_EPD5,ATC_M3_AL24477,C0,HOA,5.0,MONO,-2.5,0.00014670634405191546
R8_R6_ATC_M3_AL24477_C0_HOA_MONO_EPD5,R6_ATC_M3_AL24477_C0_HOA_EPD5,ATC_M3_AL24477,C0,HOA,5.0,MONO,-2.625,0.0012628162616154645
R8_R6_ATC_M3_AL24477_C0_HOA_MONO_EPD5,R6_ATC_M3_AL24477_C0_HOA_EPD5,ATC_M3_AL24477,C0,HOA,5.0,MONO,-2.75,0.0014627019138758444
R8_R6_ATC_M3_AL24477_C0_HOA_MONO_EPD5,R6_ATC_M3_AL24477_C0_HOA_EPD5,ATC_M3_AL24477,C0,HOA,5.0,MONO,-2.875,0.00017809690080808916
R8_R6_ATC_M3_AL24477_C0_HOA_MONO_EPD5,R6_ATC_M3_AL24477_C0_HOA_EPD5,ATC_M3_AL24477,C0,HOA,5.0,MONO,-3.0,0.0014616583743699862
R8_R6_ATC_M3_AL24477_C0_HOA_MONO_EPD5,R6_ATC_M3_AL24477_C0_HOA_EPD5,ATC_M3_AL24477,C0,HOA,5.0,MONO,-3.125,0.00017639732605470321
R8_R6_ATC_M3_AL24477_C0_HOA_MONO_EPD5,R6_ATC_M3_AL24477_C0_HOA_EPD5,ATC_M3_AL24477,C0,HOA,5.0,MONO,-3.25,0.0018060709024144642
R8_R6_ATC_M3_AL24477_C0_HOA_MONO_EPD5,R6_ATC_M3_AL24477_C0_HOA_EPD5,ATC_M3_AL24477,C0,HOA,5.0,MONO,-3.375,0.0018587979298313956
R8_R6_ATC_M3_AL24477_C0_HOA_MONO_EPD5,R6_ATC_M3_AL24477_C0_HOA_EPD5,ATC_M3_AL24477,C0,HOA,5.0,MONO,-3.5,0.0006640956651917476
R8_R6_ATC_M3_AL24477_C0_HOA_MONO_EPD5,R6_ATC_M3_AL24477_C0_HOA_EPD5,ATC_M3_AL24477,C0,HOA,5.0,MONO,-3.625,0.0009943869025758102
R8_R6_ATC_M3_AL24477_C0_HOA_MONO_EPD5,R6_ATC_M3_AL24477_C0_HOA_EPD5,ATC_M3_AL24477,C0,HOA,5.0,MONO,-3.75,0.0005396999757126383
R8_R6_ATC_M3_AL24477_C0_HOA_MONO_EPD5,R6_ATC_M3_AL24477_C0_HOA_EPD5,ATC_M3_AL24477,C0,HOA,5.0,MONO,-3.875,0.0019006053640318078
R8_R6_ATC_M3_AL24477_C0_HOA_MONO_EPD5,R6_ATC_M3_AL24477_C0_HOA_EPD5,ATC_M3_AL24477,C0,HOA,5.0,MONO,-4.0,9.717665833014748e-05
R8_R6_ATC_M3_AL24477_C0_HOA_MONO_EPD5,R6_ATC_M3_AL24477_C0_HOA_EPD5,ATC_M3_AL24477,C0,HOA,5.0,MONO,-4.125,0.0008693837692293231
R8_R6_ATC_M3_AL24477_C0_HOA_MONO_EPD5,R6_ATC_M3_AL24477_C0_HOA_EPD5,ATC_M3_AL24477,C0,HOA,5.0,MONO,-4.25,0.000565840365101485
R8_R6_ATC_M3_AL24477_C0_HOA_MONO_EPD5,R6_ATC_M3_AL24477_C0_HOA_EPD5,ATC_M3_AL24477,C0,HOA,5.0,MONO,-4.375,0.0003989839464697823
R8_R6_ATC_M3_AL24477_C0_HOA_MONO_EPD5,R6_ATC_M3_AL24477_C0_HOA_EPD5,ATC_M3_AL24477,C0,HOA,5.0,MONO,-4.5,0.0006230155676858779
R8_R6_ATC_M3_AL24477_C0_HOA_MONO_EPD5,R6_ATC_M3_AL24477_C0_HOA_EPD5,ATC_M3_AL24477,C0,HOA,5.0,MONO,-4.625,8.226998244185592e-05
R8_R6_ATC_M3_AL24477_C0_HOA_MONO_EPD5,R6_ATC_M3_AL24477_C0_HOA_EPD5,ATC_M3_AL24477,C0,HOA,5.0,MONO,-4.75,0.0002690827141627667
R8_R6_ATC_M3_AL24477_C0_HOA_MONO_EPD5,R6_ATC_M3_AL24477_C0_HOA_EPD5,ATC_M3_AL24477,C0,HOA,5.0,MONO,-4.875,0.00031980812466255777
R8_R6_ATC_M3_AL24477_C0_HOA_MONO_EPD5,R6_ATC_M3_AL24477_C0_HOA_EPD5,ATC_M3_AL24477,C0,HOA,5.0,MONO,-5.0,0.00021165426371865269
R8_R6_ATC_M3_AL24477_C0_HOA_EDOF_EPD5,R6_ATC_M3_AL24477_C0_HOA_EPD5,ATC_M3_AL24477,C0,HOA,5.0,EDOF,1.0,0.06707158949135211
R8_R6_ATC_M3_AL24477_C0_HOA_EDOF_EPD5,R6_ATC_M3_AL24477_C0_HOA_EPD5,ATC_M3_AL24477,C0,HOA,5.0,EDOF,0.875,0.05798322078460996
R8_R6_ATC_M3_AL24477_C0_HOA_EDOF_EPD5,R6_ATC_M3_AL24477_C0_HOA_EPD5,ATC_M3_AL24477,C0,HOA,5.0,EDOF,0.75,0.1635663983329504
R8_R6_ATC_M3_AL24477_C0_HOA_EDOF_EPD5,R6_ATC_M3_AL24477_C0_HOA_EPD5,ATC_M3_AL24477,C0,HOA,5.0,EDOF,0.625,0.009029575048966829
R8_R6_ATC_M3_AL24477_C0_HOA_EDOF_EPD5,R6_ATC_M3_AL24477_C0_HOA_EPD5,ATC_M3_AL24477,C0,HOA,5.0,EDOF,0.5,0.06600463326973954
R8_R6_ATC_M3_AL24477_C0_HOA_EDOF_EPD5,R6_ATC_M3_AL24477_C0_HOA_EPD5,ATC_M3_AL24477,C0,HOA,5.0,EDOF,0.375,0.026237480989051508
R8_R6_ATC_M3_AL24477_C0_HOA_EDOF_EPD5,R6_ATC_M3_AL24477_C0_HOA_EPD5,ATC_M3_AL24477,C0,HOA,5.0,EDOF,0.25,0.012106661533192564
R8_R6_ATC_M3_AL24477_C0_HOA_EDOF_EPD5,R6_ATC_M3_AL24477_C0_HOA_EPD5,ATC_M3_AL24477,C0,HOA,5.0,EDOF,0.125,0.01617379646898985
R8_R6_ATC_M3_AL24477_C0_HOA_EDOF_EPD5,R6_ATC_M3_AL24477_C0_HOA_EPD5,ATC_M3_AL24477,C0,HOA,5.0,EDOF,0.0,0.046283461481515756
R8_R6_ATC_M3_AL24477_C0_HOA_EDOF_EPD5,R6_ATC_M3_AL24477_C0_HOA_EPD5,ATC_M3_AL24477,C0,HOA,5.0,EDOF,-0.125,0.11090070789587565
R8_R6_ATC_M3_AL24477_C0_HOA_EDOF_EPD5,R6_ATC_M3_AL24477_C0_HOA_EPD5,ATC_M3_AL24477,C0,HOA,5.0,EDOF,-0.25,0.07042756476018863
R8_R6_ATC_M3_AL24477_C0_HOA_EDOF_EPD5,R6_ATC_M3_AL24477_C0_HOA_EPD5,ATC_M3_AL24477,C0,HOA,5.0,EDOF,-0.375,0.03027175811691163
R8_R6_ATC_M3_AL24477_C0_HOA_EDOF_EPD5,R6_ATC_M3_AL24477_C0_HOA_EPD5,ATC_M3_AL24477,C0,HOA,5.0,EDOF,-0.5,0.006831361795199809
R8_R6_ATC_M3_AL24477_C0_HOA_EDOF_EPD5,R6_ATC_M3_AL24477_C0_HOA_EPD5,ATC_M3_AL24477,C0,HOA,5.0,EDOF,-0.625,0.006149222026510662
R8_R6_ATC_M3_AL24477_C0_HOA_EDOF_EPD5,R6_ATC_M3_AL24477_C0_HOA_EPD5,ATC_M3_AL24477,C0,HOA,5.0,EDOF,-0.75,0.005909691078611617
R8_R6_ATC_M3_AL24477_C0_HOA_EDOF_EPD5,R6_ATC_M3_AL24477_C0_HOA_EPD5,ATC_M3_AL24477,C0,HOA,5.0,EDOF,-0.875,0.008737017463173218
R8_R6_ATC_M3_AL24477_C0_HOA_EDOF_EPD5,R6_ATC_M3_AL24477_C0_HOA_EPD5,ATC_M3_AL24477,C0,HOA,5.0,EDOF,-1.0,0.008732504814867592
R8_R6_ATC_M3_AL24477_C0_HOA_EDOF_EPD5,R6_ATC_M3_AL24477_C0_HOA_EPD5,ATC_M3_AL24477,C0,HOA,5.0,EDOF,-1.125,0.017010555743644164
R8_R6_ATC_M3_AL24477_C0_HOA_EDOF_EPD5,R6_ATC_M3_AL24477_C0_HOA_EPD5,ATC_M3_AL24477,C0,HOA,5.0,EDOF,-1.25,0.020789996950919175
R8_R6_ATC_M3_AL24477_C0_HOA_EDOF_EPD5,R6_ATC_M3_AL24477_C0_HOA_EPD5,ATC_M3_AL24477,C0,HOA,5.0,EDOF,-1.375,0.0007559249476296348
R8_R6_ATC_M3_AL24477_C0_HOA_EDOF_EPD5,R6_ATC_M3_AL24477_C0_HOA_EPD5,ATC_M3_AL24477,C0,HOA,5.0,EDOF,-1.5,0.0032377942874590843
R8_R6_ATC_M3_AL24477_C0_HOA_EDOF_EPD5,R6_ATC_M3_AL24477_C0_HOA_EPD5,ATC_M3_AL24477,C0,HOA,5.0,EDOF,-1.625,0.018959928413679637
R8_R6_ATC_M3_AL24477_C0_HOA_EDOF_EPD5,R6_ATC_M3_AL24477_C0_HOA_EPD5,ATC_M3_AL24477,C0,HOA,5.0,EDOF,-1.75,0.0020030950450877286
R8_R6_ATC_M3_AL24477_C0_HOA_EDOF_EPD5,R6_ATC_M3_AL24477_C0_HOA_EPD5,ATC_M3_AL24477,C0,HOA,5.0,EDOF,-1.875,0.007070478797100025
R8_R6_ATC_M3_AL24477_C0_HOA_EDOF_EPD5,R6_ATC_M3_AL24477_C0_HOA_EPD5,ATC_M3_AL24477,C0,HOA,5.0,EDOF,-2.0,0.01056090323266786
R8_R6_ATC_M3_AL24477_C0_HOA_EDOF_EPD5,R6_ATC_M3_AL24477_C0_HOA_EPD5,ATC_M3_AL24477,C0,HOA,5.0,EDOF,-2.125,0.008616713543634906
R8_R6_ATC_M3_AL24477_C0_HOA_EDOF_EPD5,R6_ATC_M3_AL24477_C0_HOA_EPD5,ATC_M3_AL24477,C0,HOA,5.0,EDOF,-2.25,0.0005922329392529658
R8_R6_ATC_M3_AL24477_C0_HOA_EDOF_EPD5,R6_ATC_M3_AL24477_C0_HOA_EPD5,ATC_M3_AL24477,C0,HOA,5.0,EDOF,-2.375,0.01077710691814909
R8_R6_ATC_M3_AL24477_C0_HOA_EDOF_EPD5,R6_ATC_M3_AL24477_C0_HOA_EPD5,ATC_M3_AL24477,C0,HOA,5.0,EDOF,-2.5,0.011937090417982518
R8_R6_ATC_M3_AL24477_C0_HOA_EDOF_EPD5,R6_ATC_M3_AL24477_C0_HOA_EPD5,ATC_M3_AL24477,C0,HOA,5.0,EDOF,-2.625,0.002810738807541277
R8_R6_ATC_M3_AL24477_C0_HOA_EDOF_EPD5,R6_ATC_M3_AL24477_C0_HOA_EPD5,ATC_M3_AL24477,C0,HOA,5.0,EDOF,-2.75,0.005647775360002005
R8_R6_ATC_M3_AL24477_C0_HOA_EDOF_EPD5,R6_ATC_M3_AL24477_C0_HOA_EPD5,ATC_M3_AL24477,C0,HOA,5.0,EDOF,-2.875,0.0033266996513441355
R8_R6_ATC_M3_AL24477_C0_HOA_EDOF_EPD5,R6_ATC_M3_AL24477_C0_HOA_EPD5,ATC_M3_AL24477,C0,HOA,5.0,EDOF,-3.0,0.0015563001061717052
R8_R6_ATC_M3_AL24477_C0_HOA_EDOF_EPD5,R6_ATC_M3_AL24477_C0_HOA_EPD5,ATC_M3_AL24477,C0,HOA,5.0,EDOF,-3.125,0.0014890373930429779
R8_R6_ATC_M3_AL24477_C0_HOA_EDOF_EPD5,R6_ATC_M3_AL24477_C0_HOA_EPD5,ATC_M3_AL24477,C0,HOA,5.0,EDOF,-3.25,0.0035872525334033076
R8_R6_ATC_M3_AL24477_C0_HOA_EDOF_EPD5,R6_ATC_M3_AL24477_C0_HOA_EPD5,ATC_M3_AL24477,C0,HOA,5.0,EDOF,-3.375,0.002873509372962308
R8_R6_ATC_M3_AL24477_C0_HOA_EDOF_EPD5,R6_ATC_M3_AL24477_C0_HOA_EPD5,ATC_M3_AL24477,C0,HOA,5.0,EDOF,-3.5,0.0008082191839669664
R8_R6_ATC_M3_AL24477_C0_HOA_EDOF_EPD5,R6_ATC_M3_AL24477_C0_HOA_EPD5,ATC_M3_AL24477,C0,HOA,5.0,EDOF,-3.625,0.003341240558419425
R8_R6_ATC_M3_AL24477_C0_HOA_EDOF_EPD5,R6_ATC_M3_AL24477_C0_HOA_EPD5,ATC_M3_AL24477,C0,HOA,5.0,EDOF,-3.75,0.006091440463298971
R8_R6_ATC_M3_AL24477_C0_HOA_EDOF_EPD5,R6_ATC_M3_AL24477_C0_HOA_EPD5,ATC_M3_AL24477,C0,HOA,5.0,EDOF,-3.875,0.0019573053963317113
R8_R6_ATC_M3_AL24477_C0_HOA_EDOF_EPD5,R6_ATC_M3_AL24477_C0_HOA_EPD5,ATC_M3_AL24477,C0,HOA,5.0,EDOF,-4.0,0.005543052975439524
R8_R6_ATC_M3_AL24477_C0_HOA_EDOF_EPD5,R6_ATC_M3_AL24477_C0_HOA_EPD5,ATC_M3_AL24477,C0,HOA,5.0,EDOF,-4.125,0.0052945607344857
R8_R6_ATC_M3_AL24477_C0_HOA_EDOF_EPD5,R6_ATC_M3_AL24477_C0_HOA_EPD5,ATC_M3_AL24477,C0,HOA,5.0,EDOF,-4.25,0.005303285629844626
R8_R6_ATC_M3_AL24477_C0_HOA_EDOF_EPD5,R6_ATC_M3_AL24477_C0_HOA_EPD5,ATC_M3_AL24477,C0,HOA,5.0,EDOF,-4.375,0.0055589145404086274
R8_R6_ATC_M3_AL24477_C0_HOA_EDOF_EPD5,R6_ATC_M3_AL24477_C0_HOA_EPD5,ATC_M3_AL24477,C0,HOA,5.0,EDOF,-4.5,0.00772153508716632
R8_R6_ATC_M3_AL24477_C0_HOA_EDOF_EPD5,R6_ATC_M3_AL24477_C0_HOA_EPD5,ATC_M3_AL24477,C0,HOA,5.0,EDOF,-4.625,0.005274381159307577
R8_R6_ATC_M3_AL24477_C0_HOA_EDOF_EPD5,R6_ATC_M3_AL24477_C0_HOA_EPD5,ATC_M3_AL24477,C0,HOA,5.0,EDOF,-4.75,0.007175168388856642
R8_R6_ATC_M3_AL24477_C0_HOA_EDOF_EPD5,R6_ATC_M3_AL24477_C0_HOA_EPD5,ATC_M3_AL24477,C0,HOA,5.0,EDOF,-4.875,0.0072480017759592626
R8_R6_ATC_M3_AL24477_C0_HOA_EDOF_EPD5,R6_ATC_M3_AL24477_C0_HOA_EPD5,ATC_M3_AL24477,C0,HOA,5.0,EDOF,-5.0,0.006096257027322911
