run_id,config_id,pair_key,base_id,cornea_id,platform_id,optic_state,pupil_mm,defocus_retina_d,defocus_shape_d,mtfa,mtf10,mtf20,mtf30,mtf40,mtf50,mtf60
task013-183dcffcd1da4f1cb1a219d9eedb39db,CFG_ATC_M3_AL24477_N0_HOA_MONO_EPD3,CAR_ATC_M3_AL24477_N0_HOA_EPD3,ATC_M3_AL24477,N0,HOA,MONO,3.0,0.5,0.5,0.1551544879754947,0.36248540800049384,0.05570046631448456,0.0008789816548610789,0.00968937769463059,0.012720570058125668,0.01553779767296691
task013-183dcffcd1da4f1cb1a219d9eedb39db,CFG_ATC_M3_AL24477_N0_HOA_MONO_EPD3,CAR_ATC_M3_AL24477_N0_HOA_EPD3,ATC_M3_AL24477,N0,HOA,MONO,3.0,0.25,0.25,0.3494172314431129,0.6707581939969818,0.40719976255792,0.2580500772703381,0.15891563326527905,0.08959297787219174,0.048230692021964665
task013-183dcffcd1da4f1cb1a219d9eedb39db,CFG_ATC_M3_AL24477_N0_HOA_MONO_EPD3,CAR_ATC_M3_AL24477_N0_HOA_EPD3,ATC_M3_AL24477,N0,HOA,MONO,3.0,0.0,0.0,0.5804011833650764,0.8373344170814526,0.6867309600953474,0.5553155247703475,0.4426483621988766,0.34285377345565515,0.2418337591029359
task013-183dcffcd1da4f1cb1a219d9eedb39db,CFG_ATC_M3_AL24477_N0_HOA_MONO_EPD3,CAR_ATC_M3_AL24477_N0_HOA_EPD3,ATC_M3_AL24477,N0,HOA,MONO,3.0,-0.25,-0.25,0.30978309851774044,0.7311363510321539,0.35514609354036775,0.12196062560433625,0.05397046266121064,0.06305624974619131,0.09423134247125844
task013-183dcffcd1da4f1cb1a219d9eedb39db,CFG_ATC_M3_AL24477_N0_HOA_MONO_EPD3,CAR_ATC_M3_AL24477_N0_HOA_EPD3,ATC_M3_AL24477,N0,HOA,MONO,3.0,-0.5,-0.5,0.1741926603363737,0.395245486642876,0.09833833677965034,0.07470859658002203,0.010908428485278931,0.0048565312537127165,0.01409832611988441
task013-183dcffcd1da4f1cb1a219d9eedb39db,CFG_ATC_M3_AL24477_N0_HOA_MONO_EPD3,CAR_ATC_M3_AL24477_N0_HOA_EPD3,ATC_M3_AL24477,N0,HOA,MONO,3.0,-0.75,-0.75,0.1346440935372836,0.02912589440656968,0.06145740778810826,0.06324098821122895,0.025435374263033227,0.016107293936068287,0.018557396023147276
task013-183dcffcd1da4f1cb1a219d9eedb39db,CFG_ATC_M3_AL24477_N0_HOA_MONO_EPD3,CAR_ATC_M3_AL24477_N0_HOA_EPD3,ATC_M3_AL24477,N0,HOA,MONO,3.0,-1.0,-1.0,0.10149064237928224,0.16388633165671165,0.07975599090930242,0.023358132218719796,0.01276633576733323,0.006694267944850848,0.006811703337425437
task013-183dcffcd1da4f1cb1a219d9eedb39db,CFG_ATC_M3_AL24477_N0_HOA_MONO_EPD3,CAR_ATC_M3_AL24477_N0_HOA_EPD3,ATC_M3_AL24477,N0,HOA,MONO,3.0,-1.25,-1.25,0.08294516834742065,0.13258504424574624,0.006330985074846507,0.010686858849218104,0.012714042257992728,0.007644314360038553,0.00588740176034186
task013-183dcffcd1da4f1cb1a219d9eedb39db,CFG_ATC_M3_AL24477_N0_HOA_MONO_EPD3,CAR_ATC_M3_AL24477_N0_HOA_EPD3,ATC_M3_AL24477,N0,HOA,MONO,3.0,-1.5,-1.5,0.06839906454013772,0.0036645204985820013,0.028491237707060288,0.0017974883376178099,0.008147068567885348,0.00394306425009753,0.0017860320028022802
task013-183dcffcd1da4f1cb1a219d9eedb39db,CFG_ATC_M3_AL24477_N0_HOA_MONO_EPD3,CAR_ATC_M3_AL24477_N0_HOA_EPD3,ATC_M3_AL24477,N0,HOA,MONO,3.0,-1.75,-1.75,0.05872238652020602,0.0844117801717489,0.028409066791657736,0.004547258581295678,0.006821737040076876,0.005602463974641175,0.0005083945417016222
task013-183dcffcd1da4f1cb1a219d9eedb39db,CFG_ATC_M3_AL24477_N0_HOA_MONO_EPD3,CAR_ATC_M3_AL24477_N0_HOA_EPD3,ATC_M3_AL24477,N0,HOA,MONO,3.0,-2.0,-2.0,0.05127492917342648,0.05307839802160078,0.004933119954929727,0.008673485960439176,0.005744310446221056,0.003990492913307755,0.0016662007758532864
task013-183dcffcd1da4f1cb1a219d9eedb39db,CFG_ATC_M3_AL24477_N0_HOA_MONO_EPD3,CAR_ATC_M3_AL24477_N0_HOA_EPD3,ATC_M3_AL24477,N0,HOA,MONO,3.0,-2.25,-2.25,0.045216083107286247,0.021077478301666938,0.011291457189693115,0.006582704055151593,0.006112874645648825,0.0032251353882162236,0.0022698563126784983
task013-183dcffcd1da4f1cb1a219d9eedb39db,CFG_ATC_M3_AL24477_N0_HOA_MONO_EPD3,CAR_ATC_M3_AL24477_N0_HOA_EPD3,ATC_M3_AL24477,N0,HOA,MONO,3.0,-2.5,-2.5,0.0406802063459082,0.0461076322449515,0.015488151726044702,0.007677676196303856,0.0043774906032053,0.003131776267084834,0.001931418684019838
task013-183dcffcd1da4f1cb1a219d9eedb39db,CFG_ATC_M3_AL24477_N0_HOA_MONO_EPD3,CAR_ATC_M3_AL24477_N0_HOA_EPD3,ATC_M3_AL24477,N0,HOA,MONO,3.0,-2.75,-2.75,0.03670546406352786,0.009375510746796429,0.00706761676389162,0.006831894637560372,0.0035887270009565754,0.002270288760282131,0.002287030806301318
task013-183dcffcd1da4f1cb1a219d9eedb39db,CFG_ATC_M3_AL24477_N0_HOA_MONO_EPD3,CAR_ATC_M3_AL24477_N0_HOA_EPD3,ATC_M3_AL24477,N0,HOA,MONO,3.0,-3.0,-3.0,0.03376122641612976,0.02876481724896751,0.003992202296012637,0.005987428938414521,0.003275868344727782,0.001865384198871554,0.0011693846920418547
task013-183dcffcd1da4f1cb1a219d9eedb39db,CFG_ATC_M3_AL24477_N0_HOA_MONO_EPD5,CAR_ATC_M3_AL24477_N0_HOA_EPD5,ATC_M3_AL24477,N0,HOA,MONO,5.0,0.5,0.5,0.07093107169037788,0.093665606765524,0.04122846784956299,0.01837236159337059,0.0006688909881839461,0.0038426877277319142,0.0037513669329403356
task013-183dcffcd1da4f1cb1a219d9eedb39db,CFG_ATC_M3_AL24477_N0_HOA_MONO_EPD5,CAR_ATC_M3_AL24477_N0_HOA_EPD5,ATC_M3_AL24477,N0,HOA,MONO,5.0,0.25,0.25,0.12811383650759806,0.18638277195786657,0.10959596201080292,0.07834152096154115,0.04093371550392322,0.021630294805994498,0.009952526231121911
task013-183dcffcd1da4f1cb1a219d9eedb39db,CFG_ATC_M3_AL24477_N0_HOA_MONO_EPD5,CAR_ATC_M3_AL24477_N0_HOA_EPD5,ATC_M3_AL24477,N0,HOA,MONO,5.0,0.0,0.0,0.23630440819194937,0.3348769588120806,0.24374213832315622,0.18947980480393398,0.14978578946123014,0.11655011795920009,0.0782768139437728
task013-183dcffcd1da4f1cb1a219d9eedb39db,CFG_ATC_M3_AL24477_N0_HOA_MONO_EPD5,CAR_ATC_M3_AL24477_N0_HOA_EPD5,ATC_M3_AL24477,N0,HOA,MONO,5.0,-0.25,-0.25,0.22605429183190942,0.4100189816909987,0.2501322791605473,0.1274320909943094,0.06855371175380923,0.05190258999108227,0.06572672397169678
task013-183dcffcd1da4f1cb1a219d9eedb39db,CFG_ATC_M3_AL24477_N0_HOA_MONO_EPD5,CAR_ATC_M3_AL24477_N0_HOA_EPD5,ATC_M3_AL24477,N0,HOA,MONO,5.0,-0.5,-0.5,0.17304945810988454,0.3810114007321581,0.05799825061155725,0.0026484163700546026,0.035278316178225085,0.06110449543110618,0.0632976735019823
task013-183dcffcd1da4f1cb1a219d9eedb39db,CFG_ATC_M3_AL24477_N0_HOA_MONO_EPD5,CAR_ATC_M3_AL24477_N0_HOA_EPD5,ATC_M3_AL24477,N0,HOA,MONO,5.0,-0.75,-0.75,0.16901071469987572,0.276454384261758,0.04657694782297977,0.1464684672951739,0.03201605079733092,0.013616611465251642,0.02375387250017922
task013-183dcffcd1da4f1cb1a219d9eedb39db,CFG_ATC_M3_AL24477_N0_HOA_MONO_EPD5,CAR_ATC_M3_AL24477_N0_HOA_EPD5,ATC_M3_AL24477,N0,HOA,MONO,5.0,-1.0,-1.0,0.1291674910038082,0.04995046238257593,0.14566434559002933,0.0002574933715152681,0.0732233824424142,0.00754736375283864,0.0024371419759100367
task013-183dcffcd1da4f1cb1a219d9eedb39db,CFG_ATC_M3_AL24477_N0_HOA_MONO_EPD5,CAR_ATC_M3_AL24477_N0_HOA_EPD5,ATC_M3_AL24477,N0,HOA,MONO,5.0,-1.25,-1.25,0.09552552428006761,0.10866668873164463,0.023979877731351396,0.047523042074764314,0.01402066323714717,0.006655773583394062,0.007779307204015673
task013-183dcffcd1da4f1cb1a219d9eedb39db,CFG_ATC_M3_AL24477_N0_HOA_MONO_EPD5,CAR_ATC_M3_AL24477_N0_HOA_EPD5,ATC_M3_AL24477,N0,HOA,MONO,5.0,-1.5,-1.5,0.08616969008369822,0.036836943598171634,0.02458983594324144,0.0053490469030600864,0.024267253288789863,0.01783656135373636,0.017692232870523503
task013-183dcffcd1da4f1cb1a219d9eedb39db,CFG_ATC_M3_AL24477_N0_HOA_MONO_EPD5,CAR_ATC_M3_AL24477_N0_HOA_EPD5,ATC_M3_AL24477,N0,HOA,MONO,5.0,-1.75,-1.75,0.07747565916816755,0.1505269199585374,0.009936257604786381,0.04658862038396532,0.028021659514728604,0.017975302128138724,0.004118697158276963
task013-183dcffcd1da4f1cb1a219d9eedb39db,CFG_ATC_M3_AL24477_N0_HOA_MONO_EPD5,CAR_ATC_M3_AL24477_N0_HOA_EPD5,ATC_M3_AL24477,N0,HOA,MONO,5.0,-2.0,-2.0,0.06691721937906162,0.04203261607723442,0.021101221188902945,0.003773848355146621,0.02206823944586932,0.006355519486687409,0.005451752452797684
task013-183dcffcd1da4f1cb1a219d9eedb39db,CFG_ATC_M3_AL24477_N0_HOA_MONO_EPD5,CAR_ATC_M3_AL24477_N0_HOA_EPD5,ATC_M3_AL24477,N0,HOA,MONO,5.0,-2.25,-2.25,0.059532774452954906,0.10480728376437387,0.032366158787237316,0.032019779517387006,0.015298185881873753,0.004703309750959186,0.0009932526575094382
task013-183dcffcd1da4f1cb1a219d9eedb39db,CFG_ATC_M3_AL24477_N0_HOA_MONO_EPD5,CAR_ATC_M3_AL24477_N0_HOA_EPD5,ATC_M3_AL24477,N0,HOA,MONO,5.0,-2.5,-2.5,0.05060645525459167,0.07281616734959805,0.04070523478204061,0.013836284955318493,0.00847225887627175,0.005313544812397897,0.0036733999188567437
task013-183dcffcd1da4f1cb1a219d9eedb39db,CFG_ATC_M3_AL24477_N0_HOA_MONO_EPD5,CAR_ATC_M3_AL24477_N0_HOA_EPD5,ATC_M3_AL24477,N0,HOA,MONO,5.0,-2.75,-2.75,0.041745250082047464,0.042966783904346495,0.03584159163684683,0.005046592413213135,0.004120414705448248,0.0009261935742635198,0.0023103379604266718
task013-183dcffcd1da4f1cb1a219d9eedb39db,CFG_ATC_M3_AL24477_N0_HOA_MONO_EPD5,CAR_ATC_M3_AL24477_N0_HOA_EPD5,ATC_M3_AL24477,N0,HOA,MONO,5.0,-3.0,-3.0,0.03833496548471653,0.07144385714233362,0.023249627417396092,0.011472885917316676,0.0005882197522501557,0.0035625770035577903,0.00014452457707775157
task013-183dcffcd1da4f1cb1a219d9eedb39db,CFG_ATC_M3_AL24477_N0_HOA_EDOF_EPD3,CAR_ATC_M3_AL24477_N0_HOA_EPD3,ATC_M3_AL24477,N0,HOA,EDOF,3.0,0.5,0.75,0.08771599582614154,0.046903276824601756,0.05233203215808699,0.044436100627154584,0.03691568107148738,0.01801229280673538,0.021629278751347337
task013-183dcffcd1da4f1cb1a219d9eedb39db,CFG_ATC_M3_AL24477_N0_HOA_EDOF_EPD3,CAR_ATC_M3_AL24477_N0_HOA_EPD3,ATC_M3_AL24477,N0,HOA,EDOF,3.0,0.25,0.5,0.06754626777515557,0.0707270314339084,0.020616885690123696,0.008092880996606431,0.007580133374936215,0.0013968918371536003,0.025934529455974076
task013-183dcffcd1da4f1cb1a219d9eedb39db,CFG_ATC_M3_AL24477_N0_HOA_EDOF_EPD3,CAR_ATC_M3_AL24477_N0_HOA_EPD3,ATC_M3_AL24477,N0,HOA,EDOF,3.0,0.0,0.25,0.09178153970072604,0.12295064218070278,0.046837408073535654,0.023580577459797712,0.03665206035828336,0.029072488862231776,0.021401675997731615
task013-183dcffcd1da4f1cb1a219d9eedb39db,CFG_ATC_M3_AL24477_N0_HOA_EDOF_EPD3,CAR_ATC_M3_AL24477_N0_HOA_EPD3,ATC_M3_AL24477,N0,HOA,EDOF,3.0,-0.25,0.0,0.14687957258989198,0.1731636348370305,0.1534892284495694,0.11473064573759059,0.06647011489059959,0.07176244007100915,0.0903385554497055
task013-183dcffcd1da4f1cb1a219d9eedb39db,CFG_ATC_M3_AL24477_N0_HOA_EDOF_EPD3,CAR_ATC_M3_AL24477_N0_HOA_EPD3,ATC_M3_AL24477,N0,HOA,EDOF,3.0,-0.5,-0.25,0.10856961964453335,0.17740851875797026,0.07948993577130446,0.048751238844152334,0.04118420000804547,0.016998393216545525,0.02837445324634913
task013-183dcffcd1da4f1cb1a219d9eedb39db,CFG_ATC_M3_AL24477_N0_HOA_EDOF_EPD3,CAR_ATC_M3_AL24477_N0_HOA_EPD3,ATC_M3_AL24477,N0,HOA,EDOF,3.0,-0.75,-0.5,0.08079150530845292,0.1212916776854648,0.02358611856062453,0.011948746403495063,0.04379997442160539,0.009384766496571183,0.001654995133932787
task013-183dcffcd1da4f1cb1a219d9eedb39db,CFG_ATC_M3_AL24477_N0_HOA_EDOF_EPD3,CAR_ATC_M3_AL24477_N0_HOA_EPD3,ATC_M3_AL24477,N0,HOA,EDOF,3.0,-1.0,-0.75,0.08266388681338391,0.04083442818786892,0.04204701028848642,0.04593461279983794,0.0558116089999496,0.026255669958588804,0.042037069247961883
task013-183dcffcd1da4f1cb1a219d9eedb39db,CFG_ATC_M3_AL24477_N0_HOA_EDOF_EPD3,CAR_ATC_M3_AL24477_N0_HOA_EPD3,ATC_M3_AL24477,N0,HOA,EDOF,3.0,-1.25,-1.0,0.06612413232937348,0.005479172855011245,0.07875357164347926,0.016189557039372707,0.027007591832359748,0.028206582285842302,0.01934416675360029
task013-183dcffcd1da4f1cb1a219d9eedb39db,CFG_ATC_M3_AL24477_N0_HOA_EDOF_EPD3,CAR_ATC_M3_AL24477_N0_HOA_EPD3,ATC_M3_AL24477,N0,HOA,EDOF,3.0,-1.5,-1.25,0.05743179576425488,0.009075836998103845,0.01246726165796861,0.020504425213691696,0.016822153381159968,0.016610553374832866,0.005353666030516508
task013-183dcffcd1da4f1cb1a219d9eedb39db,CFG_ATC_M3_AL24477_N0_HOA_EDOF_EPD3,CAR_ATC_M3_AL24477_N0_HOA_EPD3,ATC_M3_AL24477,N0,HOA,EDOF,3.0,-1.75,-1.5,0.04711391934527251,0.053356598798324134,0.013859114880770799,0.009658878203516479,0.0009338711333326366,0.004367337254277914,0.015103215269263807
task013-183dcffcd1da4f1cb1a219d9eedb39db,CFG_ATC_M3_AL24477_N0_HOA_EDOF_EPD3,CAR_ATC_M3_AL24477_N0_HOA_EPD3,ATC_M3_AL24477,N0,HOA,EDOF,3.0,-2.0,-1.75,0.04075812477630728,0.07058899083773142,0.021383714632430613,0.009346652491839535,0.0031622327897655395,0.013781284922970125,0.0006053076180801472
task013-183dcffcd1da4f1cb1a219d9eedb39db,CFG_ATC_M3_AL24477_N0_HOA_EDOF_EPD3,CAR_ATC_M3_AL24477_N0_HOA_EPD3,ATC_M3_AL24477,N0,HOA,EDOF,3.0,-2.25,-2.0,0.043887812268447374,0.038237196173336485,0.00022039530711228858,0.030723566778303957,0.004095841642932202,0.004677981966787087,0.01522786805613427
task013-183dcffcd1da4f1cb1a219d9eedb39db,CFG_ATC_M3_AL24477_N0_HOA_EDOF_EPD3,CAR_ATC_M3_AL24477_N0_HOA_EPD3,ATC_M3_AL24477,N0,HOA,EDOF,3.0,-2.5,-2.25,0.04429196748939367,0.008414670400410568,0.044273545330692166,0.016332321800887555,0.0016422455132435263,0.040629688801618685,0.004218572384494747
task013-183dcffcd1da4f1cb1a219d9eedb39db,CFG_ATC_M3_AL24477_N0_HOA_EDOF_EPD3,CAR_ATC_M3_AL24477_N0_HOA_EPD3,ATC_M3_AL24477,N0,HOA,EDOF,3.0,-2.75,-2.5,0.040041148268108374,0.016695779678418503,0.03879656390459493,0.016978432002994474,0.017579080104266016,0.0029226549404933336,0.009200983185031902
task013-183dcffcd1da4f1cb1a219d9eedb39db,CFG_ATC_M3_AL24477_N0_HOA_EDOF_EPD3,CAR_ATC_M3_AL24477_N0_HOA_EPD3,ATC_M3_AL24477,N0,HOA,EDOF,3.0,-3.0,-2.75,0.03346799358746418,0.02271435434784272,0.024512897145009004,0.0017881169623247407,0.0010913065512939476,0.01128364401009603,0.0018634928965821948
task013-183dcffcd1da4f1cb1a219d9eedb39db,CFG_ATC_M3_AL24477_N0_HOA_EDOF_EPD5,CAR_ATC_M3_AL24477_N0_HOA_EPD5,ATC_M3_AL24477,N0,HOA,EDOF,5.0,0.5,1.0,0.045283083421200174,0.030357495512747024,0.0035819787830433537,0.0010255956035600247,0.006521705377073365,0.004950832598719067,0.007299378999228207
task013-183dcffcd1da4f1cb1a219d9eedb39db,CFG_ATC_M3_AL24477_N0_HOA_EDOF_EPD5,CAR_ATC_M3_AL24477_N0_HOA_EPD5,ATC_M3_AL24477,N0,HOA,EDOF,5.0,0.25,0.75,0.048278979820255294,0.033786761987336884,0.005180161118296191,0.016402193255565377,0.012651345450155461,0.011792661639568214,0.002152800990341888
task013-183dcffcd1da4f1cb1a219d9eedb39db,CFG_ATC_M3_AL24477_N0_HOA_EDOF_EPD5,CAR_ATC_M3_AL24477_N0_HOA_EPD5,ATC_M3_AL24477,N0,HOA,EDOF,5.0,0.0,0.5,0.0666167806847363,0.08010626159961359,0.005304906853037284,0.006133083806314285,0.002118825191063408,0.0037240324179535363,0.00029743434778322004
task013-183dcffcd1da4f1cb1a219d9eedb39db,CFG_ATC_M3_AL24477_N0_HOA_EDOF_EPD5,CAR_ATC_M3_AL24477_N0_HOA_EPD5,ATC_M3_AL24477,N0,HOA,EDOF,5.0,-0.25,0.25,0.14807842923898865,0.21231509155940592,0.13065765735263526,0.0663336388957399,0.0584696055901407,0.046595003085778644,0.05150333712899888
task013-183dcffcd1da4f1cb1a219d9eedb39db,CFG_ATC_M3_AL24477_N0_HOA_EDOF_EPD5,CAR_ATC_M3_AL24477_N0_HOA_EPD5,ATC_M3_AL24477,N0,HOA,EDOF,5.0,-0.5,0.0,0.19619774664930584,0.30145066882648036,0.1898926723846951,0.13671236491602123,0.04908075201447085,0.05799475432377295,0.05146752404595993
task013-183dcffcd1da4f1cb1a219d9eedb39db,CFG_ATC_M3_AL24477_N0_HOA_EDOF_EPD5,CAR_ATC_M3_AL24477_N0_HOA_EPD5,ATC_M3_AL24477,N0,HOA,EDOF,5.0,-0.75,-0.25,0.14738439684921076,0.30586814990974676,0.036067934786125466,0.05110969688796291,0.018259542676867527,0.017261164976020357,0.03140029710065939
task013-183dcffcd1da4f1cb1a219d9eedb39db,CFG_ATC_M3_AL24477_N0_HOA_EDOF_EPD5,CAR_ATC_M3_AL24477_N0_HOA_EPD5,ATC_M3_AL24477,N0,HOA,EDOF,5.0,-1.0,-0.5,0.13282458880737735,0.12247791800733945,0.10470001494967926,0.05766408338410245,0.028484846569427943,0.034603945363099256,0.03917329569872538
task013-183dcffcd1da4f1cb1a219d9eedb39db,CFG_ATC_M3_AL24477_N0_HOA_EDOF_EPD5,CAR_ATC_M3_AL24477_N0_HOA_EPD5,ATC_M3_AL24477,N0,HOA,EDOF,5.0,-1.25,-0.75,0.08795756891741127,0.06045989237338345,0.05074268345402022,0.062437438712844434,0.009494193879409252,0.02301459653021687,0.002798999489043801
task013-183dcffcd1da4f1cb1a219d9eedb39db,CFG_ATC_M3_AL24477_N0_HOA_EDOF_EPD5,CAR_ATC_M3_AL24477_N0_HOA_EPD5,ATC_M3_AL24477,N0,HOA,EDOF,5.0,-1.5,-1.0,0.07030727914685436,0.041382574979018025,0.015157851510765527,0.02153115665002181,0.00308434364472353,0.01540126886651057,0.008892947541432142
task013-183dcffcd1da4f1cb1a219d9eedb39db,CFG_ATC_M3_AL24477_N0_HOA_EDOF_EPD5,CAR_ATC_M3_AL24477_N0_HOA_EPD5,ATC_M3_AL24477,N0,HOA,EDOF,5.0,-1.75,-1.25,0.06218843062198417,0.13981884854334678,0.007030796485748716,0.016092623941033293,0.00309758783428024,0.009648942454883618,0.01448710209897366
task013-183dcffcd1da4f1cb1a219d9eedb39db,CFG_ATC_M3_AL24477_N0_HOA_EDOF_EPD5,CAR_ATC_M3_AL24477_N0_HOA_EPD5,ATC_M3_AL24477,N0,HOA,EDOF,5.0,-2.0,-1.5,0.058448619573898505,0.03612493541765822,0.029584338136821577,0.0009750676929336374,0.0038144822388690622,0.00977246856574509,0.005114290078556677
task013-183dcffcd1da4f1cb1a219d9eedb39db,CFG_ATC_M3_AL24477_N0_HOA_EDOF_EPD5,CAR_ATC_M3_AL24477_N0_HOA_EPD5,ATC_M3_AL24477,N0,HOA,EDOF,5.0,-2.25,-1.75,0.05666108027966832,0.08165608615304851,0.03252931108600306,0.03598157112292104,0.0019519850776341893,0.01430190082921546,0.003878204640942309
task013-183dcffcd1da4f1cb1a219d9eedb39db,CFG_ATC_M3_AL24477_N0_HOA_EDOF_EPD5,CAR_ATC_M3_AL24477_N0_HOA_EPD5,ATC_M3_AL24477,N0,HOA,EDOF,5.0,-2.5,-2.0,0.04881986864861709,0.09126553334567356,0.05951026688250711,0.020096203460116063,0.005685973605966229,0.011974969404151832,0.0009119018494928104
task013-183dcffcd1da4f1cb1a219d9eedb39db,CFG_ATC_M3_AL24477_N0_HOA_EDOF_EPD5,CAR_ATC_M3_AL24477_N0_HOA_EPD5,ATC_M3_AL24477,N0,HOA,EDOF,5.0,-2.75,-2.25,0.04298079913432167,0.0434947981763589,0.028156319026104354,0.012828638065055676,0.008044989802862914,0.010918252152171199,0.0025321213408227797
task013-183dcffcd1da4f1cb1a219d9eedb39db,CFG_ATC_M3_AL24477_N0_HOA_EDOF_EPD5,CAR_ATC_M3_AL24477_N0_HOA_EPD5,ATC_M3_AL24477,N0,HOA,EDOF,5.0,-3.0,-2.5,0.04201640816611475,0.0773124782625391,0.025369849395865146,0.011585891685214948,0.010379225942003686,0.004063471420714519,0.0007930038241806915
task013-183dcffcd1da4f1cb1a219d9eedb39db,CFG_ATC_M3_AL24477_N0_RAD_MONO_EPD3,CAR_ATC_M3_AL24477_N0_RAD_EPD3,ATC_M3_AL24477,N0,RAD,MONO,3.0,0.5,0.5,0.15753516047355143,0.3427085738217196,0.049299360044153896,0.05307299244093097,0.017553698343850288,0.008477654638516213,0.013837207249487275
task013-183dcffcd1da4f1cb1a219d9eedb39db,CFG_ATC_M3_AL24477_N0_RAD_MONO_EPD3,CAR_ATC_M3_AL24477_N0_RAD_EPD3,ATC_M3_AL24477,N0,RAD,MONO,3.0,0.25,0.25,0.3042784017145597,0.6885992433667555,0.3498152540739086,0.15511088208691168,0.07249551666169896,0.048226347063338885,0.048698583098524525
task013-183dcffcd1da4f1cb1a219d9eedb39db,CFG_ATC_M3_AL24477_N0_RAD_MONO_EPD3,CAR_ATC_M3_AL24477_N0_RAD_EPD3,ATC_M3_AL24477,N0,RAD,MONO,3.0,0.0,0.0,0.6040006883945412,0.8627776016665556,0.7268836875347722,0.5954550931199438,0.4695351050649755,0.35116484130294745,0.24201514553736664
task013-183dcffcd1da4f1cb1a219d9eedb39db,CFG_ATC_M3_AL24477_N0_RAD_MONO_EPD3,CAR_ATC_M3_AL24477_N0_RAD_EPD3,ATC_M3_AL24477,N0,RAD,MONO,3.0,-0.25,-0.25,0.3668430919197798,0.7438215331025999,0.4384252057679272,0.23733706371153868,0.14042055426319597,0.10492481631216473,0.09484134695574949
task013-183dcffcd1da4f1cb1a219d9eedb39db,CFG_ATC_M3_AL24477_N0_RAD_MONO_EPD3,CAR_ATC_M3_AL24477_N0_RAD_EPD3,ATC_M3_AL24477,N0,RAD,MONO,3.0,-0.5,-0.5,0.17770895734800135,0.40476753805326104,0.03041002358676863,0.06997512548189157,0.037616722493515276,0.02448059301884853,0.021488508813071704
task013-183dcffcd1da4f1cb1a219d9eedb39db,CFG_ATC_M3_AL24477_N0_RAD_MONO_EPD3,CAR_ATC_M3_AL24477_N0_RAD_EPD3,ATC_M3_AL24477,N0,RAD,MONO,3.0,-0.75,-0.75,0.1227662540886195,0.05977272329740208,0.048514540603911485,0.03940542405857613,0.02640265895873999,0.01816301622046843,0.01597018957321523
task013-183dcffcd1da4f1cb1a219d9eedb39db,CFG_ATC_M3_AL24477_N0_RAD_MONO_EPD3,CAR_ATC_M3_AL24477_N0_RAD_EPD3,ATC_M3_AL24477,N0,RAD,MONO,3.0,-1.0,-1.0,0.09129407582312883,0.10739618905611002,0.05115007258774509,0.014342833683910849,0.013915360695398832,0.009423643705544063,0.0065834238259451705
task013-183dcffcd1da4f1cb1a219d9eedb39db,CFG_ATC_M3_AL24477_N0_RAD_MONO_EPD3,CAR_ATC_M3_AL24477_N0_RAD_EPD3,ATC_M3_AL24477,N0,RAD,MONO,3.0,-1.25,-1.25,0.07373807091188232,0.07835787719702071,0.010935213348195187,0.007447120643891605,0.012098200121621262,0.0086947053258843,0.004629324510500546
task013-183dcffcd1da4f1cb1a219d9eedb39db,CFG_ATC_M3_AL24477_N0_RAD_MONO_EPD3,CAR_ATC_M3_AL24477_N0_RAD_EPD3,ATC_M3_AL24477,N0,RAD,MONO,3.0,-1.5,-1.5,0.06099519717082039,0.020587987598128157,0.012866285266423591,0.0007376232958815648,0.008502306849252251,0.004980542232534149,0.0012668068849998751
task013-183dcffcd1da4f1cb1a219d9eedb39db,CFG_ATC_M3_AL24477_N0_RAD_MONO_EPD3,CAR_ATC_M3_AL24477_N0_RAD_EPD3,ATC_M3_AL24477,N0,RAD,MONO,3.0,-1.75,-1.75,0.052419393476359585,0.059794139373504564,0.020799081024817555,0.002499988710089075,0.006697317815721199,0.005829397822808428,0.0012050104710386142
task013-183dcffcd1da4f1cb1a219d9eedb39db,CFG_ATC_M3_AL24477_N0_RAD_MONO_EPD3,CAR_ATC_M3_AL24477_N0_RAD_EPD3,ATC_M3_AL24477,N0,RAD,MONO,3.0,-2.0,-2.0,0.046222524367881275,0.01944952431152468,0.010023439635804189,0.00661626933730975,0.005376870783021261,0.004727497059274741,0.002340452948231738
task013-183dcffcd1da4f1cb1a219d9eedb39db,CFG_ATC_M3_AL24477_N0_RAD_MONO_EPD3,CAR_ATC_M3_AL24477_N0_RAD_EPD3,ATC_M3_AL24477,N0,RAD,MONO,3.0,-2.25,-2.25,0.04066974892004619,0.028797745451496257,0.002442642418231699,0.005218239575400941,0.005899729333336273,0.0034815603208590584,0.002553222058985183
task013-183dcffcd1da4f1cb1a219d9eedb39db,CFG_ATC_M3_AL24477_N0_RAD_MONO_EPD3,CAR_ATC_M3_AL24477_N0_RAD_EPD3,ATC_M3_AL24477,N0,RAD,MONO,3.0,-2.5,-2.5,0.036631098027686874,0.026530980943857047,0.010621153743098542,0.005959164366584807,0.004720710961609093,0.003385603958943754,0.00193420095622027
task013-183dcffcd1da4f1cb1a219d9eedb39db,CFG_ATC_M3_AL24477_N0_RAD_MONO_EPD3,CAR_ATC_M3_AL24477_N0_RAD_EPD3,ATC_M3_AL24477,N0,RAD,MONO,3.0,-2.75,-2.75,0.0338642212531729,0.009038527644017033,0.009507222893696174,0.005809930523963917,0.003591925395140099,0.0023104221751244617,0.001921487652698731
task013-183dcffcd1da4f1cb1a219d9eedb39db,CFG_ATC_M3_AL24477_N0_RAD_MONO_EPD3,CAR_ATC_M3_AL24477_N0_RAD_EPD3,ATC_M3_AL24477,N0,RAD,MONO,3.0,-3.0,-3.0,0.0309907463859074,0.02461953097138201,0.0016965118452672676,0.005859729237562931,0.003144217906026429,0.001778841440421213,0.0006549456313435612
task013-183dcffcd1da4f1cb1a219d9eedb39db,CFG_ATC_M3_AL24477_N0_RAD_MONO_EPD5,CAR_ATC_M3_AL24477_N0_RAD_EPD5,ATC_M3_AL24477,N0,RAD,MONO,5.0,0.5,0.5,0.07198957872131753,0.02451875612365639,0.018340625452829662,0.008143549340464898,0.007718795560830515,0.0051293196196027045,0.005841557965394904
task013-183dcffcd1da4f1cb1a219d9eedb39db,CFG_ATC_M3_AL24477_N0_RAD_MONO_EPD5,CAR_ATC_M3_AL24477_N0_RAD_EPD5,ATC_M3_AL24477,N0,RAD,MONO,5.0,0.25,0.25,0.1259372273802419,0.19036908254839666,0.06544222529947392,0.008860129084436131,0.012614879487976356,0.006312479269951943,0.0012299927781984608
task013-183dcffcd1da4f1cb1a219d9eedb39db,CFG_ATC_M3_AL24477_N0_RAD_MONO_EPD5,CAR_ATC_M3_AL24477_N0_RAD_EPD5,ATC_M3_AL24477,N0,RAD,MONO,5.0,0.0,0.0,0.39261643018319603,0.6626680756561095,0.4212950347190433,0.30738890355633,0.23409681902025178,0.17510021039417684,0.12401932428363684
task013-183dcffcd1da4f1cb1a219d9eedb39db,CFG_ATC_M3_AL24477_N0_RAD_MONO_EPD5,CAR_ATC_M3_AL24477_N0_RAD_EPD5,ATC_M3_AL24477,N0,RAD,MONO,5.0,-0.25,-0.25,0.34948711706221774,0.8086126696038778,0.49789024238669954,0.20523244083646452,0.025163477626792014,0.04200246496808648,0.048999530981664555
task013-183dcffcd1da4f1cb1a219d9eedb39db,CFG_ATC_M3_AL24477_N0_RAD_MONO_EPD5,CAR_ATC_M3_AL24477_N0_RAD_EPD5,ATC_M3_AL24477,N0,RAD,MONO,5.0,-0.5,-0.5,0.17597915884046947,0.2386037053282308,0.16411610532096824,0.1016350781226661,0.04014523740898867,0.040542332613628634,0.025452244796817385
task013-183dcffcd1da4f1cb1a219d9eedb39db,CFG_ATC_M3_AL24477_N0_RAD_MONO_EPD5,CAR_ATC_M3_AL24477_N0_RAD_EPD5,ATC_M3_AL24477,N0,RAD,MONO,5.0,-0.75,-0.75,0.11305508535054322,0.20508499121213622,0.10355251776577869,0.031813090382155115,0.02218160879772208,0.020320059500676335,0.009814643130180293
task013-183dcffcd1da4f1cb1a219d9eedb39db,CFG_ATC_M3_AL24477_N0_RAD_MONO_EPD5,CAR_ATC_M3_AL24477_N0_RAD_EPD5,ATC_M3_AL24477,N0,RAD,MONO,5.0,-1.0,-1.0,0.08165419595099761,0.017183801424222593,0.04168843009039906,0.03435565274049144,0.009085673143752792,0.0017358687236800608,0.006444847643538409
task013-183dcffcd1da4f1cb1a219d9eedb39db,CFG_ATC_M3_AL24477_N0_RAD_MONO_EPD5,CAR_ATC_M3_AL24477_N0_RAD_EPD5,ATC_M3_AL24477,N0,RAD,MONO,5.0,-1.25,-1.25,0.06265825430074703,0.11040392727118171,0.0050914161158976705,0.008898045193064847,9.299757447921002e-05,0.00793275512168743,0.004380321755335204
task013-183dcffcd1da4f1cb1a219d9eedb39db,CFG_ATC_M3_AL24477_N0_RAD_MONO_EPD5,CAR_ATC_M3_AL24477_N0_RAD_EPD5,ATC_M3_AL24477,N0,RAD,MONO,5.0,-1.5,-1.5,0.05011759458243763,0.04626476142745305,0.01737836198882692,0.005647249805870941,0.0029574059887136884,0.0018651889995184004,0.00031585553870903797
task013-183dcffcd1da4f1cb1a219d9eedb39db,CFG_ATC_M3_AL24477_N0_RAD_MONO_EPD5,CAR_ATC_M3_AL24477_N0_RAD_EPD5,ATC_M3_AL24477,N0,RAD,MONO,5.0,-1.75,-1.75,0.042209288867119894,0.028926444910017262,0.020672929055665812,0.009771363804487088,0.003932890895804671,0.002317703637989598,0.0022061529524949474
task013-183dcffcd1da4f1cb1a219d9eedb39db,CFG_ATC_M3_AL24477_N0_RAD_MONO_EPD5,CAR_ATC_M3_AL24477_N0_RAD_EPD5,ATC_M3_AL24477,N0,RAD,MONO,5.0,-2.0,-2.0,0.03580648249982129,0.046351036121069944,0.013475176227759319,0.008151807502345256,0.004677451226529054,0.0010706175015510468,0.001879410860926841
task013-183dcffcd1da4f1cb1a219d9eedb39db,CFG_ATC_M3_AL24477_N0_RAD_MONO_EPD5,CAR_ATC_M3_AL24477_N0_RAD_EPD5,ATC_M3_AL24477,N0,RAD,MONO,5.0,-2.25,-2.25,0.02947632101994937,0.018055057482538828,0.0005447816356406229,0.0032581556281754873,0.001980002557924155,0.0025139415692658883,0.0012491641115847248
task013-183dcffcd1da4f1cb1a219d9eedb39db,CFG_ATC_M3_AL24477_N0_RAD_MONO_EPD5,CAR_ATC_M3_AL24477_N0_RAD_EPD5,ATC_M3_AL24477,N0,RAD,MONO,5.0,-2.5,-2.5,0.026682998851850142,0.012953766934373681,0.008101893412626592,0.0006360621312039577,0.0006471772360442115,0.0004943522521776985,0.0014678917252644809
task013-183dcffcd1da4f1cb1a219d9eedb39db,CFG_ATC_M3_AL24477_N0_RAD_MONO_EPD5,CAR_ATC_M3_AL24477_N0_RAD_EPD5,ATC_M3_AL24477,N0,RAD,MONO,5.0,-2.75,-2.75,0.023387198678210448,0.02026918445748772,0.007610344443190398,0.002518925214556606,0.0012003882373479264,0.0019410938309185333,0.0016749100884590944
task013-183dcffcd1da4f1cb1a219d9eedb39db,CFG_ATC_M3_AL24477_N0_RAD_MONO_EPD5,CAR_ATC_M3_AL24477_N0_RAD_EPD5,ATC_M3_AL24477,N0,RAD,MONO,5.0,-3.0,-3.0,0.01987586235543837,0.007122445890781676,0.0010792883852418756,0.001583879795358057,0.0011925262352375974,0.0008817992022200321,0.0011286897829112937
task013-183dcffcd1da4f1cb1a219d9eedb39db,CFG_ATC_M3_AL24477_N0_RAD_EDOF_EPD3,CAR_ATC_M3_AL24477_N0_RAD_EPD3,ATC_M3_AL24477,N0,RAD,EDOF,3.0,0.5,0.5,0.14175974868075644,0.2937033252597988,0.07085192717346023,0.07241041805994128,0.056904320764207574,0.02986238471417682,0.009577160752696306
task013-183dcffcd1da4f1cb1a219d9eedb39db,CFG_ATC_M3_AL24477_N0_RAD_EDOF_EPD3,CAR_ATC_M3_AL24477_N0_RAD_EPD3,ATC_M3_AL24477,N0,RAD,EDOF,3.0,0.25,0.25,0.1740242613151473,0.3504398452423543,0.16299303741783905,0.032970925283084776,0.03297962787279489,0.06060996387200568,0.0416322631477462
task013-183dcffcd1da4f1cb1a219d9eedb39db,CFG_ATC_M3_AL24477_N0_RAD_EDOF_EPD3,CAR_ATC_M3_AL24477_N0_RAD_EPD3,ATC_M3_AL24477,N0,RAD,EDOF,3.0,0.0,0.0,0.3143965973255788,0.36377716342129196,0.36393850840944364,0.30359623177419287,0.2311950462025413,0.1555683540624356,0.10461196057731206
task013-183dcffcd1da4f1cb1a219d9eedb39db,CFG_ATC_M3_AL24477_N0_RAD_EDOF_EPD3,CAR_ATC_M3_AL24477_N0_RAD_EPD3,ATC_M3_AL24477,N0,RAD,EDOF,3.0,-0.25,-0.25,0.200090759962715,0.33786851253935624,0.2458324835180743,0.12689586312254883,0.050748592769918915,0.006515044884877148,0.025589084802588126
task013-183dcffcd1da4f1cb1a219d9eedb39db,CFG_ATC_M3_AL24477_N0_RAD_EDOF_EPD3,CAR_ATC_M3_AL24477_N0_RAD_EPD3,ATC_M3_AL24477,N0,RAD,EDOF,3.0,-0.5,-0.5,0.14453730401845102,0.28984653398756344,0.012429815418696467,0.007801670615684969,0.03938096337928612,0.013353224717504313,0.0637761447327923
task013-183dcffcd1da4f1cb1a219d9eedb39db,CFG_ATC_M3_AL24477_N0_RAD_EDOF_EPD3,CAR_ATC_M3_AL24477_N0_RAD_EPD3,ATC_M3_AL24477,N0,RAD,EDOF,3.0,-0.75,-0.75,0.18866009888911314,0.2429648665818353,0.06856044988062493,0.11899153048599338,0.12011930134964263,0.12242743406053508,0.015994428610262817
task013-183dcffcd1da4f1cb1a219d9eedb39db,CFG_ATC_M3_AL24477_N0_RAD_EDOF_EPD3,CAR_ATC_M3_AL24477_N0_RAD_EPD3,ATC_M3_AL24477,N0,RAD,EDOF,3.0,-1.0,-1.0,0.15410012678926005,0.2120216080596129,0.12708013258279177,0.010134506485891604,0.00020730056847688216,0.1012591715747928,0.04800851788734717
task013-183dcffcd1da4f1cb1a219d9eedb39db,CFG_ATC_M3_AL24477_N0_RAD_EDOF_EPD3,CAR_ATC_M3_AL24477_N0_RAD_EPD3,ATC_M3_AL24477,N0,RAD,EDOF,3.0,-1.25,-1.25,0.12742096490268923,0.1898790858218974,0.006805757188643844,0.02671992492091853,0.012417402910312202,0.044032058263457956,0.07002258083523341
task013-183dcffcd1da4f1cb1a219d9eedb39db,CFG_ATC_M3_AL24477_N0_RAD_EDOF_EPD3,CAR_ATC_M3_AL24477_N0_RAD_EPD3,ATC_M3_AL24477,N0,RAD,EDOF,3.0,-1.5,-1.5,0.13721360189668097,0.1518963807504729,0.029761941495127335,0.11647053654955575,0.06889637020539768,0.0217704656914881,0.06668992304142266
task013-183dcffcd1da4f1cb1a219d9eedb39db,CFG_ATC_M3_AL24477_N0_RAD_EDOF_EPD3,CAR_ATC_M3_AL24477_N0_RAD_EPD3,ATC_M3_AL24477,N0,RAD,EDOF,3.0,-1.75,-1.75,0.12448826178736577,0.08236863430140468,0.14617775233644836,0.05909994196390024,0.05902322351681445,0.03868392772445116,0.05308913455926601
task013-183dcffcd1da4f1cb1a219d9eedb39db,CFG_ATC_M3_AL24477_N0_RAD_EDOF_EPD3,CAR_ATC_M3_AL24477_N0_RAD_EPD3,ATC_M3_AL24477,N0,RAD,EDOF,3.0,-2.0,-2.0,0.07875992837564189,0.0003350105118023817,0.07897847990114679,0.015535051473763745,0.0016232257518353904,0.01987827514658987,0.031673410478735356
task013-183dcffcd1da4f1cb1a219d9eedb39db,CFG_ATC_M3_AL24477_N0_RAD_EDOF_EPD3,CAR_ATC_M3_AL24477_N0_RAD_EPD3,ATC_M3_AL24477,N0,RAD,EDOF,3.0,-2.25,-2.25,0.06454944101766147,0.04696911640894978,0.041654485477820205,0.0032452418669753616,0.006589530950436237,0.010729992852921637,0.009180661840460761
task013-183dcffcd1da4f1cb1a219d9eedb39db,CFG_ATC_M3_AL24477_N0_RAD_EDOF_EPD3,CAR_ATC_M3_AL24477_N0_RAD_EPD3,ATC_M3_AL24477,N0,RAD,EDOF,3.0,-2.5,-2.5,0.0584314293048478,0.026386950283307554,0.04019433580176679,0.03112666252684112,0.004247138087612282,0.0005836909102780399,0.006926626487685984
task013-183dcffcd1da4f1cb1a219d9eedb39db,CFG_ATC_M3_AL24477_N0_RAD_EDOF_EPD3,CAR_ATC_M3_AL24477_N0_RAD_EPD3,ATC_M3_AL24477,N0,RAD,EDOF,3.0,-2.75,-2.75,0.052742803973189215,0.04179720471204498,0.02255374677088204,0.007920897550707382,0.00650648385619799,0.0036248694421853484,0.00194372991512996
task013-183dcffcd1da4f1cb1a219d9eedb39db,CFG_ATC_M3_AL24477_N0_RAD_EDOF_EPD3,CAR_ATC_M3_AL24477_N0_RAD_EPD3,ATC_M3_AL24477,N0,RAD,EDOF,3.0,-3.0,-3.0,0.04802761156398058,0.09278087118579366,0.04461212859724122,0.002251268351552123,0.002710934568059661,0.00047129046047699916,0.0017349132895848052
task013-183dcffcd1da4f1cb1a219d9eedb39db,CFG_ATC_M3_AL24477_N0_RAD_EDOF_EPD5,CAR_ATC_M3_AL24477_N0_RAD_EPD5,ATC_M3_AL24477,N0,RAD,EDOF,5.0,0.5,0.5,0.08674695803921532,0.006538850942373907,0.02781307210380455,0.06250934665740443,0.014284603419443953,0.01671770199512701,0.018664390705112114
task013-183dcffcd1da4f1cb1a219d9eedb39db,CFG_ATC_M3_AL24477_N0_RAD_EDOF_EPD5,CAR_ATC_M3_AL24477_N0_RAD_EPD5,ATC_M3_AL24477,N0,RAD,EDOF,5.0,0.25,0.25,0.12366882145973175,0.18183994546437326,0.029674056320039208,0.0094250422509674,0.034445240668144333,0.03876534332948564,0.031576218460399146
task013-183dcffcd1da4f1cb1a219d9eedb39db,CFG_ATC_M3_AL24477_N0_RAD_EDOF_EPD5,CAR_ATC_M3_AL24477_N0_RAD_EPD5,ATC_M3_AL24477,N0,RAD,EDOF,5.0,0.0,0.0,0.4110512050924285,0.5920608614622899,0.4117835359709134,0.3284637194660347,0.30049423485984406,0.2566931434110205,0.2143801149046396
task013-183dcffcd1da4f1cb1a219d9eedb39db,CFG_ATC_M3_AL24477_N0_RAD_EDOF_EPD5,CAR_ATC_M3_AL24477_N0_RAD_EPD5,ATC_M3_AL24477,N0,RAD,EDOF,5.0,-0.25,-0.25,0.2227196089529504,0.5514872856852162,0.20862991490536442,0.00480708357755716,0.04865145114850458,0.03318837301498585,0.00849466983663422
task013-183dcffcd1da4f1cb1a219d9eedb39db,CFG_ATC_M3_AL24477_N0_RAD_EDOF_EPD5,CAR_ATC_M3_AL24477_N0_RAD_EPD5,ATC_M3_AL24477,N0,RAD,EDOF,5.0,-0.5,-0.5,0.12314592159441778,0.027465916060080288,0.010097457981826874,0.05408358980465951,0.013297121720385661,0.003573068204163461,0.015720650197044765
task013-183dcffcd1da4f1cb1a219d9eedb39db,CFG_ATC_M3_AL24477_N0_RAD_EDOF_EPD5,CAR_ATC_M3_AL24477_N0_RAD_EPD5,ATC_M3_AL24477,N0,RAD,EDOF,5.0,-0.75,-0.75,0.10605495037638683,0.09379955945854514,0.005060214368689358,0.05973735584676719,0.030419169925932212,0.047397846599705355,0.011918834834794896
task013-183dcffcd1da4f1cb1a219d9eedb39db,CFG_ATC_M3_AL24477_N0_RAD_EDOF_EPD5,CAR_ATC_M3_AL24477_N0_RAD_EPD5,ATC_M3_AL24477,N0,RAD,EDOF,5.0,-1.0,-1.0,0.0842123861672313,0.19676801441210856,0.08697901746603008,0.016923006526764078,0.003739162046424763,0.04017459464888415,0.011709651567009559
task013-183dcffcd1da4f1cb1a219d9eedb39db,CFG_ATC_M3_AL24477_N0_RAD_EDOF_EPD5,CAR_ATC_M3_AL24477_N0_RAD_EPD5,ATC_M3_AL24477,N0,RAD,EDOF,5.0,-1.25,-1.25,0.06877783253681209,0.159482971715693,0.03699373132836366,0.0006041311754996066,0.0009264894549516963,0.010329596700818277,0.025671226708358627
task013-183dcffcd1da4f1cb1a219d9eedb39db,CFG_ATC_M3_AL24477_N0_RAD_EDOF_EPD5,CAR_ATC_M3_AL24477_N0_RAD_EPD5,ATC_M3_AL24477,N0,RAD,EDOF,5.0,-1.5,-1.5,0.0673253785625091,0.0374629740582752,0.053719011105613224,0.028895232978770155,0.023424159242109097,0.0023140197084265024,0.024991358426598297
task013-183dcffcd1da4f1cb1a219d9eedb39db,CFG_ATC_M3_AL24477_N0_RAD_EDOF_EPD5,CAR_ATC_M3_AL24477_N0_RAD_EPD5,ATC_M3_AL24477,N0,RAD,EDOF,5.0,-1.75,-1.75,0.05492894423846407,0.019001141380990294,0.023062920928316362,0.008746659255224477,0.01380262555995184,0.009731032844311724,0.014406577278188991
task013-183dcffcd1da4f1cb1a219d9eedb39db,CFG_ATC_M3_AL24477_N0_RAD_EDOF_EPD5,CAR_ATC_M3_AL24477_N0_RAD_EPD5,ATC_M3_AL24477,N0,RAD,EDOF,5.0,-2.0,-2.0,0.043084986252366085,0.04188825714414704,0.03351391651499285,0.008670933439761077,0.0007205932851714128,0.01222687650448414,0.00964168457384627
task013-183dcffcd1da4f1cb1a219d9eedb39db,CFG_ATC_M3_AL24477_N0_RAD_EDOF_EPD5,CAR_ATC_M3_AL24477_N0_RAD_EPD5,ATC_M3_AL24477,N0,RAD,EDOF,5.0,-2.25,-2.25,0.03476024623290858,0.03883516022703212,0.0034824568820747926,0.007685928088753534,0.0015038917849042712,0.005841336617562995,0.006409342515096731
task013-183dcffcd1da4f1cb1a219d9eedb39db,CFG_ATC_M3_AL24477_N0_RAD_EDOF_EPD5,CAR_ATC_M3_AL24477_N0_RAD_EPD5,ATC_M3_AL24477,N0,RAD,EDOF,5.0,-2.5,-2.5,0.029963077810188938,0.0113334046879805,0.02310003828033286,0.015266285432681333,0.004636589644998514,2.60968357455298e-05,0.0009388702477938461
task013-183dcffcd1da4f1cb1a219d9eedb39db,CFG_ATC_M3_AL24477_N0_RAD_EDOF_EPD5,CAR_ATC_M3_AL24477_N0_RAD_EPD5,ATC_M3_AL24477,N0,RAD,EDOF,5.0,-2.75,-2.75,0.02759050815015944,0.022493985997300184,0.005956812305764027,0.002472492720145973,0.0027787744281352394,0.00022740967534491953,0.0010394301805697122
task013-183dcffcd1da4f1cb1a219d9eedb39db,CFG_ATC_M3_AL24477_N0_RAD_EDOF_EPD5,CAR_ATC_M3_AL24477_N0_RAD_EPD5,ATC_M3_AL24477,N0,RAD,EDOF,5.0,-3.0,-3.0,0.02400490194047877,0.02409914788881469,0.02344898465763008,0.0006489615317907995,0.001437627124391575,0.0011765370969091145,0.0019380593014142453
task013-183dcffcd1da4f1cb1a219d9eedb39db,CFG_ATC_M3_AL24477_N0_WFS_MONO_EPD3,CAR_ATC_M3_AL24477_N0_WFS_EPD3,ATC_M3_AL24477,N0,WFS,MONO,3.0,0.5,0.5,0.1595354302079151,0.36272545635290426,0.01122806189121277,0.043505705147472866,0.023241919994198196,0.014870174788901052,0.016918545133778808
task013-183dcffcd1da4f1cb1a219d9eedb39db,CFG_ATC_M3_AL24477_N0_WFS_MONO_EPD3,CAR_ATC_M3_AL24477_N0_WFS_EPD3,ATC_M3_AL24477,N0,WFS,MONO,3.0,0.25,0.25,0.3339064957158469,0.6966730972976805,0.39203401303500035,0.21055376688416208,0.11598691808353667,0.07228221424962367,0.05613988776230825
task013-183dcffcd1da4f1cb1a219d9eedb39db,CFG_ATC_M3_AL24477_N0_WFS_MONO_EPD3,CAR_ATC_M3_AL24477_N0_WFS_EPD3,ATC_M3_AL24477,N0,WFS,MONO,3.0,0.0,0.0,0.6036001758468228,0.8602660508622026,0.7240861066998628,0.5939452917638192,0.4701578292840654,0.3536790506608756,0.24449324423580837
task013-183dcffcd1da4f1cb1a219d9eedb39db,CFG_ATC_M3_AL24477_N0_WFS_MONO_EPD3,CAR_ATC_M3_AL24477_N0_WFS_EPD3,ATC_M3_AL24477,N0,WFS,MONO,3.0,-0.25,-0.25,0.33547302090455944,0.733602657079368,0.3946624290858193,0.1797469350462336,0.09484125721353932,0.07896453754762855,0.08668712502216183
task013-183dcffcd1da4f1cb1a219d9eedb39db,CFG_ATC_M3_AL24477_N0_WFS_MONO_EPD3,CAR_ATC_M3_AL24477_N0_WFS_EPD3,ATC_M3_AL24477,N0,WFS,MONO,3.0,-0.5,-0.5,0.17468606580146326,0.38803708959104244,0.06500269511432556,0.0748598996053755,0.028056153134333756,0.01654649216155261,0.018748815119541604
task013-183dcffcd1da4f1cb1a219d9eedb39db,CFG_ATC_M3_AL24477_N0_WFS_MONO_EPD3,CAR_ATC_M3_AL24477_N0_WFS_EPD3,ATC_M3_AL24477,N0,WFS,MONO,3.0,-0.75,-0.75,0.12525381511289288,0.03771403538389114,0.050640185644480404,0.046941069246518995,0.02431151458877476,0.015843087733378315,0.016454457345840504
task013-183dcffcd1da4f1cb1a219d9eedb39db,CFG_ATC_M3_AL24477_N0_WFS_MONO_EPD3,CAR_ATC_M3_AL24477_N0_WFS_EPD3,ATC_M3_AL24477,N0,WFS,MONO,3.0,-1.0,-1.0,0.09370618481263274,0.12987466076738705,0.05922036206870137,0.01825572125093132,0.012509214348471716,0.007717723645310509,0.007037295569266935
task013-183dcffcd1da4f1cb1a219d9eedb39db,CFG_ATC_M3_AL24477_N0_WFS_MONO_EPD3,CAR_ATC_M3_AL24477_N0_WFS_EPD3,ATC_M3_AL24477,N0,WFS,MONO,3.0,-1.25,-1.25,0.0757707499817334,0.09310376307382498,0.011973789248821236,0.009882622441938828,0.011440277357549234,0.007715559314836291,0.005450533089099745
task013-183dcffcd1da4f1cb1a219d9eedb39db,CFG_ATC_M3_AL24477_N0_WFS_MONO_EPD3,CAR_ATC_M3_AL24477_N0_WFS_EPD3,ATC_M3_AL24477,N0,WFS,MONO,3.0,-1.5,-1.5,0.06290466846453982,0.018742767771346588,0.015332020082465604,0.000485951978671466,0.007860296466023596,0.004210527752596298,0.0019777640305411403
task013-183dcffcd1da4f1cb1a219d9eedb39db,CFG_ATC_M3_AL24477_N0_WFS_MONO_EPD3,CAR_ATC_M3_AL24477_N0_WFS_EPD3,ATC_M3_AL24477,N0,WFS,MONO,3.0,-1.75,-1.75,0.053932397868456,0.06741940509550529,0.02295471255703316,0.001854281061461369,0.006280312028289643,0.005401357695723403,0.0005708757005011735
task013-183dcffcd1da4f1cb1a219d9eedb39db,CFG_ATC_M3_AL24477_N0_WFS_MONO_EPD3,CAR_ATC_M3_AL24477_N0_WFS_EPD3,ATC_M3_AL24477,N0,WFS,MONO,3.0,-2.0,-2.0,0.047394087292701205,0.026819805245051002,0.009974207745643395,0.0063282745040557425,0.005111607949189673,0.004335507218593714,0.001829277674016955
task013-183dcffcd1da4f1cb1a219d9eedb39db,CFG_ATC_M3_AL24477_N0_WFS_MONO_EPD3,CAR_ATC_M3_AL24477_N0_WFS_EPD3,ATC_M3_AL24477,N0,WFS,MONO,3.0,-2.25,-2.25,0.04183390926115609,0.02868186838485878,0.0037413941739296943,0.005042600101243536,0.005720090140387192,0.0033033417192327107,0.0023375481438470944
task013-183dcffcd1da4f1cb1a219d9eedb39db,CFG_ATC_M3_AL24477_N0_WFS_MONO_EPD3,CAR_ATC_M3_AL24477_N0_WFS_EPD3,ATC_M3_AL24477,N0,WFS,MONO,3.0,-2.5,-2.5,0.03767360378642042,0.031750637563511264,0.011847223092800205,0.006105014134706913,0.004476564043230024,0.003263329150960358,0.001927729446292951
task013-183dcffcd1da4f1cb1a219d9eedb39db,CFG_ATC_M3_AL24477_N0_WFS_MONO_EPD3,CAR_ATC_M3_AL24477_N0_WFS_EPD3,ATC_M3_AL24477,N0,WFS,MONO,3.0,-2.75,-2.75,0.03461978427790155,0.005707458677279584,0.009562094296767711,0.006030483771143098,0.0034747346094899704,0.0023206686243098166,0.002127081771311986
task013-183dcffcd1da4f1cb1a219d9eedb39db,CFG_ATC_M3_AL24477_N0_WFS_MONO_EPD3,CAR_ATC_M3_AL24477_N0_WFS_EPD3,ATC_M3_AL24477,N0,WFS,MONO,3.0,-3.0,-3.0,0.03163794144130578,0.026716661652146503,0.0009047817365051105,0.006053632345611614,0.003094440495272581,0.0018155334188758652,0.0010116284049520449
task013-183dcffcd1da4f1cb1a219d9eedb39db,CFG_ATC_M3_AL24477_N0_WFS_MONO_EPD5,CAR_ATC_M3_AL24477_N0_WFS_EPD5,ATC_M3_AL24477,N0,WFS,MONO,5.0,0.5,0.75,0.06936268687874789,0.08977651099363199,0.01899390808133977,0.004684030923178535,0.005121212748211242,0.0048361238974547055,0.004369122593956472
task013-183dcffcd1da4f1cb1a219d9eedb39db,CFG_ATC_M3_AL24477_N0_WFS_MONO_EPD5,CAR_ATC_M3_AL24477_N0_WFS_EPD5,ATC_M3_AL24477,N0,WFS,MONO,5.0,0.25,0.5,0.1270115316474122,0.18555579034357111,0.07774996477187371,0.03780311135477159,0.026572819622497815,0.010872441826593053,0.001437668225029892
task013-183dcffcd1da4f1cb1a219d9eedb39db,CFG_ATC_M3_AL24477_N0_WFS_MONO_EPD5,CAR_ATC_M3_AL24477_N0_WFS_EPD5,ATC_M3_AL24477,N0,WFS,MONO,5.0,0.0,0.25,0.3356611024771687,0.4424183293251748,0.3204375293537418,0.27924167238665687,0.23279747269206172,0.18711255285402648,0.14132931379413596
task013-183dcffcd1da4f1cb1a219d9eedb39db,CFG_ATC_M3_AL24477_N0_WFS_MONO_EPD5,CAR_ATC_M3_AL24477_N0_WFS_EPD5,ATC_M3_AL24477,N0,WFS,MONO,5.0,-0.25,0.0,0.37374053711330624,0.7296692762902497,0.4599342411439116,0.26855965279644217,0.15623693513530268,0.09933873949187019,0.07523079753897273
task013-183dcffcd1da4f1cb1a219d9eedb39db,CFG_ATC_M3_AL24477_N0_WFS_MONO_EPD5,CAR_ATC_M3_AL24477_N0_WFS_EPD5,ATC_M3_AL24477,N0,WFS,MONO,5.0,-0.5,-0.25,0.21681023482604322,0.4924155983548911,0.051245864552040075,0.011392630880343566,0.130098572856474,0.08893098169332903,0.021411071924844843
task013-183dcffcd1da4f1cb1a219d9eedb39db,CFG_ATC_M3_AL24477_N0_WFS_MONO_EPD5,CAR_ATC_M3_AL24477_N0_WFS_EPD5,ATC_M3_AL24477,N0,WFS,MONO,5.0,-0.75,-0.5,0.14165485682318332,0.09859246704469155,0.0954217960443112,0.04559587934912904,0.025717286596686904,0.02821995797913845,0.021343469769147933
task013-183dcffcd1da4f1cb1a219d9eedb39db,CFG_ATC_M3_AL24477_N0_WFS_MONO_EPD5,CAR_ATC_M3_AL24477_N0_WFS_EPD5,ATC_M3_AL24477,N0,WFS,MONO,5.0,-1.0,-0.75,0.1047154563839315,0.18676253665162884,0.0661494485119724,0.056082318000598014,0.001177702181508688,0.004023528961745416,0.005769877660843686
task013-183dcffcd1da4f1cb1a219d9eedb39db,CFG_ATC_M3_AL24477_N0_WFS_MONO_EPD5,CAR_ATC_M3_AL24477_N0_WFS_EPD5,ATC_M3_AL24477,N0,WFS,MONO,5.0,-1.25,-1.0,0.08013007749853022,0.11124009972813735,0.06598499798595187,0.031823228972126395,0.001542948203755688,0.011659912404183046,0.007655693467915694
task013-183dcffcd1da4f1cb1a219d9eedb39db,CFG_ATC_M3_AL24477_N0_WFS_MONO_EPD5,CAR_ATC_M3_AL24477_N0_WFS_EPD5,ATC_M3_AL24477,N0,WFS,MONO,5.0,-1.5,-1.25,0.06320634690692639,0.06837126374901652,0.05196683773284841,0.005700826486960791,0.00357995105189119,0.0034864521834823583,0.0002602657574223017
task013-183dcffcd1da4f1cb1a219d9eedb39db,CFG_ATC_M3_AL24477_N0_WFS_MONO_EPD5,CAR_ATC_M3_AL24477_N0_WFS_EPD5,ATC_M3_AL24477,N0,WFS,MONO,5.0,-1.75,-1.5,0.05162008616099068,0.09042084529688348,0.03237481851013241,0.014785136530549435,0.0050086829911105924,0.003730236039302621,0.0028559078619106388
task013-183dcffcd1da4f1cb1a219d9eedb39db,CFG_ATC_M3_AL24477_N0_WFS_MONO_EPD5,CAR_ATC_M3_AL24477_N0_WFS_EPD5,ATC_M3_AL24477,N0,WFS,MONO,5.0,-2.0,-1.75,0.04319140380106415,0.012791136562242855,0.00851731868641334,0.011376139321600639,0.005859293103137538,0.0021781633099572546,0.002727201447509054
task013-183dcffcd1da4f1cb1a219d9eedb39db,CFG_ATC_M3_AL24477_N0_WFS_MONO_EPD5,CAR_ATC_M3_AL24477_N0_WFS_EPD5,ATC_M3_AL24477,N0,WFS,MONO,5.0,-2.25,-2.0,0.03577410072573943,0.04416494014498527,0.006858137120967075,0.003198917382851456,0.004269731402894293,0.0018533738272183808,0.0012416846244682515
task013-183dcffcd1da4f1cb1a219d9eedb39db,CFG_ATC_M3_AL24477_N0_WFS_MONO_EPD5,CAR_ATC_M3_AL24477_N0_WFS_EPD5,ATC_M3_AL24477,N0,WFS,MONO,5.0,-2.5,-2.25,0.031131889650993453,0.03770148490462425,0.01346081590925811,0.00148728312469114,0.002068872058766762,0.0014380755078362282,0.001615388834607846
task013-183dcffcd1da4f1cb1a219d9eedb39db,CFG_ATC_M3_AL24477_N0_WFS_MONO_EPD5,CAR_ATC_M3_AL24477_N0_WFS_EPD5,ATC_M3_AL24477,N0,WFS,MONO,5.0,-2.75,-2.5,0.027248900459732717,0.001353352533616626,0.007968303451081241,0.0041110758563233495,0.0003399807801611208,0.0019426778739576349,0.0020799051841619703
task013-183dcffcd1da4f1cb1a219d9eedb39db,CFG_ATC_M3_AL24477_N0_WFS_MONO_EPD5,CAR_ATC_M3_AL24477_N0_WFS_EPD5,ATC_M3_AL24477,N0,WFS,MONO,5.0,-3.0,-2.75,0.023274041122205033,0.01998620333708706,0.0010442868302422336,0.0037298949857029052,0.00106314238078194,0.0018999875485399991,0.000794786411834331
task013-183dcffcd1da4f1cb1a219d9eedb39db,CFG_ATC_M3_AL24477_N0_WFS_EDOF_EPD3,CAR_ATC_M3_AL24477_N0_WFS_EPD3,ATC_M3_AL24477,N0,WFS,EDOF,3.0,0.5,0.5,0.18285621886840525,0.29687196612958444,0.18499707249625263,0.07194590690759545,0.03007663140147325,0.004396420782618496,0.05032723366554738
task013-183dcffcd1da4f1cb1a219d9eedb39db,CFG_ATC_M3_AL24477_N0_WFS_EDOF_EPD3,CAR_ATC_M3_AL24477_N0_WFS_EPD3,ATC_M3_AL24477,N0,WFS,EDOF,3.0,0.25,0.25,0.31092196951476575,0.531558844679123,0.3171229224880273,0.2541199283277167,0.15927156440469098,0.09870476152359271,0.022066501952101608
task013-183dcffcd1da4f1cb1a219d9eedb39db,CFG_ATC_M3_AL24477_N0_WFS_EDOF_EPD3,CAR_ATC_M3_AL24477_N0_WFS_EPD3,ATC_M3_AL24477,N0,WFS,EDOF,3.0,0.0,0.0,0.4459505315329548,0.6979057170726028,0.46561695920716833,0.3625123184914134,0.2895433130399457,0.26306492601804315,0.20753323998998294
task013-183dcffcd1da4f1cb1a219d9eedb39db,CFG_ATC_M3_AL24477_N0_WFS_EDOF_EPD3,CAR_ATC_M3_AL24477_N0_WFS_EPD3,ATC_M3_AL24477,N0,WFS,EDOF,3.0,-0.25,-0.25,0.2524035422757388,0.6476276213802243,0.2459220063114037,0.007472578029473407,0.042625065091294066,0.029087437465693332,0.11799686254433207
task013-183dcffcd1da4f1cb1a219d9eedb39db,CFG_ATC_M3_AL24477_N0_WFS_EDOF_EPD3,CAR_ATC_M3_AL24477_N0_WFS_EPD3,ATC_M3_AL24477,N0,WFS,EDOF,3.0,-0.5,-0.5,0.16970323385969072,0.37387066491102683,0.06782499374930286,0.008981346176305464,0.03704523473586227,0.05180717612490421,0.05203974830018014
task013-183dcffcd1da4f1cb1a219d9eedb39db,CFG_ATC_M3_AL24477_N0_WFS_EDOF_EPD3,CAR_ATC_M3_AL24477_N0_WFS_EPD3,ATC_M3_AL24477,N0,WFS,EDOF,3.0,-0.75,-0.75,0.13388781287383258,0.036671917666432144,0.011303939938406577,0.08676652526174738,0.02167460248589741,0.01861617757398739,0.007175813262253785
task013-183dcffcd1da4f1cb1a219d9eedb39db,CFG_ATC_M3_AL24477_N0_WFS_EDOF_EPD3,CAR_ATC_M3_AL24477_N0_WFS_EPD3,ATC_M3_AL24477,N0,WFS,EDOF,3.0,-1.0,-1.0,0.10154967628493375,0.15957863744843231,0.13897661659643748,0.008617947742785854,0.004361559538635443,0.007125265121654782,0.01408967839636821
task013-183dcffcd1da4f1cb1a219d9eedb39db,CFG_ATC_M3_AL24477_N0_WFS_EDOF_EPD3,CAR_ATC_M3_AL24477_N0_WFS_EPD3,ATC_M3_AL24477,N0,WFS,EDOF,3.0,-1.25,-1.25,0.08480845815085171,0.13141895864653833,0.002684412279735773,0.02067569841103479,0.0012803706458189418,0.004061535838412317,0.008248006117741999
task013-183dcffcd1da4f1cb1a219d9eedb39db,CFG_ATC_M3_AL24477_N0_WFS_EDOF_EPD3,CAR_ATC_M3_AL24477_N0_WFS_EPD3,ATC_M3_AL24477,N0,WFS,EDOF,3.0,-1.5,-1.5,0.07257893958297465,0.027237879590185806,0.04499161714559127,0.002477681861455143,0.002593389246022746,0.0032629755629903813,0.004563938431835738
task013-183dcffcd1da4f1cb1a219d9eedb39db,CFG_ATC_M3_AL24477_N0_WFS_EDOF_EPD3,CAR_ATC_M3_AL24477_N0_WFS_EPD3,ATC_M3_AL24477,N0,WFS,EDOF,3.0,-1.75,-1.75,0.06529812372497885,0.14569285271497504,0.03451564957318427,0.01357293742672934,0.006887481210823642,0.004415817626482482,0.003315424459867292
task013-183dcffcd1da4f1cb1a219d9eedb39db,CFG_ATC_M3_AL24477_N0_WFS_EDOF_EPD3,CAR_ATC_M3_AL24477_N0_WFS_EPD3,ATC_M3_AL24477,N0,WFS,EDOF,3.0,-2.0,-2.0,0.05581606645289586,0.13056461827274296,0.003512217895339336,0.0027451210354517935,0.002379977578711044,0.002704945877179691,0.0011375391408864708
task013-183dcffcd1da4f1cb1a219d9eedb39db,CFG_ATC_M3_AL24477_N0_WFS_EDOF_EPD3,CAR_ATC_M3_AL24477_N0_WFS_EPD3,ATC_M3_AL24477,N0,WFS,EDOF,3.0,-2.25,-2.25,0.04998738307995699,0.02609506765621805,0.025409006108008933,0.002671980224508589,0.004273413290771049,0.0014458189169347536,0.0013741524976513706
task013-183dcffcd1da4f1cb1a219d9eedb39db,CFG_ATC_M3_AL24477_N0_WFS_EDOF_EPD3,CAR_ATC_M3_AL24477_N0_WFS_EPD3,ATC_M3_AL24477,N0,WFS,EDOF,3.0,-2.5,-2.5,0.0442116156974603,0.060209106952082196,0.015912100480907354,0.0041412612431525895,0.0015267159167978834,0.0014215550037855595,0.0016976383978797838
task013-183dcffcd1da4f1cb1a219d9eedb39db,CFG_ATC_M3_AL24477_N0_WFS_EDOF_EPD3,CAR_ATC_M3_AL24477_N0_WFS_EPD3,ATC_M3_AL24477,N0,WFS,EDOF,3.0,-2.75,-2.75,0.039675812754866494,0.0704492860551104,0.006039330927226137,0.006120505100933277,0.0019195250495946847,0.001472766004527498,0.002567798224558997
task013-183dcffcd1da4f1cb1a219d9eedb39db,CFG_ATC_M3_AL24477_N0_WFS_EDOF_EPD3,CAR_ATC_M3_AL24477_N0_WFS_EPD3,ATC_M3_AL24477,N0,WFS,EDOF,3.0,-3.0,-3.0,0.03582572314168743,0.030924897547689897,0.0053803057628267325,0.005621307733485127,0.00132816155379698,0.0018536206748836703,0.0019434769812766393
task013-183dcffcd1da4f1cb1a219d9eedb39db,CFG_ATC_M3_AL24477_N0_WFS_EDOF_EPD5,CAR_ATC_M3_AL24477_N0_WFS_EPD5,ATC_M3_AL24477,N0,WFS,EDOF,5.0,0.5,0.75,0.09056710798347932,0.06504893190714192,0.11235013591427273,0.031099020961657477,0.03533278465394659,0.007208094186613959,0.010047785848829139
task013-183dcffcd1da4f1cb1a219d9eedb39db,CFG_ATC_M3_AL24477_N0_WFS_EDOF_EPD5,CAR_ATC_M3_AL24477_N0_WFS_EPD5,ATC_M3_AL24477,N0,WFS,EDOF,5.0,0.25,0.5,0.12145815258946698,0.12712678873333771,0.05004565326395004,0.0824765203926065,0.03473926054573029,0.011180870815658111,0.011919207185740022
task013-183dcffcd1da4f1cb1a219d9eedb39db,CFG_ATC_M3_AL24477_N0_WFS_EDOF_EPD5,CAR_ATC_M3_AL24477_N0_WFS_EPD5,ATC_M3_AL24477,N0,WFS,EDOF,5.0,0.0,0.25,0.26372678100397284,0.38909804541994836,0.19890464366136903,0.13658404926891993,0.16308450422984616,0.15283795095025365,0.12592482884798048
task013-183dcffcd1da4f1cb1a219d9eedb39db,CFG_ATC_M3_AL24477_N0_WFS_EDOF_EPD5,CAR_ATC_M3_AL24477_N0_WFS_EPD5,ATC_M3_AL24477,N0,WFS,EDOF,5.0,-0.25,0.0,0.38178110557384404,0.7021833659252641,0.4438733255011446,0.2755699430912068,0.18346870159673734,0.13592351675062112,0.12214428282966622
task013-183dcffcd1da4f1cb1a219d9eedb39db,CFG_ATC_M3_AL24477_N0_WFS_EDOF_EPD5,CAR_ATC_M3_AL24477_N0_WFS_EPD5,ATC_M3_AL24477,N0,WFS,EDOF,5.0,-0.5,-0.25,0.20796998372992548,0.4831807449699954,0.06515393657155304,0.03610638129498892,0.10766378452453888,0.06308280764737893,0.00032838526468269497
task013-183dcffcd1da4f1cb1a219d9eedb39db,CFG_ATC_M3_AL24477_N0_WFS_EDOF_EPD5,CAR_ATC_M3_AL24477_N0_WFS_EPD5,ATC_M3_AL24477,N0,WFS,EDOF,5.0,-0.75,-0.5,0.14747893332781603,0.10327690300197592,0.09826542617357517,0.011398992804782463,0.0112442310667253,0.032744919354008035,0.014801506095279065
task013-183dcffcd1da4f1cb1a219d9eedb39db,CFG_ATC_M3_AL24477_N0_WFS_EDOF_EPD5,CAR_ATC_M3_AL24477_N0_WFS_EPD5,ATC_M3_AL24477,N0,WFS,EDOF,5.0,-1.0,-0.75,0.1036930590535811,0.19557125428814004,0.014213724268647494,0.06230574317374729,0.024069552326726664,0.003400620626460759,0.00456849977041849
task013-183dcffcd1da4f1cb1a219d9eedb39db,CFG_ATC_M3_AL24477_N0_WFS_EDOF_EPD5,CAR_ATC_M3_AL24477_N0_WFS_EPD5,ATC_M3_AL24477,N0,WFS,EDOF,5.0,-1.25,-1.0,0.07457924595839624,0.09765728467907928,0.06049867126870483,0.020164146067194848,0.01647255729083483,0.013897669326422538,0.0051945488014621885
task013-183dcffcd1da4f1cb1a219d9eedb39db,CFG_ATC_M3_AL24477_N0_WFS_EDOF_EPD5,CAR_ATC_M3_AL24477_N0_WFS_EPD5,ATC_M3_AL24477,N0,WFS,EDOF,5.0,-1.5,-1.25,0.06248593985026159,0.06711225632067781,0.06245407318431951,0.00841884013754384,0.000627986784906527,0.010518225814425332,0.0031273835146513143
task013-183dcffcd1da4f1cb1a219d9eedb39db,CFG_ATC_M3_AL24477_N0_WFS_EDOF_EPD5,CAR_ATC_M3_AL24477_N0_WFS_EPD5,ATC_M3_AL24477,N0,WFS,EDOF,5.0,-1.75,-1.5,0.05283524035422668,0.06317424477125085,0.0410913811521683,0.015142203727373335,0.005863240238611098,0.0006503146895987499,8.360599117222895e-05
task013-183dcffcd1da4f1cb1a219d9eedb39db,CFG_ATC_M3_AL24477_N0_WFS_EDOF_EPD5,CAR_ATC_M3_AL24477_N0_WFS_EPD5,ATC_M3_AL24477,N0,WFS,EDOF,5.0,-2.0,-1.75,0.043893535738560904,0.05226022677958895,0.011518363120512937,0.010775004253686101,0.00604645512968411,0.00506150238771272,0.002787467784387602
task013-183dcffcd1da4f1cb1a219d9eedb39db,CFG_ATC_M3_AL24477_N0_WFS_EDOF_EPD5,CAR_ATC_M3_AL24477_N0_WFS_EPD5,ATC_M3_AL24477,N0,WFS,EDOF,5.0,-2.25,-2.0,0.03617175578645391,0.06477153587859166,0.010472095255746942,0.007239086047721072,0.003443713850659427,0.0013967771315942696,0.0027437734890762644
task013-183dcffcd1da4f1cb1a219d9eedb39db,CFG_ATC_M3_AL24477_N0_WFS_EDOF_EPD5,CAR_ATC_M3_AL24477_N0_WFS_EPD5,ATC_M3_AL24477,N0,WFS,EDOF,5.0,-2.5,-2.25,0.03151042284238379,0.04569420157824004,0.013091228032253398,0.0035547139972001845,0.0010938841748393217,0.0021835593269915812,0.0006140652980587102
task013-183dcffcd1da4f1cb1a219d9eedb39db,CFG_ATC_M3_AL24477_N0_WFS_EDOF_EPD5,CAR_ATC_M3_AL24477_N0_WFS_EPD5,ATC_M3_AL24477,N0,WFS,EDOF,5.0,-2.75,-2.5,0.027663581380345074,0.023436885484898307,0.006740326811409176,0.002971198271034213,0.00012916063223883606,5.489642078380995e-05,0.002044903601791291
task013-183dcffcd1da4f1cb1a219d9eedb39db,CFG_ATC_M3_AL24477_N0_WFS_EDOF_EPD5,CAR_ATC_M3_AL24477_N0_WFS_EPD5,ATC_M3_AL24477,N0,WFS,EDOF,5.0,-3.0,-2.75,0.02439212801187335,0.0017817216931964707,0.0025948327499470333,0.0038770530874442906,0.0006855985583447305,0.002063326911054963,0.001685041345140376
task013-183dcffcd1da4f1cb1a219d9eedb39db,CFG_LB_AL2395_N0_HOA_MONO_EPD3,CAR_LB_AL2395_N0_HOA_EPD3,LB_AL2395,N0,HOA,MONO,3.0,0.5,0.5,0.15674275040698887,0.36352029530134294,0.06445077624832314,0.007129700361282769,0.007326588069832987,0.012296745387522257,0.015450394830090452
task013-183dcffcd1da4f1cb1a219d9eedb39db,CFG_LB_AL2395_N0_HOA_MONO_EPD3,CAR_LB_AL2395_N0_HOA_EPD3,LB_AL2395,N0,HOA,MONO,3.0,0.25,0.25,0.3520942665632233,0.6681001186680076,0.4096975549549538,0.2643898552554404,0.1652454433173877,0.09307762853620319,0.048399221570501624
task013-183dcffcd1da4f1cb1a219d9eedb39db,CFG_LB_AL2395_N0_HOA_MONO_EPD3,CAR_LB_AL2395_N0_HOA_EPD3,LB_AL2395,N0,HOA,MONO,3.0,0.0,0.0,0.5759545913225055,0.8335347031992033,0.6800969848160858,0.5478923396015941,0.4369176237184415,0.3402662220373063,0.2411147387286644
task013-183dcffcd1da4f1cb1a219d9eedb39db,CFG_LB_AL2395_N0_HOA_MONO_EPD3,CAR_LB_AL2395_N0_HOA_EPD3,LB_AL2395,N0,HOA,MONO,3.0,-0.25,-0.25,0.304853838928807,0.7285099602440717,0.3470944263342118,0.1129465830887987,0.04783309675648657,0.059760550103679776,0.09379927696471135
task013-183dcffcd1da4f1cb1a219d9eedb39db,CFG_LB_AL2395_N0_HOA_MONO_EPD3,CAR_LB_AL2395_N0_HOA_EPD3,LB_AL2395,N0,HOA,MONO,3.0,-0.5,-0.5,0.17299112316480308,0.39389575167148816,0.10205042279687894,0.07259946042080903,0.007474713666302299,0.0027329163700221203,0.013328817736106523
task013-183dcffcd1da4f1cb1a219d9eedb39db,CFG_LB_AL2395_N0_HOA_MONO_EPD3,CAR_LB_AL2395_N0_HOA_EPD3,LB_AL2395,N0,HOA,MONO,3.0,-0.75,-0.75,0.13530444750998927,0.027346440477705496,0.060716720679519796,0.06523550621072856,0.025022332537249895,0.015863790869967424,0.01886172007701644
task013-183dcffcd1da4f1cb1a219d9eedb39db,CFG_LB_AL2395_N0_HOA_MONO_EPD3,CAR_LB_AL2395_N0_HOA_EPD3,LB_AL2395,N0,HOA,MONO,3.0,-1.0,-1.0,0.10219872609737976,0.1672438026392564,0.08226730065725246,0.024399058449333533,0.012534982118313947,0.006385854368193892,0.006833762318831285
task013-183dcffcd1da4f1cb1a219d9eedb39db,CFG_LB_AL2395_N0_HOA_MONO_EPD3,CAR_LB_AL2395_N0_HOA_EPD3,LB_AL2395,N0,HOA,MONO,3.0,-1.25,-1.25,0.08369483208302657,0.13632746669797452,0.0061067086283618875,0.01111680729314539,0.012752940670524652,0.00753904376981804,0.006023637893159169
task013-183dcffcd1da4f1cb1a219d9eedb39db,CFG_LB_AL2395_N0_HOA_MONO_EPD3,CAR_LB_AL2395_N0_HOA_EPD3,LB_AL2395,N0,HOA,MONO,3.0,-1.5,-1.5,0.06899332331323263,0.002141636072584439,0.029970477979492205,0.0019166299341578175,0.008121270970882579,0.0038265202303894774,0.001873034719596568
task013-183dcffcd1da4f1cb1a219d9eedb39db,CFG_LB_AL2395_N0_HOA_MONO_EPD3,CAR_LB_AL2395_N0_HOA_EPD3,LB_AL2395,N0,HOA,MONO,3.0,-1.75,-1.75,0.0592548514748139,0.08625190345023347,0.029036270868427905,0.004806148618234447,0.006861128335816439,0.005564881495996925,0.0003919071448992089
task013-183dcffcd1da4f1cb1a219d9eedb39db,CFG_LB_AL2395_N0_HOA_MONO_EPD3,CAR_LB_AL2395_N0_HOA_EPD3,LB_AL2395,N0,HOA,MONO,3.0,-2.0,-2.0,0.051825590721595864,0.0563339997753385,0.004186167065784899,0.008946967713218424,0.005791240880233918,0.003910661242258818,0.0015656667083996855
task013-183dcffcd1da4f1cb1a219d9eedb39db,CFG_LB_AL2395_N0_HOA_MONO_EPD3,CAR_LB_AL2395_N0_HOA_EPD3,LB_AL2395,N0,HOA,MONO,3.0,-2.25,-2.25,0.045665967733128345,0.019685753229291354,0.012293287668986018,0.006792027124634019,0.006144352218289887,0.00318863409322624,0.002220323203012747
task013-183dcffcd1da4f1cb1a219d9eedb39db,CFG_LB_AL2395_N0_HOA_MONO_EPD3,CAR_LB_AL2395_N0_HOA_EPD3,LB_AL2395,N0,HOA,MONO,3.0,-2.5,-2.5,0.04105002370310813,0.04771410409240576,0.015817493115666482,0.007876837612793838,0.004366449100326986,0.003092794651588906,0.0018977584352173956
task013-183dcffcd1da4f1cb1a219d9eedb39db,CFG_LB_AL2395_N0_HOA_MONO_EPD3,CAR_LB_AL2395_N0_HOA_EPD3,LB_AL2395,N0,HOA,MONO,3.0,-2.75,-2.75,0.03713588194966304,0.011760271311367622,0.006505972496586337,0.006910753452998506,0.003618795268784334,0.002277974474970926,0.0023361539916164744
task013-183dcffcd1da4f1cb1a219d9eedb39db,CFG_LB_AL2395_N0_HOA_MONO_EPD3,CAR_LB_AL2395_N0_HOA_EPD3,LB_AL2395,N0,HOA,MONO,3.0,-3.0,-3.0,0.034061065998059824,0.028491033489078898,0.004785807342187587,0.005936504654521392,0.0032803443719333,0.0018174796454416087,0.0013026649004025043
task013-183dcffcd1da4f1cb1a219d9eedb39db,CFG_LB_AL2395_N0_HOA_MONO_EPD5,CAR_LB_AL2395_N0_HOA_EPD5,LB_AL2395,N0,HOA,MONO,5.0,0.5,0.5,0.071756139231828,0.1038313821360799,0.039914015487438316,0.017131521748626578,0.005647193284867514,0.004361853778273754,0.0004934400027766454
task013-183dcffcd1da4f1cb1a219d9eedb39db,CFG_LB_AL2395_N0_HOA_MONO_EPD5,CAR_LB_AL2395_N0_HOA_EPD5,LB_AL2395,N0,HOA,MONO,5.0,0.25,0.25,0.13024847203675197,0.1825560457943004,0.11531749202291239,0.07675150508726916,0.048033509612937716,0.028083378796265435,0.01363025108676571
task013-183dcffcd1da4f1cb1a219d9eedb39db,CFG_LB_AL2395_N0_HOA_MONO_EPD5,CAR_LB_AL2395_N0_HOA_EPD5,LB_AL2395,N0,HOA,MONO,5.0,0.0,0.0,0.23307946937511448,0.3210896840600373,0.2400503214782725,0.1810888162401688,0.15177654837415094,0.12267337973334069,0.08551596650079053
task013-183dcffcd1da4f1cb1a219d9eedb39db,CFG_LB_AL2395_N0_HOA_MONO_EPD5,CAR_LB_AL2395_N0_HOA_EPD5,LB_AL2395,N0,HOA,MONO,5.0,-0.25,-0.25,0.21884226408533286,0.4056202325636158,0.22829513283648314,0.12411284566928481,0.07234317673366553,0.055621468990809386,0.06612988429642114
task013-183dcffcd1da4f1cb1a219d9eedb39db,CFG_LB_AL2395_N0_HOA_MONO_EPD5,CAR_LB_AL2395_N0_HOA_EPD5,LB_AL2395,N0,HOA,MONO,5.0,-0.5,-0.5,0.17404307519522647,0.3589253143082506,0.07027650257672366,0.01435310539464018,0.049466911510254626,0.062383116019725564,0.06014313239230756
task013-183dcffcd1da4f1cb1a219d9eedb39db,CFG_LB_AL2395_N0_HOA_MONO_EPD5,CAR_LB_AL2395_N0_HOA_EPD5,LB_AL2395,N0,HOA,MONO,5.0,-0.75,-0.75,0.15211866764653753,0.24903784466476236,0.015558760829048711,0.12310012906236562,0.03177644161041,0.0002820236628388208,0.012551823958847923
task013-183dcffcd1da4f1cb1a219d9eedb39db,CFG_LB_AL2395_N0_HOA_MONO_EPD5,CAR_LB_AL2395_N0_HOA_EPD5,LB_AL2395,N0,HOA,MONO,5.0,-1.0,-1.0,0.1423261220739012,0.0804580756320577,0.17065151953196886,0.003440138012003522,0.08319107405834318,0.024630543350357238,0.0017348743428863657
task013-183dcffcd1da4f1cb1a219d9eedb39db,CFG_LB_AL2395_N0_HOA_MONO_EPD5,CAR_LB_AL2395_N0_HOA_EPD5,LB_AL2395,N0,HOA,MONO,5.0,-1.25,-1.25,0.09648966263301315,0.06933706531391519,0.012186979021725837,0.05520813004516417,0.005631677620329662,0.018557634448306094,0.008297179838609893
task013-183dcffcd1da4f1cb1a219d9eedb39db,CFG_LB_AL2395_N0_HOA_MONO_EPD5,CAR_LB_AL2395_N0_HOA_EPD5,LB_AL2395,N0,HOA,MONO,5.0,-1.5,-1.5,0.08288052875105029,0.01277852811434499,0.011741951445528084,0.010495596043626914,0.0325972884945923,0.0027231573015200745,0.008082496438312454
task013-183dcffcd1da4f1cb1a219d9eedb39db,CFG_LB_AL2395_N0_HOA_MONO_EPD5,CAR_LB_AL2395_N0_HOA_EPD5,LB_AL2395,N0,HOA,MONO,5.0,-1.75,-1.75,0.07600082838754257,0.14532901827541075,0.01910960221599021,0.03020400704179116,0.028773158107719233,0.010459676043921467,0.013395736681890931
task013-183dcffcd1da4f1cb1a219d9eedb39db,CFG_LB_AL2395_N0_HOA_MONO_EPD5,CAR_LB_AL2395_N0_HOA_EPD5,LB_AL2395,N0,HOA,MONO,5.0,-2.0,-2.0,0.06816330341456547,0.0005709665721924852,0.014382795159143992,0.0332753303902746,0.02092120193818047,0.013608309175007155,0.0006790780518801513
task013-183dcffcd1da4f1cb1a219d9eedb39db,CFG_LB_AL2395_N0_HOA_MONO_EPD5,CAR_LB_AL2395_N0_HOA_EPD5,LB_AL2395,N0,HOA,MONO,5.0,-2.25,-2.25,0.061453634523995444,0.12046087822439332,0.0026974177403477962,0.027366250001447497,0.014931303548879586,0.006089664150331328,0.004421292331090871
task013-183dcffcd1da4f1cb1a219d9eedb39db,CFG_LB_AL2395_N0_HOA_MONO_EPD5,CAR_LB_AL2395_N0_HOA_EPD5,LB_AL2395,N0,HOA,MONO,5.0,-2.5,-2.5,0.05345171385295247,0.0417181355279243,0.01627047239587373,0.008336545041509751,0.010921855525479552,0.0040323008937975385,0.00334695424710598
task013-183dcffcd1da4f1cb1a219d9eedb39db,CFG_LB_AL2395_N0_HOA_MONO_EPD5,CAR_LB_AL2395_N0_HOA_EPD5,LB_AL2395,N0,HOA,MONO,5.0,-2.75,-2.75,0.04467529329247946,0.07572952542768055,0.02873117310537266,0.01903418932078738,0.010077594530498401,0.0040938032903685955,0.000470727380089859
task013-183dcffcd1da4f1cb1a219d9eedb39db,CFG_LB_AL2395_N0_HOA_MONO_EPD5,CAR_LB_AL2395_N0_HOA_EPD5,LB_AL2395,N0,HOA,MONO,5.0,-3.0,-3.0,0.04110633640946659,0.06528686598419328,0.032819250523614486,0.010950390590524718,0.006584878472127206,0.0004717574542412246,0.0024413754779586566
task013-183dcffcd1da4f1cb1a219d9eedb39db,CFG_LB_AL2395_N0_HOA_EDOF_EPD3,CAR_LB_AL2395_N0_HOA_EPD3,LB_AL2395,N0,HOA,EDOF,3.0,0.5,0.75,0.08715194171120376,0.046567776102674555,0.05047237317412972,0.04315966240574266,0.036122314082077264,0.0179897439087604,0.021190949296841545
task013-183dcffcd1da4f1cb1a219d9eedb39db,CFG_LB_AL2395_N0_HOA_EDOF_EPD3,CAR_LB_AL2395_N0_HOA_EPD3,LB_AL2395,N0,HOA,EDOF,3.0,0.25,0.5,0.0672592582284473,0.06878845589449012,0.020806826903082623,0.00798295238174998,0.008229692647709043,0.0010645262675113456,0.025658761157379202
task013-183dcffcd1da4f1cb1a219d9eedb39db,CFG_LB_AL2395_N0_HOA_EDOF_EPD3,CAR_LB_AL2395_N0_HOA_EPD3,LB_AL2395,N0,HOA,EDOF,3.0,0.0,0.25,0.09108236807623718,0.12018137258057965,0.04739476457291738,0.023991603575886603,0.03590543802877319,0.02879096187998928,0.021631650559536718
task013-183dcffcd1da4f1cb1a219d9eedb39db,CFG_LB_AL2395_N0_HOA_EDOF_EPD3,CAR_LB_AL2395_N0_HOA_EPD3,LB_AL2395,N0,HOA,EDOF,3.0,-0.25,0.0,0.14611343954369352,0.17143681635552882,0.15192497640165217,0.1143690560370661,0.06561895814724593,0.07108434896021604,0.0898265876087673
task013-183dcffcd1da4f1cb1a219d9eedb39db,CFG_LB_AL2395_N0_HOA_EDOF_EPD3,CAR_LB_AL2395_N0_HOA_EPD3,LB_AL2395,N0,HOA,EDOF,3.0,-0.5,-0.25,0.10858746615570676,0.1780388396859617,0.07822842458228704,0.0478263962056638,0.04156681313993066,0.016565341632120503,0.02766499725779365
task013-183dcffcd1da4f1cb1a219d9eedb39db,CFG_LB_AL2395_N0_HOA_EDOF_EPD3,CAR_LB_AL2395_N0_HOA_EPD3,LB_AL2395,N0,HOA,EDOF,3.0,-0.75,-0.5,0.08160356939964661,0.1238748108831297,0.022131632486931355,0.012710176458520192,0.044449380429371764,0.008624516156799215,0.0016828304103773271
task013-183dcffcd1da4f1cb1a219d9eedb39db,CFG_LB_AL2395_N0_HOA_EDOF_EPD3,CAR_LB_AL2395_N0_HOA_EPD3,LB_AL2395,N0,HOA,EDOF,3.0,-1.0,-0.75,0.08464366264560366,0.043519966644373534,0.04459134141095035,0.04807551926102577,0.0571062374023196,0.02761623246187578,0.042582466666607297
task013-183dcffcd1da4f1cb1a219d9eedb39db,CFG_LB_AL2395_N0_HOA_EDOF_EPD3,CAR_LB_AL2395_N0_HOA_EPD3,LB_AL2395,N0,HOA,EDOF,3.0,-1.25,-1.0,0.06659582261826964,0.004459845262018047,0.08057902486946877,0.016049747630910317,0.027544510704006635,0.028362164213595394,0.01892309208156897
task013-183dcffcd1da4f1cb1a219d9eedb39db,CFG_LB_AL2395_N0_HOA_EDOF_EPD3,CAR_LB_AL2395_N0_HOA_EPD3,LB_AL2395,N0,HOA,EDOF,3.0,-1.5,-1.25,0.05682845781839797,0.008233356437160392,0.011401459169957603,0.01942534627534552,0.016091170545479157,0.01597440976804966,0.005027455007503169
task013-183dcffcd1da4f1cb1a219d9eedb39db,CFG_LB_AL2395_N0_HOA_EDOF_EPD3,CAR_LB_AL2395_N0_HOA_EPD3,LB_AL2395,N0,HOA,EDOF,3.0,-1.75,-1.5,0.04694208356891043,0.052138193887813655,0.011537626002458147,0.009515776007412588,0.0007396914054538586,0.0052097639965274015,0.016074056992240352
task013-183dcffcd1da4f1cb1a219d9eedb39db,CFG_LB_AL2395_N0_HOA_EDOF_EPD3,CAR_LB_AL2395_N0_HOA_EPD3,LB_AL2395,N0,HOA,EDOF,3.0,-2.0,-1.75,0.040865746938545236,0.07069721529143583,0.02259253998265052,0.009888376894175478,0.003531957651381522,0.0129542054321074,0.0007431017554096486
task013-183dcffcd1da4f1cb1a219d9eedb39db,CFG_LB_AL2395_N0_HOA_EDOF_EPD3,CAR_LB_AL2395_N0_HOA_EPD3,LB_AL2395,N0,HOA,EDOF,3.0,-2.25,-2.0,0.04438270120790069,0.039863975451297176,0.002035233361639817,0.031145715064390837,0.004555272824319151,0.004396958051230724,0.015746548311121725
task013-183dcffcd1da4f1cb1a219d9eedb39db,CFG_LB_AL2395_N0_HOA_EDOF_EPD3,CAR_LB_AL2395_N0_HOA_EPD3,LB_AL2395,N0,HOA,EDOF,3.0,-2.5,-2.25,0.04437999948736692,0.006809405356829074,0.04347988001367644,0.016249245901859687,0.001831026448096614,0.0407723458273928,0.00435700325552112
task013-183dcffcd1da4f1cb1a219d9eedb39db,CFG_LB_AL2395_N0_HOA_EDOF_EPD3,CAR_LB_AL2395_N0_HOA_EPD3,LB_AL2395,N0,HOA,EDOF,3.0,-2.75,-2.5,0.039727180322346504,0.01666912382996199,0.038224365134618354,0.017131832588619347,0.017082225501963325,0.0031548359402575775,0.009029112600904856
task013-183dcffcd1da4f1cb1a219d9eedb39db,CFG_LB_AL2395_N0_HOA_EDOF_EPD3,CAR_LB_AL2395_N0_HOA_EPD3,LB_AL2395,N0,HOA,EDOF,3.0,-3.0,-2.75,0.033585630494415424,0.021519423877708756,0.025594300370385598,0.002018267045795092,0.0009670349553610339,0.012113320623745332,0.0017816481166666675
task013-183dcffcd1da4f1cb1a219d9eedb39db,CFG_LB_AL2395_N0_HOA_EDOF_EPD5,CAR_LB_AL2395_N0_HOA_EPD5,LB_AL2395,N0,HOA,EDOF,5.0,0.5,1.0,0.044609908197632046,0.020872903926449464,0.0034147850566979485,0.001286736714572917,0.005455378620794925,0.005837173068531624,0.0011526292855976044
task013-183dcffcd1da4f1cb1a219d9eedb39db,CFG_LB_AL2395_N0_HOA_EDOF_EPD5,CAR_LB_AL2395_N0_HOA_EPD5,LB_AL2395,N0,HOA,EDOF,5.0,0.25,0.75,0.046563757762683726,0.03745857304717028,0.007821247911921944,0.013997380045369965,0.011055443085935833,0.01118751021183545,0.004502425519119825
task013-183dcffcd1da4f1cb1a219d9eedb39db,CFG_LB_AL2395_N0_HOA_EDOF_EPD5,CAR_LB_AL2395_N0_HOA_EPD5,LB_AL2395,N0,HOA,EDOF,5.0,0.0,0.5,0.06305498868495546,0.06665374991821105,0.0006928505470119731,0.01647125763071266,0.004253766227642477,0.0015834722847400712,0.006410335746420411
task013-183dcffcd1da4f1cb1a219d9eedb39db,CFG_LB_AL2395_N0_HOA_EDOF_EPD5,CAR_LB_AL2395_N0_HOA_EPD5,LB_AL2395,N0,HOA,EDOF,5.0,-0.25,0.25,0.14130992076627855,0.20826518372696878,0.1065546570447008,0.07231040995273728,0.06064832648429543,0.05308478892084871,0.06123308434841193
task013-183dcffcd1da4f1cb1a219d9eedb39db,CFG_LB_AL2395_N0_HOA_EDOF_EPD5,CAR_LB_AL2395_N0_HOA_EPD5,LB_AL2395,N0,HOA,EDOF,5.0,-0.5,0.0,0.1997823765280022,0.2800574936624841,0.2015154425955667,0.14987003157409334,0.0632922108684919,0.07712881782255898,0.056936429790784567
task013-183dcffcd1da4f1cb1a219d9eedb39db,CFG_LB_AL2395_N0_HOA_EDOF_EPD5,CAR_LB_AL2395_N0_HOA_EPD5,LB_AL2395,N0,HOA,EDOF,5.0,-0.75,-0.25,0.13530714283175638,0.2797161141214546,0.01172245691747021,0.020899218220255165,0.023579186990907275,0.028379102017960227,0.023437654482613497
task013-183dcffcd1da4f1cb1a219d9eedb39db,CFG_LB_AL2395_N0_HOA_EDOF_EPD5,CAR_LB_AL2395_N0_HOA_EPD5,LB_AL2395,N0,HOA,EDOF,5.0,-1.0,-0.5,0.1607895702193994,0.15490254957626687,0.12397826736774956,0.07877381188148007,0.0697182482457275,0.07105776516420234,0.06940727206919169
task013-183dcffcd1da4f1cb1a219d9eedb39db,CFG_LB_AL2395_N0_HOA_EDOF_EPD5,CAR_LB_AL2395_N0_HOA_EPD5,LB_AL2395,N0,HOA,EDOF,5.0,-1.25,-0.75,0.1034810584964617,0.019084681309821695,0.0649336756888089,0.05130493925598323,0.041946550638815736,0.04714181763236773,0.03369875529461894
task013-183dcffcd1da4f1cb1a219d9eedb39db,CFG_LB_AL2395_N0_HOA_EDOF_EPD5,CAR_LB_AL2395_N0_HOA_EPD5,LB_AL2395,N0,HOA,EDOF,5.0,-1.5,-1.0,0.0724453553756307,0.01807835440167535,0.0041352277195134315,0.027979577734008446,0.022733302627176898,0.02996293435327601,0.0005795249995586779
task013-183dcffcd1da4f1cb1a219d9eedb39db,CFG_LB_AL2395_N0_HOA_EDOF_EPD5,CAR_LB_AL2395_N0_HOA_EPD5,LB_AL2395,N0,HOA,EDOF,5.0,-1.75,-1.25,0.06043277136597996,0.1335772294159874,0.017603778377799688,0.004014122582604948,0.01713674560596505,0.0031983294788720702,0.011056095121835526
task013-183dcffcd1da4f1cb1a219d9eedb39db,CFG_LB_AL2395_N0_HOA_EDOF_EPD5,CAR_LB_AL2395_N0_HOA_EPD5,LB_AL2395,N0,HOA,EDOF,5.0,-2.0,-1.5,0.05732391303588201,0.004054499732071214,0.0021474607704892856,0.01990882853167938,0.015209066273586168,0.00038487703293485286,0.0034919380141942664
task013-183dcffcd1da4f1cb1a219d9eedb39db,CFG_LB_AL2395_N0_HOA_EDOF_EPD5,CAR_LB_AL2395_N0_HOA_EPD5,LB_AL2395,N0,HOA,EDOF,5.0,-2.25,-1.75,0.05669647484199838,0.09734375632105888,0.0006785799591568077,0.033294850449569716,0.00776206907447018,0.014401582822112659,0.008133452545361469
task013-183dcffcd1da4f1cb1a219d9eedb39db,CFG_LB_AL2395_N0_HOA_EDOF_EPD5,CAR_LB_AL2395_N0_HOA_EPD5,LB_AL2395,N0,HOA,EDOF,5.0,-2.5,-2.0,0.05133290984459733,0.06120817057564794,0.03645878972899985,0.00259962889166888,0.0020797036651899912,0.0042341163821159825,0.004339580965863187
task013-183dcffcd1da4f1cb1a219d9eedb39db,CFG_LB_AL2395_N0_HOA_EDOF_EPD5,CAR_LB_AL2395_N0_HOA_EPD5,LB_AL2395,N0,HOA,EDOF,5.0,-2.75,-2.25,0.043658747045961954,0.07738274445089938,0.022410863285578973,0.0022828952255938427,0.004733515773630421,0.004692813307675004,0.00031123915023792246
task013-183dcffcd1da4f1cb1a219d9eedb39db,CFG_LB_AL2395_N0_HOA_EDOF_EPD5,CAR_LB_AL2395_N0_HOA_EPD5,LB_AL2395,N0,HOA,EDOF,5.0,-3.0,-2.5,0.042771164277968655,0.07106441842485457,0.035234631465486166,0.017546188196835514,0.004100683834985139,0.0020028171783673426,0.002400729801000435
task013-183dcffcd1da4f1cb1a219d9eedb39db,CFG_LB_AL2395_N0_RAD_MONO_EPD3,CAR_LB_AL2395_N0_RAD_EPD3,LB_AL2395,N0,RAD,MONO,3.0,0.5,0.5,0.16230161680545108,0.36382380338514686,0.028205567010572342,0.05275373866921381,0.024446526824383828,0.014464403099713596,0.01699064891982916
task013-183dcffcd1da4f1cb1a219d9eedb39db,CFG_LB_AL2395_N0_RAD_MONO_EPD3,CAR_LB_AL2395_N0_RAD_EPD3,LB_AL2395,N0,RAD,MONO,3.0,0.25,0.25,0.3296292624407192,0.702840531733876,0.3866999663772513,0.19655404973358515,0.10495055222496037,0.06912951358679012,0.059734991714892466
task013-183dcffcd1da4f1cb1a219d9eedb39db,CFG_LB_AL2395_N0_RAD_MONO_EPD3,CAR_LB_AL2395_N0_RAD_EPD3,LB_AL2395,N0,RAD,MONO,3.0,0.0,0.0,0.605920989168968,0.8632060944037148,0.7284382740054949,0.5978825448560023,0.4724717705353094,0.35412448075064185,0.24427771866234835
task013-183dcffcd1da4f1cb1a219d9eedb39db,CFG_LB_AL2395_N0_RAD_MONO_EPD3,CAR_LB_AL2395_N0_RAD_EPD3,LB_AL2395,N0,RAD,MONO,3.0,-0.25,-0.25,0.340278567147909,0.7302847214113287,0.401343834268896,0.19377787251456252,0.10517739926690316,0.08172568728803913,0.08289723711577424
task013-183dcffcd1da4f1cb1a219d9eedb39db,CFG_LB_AL2395_N0_RAD_MONO_EPD3,CAR_LB_AL2395_N0_RAD_EPD3,LB_AL2395,N0,RAD,MONO,3.0,-0.5,-0.5,0.172993296398626,0.3840760161623829,0.05319334253652151,0.07060832689375048,0.030161750908023355,0.0185342723026335,0.019590627677436585
task013-183dcffcd1da4f1cb1a219d9eedb39db,CFG_LB_AL2395_N0_RAD_MONO_EPD3,CAR_LB_AL2395_N0_RAD_EPD3,LB_AL2395,N0,RAD,MONO,3.0,-0.75,-0.75,0.12213975284914162,0.041127704043339354,0.044151765657897725,0.04314743932788781,0.023591569983662092,0.015657056791661843,0.01608731812097994
task013-183dcffcd1da4f1cb1a219d9eedb39db,CFG_LB_AL2395_N0_RAD_MONO_EPD3,CAR_LB_AL2395_N0_RAD_EPD3,LB_AL2395,N0,RAD,MONO,3.0,-1.0,-1.0,0.09132132111495615,0.11803032255615951,0.05395702492638688,0.01749703800890685,0.01228239641336446,0.007849427557488471,0.007164407069834605
task013-183dcffcd1da4f1cb1a219d9eedb39db,CFG_LB_AL2395_N0_RAD_MONO_EPD3,CAR_LB_AL2395_N0_RAD_EPD3,LB_AL2395,N0,RAD,MONO,3.0,-1.25,-1.25,0.07386151526484871,0.08071998414241494,0.013669905547372211,0.009968867476650614,0.01108646068504523,0.007705093669476553,0.005437062864398473
task013-183dcffcd1da4f1cb1a219d9eedb39db,CFG_LB_AL2395_N0_RAD_MONO_EPD3,CAR_LB_AL2395_N0_RAD_EPD3,LB_AL2395,N0,RAD,MONO,3.0,-1.5,-1.5,0.061381045915213456,0.022793610967319484,0.011958142801634902,0.0011225891786437717,0.007780301129193529,0.004239157524079319,0.0021418963540153985
task013-183dcffcd1da4f1cb1a219d9eedb39db,CFG_LB_AL2395_N0_RAD_MONO_EPD3,CAR_LB_AL2395_N0_RAD_EPD3,LB_AL2395,N0,RAD,MONO,3.0,-1.75,-1.75,0.052630305107696944,0.06242862985504035,0.02132834574048324,0.0011636986015414444,0.0061764644364787225,0.005304426912612516,0.00046051319038128275
task013-183dcffcd1da4f1cb1a219d9eedb39db,CFG_LB_AL2395_N0_RAD_MONO_EPD3,CAR_LB_AL2395_N0_RAD_EPD3,LB_AL2395,N0,RAD,MONO,3.0,-2.0,-2.0,0.046486453512260335,0.02031842113383208,0.010857194560464864,0.005747031592333065,0.0049493686011379346,0.004404467173313424,0.001777927715
task013-183dcffcd1da4f1cb1a219d9eedb39db,CFG_LB_AL2395_N0_RAD_MONO_EPD3,CAR_LB_AL2395_N0_RAD_EPD3,LB_AL2395,N0,RAD,MONO,3.0,-2.25,-2.25,0.04087765639361316,0.029652522180765115,0.0019843388571975664,0.004702307640869113,0.005607481282780294,0.003320514443513304,0.0023313973899631254
task013-183dcffcd1da4f1cb1a219d9eedb39db,CFG_LB_AL2395_N0_RAD_MONO_EPD3,CAR_LB_AL2395_N0_RAD_EPD3,LB_AL2395,N0,RAD,MONO,3.0,-2.5,-2.5,0.036912833082640914,0.027793091653874884,0.010696284058174188,0.005726066910989788,0.0045122387898027085,0.003278872001325088,0.001907900133624272
task013-183dcffcd1da4f1cb1a219d9eedb39db,CFG_LB_AL2395_N0_RAD_MONO_EPD3,CAR_LB_AL2395_N0_RAD_EPD3,LB_AL2395,N0,RAD,MONO,3.0,-2.75,-2.75,0.034114720486394585,0.008678786826483978,0.009785831428178678,0.005786103760033599,0.003490707560447008,0.002377494311176988,0.002119203362294074
task013-183dcffcd1da4f1cb1a219d9eedb39db,CFG_LB_AL2395_N0_RAD_MONO_EPD3,CAR_LB_AL2395_N0_RAD_EPD3,LB_AL2395,N0,RAD,MONO,3.0,-3.0,-3.0,0.0311843959708723,0.025399588099362925,0.001890213202854634,0.006005915646831792,0.0030320842674818257,0.0017647292067657014,0.0011089387618726837
task013-183dcffcd1da4f1cb1a219d9eedb39db,CFG_LB_AL2395_N0_RAD_MONO_EPD5,CAR_LB_AL2395_N0_RAD_EPD5,LB_AL2395,N0,RAD,MONO,5.0,0.5,0.5,0.07107156510078223,0.061521691733046176,0.005281209858950914,0.0021146497272114236,0.001087056969415026,0.005884785802260451,0.00015910348088178576
task013-183dcffcd1da4f1cb1a219d9eedb39db,CFG_LB_AL2395_N0_RAD_MONO_EPD5,CAR_LB_AL2395_N0_RAD_EPD5,LB_AL2395,N0,RAD,MONO,5.0,0.25,0.25,0.12639328101659497,0.1853145696852009,0.08805602695891471,0.011105199260320022,0.0026937667036353785,0.008620364067286414,0.010147431698575458
task013-183dcffcd1da4f1cb1a219d9eedb39db,CFG_LB_AL2395_N0_RAD_MONO_EPD5,CAR_LB_AL2395_N0_RAD_EPD5,LB_AL2395,N0,RAD,MONO,5.0,0.0,0.0,0.3694596874861748,0.5749931217109507,0.3621687474724858,0.28972850236031267,0.23880938043983135,0.19012540822875773,0.14175730435490083
task013-183dcffcd1da4f1cb1a219d9eedb39db,CFG_LB_AL2395_N0_RAD_MONO_EPD5,CAR_LB_AL2395_N0_RAD_EPD5,LB_AL2395,N0,RAD,MONO,5.0,-0.25,-0.25,0.36436159006116403,0.7964312908383447,0.5153521811572425,0.26548069774327543,0.09841191671970839,0.016431898012465418,0.008515008609343355
task013-183dcffcd1da4f1cb1a219d9eedb39db,CFG_LB_AL2395_N0_RAD_MONO_EPD5,CAR_LB_AL2395_N0_RAD_EPD5,LB_AL2395,N0,RAD,MONO,5.0,-0.5,-0.5,0.189264031933251,0.3326721593153172,0.16635355506309837,0.06946237936142757,0.09379168058006997,0.01772803354711837,0.03511057260685169
task013-183dcffcd1da4f1cb1a219d9eedb39db,CFG_LB_AL2395_N0_RAD_MONO_EPD5,CAR_LB_AL2395_N0_RAD_EPD5,LB_AL2395,N0,RAD,MONO,5.0,-0.75,-0.75,0.12519632447448836,0.19537628323406667,0.13714546604701877,0.07085911421294064,0.05122867075332828,0.025117605970706097,0.0026605031803672665
task013-183dcffcd1da4f1cb1a219d9eedb39db,CFG_LB_AL2395_N0_RAD_MONO_EPD5,CAR_LB_AL2395_N0_RAD_EPD5,LB_AL2395,N0,RAD,MONO,5.0,-1.0,-1.0,0.0905696538402734,0.0793594011915202,0.0807580988036466,0.022842712365220688,0.026966722227314763,0.011390927872175077,0.011472739318292374
task013-183dcffcd1da4f1cb1a219d9eedb39db,CFG_LB_AL2395_N0_RAD_MONO_EPD5,CAR_LB_AL2395_N0_RAD_EPD5,LB_AL2395,N0,RAD,MONO,5.0,-1.25,-1.25,0.06836884697420022,0.13192853718452205,0.04340284474185126,0.015298872533880787,0.013581050381622694,0.00232536557594504,0.001493496742531464
task013-183dcffcd1da4f1cb1a219d9eedb39db,CFG_LB_AL2395_N0_RAD_MONO_EPD5,CAR_LB_AL2395_N0_RAD_EPD5,LB_AL2395,N0,RAD,MONO,5.0,-1.5,-1.5,0.05513748943755308,0.015213377471724219,0.00887396757384113,0.017625934360304844,0.007516294135932238,0.0057376228020124195,0.0024286735360696697
task013-183dcffcd1da4f1cb1a219d9eedb39db,CFG_LB_AL2395_N0_RAD_MONO_EPD5,CAR_LB_AL2395_N0_RAD_EPD5,LB_AL2395,N0,RAD,MONO,5.0,-1.75,-1.75,0.04578742184074099,0.06108627092748604,0.011629147881344124,0.010526725397264,0.0023379748945843433,0.001154121593348279,0.003404663295180519
task013-183dcffcd1da4f1cb1a219d9eedb39db,CFG_LB_AL2395_N0_RAD_MONO_EPD5,CAR_LB_AL2395_N0_RAD_EPD5,LB_AL2395,N0,RAD,MONO,5.0,-2.0,-2.0,0.03854632161570581,0.048063431966260436,0.019083032181533472,0.0011445026370973407,0.0015284209881579727,0.0035595299682196786,0.00020736873734025733
task013-183dcffcd1da4f1cb1a219d9eedb39db,CFG_LB_AL2395_N0_RAD_MONO_EPD5,CAR_LB_AL2395_N0_RAD_EPD5,LB_AL2395,N0,RAD,MONO,5.0,-2.25,-2.25,0.0304096375812216,0.0017106885802021118,0.011115918469243456,0.00404006318207129,0.0017933211321774919,0.00013339604073901032,0.0011974379054363474
task013-183dcffcd1da4f1cb1a219d9eedb39db,CFG_LB_AL2395_N0_RAD_MONO_EPD5,CAR_LB_AL2395_N0_RAD_EPD5,LB_AL2395,N0,RAD,MONO,5.0,-2.5,-2.5,0.02821631640131566,0.029345255058742553,0.0003603368433320169,0.004478276454564287,0.003449200201500759,0.0015789059869305156,0.0019421959166920771
task013-183dcffcd1da4f1cb1a219d9eedb39db,CFG_LB_AL2395_N0_RAD_MONO_EPD5,CAR_LB_AL2395_N0_RAD_EPD5,LB_AL2395,N0,RAD,MONO,5.0,-2.75,-2.75,0.0250319169028961,0.020835675946700882,0.007637259898963266,0.0045786325213991305,0.002029126648589944,0.00016974375478384475,0.00044181492042432303
task013-183dcffcd1da4f1cb1a219d9eedb39db,CFG_LB_AL2395_N0_RAD_MONO_EPD5,CAR_LB_AL2395_N0_RAD_EPD5,LB_AL2395,N0,RAD,MONO,5.0,-3.0,-3.0,0.02115133586792817,0.0015769720082274147,0.007410321431187946,0.001346286246024946,0.0009738480937352221,0.0016312650746863888,0.0009452423855974989
task013-183dcffcd1da4f1cb1a219d9eedb39db,CFG_LB_AL2395_N0_RAD_EDOF_EPD3,CAR_LB_AL2395_N0_RAD_EPD3,LB_AL2395,N0,RAD,EDOF,3.0,0.5,0.5,0.13840402590287373,0.3009126493383639,0.07474265888859087,0.06535286961879445,0.045496152527739725,0.019090316677482563,0.002945193049149031
task013-183dcffcd1da4f1cb1a219d9eedb39db,CFG_LB_AL2395_N0_RAD_EDOF_EPD3,CAR_LB_AL2395_N0_RAD_EPD3,LB_AL2395,N0,RAD,EDOF,3.0,0.25,0.25,0.17578242140217346,0.3528876485569641,0.17728244523559547,0.04911499648604394,0.01881953652441694,0.05136693915095078,0.03705265503925513
task013-183dcffcd1da4f1cb1a219d9eedb39db,CFG_LB_AL2395_N0_RAD_EDOF_EPD3,CAR_LB_AL2395_N0_RAD_EPD3,LB_AL2395,N0,RAD,EDOF,3.0,0.0,0.0,0.31809069649469507,0.36166179429528134,0.3669252547825924,0.3097304265821906,0.23697336634876176,0.16045898864692956,0.10910714748143269
task013-183dcffcd1da4f1cb1a219d9eedb39db,CFG_LB_AL2395_N0_RAD_EDOF_EPD3,CAR_LB_AL2395_N0_RAD_EPD3,LB_AL2395,N0,RAD,EDOF,3.0,-0.25,-0.25,0.1889677943065758,0.3334259798292606,0.22724146546755522,0.10409952098525374,0.03500622243197031,0.00655886838321575,0.015556982101317292
task013-183dcffcd1da4f1cb1a219d9eedb39db,CFG_LB_AL2395_N0_RAD_EDOF_EPD3,CAR_LB_AL2395_N0_RAD_EPD3,LB_AL2395,N0,RAD,EDOF,3.0,-0.5,-0.5,0.1456775908700699,0.285382579320225,8.183091587990093e-05,0.004196546354095043,0.052340744304977524,0.001177158825989939,0.06241217000795476
task013-183dcffcd1da4f1cb1a219d9eedb39db,CFG_LB_AL2395_N0_RAD_EDOF_EPD3,CAR_LB_AL2395_N0_RAD_EPD3,LB_AL2395,N0,RAD,EDOF,3.0,-0.75,-0.75,0.18645231937270595,0.23907848744432147,0.07050246855056891,0.11296903546942723,0.10779276908437985,0.12549023855616204,0.020909736575796388
task013-183dcffcd1da4f1cb1a219d9eedb39db,CFG_LB_AL2395_N0_RAD_EDOF_EPD3,CAR_LB_AL2395_N0_RAD_EPD3,LB_AL2395,N0,RAD,EDOF,3.0,-1.0,-1.0,0.1525028819736484,0.20755076427697222,0.1245113846410616,0.01605657727862002,0.0052727825928100295,0.09607453542404862,0.05193127299203448
task013-183dcffcd1da4f1cb1a219d9eedb39db,CFG_LB_AL2395_N0_RAD_EDOF_EPD3,CAR_LB_AL2395_N0_RAD_EPD3,LB_AL2395,N0,RAD,EDOF,3.0,-1.25,-1.25,0.1281904475448187,0.1836118874491236,0.00477264482830008,0.04198937227451981,0.020464123439259255,0.03728988700555963,0.07232492527618775
task013-183dcffcd1da4f1cb1a219d9eedb39db,CFG_LB_AL2395_N0_RAD_EDOF_EPD3,CAR_LB_AL2395_N0_RAD_EPD3,LB_AL2395,N0,RAD,EDOF,3.0,-1.5,-1.5,0.13797864093908416,0.14445849256640877,0.03858142822419261,0.1165788021320501,0.07306479438885188,0.022759813647950378,0.06523260891732799
task013-183dcffcd1da4f1cb1a219d9eedb39db,CFG_LB_AL2395_N0_RAD_EDOF_EPD3,CAR_LB_AL2395_N0_RAD_EPD3,LB_AL2395,N0,RAD,EDOF,3.0,-1.75,-1.75,0.120363131833511,0.0763962918376869,0.14963147753171419,0.04799423877575861,0.051942840189829774,0.038908538286615446,0.052030362227366594
task013-183dcffcd1da4f1cb1a219d9eedb39db,CFG_LB_AL2395_N0_RAD_EDOF_EPD3,CAR_LB_AL2395_N0_RAD_EPD3,LB_AL2395,N0,RAD,EDOF,3.0,-2.0,-2.0,0.07765130323713303,0.0014325232940447451,0.06877470217920892,0.016825395594808196,0.0004848048973163203,0.019841290035196277,0.029818674784594226
task013-183dcffcd1da4f1cb1a219d9eedb39db,CFG_LB_AL2395_N0_RAD_EDOF_EPD3,CAR_LB_AL2395_N0_RAD_EPD3,LB_AL2395,N0,RAD,EDOF,3.0,-2.25,-2.25,0.06414377269323038,0.04408923713589749,0.048727699867121825,0.009865496844622226,0.007934127951993098,0.0096869186471388,0.008554157842687083
task013-183dcffcd1da4f1cb1a219d9eedb39db,CFG_LB_AL2395_N0_RAD_EDOF_EPD3,CAR_LB_AL2395_N0_RAD_EPD3,LB_AL2395,N0,RAD,EDOF,3.0,-2.5,-2.5,0.05781585247196662,0.021401434193969435,0.03496397040905158,0.029148294682395125,0.004573561158025379,0.00067358232806048,0.006536310531834722
task013-183dcffcd1da4f1cb1a219d9eedb39db,CFG_LB_AL2395_N0_RAD_EDOF_EPD3,CAR_LB_AL2395_N0_RAD_EPD3,LB_AL2395,N0,RAD,EDOF,3.0,-2.75,-2.75,0.052409784110856214,0.0451409445521171,0.028641872688327373,0.010756967056163927,0.005465721984448012,0.003474283848527753,0.0014727441802869926
task013-183dcffcd1da4f1cb1a219d9eedb39db,CFG_LB_AL2395_N0_RAD_EDOF_EPD3,CAR_LB_AL2395_N0_RAD_EPD3,LB_AL2395,N0,RAD,EDOF,3.0,-3.0,-3.0,0.04756312380151268,0.09227861370387203,0.042000705208603856,0.0008516348054560694,0.0024567842576401922,0.00031322420032473084,0.0020818958885677028
task013-183dcffcd1da4f1cb1a219d9eedb39db,CFG_LB_AL2395_N0_RAD_EDOF_EPD5,CAR_LB_AL2395_N0_RAD_EPD5,LB_AL2395,N0,RAD,EDOF,5.0,0.5,0.5,0.08399431889965539,0.03832414154732158,0.022500063666160218,0.07210671685397352,0.02416636982023017,0.018360306285705015,0.01792749129985611
task013-183dcffcd1da4f1cb1a219d9eedb39db,CFG_LB_AL2395_N0_RAD_EDOF_EPD5,CAR_LB_AL2395_N0_RAD_EPD5,LB_AL2395,N0,RAD,EDOF,5.0,0.25,0.25,0.12621576964949885,0.14451044061697396,0.06093480797512627,0.0038737984956351843,0.025739748468955458,0.048873189842318795,0.032018585988695406
task013-183dcffcd1da4f1cb1a219d9eedb39db,CFG_LB_AL2395_N0_RAD_EDOF_EPD5,CAR_LB_AL2395_N0_RAD_EPD5,LB_AL2395,N0,RAD,EDOF,5.0,0.0,0.0,0.3385150545976614,0.5096881115848275,0.31333780158323987,0.23830194100066224,0.24644003956230412,0.18592259782614246,0.1547531606005575
task013-183dcffcd1da4f1cb1a219d9eedb39db,CFG_LB_AL2395_N0_RAD_EDOF_EPD5,CAR_LB_AL2395_N0_RAD_EPD5,LB_AL2395,N0,RAD,EDOF,5.0,-0.25,-0.25,0.2482109377405651,0.5872623966864654,0.30301440242301353,0.08182766795460727,0.0024840672337752313,0.0346848554932865,0.007617305978665905
task013-183dcffcd1da4f1cb1a219d9eedb39db,CFG_LB_AL2395_N0_RAD_EDOF_EPD5,CAR_LB_AL2395_N0_RAD_EPD5,LB_AL2395,N0,RAD,EDOF,5.0,-0.5,-0.5,0.13976216884189965,0.11948092057794607,0.04532203297531103,0.09031221401507032,0.04253770467823215,0.01855764974457457,0.0004063807493326826
task013-183dcffcd1da4f1cb1a219d9eedb39db,CFG_LB_AL2395_N0_RAD_EDOF_EPD5,CAR_LB_AL2395_N0_RAD_EPD5,LB_AL2395,N0,RAD,EDOF,5.0,-0.75,-0.75,0.11147584231184182,0.11854448169009302,0.05187489512216748,0.044580558920730276,0.042957312446620544,0.043104544430034974,0.02794503066913768
task013-183dcffcd1da4f1cb1a219d9eedb39db,CFG_LB_AL2395_N0_RAD_EDOF_EPD5,CAR_LB_AL2395_N0_RAD_EPD5,LB_AL2395,N0,RAD,EDOF,5.0,-1.0,-1.0,0.09016014880563471,0.15262514200313013,0.04514294745941731,0.00973865099668468,0.0015750162708725456,0.04628017189069469,0.026860123833521512
task013-183dcffcd1da4f1cb1a219d9eedb39db,CFG_LB_AL2395_N0_RAD_EDOF_EPD5,CAR_LB_AL2395_N0_RAD_EPD5,LB_AL2395,N0,RAD,EDOF,5.0,-1.25,-1.25,0.07517670561969209,0.20025616904596544,0.017035712527664955,0.00852222888903083,0.00745948894529635,0.018861031245595548,0.02545470910728404
task013-183dcffcd1da4f1cb1a219d9eedb39db,CFG_LB_AL2395_N0_RAD_EDOF_EPD5,CAR_LB_AL2395_N0_RAD_EPD5,LB_AL2395,N0,RAD,EDOF,5.0,-1.5,-1.5,0.06996304753618492,0.03224937961010084,0.057236479398466225,0.03266836421636474,0.025982605252784844,0.004495299491275225,0.024736440221902405
task013-183dcffcd1da4f1cb1a219d9eedb39db,CFG_LB_AL2395_N0_RAD_EDOF_EPD5,CAR_LB_AL2395_N0_RAD_EPD5,LB_AL2395,N0,RAD,EDOF,5.0,-1.75,-1.75,0.055709066013538346,0.01743489600016076,0.010182283525091946,0.01731297496701558,0.011034401826300982,0.005493797346753795,0.014270267820056744
task013-183dcffcd1da4f1cb1a219d9eedb39db,CFG_LB_AL2395_N0_RAD_EDOF_EPD5,CAR_LB_AL2395_N0_RAD_EPD5,LB_AL2395,N0,RAD,EDOF,5.0,-2.0,-2.0,0.043843852623339535,0.05761608236403392,0.046324254206150786,0.0016020605498935764,0.0036828184796494114,0.007451311945831972,0.006244062634857515
task013-183dcffcd1da4f1cb1a219d9eedb39db,CFG_LB_AL2395_N0_RAD_EDOF_EPD5,CAR_LB_AL2395_N0_RAD_EPD5,LB_AL2395,N0,RAD,EDOF,5.0,-2.25,-2.25,0.03653416111603446,0.02786794510230122,0.014260398462687108,0.01360383285319602,0.0004840038553648319,0.006787147507252908,0.006202923422766289
task013-183dcffcd1da4f1cb1a219d9eedb39db,CFG_LB_AL2395_N0_RAD_EDOF_EPD5,CAR_LB_AL2395_N0_RAD_EPD5,LB_AL2395,N0,RAD,EDOF,5.0,-2.5,-2.5,0.03121946345324312,0.026278394041072205,0.02373700264840836,0.013882398950458978,0.0017571661607934776,0.001651565661159045,0.0019319528071042413
task013-183dcffcd1da4f1cb1a219d9eedb39db,CFG_LB_AL2395_N0_RAD_EDOF_EPD5,CAR_LB_AL2395_N0_RAD_EPD5,LB_AL2395,N0,RAD,EDOF,5.0,-2.75,-2.75,0.028488463291863372,0.03067078738003906,0.015920269607087395,0.002789787379023817,0.0002948841872969385,0.001182727240290769,0.000563607214198604
task013-183dcffcd1da4f1cb1a219d9eedb39db,CFG_LB_AL2395_N0_RAD_EDOF_EPD5,CAR_LB_AL2395_N0_RAD_EPD5,LB_AL2395,N0,RAD,EDOF,5.0,-3.0,-3.0,0.025068172853140988,0.026563521051877575,0.01699633793735603,0.003247282230875507,0.00033480962007497665,8.112723683067715e-05,0.0024649593108988215
task013-183dcffcd1da4f1cb1a219d9eedb39db,CFG_LB_AL2395_N0_WFS_MONO_EPD3,CAR_LB_AL2395_N0_WFS_EPD3,LB_AL2395,N0,WFS,MONO,3.0,0.5,0.5,0.16062799980985468,0.37047484760834987,0.0029325041252296646,0.0386301880057031,0.024351037251191476,0.016960946254738735,0.01806765873754615
task013-183dcffcd1da4f1cb1a219d9eedb39db,CFG_LB_AL2395_N0_WFS_MONO_EPD3,CAR_LB_AL2395_N0_WFS_EPD3,LB_AL2395,N0,WFS,MONO,3.0,0.25,0.25,0.3452757284423374,0.6999156912824119,0.407153796795488,0.230874935276349,0.13303953340621777,0.08252509633057489,0.060009084884344185
task013-183dcffcd1da4f1cb1a219d9eedb39db,CFG_LB_AL2395_N0_WFS_MONO_EPD3,CAR_LB_AL2395_N0_WFS_EPD3,LB_AL2395,N0,WFS,MONO,3.0,0.0,0.0,0.601344105866979,0.8585744768748447,0.7206643492279338,0.5896500126922203,0.46689541508218885,0.35268569114281956,0.24489540674317456
task013-183dcffcd1da4f1cb1a219d9eedb39db,CFG_LB_AL2395_N0_WFS_MONO_EPD3,CAR_LB_AL2395_N0_WFS_EPD3,LB_AL2395,N0,WFS,MONO,3.0,-0.25,-0.25,0.32299118879529876,0.7280376452582923,0.3762524692517018,0.1578651860863146,0.07824085583468035,0.06895700592850967,0.08261764132535682
task013-183dcffcd1da4f1cb1a219d9eedb39db,CFG_LB_AL2395_N0_WFS_MONO_EPD3,CAR_LB_AL2395_N0_WFS_EPD3,LB_AL2395,N0,WFS,MONO,3.0,-0.5,-0.5,0.17274487318445006,0.3802309476523963,0.07639205738367683,0.07397198069318056,0.02317367699030134,0.013056757435249594,0.01755410245307504
task013-183dcffcd1da4f1cb1a219d9eedb39db,CFG_LB_AL2395_N0_WFS_MONO_EPD3,CAR_LB_AL2395_N0_WFS_EPD3,LB_AL2395,N0,WFS,MONO,3.0,-0.75,-0.75,0.12563552430971597,0.029358052927680584,0.04911608487401551,0.04949224939328062,0.02295544104648685,0.014682171484388532,0.016566552080288052
task013-183dcffcd1da4f1cb1a219d9eedb39db,CFG_LB_AL2395_N0_WFS_MONO_EPD3,CAR_LB_AL2395_N0_WFS_EPD3,LB_AL2395,N0,WFS,MONO,3.0,-1.0,-1.0,0.09429399158179978,0.13695920598659062,0.06210256097284611,0.01991875946465823,0.011704963571840064,0.00690016786393468,0.007211452658411552
task013-183dcffcd1da4f1cb1a219d9eedb39db,CFG_LB_AL2395_N0_WFS_MONO_EPD3,CAR_LB_AL2395_N0_WFS_EPD3,LB_AL2395,N0,WFS,MONO,3.0,-1.25,-1.25,0.07645593320938639,0.09709381977811773,0.01285963115238043,0.010988036365434817,0.011022975774600858,0.007230844221983385,0.005787719250842174
task013-183dcffcd1da4f1cb1a219d9eedb39db,CFG_LB_AL2395_N0_WFS_MONO_EPD3,CAR_LB_AL2395_N0_WFS_EPD3,LB_AL2395,N0,WFS,MONO,3.0,-1.5,-1.5,0.0635050148868067,0.018705660133407805,0.01601744479543015,0.00107432348360824,0.007518580107485499,0.0038158455799948057,0.002326582270354522
task013-183dcffcd1da4f1cb1a219d9eedb39db,CFG_LB_AL2395_N0_WFS_MONO_EPD3,CAR_LB_AL2395_N0_WFS_EPD3,LB_AL2395,N0,WFS,MONO,3.0,-1.75,-1.75,0.0544187525972915,0.0701355789201577,0.023758603492256936,0.0015403821266933046,0.006053728548533438,0.005144891199912248,0.00023903811510620276
task013-183dcffcd1da4f1cb1a219d9eedb39db,CFG_LB_AL2395_N0_WFS_MONO_EPD3,CAR_LB_AL2395_N0_WFS_EPD3,LB_AL2395,N0,WFS,MONO,3.0,-2.0,-2.0,0.04779876983105066,0.02940805212177237,0.009986075656866565,0.0061960956528469835,0.004945407815139166,0.0041321482041514895,0.001541824651344564
task013-183dcffcd1da4f1cb1a219d9eedb39db,CFG_LB_AL2395_N0_WFS_MONO_EPD3,CAR_LB_AL2395_N0_WFS_EPD3,LB_AL2395,N0,WFS,MONO,3.0,-2.25,-2.25,0.042241907476769466,0.028540526475387826,0.004252253776637624,0.004991537343102021,0.0056093042174316975,0.0031828852260187153,0.0022136783503442516
task013-183dcffcd1da4f1cb1a219d9eedb39db,CFG_LB_AL2395_N0_WFS_MONO_EPD3,CAR_LB_AL2395_N0_WFS_EPD3,LB_AL2395,N0,WFS,MONO,3.0,-2.5,-2.5,0.03806869585663874,0.03369189235933183,0.012322022998357378,0.006168360696909742,0.004358954841330494,0.0031579829922736865,0.0018790609247846255
task013-183dcffcd1da4f1cb1a219d9eedb39db,CFG_LB_AL2395_N0_WFS_MONO_EPD3,CAR_LB_AL2395_N0_WFS_EPD3,LB_AL2395,N0,WFS,MONO,3.0,-2.75,-2.75,0.03487473379672505,0.004205496699046322,0.00951531853553944,0.006116703566772114,0.003426243526343939,0.002326796645356975,0.0022085547575007914
task013-183dcffcd1da4f1cb1a219d9eedb39db,CFG_LB_AL2395_N0_WFS_MONO_EPD3,CAR_LB_AL2395_N0_WFS_EPD3,LB_AL2395,N0,WFS,MONO,3.0,-3.0,-3.0,0.03187220891931474,0.027378794214926488,0.00047251261457416263,0.006116524072760211,0.0030322146150590207,0.0017504849780753495,0.0012603763421878537
task013-183dcffcd1da4f1cb1a219d9eedb39db,CFG_LB_AL2395_N0_WFS_MONO_EPD5,CAR_LB_AL2395_N0_WFS_EPD5,LB_AL2395,N0,WFS,MONO,5.0,0.5,0.75,0.06904875661486838,0.0943230451268109,0.02184191300514351,0.004982333137138747,0.0011450933623614655,0.004159542543201585,0.0012912449471055585
task013-183dcffcd1da4f1cb1a219d9eedb39db,CFG_LB_AL2395_N0_WFS_MONO_EPD5,CAR_LB_AL2395_N0_WFS_EPD5,LB_AL2395,N0,WFS,MONO,5.0,0.25,0.5,0.12698343911007787,0.20544894583369686,0.08050229560890525,0.05636087402741774,0.024085536538525253,0.004122042007961434,0.003186070045809506
task013-183dcffcd1da4f1cb1a219d9eedb39db,CFG_LB_AL2395_N0_WFS_MONO_EPD5,CAR_LB_AL2395_N0_WFS_EPD5,LB_AL2395,N0,WFS,MONO,5.0,0.0,0.25,0.3141339832131326,0.3956884019241118,0.3236407315001172,0.2638596601817892,0.20929483078823571,0.16281215919510458,0.11786130829198019
task013-183dcffcd1da4f1cb1a219d9eedb39db,CFG_LB_AL2395_N0_WFS_MONO_EPD5,CAR_LB_AL2395_N0_WFS_EPD5,LB_AL2395,N0,WFS,MONO,5.0,-0.25,0.0,0.3198022351989883,0.6535289887962193,0.37708575369789604,0.19897438520251776,0.10288112583277866,0.06760156939196495,0.06330308749925213
task013-183dcffcd1da4f1cb1a219d9eedb39db,CFG_LB_AL2395_N0_WFS_MONO_EPD5,CAR_LB_AL2395_N0_WFS_EPD5,LB_AL2395,N0,WFS,MONO,5.0,-0.5,-0.25,0.22985368850940008,0.5379871451947255,0.03789677593622134,0.008591663072401952,0.11798918406533986,0.12306602720323459,0.07254993611108247
task013-183dcffcd1da4f1cb1a219d9eedb39db,CFG_LB_AL2395_N0_WFS_MONO_EPD5,CAR_LB_AL2395_N0_WFS_EPD5,LB_AL2395,N0,WFS,MONO,5.0,-0.75,-0.5,0.14762421317673524,0.0095906087217422,0.045193349050067555,0.01317795844018791,0.015950372782137782,0.059568540359015,0.0018385768065745588
task013-183dcffcd1da4f1cb1a219d9eedb39db,CFG_LB_AL2395_N0_WFS_MONO_EPD5,CAR_LB_AL2395_N0_WFS_EPD5,LB_AL2395,N0,WFS,MONO,5.0,-1.0,-0.75,0.11190339160236111,0.2209072600559331,0.010115719511718264,0.07674374562011148,0.03403320646277534,0.02168236450227605,0.016589798285412294
task013-183dcffcd1da4f1cb1a219d9eedb39db,CFG_LB_AL2395_N0_WFS_MONO_EPD5,CAR_LB_AL2395_N0_WFS_EPD5,LB_AL2395,N0,WFS,MONO,5.0,-1.25,-1.0,0.08737816155088056,0.06851569173024404,0.031380495703681004,0.0006481971997821623,0.02286329607955318,0.001052439464084641,0.002865460412567544
task013-183dcffcd1da4f1cb1a219d9eedb39db,CFG_LB_AL2395_N0_WFS_MONO_EPD5,CAR_LB_AL2395_N0_WFS_EPD5,LB_AL2395,N0,WFS,MONO,5.0,-1.5,-1.25,0.06951091690971507,0.11876079421114008,0.04126953997979732,0.030831497094968113,0.014405156113165205,0.008383590679982345,0.005068955002889168
task013-183dcffcd1da4f1cb1a219d9eedb39db,CFG_LB_AL2395_N0_WFS_MONO_EPD5,CAR_LB_AL2395_N0_WFS_EPD5,LB_AL2395,N0,WFS,MONO,5.0,-1.75,-1.5,0.05520308275388538,0.08385624054979367,0.04356899308682686,0.01681093067330762,0.006479812008645576,0.0027925477848534793,0.004163689594038548
task013-183dcffcd1da4f1cb1a219d9eedb39db,CFG_LB_AL2395_N0_WFS_MONO_EPD5,CAR_LB_AL2395_N0_WFS_EPD5,LB_AL2395,N0,WFS,MONO,5.0,-2.0,-1.75,0.04666816516336811,0.02630094048108695,0.03102188675442747,0.0008048433389338535,0.0008606908669582885,0.004275111789496538,9.796782614345468e-05
task013-183dcffcd1da4f1cb1a219d9eedb39db,CFG_LB_AL2395_N0_WFS_MONO_EPD5,CAR_LB_AL2395_N0_WFS_EPD5,LB_AL2395,N0,WFS,MONO,5.0,-2.25,-2.0,0.03918257983604361,0.06511548505784677,0.013470479573878162,0.008503649477563996,0.0011854845031679566,0.0021232077112847145,0.001992632113723697
task013-183dcffcd1da4f1cb1a219d9eedb39db,CFG_LB_AL2395_N0_WFS_MONO_EPD5,CAR_LB_AL2395_N0_WFS_EPD5,LB_AL2395,N0,WFS,MONO,5.0,-2.5,-2.25,0.033213038941671075,0.025853180618729828,0.004971166441417124,0.007557847956088751,0.003960535264472243,0.0014386201519613457,0.0017346751989759566
task013-183dcffcd1da4f1cb1a219d9eedb39db,CFG_LB_AL2395_N0_WFS_MONO_EPD5,CAR_LB_AL2395_N0_WFS_EPD5,LB_AL2395,N0,WFS,MONO,5.0,-2.75,-2.5,0.02938136292252086,0.020869084704690694,0.0120521895462537,0.0054752810100770904,0.0034216379155758312,0.0015220732488861496,0.0002690227993999866
task013-183dcffcd1da4f1cb1a219d9eedb39db,CFG_LB_AL2395_N0_WFS_MONO_EPD5,CAR_LB_AL2395_N0_WFS_EPD5,LB_AL2395,N0,WFS,MONO,5.0,-3.0,-2.75,0.025263347434605284,0.02876645227364194,0.009210471454061293,0.0008580322302386455,0.0025103507577023112,0.001608564495011889,0.0014130051967145023
task013-183dcffcd1da4f1cb1a219d9eedb39db,CFG_LB_AL2395_N0_WFS_EDOF_EPD3,CAR_LB_AL2395_N0_WFS_EPD3,LB_AL2395,N0,WFS,EDOF,3.0,0.5,0.5,0.18564039640003285,0.29893668287300984,0.19306799816654832,0.07808529405572796,0.03061109809815228,0.005073801648509433,0.051294449519409646
task013-183dcffcd1da4f1cb1a219d9eedb39db,CFG_LB_AL2395_N0_WFS_EDOF_EPD3,CAR_LB_AL2395_N0_WFS_EPD3,LB_AL2395,N0,WFS,EDOF,3.0,0.25,0.25,0.3143603290189547,0.5292315810807833,0.3156965995024038,0.2590349117849885,0.16767404940483618,0.10690163784810894,0.02697905158003668
task013-183dcffcd1da4f1cb1a219d9eedb39db,CFG_LB_AL2395_N0_WFS_EDOF_EPD3,CAR_LB_AL2395_N0_WFS_EPD3,LB_AL2395,N0,WFS,EDOF,3.0,0.0,0.0,0.43496466303817044,0.6923059432330604,0.4513125714585463,0.34269454019834644,0.2726823271039141,0.2544492276249779,0.20719135338319358
task013-183dcffcd1da4f1cb1a219d9eedb39db,CFG_LB_AL2395_N0_WFS_EDOF_EPD3,CAR_LB_AL2395_N0_WFS_EPD3,LB_AL2395,N0,WFS,EDOF,3.0,-0.25,-0.25,0.24963460073468,0.6409125750001903,0.2330765591493405,0.01690418984481984,0.0482192579566203,0.024395681438267414,0.11530904349000462
task013-183dcffcd1da4f1cb1a219d9eedb39db,CFG_LB_AL2395_N0_WFS_EDOF_EPD3,CAR_LB_AL2395_N0_WFS_EPD3,LB_AL2395,N0,WFS,EDOF,3.0,-0.5,-0.5,0.17196806648332694,0.3679571834535814,0.06538242694231383,0.022576418309817783,0.047842476271019146,0.057056598226790725,0.05285946968841748
task013-183dcffcd1da4f1cb1a219d9eedb39db,CFG_LB_AL2395_N0_WFS_EDOF_EPD3,CAR_LB_AL2395_N0_WFS_EPD3,LB_AL2395,N0,WFS,EDOF,3.0,-0.75,-0.75,0.13327623847877976,0.032505159529248165,0.019629614085990867,0.0872927577401628,0.019297990232001832,0.01702099307536588,0.006245805410194801
task013-183dcffcd1da4f1cb1a219d9eedb39db,CFG_LB_AL2395_N0_WFS_EDOF_EPD3,CAR_LB_AL2395_N0_WFS_EPD3,LB_AL2395,N0,WFS,EDOF,3.0,-1.0,-1.0,0.10149318892478677,0.16183012278042155,0.13877828157138344,0.011935615022149737,0.003933328760834435,0.007652414523462707,0.013832902329397278
task013-183dcffcd1da4f1cb1a219d9eedb39db,CFG_LB_AL2395_N0_WFS_EDOF_EPD3,CAR_LB_AL2395_N0_WFS_EPD3,LB_AL2395,N0,WFS,EDOF,3.0,-1.25,-1.25,0.08506626970199607,0.1318005295722563,0.0024614796723944916,0.021297981397373458,0.0006816887042777342,0.0029673738974867595,0.008285230051149084
task013-183dcffcd1da4f1cb1a219d9eedb39db,CFG_LB_AL2395_N0_WFS_EDOF_EPD3,CAR_LB_AL2395_N0_WFS_EPD3,LB_AL2395,N0,WFS,EDOF,3.0,-1.5,-1.5,0.07272522057459527,0.02851298278609364,0.046476223225729876,0.002821695447622007,0.0014860417186442878,0.002541372660090372,0.004746242415013067
task013-183dcffcd1da4f1cb1a219d9eedb39db,CFG_LB_AL2395_N0_WFS_EDOF_EPD3,CAR_LB_AL2395_N0_WFS_EPD3,LB_AL2395,N0,WFS,EDOF,3.0,-1.75,-1.75,0.06556939156573599,0.14771149984301393,0.03584444727160978,0.013343442120738333,0.006349218279070109,0.004046831869184406,0.0035472684082025092
task013-183dcffcd1da4f1cb1a219d9eedb39db,CFG_LB_AL2395_N0_WFS_EDOF_EPD3,CAR_LB_AL2395_N0_WFS_EPD3,LB_AL2395,N0,WFS,EDOF,3.0,-2.0,-2.0,0.056239952283203644,0.13161291890252674,0.003454129846382569,0.0034295588938153933,0.002032685479099179,0.002340968916111105,0.001443571787959837
task013-183dcffcd1da4f1cb1a219d9eedb39db,CFG_LB_AL2395_N0_WFS_EDOF_EPD3,CAR_LB_AL2395_N0_WFS_EPD3,LB_AL2395,N0,WFS,EDOF,3.0,-2.25,-2.25,0.050360293400625464,0.024791645029950824,0.026407976067364253,0.0023796330905916,0.00397986649518226,0.0012082087741939725,0.0011316559911489416
task013-183dcffcd1da4f1cb1a219d9eedb39db,CFG_LB_AL2395_N0_WFS_EDOF_EPD3,CAR_LB_AL2395_N0_WFS_EPD3,LB_AL2395,N0,WFS,EDOF,3.0,-2.5,-2.5,0.04466974054906577,0.06337907192648315,0.01659456206707146,0.004155842142856768,0.001305907703605475,0.0011099693227599417,0.0014535358904390117
task013-183dcffcd1da4f1cb1a219d9eedb39db,CFG_LB_AL2395_N0_WFS_EDOF_EPD3,CAR_LB_AL2395_N0_WFS_EPD3,LB_AL2395,N0,WFS,EDOF,3.0,-2.75,-2.75,0.04005206958995025,0.07313268918768859,0.00501604287048383,0.006125606133001053,0.0017657481001702867,0.0013277170566738604,0.0024666148801947944
task013-183dcffcd1da4f1cb1a219d9eedb39db,CFG_LB_AL2395_N0_WFS_EDOF_EPD3,CAR_LB_AL2395_N0_WFS_EPD3,LB_AL2395,N0,WFS,EDOF,3.0,-3.0,-3.0,0.036247850866293604,0.031042217854052482,0.006075500802400018,0.005681989941412433,0.0011760898736117038,0.0016384360425254823,0.0020659149218834032
task013-183dcffcd1da4f1cb1a219d9eedb39db,CFG_LB_AL2395_N0_WFS_EDOF_EPD5,CAR_LB_AL2395_N0_WFS_EPD5,LB_AL2395,N0,WFS,EDOF,5.0,0.5,0.75,0.09057659500094754,0.0679299548388575,0.11163766014827403,0.043140574818432864,0.027688716791477205,0.011309920790912847,0.004308509005543162
task013-183dcffcd1da4f1cb1a219d9eedb39db,CFG_LB_AL2395_N0_WFS_EDOF_EPD5,CAR_LB_AL2395_N0_WFS_EPD5,LB_AL2395,N0,WFS,EDOF,5.0,0.25,0.5,0.11980829300647398,0.14488182367275276,0.04868138763221948,0.09094627693064755,0.03037874354732951,0.008832377369470895,0.013260362202499284
task013-183dcffcd1da4f1cb1a219d9eedb39db,CFG_LB_AL2395_N0_WFS_EDOF_EPD5,CAR_LB_AL2395_N0_WFS_EPD5,LB_AL2395,N0,WFS,EDOF,5.0,0.0,0.25,0.24039815395293887,0.3400205574313424,0.1971258316688898,0.12349516877845,0.13740133058781656,0.12144079248266083,0.10541480360677952
task013-183dcffcd1da4f1cb1a219d9eedb39db,CFG_LB_AL2395_N0_WFS_EDOF_EPD5,CAR_LB_AL2395_N0_WFS_EPD5,LB_AL2395,N0,WFS,EDOF,5.0,-0.25,0.0,0.3179562484488518,0.6262508191047265,0.3616701230888896,0.20568177650711392,0.11224010622565715,0.07279685231370299,0.08885663899959209
task013-183dcffcd1da4f1cb1a219d9eedb39db,CFG_LB_AL2395_N0_WFS_EDOF_EPD5,CAR_LB_AL2395_N0_WFS_EPD5,LB_AL2395,N0,WFS,EDOF,5.0,-0.5,-0.25,0.20503044961841305,0.5309259944650334,0.03221315336641238,0.01551528808914552,0.07238616003141707,0.056863106605812966,0.008005719939098334
task013-183dcffcd1da4f1cb1a219d9eedb39db,CFG_LB_AL2395_N0_WFS_EDOF_EPD5,CAR_LB_AL2395_N0_WFS_EPD5,LB_AL2395,N0,WFS,EDOF,5.0,-0.75,-0.5,0.15196045604595299,0.013604431336637033,0.04833231870783311,0.0537275375912538,0.03449768313717594,0.04428281278568304,0.02557701856093597
task013-183dcffcd1da4f1cb1a219d9eedb39db,CFG_LB_AL2395_N0_WFS_EDOF_EPD5,CAR_LB_AL2395_N0_WFS_EPD5,LB_AL2395,N0,WFS,EDOF,5.0,-1.0,-0.75,0.11452710288976614,0.22924159937663657,0.04002764106892164,0.076495389501897,0.055844554060899804,0.02514823918941079,0.010350851914207126
task013-183dcffcd1da4f1cb1a219d9eedb39db,CFG_LB_AL2395_N0_WFS_EDOF_EPD5,CAR_LB_AL2395_N0_WFS_EPD5,LB_AL2395,N0,WFS,EDOF,5.0,-1.25,-1.0,0.08317044093139243,0.05721733561477868,0.027363863866011588,0.008038725010675506,0.03279679954895311,0.0028651272322766435,0.008112986439973078
task013-183dcffcd1da4f1cb1a219d9eedb39db,CFG_LB_AL2395_N0_WFS_EDOF_EPD5,CAR_LB_AL2395_N0_WFS_EPD5,LB_AL2395,N0,WFS,EDOF,5.0,-1.5,-1.25,0.0667605342048454,0.11826623101556392,0.05575036821885295,0.015218979061498408,0.011804714536751608,0.010725635272457405,0.0010215425413835437
task013-183dcffcd1da4f1cb1a219d9eedb39db,CFG_LB_AL2395_N0_WFS_EDOF_EPD5,CAR_LB_AL2395_N0_WFS_EPD5,LB_AL2395,N0,WFS,EDOF,5.0,-1.75,-1.5,0.055942324436324735,0.058047733920745775,0.055384011781412223,0.020738574188560094,0.0030256990000509646,0.008911067247903335,0.004632366313981435
task013-183dcffcd1da4f1cb1a219d9eedb39db,CFG_LB_AL2395_N0_WFS_EDOF_EPD5,CAR_LB_AL2395_N0_WFS_EPD5,LB_AL2395,N0,WFS,EDOF,5.0,-2.0,-1.75,0.047762334152021184,0.01305067974180354,0.03543815334626677,9.61718045290857e-05,0.0012020505990894726,0.0016357902595632587,0.002405995940664889
task013-183dcffcd1da4f1cb1a219d9eedb39db,CFG_LB_AL2395_N0_WFS_EDOF_EPD5,CAR_LB_AL2395_N0_WFS_EPD5,LB_AL2395,N0,WFS,EDOF,5.0,-2.25,-2.0,0.039475973123492394,0.08606772943909449,0.009796486140946276,0.00521212910475294,0.0013363827129631014,0.004880634354083504,0.0007894097072541507
task013-183dcffcd1da4f1cb1a219d9eedb39db,CFG_LB_AL2395_N0_WFS_EDOF_EPD5,CAR_LB_AL2395_N0_WFS_EPD5,LB_AL2395,N0,WFS,EDOF,5.0,-2.5,-2.25,0.033674265833289745,0.03470254834985877,0.005248295862813356,0.01052108218260045,0.0015354792110145712,0.001324257548219543,0.0023158820297806116
task013-183dcffcd1da4f1cb1a219d9eedb39db,CFG_LB_AL2395_N0_WFS_EDOF_EPD5,CAR_LB_AL2395_N0_WFS_EPD5,LB_AL2395,N0,WFS,EDOF,5.0,-2.75,-2.5,0.03003480031405955,0.046024072608953984,0.01110601064647644,0.004183525817712051,0.0024920060925291295,0.0023093960971432045,0.0014313405669922016
task013-183dcffcd1da4f1cb1a219d9eedb39db,CFG_LB_AL2395_N0_WFS_EDOF_EPD5,CAR_LB_AL2395_N0_WFS_EPD5,LB_AL2395,N0,WFS,EDOF,5.0,-3.0,-2.75,0.025444676179290544,0.006837089009947815,0.007817149198008357,0.0015297810245654844,0.002834694856382893,0.0004421000740293593,0.0006149611592159106
