run_id,config_id,pair_key,base_id,cornea_id,platform_id,optic_state,pupil_mm,defocus_retina_d,defocus_shape_d,mtfa,mtf10,mtf20,mtf30,mtf40,mtf50,mtf60
task014-e270a185207543149c21da83202c4b73,CFG_ATC_M3_AL24477_A0V12_HOA_MONO_EPD3,CAR_ATC_M3_AL24477_A0V12_HOA_EPD3,ATC_M3_AL24477,A0V12,HOA,MONO,3.0,0.5,0.5,0.1582086285976821,0.3630096531637986,0.07226818773382504,0.013459677726160892,0.004472550408161022,0.011387339863038215,0.01503062497028845
task014-e270a185207543149c21da83202c4b73,CFG_ATC_M3_AL24477_A0V12_HOA_MONO_EPD3,CAR_ATC_M3_AL24477_A0V12_HOA_EPD3,ATC_M3_AL24477,A0V12,HOA,MONO,3.0,0.25,0.25,0.35278176377521114,0.6638870987541092,0.40955491882675465,0.2678911657191525,0.16912494932534253,0.09476023427992258,0.04742454774459943
task014-e270a185207543149c21da83202c4b73,CFG_ATC_M3_AL24477_A0V12_HOA_MONO_EPD3,CAR_ATC_M3_AL24477_A0V12_HOA_EPD3,ATC_M3_AL24477,A0V12,HOA,MONO,3.0,0.0,0.0,0.5713902142874566,0.8292749605269153,0.6731070334277537,0.5405381573909156,0.4313995277047823,0.33766765256257186,0.24006208714287994
task014-e270a185207543149c21da83202c4b73,CFG_ATC_M3_AL24477_A0V12_HOA_MONO_EPD3,CAR_ATC_M3_AL24477_A0V12_HOA_EPD3,ATC_M3_AL24477,A0V12,HOA,MONO,3.0,-0.25,-0.25,0.30182341941710417,0.7269251527048023,0.34183157958391114,0.10685519060375058,0.04393762301761467,0.058188660909062384,0.09464251520371146
task014-e270a185207543149c21da83202c4b73,CFG_ATC_M3_AL24477_A0V12_HOA_MONO_EPD3,CAR_ATC_M3_AL24477_A0V12_HOA_EPD3,ATC_M3_AL24477,A0V12,HOA,MONO,3.0,-0.5,-0.5,0.1724981554866644,0.3943232778760245,0.1043944362198181,0.07086156139100498,0.0046773686733917,0.001074942762977404,0.012664453034850892
task014-e270a185207543149c21da83202c4b73,CFG_ATC_M3_AL24477_A0V12_HOA_MONO_EPD3,CAR_ATC_M3_AL24477_A0V12_HOA_EPD3,ATC_M3_AL24477,A0V12,HOA,MONO,3.0,-0.75,-0.75,0.13616458444813553,0.026889957405270563,0.06062208600475964,0.06718025597215856,0.0249935454193776,0.015947706817298676,0.01919761175490979
task014-e270a185207543149c21da83202c4b73,CFG_ATC_M3_AL24477_A0V12_HOA_MONO_EPD3,CAR_ATC_M3_AL24477_A0V12_HOA_EPD3,ATC_M3_AL24477,A0V12,HOA,MONO,3.0,-1.0,-1.0,0.10297649618494961,0.1702019510549085,0.08471524773056424,0.025233657486898802,0.012475200312051014,0.006257488730985701,0.006752062117339299
task014-e270a185207543149c21da83202c4b73,CFG_ATC_M3_AL24477_A0V12_HOA_MONO_EPD3,CAR_ATC_M3_AL24477_A0V12_HOA_EPD3,ATC_M3_AL24477,A0V12,HOA,MONO,3.0,-1.25,-1.25,0.08447320233020962,0.14013440811811956,0.00568006353081007,0.011399996568073065,0.012901340294826874,0.007552350888685322,0.0060470750388486256
task014-e270a185207543149c21da83202c4b73,CFG_ATC_M3_AL24477_A0V12_HOA_MONO_EPD3,CAR_ATC_M3_AL24477_A0V12_HOA_EPD3,ATC_M3_AL24477,A0V12,HOA,MONO,3.0,-1.5,-1.5,0.0695865999523428,0.0006226037091040611,0.031472541042126,0.0021163011799167106,0.008144075138961999,0.003822254554059895,0.0017761836592498146
task014-e270a185207543149c21da83202c4b73,CFG_ATC_M3_AL24477_A0V12_HOA_MONO_EPD3,CAR_ATC_M3_AL24477_A0V12_HOA_EPD3,ATC_M3_AL24477,A0V12,HOA,MONO,3.0,-1.75,-1.75,0.05981276148833038,0.08809034902434511,0.02965952557997047,0.005075589710771659,0.006935029099652419,0.005604937791297391,0.0004327882917640952
task014-e270a185207543149c21da83202c4b73,CFG_ATC_M3_AL24477_A0V12_HOA_MONO_EPD3,CAR_ATC_M3_AL24477_A0V12_HOA_EPD3,ATC_M3_AL24477,A0V12,HOA,MONO,3.0,-2.0,-2.0,0.05233512606254733,0.05929541217827261,0.0035556380443478577,0.009187391069872942,0.005866155245786893,0.0038670157783949463,0.0015976553104303742
task014-e270a185207543149c21da83202c4b73,CFG_ATC_M3_AL24477_A0V12_HOA_MONO_EPD3,CAR_ATC_M3_AL24477_A0V12_HOA_EPD3,ATC_M3_AL24477,A0V12,HOA,MONO,3.0,-2.25,-2.25,0.046075054219350174,0.018647179739834343,0.013121466214343198,0.006953366282700773,0.006172445438238133,0.003187956685333921,0.0022259051662734267
task014-e270a185207543149c21da83202c4b73,CFG_ATC_M3_AL24477_A0V12_HOA_MONO_EPD3,CAR_ATC_M3_AL24477_A0V12_HOA_EPD3,ATC_M3_AL24477,A0V12,HOA,MONO,3.0,-2.5,-2.5,0.04137933668714717,0.04917344373993819,0.01612112422193888,0.008050145956889385,0.004347530552945458,0.00308561990893646,0.0019153290219171522
task014-e270a185207543149c21da83202c4b73,CFG_ATC_M3_AL24477_A0V12_HOA_MONO_EPD3,CAR_ATC_M3_AL24477_A0V12_HOA_EPD3,ATC_M3_AL24477,A0V12,HOA,MONO,3.0,-2.75,-2.75,0.03748051706370736,0.013546720255961375,0.006160428655465793,0.0069828981418279135,0.0036259774838771227,0.0022535345783922323,0.0023442127427443947
task014-e270a185207543149c21da83202c4b73,CFG_ATC_M3_AL24477_A0V12_HOA_MONO_EPD3,CAR_ATC_M3_AL24477_A0V12_HOA_EPD3,ATC_M3_AL24477,A0V12,HOA,MONO,3.0,-3.0,-3.0,0.034292477782211624,0.02845871516555788,0.005271700766454732,0.005929178563546034,0.0033038622078373036,0.0018469285828352443,0.0012658671228598852
task014-e270a185207543149c21da83202c4b73,CFG_ATC_M3_AL24477_A0V12_HOA_MONO_EPD5,CAR_ATC_M3_AL24477_A0V12_HOA_EPD5,ATC_M3_AL24477,A0V12,HOA,MONO,5.0,0.5,0.5,0.07231786169176549,0.11158449733255366,0.03879493655510674,0.014660179301233384,0.009882021763729305,0.0009641741143464822,0.0025368371456341568
task014-e270a185207543149c21da83202c4b73,CFG_ATC_M3_AL24477_A0V12_HOA_MONO_EPD5,CAR_ATC_M3_AL24477_A0V12_HOA_EPD5,ATC_M3_AL24477,A0V12,HOA,MONO,5.0,0.25,0.25,0.13076151968989708,0.18300628974181302,0.12304984542239339,0.0781056377283553,0.05440350757892214,0.028515236095592398,0.010779179229908523
task014-e270a185207543149c21da83202c4b73,CFG_ATC_M3_AL24477_A0V12_HOA_MONO_EPD5,CAR_ATC_M3_AL24477_A0V12_HOA_EPD5,ATC_M3_AL24477,A0V12,HOA,MONO,5.0,0.0,0.0,0.2305290010338941,0.3052370020031643,0.2296438150266042,0.180495158927177,0.15513522856361314,0.12653106133699235,0.09056090778791823
task014-e270a185207543149c21da83202c4b73,CFG_ATC_M3_AL24477_A0V12_HOA_MONO_EPD5,CAR_ATC_M3_AL24477_A0V12_HOA_EPD5,ATC_M3_AL24477,A0V12,HOA,MONO,5.0,-0.25,-0.25,0.2159504420092898,0.39798089424979677,0.21784927734866874,0.12582971920070515,0.07758718805243985,0.06441700784779686,0.07467898601967075
task014-e270a185207543149c21da83202c4b73,CFG_ATC_M3_AL24477_A0V12_HOA_MONO_EPD5,CAR_ATC_M3_AL24477_A0V12_HOA_EPD5,ATC_M3_AL24477,A0V12,HOA,MONO,5.0,-0.5,-0.5,0.17045694028460012,0.3483919910551229,0.0725948650760672,0.013651594736664266,0.05258151155301511,0.06361011361422433,0.053580025239836966
task014-e270a185207543149c21da83202c4b73,CFG_ATC_M3_AL24477_A0V12_HOA_MONO_EPD5,CAR_ATC_M3_AL24477_A0V12_HOA_EPD5,ATC_M3_AL24477,A0V12,HOA,MONO,5.0,-0.75,-0.75,0.1416065741567673,0.22318797755868308,0.0021496041827216723,0.0987665423592673,0.03074680779712735,0.008971948385294413,0.0007618561241039842
task014-e270a185207543149c21da83202c4b73,CFG_ATC_M3_AL24477_A0V12_HOA_MONO_EPD5,CAR_ATC_M3_AL24477_A0V12_HOA_EPD5,ATC_M3_AL24477,A0V12,HOA,MONO,5.0,-1.0,-1.0,0.14945749283503154,0.0915901842400085,0.1802448156694824,0.007734168960720433,0.08832508329887531,0.03454791844654588,0.007854539442363626
task014-e270a185207543149c21da83202c4b73,CFG_ATC_M3_AL24477_A0V12_HOA_MONO_EPD5,CAR_ATC_M3_AL24477_A0V12_HOA_EPD5,ATC_M3_AL24477,A0V12,HOA,MONO,5.0,-1.25,-1.25,0.1008723372680643,0.028851629351054568,0.000558117407530751,0.06895559207793445,0.005622594016388353,0.037000854014436514,0.012998288265658743
task014-e270a185207543149c21da83202c4b73,CFG_ATC_M3_AL24477_A0V12_HOA_MONO_EPD5,CAR_ATC_M3_AL24477_A0V12_HOA_EPD5,ATC_M3_AL24477,A0V12,HOA,MONO,5.0,-1.5,-1.5,0.08192553162901492,0.005357882193296249,0.010236020888785419,0.014541347782540145,0.02428776750690114,0.024983182598023113,0.008008466270524404
task014-e270a185207543149c21da83202c4b73,CFG_ATC_M3_AL24477_A0V12_HOA_MONO_EPD5,CAR_ATC_M3_AL24477_A0V12_HOA_EPD5,ATC_M3_AL24477,A0V12,HOA,MONO,5.0,-1.75,-1.75,0.07410901943387777,0.1303806159977984,0.03368987794238134,0.0073515262556702165,0.01154315776754759,0.009382430135965906,0.011507512863011035
task014-e270a185207543149c21da83202c4b73,CFG_ATC_M3_AL24477_A0V12_HOA_MONO_EPD5,CAR_ATC_M3_AL24477_A0V12_HOA_EPD5,ATC_M3_AL24477,A0V12,HOA,MONO,5.0,-2.0,-2.0,0.06894779992795202,0.033677523205457166,0.03697847003061211,0.04358573109621522,0.001736987302994928,0.0068529158995178285,0.00741984432162633
task014-e270a185207543149c21da83202c4b73,CFG_ATC_M3_AL24477_A0V12_HOA_MONO_EPD5,CAR_ATC_M3_AL24477_A0V12_HOA_EPD5,ATC_M3_AL24477,A0V12,HOA,MONO,5.0,-2.25,-2.25,0.06330771224302398,0.11951591854685167,0.03356379105859083,0.003880895975925269,0.0014183067461741965,0.01198279530866355,0.005132371152103052
task014-e270a185207543149c21da83202c4b73,CFG_ATC_M3_AL24477_A0V12_HOA_MONO_EPD5,CAR_ATC_M3_AL24477_A0V12_HOA_EPD5,ATC_M3_AL24477,A0V12,HOA,MONO,5.0,-2.5,-2.5,0.05512795513665421,0.006333019788191763,0.015678605786612634,0.027099519108191146,0.00014259223983400108,0.0031064991819389105,0.001401380911089563
task014-e270a185207543149c21da83202c4b73,CFG_ATC_M3_AL24477_A0V12_HOA_MONO_EPD5,CAR_ATC_M3_AL24477_A0V12_HOA_EPD5,ATC_M3_AL24477,A0V12,HOA,MONO,5.0,-2.75,-2.75,0.04717426355213105,0.09559843399292357,0.00440013752443676,0.016855939727609612,0.0038335834810228984,0.004076549618598248,0.003125516790647874
task014-e270a185207543149c21da83202c4b73,CFG_ATC_M3_AL24477_A0V12_HOA_MONO_EPD5,CAR_ATC_M3_AL24477_A0V12_HOA_EPD5,ATC_M3_AL24477,A0V12,HOA,MONO,5.0,-3.0,-3.0,0.043311434121029196,0.04611132054945799,0.022582674094701313,0.0025503216985098944,0.004221905387669117,0.004248718700415309,0.0015862993787899883
task014-e270a185207543149c21da83202c4b73,CFG_ATC_M3_AL24477_A0V12_HOA_EDOF_EPD3,CAR_ATC_M3_AL24477_A0V12_HOA_EPD3,ATC_M3_AL24477,A0V12,HOA,EDOF,3.0,0.5,0.75,0.08568811379131441,0.04069683338379593,0.046081479661205765,0.04272946088125248,0.03571100516247355,0.02282527677721275,0.016276812486163767
task014-e270a185207543149c21da83202c4b73,CFG_ATC_M3_AL24477_A0V12_HOA_EDOF_EPD3,CAR_ATC_M3_AL24477_A0V12_HOA_EPD3,ATC_M3_AL24477,A0V12,HOA,EDOF,3.0,0.25,0.5,0.06855026005835194,0.07279892214981812,0.01939916044198288,0.006160044586876093,0.007295330882539537,0.0036147868813181487,0.029400279164198302
task014-e270a185207543149c21da83202c4b73,CFG_ATC_M3_AL24477_A0V12_HOA_EDOF_EPD3,CAR_ATC_M3_AL24477_A0V12_HOA_EPD3,ATC_M3_AL24477,A0V12,HOA,EDOF,3.0,0.0,0.25,0.09510189939703592,0.13425716008480076,0.0512352463948272,0.025495538421157204,0.03487164048071541,0.03087628473159116,0.021328597534789676
task014-e270a185207543149c21da83202c4b73,CFG_ATC_M3_AL24477_A0V12_HOA_EDOF_EPD3,CAR_ATC_M3_AL24477_A0V12_HOA_EPD3,ATC_M3_AL24477,A0V12,HOA,EDOF,3.0,-0.25,0.0,0.15283651859285552,0.18627986782729566,0.15429982412869858,0.12136772957150807,0.0729281916884263,0.07123023682511527,0.09317829045408031
task014-e270a185207543149c21da83202c4b73,CFG_ATC_M3_AL24477_A0V12_HOA_EDOF_EPD3,CAR_ATC_M3_AL24477_A0V12_HOA_EPD3,ATC_M3_AL24477,A0V12,HOA,EDOF,3.0,-0.5,-0.25,0.11364390293263914,0.18465524686774532,0.08781730306491917,0.0517684124197729,0.05372821629590335,0.015187792815713332,0.03266658931797324
task014-e270a185207543149c21da83202c4b73,CFG_ATC_M3_AL24477_A0V12_HOA_EDOF_EPD3,CAR_ATC_M3_AL24477_A0V12_HOA_EPD3,ATC_M3_AL24477,A0V12,HOA,EDOF,3.0,-0.75,-0.5,0.08228878534702314,0.1222071524779437,0.01745829934451837,0.01169873523172774,0.047773852548016096,0.006277194660941159,0.008232594320772925
task014-e270a185207543149c21da83202c4b73,CFG_ATC_M3_AL24477_A0V12_HOA_EDOF_EPD3,CAR_ATC_M3_AL24477_A0V12_HOA_EPD3,ATC_M3_AL24477,A0V12,HOA,EDOF,3.0,-1.0,-0.75,0.08153510702890925,0.04075565379611656,0.03488105942516887,0.041334934713511254,0.04576364849566073,0.028306671686216957,0.04552180899326824
task014-e270a185207543149c21da83202c4b73,CFG_ATC_M3_AL24477_A0V12_HOA_EDOF_EPD3,CAR_ATC_M3_AL24477_A0V12_HOA_EPD3,ATC_M3_AL24477,A0V12,HOA,EDOF,3.0,-1.25,-1.0,0.0645306424609201,0.0032095164234696993,0.07600098458995735,0.014214768168128836,0.017386487669581556,0.02591795562940225,0.021596089594507373
task014-e270a185207543149c21da83202c4b73,CFG_ATC_M3_AL24477_A0V12_HOA_EDOF_EPD3,CAR_ATC_M3_AL24477_A0V12_HOA_EPD3,ATC_M3_AL24477,A0V12,HOA,EDOF,3.0,-1.5,-1.25,0.059215189417910555,0.011066242957741723,0.016338003175094984,0.027047975281234697,0.016926675625003686,0.017753190264716737,0.00701967475959428
task014-e270a185207543149c21da83202c4b73,CFG_ATC_M3_AL24477_A0V12_HOA_EDOF_EPD3,CAR_ATC_M3_AL24477_A0V12_HOA_EPD3,ATC_M3_AL24477,A0V12,HOA,EDOF,3.0,-1.75,-1.5,0.04793865984817237,0.051183537413568785,0.01614560768323487,0.012264447862073275,0.0031482760297228416,0.00042276701449921205,0.011116539401272335
task014-e270a185207543149c21da83202c4b73,CFG_ATC_M3_AL24477_A0V12_HOA_EDOF_EPD3,CAR_ATC_M3_AL24477_A0V12_HOA_EPD3,ATC_M3_AL24477,A0V12,HOA,EDOF,3.0,-2.0,-1.75,0.04095266856950085,0.06566922930617997,0.02372299509869782,0.00811988027814602,0.0012737005478959695,0.017460985311113203,0.0020857444004789135
task014-e270a185207543149c21da83202c4b73,CFG_ATC_M3_AL24477_A0V12_HOA_EDOF_EPD3,CAR_ATC_M3_AL24477_A0V12_HOA_EPD3,ATC_M3_AL24477,A0V12,HOA,EDOF,3.0,-2.25,-2.0,0.04200896100053644,0.03614007826580491,0.007448139813166619,0.026594459723485432,0.0002421917831031885,0.006442660778999917,0.012705586326220208
task014-e270a185207543149c21da83202c4b73,CFG_ATC_M3_AL24477_A0V12_HOA_EDOF_EPD3,CAR_ATC_M3_AL24477_A0V12_HOA_EPD3,ATC_M3_AL24477,A0V12,HOA,EDOF,3.0,-2.5,-2.25,0.043165352057509716,0.005814998177595596,0.036379053903644404,0.014009648484945155,0.0014370699943983972,0.03991000218634508,0.005085061355718207
task014-e270a185207543149c21da83202c4b73,CFG_ATC_M3_AL24477_A0V12_HOA_EDOF_EPD3,CAR_ATC_M3_AL24477_A0V12_HOA_EPD3,ATC_M3_AL24477,A0V12,HOA,EDOF,3.0,-2.75,-2.5,0.04231583911341489,0.014718294154795674,0.04992619343551914,0.017947521716157842,0.020770171769318654,0.00013607875897984716,0.009926476734139015
task014-e270a185207543149c21da83202c4b73,CFG_ATC_M3_AL24477_A0V12_HOA_EDOF_EPD3,CAR_ATC_M3_AL24477_A0V12_HOA_EPD3,ATC_M3_AL24477,A0V12,HOA,EDOF,3.0,-3.0,-2.75,0.03330401033108917,0.018406276635298143,0.016936195878704548,0.0009496574279661213,0.0035105455570398235,0.0068699763503281535,0.0016527331464252512
task014-e270a185207543149c21da83202c4b73,CFG_ATC_M3_AL24477_A0V12_HOA_EDOF_EPD5,CAR_ATC_M3_AL24477_A0V12_HOA_EPD5,ATC_M3_AL24477,A0V12,HOA,EDOF,5.0,0.5,1.0,0.04407025274349522,0.015206251633662734,0.007613186423989032,0.004720231548642991,0.008557012850619175,0.005076801369596737,0.0017014431871494322
task014-e270a185207543149c21da83202c4b73,CFG_ATC_M3_AL24477_A0V12_HOA_EDOF_EPD5,CAR_ATC_M3_AL24477_A0V12_HOA_EPD5,ATC_M3_AL24477,A0V12,HOA,EDOF,5.0,0.25,0.75,0.04623743953648075,0.03422012248504164,0.011793669053187739,0.01070187256178336,0.005670340841605668,0.008592576910539437,0.011075131557808825
task014-e270a185207543149c21da83202c4b73,CFG_ATC_M3_AL24477_A0V12_HOA_EDOF_EPD5,CAR_ATC_M3_AL24477_A0V12_HOA_EPD5,ATC_M3_AL24477,A0V12,HOA,EDOF,5.0,0.0,0.5,0.060700598920652604,0.05722502408218561,0.004476021283743581,0.013649597629897302,0.013005586558330656,0.008338176099190294,0.007115616068866515
task014-e270a185207543149c21da83202c4b73,CFG_ATC_M3_AL24477_A0V12_HOA_EDOF_EPD5,CAR_ATC_M3_AL24477_A0V12_HOA_EPD5,ATC_M3_AL24477,A0V12,HOA,EDOF,5.0,-0.25,0.25,0.1404869623481586,0.20669725148807233,0.10127651124635484,0.08435934186269245,0.06816958201984545,0.05908727797899055,0.07214332180705696
task014-e270a185207543149c21da83202c4b73,CFG_ATC_M3_AL24477_A0V12_HOA_EDOF_EPD5,CAR_ATC_M3_AL24477_A0V12_HOA_EPD5,ATC_M3_AL24477,A0V12,HOA,EDOF,5.0,-0.5,0.0,0.1962261667636491,0.27226135067744905,0.2021661484877763,0.14336892859552264,0.07410830788540451,0.08190810603759575,0.06401466266907782
task014-e270a185207543149c21da83202c4b73,CFG_ATC_M3_AL24477_A0V12_HOA_EDOF_EPD5,CAR_ATC_M3_AL24477_A0V12_HOA_EPD5,ATC_M3_AL24477,A0V12,HOA,EDOF,5.0,-0.75,-0.25,0.12772219934628085,0.2536137029667249,0.0005669027522333735,0.0040213153999147135,0.035948309659320124,0.032008765883172426,0.01555357619313132
task014-e270a185207543149c21da83202c4b73,CFG_ATC_M3_AL24477_A0V12_HOA_EDOF_EPD5,CAR_ATC_M3_AL24477_A0V12_HOA_EPD5,ATC_M3_AL24477,A0V12,HOA,EDOF,5.0,-1.0,-0.5,0.1729606405582422,0.1656838638405529,0.12770649100063594,0.09010934633223969,0.09721766761557883,0.09076429890459328,0.07545664645138961
task014-e270a185207543149c21da83202c4b73,CFG_ATC_M3_AL24477_A0V12_HOA_EDOF_EPD5,CAR_ATC_M3_AL24477_A0V12_HOA_EPD5,ATC_M3_AL24477,A0V12,HOA,EDOF,5.0,-1.25,-0.75,0.11863858742355966,0.022862949316098048,0.07465749863563304,0.04877384748427345,0.06174745640711854,0.06061671225694486,0.04992268446401299
task014-e270a185207543149c21da83202c4b73,CFG_ATC_M3_AL24477_A0V12_HOA_EDOF_EPD5,CAR_ATC_M3_AL24477_A0V12_HOA_EPD5,ATC_M3_AL24477,A0V12,HOA,EDOF,5.0,-1.5,-1.0,0.07673977805948876,0.01227207831600188,0.008337179304322234,0.016694259175525868,0.038391464704134654,0.03702277298689752,0.015523096866731912
task014-e270a185207543149c21da83202c4b73,CFG_ATC_M3_AL24477_A0V12_HOA_EDOF_EPD5,CAR_ATC_M3_AL24477_A0V12_HOA_EPD5,ATC_M3_AL24477,A0V12,HOA,EDOF,5.0,-1.75,-1.25,0.059677452517351036,0.11759529424716095,0.02898020888854832,0.02488287147084551,0.028477075250804455,0.01205224581832992,0.010248315445617237
task014-e270a185207543149c21da83202c4b73,CFG_ATC_M3_AL24477_A0V12_HOA_EDOF_EPD5,CAR_ATC_M3_AL24477_A0V12_HOA_EPD5,ATC_M3_AL24477,A0V12,HOA,EDOF,5.0,-2.0,-1.5,0.05688012461854192,0.03507523234293965,0.021858833210508192,0.02342928865999764,0.019752470302381822,0.0089541156924435,0.006504990727144253
task014-e270a185207543149c21da83202c4b73,CFG_ATC_M3_AL24477_A0V12_HOA_EDOF_EPD5,CAR_ATC_M3_AL24477_A0V12_HOA_EPD5,ATC_M3_AL24477,A0V12,HOA,EDOF,5.0,-2.25,-1.75,0.05612354825534104,0.09866482029176646,0.026832574352092763,0.014774154768122681,0.009262737467321286,0.006664998810632133,0.012431124588246864
task014-e270a185207543149c21da83202c4b73,CFG_ATC_M3_AL24477_A0V12_HOA_EDOF_EPD5,CAR_ATC_M3_AL24477_A0V12_HOA_EPD5,ATC_M3_AL24477,A0V12,HOA,EDOF,5.0,-2.5,-2.0,0.05242617982646682,0.02633776304437939,0.003921275318517558,0.014739241063939168,0.0009264891094387625,0.006756356566185139,0.0022662197525039575
task014-e270a185207543149c21da83202c4b73,CFG_ATC_M3_AL24477_A0V12_HOA_EDOF_EPD5,CAR_ATC_M3_AL24477_A0V12_HOA_EPD5,ATC_M3_AL24477,A0V12,HOA,EDOF,5.0,-2.75,-2.25,0.044859615269612775,0.0992463871837226,0.003995722452121401,0.004407442550336844,0.003518538847716827,0.0013759092316702791,0.0018785228032056295
task014-e270a185207543149c21da83202c4b73,CFG_ATC_M3_AL24477_A0V12_HOA_EDOF_EPD5,CAR_ATC_M3_AL24477_A0V12_HOA_EPD5,ATC_M3_AL24477,A0V12,HOA,EDOF,5.0,-3.0,-2.5,0.04508767540739178,0.051468290761601566,0.027513513345110572,0.007512381442585478,0.007711700039809094,0.0057949891248096266,0.002915106716011729
task014-e270a185207543149c21da83202c4b73,CFG_ATC_M3_AL24477_A0V12_RAD_MONO_EPD3,CAR_ATC_M3_AL24477_A0V12_RAD_EPD3,ATC_M3_AL24477,A0V12,RAD,MONO,3.0,0.5,0.5,0.16162026127791165,0.36354920674814906,0.023609038182053326,0.05043921641107499,0.024309826044634296,0.01470764132047093,0.01704522049855336
task014-e270a185207543149c21da83202c4b73,CFG_ATC_M3_AL24477_A0V12_RAD_MONO_EPD3,CAR_ATC_M3_AL24477_A0V12_RAD_EPD3,ATC_M3_AL24477,A0V12,RAD,MONO,3.0,0.25,0.25,0.3311387909478819,0.7013787713646609,0.38863766353146467,0.20085998520814347,0.10835772231710092,0.07032773019755911,0.05901892714461881
task014-e270a185207543149c21da83202c4b73,CFG_ATC_M3_AL24477_A0V12_RAD_MONO_EPD3,CAR_ATC_M3_AL24477_A0V12_RAD_EPD3,ATC_M3_AL24477,A0V12,RAD,MONO,3.0,0.0,0.0,0.6052762857808955,0.8625051215333992,0.7274030747087089,0.5968987135059568,0.47178981981792006,0.3537892198105465,0.2440480027824279
task014-e270a185207543149c21da83202c4b73,CFG_ATC_M3_AL24477_A0V12_RAD_MONO_EPD3,CAR_ATC_M3_AL24477_A0V12_RAD_EPD3,ATC_M3_AL24477,A0V12,RAD,MONO,3.0,-0.25,-0.25,0.33840754377718785,0.7308035513863845,0.39863371559826716,0.18908595389098393,0.10171206198759454,0.08054232884105623,0.0836661091690539
task014-e270a185207543149c21da83202c4b73,CFG_ATC_M3_AL24477_A0V12_RAD_MONO_EPD3,CAR_ATC_M3_AL24477_A0V12_RAD_EPD3,ATC_M3_AL24477,A0V12,RAD,MONO,3.0,-0.5,-0.5,0.17331709006966525,0.38431841530066807,0.05694360498931777,0.07173964310461489,0.029500573387019117,0.017953438675884982,0.01935437594246012
task014-e270a185207543149c21da83202c4b73,CFG_ATC_M3_AL24477_A0V12_RAD_MONO_EPD3,CAR_ATC_M3_AL24477_A0V12_RAD_EPD3,ATC_M3_AL24477,A0V12,RAD,MONO,3.0,-0.75,-0.75,0.12289558207455116,0.03941972822397545,0.045553078850098176,0.04418556374150792,0.02370489443793522,0.01566731445934888,0.0161800684315205
task014-e270a185207543149c21da83202c4b73,CFG_ATC_M3_AL24477_A0V12_RAD_MONO_EPD3,CAR_ATC_M3_AL24477_A0V12_RAD_EPD3,ATC_M3_AL24477,A0V12,RAD,MONO,3.0,-1.0,-1.0,0.09190505975976,0.12145816948469856,0.05536051748770725,0.017791849674587988,0.01228873003251202,0.007801813552310299,0.007112215910501803
task014-e270a185207543149c21da83202c4b73,CFG_ATC_M3_AL24477_A0V12_RAD_MONO_EPD3,CAR_ATC_M3_AL24477_A0V12_RAD_EPD3,ATC_M3_AL24477,A0V12,RAD,MONO,3.0,-1.25,-1.25,0.07433734140658413,0.08372521294321517,0.01345162804961792,0.010057166337573932,0.011143355437515387,0.0076882223038488426,0.005430281257636095
task014-e270a185207543149c21da83202c4b73,CFG_ATC_M3_AL24477_A0V12_RAD_MONO_EPD3,CAR_ATC_M3_AL24477_A0V12_RAD_EPD3,ATC_M3_AL24477,A0V12,RAD,MONO,3.0,-1.5,-1.5,0.06174348397061545,0.02211232025715805,0.01267274429620124,0.00106229551705767,0.00777096544825745,0.004223238972278684,0.0020712778968235137
task014-e270a185207543149c21da83202c4b73,CFG_ATC_M3_AL24477_A0V12_RAD_MONO_EPD3,CAR_ATC_M3_AL24477_A0V12_RAD_EPD3,ATC_M3_AL24477,A0V12,RAD,MONO,3.0,-1.75,-1.75,0.05291851026251733,0.06380874518963989,0.021756119017276334,0.001254145178820737,0.006176838748195452,0.005327980308222272,0.000505238222902712
task014-e270a185207543149c21da83202c4b73,CFG_ATC_M3_AL24477_A0V12_RAD_MONO_EPD3,CAR_ATC_M3_AL24477_A0V12_RAD_EPD3,ATC_M3_AL24477,A0V12,RAD,MONO,3.0,-2.0,-2.0,0.046714261386650364,0.02177922988918134,0.010747254760311778,0.005830262004045313,0.004973602839223705,0.0043776335869878365,0.0018111895050390012
task014-e270a185207543149c21da83202c4b73,CFG_ATC_M3_AL24477_A0V12_RAD_MONO_EPD3,CAR_ATC_M3_AL24477_A0V12_RAD_EPD3,ATC_M3_AL24477,A0V12,RAD,MONO,3.0,-2.25,-2.25,0.041103540079134714,0.029600075154767175,0.0023194093519154605,0.004740099279158158,0.005619338897096768,0.0033095913879408636,0.002331504165023802
task014-e270a185207543149c21da83202c4b73,CFG_ATC_M3_AL24477_A0V12_RAD_MONO_EPD3,CAR_ATC_M3_AL24477_A0V12_RAD_EPD3,ATC_M3_AL24477,A0V12,RAD,MONO,3.0,-2.5,-2.5,0.03709666193554671,0.028756243550376155,0.0109574449607752,0.0057944749990962675,0.00449143568492626,0.0032780051144553944,0.0019157878850042966
task014-e270a185207543149c21da83202c4b73,CFG_ATC_M3_AL24477_A0V12_RAD_MONO_EPD3,CAR_ATC_M3_AL24477_A0V12_RAD_EPD3,ATC_M3_AL24477,A0V12,RAD,MONO,3.0,-2.75,-2.75,0.03424774201435557,0.008097718730190315,0.009784259049708645,0.005838600014981984,0.003471939030400786,0.0023504426223169604,0.0021201312028506767
task014-e270a185207543149c21da83202c4b73,CFG_ATC_M3_AL24477_A0V12_RAD_MONO_EPD3,CAR_ATC_M3_AL24477_A0V12_RAD_EPD3,ATC_M3_AL24477,A0V12,RAD,MONO,3.0,-3.0,-3.0,0.031297664132121254,0.0257843448151418,0.0017267323775712567,0.006027652607908758,0.003044783444249468,0.0017833925568996167,0.001066580469361876
task014-e270a185207543149c21da83202c4b73,CFG_ATC_M3_AL24477_A0V12_RAD_MONO_EPD5,CAR_ATC_M3_AL24477_A0V12_RAD_EPD5,ATC_M3_AL24477,A0V12,RAD,MONO,5.0,0.5,0.75,0.06975353890223233,0.07387289460489758,0.00412020843878378,0.0066092528382035755,0.0035931352231417277,0.0026565272734242872,0.0036071938497282403
task014-e270a185207543149c21da83202c4b73,CFG_ATC_M3_AL24477_A0V12_RAD_MONO_EPD5,CAR_ATC_M3_AL24477_A0V12_RAD_EPD5,ATC_M3_AL24477,A0V12,RAD,MONO,5.0,0.25,0.5,0.12728660214625084,0.18363283111602483,0.08508923905679665,0.015499341984284194,0.013545157677761885,0.0139397727967065,0.010456149519198045
task014-e270a185207543149c21da83202c4b73,CFG_ATC_M3_AL24477_A0V12_RAD_MONO_EPD5,CAR_ATC_M3_AL24477_A0V12_RAD_EPD5,ATC_M3_AL24477,A0V12,RAD,MONO,5.0,0.0,0.25,0.3593758599670357,0.5256833375091774,0.34164570589920296,0.2875132990001866,0.24268835137135136,0.19664133366257688,0.14938228944662335
task014-e270a185207543149c21da83202c4b73,CFG_ATC_M3_AL24477_A0V12_RAD_MONO_EPD5,CAR_ATC_M3_AL24477_A0V12_RAD_EPD5,ATC_M3_AL24477,A0V12,RAD,MONO,5.0,-0.25,0.0,0.37800544570191735,0.7796166225700659,0.5086323836990289,0.28458620476785396,0.13583179792068734,0.05508573291301961,0.023130002396770422
task014-e270a185207543149c21da83202c4b73,CFG_ATC_M3_AL24477_A0V12_RAD_MONO_EPD5,CAR_ATC_M3_AL24477_A0V12_RAD_EPD5,ATC_M3_AL24477,A0V12,RAD,MONO,5.0,-0.5,-0.25,0.19599274133837744,0.3899074089984619,0.14154276424753742,0.03907329008436074,0.11934062998172774,0.013805307806669666,0.028666942779340128
task014-e270a185207543149c21da83202c4b73,CFG_ATC_M3_AL24477_A0V12_RAD_MONO_EPD5,CAR_ATC_M3_AL24477_A0V12_RAD_EPD5,ATC_M3_AL24477,A0V12,RAD,MONO,5.0,-0.75,-0.5,0.13126444269552753,0.17243619940017224,0.13791378890230965,0.07956918805678173,0.05755977502069269,0.015803044453074004,0.013681320473784214
task014-e270a185207543149c21da83202c4b73,CFG_ATC_M3_AL24477_A0V12_RAD_MONO_EPD5,CAR_ATC_M3_AL24477_A0V12_RAD_EPD5,ATC_M3_AL24477,A0V12,RAD,MONO,5.0,-1.0,-0.75,0.09508348288477252,0.11600708030676764,0.09056543511119297,0.0013623531122273595,0.029429606800921947,0.01647809587073749,0.009699218993185762
task014-e270a185207543149c21da83202c4b73,CFG_ATC_M3_AL24477_A0V12_RAD_MONO_EPD5,CAR_ATC_M3_AL24477_A0V12_RAD_EPD5,ATC_M3_AL24477,A0V12,RAD,MONO,5.0,-1.25,-1.0,0.07248305715205156,0.1340615287677495,0.061285365351798016,0.029437156780649704,0.017385435833301266,0.004212992700351642,0.0024507095070339206
task014-e270a185207543149c21da83202c4b73,CFG_ATC_M3_AL24477_A0V12_RAD_MONO_EPD5,CAR_ATC_M3_AL24477_A0V12_RAD_EPD5,ATC_M3_AL24477,A0V12,RAD,MONO,5.0,-1.5,-1.25,0.0579681263658746,0.00866827054129474,0.027235793852413467,0.01758025307661715,0.011683378792173004,0.005201965544519155,0.003398751037177806
task014-e270a185207543149c21da83202c4b73,CFG_ATC_M3_AL24477_A0V12_RAD_MONO_EPD5,CAR_ATC_M3_AL24477_A0V12_RAD_EPD5,ATC_M3_AL24477,A0V12,RAD,MONO,5.0,-1.75,-1.5,0.047544213820388474,0.07576523373890277,0.0010017718520100465,0.004347493546374981,0.006276867712834175,0.003629974754687894,0.0022598060992304837
task014-e270a185207543149c21da83202c4b73,CFG_ATC_M3_AL24477_A0V12_RAD_MONO_EPD5,CAR_ATC_M3_AL24477_A0V12_RAD_EPD5,ATC_M3_AL24477,A0V12,RAD,MONO,5.0,-2.0,-1.75,0.04016010994750076,0.042332449725634554,0.015214031568822995,0.005299947290861567,0.0021586830326735204,0.0030366557354963627,0.0013856289976569758
task014-e270a185207543149c21da83202c4b73,CFG_ATC_M3_AL24477_A0V12_RAD_MONO_EPD5,CAR_ATC_M3_AL24477_A0V12_RAD_EPD5,ATC_M3_AL24477,A0V12,RAD,MONO,5.0,-2.25,-2.0,0.03220046455877894,0.015123562410104992,0.014585430082753096,0.00708729121857996,8.998869743280459e-05,0.001912146490105277,0.0023579946528505457
task014-e270a185207543149c21da83202c4b73,CFG_ATC_M3_AL24477_A0V12_RAD_MONO_EPD5,CAR_ATC_M3_AL24477_A0V12_RAD_EPD5,ATC_M3_AL24477,A0V12,RAD,MONO,5.0,-2.5,-2.25,0.029345442703354582,0.035574516955135645,0.006528766060267266,0.005033395656700022,0.0030320857951778146,0.0012064261978047093,0.001165210743603345
task014-e270a185207543149c21da83202c4b73,CFG_ATC_M3_AL24477_A0V12_RAD_MONO_EPD5,CAR_ATC_M3_AL24477_A0V12_RAD_EPD5,ATC_M3_AL24477,A0V12,RAD,MONO,5.0,-2.75,-2.5,0.025894365969544853,0.017450422229725808,0.003968556084941461,0.0029940244606225727,0.002756248212882798,0.001706333029486293,0.0008212228845334255
task014-e270a185207543149c21da83202c4b73,CFG_ATC_M3_AL24477_A0V12_RAD_MONO_EPD5,CAR_ATC_M3_AL24477_A0V12_RAD_EPD5,ATC_M3_AL24477,A0V12,RAD,MONO,5.0,-3.0,-2.75,0.021917283564627923,0.007145634734641009,0.008162964063069822,0.00027689056168606004,0.002022572840067641,0.0009191650191135431,0.0017876691220065663
task014-e270a185207543149c21da83202c4b73,CFG_ATC_M3_AL24477_A0V12_RAD_EDOF_EPD3,CAR_ATC_M3_AL24477_A0V12_RAD_EPD3,ATC_M3_AL24477,A0V12,RAD,EDOF,3.0,0.5,0.5,0.13606328445798388,0.29771958447845137,0.07029012050382016,0.05961175123334266,0.03873916610303678,0.01359215549695737,0.0004263401571736918
task014-e270a185207543149c21da83202c4b73,CFG_ATC_M3_AL24477_A0V12_RAD_EDOF_EPD3,CAR_ATC_M3_AL24477_A0V12_RAD_EPD3,ATC_M3_AL24477,A0V12,RAD,EDOF,3.0,0.25,0.25,0.17726721911126272,0.3585091604367683,0.18016114776580086,0.04849779724044537,0.01916504116302454,0.05029149362517092,0.034209758687042416
task014-e270a185207543149c21da83202c4b73,CFG_ATC_M3_AL24477_A0V12_RAD_EDOF_EPD3,CAR_ATC_M3_AL24477_A0V12_RAD_EPD3,ATC_M3_AL24477,A0V12,RAD,EDOF,3.0,0.0,0.0,0.32282764495664173,0.3735961642964085,0.36978678292479006,0.3150533614866339,0.24209845388732698,0.16591147929859199,0.1141687717864365
task014-e270a185207543149c21da83202c4b73,CFG_ATC_M3_AL24477_A0V12_RAD_EDOF_EPD3,CAR_ATC_M3_AL24477_A0V12_RAD_EPD3,ATC_M3_AL24477,A0V12,RAD,EDOF,3.0,-0.25,-0.25,0.18712996415115948,0.3394526821913856,0.22344933740639197,0.09863769999355822,0.02908400463313971,0.010325781303419105,0.01848269083766272
task014-e270a185207543149c21da83202c4b73,CFG_ATC_M3_AL24477_A0V12_RAD_EDOF_EPD3,CAR_ATC_M3_AL24477_A0V12_RAD_EPD3,ATC_M3_AL24477,A0V12,RAD,EDOF,3.0,-0.5,-0.5,0.1437912058751302,0.275101584812123,0.002578719788408226,0.00568465183355285,0.0499082918543832,0.00818959968803417,0.0572793959771076
task014-e270a185207543149c21da83202c4b73,CFG_ATC_M3_AL24477_A0V12_RAD_EDOF_EPD3,CAR_ATC_M3_AL24477_A0V12_RAD_EPD3,ATC_M3_AL24477,A0V12,RAD,EDOF,3.0,-0.75,-0.75,0.17889287526613906,0.2151954545843186,0.06504285477228366,0.11462034353760413,0.11117497208628171,0.11224748241874882,0.014403848507471813
task014-e270a185207543149c21da83202c4b73,CFG_ATC_M3_AL24477_A0V12_RAD_EDOF_EPD3,CAR_ATC_M3_AL24477_A0V12_RAD_EPD3,ATC_M3_AL24477,A0V12,RAD,EDOF,3.0,-1.0,-1.0,0.14550345043236249,0.1849441976333916,0.11519026241105478,0.019420429917079388,0.00036997254317769866,0.10062287031403197,0.03556598472640851
task014-e270a185207543149c21da83202c4b73,CFG_ATC_M3_AL24477_A0V12_RAD_EDOF_EPD3,CAR_ATC_M3_AL24477_A0V12_RAD_EPD3,ATC_M3_AL24477,A0V12,RAD,EDOF,3.0,-1.25,-1.25,0.12291878153408893,0.17658417567789592,0.0034974828339309864,0.02856610613504655,0.0074760502619899164,0.04855813541072075,0.06199587291828607
task014-e270a185207543149c21da83202c4b73,CFG_ATC_M3_AL24477_A0V12_RAD_EDOF_EPD3,CAR_ATC_M3_AL24477_A0V12_RAD_EPD3,ATC_M3_AL24477,A0V12,RAD,EDOF,3.0,-1.5,-1.5,0.13870799703522946,0.15470482922934087,0.03881128069951474,0.1147706686775666,0.06842907549881755,0.027439453521208617,0.06549257009830324
task014-e270a185207543149c21da83202c4b73,CFG_ATC_M3_AL24477_A0V12_RAD_EDOF_EPD3,CAR_ATC_M3_AL24477_A0V12_RAD_EPD3,ATC_M3_AL24477,A0V12,RAD,EDOF,3.0,-1.75,-1.75,0.12672895708492568,0.09301130304336046,0.14518136967559114,0.06596340807526882,0.06255912010485429,0.03682909434580289,0.05602219634097992
task014-e270a185207543149c21da83202c4b73,CFG_ATC_M3_AL24477_A0V12_RAD_EDOF_EPD3,CAR_ATC_M3_AL24477_A0V12_RAD_EPD3,ATC_M3_AL24477,A0V12,RAD,EDOF,3.0,-2.0,-2.0,0.07830441913316197,0.008692119150083624,0.0769111825668792,0.015827058525516413,0.004593663494118877,0.019174019438707408,0.032345548752576496
task014-e270a185207543149c21da83202c4b73,CFG_ATC_M3_AL24477_A0V12_RAD_EDOF_EPD3,CAR_ATC_M3_AL24477_A0V12_RAD_EPD3,ATC_M3_AL24477,A0V12,RAD,EDOF,3.0,-2.25,-2.25,0.06362397712292357,0.0452284737951257,0.0341245807070828,0.0007329398074199546,0.004133368155707056,0.011265665093538112,0.011323118952950777
task014-e270a185207543149c21da83202c4b73,CFG_ATC_M3_AL24477_A0V12_RAD_EDOF_EPD3,CAR_ATC_M3_AL24477_A0V12_RAD_EPD3,ATC_M3_AL24477,A0V12,RAD,EDOF,3.0,-2.5,-2.5,0.05811603910726451,0.029549675511964604,0.040413988226583736,0.03290263248390066,0.005531048784896612,0.001579180913331842,0.009324516235829253
task014-e270a185207543149c21da83202c4b73,CFG_ATC_M3_AL24477_A0V12_RAD_EDOF_EPD3,CAR_ATC_M3_AL24477_A0V12_RAD_EPD3,ATC_M3_AL24477,A0V12,RAD,EDOF,3.0,-2.75,-2.75,0.05288943462840494,0.03742407188448292,0.015471967840921773,0.0033481906778030025,0.007719871352967577,0.004349045573841992,0.0028920117063606678
task014-e270a185207543149c21da83202c4b73,CFG_ATC_M3_AL24477_A0V12_RAD_EDOF_EPD3,CAR_ATC_M3_AL24477_A0V12_RAD_EPD3,ATC_M3_AL24477,A0V12,RAD,EDOF,3.0,-3.0,-3.0,0.04812076907806701,0.09056720185595585,0.047471865702984936,0.0037754946162667745,0.0023687070846748707,0.0003446655772734132,0.0023445179823693273
task014-e270a185207543149c21da83202c4b73,CFG_ATC_M3_AL24477_A0V12_RAD_EDOF_EPD5,CAR_ATC_M3_AL24477_A0V12_RAD_EPD5,ATC_M3_AL24477,A0V12,RAD,EDOF,5.0,0.5,0.5,0.08019499347646596,0.0511350245700541,0.02304843876085911,0.06560607510090785,0.024127680664515105,0.017178536160119395,0.012903176397900309
task014-e270a185207543149c21da83202c4b73,CFG_ATC_M3_AL24477_A0V12_RAD_EDOF_EPD5,CAR_ATC_M3_AL24477_A0V12_RAD_EPD5,ATC_M3_AL24477,A0V12,RAD,EDOF,5.0,0.25,0.25,0.1251717089163548,0.13291278156504416,0.06631003838321779,0.006841463774881429,0.02383783361630526,0.04958550034417315,0.028705788576319377
task014-e270a185207543149c21da83202c4b73,CFG_ATC_M3_AL24477_A0V12_RAD_EDOF_EPD5,CAR_ATC_M3_AL24477_A0V12_RAD_EPD5,ATC_M3_AL24477,A0V12,RAD,EDOF,5.0,0.0,0.0,0.31121192011153104,0.4672242084643953,0.2744109035327214,0.21105861605524695,0.2285179510407584,0.16214126103811438,0.13710990481643048
task014-e270a185207543149c21da83202c4b73,CFG_ATC_M3_AL24477_A0V12_RAD_EDOF_EPD5,CAR_ATC_M3_AL24477_A0V12_RAD_EPD5,ATC_M3_AL24477,A0V12,RAD,EDOF,5.0,-0.25,-0.25,0.2666677548607243,0.5972869886944039,0.33888824358396386,0.1281438851007869,0.02568316221885266,0.03294721394032493,0.015203296788750435
task014-e270a185207543149c21da83202c4b73,CFG_ATC_M3_AL24477_A0V12_RAD_EDOF_EPD5,CAR_ATC_M3_AL24477_A0V12_RAD_EPD5,ATC_M3_AL24477,A0V12,RAD,EDOF,5.0,-0.5,-0.5,0.1508126759392065,0.1704978410159789,0.06333757185343816,0.0967902341770728,0.06003975284979912,0.03208757196220046,0.01695800467217551
task014-e270a185207543149c21da83202c4b73,CFG_ATC_M3_AL24477_A0V12_RAD_EDOF_EPD5,CAR_ATC_M3_AL24477_A0V12_RAD_EPD5,ATC_M3_AL24477,A0V12,RAD,EDOF,5.0,-0.75,-0.75,0.11199079991651711,0.1284110373964154,0.07956955145912382,0.028778476550749124,0.05289716142031089,0.029903686905120498,0.023798395192344356
task014-e270a185207543149c21da83202c4b73,CFG_ATC_M3_AL24477_A0V12_RAD_EDOF_EPD5,CAR_ATC_M3_AL24477_A0V12_RAD_EPD5,ATC_M3_AL24477,A0V12,RAD,EDOF,5.0,-1.0,-1.0,0.09331902063220975,0.11684101694214231,0.015314215296674465,0.023407532927351715,0.008000587121997372,0.04739053691966388,0.02965336642542303
task014-e270a185207543149c21da83202c4b73,CFG_ATC_M3_AL24477_A0V12_RAD_EDOF_EPD5,CAR_ATC_M3_AL24477_A0V12_RAD_EPD5,ATC_M3_AL24477,A0V12,RAD,EDOF,5.0,-1.25,-1.25,0.07725724151708098,0.21777902246895053,0.006090100067056197,0.013341105688163532,0.005295956788381085,0.026720637603573367,0.023038311918951275
task014-e270a185207543149c21da83202c4b73,CFG_ATC_M3_AL24477_A0V12_RAD_EDOF_EPD5,CAR_ATC_M3_AL24477_A0V12_RAD_EPD5,ATC_M3_AL24477,A0V12,RAD,EDOF,5.0,-1.5,-1.5,0.07141208636440716,0.01756133464047284,0.04324765077743951,0.03993857153223207,0.025312577253809067,0.008259144422597552,0.02414426981947991
task014-e270a185207543149c21da83202c4b73,CFG_ATC_M3_AL24477_A0V12_RAD_EDOF_EPD5,CAR_ATC_M3_AL24477_A0V12_RAD_EPD5,ATC_M3_AL24477,A0V12,RAD,EDOF,5.0,-1.75,-1.75,0.0589640724051046,0.03400964383259807,0.0087827414245535,0.03248872930529293,0.015889548134622754,0.0044645906449077635,0.017476458750034084
task014-e270a185207543149c21da83202c4b73,CFG_ATC_M3_AL24477_A0V12_RAD_EDOF_EPD5,CAR_ATC_M3_AL24477_A0V12_RAD_EPD5,ATC_M3_AL24477,A0V12,RAD,EDOF,5.0,-2.0,-2.0,0.04467146631045173,0.06438110967101796,0.05601876918464298,0.005913771110870035,0.0014170913568917107,0.0053116161898765345,0.007598124273819302
task014-e270a185207543149c21da83202c4b73,CFG_ATC_M3_AL24477_A0V12_RAD_EDOF_EPD5,CAR_ATC_M3_AL24477_A0V12_RAD_EPD5,ATC_M3_AL24477,A0V12,RAD,EDOF,5.0,-2.25,-2.25,0.03679361667828099,0.015519386181583071,0.01466789887329428,0.0076916373292575365,0.00045701266729656763,0.007059217115176585,0.006690771677307106
task014-e270a185207543149c21da83202c4b73,CFG_ATC_M3_AL24477_A0V12_RAD_EDOF_EPD5,CAR_ATC_M3_AL24477_A0V12_RAD_EPD5,ATC_M3_AL24477,A0V12,RAD,EDOF,5.0,-2.5,-2.5,0.03168710630274194,0.03513509300505696,0.023244996373260683,0.010817304655125863,0.0011592301189637883,0.003112100272860149,0.003689114718966427
task014-e270a185207543149c21da83202c4b73,CFG_ATC_M3_AL24477_A0V12_RAD_EDOF_EPD5,CAR_ATC_M3_AL24477_A0V12_RAD_EPD5,ATC_M3_AL24477,A0V12,RAD,EDOF,5.0,-2.75,-2.75,0.028799316306644798,0.026898872453454063,0.012928119105916219,0.003355298800577878,0.0004446302977045765,0.0006957575051986187,0.00045009959957654854
task014-e270a185207543149c21da83202c4b73,CFG_ATC_M3_AL24477_A0V12_RAD_EDOF_EPD5,CAR_ATC_M3_AL24477_A0V12_RAD_EPD5,ATC_M3_AL24477,A0V12,RAD,EDOF,5.0,-3.0,-3.0,0.02557105105836904,0.025898551663221983,0.01452406643593197,0.005520387310809729,0.0007787608277393462,0.0007551348961480241,0.001853804887292137
task014-e270a185207543149c21da83202c4b73,CFG_ATC_M3_AL24477_A0V12_WFS_MONO_EPD3,CAR_ATC_M3_AL24477_A0V12_WFS_EPD3,ATC_M3_AL24477,A0V12,WFS,MONO,3.0,0.5,0.5,0.1600053599470742,0.37048119868154983,0.008354301912837285,0.03536288243262279,0.023645639996436103,0.017023729126308958,0.018079797872154767
task014-e270a185207543149c21da83202c4b73,CFG_ATC_M3_AL24477_A0V12_WFS_MONO_EPD3,CAR_ATC_M3_AL24477_A0V12_WFS_EPD3,ATC_M3_AL24477,A0V12,WFS,MONO,3.0,0.25,0.25,0.3469836042064748,0.6981801763413058,0.4090645316565358,0.2354950046854116,0.13704250716567232,0.08420595278295191,0.05950559596002842
task014-e270a185207543149c21da83202c4b73,CFG_ATC_M3_AL24477_A0V12_WFS_MONO_EPD3,CAR_ATC_M3_AL24477_A0V12_WFS_EPD3,ATC_M3_AL24477,A0V12,WFS,MONO,3.0,0.0,0.0,0.5997463021922563,0.8571551891820961,0.7182533203687421,0.5870127441269438,0.4649077502517562,0.3517771985413642,0.2445406549697599
task014-e270a185207543149c21da83202c4b73,CFG_ATC_M3_AL24477_A0V12_WFS_MONO_EPD3,CAR_ATC_M3_AL24477_A0V12_WFS_EPD3,ATC_M3_AL24477,A0V12,WFS,MONO,3.0,-0.25,-0.25,0.3204780035712318,0.7277988934300899,0.3723352370457604,0.15229727985604669,0.07431815522589934,0.06738580982518444,0.08311621206735612
task014-e270a185207543149c21da83202c4b73,CFG_ATC_M3_AL24477_A0V12_WFS_MONO_EPD3,CAR_ATC_M3_AL24477_A0V12_WFS_EPD3,ATC_M3_AL24477,A0V12,WFS,MONO,3.0,-0.5,-0.5,0.1727343188892308,0.38004370069111193,0.07996407765030382,0.07416321907769423,0.021822789028562665,0.012144834102397273,0.017212725069123403
task014-e270a185207543149c21da83202c4b73,CFG_ATC_M3_AL24477_A0V12_WFS_MONO_EPD3,CAR_ATC_M3_AL24477_A0V12_WFS_EPD3,ATC_M3_AL24477,A0V12,WFS,MONO,3.0,-0.75,-0.75,0.12632675269777363,0.027602851611443636,0.04979759002687795,0.05075076585121167,0.02293820495634904,0.014640162816435882,0.016699290732497603
task014-e270a185207543149c21da83202c4b73,CFG_ATC_M3_AL24477_A0V12_WFS_MONO_EPD3,CAR_ATC_M3_AL24477_A0V12_WFS_EPD3,ATC_M3_AL24477,A0V12,WFS,MONO,3.0,-1.0,-1.0,0.09487385654924398,0.1402635082169979,0.06375172083086511,0.020395700490282158,0.011649752983415654,0.006805080684045038,0.007169142184631475
task014-e270a185207543149c21da83202c4b73,CFG_ATC_M3_AL24477_A0V12_WFS_MONO_EPD3,CAR_ATC_M3_AL24477_A0V12_WFS_EPD3,ATC_M3_AL24477,A0V12,WFS,MONO,3.0,-1.25,-1.25,0.07696300045587101,0.10000172776731274,0.01274796354291291,0.011182270408666302,0.01105904087405958,0.007194030079191784,0.005801361252006427
task014-e270a185207543149c21da83202c4b73,CFG_ATC_M3_AL24477_A0V12_WFS_MONO_EPD3,CAR_ATC_M3_AL24477_A0V12_WFS_EPD3,ATC_M3_AL24477,A0V12,WFS,MONO,3.0,-1.5,-1.5,0.06391907417700406,0.01809542961101004,0.01679838659058197,0.0010521776058724165,0.007489838099434059,0.0037851935609887343,0.0022683389501332823
task014-e270a185207543149c21da83202c4b73,CFG_ATC_M3_AL24477_A0V12_WFS_MONO_EPD3,CAR_ATC_M3_AL24477_A0V12_WFS_EPD3,ATC_M3_AL24477,A0V12,WFS,MONO,3.0,-1.75,-1.75,0.054757152147424375,0.07165613940726917,0.024238831963329405,0.0016147177690215716,0.0060474716902401944,0.00515699681879027,0.0002706662005771037
task014-e270a185207543149c21da83202c4b73,CFG_ATC_M3_AL24477_A0V12_WFS_MONO_EPD3,CAR_ATC_M3_AL24477_A0V12_WFS_EPD3,ATC_M3_AL24477,A0V12,WFS,MONO,3.0,-2.0,-2.0,0.048052002053689216,0.031060732235140092,0.00984723414800235,0.006273827362163601,0.004962736031540664,0.004093884506440369,0.0015662313531323204
task014-e270a185207543149c21da83202c4b73,CFG_ATC_M3_AL24477_A0V12_WFS_MONO_EPD3,CAR_ATC_M3_AL24477_A0V12_WFS_EPD3,ATC_M3_AL24477,A0V12,WFS,MONO,3.0,-2.25,-2.25,0.042479350709537865,0.028395345277933436,0.004632724114191476,0.005032152254776934,0.005611817647951876,0.0031680822961164517,0.0022116885465361994
task014-e270a185207543149c21da83202c4b73,CFG_ATC_M3_AL24477_A0V12_WFS_MONO_EPD3,CAR_ATC_M3_AL24477_A0V12_WFS_EPD3,ATC_M3_AL24477,A0V12,WFS,MONO,3.0,-2.5,-2.5,0.038287979772889356,0.034746127894618964,0.012594694680817552,0.006246373329400236,0.004329897476845676,0.0031515000078543736,0.001889337330941913
task014-e270a185207543149c21da83202c4b73,CFG_ATC_M3_AL24477_A0V12_WFS_MONO_EPD3,CAR_ATC_M3_AL24477_A0V12_WFS_EPD3,ATC_M3_AL24477,A0V12,WFS,MONO,3.0,-2.75,-2.75,0.035008422115522235,0.0034666528660987094,0.009486376761382802,0.0061726501634208775,0.0034054210991517463,0.002297297019577374,0.0022140853722531265
task014-e270a185207543149c21da83202c4b73,CFG_ATC_M3_AL24477_A0V12_WFS_MONO_EPD3,CAR_ATC_M3_AL24477_A0V12_WFS_EPD3,ATC_M3_AL24477,A0V12,WFS,MONO,3.0,-3.0,-3.0,0.031983367040904265,0.0277272895819431,0.0002824590077720057,0.006140280774483526,0.003040919811523668,0.001768763882397518,0.0012251892863438013
task014-e270a185207543149c21da83202c4b73,CFG_ATC_M3_AL24477_A0V12_WFS_MONO_EPD5,CAR_ATC_M3_AL24477_A0V12_WFS_EPD5,ATC_M3_AL24477,A0V12,WFS,MONO,5.0,0.5,0.5,0.06897214764188496,0.09134278436924698,0.01883422457141433,0.009254246268908221,0.004009802288288111,0.00016503276699900472,0.004250522036524624
task014-e270a185207543149c21da83202c4b73,CFG_ATC_M3_AL24477_A0V12_WFS_MONO_EPD5,CAR_ATC_M3_AL24477_A0V12_WFS_EPD5,ATC_M3_AL24477,A0V12,WFS,MONO,5.0,0.25,0.25,0.1256584640766424,0.21406802631955585,0.08655219958413145,0.05867808062925942,0.020372413794220737,0.004261543698278913,0.0005145241271683602
task014-e270a185207543149c21da83202c4b73,CFG_ATC_M3_AL24477_A0V12_WFS_MONO_EPD5,CAR_ATC_M3_AL24477_A0V12_WFS_EPD5,ATC_M3_AL24477,A0V12,WFS,MONO,5.0,0.0,0.0,0.29774855478664225,0.37736567081631334,0.31671071620152663,0.2443501214551859,0.19036756709689992,0.1456124715128637,0.10142900899670773
task014-e270a185207543149c21da83202c4b73,CFG_ATC_M3_AL24477_A0V12_WFS_MONO_EPD5,CAR_ATC_M3_AL24477_A0V12_WFS_EPD5,ATC_M3_AL24477,A0V12,WFS,MONO,5.0,-0.25,-0.25,0.2947118971851807,0.6060974106520282,0.34167437871157447,0.17601243918336185,0.0831359342676819,0.050736019688917486,0.05316355359934014
task014-e270a185207543149c21da83202c4b73,CFG_ATC_M3_AL24477_A0V12_WFS_MONO_EPD5,CAR_ATC_M3_AL24477_A0V12_WFS_EPD5,ATC_M3_AL24477,A0V12,WFS,MONO,5.0,-0.5,-0.5,0.2399703613905013,0.5499168471831921,0.07547128709765169,0.029540574272307864,0.11171141347910844,0.12952883032818263,0.09792091887194296
task014-e270a185207543149c21da83202c4b73,CFG_ATC_M3_AL24477_A0V12_WFS_MONO_EPD5,CAR_ATC_M3_AL24477_A0V12_WFS_EPD5,ATC_M3_AL24477,A0V12,WFS,MONO,5.0,-0.75,-0.75,0.15102449291671907,0.04955616268814884,0.022821696799843253,0.047729966024615496,0.03421740777833931,0.06654980193755922,0.020627759953980484
task014-e270a185207543149c21da83202c4b73,CFG_ATC_M3_AL24477_A0V12_WFS_MONO_EPD5,CAR_ATC_M3_AL24477_A0V12_WFS_EPD5,ATC_M3_AL24477,A0V12,WFS,MONO,5.0,-1.0,-1.0,0.11502175909029179,0.22606484988254605,0.028550483062894656,0.06878591165691177,0.0466127096560643,0.03459451314248267,0.014914935033315292
task014-e270a185207543149c21da83202c4b73,CFG_ATC_M3_AL24477_A0V12_WFS_MONO_EPD5,CAR_ATC_M3_AL24477_A0V12_WFS_EPD5,ATC_M3_AL24477,A0V12,WFS,MONO,5.0,-1.25,-1.25,0.09068578062128729,0.034761153375602025,0.0013184252340483142,0.0273788598226254,0.03064095233223268,0.010980947384857175,0.0037347876803093677
task014-e270a185207543149c21da83202c4b73,CFG_ATC_M3_AL24477_A0V12_WFS_MONO_EPD5,CAR_ATC_M3_AL24477_A0V12_WFS_EPD5,ATC_M3_AL24477,A0V12,WFS,MONO,5.0,-1.5,-1.5,0.0732453540733137,0.14220604752607555,0.018798340252489432,0.035616592395888935,0.020537733070495202,0.005540496881470621,0.0062945660150451116
task014-e270a185207543149c21da83202c4b73,CFG_ATC_M3_AL24477_A0V12_WFS_MONO_EPD5,CAR_ATC_M3_AL24477_A0V12_WFS_EPD5,ATC_M3_AL24477,A0V12,WFS,MONO,5.0,-1.75,-1.75,0.05818666563452376,0.06919478819298745,0.03553833478642854,0.006330693698410026,0.011984609140257745,0.006338884158719556,0.0016853645357918878
task014-e270a185207543149c21da83202c4b73,CFG_ATC_M3_AL24477_A0V12_WFS_MONO_EPD5,CAR_ATC_M3_AL24477_A0V12_WFS_EPD5,ATC_M3_AL24477,A0V12,WFS,MONO,5.0,-2.0,-2.0,0.04934466027288694,0.051139787561423386,0.03561766008975569,0.011956721753119307,0.006301673590879175,0.0021890521652990114,0.002039291038692732
task014-e270a185207543149c21da83202c4b73,CFG_ATC_M3_AL24477_A0V12_WFS_MONO_EPD5,CAR_ATC_M3_AL24477_A0V12_WFS_EPD5,ATC_M3_AL24477,A0V12,WFS,MONO,5.0,-2.25,-2.25,0.04108460948722041,0.07043647119131972,0.024576033451592427,0.012438792250650615,0.002954952397183085,0.0035504140931011553,0.002907128839549264
task014-e270a185207543149c21da83202c4b73,CFG_ATC_M3_AL24477_A0V12_WFS_MONO_EPD5,CAR_ATC_M3_AL24477_A0V12_WFS_EPD5,ATC_M3_AL24477,A0V12,WFS,MONO,5.0,-2.5,-2.5,0.03348033199846289,0.01255958555313878,0.005118421314305249,0.006436210184885994,0.001798776223384037,0.00021741356108128903,0.0003012573513753822
task014-e270a185207543149c21da83202c4b73,CFG_ATC_M3_AL24477_A0V12_WFS_MONO_EPD5,CAR_ATC_M3_AL24477_A0V12_WFS_EPD5,ATC_M3_AL24477,A0V12,WFS,MONO,5.0,-2.75,-2.75,0.03064848573668122,0.03342904244651013,0.007985611290733335,0.0019527803194473693,0.002528714651264312,0.0028758619265767003,0.0011804188218506185
task014-e270a185207543149c21da83202c4b73,CFG_ATC_M3_AL24477_A0V12_WFS_MONO_EPD5,CAR_ATC_M3_AL24477_A0V12_WFS_EPD5,ATC_M3_AL24477,A0V12,WFS,MONO,5.0,-3.0,-3.0,0.02642207138435001,0.02932893970809264,0.011812084815298047,0.0026332585800330475,0.003118661223755274,3.478159526951095e-05,0.0018509625995507168
task014-e270a185207543149c21da83202c4b73,CFG_ATC_M3_AL24477_A0V12_WFS_EDOF_EPD3,CAR_ATC_M3_AL24477_A0V12_WFS_EPD3,ATC_M3_AL24477,A0V12,WFS,EDOF,3.0,0.5,0.5,0.184227873239249,0.2932689982415614,0.19116556744072227,0.07748032827042406,0.027465164570914823,0.008238617151552215,0.052004212068576784
task014-e270a185207543149c21da83202c4b73,CFG_ATC_M3_AL24477_A0V12_WFS_EDOF_EPD3,CAR_ATC_M3_AL24477_A0V12_WFS_EPD3,ATC_M3_AL24477,A0V12,WFS,EDOF,3.0,0.25,0.25,0.30950371664675685,0.5258957625539142,0.3051504720106023,0.25209173748007574,0.1641628757033868,0.10500952512008739,0.02194664665561989
task014-e270a185207543149c21da83202c4b73,CFG_ATC_M3_AL24477_A0V12_WFS_EDOF_EPD3,CAR_ATC_M3_AL24477_A0V12_WFS_EPD3,ATC_M3_AL24477,A0V12,WFS,EDOF,3.0,0.0,0.0,0.43313758564489224,0.6914908021989115,0.44638150407380006,0.3381179536868687,0.27075995022948707,0.2561023097546459,0.20589059988889025
task014-e270a185207543149c21da83202c4b73,CFG_ATC_M3_AL24477_A0V12_WFS_EDOF_EPD3,CAR_ATC_M3_AL24477_A0V12_WFS_EPD3,ATC_M3_AL24477,A0V12,WFS,EDOF,3.0,-0.25,-0.25,0.25081785134097356,0.6414863469274228,0.23758425862491164,0.014631972549484142,0.044231036783327515,0.03102425100420532,0.1199193132830206
task014-e270a185207543149c21da83202c4b73,CFG_ATC_M3_AL24477_A0V12_WFS_EDOF_EPD3,CAR_ATC_M3_AL24477_A0V12_WFS_EPD3,ATC_M3_AL24477,A0V12,WFS,EDOF,3.0,-0.5,-0.5,0.17318378109378493,0.3687440444169626,0.06633368764536288,0.0220431490842908,0.04884245994695131,0.05939108941967659,0.054078112121400776
task014-e270a185207543149c21da83202c4b73,CFG_ATC_M3_AL24477_A0V12_WFS_EDOF_EPD3,CAR_ATC_M3_AL24477_A0V12_WFS_EPD3,ATC_M3_AL24477,A0V12,WFS,EDOF,3.0,-0.75,-0.75,0.13245820270153347,0.032709380627927054,0.013277319176013064,0.08521538910710709,0.0172600484142285,0.015217005113200427,0.005565923903719384
task014-e270a185207543149c21da83202c4b73,CFG_ATC_M3_AL24477_A0V12_WFS_EDOF_EPD3,CAR_ATC_M3_AL24477_A0V12_WFS_EPD3,ATC_M3_AL24477,A0V12,WFS,EDOF,3.0,-1.0,-1.0,0.10202314337566763,0.1629056317106619,0.14072604088478707,0.01099006279406681,0.002309892292517896,0.008246040668846665,0.012882690802356333
task014-e270a185207543149c21da83202c4b73,CFG_ATC_M3_AL24477_A0V12_WFS_EDOF_EPD3,CAR_ATC_M3_AL24477_A0V12_WFS_EPD3,ATC_M3_AL24477,A0V12,WFS,EDOF,3.0,-1.25,-1.25,0.08531472071416385,0.13464688603200542,0.0023092172015401436,0.021383922965019286,1.0724060395315898e-05,0.003153890226718149,0.00876465995378889
task014-e270a185207543149c21da83202c4b73,CFG_ATC_M3_AL24477_A0V12_WFS_EDOF_EPD3,CAR_ATC_M3_AL24477_A0V12_WFS_EPD3,ATC_M3_AL24477,A0V12,WFS,EDOF,3.0,-1.5,-1.5,0.07314655420027445,0.02449550274451704,0.048331865951628625,0.0034694203136825747,0.0024930001901152013,0.0028784115125771075,0.00455444440954454
task014-e270a185207543149c21da83202c4b73,CFG_ATC_M3_AL24477_A0V12_WFS_EDOF_EPD3,CAR_ATC_M3_AL24477_A0V12_WFS_EPD3,ATC_M3_AL24477,A0V12,WFS,EDOF,3.0,-1.75,-1.75,0.06579319370038693,0.14472531893051135,0.035046023334406054,0.014599419330333641,0.006258926623013203,0.0038007925613846912,0.003705654962110334
task014-e270a185207543149c21da83202c4b73,CFG_ATC_M3_AL24477_A0V12_WFS_EDOF_EPD3,CAR_ATC_M3_AL24477_A0V12_WFS_EPD3,ATC_M3_AL24477,A0V12,WFS,EDOF,3.0,-2.0,-2.0,0.05629534356006656,0.13223907042434596,0.0011162824060526409,0.002631438429432425,0.002243252923904589,0.0024154171181003468,0.0015525391882463516
task014-e270a185207543149c21da83202c4b73,CFG_ATC_M3_AL24477_A0V12_WFS_EDOF_EPD3,CAR_ATC_M3_AL24477_A0V12_WFS_EPD3,ATC_M3_AL24477,A0V12,WFS,EDOF,3.0,-2.25,-2.25,0.050356157297055226,0.029519414093993217,0.02696589671251267,0.0025417174100956902,0.003953010696800964,0.0010664228632877235,0.0009894395348434377
task014-e270a185207543149c21da83202c4b73,CFG_ATC_M3_AL24477_A0V12_WFS_EDOF_EPD3,CAR_ATC_M3_AL24477_A0V12_WFS_EPD3,ATC_M3_AL24477,A0V12,WFS,EDOF,3.0,-2.5,-2.5,0.044528242514649596,0.05736675773466673,0.015972982777802215,0.004170275786322139,0.0012211085136233763,0.001390541600429715,0.0015539968187757835
task014-e270a185207543149c21da83202c4b73,CFG_ATC_M3_AL24477_A0V12_WFS_EDOF_EPD3,CAR_ATC_M3_AL24477_A0V12_WFS_EPD3,ATC_M3_AL24477,A0V12,WFS,EDOF,3.0,-2.75,-2.75,0.03991819276272781,0.07011918535359413,0.004998784049270299,0.006138495798825798,0.0015293664012848366,0.0011304843508727462,0.002549281954634848
task014-e270a185207543149c21da83202c4b73,CFG_ATC_M3_AL24477_A0V12_WFS_EDOF_EPD3,CAR_ATC_M3_AL24477_A0V12_WFS_EPD3,ATC_M3_AL24477,A0V12,WFS,EDOF,3.0,-3.0,-3.0,0.03592486073074205,0.03308968402947918,0.007675049740716531,0.005554028388927823,0.0010168772870521399,0.0014818600493740383,0.002074561447885437
task014-e270a185207543149c21da83202c4b73,CFG_ATC_M3_AL24477_A0V12_WFS_EDOF_EPD5,CAR_ATC_M3_AL24477_A0V12_WFS_EPD5,ATC_M3_AL24477,A0V12,WFS,EDOF,5.0,0.5,0.75,0.08883552683781269,0.0630517467128583,0.10395651091902715,0.04601971728950557,0.022192317503651054,0.013128108179370969,0.0029549269489376334
task014-e270a185207543149c21da83202c4b73,CFG_ATC_M3_AL24477_A0V12_WFS_EDOF_EPD5,CAR_ATC_M3_AL24477_A0V12_WFS_EPD5,ATC_M3_AL24477,A0V12,WFS,EDOF,5.0,0.25,0.5,0.117080938450937,0.1531992888581107,0.05090041862123315,0.08783883502763953,0.024135215677493313,0.01088819976498683,0.011674990141014169
task014-e270a185207543149c21da83202c4b73,CFG_ATC_M3_AL24477_A0V12_WFS_EDOF_EPD5,CAR_ATC_M3_AL24477_A0V12_WFS_EPD5,ATC_M3_AL24477,A0V12,WFS,EDOF,5.0,0.0,0.25,0.22632447538127945,0.3214752985497961,0.19154334155021596,0.10816379356197758,0.11939422774364819,0.10855044984491888,0.09218003807457718
task014-e270a185207543149c21da83202c4b73,CFG_ATC_M3_AL24477_A0V12_WFS_EDOF_EPD5,CAR_ATC_M3_AL24477_A0V12_WFS_EPD5,ATC_M3_AL24477,A0V12,WFS,EDOF,5.0,-0.25,0.0,0.288276380445705,0.5789744475365567,0.32524423752593035,0.17887592109271575,0.08138765380129417,0.04632007459449494,0.07393231935603298
task014-e270a185207543149c21da83202c4b73,CFG_ATC_M3_AL24477_A0V12_WFS_EDOF_EPD5,CAR_ATC_M3_AL24477_A0V12_WFS_EPD5,ATC_M3_AL24477,A0V12,WFS,EDOF,5.0,-0.5,-0.25,0.2075279489237819,0.5437422250075972,0.07362594884046753,0.00685635375955407,0.0609702367476191,0.05219146021088997,0.022728502922120357
task014-e270a185207543149c21da83202c4b73,CFG_ATC_M3_AL24477_A0V12_WFS_EDOF_EPD5,CAR_ATC_M3_AL24477_A0V12_WFS_EPD5,ATC_M3_AL24477,A0V12,WFS,EDOF,5.0,-0.75,-0.5,0.15237011618454652,0.045999994634309954,0.023625392590865997,0.09084211474906469,0.046599736216971444,0.04381763515066513,0.01910579732461205
task014-e270a185207543149c21da83202c4b73,CFG_ATC_M3_AL24477_A0V12_WFS_EDOF_EPD5,CAR_ATC_M3_AL24477_A0V12_WFS_EPD5,ATC_M3_AL24477,A0V12,WFS,EDOF,5.0,-1.0,-0.75,0.11930009424331785,0.23398220762738248,0.07744003587834178,0.06451238821196394,0.058270834280018176,0.033293578908931795,0.018257291341754002
task014-e270a185207543149c21da83202c4b73,CFG_ATC_M3_AL24477_A0V12_WFS_EDOF_EPD5,CAR_ATC_M3_AL24477_A0V12_WFS_EPD5,ATC_M3_AL24477,A0V12,WFS,EDOF,5.0,-1.25,-1.0,0.08780361623576396,0.024430657952949755,0.0013821249223821964,0.030148084866723913,0.03025052885606814,0.016195959960650593,0.004475139248981816
task014-e270a185207543149c21da83202c4b73,CFG_ATC_M3_AL24477_A0V12_WFS_EDOF_EPD5,CAR_ATC_M3_AL24477_A0V12_WFS_EPD5,ATC_M3_AL24477,A0V12,WFS,EDOF,5.0,-1.5,-1.25,0.0690765424203351,0.14089531000073935,0.036192637261566935,0.021966673876522146,0.01083411320058889,0.0031020021728742266,0.005012089157724709
task014-e270a185207543149c21da83202c4b73,CFG_ATC_M3_AL24477_A0V12_WFS_EDOF_EPD5,CAR_ATC_M3_AL24477_A0V12_WFS_EPD5,ATC_M3_AL24477,A0V12,WFS,EDOF,5.0,-1.75,-1.5,0.05823610955952061,0.04611569807003999,0.049033013040253495,0.01229689683173084,0.0050313973428113435,0.010546810834845162,0.004651294410132583
task014-e270a185207543149c21da83202c4b73,CFG_ATC_M3_AL24477_A0V12_WFS_EDOF_EPD5,CAR_ATC_M3_AL24477_A0V12_WFS_EPD5,ATC_M3_AL24477,A0V12,WFS,EDOF,5.0,-2.0,-1.75,0.04988860398642916,0.01246241632249096,0.04050095361940728,0.011860481098939495,0.005562424346158914,0.003289965893066501,0.0002620756694882287
task014-e270a185207543149c21da83202c4b73,CFG_ATC_M3_AL24477_A0V12_WFS_EDOF_EPD5,CAR_ATC_M3_AL24477_A0V12_WFS_EPD5,ATC_M3_AL24477,A0V12,WFS,EDOF,5.0,-2.25,-2.0,0.04170213955687525,0.09359166290325469,0.021324957828756635,0.010051225134730168,0.005081874598070068,0.003326451750383936,0.0029248522652823065
task014-e270a185207543149c21da83202c4b73,CFG_ATC_M3_AL24477_A0V12_WFS_EDOF_EPD5,CAR_ATC_M3_AL24477_A0V12_WFS_EPD5,ATC_M3_AL24477,A0V12,WFS,EDOF,5.0,-2.5,-2.25,0.03414350460106076,0.01899431704765982,0.004657176877221895,0.009734887284376798,5.1296169874700534e-05,0.0034403391447691877,0.0018096573588330471
task014-e270a185207543149c21da83202c4b73,CFG_ATC_M3_AL24477_A0V12_WFS_EDOF_EPD5,CAR_ATC_M3_AL24477_A0V12_WFS_EPD5,ATC_M3_AL24477,A0V12,WFS,EDOF,5.0,-2.75,-2.5,0.03120884415238595,0.057344502244870504,0.00766107881452104,0.0001416533819609709,0.0020188416208213045,0.0016170756352296303,1.0863951461052168e-05
task014-e270a185207543149c21da83202c4b73,CFG_ATC_M3_AL24477_A0V12_WFS_EDOF_EPD5,CAR_ATC_M3_AL24477_A0V12_WFS_EPD5,ATC_M3_AL24477,A0V12,WFS,EDOF,5.0,-3.0,-2.75,0.025978877550923374,0.006663205324853961,0.01064056969057515,0.0015549368631605056,0.003419376976163069,0.002086715028274176,0.001833557407492392
task014-e270a185207543149c21da83202c4b73,CFG_ATC_M3_AL24477_B0V12_HOA_MONO_EPD3,CAR_ATC_M3_AL24477_B0V12_HOA_EPD3,ATC_M3_AL24477,B0V12,HOA,MONO,3.0,0.5,0.5,0.17875843473230368,0.3547972915513722,0.13760951804137864,0.07295748103771943,0.02809796575664977,0.001739265135730238,0.008643714049144217
task014-e270a185207543149c21da83202c4b73,CFG_ATC_M3_AL24477_B0V12_HOA_MONO_EPD3,CAR_ATC_M3_AL24477_B0V12_HOA_EPD3,ATC_M3_AL24477,B0V12,HOA,MONO,3.0,0.25,0.25,0.3475551446725732,0.6177436717722801,0.39219478581263656,0.2789464805147474,0.18914596649816623,0.10303032745426355,0.03635144199078956
task014-e270a185207543149c21da83202c4b73,CFG_ATC_M3_AL24477_B0V12_HOA_MONO_EPD3,CAR_ATC_M3_AL24477_B0V12_HOA_EPD3,ATC_M3_AL24477,B0V12,HOA,MONO,3.0,0.0,0.0,0.5228863659930977,0.7812074308095508,0.5972548408740382,0.464312372595596,0.375051232060342,0.3105420698068236,0.22836022503271944
task014-e270a185207543149c21da83202c4b73,CFG_ATC_M3_AL24477_B0V12_HOA_MONO_EPD3,CAR_ATC_M3_AL24477_B0V12_HOA_EPD3,ATC_M3_AL24477,B0V12,HOA,MONO,3.0,-0.25,-0.25,0.28207637656757123,0.7090240794821092,0.30480993324190264,0.07011291694667245,0.022156596491419246,0.050126893350450404,0.10436925835576773
task014-e270a185207543149c21da83202c4b73,CFG_ATC_M3_AL24477_B0V12_HOA_MONO_EPD3,CAR_ATC_M3_AL24477_B0V12_HOA_EPD3,ATC_M3_AL24477,B0V12,HOA,MONO,3.0,-0.5,-0.5,0.17396795208660945,0.4058728888019068,0.1083490751952368,0.05045788823027182,0.0205837175443999,0.013981913513373788,0.006115821651532476
task014-e270a185207543149c21da83202c4b73,CFG_ATC_M3_AL24477_B0V12_HOA_MONO_EPD3,CAR_ATC_M3_AL24477_B0V12_HOA_EPD3,ATC_M3_AL24477,B0V12,HOA,MONO,3.0,-0.75,-0.75,0.14384179875052772,0.038138180032091906,0.059543159495632596,0.08406042391702986,0.026094117477606524,0.01812458590112254,0.02310483905642257
task014-e270a185207543149c21da83202c4b73,CFG_ATC_M3_AL24477_B0V12_HOA_MONO_EPD3,CAR_ATC_M3_AL24477_B0V12_HOA_EPD3,ATC_M3_AL24477,B0V12,HOA,MONO,3.0,-1.0,-1.0,0.109639022502777,0.18468168599323184,0.1047539686193634,0.03160639548275572,0.012553930714227805,0.005350677647503067,0.005816602477012077
task014-e270a185207543149c21da83202c4b73,CFG_ATC_M3_AL24477_B0V12_HOA_MONO_EPD3,CAR_ATC_M3_AL24477_B0V12_HOA_EPD3,ATC_M3_AL24477,B0V12,HOA,MONO,3.0,-1.25,-1.25,0.09149675299656163,0.17352897980268164,0.002757726730668126,0.012493329511110887,0.015220232699426616,0.008303817336110542,0.0062748310504917885
task014-e270a185207543149c21da83202c4b73,CFG_ATC_M3_AL24477_B0V12_HOA_MONO_EPD3,CAR_ATC_M3_AL24477_B0V12_HOA_EPD3,ATC_M3_AL24477,B0V12,HOA,MONO,3.0,-1.5,-1.5,0.07572075186065069,0.02056379818463863,0.04754510149419116,0.006107561928154538,0.009063771272328647,0.004090813653306018,0.0009399993688048116
task014-e270a185207543149c21da83202c4b73,CFG_ATC_M3_AL24477_B0V12_HOA_MONO_EPD3,CAR_ATC_M3_AL24477_B0V12_HOA_EPD3,ATC_M3_AL24477,B0V12,HOA,MONO,3.0,-1.75,-1.75,0.06565385702081315,0.09934964144517207,0.03313477615707547,0.009285905836039946,0.008322517866425247,0.006196159395370339,0.0007062938691826268
task014-e270a185207543149c21da83202c4b73,CFG_ATC_M3_AL24477_B0V12_HOA_MONO_EPD3,CAR_ATC_M3_AL24477_B0V12_HOA_EPD3,ATC_M3_AL24477,B0V12,HOA,MONO,3.0,-2.0,-2.0,0.05736440186369262,0.08942499823437967,0.006442112884045775,0.012612673384491516,0.006961159459971977,0.003629802131427497,0.0018285026279822674
task014-e270a185207543149c21da83202c4b73,CFG_ATC_M3_AL24477_B0V12_HOA_MONO_EPD3,CAR_ATC_M3_AL24477_B0V12_HOA_EPD3,ATC_M3_AL24477,B0V12,HOA,MONO,3.0,-2.25,-2.25,0.05015706148924166,0.0016123289378094077,0.02242274490543672,0.009165351226593985,0.006707421765895869,0.00335823052323928,0.0022855977698092384
task014-e270a185207543149c21da83202c4b73,CFG_ATC_M3_AL24477_B0V12_HOA_MONO_EPD3,CAR_ATC_M3_AL24477_B0V12_HOA_EPD3,ATC_M3_AL24477,B0V12,HOA,MONO,3.0,-2.5,-2.5,0.04432466559028977,0.05987691978172629,0.01705605529242527,0.009767776985156065,0.0044361464822777075,0.00307749821034178,0.002034021896431677
task014-e270a185207543149c21da83202c4b73,CFG_ATC_M3_AL24477_B0V12_HOA_MONO_EPD3,CAR_ATC_M3_AL24477_B0V12_HOA_EPD3,ATC_M3_AL24477,B0V12,HOA,MONO,3.0,-2.75,-2.75,0.04059878297940336,0.034931102457084924,0.00016236204824446408,0.007179317443147445,0.0039863956062163855,0.0022208010650988873,0.002451550581135776
task014-e270a185207543149c21da83202c4b73,CFG_ATC_M3_AL24477_B0V12_HOA_MONO_EPD3,CAR_ATC_M3_AL24477_B0V12_HOA_EPD3,ATC_M3_AL24477,B0V12,HOA,MONO,3.0,-3.0,-3.0,0.036807645073884676,0.02242018571688737,0.0113678765648357,0.005094702541487494,0.0035958955270912773,0.0020727728574236512,0.001132849415747108
task014-e270a185207543149c21da83202c4b73,CFG_ATC_M3_AL24477_B0V12_HOA_MONO_EPD5,CAR_ATC_M3_AL24477_B0V12_HOA_EPD5,ATC_M3_AL24477,B0V12,HOA,MONO,5.0,0.5,0.5,0.07891029390825816,0.1165495111545907,0.06202082416176733,0.037133539701246034,0.014617419482449786,0.0066177642011215196,0.001992890426554205
task014-e270a185207543149c21da83202c4b73,CFG_ATC_M3_AL24477_B0V12_HOA_MONO_EPD5,CAR_ATC_M3_AL24477_B0V12_HOA_EPD5,ATC_M3_AL24477,B0V12,HOA,MONO,5.0,0.25,0.25,0.1323413828377873,0.18618560596588654,0.13550514014613424,0.10219564892548927,0.06522770378736761,0.03909359093089729,0.016858366851936684
task014-e270a185207543149c21da83202c4b73,CFG_ATC_M3_AL24477_B0V12_HOA_MONO_EPD5,CAR_ATC_M3_AL24477_B0V12_HOA_EPD5,ATC_M3_AL24477,B0V12,HOA,MONO,5.0,0.0,0.0,0.18876506637486817,0.26583977908339834,0.18402212886099625,0.1451101340466535,0.11641063069981746,0.09777604559030262,0.06881799155619552
task014-e270a185207543149c21da83202c4b73,CFG_ATC_M3_AL24477_B0V12_HOA_MONO_EPD5,CAR_ATC_M3_AL24477_B0V12_HOA_EPD5,ATC_M3_AL24477,B0V12,HOA,MONO,5.0,-0.25,-0.25,0.15448887579660647,0.29451827184545043,0.15659619964825414,0.06510654060724433,0.03070679559628851,0.030073394433540387,0.053288974462853404
task014-e270a185207543149c21da83202c4b73,CFG_ATC_M3_AL24477_B0V12_HOA_MONO_EPD5,CAR_ATC_M3_AL24477_B0V12_HOA_EPD5,ATC_M3_AL24477,B0V12,HOA,MONO,5.0,-0.5,-0.5,0.1220743436513125,0.26862331851193355,0.03881832263873319,0.0029185060099602526,0.02128593331759768,0.027885707424266822,0.016720867829527822
task014-e270a185207543149c21da83202c4b73,CFG_ATC_M3_AL24477_B0V12_HOA_MONO_EPD5,CAR_ATC_M3_AL24477_B0V12_HOA_EPD5,ATC_M3_AL24477,B0V12,HOA,MONO,5.0,-0.75,-0.75,0.12232119210906152,0.19393517377189826,0.005105580290475567,0.08666397523944315,0.04446496268272337,0.015217207139561791,0.013246749350807519
task014-e270a185207543149c21da83202c4b73,CFG_ATC_M3_AL24477_B0V12_HOA_MONO_EPD5,CAR_ATC_M3_AL24477_B0V12_HOA_EPD5,ATC_M3_AL24477,B0V12,HOA,MONO,5.0,-1.0,-1.0,0.1221050478251083,0.06007245613970654,0.11153231474920401,0.025559328158148358,0.03040647966524161,0.05611217545259897,0.04552137729463328
task014-e270a185207543149c21da83202c4b73,CFG_ATC_M3_AL24477_B0V12_HOA_MONO_EPD5,CAR_ATC_M3_AL24477_B0V12_HOA_EPD5,ATC_M3_AL24477,B0V12,HOA,MONO,5.0,-1.25,-1.25,0.09999387694500203,0.016763366223542145,0.054732960554038784,0.045090860531268484,0.004903252519099809,0.01159865329116888,0.0334712751792804
task014-e270a185207543149c21da83202c4b73,CFG_ATC_M3_AL24477_B0V12_HOA_MONO_EPD5,CAR_ATC_M3_AL24477_B0V12_HOA_EPD5,ATC_M3_AL24477,B0V12,HOA,MONO,5.0,-1.5,-1.5,0.10794614284334636,0.07081604122882132,0.02343544884945914,0.024794314801136544,0.05760719461606022,0.0047554089630536586,0.031115392644170924
task014-e270a185207543149c21da83202c4b73,CFG_ATC_M3_AL24477_B0V12_HOA_MONO_EPD5,CAR_ATC_M3_AL24477_B0V12_HOA_EPD5,ATC_M3_AL24477,B0V12,HOA,MONO,5.0,-1.75,-1.75,0.09071597886468763,0.16961573659375204,0.08447830680050837,0.0534670818134938,0.01748251256976683,0.007866636508926347,0.02115614396608881
task014-e270a185207543149c21da83202c4b73,CFG_ATC_M3_AL24477_B0V12_HOA_MONO_EPD5,CAR_ATC_M3_AL24477_B0V12_HOA_EPD5,ATC_M3_AL24477,B0V12,HOA,MONO,5.0,-2.0,-2.0,0.06747749639715368,0.1173882765781099,0.009667215411334605,0.016307116725779357,0.010797509870444876,0.007371131288201548,0.019346341781549318
task014-e270a185207543149c21da83202c4b73,CFG_ATC_M3_AL24477_B0V12_HOA_MONO_EPD5,CAR_ATC_M3_AL24477_B0V12_HOA_EPD5,ATC_M3_AL24477,B0V12,HOA,MONO,5.0,-2.25,-2.25,0.059328035715571804,0.0013487066767848507,0.0008358922228048976,0.03065257541627115,0.0035384682284428375,0.004921075733057837,0.018601386785916434
task014-e270a185207543149c21da83202c4b73,CFG_ATC_M3_AL24477_B0V12_HOA_MONO_EPD5,CAR_ATC_M3_AL24477_B0V12_HOA_EPD5,ATC_M3_AL24477,B0V12,HOA,MONO,5.0,-2.5,-2.5,0.05340004706941435,0.05915063872836798,0.021638070174910425,0.0018383116761254694,0.019121396360285627,0.004308265242462211,0.002313377863079455
task014-e270a185207543149c21da83202c4b73,CFG_ATC_M3_AL24477_B0V12_HOA_MONO_EPD5,CAR_ATC_M3_AL24477_B0V12_HOA_EPD5,ATC_M3_AL24477,B0V12,HOA,MONO,5.0,-2.75,-2.75,0.050948732629379094,0.02443368742285586,0.02372195341368127,0.017428998916477888,0.023096912098031632,0.013393990264839846,0.0071688745950476765
task014-e270a185207543149c21da83202c4b73,CFG_ATC_M3_AL24477_B0V12_HOA_MONO_EPD5,CAR_ATC_M3_AL24477_B0V12_HOA_EPD5,ATC_M3_AL24477,B0V12,HOA,MONO,5.0,-3.0,-3.0,0.04762352620383503,0.06457796323644585,0.030594566762004432,0.023344613153620762,0.01993667160688723,0.011260322232690885,0.0001823246058049481
task014-e270a185207543149c21da83202c4b73,CFG_ATC_M3_AL24477_B0V12_HOA_EDOF_EPD3,CAR_ATC_M3_AL24477_B0V12_HOA_EPD3,ATC_M3_AL24477,B0V12,HOA,EDOF,3.0,0.5,0.75,0.08135536661692479,0.03625106203684687,0.03318293755324429,0.032599473042361965,0.029726786735091253,0.02167339183694008,0.014513835141701441
task014-e270a185207543149c21da83202c4b73,CFG_ATC_M3_AL24477_B0V12_HOA_EDOF_EPD3,CAR_ATC_M3_AL24477_B0V12_HOA_EPD3,ATC_M3_AL24477,B0V12,HOA,EDOF,3.0,0.25,0.5,0.06490686358139237,0.04961758468352058,0.021223050493367257,0.0010347543500070753,0.013671821252192747,0.005113775105961109,0.023698706807292056
task014-e270a185207543149c21da83202c4b73,CFG_ATC_M3_AL24477_B0V12_HOA_EDOF_EPD3,CAR_ATC_M3_AL24477_B0V12_HOA_EPD3,ATC_M3_AL24477,B0V12,HOA,EDOF,3.0,0.0,0.25,0.08377166650103908,0.10244204251042499,0.049006037498111284,0.021738704086211702,0.024315090087881953,0.024159555887769704,0.018182050150002294
task014-e270a185207543149c21da83202c4b73,CFG_ATC_M3_AL24477_B0V12_HOA_EDOF_EPD3,CAR_ATC_M3_AL24477_B0V12_HOA_EPD3,ATC_M3_AL24477,B0V12,HOA,EDOF,3.0,-0.25,0.0,0.1437714885724672,0.1665940279277413,0.1374259613397136,0.11430516334145589,0.06581956869787306,0.06407691901570191,0.08842407203143851
task014-e270a185207543149c21da83202c4b73,CFG_ATC_M3_AL24477_B0V12_HOA_EDOF_EPD3,CAR_ATC_M3_AL24477_B0V12_HOA_EPD3,ATC_M3_AL24477,B0V12,HOA,EDOF,3.0,-0.5,-0.25,0.11653283617914577,0.19162683347646714,0.08287885052931447,0.04924782468895171,0.05888947658958543,0.016096990074086562,0.03265153257617916
task014-e270a185207543149c21da83202c4b73,CFG_ATC_M3_AL24477_B0V12_HOA_EDOF_EPD3,CAR_ATC_M3_AL24477_B0V12_HOA_EPD3,ATC_M3_AL24477,B0V12,HOA,EDOF,3.0,-0.75,-0.5,0.09109484217192144,0.15108087627138145,0.0004882848178512676,0.015587983459599955,0.05134697873742303,0.0007469548483944854,0.006498642585838061
task014-e270a185207543149c21da83202c4b73,CFG_ATC_M3_AL24477_B0V12_HOA_EDOF_EPD3,CAR_ATC_M3_AL24477_B0V12_HOA_EPD3,ATC_M3_AL24477,B0V12,HOA,EDOF,3.0,-1.0,-0.75,0.1005415521958072,0.07089198820247117,0.05380834090230314,0.061237943707955364,0.057437096843950736,0.041297597646598155,0.05172897478546368
task014-e270a185207543149c21da83202c4b73,CFG_ATC_M3_AL24477_B0V12_HOA_EDOF_EPD3,CAR_ATC_M3_AL24477_B0V12_HOA_EPD3,ATC_M3_AL24477,B0V12,HOA,EDOF,3.0,-1.25,-1.0,0.07115544569185625,0.009158741122904861,0.09043261484356854,0.016944480277499493,0.02156569086979537,0.028050907358322358,0.018039923250223078
task014-e270a185207543149c21da83202c4b73,CFG_ATC_M3_AL24477_B0V12_HOA_EDOF_EPD3,CAR_ATC_M3_AL24477_B0V12_HOA_EPD3,ATC_M3_AL24477,B0V12,HOA,EDOF,3.0,-1.5,-1.25,0.05417883629643306,0.0038466575958093774,0.011820273084448461,0.017574859373791704,0.009454948374532833,0.011379833549985886,0.00046129473664165794
task014-e270a185207543149c21da83202c4b73,CFG_ATC_M3_AL24477_B0V12_HOA_EDOF_EPD3,CAR_ATC_M3_AL24477_B0V12_HOA_EPD3,ATC_M3_AL24477,B0V12,HOA,EDOF,3.0,-1.75,-1.5,0.04708663469913334,0.039036107845293176,0.0019063350143304167,0.013241009026484528,0.0027078731499114205,0.004748775461881785,0.01676018880421137
task014-e270a185207543149c21da83202c4b73,CFG_ATC_M3_AL24477_B0V12_HOA_EDOF_EPD3,CAR_ATC_M3_AL24477_B0V12_HOA_EPD3,ATC_M3_AL24477,B0V12,HOA,EDOF,3.0,-2.0,-1.75,0.0420695834828611,0.06408737911368281,0.030095215427712905,0.010520081115355863,0.0023355866327598,0.01487994491101021,0.003954096211960647
task014-e270a185207543149c21da83202c4b73,CFG_ATC_M3_AL24477_B0V12_HOA_EDOF_EPD3,CAR_ATC_M3_AL24477_B0V12_HOA_EPD3,ATC_M3_AL24477,B0V12,HOA,EDOF,3.0,-2.25,-2.0,0.04532961055632275,0.04682563195870523,0.006769684663013314,0.030542623230630166,0.0016508686315469322,0.0004048826212033943,0.016837405369199795
task014-e270a185207543149c21da83202c4b73,CFG_ATC_M3_AL24477_B0V12_HOA_EDOF_EPD3,CAR_ATC_M3_AL24477_B0V12_HOA_EPD3,ATC_M3_AL24477,B0V12,HOA,EDOF,3.0,-2.5,-2.25,0.04400877639406132,0.005738994596621204,0.030301629370787956,0.011545759714783868,0.004178195734699429,0.04146327784301981,0.005133668377359025
task014-e270a185207543149c21da83202c4b73,CFG_ATC_M3_AL24477_B0V12_HOA_EDOF_EPD3,CAR_ATC_M3_AL24477_B0V12_HOA_EPD3,ATC_M3_AL24477,B0V12,HOA,EDOF,3.0,-2.75,-2.5,0.039930124087834105,0.012768159176585005,0.044835584206935425,0.015502345336603475,0.019055637977770705,0.0061015608665351,0.008780605449766903
task014-e270a185207543149c21da83202c4b73,CFG_ATC_M3_AL24477_B0V12_HOA_EDOF_EPD3,CAR_ATC_M3_AL24477_B0V12_HOA_EPD3,ATC_M3_AL24477,B0V12,HOA,EDOF,3.0,-3.0,-2.75,0.034001067990545336,0.012728175248567328,0.02167230403139596,0.0005351915131002001,0.00044469515320512203,0.008952658800953391,0.0027230888263483754
task014-e270a185207543149c21da83202c4b73,CFG_ATC_M3_AL24477_B0V12_HOA_EDOF_EPD5,CAR_ATC_M3_AL24477_B0V12_HOA_EPD5,ATC_M3_AL24477,B0V12,HOA,EDOF,5.0,0.5,1.0,0.039704152336916355,0.01133016063858961,0.012255688301994156,0.006610771186536457,0.004093010473095502,0.006068495523125117,0.005040657884199937
task014-e270a185207543149c21da83202c4b73,CFG_ATC_M3_AL24477_B0V12_HOA_EDOF_EPD5,CAR_ATC_M3_AL24477_B0V12_HOA_EPD5,ATC_M3_AL24477,B0V12,HOA,EDOF,5.0,0.25,0.75,0.03922161336509353,0.025183446103793083,0.0007482423778538303,0.0039175123188873754,0.002114096340448567,0.0010905065716272644,0.005377042420984623
task014-e270a185207543149c21da83202c4b73,CFG_ATC_M3_AL24477_B0V12_HOA_EDOF_EPD5,CAR_ATC_M3_AL24477_B0V12_HOA_EPD5,ATC_M3_AL24477,B0V12,HOA,EDOF,5.0,0.0,0.5,0.04708224203007586,0.02297996760942458,0.017844814639965685,0.0037780499019184396,0.010491513084758899,0.004083620385615574,0.011698490675532195
task014-e270a185207543149c21da83202c4b73,CFG_ATC_M3_AL24477_B0V12_HOA_EDOF_EPD5,CAR_ATC_M3_AL24477_B0V12_HOA_EPD5,ATC_M3_AL24477,B0V12,HOA,EDOF,5.0,-0.25,0.25,0.08428112652991342,0.10271935073711916,0.03535170410448281,0.05587581124306683,0.014564035406246123,0.017863980560094417,0.0408464317450801
task014-e270a185207543149c21da83202c4b73,CFG_ATC_M3_AL24477_B0V12_HOA_EDOF_EPD5,CAR_ATC_M3_AL24477_B0V12_HOA_EPD5,ATC_M3_AL24477,B0V12,HOA,EDOF,5.0,-0.5,0.0,0.1271751680742241,0.18970994795343932,0.12519565163340654,0.03738243365417715,0.05094363919204126,0.03320319604293928,0.03835201282316273
task014-e270a185207543149c21da83202c4b73,CFG_ATC_M3_AL24477_B0V12_HOA_EDOF_EPD5,CAR_ATC_M3_AL24477_B0V12_HOA_EPD5,ATC_M3_AL24477,B0V12,HOA,EDOF,5.0,-0.75,-0.25,0.13748881959693332,0.22816474507232215,0.07384838416898332,0.09470961493626229,0.07464281379754195,0.026036782620455876,0.027871004205632884
task014-e270a185207543149c21da83202c4b73,CFG_ATC_M3_AL24477_B0V12_HOA_EDOF_EPD5,CAR_ATC_M3_AL24477_B0V12_HOA_EPD5,ATC_M3_AL24477,B0V12,HOA,EDOF,5.0,-1.0,-0.5,0.10027006167124727,0.1483899073752227,0.03656129681872171,0.027225038541001098,0.013191861177222462,0.0008356002708574605,0.002285328049933976
task014-e270a185207543149c21da83202c4b73,CFG_ATC_M3_AL24477_B0V12_HOA_EDOF_EPD5,CAR_ATC_M3_AL24477_B0V12_HOA_EPD5,ATC_M3_AL24477,B0V12,HOA,EDOF,5.0,-1.25,-0.75,0.12615517150357294,0.05277814029352291,0.10684121501351532,0.04846870891993529,0.08016247322962781,0.05082390502122958,0.04231275654387906
task014-e270a185207543149c21da83202c4b73,CFG_ATC_M3_AL24477_B0V12_HOA_EDOF_EPD5,CAR_ATC_M3_AL24477_B0V12_HOA_EPD5,ATC_M3_AL24477,B0V12,HOA,EDOF,5.0,-1.5,-1.0,0.12799206677268787,0.08723086476523258,0.06839209194270282,0.06337417722881963,0.06675166517698763,0.06588116898021257,0.05423686249541251
task014-e270a185207543149c21da83202c4b73,CFG_ATC_M3_AL24477_B0V12_HOA_EDOF_EPD5,CAR_ATC_M3_AL24477_B0V12_HOA_EPD5,ATC_M3_AL24477,B0V12,HOA,EDOF,5.0,-1.75,-1.25,0.09252602157231932,0.1518899881750116,0.03775170913993572,0.0056667043081432885,0.00823596925782017,0.024552143568469038,0.04094005065870297
task014-e270a185207543149c21da83202c4b73,CFG_ATC_M3_AL24477_B0V12_HOA_EDOF_EPD5,CAR_ATC_M3_AL24477_B0V12_HOA_EPD5,ATC_M3_AL24477,B0V12,HOA,EDOF,5.0,-2.0,-1.5,0.059424929017610054,0.10628735545310616,0.03940358634522052,0.030726893638760647,0.0023197930060630777,0.015220399486894633,0.0006692615153691924
task014-e270a185207543149c21da83202c4b73,CFG_ATC_M3_AL24477_B0V12_HOA_EDOF_EPD5,CAR_ATC_M3_AL24477_B0V12_HOA_EPD5,ATC_M3_AL24477,B0V12,HOA,EDOF,5.0,-2.25,-1.75,0.04889794452672278,0.016639265439193827,0.0039304485551147645,0.02159763776283041,0.003744312784558873,0.004958448156770089,0.0003285357222148558
task014-e270a185207543149c21da83202c4b73,CFG_ATC_M3_AL24477_B0V12_HOA_EDOF_EPD5,CAR_ATC_M3_AL24477_B0V12_HOA_EPD5,ATC_M3_AL24477,B0V12,HOA,EDOF,5.0,-2.5,-2.0,0.04527937998500567,0.031874730374941596,0.026194730029167876,0.0033808065643377736,0.0011438183655765573,0.01866203679317626,0.0043881130464795744
task014-e270a185207543149c21da83202c4b73,CFG_ATC_M3_AL24477_B0V12_HOA_EDOF_EPD5,CAR_ATC_M3_AL24477_B0V12_HOA_EPD5,ATC_M3_AL24477,B0V12,HOA,EDOF,5.0,-2.75,-2.25,0.04335289761511408,0.00985196637484648,0.002529731412200199,0.009488654221107083,0.005307314079382666,0.01064334644766697,0.010227137940678116
task014-e270a185207543149c21da83202c4b73,CFG_ATC_M3_AL24477_B0V12_HOA_EDOF_EPD5,CAR_ATC_M3_AL24477_B0V12_HOA_EPD5,ATC_M3_AL24477,B0V12,HOA,EDOF,5.0,-3.0,-2.5,0.039865921011294,0.06243728328279702,0.019551645234993267,0.01586975313931769,0.008303468082726796,0.009334632674890183,0.000604309899266576
task014-e270a185207543149c21da83202c4b73,CFG_ATC_M3_AL24477_B0V12_RAD_MONO_EPD3,CAR_ATC_M3_AL24477_B0V12_RAD_EPD3,ATC_M3_AL24477,B0V12,RAD,MONO,3.0,0.5,0.5,0.14862239460735652,0.3458828110797919,0.03724031965435448,0.0064363395141845085,0.009150613090073204,0.009579128448609,0.013086423187328031
task014-e270a185207543149c21da83202c4b73,CFG_ATC_M3_AL24477_B0V12_RAD_MONO_EPD3,CAR_ATC_M3_AL24477_B0V12_RAD_EPD3,ATC_M3_AL24477,B0V12,RAD,MONO,3.0,0.25,0.25,0.3307196434232062,0.6607599280606656,0.38359094229175794,0.22904309461319142,0.1326698724981262,0.07151328788451951,0.039150941413990475
task014-e270a185207543149c21da83202c4b73,CFG_ATC_M3_AL24477_B0V12_RAD_MONO_EPD3,CAR_ATC_M3_AL24477_B0V12_RAD_EPD3,ATC_M3_AL24477,B0V12,RAD,MONO,3.0,0.0,0.0,0.5842574913263616,0.8388499090464625,0.6924537645186905,0.5644181735169992,0.4499380999520438,0.34398415383051295,0.23830739243944876
task014-e270a185207543149c21da83202c4b73,CFG_ATC_M3_AL24477_B0V12_RAD_MONO_EPD3,CAR_ATC_M3_AL24477_B0V12_RAD_EPD3,ATC_M3_AL24477,B0V12,RAD,MONO,3.0,-0.25,-0.25,0.33028478195794686,0.7430720452425263,0.3858040788438554,0.15464769741410095,0.07846518737928868,0.08047072666983342,0.10464339894026559
task014-e270a185207543149c21da83202c4b73,CFG_ATC_M3_AL24477_B0V12_RAD_MONO_EPD3,CAR_ATC_M3_AL24477_B0V12_RAD_EPD3,ATC_M3_AL24477,B0V12,RAD,MONO,3.0,-0.5,-0.5,0.17940805592969505,0.4114758705140232,0.08381086346515908,0.08087355442349968,0.020645947048675475,0.011315119937852265,0.01583627138194506
task014-e270a185207543149c21da83202c4b73,CFG_ATC_M3_AL24477_B0V12_RAD_MONO_EPD3,CAR_ATC_M3_AL24477_B0V12_RAD_EPD3,ATC_M3_AL24477,B0V12,RAD,MONO,3.0,-0.75,-0.75,0.13582240439773904,0.04273604408947437,0.06860800668884054,0.060457733130554234,0.029399888022972987,0.019038807341488856,0.018409575342541267
task014-e270a185207543149c21da83202c4b73,CFG_ATC_M3_AL24477_B0V12_RAD_MONO_EPD3,CAR_ATC_M3_AL24477_B0V12_RAD_EPD3,ATC_M3_AL24477,B0V12,RAD,MONO,3.0,-1.0,-1.0,0.10176026265721902,0.15667748310183047,0.07642478990378353,0.019855955968368835,0.014774499974020396,0.00846302910359126,0.00613446699488122
task014-e270a185207543149c21da83202c4b73,CFG_ATC_M3_AL24477_B0V12_RAD_MONO_EPD3,CAR_ATC_M3_AL24477_B0V12_RAD_EPD3,ATC_M3_AL24477,B0V12,RAD,MONO,3.0,-1.25,-1.25,0.08271099669450889,0.13144599609407198,0.0031198429511985403,0.007991820498573613,0.013866785108579718,0.008727635150188458,0.005074157934254005
task014-e270a185207543149c21da83202c4b73,CFG_ATC_M3_AL24477_B0V12_RAD_MONO_EPD3,CAR_ATC_M3_AL24477_B0V12_RAD_EPD3,ATC_M3_AL24477,B0V12,RAD,MONO,3.0,-1.5,-1.5,0.0680611574254875,0.0015025458094577657,0.028832721483213534,0.0035824813009168203,0.008898306821522083,0.0047842369625560235,0.0008852119428597689
task014-e270a185207543149c21da83202c4b73,CFG_ATC_M3_AL24477_B0V12_RAD_MONO_EPD3,CAR_ATC_M3_AL24477_B0V12_RAD_EPD3,ATC_M3_AL24477,B0V12,RAD,MONO,3.0,-1.75,-1.75,0.058515269269807574,0.08188222362243411,0.027366391274687547,0.005668950785084634,0.007357951424817933,0.006174845374852857,0.0012370477800543653
task014-e270a185207543149c21da83202c4b73,CFG_ATC_M3_AL24477_B0V12_RAD_MONO_EPD3,CAR_ATC_M3_AL24477_B0V12_RAD_EPD3,ATC_M3_AL24477,B0V12,RAD,MONO,3.0,-2.0,-2.0,0.05105982218762943,0.05191743405048077,0.0041125562836746045,0.00929645203222721,0.006164814797661914,0.004350514017838364,0.002183331407275631
task014-e270a185207543149c21da83202c4b73,CFG_ATC_M3_AL24477_B0V12_RAD_MONO_EPD3,CAR_ATC_M3_AL24477_B0V12_RAD_EPD3,ATC_M3_AL24477,B0V12,RAD,MONO,3.0,-2.25,-2.25,0.04504123221369123,0.020643216472600433,0.011442525423282359,0.006864289702357777,0.006389023664988991,0.003467588302557604,0.0024861706277444218
task014-e270a185207543149c21da83202c4b73,CFG_ATC_M3_AL24477_B0V12_RAD_MONO_EPD3,CAR_ATC_M3_AL24477_B0V12_RAD_EPD3,ATC_M3_AL24477,B0V12,RAD,MONO,3.0,-2.5,-2.5,0.04047305125652218,0.04499239520500023,0.01519360418990317,0.007725567602394082,0.004569816221008003,0.0032930012593371384,0.002004325831083684
task014-e270a185207543149c21da83202c4b73,CFG_ATC_M3_AL24477_B0V12_RAD_MONO_EPD3,CAR_ATC_M3_AL24477_B0V12_RAD_EPD3,ATC_M3_AL24477,B0V12,RAD,MONO,3.0,-2.75,-2.75,0.036519313762043114,0.008766958465719553,0.006736707906597355,0.00670039295842988,0.0037063175635450286,0.0023049494412608795,0.002132536278449716
task014-e270a185207543149c21da83202c4b73,CFG_ATC_M3_AL24477_B0V12_RAD_MONO_EPD3,CAR_ATC_M3_AL24477_B0V12_RAD_EPD3,ATC_M3_AL24477,B0V12,RAD,MONO,3.0,-3.0,-3.0,0.03362705605012636,0.028412758481581524,0.00415067246735586,0.0057286307051771885,0.003400672266350791,0.0019703554010558864,0.0008280978549923476
task014-e270a185207543149c21da83202c4b73,CFG_ATC_M3_AL24477_B0V12_RAD_MONO_EPD5,CAR_ATC_M3_AL24477_B0V12_RAD_EPD5,ATC_M3_AL24477,B0V12,RAD,MONO,5.0,0.5,0.75,0.06787796459847192,0.08856517347276276,0.03449736093205494,0.014562713635495952,0.0007217837377182002,0.0034733446882940218,0.003430168548137009
task014-e270a185207543149c21da83202c4b73,CFG_ATC_M3_AL24477_B0V12_RAD_MONO_EPD5,CAR_ATC_M3_AL24477_B0V12_RAD_EPD5,ATC_M3_AL24477,B0V12,RAD,MONO,5.0,0.25,0.5,0.12233678429234442,0.1808207633576711,0.10116352683896505,0.06907563746519838,0.033605492887233454,0.01725152352875524,0.008330098933756051
task014-e270a185207543149c21da83202c4b73,CFG_ATC_M3_AL24477_B0V12_RAD_MONO_EPD5,CAR_ATC_M3_AL24477_B0V12_RAD_EPD5,ATC_M3_AL24477,B0V12,RAD,MONO,5.0,0.0,0.25,0.23552167092343182,0.33535701321449646,0.24484169406567796,0.18978824900649657,0.1486149023281896,0.11274938162209387,0.0730278613234744
task014-e270a185207543149c21da83202c4b73,CFG_ATC_M3_AL24477_B0V12_RAD_MONO_EPD5,CAR_ATC_M3_AL24477_B0V12_RAD_EPD5,ATC_M3_AL24477,B0V12,RAD,MONO,5.0,-0.25,0.0,0.23768681653223597,0.4200610863889672,0.26315567067332996,0.14335491039780388,0.08311503930192073,0.06487857588113774,0.07684098274044814
task014-e270a185207543149c21da83202c4b73,CFG_ATC_M3_AL24477_B0V12_RAD_MONO_EPD5,CAR_ATC_M3_AL24477_B0V12_RAD_EPD5,ATC_M3_AL24477,B0V12,RAD,MONO,5.0,-0.5,-0.25,0.17208568982546613,0.3865713047548437,0.06268044166962038,0.007388808610086409,0.02819033959879481,0.05611445403729488,0.05887592626990787
task014-e270a185207543149c21da83202c4b73,CFG_ATC_M3_AL24477_B0V12_RAD_MONO_EPD5,CAR_ATC_M3_AL24477_B0V12_RAD_EPD5,ATC_M3_AL24477,B0V12,RAD,MONO,5.0,-0.75,-0.5,0.16489733754640498,0.26891426031740057,0.039282594448146774,0.1438765558946761,0.030993573174908202,0.01036045396107261,0.019255868051639362
task014-e270a185207543149c21da83202c4b73,CFG_ATC_M3_AL24477_B0V12_RAD_MONO_EPD5,CAR_ATC_M3_AL24477_B0V12_RAD_EPD5,ATC_M3_AL24477,B0V12,RAD,MONO,5.0,-1.0,-0.75,0.12817244244345677,0.044127009355150175,0.14570815436267362,0.00017855834361774932,0.07309051486215734,0.006790113547700687,0.0014159060733205677
task014-e270a185207543149c21da83202c4b73,CFG_ATC_M3_AL24477_B0V12_RAD_MONO_EPD5,CAR_ATC_M3_AL24477_B0V12_RAD_EPD5,ATC_M3_AL24477,B0V12,RAD,MONO,5.0,-1.25,-1.0,0.09488488688291273,0.10053204115448497,0.02711189212267785,0.04472777235775785,0.01835541251748316,0.008334472506165983,0.008224125311655037
task014-e270a185207543149c21da83202c4b73,CFG_ATC_M3_AL24477_B0V12_RAD_MONO_EPD5,CAR_ATC_M3_AL24477_B0V12_RAD_EPD5,ATC_M3_AL24477,B0V12,RAD,MONO,5.0,-1.5,-1.25,0.08490815033088643,0.0451887688229657,0.032439082805170424,0.013168200460878743,0.018824352590761605,0.019321963314735152,0.017752260106313526
task014-e270a185207543149c21da83202c4b73,CFG_ATC_M3_AL24477_B0V12_RAD_MONO_EPD5,CAR_ATC_M3_AL24477_B0V12_RAD_EPD5,ATC_M3_AL24477,B0V12,RAD,MONO,5.0,-1.75,-1.5,0.07647414286566119,0.143022245166077,0.019495540692701655,0.045811405277030065,0.02419282850551661,0.01745242659775646,0.0035175030840987978
task014-e270a185207543149c21da83202c4b73,CFG_ATC_M3_AL24477_B0V12_RAD_MONO_EPD5,CAR_ATC_M3_AL24477_B0V12_RAD_EPD5,ATC_M3_AL24477,B0V12,RAD,MONO,5.0,-2.0,-1.75,0.06603968544556756,0.05049309812711158,0.03085548278987414,0.005486197209044058,0.019524868962007665,0.004337222503290366,0.005470982990653866
task014-e270a185207543149c21da83202c4b73,CFG_ATC_M3_AL24477_B0V12_RAD_MONO_EPD5,CAR_ATC_M3_AL24477_B0V12_RAD_EPD5,ATC_M3_AL24477,B0V12,RAD,MONO,5.0,-2.25,-2.0,0.058351240587166245,0.09620381120609771,0.03989974875057901,0.028917656564548786,0.01314915044270128,0.006006114028319803,0.0013722268463780374
task014-e270a185207543149c21da83202c4b73,CFG_ATC_M3_AL24477_B0V12_RAD_MONO_EPD5,CAR_ATC_M3_AL24477_B0V12_RAD_EPD5,ATC_M3_AL24477,B0V12,RAD,MONO,5.0,-2.5,-2.25,0.05012530609818975,0.07843456721889266,0.044230808657646045,0.018524621559540225,0.006248799844261146,0.00491122628467267,0.0034550908202226095
task014-e270a185207543149c21da83202c4b73,CFG_ATC_M3_AL24477_B0V12_RAD_MONO_EPD5,CAR_ATC_M3_AL24477_B0V12_RAD_EPD5,ATC_M3_AL24477,B0V12,RAD,MONO,5.0,-2.75,-2.5,0.04133899823365758,0.033548702839363245,0.0346345295325612,6.645910090685855e-05,0.0018634029445352815,0.0018948153548713534,0.0023691597839477934
task014-e270a185207543149c21da83202c4b73,CFG_ATC_M3_AL24477_B0V12_RAD_MONO_EPD5,CAR_ATC_M3_AL24477_B0V12_RAD_EPD5,ATC_M3_AL24477,B0V12,RAD,MONO,5.0,-3.0,-2.75,0.038361101923780935,0.07115107550651192,0.01835639091155617,0.009734781959468095,0.0013282876472161913,0.00340492083253972,0.0001530116864965078
task014-e270a185207543149c21da83202c4b73,CFG_ATC_M3_AL24477_B0V12_RAD_EDOF_EPD3,CAR_ATC_M3_AL24477_B0V12_RAD_EPD3,ATC_M3_AL24477,B0V12,RAD,EDOF,3.0,0.5,0.5,0.14372594572743863,0.3043191693997555,0.10121097382505129,0.08089563364585367,0.04273619310698523,0.013967074856761321,0.0059935319490978575
task014-e270a185207543149c21da83202c4b73,CFG_ATC_M3_AL24477_B0V12_RAD_EDOF_EPD3,CAR_ATC_M3_AL24477_B0V12_RAD_EPD3,ATC_M3_AL24477,B0V12,RAD,EDOF,3.0,0.25,0.25,0.17519890529499524,0.35001627824034465,0.17037589652638063,0.056624481578036914,0.008141867685645275,0.05022983246455907,0.0438108009039266
task014-e270a185207543149c21da83202c4b73,CFG_ATC_M3_AL24477_B0V12_RAD_EDOF_EPD3,CAR_ATC_M3_AL24477_B0V12_RAD_EPD3,ATC_M3_AL24477,B0V12,RAD,EDOF,3.0,0.0,0.0,0.3141863383780111,0.3567876815820685,0.3498586166593964,0.30040384627890643,0.23765159699375882,0.16267460449945514,0.10997513436412824
task014-e270a185207543149c21da83202c4b73,CFG_ATC_M3_AL24477_B0V12_RAD_EDOF_EPD3,CAR_ATC_M3_AL24477_B0V12_RAD_EPD3,ATC_M3_AL24477,B0V12,RAD,EDOF,3.0,-0.25,-0.25,0.1848360974006691,0.32645271074967996,0.2179576637814703,0.09281816219123681,0.033889803306161884,0.0024395002720401142,0.030062729039259314
task014-e270a185207543149c21da83202c4b73,CFG_ATC_M3_AL24477_B0V12_RAD_EDOF_EPD3,CAR_ATC_M3_AL24477_B0V12_RAD_EPD3,ATC_M3_AL24477,B0V12,RAD,EDOF,3.0,-0.5,-0.5,0.14801350506062547,0.2708587115614487,0.036422570262874716,0.031032207686717432,0.05117397661219522,0.0055488169422023585,0.06449146551905652
task014-e270a185207543149c21da83202c4b73,CFG_ATC_M3_AL24477_B0V12_RAD_EDOF_EPD3,CAR_ATC_M3_AL24477_B0V12_RAD_EPD3,ATC_M3_AL24477,B0V12,RAD,EDOF,3.0,-0.75,-0.75,0.16810091816695855,0.21195429179147862,0.030645999608159773,0.09708529160499807,0.08421337448786406,0.11846278928381984,0.016471553779140453
task014-e270a185207543149c21da83202c4b73,CFG_ATC_M3_AL24477_B0V12_RAD_EDOF_EPD3,CAR_ATC_M3_AL24477_B0V12_RAD_EPD3,ATC_M3_AL24477,B0V12,RAD,EDOF,3.0,-1.0,-1.0,0.14774424165729313,0.17110697381997442,0.13443654427943402,0.009362955562714359,0.006468369513049908,0.09398382805325622,0.0480656559213002
task014-e270a185207543149c21da83202c4b73,CFG_ATC_M3_AL24477_B0V12_RAD_EDOF_EPD3,CAR_ATC_M3_AL24477_B0V12_RAD_EPD3,ATC_M3_AL24477,B0V12,RAD,EDOF,3.0,-1.25,-1.25,0.12959250249838186,0.15133478077869106,0.026401317280418245,0.059415819382795165,0.03207903469720094,0.038790872092436805,0.06620375948826457
task014-e270a185207543149c21da83202c4b73,CFG_ATC_M3_AL24477_B0V12_RAD_EDOF_EPD3,CAR_ATC_M3_AL24477_B0V12_RAD_EPD3,ATC_M3_AL24477,B0V12,RAD,EDOF,3.0,-1.5,-1.5,0.13599109661408645,0.13196930347495545,0.03592330222219306,0.11371269387958599,0.07095756422897076,0.022141862260025853,0.06303055622629011
task014-e270a185207543149c21da83202c4b73,CFG_ATC_M3_AL24477_B0V12_RAD_EDOF_EPD3,CAR_ATC_M3_AL24477_B0V12_RAD_EPD3,ATC_M3_AL24477,B0V12,RAD,EDOF,3.0,-1.75,-1.75,0.1204806387109569,0.08892937719545595,0.15126640904852506,0.03649499284183451,0.051874384453154856,0.04054848559401221,0.05522236842735936
task014-e270a185207543149c21da83202c4b73,CFG_ATC_M3_AL24477_B0V12_RAD_EDOF_EPD3,CAR_ATC_M3_AL24477_B0V12_RAD_EPD3,ATC_M3_AL24477,B0V12,RAD,EDOF,3.0,-2.0,-2.0,0.08007219156078442,0.025205406435519963,0.07225738194375586,0.008629479213606735,0.0031089763603655294,0.02290994065929977,0.03520211546135622
task014-e270a185207543149c21da83202c4b73,CFG_ATC_M3_AL24477_B0V12_RAD_EDOF_EPD3,CAR_ATC_M3_AL24477_B0V12_RAD_EPD3,ATC_M3_AL24477,B0V12,RAD,EDOF,3.0,-2.25,-2.25,0.06351149743218097,0.022827232981779536,0.05397197545268576,0.013715421518885301,0.010223764331846921,0.011632566689024557,0.01146212887305027
task014-e270a185207543149c21da83202c4b73,CFG_ATC_M3_AL24477_B0V12_RAD_EDOF_EPD3,CAR_ATC_M3_AL24477_B0V12_RAD_EPD3,ATC_M3_AL24477,B0V12,RAD,EDOF,3.0,-2.5,-2.5,0.056519099976114505,0.01814036509682613,0.03033918970397572,0.031484443868316725,0.0049860199702232225,0.0002838880884086527,0.008057971281179304
task014-e270a185207543149c21da83202c4b73,CFG_ATC_M3_AL24477_B0V12_RAD_EDOF_EPD3,CAR_ATC_M3_AL24477_B0V12_RAD_EPD3,ATC_M3_AL24477,B0V12,RAD,EDOF,3.0,-2.75,-2.75,0.05125428211700266,0.03415247387503762,0.03376117189405556,0.012115494809708242,0.006344987002932088,0.0039940470277348835,0.002481298760329764
task014-e270a185207543149c21da83202c4b73,CFG_ATC_M3_AL24477_B0V12_RAD_EDOF_EPD3,CAR_ATC_M3_AL24477_B0V12_RAD_EPD3,ATC_M3_AL24477,B0V12,RAD,EDOF,3.0,-3.0,-3.0,0.04651109109465943,0.08196156881524391,0.04036479906230618,0.0007627591383406775,0.00212371285894269,0.00020003781675060006,0.0026273541569515756
task014-e270a185207543149c21da83202c4b73,CFG_ATC_M3_AL24477_B0V12_RAD_EDOF_EPD5,CAR_ATC_M3_AL24477_B0V12_RAD_EPD5,ATC_M3_AL24477,B0V12,RAD,EDOF,5.0,0.5,1.0,0.07013461769264022,0.05993434968894412,0.023040705672798163,0.020834217871302026,0.029013143757896886,0.00918196135451644,0.00922463277543408
task014-e270a185207543149c21da83202c4b73,CFG_ATC_M3_AL24477_B0V12_RAD_EDOF_EPD5,CAR_ATC_M3_AL24477_B0V12_RAD_EPD5,ATC_M3_AL24477,B0V12,RAD,EDOF,5.0,0.25,0.75,0.08783216252588863,0.10858460492625661,0.07661797337627718,0.01170708199318974,0.0005240113719738527,0.026030374421441994,0.026213675520859007
task014-e270a185207543149c21da83202c4b73,CFG_ATC_M3_AL24477_B0V12_RAD_EDOF_EPD5,CAR_ATC_M3_AL24477_B0V12_RAD_EPD5,ATC_M3_AL24477,B0V12,RAD,EDOF,5.0,0.0,0.5,0.1764723648511787,0.21693812532969847,0.12488156950596112,0.16765527894315896,0.1272859356874612,0.0886118536124337,0.05962488010858216
task014-e270a185207543149c21da83202c4b73,CFG_ATC_M3_AL24477_B0V12_RAD_EDOF_EPD5,CAR_ATC_M3_AL24477_B0V12_RAD_EPD5,ATC_M3_AL24477,B0V12,RAD,EDOF,5.0,-0.25,0.25,0.1798868868004457,0.2861084532354152,0.20874449355961516,0.06060329462091144,0.07623420261515487,0.021496573294754587,0.02805674924460968
task014-e270a185207543149c21da83202c4b73,CFG_ATC_M3_AL24477_B0V12_RAD_EDOF_EPD5,CAR_ATC_M3_AL24477_B0V12_RAD_EPD5,ATC_M3_AL24477,B0V12,RAD,EDOF,5.0,-0.5,0.0,0.1923098881717248,0.3217924422299583,0.06318398661660014,0.05031819899102252,0.12193640729554998,0.09839066921402728,0.06488966835378493
task014-e270a185207543149c21da83202c4b73,CFG_ATC_M3_AL24477_B0V12_RAD_EDOF_EPD5,CAR_ATC_M3_AL24477_B0V12_RAD_EPD5,ATC_M3_AL24477,B0V12,RAD,EDOF,5.0,-0.75,-0.25,0.17436942070137856,0.28907413787049374,0.10636053993793651,0.119395898994992,0.007562241214923507,0.02524164985881916,0.022461269301448268
task014-e270a185207543149c21da83202c4b73,CFG_ATC_M3_AL24477_B0V12_RAD_EDOF_EPD5,CAR_ATC_M3_AL24477_B0V12_RAD_EPD5,ATC_M3_AL24477,B0V12,RAD,EDOF,5.0,-1.0,-0.5,0.129277376316529,0.11640821551863637,0.10372464834472495,0.0006073877222074502,0.014895738578178058,0.041650425114183987,0.01967668417493172
task014-e270a185207543149c21da83202c4b73,CFG_ATC_M3_AL24477_B0V12_RAD_EDOF_EPD5,CAR_ATC_M3_AL24477_B0V12_RAD_EPD5,ATC_M3_AL24477,B0V12,RAD,EDOF,5.0,-1.25,-0.75,0.09386498285127245,0.02906358731767193,0.007557600832276735,0.04392594664754966,0.018842391335478374,0.04566206673288373,0.03515709767373397
task014-e270a185207543149c21da83202c4b73,CFG_ATC_M3_AL24477_B0V12_RAD_EDOF_EPD5,CAR_ATC_M3_AL24477_B0V12_RAD_EPD5,ATC_M3_AL24477,B0V12,RAD,EDOF,5.0,-1.5,-1.0,0.08068814101021488,0.1421694785243766,0.061734813406395854,0.07343296749498593,0.02581316970104055,0.015029558992334144,0.021543659888700117
task014-e270a185207543149c21da83202c4b73,CFG_ATC_M3_AL24477_B0V12_RAD_EDOF_EPD5,CAR_ATC_M3_AL24477_B0V12_RAD_EPD5,ATC_M3_AL24477,B0V12,RAD,EDOF,5.0,-1.75,-1.25,0.06537905268721886,0.09342002106440025,0.0031142317911366617,0.014829983247933845,0.0060860202714949005,0.014307985585485008,0.00827906131315218
task014-e270a185207543149c21da83202c4b73,CFG_ATC_M3_AL24477_B0V12_RAD_EDOF_EPD5,CAR_ATC_M3_AL24477_B0V12_RAD_EPD5,ATC_M3_AL24477,B0V12,RAD,EDOF,5.0,-2.0,-1.5,0.05897119900623938,0.10905169754473867,0.08005161064729806,0.029569583378471244,0.0028168313023176766,0.021527487442444072,0.01286528280704696
task014-e270a185207543149c21da83202c4b73,CFG_ATC_M3_AL24477_B0V12_RAD_EDOF_EPD5,CAR_ATC_M3_AL24477_B0V12_RAD_EPD5,ATC_M3_AL24477,B0V12,RAD,EDOF,5.0,-2.25,-1.75,0.05516911077841083,0.03481646233301957,0.055558930321477865,0.009958497235895855,0.0030582677371599996,0.012102081613273596,0.009406981395338637
task014-e270a185207543149c21da83202c4b73,CFG_ATC_M3_AL24477_B0V12_RAD_EDOF_EPD5,CAR_ATC_M3_AL24477_B0V12_RAD_EPD5,ATC_M3_AL24477,B0V12,RAD,EDOF,5.0,-2.5,-2.0,0.048828107329256236,0.1047525860870659,0.009406962101051446,0.01094837300548513,0.005086372114802348,0.0003648921346094757,0.0005290525157849634
task014-e270a185207543149c21da83202c4b73,CFG_ATC_M3_AL24477_B0V12_RAD_EDOF_EPD5,CAR_ATC_M3_AL24477_B0V12_RAD_EPD5,ATC_M3_AL24477,B0V12,RAD,EDOF,5.0,-2.75,-2.25,0.042915981438942485,0.01295467380162563,0.0079766439402477,0.010602224623692556,0.004138778708834449,0.0021502838165239364,0.0010470751747835667
task014-e270a185207543149c21da83202c4b73,CFG_ATC_M3_AL24477_B0V12_RAD_EDOF_EPD5,CAR_ATC_M3_AL24477_B0V12_RAD_EPD5,ATC_M3_AL24477,B0V12,RAD,EDOF,5.0,-3.0,-2.5,0.03696131744702678,0.04181061913038452,0.0020459700906084394,0.010617431101486427,0.0026317322058225547,0.0009038002047275877,0.0022539434450504882
task014-e270a185207543149c21da83202c4b73,CFG_ATC_M3_AL24477_B0V12_WFS_MONO_EPD3,CAR_ATC_M3_AL24477_B0V12_WFS_EPD3,ATC_M3_AL24477,B0V12,WFS,MONO,3.0,0.5,0.5,0.1549535408018161,0.3508840017808407,0.06939761762336795,0.015611490720198292,0.0012671485076984487,0.008304429644542656,0.012696368656428095
task014-e270a185207543149c21da83202c4b73,CFG_ATC_M3_AL24477_B0V12_WFS_MONO_EPD3,CAR_ATC_M3_AL24477_B0V12_WFS_EPD3,ATC_M3_AL24477,B0V12,WFS,MONO,3.0,0.25,0.25,0.3404355466021468,0.6514220907165831,0.39331401335788124,0.2524982672844671,0.15533922280957707,0.08334540808073504,0.03912385149594068
task014-e270a185207543149c21da83202c4b73,CFG_ATC_M3_AL24477_B0V12_WFS_MONO_EPD3,CAR_ATC_M3_AL24477_B0V12_WFS_EPD3,ATC_M3_AL24477,B0V12,WFS,MONO,3.0,0.0,0.0,0.5696303094893419,0.8250801840351781,0.6693747956107677,0.5398585794786003,0.4320053322260048,0.3367885459444542,0.23667806187054485
task014-e270a185207543149c21da83202c4b73,CFG_ATC_M3_AL24477_B0V12_WFS_MONO_EPD3,CAR_ATC_M3_AL24477_B0V12_WFS_EPD3,ATC_M3_AL24477,B0V12,WFS,MONO,3.0,-0.25,-0.25,0.3130154729812695,0.734306184496897,0.358544879643351,0.12263204447488091,0.05592615200109667,0.06871365068233268,0.10380406091196431
task014-e270a185207543149c21da83202c4b73,CFG_ATC_M3_AL24477_B0V12_WFS_MONO_EPD3,CAR_ATC_M3_AL24477_B0V12_WFS_EPD3,ATC_M3_AL24477,B0V12,WFS,MONO,3.0,-0.5,-0.5,0.17570074589661253,0.4080018950178002,0.09725425004380334,0.07478117521220207,0.008720454362324347,0.0038033651828610973,0.013065179976562116
task014-e270a185207543149c21da83202c4b73,CFG_ATC_M3_AL24477_B0V12_WFS_MONO_EPD3,CAR_ATC_M3_AL24477_B0V12_WFS_EPD3,ATC_M3_AL24477,B0V12,WFS,MONO,3.0,-0.75,-0.75,0.13858248454768646,0.037298992063097496,0.06752350336552274,0.06814824435475426,0.028395142222885906,0.018396946342281135,0.01954456751172762
task014-e270a185207543149c21da83202c4b73,CFG_ATC_M3_AL24477_B0V12_WFS_MONO_EPD3,CAR_ATC_M3_AL24477_B0V12_WFS_EPD3,ATC_M3_AL24477,B0V12,WFS,MONO,3.0,-1.0,-1.0,0.10436128170076464,0.16880161160686905,0.0853857842016387,0.023448715519627655,0.014159377403629433,0.007482215968791637,0.006180759974455512
task014-e270a185207543149c21da83202c4b73,CFG_ATC_M3_AL24477_B0V12_WFS_MONO_EPD3,CAR_ATC_M3_AL24477_B0V12_WFS_EPD3,ATC_M3_AL24477,B0V12,WFS,MONO,3.0,-1.25,-1.25,0.08541451365456917,0.14538208657123303,0.001767577587981155,0.009375133722670195,0.01409053220380932,0.00844030476415836,0.005488999925871246
task014-e270a185207543149c21da83202c4b73,CFG_ATC_M3_AL24477_B0V12_WFS_MONO_EPD3,CAR_ATC_M3_AL24477_B0V12_WFS_EPD3,ATC_M3_AL24477,B0V12,WFS,MONO,3.0,-1.5,-1.5,0.07030739030710449,0.004234974789374688,0.03401756592985658,0.0039925338531277225,0.008822599003471442,0.004480790426511126,0.0010163990573042177
task014-e270a185207543149c21da83202c4b73,CFG_ATC_M3_AL24477_B0V12_WFS_MONO_EPD3,CAR_ATC_M3_AL24477_B0V12_WFS_EPD3,ATC_M3_AL24477,B0V12,WFS,MONO,3.0,-1.75,-1.75,0.060493329110265705,0.08814780748086287,0.029358709481992852,0.006427714755069836,0.00749326661032159,0.006106824535678454,0.0010083383499297916
task014-e270a185207543149c21da83202c4b73,CFG_ATC_M3_AL24477_B0V12_WFS_MONO_EPD3,CAR_ATC_M3_AL24477_B0V12_WFS_EPD3,ATC_M3_AL24477,B0V12,WFS,MONO,3.0,-2.0,-2.0,0.05288694248166401,0.06273638203591414,0.0017283942548790127,0.010035819045483143,0.006315238048767742,0.004112365825969675,0.0020085826610008847
task014-e270a185207543149c21da83202c4b73,CFG_ATC_M3_AL24477_B0V12_WFS_MONO_EPD3,CAR_ATC_M3_AL24477_B0V12_WFS_EPD3,ATC_M3_AL24477,B0V12,WFS,MONO,3.0,-2.25,-2.25,0.046514463053644345,0.01634098615250045,0.014422812766583137,0.007391704091310565,0.006440594616786017,0.003397289073525842,0.002413201013974252
task014-e270a185207543149c21da83202c4b73,CFG_ATC_M3_AL24477_B0V12_WFS_MONO_EPD3,CAR_ATC_M3_AL24477_B0V12_WFS_EPD3,ATC_M3_AL24477,B0V12,WFS,MONO,3.0,-2.5,-2.5,0.041636632159981035,0.050085851845768886,0.016154314499346324,0.008288366352067936,0.004485342895697801,0.0032185340440285537,0.0020063239454383994
task014-e270a185207543149c21da83202c4b73,CFG_ATC_M3_AL24477_B0V12_WFS_MONO_EPD3,CAR_ATC_M3_AL24477_B0V12_WFS_EPD3,ATC_M3_AL24477,B0V12,WFS,MONO,3.0,-2.75,-2.75,0.037800385440891704,0.01570274532125363,0.005274220421037125,0.006928423536225036,0.003746504401154877,0.002286019865159829,0.0022450276405652026
task014-e270a185207543149c21da83202c4b73,CFG_ATC_M3_AL24477_B0V12_WFS_MONO_EPD3,CAR_ATC_M3_AL24477_B0V12_WFS_EPD3,ATC_M3_AL24477,B0V12,WFS,MONO,3.0,-3.0,-3.0,0.03448126325739018,0.027892548516176043,0.006105504313461603,0.005664593263946939,0.0034399604256399176,0.001991906336687033,0.000965571941140135
task014-e270a185207543149c21da83202c4b73,CFG_ATC_M3_AL24477_B0V12_WFS_MONO_EPD5,CAR_ATC_M3_AL24477_B0V12_WFS_EPD5,ATC_M3_AL24477,B0V12,WFS,MONO,5.0,0.5,0.5,0.07098578029259422,0.11203280352784006,0.03738434968861962,0.013302897651624632,0.008862037211310698,0.0015380359247810394,0.002049823364890903
task014-e270a185207543149c21da83202c4b73,CFG_ATC_M3_AL24477_B0V12_WFS_MONO_EPD5,CAR_ATC_M3_AL24477_B0V12_WFS_EPD5,ATC_M3_AL24477,B0V12,WFS,MONO,5.0,0.25,0.25,0.1266038071179044,0.18235048162631312,0.12328736464567613,0.0781144197242681,0.05153550216808442,0.022850077914628505,0.005645712821432175
task014-e270a185207543149c21da83202c4b73,CFG_ATC_M3_AL24477_B0V12_WFS_MONO_EPD5,CAR_ATC_M3_AL24477_B0V12_WFS_EPD5,ATC_M3_AL24477,B0V12,WFS,MONO,5.0,0.0,0.0,0.2245140084521216,0.29124902265599645,0.21868751345565757,0.18101961458462762,0.15124687242166976,0.1196186718844163,0.08307272145628448
task014-e270a185207543149c21da83202c4b73,CFG_ATC_M3_AL24477_B0V12_WFS_MONO_EPD5,CAR_ATC_M3_AL24477_B0V12_WFS_EPD5,ATC_M3_AL24477,B0V12,WFS,MONO,5.0,-0.25,-0.25,0.21614719918153577,0.38983291106994683,0.22079133004948165,0.12984981328892328,0.08088100553246945,0.07120170954663049,0.08450885540340812
task014-e270a185207543149c21da83202c4b73,CFG_ATC_M3_AL24477_B0V12_WFS_MONO_EPD5,CAR_ATC_M3_AL24477_B0V12_WFS_EPD5,ATC_M3_AL24477,B0V12,WFS,MONO,5.0,-0.5,-0.5,0.1615996606669757,0.34929340383567153,0.07123231573404536,0.0016632142904566506,0.03849806595941233,0.055196226604643114,0.04248864435261985
task014-e270a185207543149c21da83202c4b73,CFG_ATC_M3_AL24477_B0V12_WFS_MONO_EPD5,CAR_ATC_M3_AL24477_B0V12_WFS_EPD5,ATC_M3_AL24477,B0V12,WFS,MONO,5.0,-0.75,-0.75,0.13803824369130713,0.21163807671127277,0.005734980892077669,0.09022598409526043,0.033924623532045936,0.007245430545257026,0.006836287926753437
task014-e270a185207543149c21da83202c4b73,CFG_ATC_M3_AL24477_B0V12_WFS_MONO_EPD5,CAR_ATC_M3_AL24477_B0V12_WFS_EPD5,ATC_M3_AL24477,B0V12,WFS,MONO,5.0,-1.0,-1.0,0.1495707138058248,0.09143204577489411,0.1722503668658709,0.012351127801425447,0.08280013191720532,0.042860218930165166,0.014103376059387255
task014-e270a185207543149c21da83202c4b73,CFG_ATC_M3_AL24477_B0V12_WFS_MONO_EPD5,CAR_ATC_M3_AL24477_B0V12_WFS_EPD5,ATC_M3_AL24477,B0V12,WFS,MONO,5.0,-1.25,-1.25,0.10804070271266772,0.002509217893617503,0.017711511944684545,0.08177110289435519,0.004864029101553969,0.046858522418197886,0.004554280357178723
task014-e270a185207543149c21da83202c4b73,CFG_ATC_M3_AL24477_B0V12_WFS_MONO_EPD5,CAR_ATC_M3_AL24477_B0V12_WFS_EPD5,ATC_M3_AL24477,B0V12,WFS,MONO,5.0,-1.5,-1.5,0.0819431128188848,0.008865766586729128,0.00998557882021392,0.01597326333231048,0.012432372708203038,0.03583914247827457,0.016482107388245522
task014-e270a185207543149c21da83202c4b73,CFG_ATC_M3_AL24477_B0V12_WFS_MONO_EPD5,CAR_ATC_M3_AL24477_B0V12_WFS_EPD5,ATC_M3_AL24477,B0V12,WFS,MONO,5.0,-1.75,-1.75,0.07352834128284075,0.11696252696499276,0.03893375899234196,0.007577219830217604,0.00660060303964755,0.024134177223856954,0.0007866631682258181
task014-e270a185207543149c21da83202c4b73,CFG_ATC_M3_AL24477_B0V12_WFS_MONO_EPD5,CAR_ATC_M3_AL24477_B0V12_WFS_EPD5,ATC_M3_AL24477,B0V12,WFS,MONO,5.0,-2.0,-2.0,0.06823525686672556,0.053016253299365775,0.04403441393162066,0.03837085662476767,0.016600461537749692,0.006234163141014439,0.010336753474508248
task014-e270a185207543149c21da83202c4b73,CFG_ATC_M3_AL24477_B0V12_WFS_MONO_EPD5,CAR_ATC_M3_AL24477_B0V12_WFS_EPD5,ATC_M3_AL24477,B0V12,WFS,MONO,5.0,-2.25,-2.25,0.062250736040902234,0.11022343437979808,0.04744577681307043,0.01583933218436227,0.016393252678432148,0.007701889007349165,0.0004106388616072789
task014-e270a185207543149c21da83202c4b73,CFG_ATC_M3_AL24477_B0V12_WFS_MONO_EPD5,CAR_ATC_M3_AL24477_B0V12_WFS_EPD5,ATC_M3_AL24477,B0V12,WFS,MONO,5.0,-2.5,-2.5,0.0561257345261223,0.018688825745530668,0.034953790183086524,0.030540386040496425,0.011194218069655246,0.007536485000615341,0.004790607249605181
task014-e270a185207543149c21da83202c4b73,CFG_ATC_M3_AL24477_B0V12_WFS_MONO_EPD5,CAR_ATC_M3_AL24477_B0V12_WFS_EPD5,ATC_M3_AL24477,B0V12,WFS,MONO,5.0,-2.75,-2.75,0.048697731448880996,0.10117696825167319,0.016001182393467848,0.005509316036977697,0.005673264827500628,7.97215993025852e-05,0.0027633069737892694
task014-e270a185207543149c21da83202c4b73,CFG_ATC_M3_AL24477_B0V12_WFS_MONO_EPD5,CAR_ATC_M3_AL24477_B0V12_WFS_EPD5,ATC_M3_AL24477,B0V12,WFS,MONO,5.0,-3.0,-3.0,0.04300339906043036,0.027180949632475644,0.0071777319634136,0.013998306302196084,0.0021005142123037045,0.0049905342126207375,0.0008505550971424686
task014-e270a185207543149c21da83202c4b73,CFG_ATC_M3_AL24477_B0V12_WFS_EDOF_EPD3,CAR_ATC_M3_AL24477_B0V12_WFS_EPD3,ATC_M3_AL24477,B0V12,WFS,EDOF,3.0,0.5,0.5,0.1951149973235607,0.2632205167712547,0.22927118231161345,0.12002643644479331,0.0544197318358139,0.011039170320550996,0.039514427034652896
task014-e270a185207543149c21da83202c4b73,CFG_ATC_M3_AL24477_B0V12_WFS_EDOF_EPD3,CAR_ATC_M3_AL24477_B0V12_WFS_EPD3,ATC_M3_AL24477,B0V12,WFS,EDOF,3.0,0.25,0.25,0.27445103236427837,0.455004362034908,0.24686230292363212,0.20737032370233366,0.14384041122386046,0.09597416856314764,0.008821705467272097
task014-e270a185207543149c21da83202c4b73,CFG_ATC_M3_AL24477_B0V12_WFS_EDOF_EPD3,CAR_ATC_M3_AL24477_B0V12_WFS_EPD3,ATC_M3_AL24477,B0V12,WFS,EDOF,3.0,0.0,0.0,0.3703236302776963,0.626167223564801,0.33994976306556146,0.24710038728076814,0.2009093893169029,0.21922744807503225,0.1919406845365094
task014-e270a185207543149c21da83202c4b73,CFG_ATC_M3_AL24477_B0V12_WFS_EDOF_EPD3,CAR_ATC_M3_AL24477_B0V12_WFS_EPD3,ATC_M3_AL24477,B0V12,WFS,EDOF,3.0,-0.25,-0.25,0.24596921219004927,0.6235587208631419,0.22775900958860998,0.014020946700782574,0.042826120122514785,0.02871000493181984,0.12690011626906852
task014-e270a185207543149c21da83202c4b73,CFG_ATC_M3_AL24477_B0V12_WFS_EDOF_EPD3,CAR_ATC_M3_AL24477_B0V12_WFS_EPD3,ATC_M3_AL24477,B0V12,WFS,EDOF,3.0,-0.5,-0.5,0.19596550238762792,0.3992476189050254,0.009269097461391125,0.078437376784973,0.09473596755873234,0.08363373156202031,0.06606540965035063
task014-e270a185207543149c21da83202c4b73,CFG_ATC_M3_AL24477_B0V12_WFS_EDOF_EPD3,CAR_ATC_M3_AL24477_B0V12_WFS_EPD3,ATC_M3_AL24477,B0V12,WFS,EDOF,3.0,-0.75,-0.75,0.14057108907144397,0.07321160495946555,0.03259716610291216,0.10576657427708339,0.023392630446963308,0.022427988919146012,0.013659390723913086
task014-e270a185207543149c21da83202c4b73,CFG_ATC_M3_AL24477_B0V12_WFS_EDOF_EPD3,CAR_ATC_M3_AL24477_B0V12_WFS_EPD3,ATC_M3_AL24477,B0V12,WFS,EDOF,3.0,-1.0,-1.0,0.10644070730745175,0.15180119075710874,0.13929681176882075,0.03181701147759658,0.009159381050031334,0.004029466171743219,0.016024903628300235
task014-e270a185207543149c21da83202c4b73,CFG_ATC_M3_AL24477_B0V12_WFS_EDOF_EPD3,CAR_ATC_M3_AL24477_B0V12_WFS_EPD3,ATC_M3_AL24477,B0V12,WFS,EDOF,3.0,-1.25,-1.25,0.08983660070281645,0.15642071452999712,0.001978526172352563,0.024456253815664207,0.0040051698636963924,0.003688244806190329,0.009623503862138581
task014-e270a185207543149c21da83202c4b73,CFG_ATC_M3_AL24477_B0V12_WFS_EDOF_EPD3,CAR_ATC_M3_AL24477_B0V12_WFS_EPD3,ATC_M3_AL24477,B0V12,WFS,EDOF,3.0,-1.5,-1.5,0.07739651462815186,0.00011037565067101383,0.0683406167485594,0.001624132738015184,0.002719613664420397,0.003752466887701154,0.004154407323661166
task014-e270a185207543149c21da83202c4b73,CFG_ATC_M3_AL24477_B0V12_WFS_EDOF_EPD3,CAR_ATC_M3_AL24477_B0V12_WFS_EPD3,ATC_M3_AL24477,B0V12,WFS,EDOF,3.0,-1.75,-1.75,0.07036174871602202,0.1450305424885523,0.03681933731703661,0.008733400751168165,0.007733411508304682,0.004929003973549719,0.0032012261588071325
task014-e270a185207543149c21da83202c4b73,CFG_ATC_M3_AL24477_B0V12_WFS_EDOF_EPD3,CAR_ATC_M3_AL24477_B0V12_WFS_EPD3,ATC_M3_AL24477,B0V12,WFS,EDOF,3.0,-2.0,-2.0,0.06109535692219818,0.15203513975420285,0.01310544746198981,3.0009283471338484e-05,0.0033752103940128883,0.001958726627378683,0.0006843350413069483
task014-e270a185207543149c21da83202c4b73,CFG_ATC_M3_AL24477_B0V12_WFS_EDOF_EPD3,CAR_ATC_M3_AL24477_B0V12_WFS_EPD3,ATC_M3_AL24477,B0V12,WFS,EDOF,3.0,-2.25,-2.25,0.05478338933992038,0.04077791271588778,0.037706852561843494,0.0057960383957513986,0.004447001086961892,0.0011924619003843902,0.001832831359930648
task014-e270a185207543149c21da83202c4b73,CFG_ATC_M3_AL24477_B0V12_WFS_EDOF_EPD3,CAR_ATC_M3_AL24477_B0V12_WFS_EPD3,ATC_M3_AL24477,B0V12,WFS,EDOF,3.0,-2.5,-2.5,0.04838940555640923,0.07052621323688521,0.01528601806944672,0.007905278113357079,0.0016775569092841208,0.0014039288426014166,0.0019251370452720608
task014-e270a185207543149c21da83202c4b73,CFG_ATC_M3_AL24477_B0V12_WFS_EDOF_EPD3,CAR_ATC_M3_AL24477_B0V12_WFS_EPD3,ATC_M3_AL24477,B0V12,WFS,EDOF,3.0,-2.75,-2.75,0.04427736365882526,0.0934094681429807,0.007177854035046954,0.007879837307176216,0.0023353139375277324,0.0013241587577024578,0.0026509458472687188
task014-e270a185207543149c21da83202c4b73,CFG_ATC_M3_AL24477_B0V12_WFS_EDOF_EPD3,CAR_ATC_M3_AL24477_B0V12_WFS_EPD3,ATC_M3_AL24477,B0V12,WFS,EDOF,3.0,-3.0,-3.0,0.039732231658971634,0.041069404913898086,0.01449536799953662,0.00617452445481177,0.00173865019442689,0.0019216909438712474,0.0018808722178849818
task014-e270a185207543149c21da83202c4b73,CFG_ATC_M3_AL24477_B0V12_WFS_EDOF_EPD5,CAR_ATC_M3_AL24477_B0V12_WFS_EPD5,ATC_M3_AL24477,B0V12,WFS,EDOF,5.0,0.5,1.0,0.08728859298565878,0.07923936402138973,0.09425676092572365,0.04751929804178096,0.03401064161252574,0.011840219971911474,0.007036940069589208
task014-e270a185207543149c21da83202c4b73,CFG_ATC_M3_AL24477_B0V12_WFS_EDOF_EPD5,CAR_ATC_M3_AL24477_B0V12_WFS_EPD5,ATC_M3_AL24477,B0V12,WFS,EDOF,5.0,0.25,0.75,0.10626666293106979,0.11307542258943441,0.08916145539132865,0.07102743280769039,0.047735979365967345,0.023681893446841455,0.0020950272681188745
task014-e270a185207543149c21da83202c4b73,CFG_ATC_M3_AL24477_B0V12_WFS_EDOF_EPD5,CAR_ATC_M3_AL24477_B0V12_WFS_EPD5,ATC_M3_AL24477,B0V12,WFS,EDOF,5.0,0.0,0.5,0.15004920973484176,0.22297952173598104,0.07733627164516457,0.07017651482837517,0.07272333367623943,0.07765650395688667,0.07003429344710266
task014-e270a185207543149c21da83202c4b73,CFG_ATC_M3_AL24477_B0V12_WFS_EDOF_EPD5,CAR_ATC_M3_AL24477_B0V12_WFS_EPD5,ATC_M3_AL24477,B0V12,WFS,EDOF,5.0,-0.25,0.25,0.17259794557715294,0.35220099647558023,0.1746519634990564,0.06480555574137589,0.01679006818745825,0.03115724087305608,0.06656232220272418
task014-e270a185207543149c21da83202c4b73,CFG_ATC_M3_AL24477_B0V12_WFS_EDOF_EPD5,CAR_ATC_M3_AL24477_B0V12_WFS_EPD5,ATC_M3_AL24477,B0V12,WFS,EDOF,5.0,-0.5,0.0,0.21664036736527434,0.3457980688644429,0.12864772112793502,0.09397623423942009,0.1210717718506919,0.12335407101217705,0.10954910740484516
task014-e270a185207543149c21da83202c4b73,CFG_ATC_M3_AL24477_B0V12_WFS_EDOF_EPD5,CAR_ATC_M3_AL24477_B0V12_WFS_EPD5,ATC_M3_AL24477,B0V12,WFS,EDOF,5.0,-0.75,-0.25,0.1308275258139435,0.22336934780798232,0.00012030583849829878,0.06642315059693754,0.006339601784647226,0.009230498326146308,0.005562358222363461
task014-e270a185207543149c21da83202c4b73,CFG_ATC_M3_AL24477_B0V12_WFS_EDOF_EPD5,CAR_ATC_M3_AL24477_B0V12_WFS_EPD5,ATC_M3_AL24477,B0V12,WFS,EDOF,5.0,-1.0,-0.5,0.1480697525520212,0.09608741716027815,0.19977304516942365,0.029221063573830267,0.06733590560079702,0.010640552282449273,0.0058553852080329835
task014-e270a185207543149c21da83202c4b73,CFG_ATC_M3_AL24477_B0V12_WFS_EDOF_EPD5,CAR_ATC_M3_AL24477_B0V12_WFS_EPD5,ATC_M3_AL24477,B0V12,WFS,EDOF,5.0,-1.25,-0.75,0.1109658817484028,0.00860978235556337,0.03354804836153812,0.08940568607767624,0.020094903658072056,0.020857321349763293,0.013923163851939861
task014-e270a185207543149c21da83202c4b73,CFG_ATC_M3_AL24477_B0V12_WFS_EDOF_EPD5,CAR_ATC_M3_AL24477_B0V12_WFS_EPD5,ATC_M3_AL24477,B0V12,WFS,EDOF,5.0,-1.5,-1.0,0.08512023210212352,0.008820501294157665,0.0230776649317427,0.03642838112251162,0.0034738185856459246,0.019734216852630476,0.006553914130959015
task014-e270a185207543149c21da83202c4b73,CFG_ATC_M3_AL24477_B0V12_WFS_EDOF_EPD5,CAR_ATC_M3_AL24477_B0V12_WFS_EPD5,ATC_M3_AL24477,B0V12,WFS,EDOF,5.0,-1.75,-1.25,0.07668259507981329,0.1356819642279045,0.052509033990456186,0.029940076977823967,0.025545528080166996,0.019116056647307207,0.013037707021510681
task014-e270a185207543149c21da83202c4b73,CFG_ATC_M3_AL24477_B0V12_WFS_EDOF_EPD5,CAR_ATC_M3_AL24477_B0V12_WFS_EPD5,ATC_M3_AL24477,B0V12,WFS,EDOF,5.0,-2.0,-1.5,0.06851539894142918,0.08323489167581666,0.0391833348747129,0.028606329880028085,0.03520121421696586,0.008476529570048368,0.009090906031629292
task014-e270a185207543149c21da83202c4b73,CFG_ATC_M3_AL24477_B0V12_WFS_EDOF_EPD5,CAR_ATC_M3_AL24477_B0V12_WFS_EPD5,ATC_M3_AL24477,B0V12,WFS,EDOF,5.0,-2.25,-1.75,0.05934436770523648,0.08645283794022474,0.03371475820856114,0.0178738866993743,0.02763903335669348,0.005905463977819476,0.005123845675691401
task014-e270a185207543149c21da83202c4b73,CFG_ATC_M3_AL24477_B0V12_WFS_EDOF_EPD5,CAR_ATC_M3_AL24477_B0V12_WFS_EPD5,ATC_M3_AL24477,B0V12,WFS,EDOF,5.0,-2.5,-2.0,0.053722926530974484,0.01828708409210257,0.027515694446358485,0.025192561499402535,0.014685935733476964,0.011113704248111879,0.0027293048225679644
task014-e270a185207543149c21da83202c4b73,CFG_ATC_M3_AL24477_B0V12_WFS_EDOF_EPD5,CAR_ATC_M3_AL24477_B0V12_WFS_EPD5,ATC_M3_AL24477,B0V12,WFS,EDOF,5.0,-2.75,-2.25,0.048153801063934236,0.07577685850611153,0.013012537109608185,0.007779052427394009,0.006296503030381822,0.0053103976052491925,0.0038991446250129956
task014-e270a185207543149c21da83202c4b73,CFG_ATC_M3_AL24477_B0V12_WFS_EDOF_EPD5,CAR_ATC_M3_AL24477_B0V12_WFS_EPD5,ATC_M3_AL24477,B0V12,WFS,EDOF,5.0,-3.0,-2.5,0.04289454645881645,0.05608205309460995,0.009973195927313256,0.011964604313538251,0.0035464363995427973,0.0043220594958341945,0.0010233083945684312
task014-e270a185207543149c21da83202c4b73,CFG_ATC_M3_AL24477_C0V12_HOA_MONO_EPD3,CAR_ATC_M3_AL24477_C0V12_HOA_EPD3,ATC_M3_AL24477,C0V12,HOA,MONO,3.0,0.5,0.5,0.15709022825427776,0.36737397205962236,0.05974660899309706,0.00199338486837528,0.010255025641135802,0.013804387459720636,0.01638821537204078
task014-e270a185207543149c21da83202c4b73,CFG_ATC_M3_AL24477_C0V12_HOA_MONO_EPD3,CAR_ATC_M3_AL24477_C0V12_HOA_EPD3,ATC_M3_AL24477,C0V12,HOA,MONO,3.0,0.25,0.25,0.3550977007339688,0.6745102715512679,0.4144210089947156,0.26624169620763505,0.16638303807647473,0.0951750447047616,0.05158128350692036
task014-e270a185207543149c21da83202c4b73,CFG_ATC_M3_AL24477_C0V12_HOA_MONO_EPD3,CAR_ATC_M3_AL24477_C0V12_HOA_EPD3,ATC_M3_AL24477,C0V12,HOA,MONO,3.0,0.0,0.0,0.579224146170866,0.8373887339364228,0.6855737154118713,0.5527369976607763,0.44013492537434606,0.34184055619985815,0.24226059356330526
task014-e270a185207543149c21da83202c4b73,CFG_ATC_M3_AL24477_C0V12_HOA_MONO_EPD3,CAR_ATC_M3_AL24477_C0V12_HOA_EPD3,ATC_M3_AL24477,C0V12,HOA,MONO,3.0,-0.25,-0.25,0.30351711035562073,0.7268733619598843,0.345293676748392,0.11244563775100301,0.04713104902124193,0.057905353713314574,0.09059588825439992
task014-e270a185207543149c21da83202c4b73,CFG_ATC_M3_AL24477_C0V12_HOA_MONO_EPD3,CAR_ATC_M3_AL24477_C0V12_HOA_EPD3,ATC_M3_AL24477,C0V12,HOA,MONO,3.0,-0.5,-0.5,0.1722727858808041,0.3888397783831188,0.10234533458661546,0.07224175107051371,0.008122748233855446,0.0031170820584760926,0.013618433667191988
task014-e270a185207543149c21da83202c4b73,CFG_ATC_M3_AL24477_C0V12_HOA_MONO_EPD3,CAR_ATC_M3_AL24477_C0V12_HOA_EPD3,ATC_M3_AL24477,C0V12,HOA,MONO,3.0,-0.75,-0.75,0.13381279123748355,0.024046886948767218,0.058084822584511656,0.06346571751773124,0.02396156304019984,0.015118344158189525,0.01847372731017994
task014-e270a185207543149c21da83202c4b73,CFG_ATC_M3_AL24477_C0V12_HOA_MONO_EPD3,CAR_ATC_M3_AL24477_C0V12_HOA_EPD3,ATC_M3_AL24477,C0V12,HOA,MONO,3.0,-1.0,-1.0,0.10112588763130698,0.16549009254398966,0.08020688559986293,0.024392045344147815,0.01198571105014798,0.0061289547166914655,0.006950028400546796
task014-e270a185207543149c21da83202c4b73,CFG_ATC_M3_AL24477_C0V12_HOA_MONO_EPD3,CAR_ATC_M3_AL24477_C0V12_HOA_EPD3,ATC_M3_AL24477,C0V12,HOA,MONO,3.0,-1.25,-1.25,0.08274107060549,0.13130482359945,0.007978946284552327,0.011678058701697577,0.01222345088061823,0.007262720828924709,0.006084011708125801
task014-e270a185207543149c21da83202c4b73,CFG_ATC_M3_AL24477_C0V12_HOA_MONO_EPD3,CAR_ATC_M3_AL24477_C0V12_HOA_EPD3,ATC_M3_AL24477,C0V12,HOA,MONO,3.0,-1.5,-1.5,0.06832219434456463,0.005496399076082507,0.027747683310141706,0.0010127272830317835,0.007829812815184507,0.0036622456665367314,0.0020208487735604626
task014-e270a185207543149c21da83202c4b73,CFG_ATC_M3_AL24477_C0V12_HOA_MONO_EPD3,CAR_ATC_M3_AL24477_C0V12_HOA_EPD3,ATC_M3_AL24477,C0V12,HOA,MONO,3.0,-1.75,-1.75,0.05863797896168575,0.08499595003075798,0.02868788551011907,0.003998184672109468,0.0065828664511839025,0.005393060218113248,0.000303184205243015
task014-e270a185207543149c21da83202c4b73,CFG_ATC_M3_AL24477_C0V12_HOA_MONO_EPD3,CAR_ATC_M3_AL24477_C0V12_HOA_EPD3,ATC_M3_AL24477,C0V12,HOA,MONO,3.0,-2.0,-2.0,0.05117685961225947,0.05243486479590721,0.005551922200755417,0.00833373324396712,0.005554017695547415,0.0038583356546911924,0.0015149024303055664
task014-e270a185207543149c21da83202c4b73,CFG_ATC_M3_AL24477_C0V12_HOA_MONO_EPD3,CAR_ATC_M3_AL24477_C0V12_HOA_EPD3,ATC_M3_AL24477,C0V12,HOA,MONO,3.0,-2.25,-2.25,0.04515459813480804,0.021799513302127514,0.010924062112837963,0.006402654318293646,0.005982272807100321,0.003129857111086877,0.00218872917846977
task014-e270a185207543149c21da83202c4b73,CFG_ATC_M3_AL24477_C0V12_HOA_MONO_EPD3,CAR_ATC_M3_AL24477_C0V12_HOA_EPD3,ATC_M3_AL24477,C0V12,HOA,MONO,3.0,-2.5,-2.5,0.04066115539820055,0.046150159357654576,0.01552197110293052,0.007598495733454549,0.004293953985763935,0.003066039264521084,0.0018964287247315052
task014-e270a185207543149c21da83202c4b73,CFG_ATC_M3_AL24477_C0V12_HOA_MONO_EPD3,CAR_ATC_M3_AL24477_C0V12_HOA_EPD3,ATC_M3_AL24477,C0V12,HOA,MONO,3.0,-2.75,-2.75,0.036661127918357246,0.008984232368925744,0.007333665223995471,0.006849642689601357,0.003526416816651776,0.002240838774346245,0.0023187695402403182
task014-e270a185207543149c21da83202c4b73,CFG_ATC_M3_AL24477_C0V12_HOA_MONO_EPD3,CAR_ATC_M3_AL24477_C0V12_HOA_EPD3,ATC_M3_AL24477,C0V12,HOA,MONO,3.0,-3.0,-3.0,0.033742916257367576,0.02898678399912387,0.0037609371980048874,0.006080333395497481,0.0032152811416676992,0.001813868882552439,0.0012724823585844069
task014-e270a185207543149c21da83202c4b73,CFG_ATC_M3_AL24477_C0V12_HOA_MONO_EPD5,CAR_ATC_M3_AL24477_C0V12_HOA_EPD5,ATC_M3_AL24477,C0V12,HOA,MONO,5.0,0.5,0.5,0.12145037485882426,0.08528324627590828,0.0560654475167982,0.032038681418345996,0.034697011282761904,0.030061272940474417,0.018400494985800042
task014-e270a185207543149c21da83202c4b73,CFG_ATC_M3_AL24477_C0V12_HOA_MONO_EPD5,CAR_ATC_M3_AL24477_C0V12_HOA_EPD5,ATC_M3_AL24477,C0V12,HOA,MONO,5.0,0.25,0.25,0.15402890752622672,0.2358606408258141,0.10784767485902462,0.0718525996114641,0.03722175222040332,0.020415172296228076,0.010004317651993503
task014-e270a185207543149c21da83202c4b73,CFG_ATC_M3_AL24477_C0V12_HOA_MONO_EPD5,CAR_ATC_M3_AL24477_C0V12_HOA_EPD5,ATC_M3_AL24477,C0V12,HOA,MONO,5.0,0.0,0.0,0.3172774674470048,0.5044390476775199,0.3275431632440215,0.26826957876359736,0.22573086305472093,0.18789886391203772,0.14021850826560328
task014-e270a185207543149c21da83202c4b73,CFG_ATC_M3_AL24477_C0V12_HOA_MONO_EPD5,CAR_ATC_M3_AL24477_C0V12_HOA_EPD5,ATC_M3_AL24477,C0V12,HOA,MONO,5.0,-0.25,-0.25,0.18544768127269584,0.41749279279889634,0.2484390173020672,0.07848597210001956,0.0033868984758689286,0.001631127868109511,0.02754233381565351
task014-e270a185207543149c21da83202c4b73,CFG_ATC_M3_AL24477_C0V12_HOA_MONO_EPD5,CAR_ATC_M3_AL24477_C0V12_HOA_EPD5,ATC_M3_AL24477,C0V12,HOA,MONO,5.0,-0.5,-0.5,0.10787883675109705,0.163856055945311,0.0842099468868617,0.029463191247987946,0.017947433995221664,0.019691658308684287,0.011666551656864076
task014-e270a185207543149c21da83202c4b73,CFG_ATC_M3_AL24477_C0V12_HOA_MONO_EPD5,CAR_ATC_M3_AL24477_C0V12_HOA_EPD5,ATC_M3_AL24477,C0V12,HOA,MONO,5.0,-0.75,-0.75,0.07401907416793357,0.012128406109438869,0.005356190270345457,0.024542146195880545,0.015195646792931696,0.00034461963660995415,0.0031400453983248923
task014-e270a185207543149c21da83202c4b73,CFG_ATC_M3_AL24477_C0V12_HOA_MONO_EPD5,CAR_ATC_M3_AL24477_C0V12_HOA_EPD5,ATC_M3_AL24477,C0V12,HOA,MONO,5.0,-1.0,-1.0,0.055150605767527255,0.11404262181356722,0.03522901972686356,0.0036765367391155073,0.003036188408922935,0.0010084541782505094,0.00039013295589911297
task014-e270a185207543149c21da83202c4b73,CFG_ATC_M3_AL24477_C0V12_HOA_MONO_EPD5,CAR_ATC_M3_AL24477_C0V12_HOA_EPD5,ATC_M3_AL24477,C0V12,HOA,MONO,5.0,-1.25,-1.25,0.044133960208722726,0.05098812990726459,0.021569594793575377,0.006434645717610979,0.001395715575473194,0.0036772319733490485,0.0017218539362598405
task014-e270a185207543149c21da83202c4b73,CFG_ATC_M3_AL24477_C0V12_HOA_MONO_EPD5,CAR_ATC_M3_AL24477_C0V12_HOA_EPD5,ATC_M3_AL24477,C0V12,HOA,MONO,5.0,-1.5,-1.5,0.03585093593975665,0.06106814357521897,0.00581880278888296,0.0006031976071360017,0.0025278147459912624,0.00047346327586417284,0.0009928701097703363
task014-e270a185207543149c21da83202c4b73,CFG_ATC_M3_AL24477_C0V12_HOA_MONO_EPD5,CAR_ATC_M3_AL24477_C0V12_HOA_EPD5,ATC_M3_AL24477,C0V12,HOA,MONO,5.0,-1.75,-1.75,0.02890816887218692,0.028473655241798304,0.0010177205077245533,8.765634498792553e-05,0.0013737615873562633,0.0013016793501281836,0.0001902990080887383
task014-e270a185207543149c21da83202c4b73,CFG_ATC_M3_AL24477_C0V12_HOA_MONO_EPD5,CAR_ATC_M3_AL24477_C0V12_HOA_EPD5,ATC_M3_AL24477,C0V12,HOA,MONO,5.0,-2.0,-2.0,0.024750193390588104,0.023532889683829807,0.00010869968754322638,0.0027772098756460462,0.0021969304263694265,0.0001470656089173894,0.0012829277072761173
task014-e270a185207543149c21da83202c4b73,CFG_ATC_M3_AL24477_C0V12_HOA_MONO_EPD5,CAR_ATC_M3_AL24477_C0V12_HOA_EPD5,ATC_M3_AL24477,C0V12,HOA,MONO,5.0,-2.25,-2.25,0.021410010612191742,0.011656898848549604,0.0015052033563016,0.0022154481322599192,0.0004091135052836853,0.0017173008046856163,0.0015736933069483874
task014-e270a185207543149c21da83202c4b73,CFG_ATC_M3_AL24477_C0V12_HOA_MONO_EPD5,CAR_ATC_M3_AL24477_C0V12_HOA_EPD5,ATC_M3_AL24477,C0V12,HOA,MONO,5.0,-2.5,-2.5,0.02032353699125372,0.007187608258218486,0.0016781758341403727,0.0018074574704138994,0.0006115623351179,0.00025281387806928477,0.0001750286447335836
task014-e270a185207543149c21da83202c4b73,CFG_ATC_M3_AL24477_C0V12_HOA_MONO_EPD5,CAR_ATC_M3_AL24477_C0V12_HOA_EPD5,ATC_M3_AL24477,C0V12,HOA,MONO,5.0,-2.75,-2.75,0.017757291713722426,0.005465909844705076,0.0013458192303432031,0.00014781014810763665,0.001632070797493519,0.0018240485732853391,0.001023258344155223
task014-e270a185207543149c21da83202c4b73,CFG_ATC_M3_AL24477_C0V12_HOA_MONO_EPD5,CAR_ATC_M3_AL24477_C0V12_HOA_EPD5,ATC_M3_AL24477,C0V12,HOA,MONO,5.0,-3.0,-3.0,0.015295697992971372,0.006887419250755957,0.0035191616320282932,7.223083068867547e-05,0.0013265899443587956,0.0010282822394002402,0.0018347165854425244
task014-e270a185207543149c21da83202c4b73,CFG_ATC_M3_AL24477_C0V12_HOA_EDOF_EPD3,CAR_ATC_M3_AL24477_C0V12_HOA_EPD3,ATC_M3_AL24477,C0V12,HOA,EDOF,3.0,0.5,0.75,0.0866791538364225,0.044083539386729424,0.04912926521685934,0.04369003269747325,0.036360538792258645,0.019376267792972423,0.018850961353413853
task014-e270a185207543149c21da83202c4b73,CFG_ATC_M3_AL24477_C0V12_HOA_EDOF_EPD3,CAR_ATC_M3_AL24477_C0V12_HOA_EPD3,ATC_M3_AL24477,C0V12,HOA,EDOF,3.0,0.25,0.5,0.06836449213903796,0.07310860368231958,0.02043372290584474,0.008330012083638412,0.007053031733331095,0.0005157977092162117,0.028055331147996774
task014-e270a185207543149c21da83202c4b73,CFG_ATC_M3_AL24477_C0V12_HOA_EDOF_EPD3,CAR_ATC_M3_AL24477_C0V12_HOA_EPD3,ATC_M3_AL24477,C0V12,HOA,EDOF,3.0,0.0,0.25,0.09512604717888103,0.13065008885439391,0.05065800772881043,0.02615187127969396,0.037135440675535716,0.03145878258212749,0.023230014433736283
task014-e270a185207543149c21da83202c4b73,CFG_ATC_M3_AL24477_C0V12_HOA_EDOF_EPD3,CAR_ATC_M3_AL24477_C0V12_HOA_EPD3,ATC_M3_AL24477,C0V12,HOA,EDOF,3.0,-0.25,0.0,0.15038873543804537,0.18104103037434277,0.15591355849651295,0.11839862431196432,0.0693260693613563,0.07246262109018434,0.09239722859939273
task014-e270a185207543149c21da83202c4b73,CFG_ATC_M3_AL24477_C0V12_HOA_EDOF_EPD3,CAR_ATC_M3_AL24477_C0V12_HOA_EPD3,ATC_M3_AL24477,C0V12,HOA,EDOF,3.0,-0.5,-0.25,0.1099161606524784,0.18030279385204076,0.08160887323940297,0.04908283434350074,0.045643118465761204,0.01533264836056638,0.029379697646442625
task014-e270a185207543149c21da83202c4b73,CFG_ATC_M3_AL24477_C0V12_HOA_EDOF_EPD3,CAR_ATC_M3_AL24477_C0V12_HOA_EPD3,ATC_M3_AL24477,C0V12,HOA,EDOF,3.0,-0.75,-0.5,0.08093765473470468,0.11903458807074091,0.02265754348217185,0.011881499821592274,0.0460458589015191,0.00815133125560634,0.0030731752518446216
task014-e270a185207543149c21da83202c4b73,CFG_ATC_M3_AL24477_C0V12_HOA_EDOF_EPD3,CAR_ATC_M3_AL24477_C0V12_HOA_EPD3,ATC_M3_AL24477,C0V12,HOA,EDOF,3.0,-1.0,-0.75,0.08091031759804218,0.03773797433673373,0.03903384635316435,0.042603756144924024,0.05121310499507641,0.026508522548007243,0.04257139669217886
task014-e270a185207543149c21da83202c4b73,CFG_ATC_M3_AL24477_C0V12_HOA_EDOF_EPD3,CAR_ATC_M3_AL24477_C0V12_HOA_EPD3,ATC_M3_AL24477,C0V12,HOA,EDOF,3.0,-1.25,-1.0,0.0650972790693721,0.005804775654716248,0.07626596018940097,0.015144612110457794,0.02260022895064854,0.027426027979730667,0.021428645487994606
task014-e270a185207543149c21da83202c4b73,CFG_ATC_M3_AL24477_C0V12_HOA_EDOF_EPD3,CAR_ATC_M3_AL24477_C0V12_HOA_EPD3,ATC_M3_AL24477,C0V12,HOA,EDOF,3.0,-1.5,-1.25,0.05847863996248971,0.01074837631006111,0.013966220976323909,0.024006175872479347,0.017092658508597605,0.01713053124721909,0.006794678960773322
task014-e270a185207543149c21da83202c4b73,CFG_ATC_M3_AL24477_C0V12_HOA_EDOF_EPD3,CAR_ATC_M3_AL24477_C0V12_HOA_EPD3,ATC_M3_AL24477,C0V12,HOA,EDOF,3.0,-1.75,-1.5,0.047359182349809396,0.053771471095194735,0.01651865774513308,0.010271029001757774,0.001589393714749321,0.002420279880092413,0.012408125414348221
task014-e270a185207543149c21da83202c4b73,CFG_ATC_M3_AL24477_C0V12_HOA_EDOF_EPD3,CAR_ATC_M3_AL24477_C0V12_HOA_EPD3,ATC_M3_AL24477,C0V12,HOA,EDOF,3.0,-2.0,-1.75,0.040605190252173,0.06861828005259715,0.021149605802057547,0.009057935774962458,0.002413904332896028,0.015698269225398735,0.0008239777068681266
task014-e270a185207543149c21da83202c4b73,CFG_ATC_M3_AL24477_C0V12_HOA_EDOF_EPD3,CAR_ATC_M3_AL24477_C0V12_HOA_EPD3,ATC_M3_AL24477,C0V12,HOA,EDOF,3.0,-2.25,-2.0,0.042891666253855015,0.036169030720468336,0.004042351405165713,0.02880201274791313,0.002123770161856571,0.005168296430613851,0.013833367989196911
task014-e270a185207543149c21da83202c4b73,CFG_ATC_M3_AL24477_C0V12_HOA_EDOF_EPD3,CAR_ATC_M3_AL24477_C0V12_HOA_EPD3,ATC_M3_AL24477,C0V12,HOA,EDOF,3.0,-2.5,-2.25,0.043799240489220494,0.008339183696990084,0.04238243007124411,0.01538863090197089,0.0015802402323377676,0.04023543807451564,0.0044149529214609065
task014-e270a185207543149c21da83202c4b73,CFG_ATC_M3_AL24477_C0V12_HOA_EDOF_EPD3,CAR_ATC_M3_AL24477_C0V12_HOA_EPD3,ATC_M3_AL24477,C0V12,HOA,EDOF,3.0,-2.75,-2.5,0.041023326715654604,0.015549969542281064,0.04322837311854595,0.017492784413834277,0.01902255009599512,0.0016993314586726516,0.009841428999239423
task014-e270a185207543149c21da83202c4b73,CFG_ATC_M3_AL24477_C0V12_HOA_EDOF_EPD3,CAR_ATC_M3_AL24477_C0V12_HOA_EPD3,ATC_M3_AL24477,C0V12,HOA,EDOF,3.0,-3.0,-2.75,0.03325523609486032,0.02207780887660711,0.021521880053865065,0.0015320113685263785,0.001972897461111806,0.009476721903209183,0.0017822147364997877
task014-e270a185207543149c21da83202c4b73,CFG_ATC_M3_AL24477_C0V12_HOA_EDOF_EPD5,CAR_ATC_M3_AL24477_C0V12_HOA_EPD5,ATC_M3_AL24477,C0V12,HOA,EDOF,5.0,0.5,0.75,0.08002040152736536,0.030829956463409296,0.01862399765905553,0.008849338718766985,0.007015473884341887,0.012905541482450315,0.003254310514274448
task014-e270a185207543149c21da83202c4b73,CFG_ATC_M3_AL24477_C0V12_HOA_EDOF_EPD5,CAR_ATC_M3_AL24477_C0V12_HOA_EPD5,ATC_M3_AL24477,C0V12,HOA,EDOF,5.0,0.25,0.5,0.08724487259330657,0.01925005299299541,0.010262711330721673,0.0516525785302114,0.036424498619382475,0.023963508439044427,0.019805760296190224
task014-e270a185207543149c21da83202c4b73,CFG_ATC_M3_AL24477_C0V12_HOA_EDOF_EPD5,CAR_ATC_M3_AL24477_C0V12_HOA_EPD5,ATC_M3_AL24477,C0V12,HOA,EDOF,5.0,0.0,0.25,0.10334107157618232,0.25176618273696294,0.07099887601092457,0.010343965148654245,0.0010369828594980225,0.02561665917682584,0.011445059621310708
task014-e270a185207543149c21da83202c4b73,CFG_ATC_M3_AL24477_C0V12_HOA_EDOF_EPD5,CAR_ATC_M3_AL24477_C0V12_HOA_EPD5,ATC_M3_AL24477,C0V12,HOA,EDOF,5.0,-0.25,0.0,0.15498753746769825,0.22566949447870688,0.14782911015549904,0.111919915401509,0.057714130223315896,0.07166257806718593,0.07020133599360753
task014-e270a185207543149c21da83202c4b73,CFG_ATC_M3_AL24477_C0V12_HOA_EDOF_EPD5,CAR_ATC_M3_AL24477_C0V12_HOA_EPD5,ATC_M3_AL24477,C0V12,HOA,EDOF,5.0,-0.5,-0.25,0.07435951551125912,0.09463800923599391,0.0543181307162589,0.01526925681013335,0.0014661205234818395,0.003510107663422768,0.005586595567936316
task014-e270a185207543149c21da83202c4b73,CFG_ATC_M3_AL24477_C0V12_HOA_EDOF_EPD5,CAR_ATC_M3_AL24477_C0V12_HOA_EPD5,ATC_M3_AL24477,C0V12,HOA,EDOF,5.0,-0.75,-0.5,0.04970268325594116,0.02652946093066287,0.03704680620819299,0.010651087137418972,0.0009882029732333352,0.01381411288855839,0.0037164297021858353
task014-e270a185207543149c21da83202c4b73,CFG_ATC_M3_AL24477_C0V12_HOA_EDOF_EPD5,CAR_ATC_M3_AL24477_C0V12_HOA_EPD5,ATC_M3_AL24477,C0V12,HOA,EDOF,5.0,-1.0,-0.75,0.04035236372030788,0.04023992837892222,0.017238404271379335,0.004394220953901976,0.0017918426950193197,0.005567484186082484,0.011367726503902404
task014-e270a185207543149c21da83202c4b73,CFG_ATC_M3_AL24477_C0V12_HOA_EDOF_EPD5,CAR_ATC_M3_AL24477_C0V12_HOA_EPD5,ATC_M3_AL24477,C0V12,HOA,EDOF,5.0,-1.25,-1.0,0.040225470439028084,0.008980218412573474,0.03499492211106727,0.03567494091356532,0.006783647953745869,0.015499141471249502,0.0032518547932712414
task014-e270a185207543149c21da83202c4b73,CFG_ATC_M3_AL24477_C0V12_HOA_EDOF_EPD5,CAR_ATC_M3_AL24477_C0V12_HOA_EPD5,ATC_M3_AL24477,C0V12,HOA,EDOF,5.0,-1.5,-1.25,0.033871819037694144,0.059856656499271424,0.002637483591885485,0.0058162470914754445,0.003763485632443493,0.0070832862509879,0.0020606123985140177
task014-e270a185207543149c21da83202c4b73,CFG_ATC_M3_AL24477_C0V12_HOA_EDOF_EPD5,CAR_ATC_M3_AL24477_C0V12_HOA_EPD5,ATC_M3_AL24477,C0V12,HOA,EDOF,5.0,-1.75,-1.5,0.026928412456249516,0.017598915509905215,0.014314073755233768,0.004190370592403919,0.0002385045505960774,0.0016562423175084844,0.001708182359077318
task014-e270a185207543149c21da83202c4b73,CFG_ATC_M3_AL24477_C0V12_HOA_EDOF_EPD5,CAR_ATC_M3_AL24477_C0V12_HOA_EPD5,ATC_M3_AL24477,C0V12,HOA,EDOF,5.0,-2.0,-1.75,0.02387531720201706,0.014702495953379776,0.0005847714043983165,0.010079263217490836,0.002423328680914997,0.010345384476170932,0.00631770136513041
task014-e270a185207543149c21da83202c4b73,CFG_ATC_M3_AL24477_C0V12_HOA_EDOF_EPD5,CAR_ATC_M3_AL24477_C0V12_HOA_EPD5,ATC_M3_AL24477,C0V12,HOA,EDOF,5.0,-2.25,-2.0,0.023248066319385016,0.011303206314338,0.00280112403832225,0.004729685850677596,0.000701934361910681,0.002919134807729974,0.0025500148703859376
task014-e270a185207543149c21da83202c4b73,CFG_ATC_M3_AL24477_C0V12_HOA_EDOF_EPD5,CAR_ATC_M3_AL24477_C0V12_HOA_EPD5,ATC_M3_AL24477,C0V12,HOA,EDOF,5.0,-2.5,-2.25,0.023337859597993286,0.019697373611875825,0.011372066877951989,0.00983625601415598,0.0018282228811726362,0.012781271090562589,0.004357264804966019
task014-e270a185207543149c21da83202c4b73,CFG_ATC_M3_AL24477_C0V12_HOA_EDOF_EPD5,CAR_ATC_M3_AL24477_C0V12_HOA_EPD5,ATC_M3_AL24477,C0V12,HOA,EDOF,5.0,-2.75,-2.5,0.019114897267691697,0.0006476106287125467,0.02186076309244588,0.0037562958675169643,0.007007991636312184,0.001656177043734474,0.0012343394800523383
task014-e270a185207543149c21da83202c4b73,CFG_ATC_M3_AL24477_C0V12_HOA_EDOF_EPD5,CAR_ATC_M3_AL24477_C0V12_HOA_EPD5,ATC_M3_AL24477,C0V12,HOA,EDOF,5.0,-3.0,-2.75,0.017307637562693098,0.01020056431298953,0.016149619923448315,0.00097593349711985,0.0016452863974169246,0.001859219799029744,1.9582994660649868e-05
task014-e270a185207543149c21da83202c4b73,CFG_ATC_M3_AL24477_C0V12_RAD_MONO_EPD3,CAR_ATC_M3_AL24477_C0V12_RAD_EPD3,ATC_M3_AL24477,C0V12,RAD,MONO,3.0,0.5,0.5,0.16197591224971677,0.3593516130007694,0.038041389162694866,0.05534795821040092,0.02304144571868568,0.012906375738635203,0.016293534397323395
task014-e270a185207543149c21da83202c4b73,CFG_ATC_M3_AL24477_C0V12_RAD_MONO_EPD3,CAR_ATC_M3_AL24477_C0V12_RAD_EPD3,ATC_M3_AL24477,C0V12,RAD,MONO,3.0,0.25,0.25,0.3222872877862378,0.7012489105696874,0.37629923613603955,0.18250977533941598,0.09391719031277494,0.0631433387037269,0.05813090284575791
task014-e270a185207543149c21da83202c4b73,CFG_ATC_M3_AL24477_C0V12_RAD_MONO_EPD3,CAR_ATC_M3_AL24477_C0V12_RAD_EPD3,ATC_M3_AL24477,C0V12,RAD,MONO,3.0,0.0,0.0,0.606071316554528,0.8637522344454993,0.7290853340388079,0.5983021739259266,0.4724586208443447,0.3536843547280384,0.2437650602406538
task014-e270a185207543149c21da83202c4b73,CFG_ATC_M3_AL24477_C0V12_RAD_MONO_EPD3,CAR_ATC_M3_AL24477_C0V12_RAD_EPD3,ATC_M3_AL24477,C0V12,RAD,MONO,3.0,-0.25,-0.25,0.34776406679442234,0.732238472642126,0.4118309015091582,0.20791348259308268,0.11631225596126946,0.08787042106790997,0.08453875383798695
task014-e270a185207543149c21da83202c4b73,CFG_ATC_M3_AL24477_C0V12_RAD_MONO_EPD3,CAR_ATC_M3_AL24477_C0V12_RAD_EPD3,ATC_M3_AL24477,C0V12,RAD,MONO,3.0,-0.5,-0.5,0.1733982142374301,0.38757130648708366,0.0444384615300491,0.06909883686879682,0.03234305347096217,0.0204156500434836,0.02025613964219238
task014-e270a185207543149c21da83202c4b73,CFG_ATC_M3_AL24477_C0V12_RAD_MONO_EPD3,CAR_ATC_M3_AL24477_C0V12_RAD_EPD3,ATC_M3_AL24477,C0V12,RAD,MONO,3.0,-0.75,-0.75,0.12131617953615267,0.04640234488960362,0.043170802642047215,0.04127327275138363,0.024003177870192006,0.01616690409197098,0.015963096350489352
task014-e270a185207543149c21da83202c4b73,CFG_ATC_M3_AL24477_C0V12_RAD_MONO_EPD3,CAR_ATC_M3_AL24477_C0V12_RAD_EPD3,ATC_M3_AL24477,C0V12,RAD,MONO,3.0,-1.0,-1.0,0.09058341866535048,0.11201504638935693,0.05176786239630294,0.01662836028249148,0.012584169108171216,0.008256671045588427,0.00706562695900606
task014-e270a185207543149c21da83202c4b73,CFG_ATC_M3_AL24477_C0V12_RAD_MONO_EPD3,CAR_ATC_M3_AL24477_C0V12_RAD_EPD3,ATC_M3_AL24477,C0V12,RAD,MONO,3.0,-1.25,-1.25,0.07318665371233243,0.07637559759603574,0.013575426614361745,0.009481784850931986,0.011205793615606773,0.007929836884617639,0.005234515590190721
task014-e270a185207543149c21da83202c4b73,CFG_ATC_M3_AL24477_C0V12_RAD_MONO_EPD3,CAR_ATC_M3_AL24477_C0V12_RAD_EPD3,ATC_M3_AL24477,C0V12,RAD,MONO,3.0,-1.5,-1.5,0.060834118130657346,0.023537277389117015,0.011073927410415168,0.0009576764386204198,0.007913666578195996,0.004430890770158842,0.0019443207788552332
task014-e270a185207543149c21da83202c4b73,CFG_ATC_M3_AL24477_C0V12_RAD_MONO_EPD3,CAR_ATC_M3_AL24477_C0V12_RAD_EPD3,ATC_M3_AL24477,C0V12,RAD,MONO,3.0,-1.75,-1.75,0.05220753630969995,0.06016637662860712,0.02065015365847175,0.0011859193717978877,0.006255467762077522,0.00541299375898578,0.000640208169168241
task014-e270a185207543149c21da83202c4b73,CFG_ATC_M3_AL24477_C0V12_RAD_MONO_EPD3,CAR_ATC_M3_AL24477_C0V12_RAD_EPD3,ATC_M3_AL24477,C0V12,RAD,MONO,3.0,-2.0,-2.0,0.046109635354613335,0.017918608108163044,0.01098461539784885,0.00569455848177328,0.004995873520754255,0.004504298790985802,0.0019508728506294748
task014-e270a185207543149c21da83202c4b73,CFG_ATC_M3_AL24477_C0V12_RAD_MONO_EPD3,CAR_ATC_M3_AL24477_C0V12_RAD_EPD3,ATC_M3_AL24477,C0V12,RAD,MONO,3.0,-2.25,-2.25,0.04047700421867693,0.029766419309902054,0.0014052459164726134,0.004653717027170675,0.00562570561668952,0.00336567523266561,0.002396080752971305
task014-e270a185207543149c21da83202c4b73,CFG_ATC_M3_AL24477_C0V12_RAD_MONO_EPD3,CAR_ATC_M3_AL24477_C0V12_RAD_EPD3,ATC_M3_AL24477,C0V12,RAD,MONO,3.0,-2.5,-2.5,0.03657960935141464,0.02600821166823699,0.01020056765186311,0.005619326341110661,0.004565310131831626,0.003331285094585296,0.0019241236454964037
task014-e270a185207543149c21da83202c4b73,CFG_ATC_M3_AL24477_C0V12_RAD_MONO_EPD3,CAR_ATC_M3_AL24477_C0V12_RAD_EPD3,ATC_M3_AL24477,C0V12,RAD,MONO,3.0,-2.75,-2.75,0.03385851910993938,0.009916223828346548,0.009818676879994732,0.005691122678870227,0.003500650395968184,0.0023524953390060836,0.002058675794655039
task014-e270a185207543149c21da83202c4b73,CFG_ATC_M3_AL24477_C0V12_RAD_MONO_EPD3,CAR_ATC_M3_AL24477_C0V12_RAD_EPD3,ATC_M3_AL24477,C0V12,RAD,MONO,3.0,-3.0,-3.0,0.030941355614168324,0.02465243227087692,0.0023239341323082236,0.005964934746906956,0.0030482104116012214,0.0017839683064146624,0.0009392279021738837
task014-e270a185207543149c21da83202c4b73,CFG_ATC_M3_AL24477_C0V12_RAD_MONO_EPD5,CAR_ATC_M3_AL24477_C0V12_RAD_EPD5,ATC_M3_AL24477,C0V12,RAD,MONO,5.0,0.5,0.5,0.10646519557296527,0.14980995540437772,0.026582723599423125,0.042813045457069196,0.043923159654874824,0.03307141260039692,0.0313837839718144
task014-e270a185207543149c21da83202c4b73,CFG_ATC_M3_AL24477_C0V12_RAD_MONO_EPD5,CAR_ATC_M3_AL24477_C0V12_RAD_EPD5,ATC_M3_AL24477,C0V12,RAD,MONO,5.0,0.25,0.25,0.15673744204023352,0.3420682496366196,0.14416292699454233,0.027023521928122008,0.023010824869511583,0.033168779070133714,0.029003328310788817
task014-e270a185207543149c21da83202c4b73,CFG_ATC_M3_AL24477_C0V12_RAD_MONO_EPD5,CAR_ATC_M3_AL24477_C0V12_RAD_EPD5,ATC_M3_AL24477,C0V12,RAD,MONO,5.0,0.0,0.0,0.34529080886872354,0.4753137855200369,0.39261751706422643,0.3308248165309523,0.2729272758074211,0.21794675941614203,0.16660955241686462
task014-e270a185207543149c21da83202c4b73,CFG_ATC_M3_AL24477_C0V12_RAD_MONO_EPD5,CAR_ATC_M3_AL24477_C0V12_RAD_EPD5,ATC_M3_AL24477,C0V12,RAD,MONO,5.0,-0.25,-0.25,0.13080562682623822,0.32176941043469715,0.1353052393973856,0.025185832799318433,0.006565917129577758,0.006262358740963448,0.0011443942275108855
task014-e270a185207543149c21da83202c4b73,CFG_ATC_M3_AL24477_C0V12_RAD_MONO_EPD5,CAR_ATC_M3_AL24477_C0V12_RAD_EPD5,ATC_M3_AL24477,C0V12,RAD,MONO,5.0,-0.5,-0.5,0.07227563618179843,0.08241612282089682,0.04640951717619334,0.006317458716136866,0.004357678086853945,0.0068889381063770025,0.004067696220430157
task014-e270a185207543149c21da83202c4b73,CFG_ATC_M3_AL24477_C0V12_RAD_MONO_EPD5,CAR_ATC_M3_AL24477_C0V12_RAD_EPD5,ATC_M3_AL24477,C0V12,RAD,MONO,5.0,-0.75,-0.75,0.049888731783119346,0.02179643265118042,0.011429684208845272,0.0027664752868065074,0.002930161791234875,0.0006551366289878312,0.002432823174704564
task014-e270a185207543149c21da83202c4b73,CFG_ATC_M3_AL24477_C0V12_RAD_MONO_EPD5,CAR_ATC_M3_AL24477_C0V12_RAD_EPD5,ATC_M3_AL24477,C0V12,RAD,MONO,5.0,-1.0,-1.0,0.03787281405799981,0.03860827421256911,0.003063041120327185,0.002502124034834172,0.0011361523544501453,0.0025008056773299894,0.000490082473347657
task014-e270a185207543149c21da83202c4b73,CFG_ATC_M3_AL24477_C0V12_RAD_MONO_EPD5,CAR_ATC_M3_AL24477_C0V12_RAD_EPD5,ATC_M3_AL24477,C0V12,RAD,MONO,5.0,-1.25,-1.25,0.030558088744536634,0.00224904931734495,0.004826296296300012,0.0018155852034578473,0.0028527064559784993,0.0014490510490206394,0.0013161705161735579
task014-e270a185207543149c21da83202c4b73,CFG_ATC_M3_AL24477_C0V12_RAD_MONO_EPD5,CAR_ATC_M3_AL24477_C0V12_RAD_EPD5,ATC_M3_AL24477,C0V12,RAD,MONO,5.0,-1.5,-1.5,0.02545215622383954,0.020858540701012215,0.0017802884385107432,0.0024951440196300132,0.0017806317523034504,0.0014643146100340146,0.000736781443622574
task014-e270a185207543149c21da83202c4b73,CFG_ATC_M3_AL24477_C0V12_RAD_MONO_EPD5,CAR_ATC_M3_AL24477_C0V12_RAD_EPD5,ATC_M3_AL24477,C0V12,RAD,MONO,5.0,-1.75,-1.75,0.02286928552174252,0.0025727169385516167,0.0018707245679562114,0.0002696529441950823,0.0007096129818016225,0.0007096218511417362,0.0016372388201459458
task014-e270a185207543149c21da83202c4b73,CFG_ATC_M3_AL24477_C0V12_RAD_MONO_EPD5,CAR_ATC_M3_AL24477_C0V12_RAD_EPD5,ATC_M3_AL24477,C0V12,RAD,MONO,5.0,-2.0,-2.0,0.01953689254651591,0.008935334358265701,0.0015751996281885572,0.0008036051159885341,0.00022107115407125926,0.0008982795214092489,0.00039347218259332475
task014-e270a185207543149c21da83202c4b73,CFG_ATC_M3_AL24477_C0V12_RAD_MONO_EPD5,CAR_ATC_M3_AL24477_C0V12_RAD_EPD5,ATC_M3_AL24477,C0V12,RAD,MONO,5.0,-2.25,-2.25,0.017533938051641478,0.007431151625019388,0.0008901628361402084,0.0015937322142100905,0.0009465982295790884,0.00015429314204679924,0.0015020603314941604
task014-e270a185207543149c21da83202c4b73,CFG_ATC_M3_AL24477_C0V12_RAD_MONO_EPD5,CAR_ATC_M3_AL24477_C0V12_RAD_EPD5,ATC_M3_AL24477,C0V12,RAD,MONO,5.0,-2.5,-2.5,0.015204059481056324,0.008329476258094515,0.002905074538402527,0.0019675278961698225,0.0012930658235377113,0.00153255956470723,0.0010193672587327706
task014-e270a185207543149c21da83202c4b73,CFG_ATC_M3_AL24477_C0V12_RAD_MONO_EPD5,CAR_ATC_M3_AL24477_C0V12_RAD_EPD5,ATC_M3_AL24477,C0V12,RAD,MONO,5.0,-2.75,-2.75,0.013284098599911705,0.003974233154353076,0.0018670614636074982,0.001886027004703019,0.0010675924460595173,0.0001579445291772961,0.00030132364318976413
task014-e270a185207543149c21da83202c4b73,CFG_ATC_M3_AL24477_C0V12_RAD_MONO_EPD5,CAR_ATC_M3_AL24477_C0V12_RAD_EPD5,ATC_M3_AL24477,C0V12,RAD,MONO,5.0,-3.0,-3.0,0.014861692515809054,0.00927000386215929,0.0004807387535280321,0.0010436842144251357,0.00013789666905597277,0.00146215778408403,0.0010859869598681873
task014-e270a185207543149c21da83202c4b73,CFG_ATC_M3_AL24477_C0V12_RAD_EDOF_EPD3,CAR_ATC_M3_AL24477_C0V12_RAD_EPD3,ATC_M3_AL24477,C0V12,RAD,EDOF,3.0,0.5,0.5,0.13774216761073388,0.2963866632032064,0.06857919865705939,0.06328755728972024,0.0462216427923173,0.020259310846365754,0.00333758669126092
task014-e270a185207543149c21da83202c4b73,CFG_ATC_M3_AL24477_C0V12_RAD_EDOF_EPD3,CAR_ATC_M3_AL24477_C0V12_RAD_EPD3,ATC_M3_AL24477,C0V12,RAD,EDOF,3.0,0.25,0.25,0.17581169022675233,0.35437787698450524,0.17436044416155191,0.04260371333916385,0.024735079395231306,0.054133199988666655,0.03651209913996058
task014-e270a185207543149c21da83202c4b73,CFG_ATC_M3_AL24477_C0V12_RAD_EDOF_EPD3,CAR_ATC_M3_AL24477_C0V12_RAD_EPD3,ATC_M3_AL24477,C0V12,RAD,EDOF,3.0,0.0,0.0,0.3193733175520127,0.3679585743773407,0.368289586161028,0.31092457288422615,0.23764130796888006,0.16150143109927523,0.11028892195319522
task014-e270a185207543149c21da83202c4b73,CFG_ATC_M3_AL24477_C0V12_RAD_EDOF_EPD3,CAR_ATC_M3_AL24477_C0V12_RAD_EPD3,ATC_M3_AL24477,C0V12,RAD,EDOF,3.0,-0.25,-0.25,0.19105473385049782,0.3381582580477823,0.23150961831508943,0.10901261386672242,0.03664889390493804,0.005121682885108005,0.018736909396382374
task014-e270a185207543149c21da83202c4b73,CFG_ATC_M3_AL24477_C0V12_RAD_EDOF_EPD3,CAR_ATC_M3_AL24477_C0V12_RAD_EPD3,ATC_M3_AL24477,C0V12,RAD,EDOF,3.0,-0.5,-0.5,0.14434419057644052,0.28312865858022873,0.006164185372005918,0.003415011815365042,0.047259213689699126,0.008357932152339063,0.060027553036326384
task014-e270a185207543149c21da83202c4b73,CFG_ATC_M3_AL24477_C0V12_RAD_EDOF_EPD3,CAR_ATC_M3_AL24477_C0V12_RAD_EPD3,ATC_M3_AL24477,C0V12,RAD,EDOF,3.0,-0.75,-0.75,0.18529724163888045,0.2311322224138695,0.07149910611187485,0.11769954394519036,0.11558727487306576,0.11864820086765605,0.01632246264475689
task014-e270a185207543149c21da83202c4b73,CFG_ATC_M3_AL24477_C0V12_RAD_EDOF_EPD3,CAR_ATC_M3_AL24477_C0V12_RAD_EPD3,ATC_M3_AL24477,C0V12,RAD,EDOF,3.0,-1.0,-1.0,0.15005921626172405,0.20117104040519945,0.12031743699742287,0.016123582286768672,0.0002672479229579705,0.10071538589208104,0.04258476299717463
task014-e270a185207543149c21da83202c4b73,CFG_ATC_M3_AL24477_C0V12_RAD_EDOF_EPD3,CAR_ATC_M3_AL24477_C0V12_RAD_EPD3,ATC_M3_AL24477,C0V12,RAD,EDOF,3.0,-1.25,-1.25,0.12526956292492478,0.1851630951915119,0.002888421429713372,0.028799459004589502,0.010138806442710827,0.04502620853515408,0.06704187666759476
task014-e270a185207543149c21da83202c4b73,CFG_ATC_M3_AL24477_C0V12_RAD_EDOF_EPD3,CAR_ATC_M3_AL24477_C0V12_RAD_EPD3,ATC_M3_AL24477,C0V12,RAD,EDOF,3.0,-1.5,-1.5,0.13820184539894256,0.15329925798839897,0.035936667778203375,0.11566013966465427,0.06956238100719743,0.024475641715840782,0.06624729851469804
task014-e270a185207543149c21da83202c4b73,CFG_ATC_M3_AL24477_C0V12_RAD_EDOF_EPD3,CAR_ATC_M3_AL24477_C0V12_RAD_EPD3,ATC_M3_AL24477,C0V12,RAD,EDOF,3.0,-1.75,-1.75,0.12492343393275622,0.08565188381166086,0.14615118533124333,0.06169246674451466,0.059711363766519615,0.037552881528110524,0.054299460291062286
task014-e270a185207543149c21da83202c4b73,CFG_ATC_M3_AL24477_C0V12_RAD_EDOF_EPD3,CAR_ATC_M3_AL24477_C0V12_RAD_EPD3,ATC_M3_AL24477,C0V12,RAD,EDOF,3.0,-2.0,-2.0,0.07812738027731256,0.0017055028808950397,0.07584270221711514,0.016751845501628337,0.0025874454096824645,0.019318755397425332,0.03130564368505731
task014-e270a185207543149c21da83202c4b73,CFG_ATC_M3_AL24477_C0V12_RAD_EDOF_EPD3,CAR_ATC_M3_AL24477_C0V12_RAD_EPD3,ATC_M3_AL24477,C0V12,RAD,EDOF,3.0,-2.25,-2.25,0.06400864893491022,0.04780310893138513,0.039088231357610956,0.0021319162260313353,0.005278499100036894,0.010629332889073074,0.009809795258571756
task014-e270a185207543149c21da83202c4b73,CFG_ATC_M3_AL24477_C0V12_RAD_EDOF_EPD3,CAR_ATC_M3_AL24477_C0V12_RAD_EPD3,ATC_M3_AL24477,C0V12,RAD,EDOF,3.0,-2.5,-2.5,0.058265654503538426,0.027531519228269925,0.04009809581890529,0.03145114049549144,0.004946674900863009,0.00029089318891750975,0.00786693191878849
task014-e270a185207543149c21da83202c4b73,CFG_ATC_M3_AL24477_C0V12_RAD_EDOF_EPD3,CAR_ATC_M3_AL24477_C0V12_RAD_EPD3,ATC_M3_AL24477,C0V12,RAD,EDOF,3.0,-2.75,-2.75,0.05269454622572502,0.041439297055370146,0.020177069734930546,0.006127099476356692,0.006846712723526769,0.003895351723491234,0.002235466103734981
task014-e270a185207543149c21da83202c4b73,CFG_ATC_M3_AL24477_C0V12_RAD_EDOF_EPD3,CAR_ATC_M3_AL24477_C0V12_RAD_EPD3,ATC_M3_AL24477,C0V12,RAD,EDOF,3.0,-3.0,-3.0,0.0480628455917923,0.09289978975389408,0.04596798940953804,0.0028180259956038043,0.002555461659504225,0.0004040973394037761,0.002033253701497223
task014-e270a185207543149c21da83202c4b73,CFG_ATC_M3_AL24477_C0V12_RAD_EDOF_EPD5,CAR_ATC_M3_AL24477_C0V12_RAD_EPD5,ATC_M3_AL24477,C0V12,RAD,EDOF,5.0,0.5,0.5,0.13139132029389083,0.16941275969438852,0.03971639551499513,0.07696156359686451,0.09069014991634095,0.07367669526367485,0.06135065650853864
task014-e270a185207543149c21da83202c4b73,CFG_ATC_M3_AL24477_C0V12_RAD_EDOF_EPD5,CAR_ATC_M3_AL24477_C0V12_RAD_EPD5,ATC_M3_AL24477,C0V12,RAD,EDOF,5.0,0.25,0.25,0.1366780851357915,0.26909705240477855,0.14638868084163315,0.03227672509823469,0.02436613769352689,0.042849155395433866,0.033185772867890005
task014-e270a185207543149c21da83202c4b73,CFG_ATC_M3_AL24477_C0V12_RAD_EDOF_EPD5,CAR_ATC_M3_AL24477_C0V12_RAD_EPD5,ATC_M3_AL24477,C0V12,RAD,EDOF,5.0,0.0,0.0,0.20259435100633122,0.2679231693340758,0.17588947540881117,0.18548236112285402,0.15962550638861916,0.12085800334940298,0.09588462767482724
task014-e270a185207543149c21da83202c4b73,CFG_ATC_M3_AL24477_C0V12_RAD_EDOF_EPD5,CAR_ATC_M3_AL24477_C0V12_RAD_EPD5,ATC_M3_AL24477,C0V12,RAD,EDOF,5.0,-0.25,-0.25,0.08661259852371864,0.10824571603003882,0.0754749726693924,0.000509170449401142,0.01604529915508705,0.022023459824442003,0.01039130942149811
task014-e270a185207543149c21da83202c4b73,CFG_ATC_M3_AL24477_C0V12_RAD_EDOF_EPD5,CAR_ATC_M3_AL24477_C0V12_RAD_EPD5,ATC_M3_AL24477,C0V12,RAD,EDOF,5.0,-0.5,-0.5,0.06331813477127703,0.038244480699473025,0.001543242856623027,0.019911406439792723,0.03233967837566911,0.00041094889044779965,0.014480603453487863
task014-e270a185207543149c21da83202c4b73,CFG_ATC_M3_AL24477_C0V12_RAD_EDOF_EPD5,CAR_ATC_M3_AL24477_C0V12_RAD_EPD5,ATC_M3_AL24477,C0V12,RAD,EDOF,5.0,-0.75,-0.75,0.06489601135905944,0.0744507215246707,0.02087546229429408,0.017811447758741147,0.03449005149871075,0.032413378806670716,0.0027646418986427513
task014-e270a185207543149c21da83202c4b73,CFG_ATC_M3_AL24477_C0V12_RAD_EDOF_EPD5,CAR_ATC_M3_AL24477_C0V12_RAD_EPD5,ATC_M3_AL24477,C0V12,RAD,EDOF,5.0,-1.0,-1.0,0.05947618079956385,0.08756889865310631,0.03535752695173489,0.0011933071461622347,0.004652306090495145,0.0407253232953506,0.01734793898755316
task014-e270a185207543149c21da83202c4b73,CFG_ATC_M3_AL24477_C0V12_RAD_EDOF_EPD5,CAR_ATC_M3_AL24477_C0V12_RAD_EPD5,ATC_M3_AL24477,C0V12,RAD,EDOF,5.0,-1.25,-1.25,0.05531548149864032,0.08123755274340125,0.01102850061336019,0.0119744354859867,0.0073381718803789825,0.02604386963312794,0.023759697856425323
task014-e270a185207543149c21da83202c4b73,CFG_ATC_M3_AL24477_C0V12_RAD_EDOF_EPD5,CAR_ATC_M3_AL24477_C0V12_RAD_EPD5,ATC_M3_AL24477,C0V12,RAD,EDOF,5.0,-1.5,-1.5,0.05601150419929216,0.04845725394709974,0.015761468304366675,0.04349854329083465,0.024825306344688054,0.012414974976832898,0.02358255271886331
task014-e270a185207543149c21da83202c4b73,CFG_ATC_M3_AL24477_C0V12_RAD_EDOF_EPD5,CAR_ATC_M3_AL24477_C0V12_RAD_EPD5,ATC_M3_AL24477,C0V12,RAD,EDOF,5.0,-1.75,-1.75,0.04474644819730345,0.015433781440391729,0.04638003870110248,0.01796426910579296,0.01635769903309037,0.007256634225039794,0.017678692209039656
task014-e270a185207543149c21da83202c4b73,CFG_ATC_M3_AL24477_C0V12_RAD_EDOF_EPD5,CAR_ATC_M3_AL24477_C0V12_RAD_EPD5,ATC_M3_AL24477,C0V12,RAD,EDOF,5.0,-2.0,-2.0,0.03179993407964279,0.004478536048267019,0.025769507386750302,0.0043015830574296724,0.001181731768246656,0.006395907023031505,0.009207440980949548
task014-e270a185207543149c21da83202c4b73,CFG_ATC_M3_AL24477_C0V12_RAD_EDOF_EPD5,CAR_ATC_M3_AL24477_C0V12_RAD_EPD5,ATC_M3_AL24477,C0V12,RAD,EDOF,5.0,-2.25,-2.25,0.027830157495598962,0.014475805160738495,0.01603738113392403,0.0045036214347804115,0.0003718653654381986,0.005966629954600535,0.005689827911641129
task014-e270a185207543149c21da83202c4b73,CFG_ATC_M3_AL24477_C0V12_RAD_EDOF_EPD5,CAR_ATC_M3_AL24477_C0V12_RAD_EPD5,ATC_M3_AL24477,C0V12,RAD,EDOF,5.0,-2.5,-2.5,0.02525181792602743,0.0017888382968572454,0.012026072725151375,0.008954503321294126,0.0013004762676893464,0.00221195872214305,0.0030678034232845255
task014-e270a185207543149c21da83202c4b73,CFG_ATC_M3_AL24477_C0V12_RAD_EDOF_EPD5,CAR_ATC_M3_AL24477_C0V12_RAD_EPD5,ATC_M3_AL24477,C0V12,RAD,EDOF,5.0,-2.75,-2.75,0.02280296405815595,0.015021722050168912,0.011780871290575909,0.0013869146483204,0.00019932024349009035,0.0009790066852923538,0.0006671287946261503
task014-e270a185207543149c21da83202c4b73,CFG_ATC_M3_AL24477_C0V12_RAD_EDOF_EPD5,CAR_ATC_M3_AL24477_C0V12_RAD_EPD5,ATC_M3_AL24477,C0V12,RAD,EDOF,5.0,-3.0,-3.0,0.02086943290393734,0.028271838821387528,0.012615169921718275,0.002135016066261765,0.0005051314172188343,0.00015446940990164275,0.002002318863765654
task014-e270a185207543149c21da83202c4b73,CFG_ATC_M3_AL24477_C0V12_WFS_MONO_EPD3,CAR_ATC_M3_AL24477_C0V12_WFS_EPD3,ATC_M3_AL24477,C0V12,WFS,MONO,3.0,0.5,0.5,0.1612337600502217,0.36865776837022657,0.006920689545683719,0.043594783781342794,0.02485435248128587,0.016405702380403845,0.0178181313441985
task014-e270a185207543149c21da83202c4b73,CFG_ATC_M3_AL24477_C0V12_WFS_MONO_EPD3,CAR_ATC_M3_AL24477_C0V12_WFS_EPD3,ATC_M3_AL24477,C0V12,WFS,MONO,3.0,0.25,0.25,0.34060404377030845,0.7012307981534178,0.40128324974964547,0.22053943998384676,0.12432410232686267,0.07826807665090338,0.059894284522816296
task014-e270a185207543149c21da83202c4b73,CFG_ATC_M3_AL24477_C0V12_WFS_MONO_EPD3,CAR_ATC_M3_AL24477_C0V12_WFS_EPD3,ATC_M3_AL24477,C0V12,WFS,MONO,3.0,0.0,0.0,0.6033801917387158,0.8604492602418226,0.7239178500113805,0.5932446469563784,0.46948696143636853,0.35355946737543315,0.244834844798799
task014-e270a185207543149c21da83202c4b73,CFG_ATC_M3_AL24477_C0V12_WFS_MONO_EPD3,CAR_ATC_M3_AL24477_C0V12_WFS_EPD3,ATC_M3_AL24477,C0V12,WFS,MONO,3.0,-0.25,-0.25,0.3284219592284573,0.7289571687136355,0.38429480711652675,0.16899876660976287,0.08647730719868801,0.07293358945347958,0.08276375555743792
task014-e270a185207543149c21da83202c4b73,CFG_ATC_M3_AL24477_C0V12_WFS_MONO_EPD3,CAR_ATC_M3_AL24477_C0V12_WFS_EPD3,ATC_M3_AL24477,C0V12,WFS,MONO,3.0,-0.5,-0.5,0.1728515388415643,0.3812734280432811,0.06962425656268112,0.07346598427272644,0.025612716356043647,0.014853232041137712,0.018203266418630626
task014-e270a185207543149c21da83202c4b73,CFG_ATC_M3_AL24477_C0V12_WFS_MONO_EPD3,CAR_ATC_M3_AL24477_C0V12_WFS_EPD3,ATC_M3_AL24477,C0V12,WFS,MONO,3.0,-0.75,-0.75,0.12452544561821087,0.032623598310182515,0.04793106044496456,0.047373927432204456,0.023122905939761372,0.014943771614886069,0.016367465159661778
task014-e270a185207543149c21da83202c4b73,CFG_ATC_M3_AL24477_C0V12_WFS_MONO_EPD3,CAR_ATC_M3_AL24477_C0V12_WFS_EPD3,ATC_M3_AL24477,C0V12,WFS,MONO,3.0,-1.0,-1.0,0.09332202390930694,0.1313319191063419,0.05938000571409737,0.01910675627957155,0.011850861948432123,0.007189430621402724,0.0071762718427883804
task014-e270a185207543149c21da83202c4b73,CFG_ATC_M3_AL24477_C0V12_WFS_MONO_EPD3,CAR_ATC_M3_AL24477_C0V12_WFS_EPD3,ATC_M3_AL24477,C0V12,WFS,MONO,3.0,-1.25,-1.25,0.07559216802827519,0.09191722389451985,0.013170455333578251,0.010689964364611235,0.010997001797806116,0.00735810482170976,0.005653424630870905
task014-e270a185207543149c21da83202c4b73,CFG_ATC_M3_AL24477_C0V12_WFS_MONO_EPD3,CAR_ATC_M3_AL24477_C0V12_WFS_EPD3,ATC_M3_AL24477,C0V12,WFS,MONO,3.0,-1.5,-1.5,0.06277409882098586,0.020150628535863434,0.014546514455483352,0.0011748161807889708,0.007565406476376973,0.003946416425225567,0.0022299984783509317
task014-e270a185207543149c21da83202c4b73,CFG_ATC_M3_AL24477_C0V12_WFS_MONO_EPD3,CAR_ATC_M3_AL24477_C0V12_WFS_EPD3,ATC_M3_AL24477,C0V12,WFS,MONO,3.0,-1.75,-1.75,0.05377285955031685,0.0675821949816676,0.022922626130395186,0.0013199711270588735,0.0060546413186698764,0.005195079071061613,0.00034806328477868324
task014-e270a185207543149c21da83202c4b73,CFG_ATC_M3_AL24477_C0V12_WFS_MONO_EPD3,CAR_ATC_M3_AL24477_C0V12_WFS_EPD3,ATC_M3_AL24477,C0V12,WFS,MONO,3.0,-2.0,-2.0,0.04732851993163229,0.026111946106427357,0.010407150673645756,0.0059548456712752666,0.004918974038939023,0.004213161878116067,0.0016625374717477832
task014-e270a185207543149c21da83202c4b73,CFG_ATC_M3_AL24477_C0V12_WFS_MONO_EPD3,CAR_ATC_M3_AL24477_C0V12_WFS_EPD3,ATC_M3_AL24477,C0V12,WFS,MONO,3.0,-2.25,-2.25,0.041747756163625825,0.029142922809911584,0.003318946977547953,0.004813929907177656,0.005579542516916094,0.0032228765698071146,0.0022592992973916566
task014-e270a185207543149c21da83202c4b73,CFG_ATC_M3_AL24477_C0V12_WFS_MONO_EPD3,CAR_ATC_M3_AL24477_C0V12_WFS_EPD3,ATC_M3_AL24477,C0V12,WFS,MONO,3.0,-2.5,-2.5,0.037629276500055,0.031551919345930636,0.011706796748958014,0.005963429260892578,0.004388045274796586,0.0032086310437563683,0.001902487233128381
task014-e270a185207543149c21da83202c4b73,CFG_ATC_M3_AL24477_C0V12_WFS_MONO_EPD3,CAR_ATC_M3_AL24477_C0V12_WFS_EPD3,ATC_M3_AL24477,C0V12,WFS,MONO,3.0,-2.75,-2.75,0.034613412161229914,0.006082140213167915,0.009710627922428055,0.00597977624680822,0.0034149873635448587,0.0023145140898872866,0.002167754532066393
task014-e270a185207543149c21da83202c4b73,CFG_ATC_M3_AL24477_C0V12_WFS_MONO_EPD3,CAR_ATC_M3_AL24477_C0V12_WFS_EPD3,ATC_M3_AL24477,C0V12,WFS,MONO,3.0,-3.0,-3.0,0.03162230107524467,0.026762294090508572,0.0011457352924155013,0.006090667177868578,0.0030298772244514924,0.0017830460086788618,0.0011325591083028803
task014-e270a185207543149c21da83202c4b73,CFG_ATC_M3_AL24477_C0V12_WFS_MONO_EPD5,CAR_ATC_M3_AL24477_C0V12_WFS_EPD5,ATC_M3_AL24477,C0V12,WFS,MONO,5.0,0.5,0.5,0.10338331801496553,0.17253267054596344,0.012676756161232169,0.04033378787215096,0.041544919372373805,0.018151168406132488,0.010455265510447367
task014-e270a185207543149c21da83202c4b73,CFG_ATC_M3_AL24477_C0V12_WFS_MONO_EPD5,CAR_ATC_M3_AL24477_C0V12_WFS_EPD5,ATC_M3_AL24477,C0V12,WFS,MONO,5.0,0.25,0.25,0.149552911212805,0.33956490323667277,0.12285986571975474,0.012159462347098502,0.018379548394138,0.029409202464324408,0.03262120590924183
task014-e270a185207543149c21da83202c4b73,CFG_ATC_M3_AL24477_C0V12_WFS_MONO_EPD5,CAR_ATC_M3_AL24477_C0V12_WFS_EPD5,ATC_M3_AL24477,C0V12,WFS,MONO,5.0,0.0,0.0,0.36822884772734665,0.4486661182989831,0.4111505818545405,0.3572119054193971,0.3029470303908714,0.24913115914709275,0.19600567681982978
task014-e270a185207543149c21da83202c4b73,CFG_ATC_M3_AL24477_C0V12_WFS_MONO_EPD5,CAR_ATC_M3_AL24477_C0V12_WFS_EPD5,ATC_M3_AL24477,C0V12,WFS,MONO,5.0,-0.25,-0.25,0.1393388303470408,0.3751926313830183,0.14122443340729895,0.03082525386040574,0.00017113608609029172,0.0009997558691842697,0.006205667057987887
task014-e270a185207543149c21da83202c4b73,CFG_ATC_M3_AL24477_C0V12_WFS_MONO_EPD5,CAR_ATC_M3_AL24477_C0V12_WFS_EPD5,ATC_M3_AL24477,C0V12,WFS,MONO,5.0,-0.5,-0.5,0.0814825646903034,0.10027264107525784,0.06136674646373971,0.006853511956856331,0.014032724105248619,0.005146382022641607,0.0008174185948872654
task014-e270a185207543149c21da83202c4b73,CFG_ATC_M3_AL24477_C0V12_WFS_MONO_EPD5,CAR_ATC_M3_AL24477_C0V12_WFS_EPD5,ATC_M3_AL24477,C0V12,WFS,MONO,5.0,-0.75,-0.75,0.05531661480388641,0.05739627034631535,0.016029144827792146,0.000573590771370439,0.003131668359566994,0.003948208969154226,0.0013690728612794833
task014-e270a185207543149c21da83202c4b73,CFG_ATC_M3_AL24477_C0V12_WFS_MONO_EPD5,CAR_ATC_M3_AL24477_C0V12_WFS_EPD5,ATC_M3_AL24477,C0V12,WFS,MONO,5.0,-1.0,-1.0,0.041265159896826484,0.039819847410531385,0.00043329735987577916,0.003555067155351737,0.0014174190807307355,0.0026888538853210675,0.00025214588455345317
task014-e270a185207543149c21da83202c4b73,CFG_ATC_M3_AL24477_C0V12_WFS_MONO_EPD5,CAR_ATC_M3_AL24477_C0V12_WFS_EPD5,ATC_M3_AL24477,C0V12,WFS,MONO,5.0,-1.25,-1.25,0.03350985378171047,0.005496248339968748,0.004386601335749521,0.0016600169815104355,0.0029829093010013473,0.0019195782491648094,0.001565658792272465
task014-e270a185207543149c21da83202c4b73,CFG_ATC_M3_AL24477_C0V12_WFS_MONO_EPD5,CAR_ATC_M3_AL24477_C0V12_WFS_EPD5,ATC_M3_AL24477,C0V12,WFS,MONO,5.0,-1.5,-1.5,0.027697741291547607,0.01848677203002159,0.006056784933728056,0.0014374136952732346,0.001937774462214798,0.00044820461159003475,0.0010636919772844117
task014-e270a185207543149c21da83202c4b73,CFG_ATC_M3_AL24477_C0V12_WFS_MONO_EPD5,CAR_ATC_M3_AL24477_C0V12_WFS_EPD5,ATC_M3_AL24477,C0V12,WFS,MONO,5.0,-1.75,-1.75,0.02431999135502439,0.009899668165689143,0.005359912535804691,0.00012330528490757438,0.002392890165699762,0.0006938731503821199,0.0003004895356511201
task014-e270a185207543149c21da83202c4b73,CFG_ATC_M3_AL24477_C0V12_WFS_MONO_EPD5,CAR_ATC_M3_AL24477_C0V12_WFS_EPD5,ATC_M3_AL24477,C0V12,WFS,MONO,5.0,-2.0,-2.0,0.020608548123480026,0.007938708401541593,0.003351976075061025,0.0008243168178645123,0.001692663476271421,0.001186625664555516,3.970749393895475e-05
task014-e270a185207543149c21da83202c4b73,CFG_ATC_M3_AL24477_C0V12_WFS_MONO_EPD5,CAR_ATC_M3_AL24477_C0V12_WFS_EPD5,ATC_M3_AL24477,C0V12,WFS,MONO,5.0,-2.25,-2.25,0.01858511570070877,0.007588992106577383,0.000471375882500545,0.00225513876470564,0.00018047007160813247,0.0015023433608089614,0.001702080936311259
task014-e270a185207543149c21da83202c4b73,CFG_ATC_M3_AL24477_C0V12_WFS_MONO_EPD5,CAR_ATC_M3_AL24477_C0V12_WFS_EPD5,ATC_M3_AL24477,C0V12,WFS,MONO,5.0,-2.5,-2.5,0.016392047816501824,0.000511332752114309,0.0026744086247663485,0.0011600446531225368,0.0009321468234594523,2.5070012698028524e-05,0.0012571486444086075
task014-e270a185207543149c21da83202c4b73,CFG_ATC_M3_AL24477_C0V12_WFS_MONO_EPD5,CAR_ATC_M3_AL24477_C0V12_WFS_EPD5,ATC_M3_AL24477,C0V12,WFS,MONO,5.0,-2.75,-2.75,0.013808032444719422,0.009893284169441352,0.0027463864936956356,0.00011305228733656913,0.0016305986815242058,0.0007585925416378617,0.00043351040418694673
task014-e270a185207543149c21da83202c4b73,CFG_ATC_M3_AL24477_C0V12_WFS_MONO_EPD5,CAR_ATC_M3_AL24477_C0V12_WFS_EPD5,ATC_M3_AL24477,C0V12,WFS,MONO,5.0,-3.0,-3.0,0.014140749712951711,0.0034950740697289005,0.00025663730303212217,0.0002678724738529533,0.00011726047769159875,0.0007449355956097282,0.0016753943563118361
task014-e270a185207543149c21da83202c4b73,CFG_ATC_M3_AL24477_C0V12_WFS_EDOF_EPD3,CAR_ATC_M3_AL24477_C0V12_WFS_EPD3,ATC_M3_AL24477,C0V12,WFS,EDOF,3.0,0.5,0.5,0.18270854597269245,0.2987018626934656,0.18437860986662047,0.07060760883282086,0.026724906730894282,0.00763491861943869,0.052161770904540175
task014-e270a185207543149c21da83202c4b73,CFG_ATC_M3_AL24477_C0V12_WFS_EDOF_EPD3,CAR_ATC_M3_AL24477_C0V12_WFS_EPD3,ATC_M3_AL24477,C0V12,WFS,EDOF,3.0,0.25,0.25,0.3137008790880474,0.5352213328991704,0.31738705764264585,0.2572884869351765,0.1635575426078402,0.10294895658450318,0.0239671276851701
task014-e270a185207543149c21da83202c4b73,CFG_ATC_M3_AL24477_C0V12_WFS_EDOF_EPD3,CAR_ATC_M3_AL24477_C0V12_WFS_EPD3,ATC_M3_AL24477,C0V12,WFS,EDOF,3.0,0.0,0.0,0.44488146068989454,0.6997871605037239,0.46543500332498744,0.3585234091369338,0.2861853512112751,0.2623073475678206,0.20780510843232924
task014-e270a185207543149c21da83202c4b73,CFG_ATC_M3_AL24477_C0V12_WFS_EDOF_EPD3,CAR_ATC_M3_AL24477_C0V12_WFS_EPD3,ATC_M3_AL24477,C0V12,WFS,EDOF,3.0,-0.25,-0.25,0.25148371426329724,0.6451336846143574,0.24172729434409715,0.010817859892746095,0.04362536483410183,0.029417698365977477,0.11755869903085417
task014-e270a185207543149c21da83202c4b73,CFG_ATC_M3_AL24477_C0V12_WFS_EDOF_EPD3,CAR_ATC_M3_AL24477_C0V12_WFS_EPD3,ATC_M3_AL24477,C0V12,WFS,EDOF,3.0,-0.5,-0.5,0.16984762823542515,0.3681513952596668,0.07130012624033702,0.010941523485369264,0.03897670137137879,0.05339829541425313,0.051949565300316726
task014-e270a185207543149c21da83202c4b73,CFG_ATC_M3_AL24477_C0V12_WFS_EDOF_EPD3,CAR_ATC_M3_AL24477_C0V12_WFS_EPD3,ATC_M3_AL24477,C0V12,WFS,EDOF,3.0,-0.75,-0.75,0.13236354048843807,0.03154394719462489,0.011664280581950986,0.08404878687313064,0.018944589285129813,0.016499446304366065,0.00584671247253285
task014-e270a185207543149c21da83202c4b73,CFG_ATC_M3_AL24477_C0V12_WFS_EDOF_EPD3,CAR_ATC_M3_AL24477_C0V12_WFS_EPD3,ATC_M3_AL24477,C0V12,WFS,EDOF,3.0,-1.0,-1.0,0.10125763514050555,0.16131765467971604,0.1391914734380844,0.008188439371745588,0.0028256622759170267,0.008050826283742683,0.013281733368728902
task014-e270a185207543149c21da83202c4b73,CFG_ATC_M3_AL24477_C0V12_WFS_EDOF_EPD3,CAR_ATC_M3_AL24477_C0V12_WFS_EPD3,ATC_M3_AL24477,C0V12,WFS,EDOF,3.0,-1.25,-1.25,0.08460425369308491,0.130429209803189,0.0022772411718277766,0.020834373567059757,0.00032698882958954903,0.0035240057353241663,0.008369661327816413
task014-e270a185207543149c21da83202c4b73,CFG_ATC_M3_AL24477_C0V12_WFS_EDOF_EPD3,CAR_ATC_M3_AL24477_C0V12_WFS_EPD3,ATC_M3_AL24477,C0V12,WFS,EDOF,3.0,-1.5,-1.5,0.07237618907941455,0.028155237176851488,0.04442099460794369,0.0030231362233914486,0.0024322108132993113,0.00296320885034294,0.004595283750453875
task014-e270a185207543149c21da83202c4b73,CFG_ATC_M3_AL24477_C0V12_WFS_EDOF_EPD3,CAR_ATC_M3_AL24477_C0V12_WFS_EPD3,ATC_M3_AL24477,C0V12,WFS,EDOF,3.0,-1.75,-1.75,0.06507487135678293,0.14498063121979965,0.0346175629369847,0.01444337189039555,0.006434724408397919,0.004015507669105424,0.0035402063540454108
task014-e270a185207543149c21da83202c4b73,CFG_ATC_M3_AL24477_C0V12_WFS_EDOF_EPD3,CAR_ATC_M3_AL24477_C0V12_WFS_EPD3,ATC_M3_AL24477,C0V12,WFS,EDOF,3.0,-2.0,-2.0,0.055623710578237034,0.12943739146583796,0.003656052796416218,0.002949193158227994,0.002193055003048663,0.0025948071204019065,0.0014208355998949441
task014-e270a185207543149c21da83202c4b73,CFG_ATC_M3_AL24477_C0V12_WFS_EDOF_EPD3,CAR_ATC_M3_AL24477_C0V12_WFS_EPD3,ATC_M3_AL24477,C0V12,WFS,EDOF,3.0,-2.25,-2.25,0.04975246448105046,0.026618065144779872,0.025034676196381177,0.002285664775752506,0.0040562769962696164,0.001242996655118476,0.0011554459181453947
task014-e270a185207543149c21da83202c4b73,CFG_ATC_M3_AL24477_C0V12_WFS_EDOF_EPD3,CAR_ATC_M3_AL24477_C0V12_WFS_EPD3,ATC_M3_AL24477,C0V12,WFS,EDOF,3.0,-2.5,-2.5,0.04403052232580435,0.057955889575108624,0.015796562526917177,0.0038380167417490676,0.001355831191639736,0.0013914574898575192,0.0015809459939601814
task014-e270a185207543149c21da83202c4b73,CFG_ATC_M3_AL24477_C0V12_WFS_EDOF_EPD3,CAR_ATC_M3_AL24477_C0V12_WFS_EPD3,ATC_M3_AL24477,C0V12,WFS,EDOF,3.0,-2.75,-2.75,0.03944437391640121,0.0686225057697881,0.0065187005722071355,0.0059158251922909934,0.001663716467102022,0.0013242827319670317,0.0025486171634043113
task014-e270a185207543149c21da83202c4b73,CFG_ATC_M3_AL24477_C0V12_WFS_EDOF_EPD3,CAR_ATC_M3_AL24477_C0V12_WFS_EPD3,ATC_M3_AL24477,C0V12,WFS,EDOF,3.0,-3.0,-3.0,0.035562478995075156,0.03137984265526871,0.005618578224947676,0.005528236385481422,0.0010924050543467873,0.0016574800851448983,0.0020308896080758667
task014-e270a185207543149c21da83202c4b73,CFG_ATC_M3_AL24477_C0V12_WFS_EDOF_EPD5,CAR_ATC_M3_AL24477_C0V12_WFS_EPD5,ATC_M3_AL24477,C0V12,WFS,EDOF,5.0,0.5,0.5,0.12614194731370043,0.1500089715765885,0.08411830816432947,0.06977555351603641,0.07742202827927003,0.04660720289403719,0.019726954340757233
task014-e270a185207543149c21da83202c4b73,CFG_ATC_M3_AL24477_C0V12_WFS_EDOF_EPD5,CAR_ATC_M3_AL24477_C0V12_WFS_EPD5,ATC_M3_AL24477,C0V12,WFS,EDOF,5.0,0.25,0.25,0.1394564670777049,0.2789931809485106,0.09243917788998243,0.04134363002080542,0.011126445451226279,0.03148011623929674,0.05410814684008722
task014-e270a185207543149c21da83202c4b73,CFG_ATC_M3_AL24477_C0V12_WFS_EDOF_EPD5,CAR_ATC_M3_AL24477_C0V12_WFS_EPD5,ATC_M3_AL24477,C0V12,WFS,EDOF,5.0,0.0,0.0,0.29571229493738627,0.39013232055623226,0.2908334508086533,0.2494334152637367,0.21867945437363467,0.19911103539505237,0.16368866685821293
task014-e270a185207543149c21da83202c4b73,CFG_ATC_M3_AL24477_C0V12_WFS_EDOF_EPD5,CAR_ATC_M3_AL24477_C0V12_WFS_EPD5,ATC_M3_AL24477,C0V12,WFS,EDOF,5.0,-0.25,-0.25,0.13640962932943096,0.3444348056305253,0.12445017333151158,0.009655424688578444,0.01784554558211675,0.01650894550940262,0.04437101871373071
task014-e270a185207543149c21da83202c4b73,CFG_ATC_M3_AL24477_C0V12_WFS_EDOF_EPD5,CAR_ATC_M3_AL24477_C0V12_WFS_EPD5,ATC_M3_AL24477,C0V12,WFS,EDOF,5.0,-0.5,-0.5,0.08612194093656786,0.09542839375304821,0.07647450769738548,0.013349597286832153,0.017487251194334783,0.013372245351153157,0.013398531894525084
task014-e270a185207543149c21da83202c4b73,CFG_ATC_M3_AL24477_C0V12_WFS_EDOF_EPD5,CAR_ATC_M3_AL24477_C0V12_WFS_EPD5,ATC_M3_AL24477,C0V12,WFS,EDOF,5.0,-0.75,-0.75,0.061561795194922074,0.057719006847572925,0.02856693665934039,0.00824937601448424,0.004684856607460245,0.002250776667632069,0.00013920112809961128
task014-e270a185207543149c21da83202c4b73,CFG_ATC_M3_AL24477_C0V12_WFS_EDOF_EPD5,CAR_ATC_M3_AL24477_C0V12_WFS_EPD5,ATC_M3_AL24477,C0V12,WFS,EDOF,5.0,-1.0,-1.0,0.0466139188348486,0.05207069923596966,0.04657651785883983,0.009865786628856711,0.0016931666892351645,0.0035371735066827264,0.0018005326257000904
task014-e270a185207543149c21da83202c4b73,CFG_ATC_M3_AL24477_C0V12_WFS_EDOF_EPD5,CAR_ATC_M3_AL24477_C0V12_WFS_EPD5,ATC_M3_AL24477,C0V12,WFS,EDOF,5.0,-1.25,-1.25,0.03845495930249896,0.01958110714480729,0.014560602106830842,0.007457382206484632,0.004542979174491602,0.0018988401045896303,0.00029308972863392355
task014-e270a185207543149c21da83202c4b73,CFG_ATC_M3_AL24477_C0V12_WFS_EDOF_EPD5,CAR_ATC_M3_AL24477_C0V12_WFS_EPD5,ATC_M3_AL24477,C0V12,WFS,EDOF,5.0,-1.5,-1.5,0.031212071172903436,0.024780681929201687,0.0014907734024973357,0.005390933768371903,0.0018765560978737748,0.0001257257672369567,0.0007245282622321296
task014-e270a185207543149c21da83202c4b73,CFG_ATC_M3_AL24477_C0V12_WFS_EDOF_EPD5,CAR_ATC_M3_AL24477_C0V12_WFS_EPD5,ATC_M3_AL24477,C0V12,WFS,EDOF,5.0,-1.75,-1.75,0.026809216921249605,0.041491352032380927,0.0024446695989917932,0.0005247704462710717,0.0019866434255887406,0.0009563097996813731,0.0014426105786076655
task014-e270a185207543149c21da83202c4b73,CFG_ATC_M3_AL24477_C0V12_WFS_EDOF_EPD5,CAR_ATC_M3_AL24477_C0V12_WFS_EPD5,ATC_M3_AL24477,C0V12,WFS,EDOF,5.0,-2.0,-2.0,0.023310896419151326,0.02850884431795912,0.002047500100884038,0.0013809775579482477,0.0019257153229000072,0.0005295002081033597,0.0007219840476094645
task014-e270a185207543149c21da83202c4b73,CFG_ATC_M3_AL24477_C0V12_WFS_EDOF_EPD5,CAR_ATC_M3_AL24477_C0V12_WFS_EPD5,ATC_M3_AL24477,C0V12,WFS,EDOF,5.0,-2.25,-2.25,0.020146326866248884,0.006588859931211094,0.0010933725572157505,0.0019284923080263503,0.00032957116186835733,0.001761014856611568,0.0016515071059552498
task014-e270a185207543149c21da83202c4b73,CFG_ATC_M3_AL24477_C0V12_WFS_EDOF_EPD5,CAR_ATC_M3_AL24477_C0V12_WFS_EPD5,ATC_M3_AL24477,C0V12,WFS,EDOF,5.0,-2.5,-2.5,0.017794731867057937,0.015237250185264256,0.0018386796203348175,0.0004598203239755183,0.0009141032971998214,0.0010576603225304086,0.0016957602924543235
task014-e270a185207543149c21da83202c4b73,CFG_ATC_M3_AL24477_C0V12_WFS_EDOF_EPD5,CAR_ATC_M3_AL24477_C0V12_WFS_EPD5,ATC_M3_AL24477,C0V12,WFS,EDOF,5.0,-2.75,-2.75,0.015549267892478291,0.016338031160330134,0.0006846676257025873,0.0010842269208387208,0.0017183325699705206,0.0014681938462672711,0.0001387600173506908
task014-e270a185207543149c21da83202c4b73,CFG_ATC_M3_AL24477_C0V12_WFS_EDOF_EPD5,CAR_ATC_M3_AL24477_C0V12_WFS_EPD5,ATC_M3_AL24477,C0V12,WFS,EDOF,5.0,-3.0,-3.0,0.015188939754812836,0.019416261027207612,0.0012689408716164072,0.00021399688114732022,0.0005843149358257529,8.987794398625142e-05,0.0013923107460829367
task014-e270a185207543149c21da83202c4b73,CFG_LB_AL2395_A0V12_HOA_MONO_EPD3,CAR_LB_AL2395_A0V12_HOA_EPD3,LB_AL2395,A0V12,HOA,MONO,3.0,0.5,0.5,0.15994976634774336,0.3599251682406925,0.08165614003030104,0.022139763003645233,7.013930716386039e-05,0.009447600881393736,0.013949217474815779
task014-e270a185207543149c21da83202c4b73,CFG_LB_AL2395_A0V12_HOA_MONO_EPD3,CAR_LB_AL2395_A0V12_HOA_EPD3,LB_AL2395,A0V12,HOA,MONO,3.0,0.25,0.25,0.3509740025754765,0.6558356168512648,0.4058092037003754,0.2688501660240863,0.1710516486282464,0.09455006275692317,0.04451266050487418
task014-e270a185207543149c21da83202c4b73,CFG_LB_AL2395_A0V12_HOA_MONO_EPD3,CAR_LB_AL2395_A0V12_HOA_EPD3,LB_AL2395,A0V12,HOA,MONO,3.0,0.0,0.0,0.5650235414115208,0.8226695567232944,0.663009231963877,0.530689920379656,0.42431756611842336,0.33421600838567955,0.23819902213807703
task014-e270a185207543149c21da83202c4b73,CFG_LB_AL2395_A0V12_HOA_MONO_EPD3,CAR_LB_AL2395_A0V12_HOA_EPD3,LB_AL2395,A0V12,HOA,MONO,3.0,-0.25,-0.25,0.3003291442566424,0.7263051827418999,0.3388173394468338,0.10269640388890607,0.04156190445045007,0.058221921112018134,0.09742945125376243
task014-e270a185207543149c21da83202c4b73,CFG_LB_AL2395_A0V12_HOA_MONO_EPD3,CAR_LB_AL2395_A0V12_HOA_EPD3,LB_AL2395,A0V12,HOA,MONO,3.0,-0.5,-0.5,0.17282363886386048,0.3982252390429013,0.10532200823577857,0.06937103712530444,0.0018678786525238365,0.000595896675929954,0.011874691541258805
task014-e270a185207543149c21da83202c4b73,CFG_LB_AL2395_A0V12_HOA_MONO_EPD3,CAR_LB_AL2395_A0V12_HOA_EPD3,LB_AL2395,A0V12,HOA,MONO,3.0,-0.75,-0.75,0.13784409738943382,0.029485308542712804,0.062219138059369794,0.06996769404423468,0.025755641733850712,0.01657639277173755,0.019779093289846998
task014-e270a185207543149c21da83202c4b73,CFG_LB_AL2395_A0V12_HOA_MONO_EPD3,CAR_LB_AL2395_A0V12_HOA_EPD3,LB_AL2395,A0V12,HOA,MONO,3.0,-1.0,-1.0,0.10430669731168908,0.17307611248814286,0.087971331884147,0.02585404003200301,0.012841182424326768,0.006326256337040358,0.006613201722191231
task014-e270a185207543149c21da83202c4b73,CFG_LB_AL2395_A0V12_HOA_MONO_EPD3,CAR_LB_AL2395_A0V12_HOA_EPD3,LB_AL2395,A0V12,HOA,MONO,3.0,-1.25,-1.25,0.08574272765720366,0.14660160124328547,0.003735114494573531,0.011132497372960912,0.013439469198623571,0.007774362163854699,0.006048641725546508
task014-e270a185207543149c21da83202c4b73,CFG_LB_AL2395_A0V12_HOA_MONO_EPD3,CAR_LB_AL2395_A0V12_HOA_EPD3,LB_AL2395,A0V12,HOA,MONO,3.0,-1.5,-1.5,0.07063131163920722,0.003473469911422854,0.034387625905529774,0.0030601744961847852,0.008407597763051809,0.003929182521943479,0.0016472745745456255
task014-e270a185207543149c21da83202c4b73,CFG_LB_AL2395_A0V12_HOA_MONO_EPD3,CAR_LB_AL2395_A0V12_HOA_EPD3,LB_AL2395,A0V12,HOA,MONO,3.0,-1.75,-1.75,0.06081616127153237,0.09004063845741563,0.030211908671235233,0.005987172518689673,0.007230790244295347,0.005755877846464449,0.00047706837663720963
task014-e270a185207543149c21da83202c4b73,CFG_LB_AL2395_A0V12_HOA_MONO_EPD3,CAR_LB_AL2395_A0V12_HOA_EPD3,LB_AL2395,A0V12,HOA,MONO,3.0,-2.0,-2.0,0.05322027781398372,0.0647280707634173,0.0017267645270997677,0.009905513805764493,0.006115512289869252,0.003869575108654274,0.0016165847455879168
task014-e270a185207543149c21da83202c4b73,CFG_LB_AL2395_A0V12_HOA_MONO_EPD3,CAR_LB_AL2395_A0V12_HOA_EPD3,LB_AL2395,A0V12,HOA,MONO,3.0,-2.25,-2.25,0.046829509492459995,0.015634828250791696,0.014923955394948661,0.007414270530876387,0.006330072460065875,0.003230306966255314,0.002231919455603541
task014-e270a185207543149c21da83202c4b73,CFG_LB_AL2395_A0V12_HOA_MONO_EPD3,CAR_LB_AL2395_A0V12_HOA_EPD3,LB_AL2395,A0V12,HOA,MONO,3.0,-2.5,-2.5,0.041891010281017126,0.05127418039341416,0.016413005986867433,0.008389050953402267,0.004403620188277839,0.0030949612074676796,0.0019090699146853338
task014-e270a185207543149c21da83202c4b73,CFG_LB_AL2395_A0V12_HOA_MONO_EPD3,CAR_LB_AL2395_A0V12_HOA_EPD3,LB_AL2395,A0V12,HOA,MONO,3.0,-2.75,-2.75,0.038107885253673056,0.01753330987029627,0.004956792594302231,0.007034009679336214,0.003722532626145264,0.002280325301111541,0.0023828499568639685
task014-e270a185207543149c21da83202c4b73,CFG_LB_AL2395_A0V12_HOA_MONO_EPD3,CAR_LB_AL2395_A0V12_HOA_EPD3,LB_AL2395,A0V12,HOA,MONO,3.0,-3.0,-3.0,0.03469840064278572,0.027515266368693916,0.006618945203646459,0.005727205804264869,0.003367465077952513,0.0018413058753106565,0.0013316166976447576
task014-e270a185207543149c21da83202c4b73,CFG_LB_AL2395_A0V12_HOA_MONO_EPD5,CAR_LB_AL2395_A0V12_HOA_EPD5,LB_AL2395,A0V12,HOA,MONO,5.0,0.5,0.5,0.0723553069973455,0.1163265775952496,0.04308578662557332,0.017797808441378855,0.00794071412381052,0.0008412104096838436,0.00021537909222127006
task014-e270a185207543149c21da83202c4b73,CFG_LB_AL2395_A0V12_HOA_MONO_EPD5,CAR_LB_AL2395_A0V12_HOA_EPD5,LB_AL2395,A0V12,HOA,MONO,5.0,0.25,0.25,0.1290537930665555,0.18918449243221638,0.1286448840742033,0.08643203541374428,0.05365993014074096,0.023861823736619894,0.006034877238866456
task014-e270a185207543149c21da83202c4b73,CFG_LB_AL2395_A0V12_HOA_MONO_EPD5,CAR_LB_AL2395_A0V12_HOA_EPD5,LB_AL2395,A0V12,HOA,MONO,5.0,0.0,0.0,0.2214776963043451,0.28506067788927686,0.21402024279563583,0.18132230936747826,0.1468435013568798,0.11569586408557307,0.08053660167010954
task014-e270a185207543149c21da83202c4b73,CFG_LB_AL2395_A0V12_HOA_MONO_EPD5,CAR_LB_AL2395_A0V12_HOA_EPD5,LB_AL2395,A0V12,HOA,MONO,5.0,-0.25,-0.25,0.20419847494605958,0.3790376934157985,0.215149559579728,0.11548923507809807,0.06535725142355109,0.05783153054112153,0.07499359218017569
task014-e270a185207543149c21da83202c4b73,CFG_LB_AL2395_A0V12_HOA_MONO_EPD5,CAR_LB_AL2395_A0V12_HOA_EPD5,LB_AL2395,A0V12,HOA,MONO,5.0,-0.5,-0.5,0.15461478357639888,0.34488578042353324,0.05762718836318569,0.006618453778533267,0.030920284659463216,0.05185284242100116,0.040961151575577316
task014-e270a185207543149c21da83202c4b73,CFG_LB_AL2395_A0V12_HOA_MONO_EPD5,CAR_LB_AL2395_A0V12_HOA_EPD5,LB_AL2395,A0V12,HOA,MONO,5.0,-0.75,-0.75,0.13468169190918125,0.19771199785817295,0.003581001914720247,0.09294226858741031,0.031008390469662944,0.003074516521667934,0.0069056810115376895
task014-e270a185207543149c21da83202c4b73,CFG_LB_AL2395_A0V12_HOA_MONO_EPD5,CAR_LB_AL2395_A0V12_HOA_EPD5,LB_AL2395,A0V12,HOA,MONO,5.0,-1.0,-1.0,0.14377247524372427,0.08156125578176804,0.1559205920799273,0.014083286409125081,0.07430160805597183,0.04348069309891199,0.014342317331284096
task014-e270a185207543149c21da83202c4b73,CFG_LB_AL2395_A0V12_HOA_MONO_EPD5,CAR_LB_AL2395_A0V12_HOA_EPD5,LB_AL2395,A0V12,HOA,MONO,5.0,-1.25,-1.25,0.11625655180851129,0.017854990335318347,0.03546238795587462,0.09063370461246534,0.0059593400416799395,0.05045889516013844,0.006747123562192331
task014-e270a185207543149c21da83202c4b73,CFG_LB_AL2395_A0V12_HOA_MONO_EPD5,CAR_LB_AL2395_A0V12_HOA_EPD5,LB_AL2395,A0V12,HOA,MONO,5.0,-1.5,-1.5,0.0826995834679322,0.0211407890725304,0.01039885788227674,0.016226299611414342,0.0029792072026657867,0.0371883929069582,0.01488440071519237
task014-e270a185207543149c21da83202c4b73,CFG_LB_AL2395_A0V12_HOA_MONO_EPD5,CAR_LB_AL2395_A0V12_HOA_EPD5,LB_AL2395,A0V12,HOA,MONO,5.0,-1.75,-1.75,0.07287260736043577,0.10496476244488821,0.041825609949563136,0.016698263928784703,0.019959690719356507,0.02954617124330452,0.00903745853396781
task014-e270a185207543149c21da83202c4b73,CFG_LB_AL2395_A0V12_HOA_MONO_EPD5,CAR_LB_AL2395_A0V12_HOA_EPD5,LB_AL2395,A0V12,HOA,MONO,5.0,-2.0,-2.0,0.06718616036553438,0.06733546132315146,0.04456693802123489,0.025861137883035422,0.029425308222274703,0.018131047320792376,0.007898335875711334
task014-e270a185207543149c21da83202c4b73,CFG_LB_AL2395_A0V12_HOA_MONO_EPD5,CAR_LB_AL2395_A0V12_HOA_EPD5,LB_AL2395,A0V12,HOA,MONO,5.0,-2.25,-2.25,0.06171469664525297,0.09468091536011244,0.05346860090119543,0.031599782080615514,0.02595233860439455,0.002818497513074564,0.0055214870451051855
task014-e270a185207543149c21da83202c4b73,CFG_LB_AL2395_A0V12_HOA_MONO_EPD5,CAR_LB_AL2395_A0V12_HOA_EPD5,LB_AL2395,A0V12,HOA,MONO,5.0,-2.5,-2.5,0.056835179481632435,0.04575355783140777,0.04923905565720442,0.02123355295718417,0.019281726028907757,0.006989109925064505,0.004872155914934065
task014-e270a185207543149c21da83202c4b73,CFG_LB_AL2395_A0V12_HOA_MONO_EPD5,CAR_LB_AL2395_A0V12_HOA_EPD5,LB_AL2395,A0V12,HOA,MONO,5.0,-2.75,-2.75,0.050162546918121234,0.09977170233103637,0.03861032085113242,0.014230271062714099,0.014546137061992677,0.005612158154460101,0.00021925635254311203
task014-e270a185207543149c21da83202c4b73,CFG_LB_AL2395_A0V12_HOA_MONO_EPD5,CAR_LB_AL2395_A0V12_HOA_EPD5,LB_AL2395,A0V12,HOA,MONO,5.0,-3.0,-3.0,0.042917018208995523,0.0016093093613169275,0.018522070385081003,0.021747407634054042,0.009829717322168786,0.0015355940372951174,0.0028155825515553236
task014-e270a185207543149c21da83202c4b73,CFG_LB_AL2395_A0V12_HOA_EDOF_EPD3,CAR_LB_AL2395_A0V12_HOA_EPD3,LB_AL2395,A0V12,HOA,EDOF,3.0,0.5,0.75,0.08499102979030741,0.039698858422547265,0.0447004490152432,0.0413529392782868,0.03495607909146905,0.02288026574314611,0.015994128383778707
task014-e270a185207543149c21da83202c4b73,CFG_LB_AL2395_A0V12_HOA_EDOF_EPD3,CAR_LB_AL2395_A0V12_HOA_EPD3,LB_AL2395,A0V12,HOA,EDOF,3.0,0.25,0.5,0.06783574643906061,0.06872188903214138,0.01981786405492547,0.005408299225256979,0.008122972163719502,0.004004045130994305,0.02867315855206637
task014-e270a185207543149c21da83202c4b73,CFG_LB_AL2395_A0V12_HOA_EDOF_EPD3,CAR_LB_AL2395_A0V12_HOA_EPD3,LB_AL2395,A0V12,HOA,EDOF,3.0,0.0,0.25,0.09300686380385957,0.1292082390621792,0.05013548508520147,0.024413058102658432,0.033099574265481116,0.029560993460642948,0.020331144778241012
task014-e270a185207543149c21da83202c4b73,CFG_LB_AL2395_A0V12_HOA_EDOF_EPD3,CAR_LB_AL2395_A0V12_HOA_EPD3,LB_AL2395,A0V12,HOA,EDOF,3.0,-0.25,0.0,0.1516335953983528,0.18374664828221132,0.15183026607675953,0.12059464749347132,0.07189088872164709,0.0702545330755882,0.09261517861719079
task014-e270a185207543149c21da83202c4b73,CFG_LB_AL2395_A0V12_HOA_EDOF_EPD3,CAR_LB_AL2395_A0V12_HOA_EPD3,LB_AL2395,A0V12,HOA,EDOF,3.0,-0.5,-0.25,0.11464591204588803,0.1865675333363478,0.08815791867810863,0.052040021926210794,0.054838676115712366,0.015773511718619553,0.0332949761780865
task014-e270a185207543149c21da83202c4b73,CFG_LB_AL2395_A0V12_HOA_EDOF_EPD3,CAR_LB_AL2395_A0V12_HOA_EPD3,LB_AL2395,A0V12,HOA,EDOF,3.0,-0.75,-0.5,0.08371597989049791,0.1272113224146714,0.014810402524409148,0.012112560355474677,0.04837815496679103,0.005617027933269613,0.00764386031849619
task014-e270a185207543149c21da83202c4b73,CFG_LB_AL2395_A0V12_HOA_EDOF_EPD3,CAR_LB_AL2395_A0V12_HOA_EPD3,LB_AL2395,A0V12,HOA,EDOF,3.0,-1.0,-0.75,0.08440359478127085,0.04531398604811465,0.03691359007592957,0.04444719553865045,0.047807378972608366,0.03019487874193464,0.04647906657853887
task014-e270a185207543149c21da83202c4b73,CFG_LB_AL2395_A0V12_HOA_EDOF_EPD3,CAR_LB_AL2395_A0V12_HOA_EPD3,LB_AL2395,A0V12,HOA,EDOF,3.0,-1.25,-1.0,0.06540899128392477,0.0018477964155916233,0.07857035380014915,0.014570997271626435,0.018239846090780967,0.02614683474498837,0.02102839041621481
task014-e270a185207543149c21da83202c4b73,CFG_LB_AL2395_A0V12_HOA_EDOF_EPD3,CAR_LB_AL2395_A0V12_HOA_EPD3,LB_AL2395,A0V12,HOA,EDOF,3.0,-1.5,-1.25,0.05850267527158209,0.0094520637097927,0.01606544854677619,0.025385132183838227,0.01584311523624008,0.01710154619289774,0.005404252733500986
task014-e270a185207543149c21da83202c4b73,CFG_LB_AL2395_A0V12_HOA_EDOF_EPD3,CAR_LB_AL2395_A0V12_HOA_EPD3,LB_AL2395,A0V12,HOA,EDOF,3.0,-1.75,-1.5,0.04788137854099322,0.04926437347616362,0.012807942769498808,0.012325705902147628,0.00306694307190791,0.0013800835444872789,0.012567120161858646
task014-e270a185207543149c21da83202c4b73,CFG_LB_AL2395_A0V12_HOA_EDOF_EPD3,CAR_LB_AL2395_A0V12_HOA_EPD3,LB_AL2395,A0V12,HOA,EDOF,3.0,-2.0,-1.75,0.04119917680056635,0.06590126611592657,0.025089072884170033,0.00850411509354454,0.0015555442626029952,0.016303572792038576,0.0026055359423179146
task014-e270a185207543149c21da83202c4b73,CFG_LB_AL2395_A0V12_HOA_EDOF_EPD3,CAR_LB_AL2395_A0V12_HOA_EPD3,LB_AL2395,A0V12,HOA,EDOF,3.0,-2.25,-2.0,0.04247841481213789,0.03847245023299522,0.005060387543569452,0.02740653586807446,0.0003641424972064076,0.006682724118269473,0.013728290307581648
task014-e270a185207543149c21da83202c4b73,CFG_LB_AL2395_A0V12_HOA_EDOF_EPD3,CAR_LB_AL2395_A0V12_HOA_EPD3,LB_AL2395,A0V12,HOA,EDOF,3.0,-2.5,-2.25,0.04329790195902536,0.0036717047451499465,0.03477523492915886,0.013742515752888347,0.0015037266362189713,0.04042892917502168,0.00512603534979467
task014-e270a185207543149c21da83202c4b73,CFG_LB_AL2395_A0V12_HOA_EDOF_EPD3,CAR_LB_AL2395_A0V12_HOA_EPD3,LB_AL2395,A0V12,HOA,EDOF,3.0,-2.75,-2.5,0.041961559171149486,0.014744050699158137,0.049999272037092375,0.01793120636086501,0.020236247866388807,0.0002074170400644827,0.009869676509209696
task014-e270a185207543149c21da83202c4b73,CFG_LB_AL2395_A0V12_HOA_EDOF_EPD3,CAR_LB_AL2395_A0V12_HOA_EPD3,LB_AL2395,A0V12,HOA,EDOF,3.0,-3.0,-2.75,0.03353135211906377,0.016782086571685794,0.017494271864886793,0.0007487112155223643,0.0035983268793607975,0.007862340539287024,0.0019661851662684223
task014-e270a185207543149c21da83202c4b73,CFG_LB_AL2395_A0V12_HOA_EDOF_EPD5,CAR_LB_AL2395_A0V12_HOA_EPD5,LB_AL2395,A0V12,HOA,EDOF,5.0,0.5,1.0,0.04292729253635048,0.010130694805233204,0.009273073313977472,0.0005321784021158397,0.006363460718917462,0.0032451843951322944,0.00559210349473791
task014-e270a185207543149c21da83202c4b73,CFG_LB_AL2395_A0V12_HOA_EDOF_EPD5,CAR_LB_AL2395_A0V12_HOA_EPD5,LB_AL2395,A0V12,HOA,EDOF,5.0,0.25,0.75,0.04574718620512237,0.026902749360158074,0.014258548597286166,0.016093949912053044,0.0024673975683254744,0.003484916967446088,0.014623108352557717
task014-e270a185207543149c21da83202c4b73,CFG_LB_AL2395_A0V12_HOA_EDOF_EPD5,CAR_LB_AL2395_A0V12_HOA_EPD5,LB_AL2395,A0V12,HOA,EDOF,5.0,0.0,0.5,0.0569259133177782,0.03756727965310977,0.0080481565278317,0.01284859606830508,0.019618036998617944,0.01186810847042469,0.0035675991210609814
task014-e270a185207543149c21da83202c4b73,CFG_LB_AL2395_A0V12_HOA_EDOF_EPD5,CAR_LB_AL2395_A0V12_HOA_EPD5,LB_AL2395,A0V12,HOA,EDOF,5.0,-0.25,0.25,0.1261935907799382,0.18703127000774544,0.09314412329828986,0.08618103097162809,0.05881021794370543,0.052020397127646056,0.060658360953868645
task014-e270a185207543149c21da83202c4b73,CFG_LB_AL2395_A0V12_HOA_EDOF_EPD5,CAR_LB_AL2395_A0V12_HOA_EPD5,LB_AL2395,A0V12,HOA,EDOF,5.0,-0.5,0.0,0.17542367418986485,0.2679425002469531,0.1832786149596228,0.10700917333172957,0.06361075015666058,0.06917532169069812,0.06370505983184784
task014-e270a185207543149c21da83202c4b73,CFG_LB_AL2395_A0V12_HOA_EDOF_EPD5,CAR_LB_AL2395_A0V12_HOA_EPD5,LB_AL2395,A0V12,HOA,EDOF,5.0,-0.75,-0.25,0.12474588885380523,0.2287268123209529,0.018568069658978538,0.0010208820167934046,0.05699875893223634,0.03540561644845559,0.019420966966118485
task014-e270a185207543149c21da83202c4b73,CFG_LB_AL2395_A0V12_HOA_EDOF_EPD5,CAR_LB_AL2395_A0V12_HOA_EPD5,LB_AL2395,A0V12,HOA,EDOF,5.0,-1.0,-0.5,0.164003946041101,0.1579276789225646,0.09519850680012523,0.10528286918568355,0.10237790772136451,0.08016021157401847,0.04888594786559531
task014-e270a185207543149c21da83202c4b73,CFG_LB_AL2395_A0V12_HOA_EDOF_EPD5,CAR_LB_AL2395_A0V12_HOA_EPD5,LB_AL2395,A0V12,HOA,EDOF,5.0,-1.25,-0.75,0.1278949971507002,0.07253258437491755,0.11018448360489962,0.04734314723236862,0.0596798208865173,0.047363233866071344,0.033937453420969856
task014-e270a185207543149c21da83202c4b73,CFG_LB_AL2395_A0V12_HOA_EDOF_EPD5,CAR_LB_AL2395_A0V12_HOA_EPD5,LB_AL2395,A0V12,HOA,EDOF,5.0,-1.5,-1.0,0.07769133809648934,0.029720470863574308,0.014395243017503952,0.006093605322502827,0.030519489715775814,0.026950674585823606,0.02566758785610209
task014-e270a185207543149c21da83202c4b73,CFG_LB_AL2395_A0V12_HOA_EDOF_EPD5,CAR_LB_AL2395_A0V12_HOA_EPD5,LB_AL2395,A0V12,HOA,EDOF,5.0,-1.75,-1.25,0.058818632826143274,0.09115820557349194,0.029407772152877508,0.036956333510839816,0.014335735813983948,0.005146286013070217,0.01898813750502215
task014-e270a185207543149c21da83202c4b73,CFG_LB_AL2395_A0V12_HOA_EDOF_EPD5,CAR_LB_AL2395_A0V12_HOA_EPD5,LB_AL2395,A0V12,HOA,EDOF,5.0,-2.0,-1.5,0.05384403812501534,0.06653875118685386,0.024294994309870414,0.0004208448881180877,0.005722758480400602,0.01032332892857728,0.01219840062136462
task014-e270a185207543149c21da83202c4b73,CFG_LB_AL2395_A0V12_HOA_EDOF_EPD5,CAR_LB_AL2395_A0V12_HOA_EPD5,LB_AL2395,A0V12,HOA,EDOF,5.0,-2.25,-1.75,0.051826330187970594,0.07435445333705518,0.04486791814135803,0.00980102881893385,0.00024522849523827016,0.005016389390202989,0.011312544487175466
task014-e270a185207543149c21da83202c4b73,CFG_LB_AL2395_A0V12_HOA_EDOF_EPD5,CAR_LB_AL2395_A0V12_HOA_EPD5,LB_AL2395,A0V12,HOA,EDOF,5.0,-2.5,-2.0,0.05273382372557738,0.024256130868048568,0.02908522100928313,0.010339282488786588,0.0008657335314541867,0.020347663515065607,0.0029724638756684343
task014-e270a185207543149c21da83202c4b73,CFG_LB_AL2395_A0V12_HOA_EDOF_EPD5,CAR_LB_AL2395_A0V12_HOA_EPD5,LB_AL2395,A0V12,HOA,EDOF,5.0,-2.75,-2.25,0.047655239767215744,0.10510237776879253,0.047198453178715655,0.020433353494493503,0.009276899861395595,0.005285494692406495,0.0010812249288889675
task014-e270a185207543149c21da83202c4b73,CFG_LB_AL2395_A0V12_HOA_EDOF_EPD5,CAR_LB_AL2395_A0V12_HOA_EPD5,LB_AL2395,A0V12,HOA,EDOF,5.0,-3.0,-2.5,0.042604308815037226,0.0033806616797672174,0.01528555414191807,0.013041903407044593,0.01298348257480509,0.0132277936145237,0.0007219563543382458
task014-e270a185207543149c21da83202c4b73,CFG_LB_AL2395_A0V12_RAD_MONO_EPD3,CAR_LB_AL2395_A0V12_RAD_EPD3,LB_AL2395,A0V12,RAD,MONO,3.0,0.5,0.5,0.15781925465817143,0.3569884670737463,0.014053246101460685,0.04283540611086416,0.02173161032270783,0.013615568117519742,0.016179981188119027
task014-e270a185207543149c21da83202c4b73,CFG_LB_AL2395_A0V12_RAD_MONO_EPD3,CAR_LB_AL2395_A0V12_RAD_EPD3,LB_AL2395,A0V12,RAD,MONO,3.0,0.25,0.25,0.3287196543216114,0.6922634820532763,0.3846471537677204,0.2031871630340395,0.11001470201240053,0.06794687367039998,0.05322855574509922
task014-e270a185207543149c21da83202c4b73,CFG_LB_AL2395_A0V12_RAD_MONO_EPD3,CAR_LB_AL2395_A0V12_RAD_EPD3,LB_AL2395,A0V12,RAD,MONO,3.0,0.0,0.0,0.6029985565775519,0.859663580837121,0.7234339929354626,0.5935096158306691,0.4696665511527155,0.35283392594838503,0.24336961614592068
task014-e270a185207543149c21da83202c4b73,CFG_LB_AL2395_A0V12_RAD_MONO_EPD3,CAR_LB_AL2395_A0V12_RAD_EPD3,LB_AL2395,A0V12,RAD,MONO,3.0,-0.25,-0.25,0.3402932432405338,0.7368814474471487,0.4014930036801612,0.18683537371030295,0.1005449202081617,0.08331307780213153,0.08978639283552958
task014-e270a185207543149c21da83202c4b73,CFG_LB_AL2395_A0V12_RAD_MONO_EPD3,CAR_LB_AL2395_A0V12_RAD_EPD3,LB_AL2395,A0V12,RAD,MONO,3.0,-0.5,-0.5,0.17604419339237165,0.3929295580862441,0.06201174992264827,0.07579903110602051,0.029729537953752397,0.017771482628891628,0.019128807036771094
task014-e270a185207543149c21da83202c4b73,CFG_LB_AL2395_A0V12_RAD_MONO_EPD3,CAR_LB_AL2395_A0V12_RAD_EPD3,LB_AL2395,A0V12,RAD,MONO,3.0,-0.75,-0.75,0.12593786387748584,0.041281090168610084,0.05253954496258562,0.0468615091435133,0.025307538010185298,0.01661189577585931,0.016571886111009612
task014-e270a185207543149c21da83202c4b73,CFG_LB_AL2395_A0V12_RAD_MONO_EPD3,CAR_LB_AL2395_A0V12_RAD_EPD3,LB_AL2395,A0V12,RAD,MONO,3.0,-1.0,-1.0,0.09412373775231762,0.1292010054483202,0.059442485260098356,0.017660913094237295,0.013052972550037619,0.008139662048156675,0.00691997546109394
task014-e270a185207543149c21da83202c4b73,CFG_LB_AL2395_A0V12_RAD_MONO_EPD3,CAR_LB_AL2395_A0V12_RAD_EPD3,LB_AL2395,A0V12,RAD,MONO,3.0,-1.25,-1.25,0.07605377352635476,0.09455148528882551,0.010977911484335584,0.009230036062908937,0.011837530772803025,0.00801229912012202,0.0053172320651052336
task014-e270a185207543149c21da83202c4b73,CFG_LB_AL2395_A0V12_RAD_MONO_EPD3,CAR_LB_AL2395_A0V12_RAD_EPD3,LB_AL2395,A0V12,RAD,MONO,3.0,-1.5,-1.5,0.0631374316502127,0.017398033106094123,0.01625497427560998,0.0001692823241819413,0.008121201645338803,0.004407825926365361,0.0018356226269040717
task014-e270a185207543149c21da83202c4b73,CFG_LB_AL2395_A0V12_RAD_MONO_EPD3,CAR_LB_AL2395_A0V12_RAD_EPD3,LB_AL2395,A0V12,RAD,MONO,3.0,-1.75,-1.75,0.05420782073122311,0.06773749603646406,0.02313263632013033,0.0024224328258831357,0.006494172737208935,0.005552454921421836,0.0006734907071815431
task014-e270a185207543149c21da83202c4b73,CFG_LB_AL2395_A0V12_RAD_MONO_EPD3,CAR_LB_AL2395_A0V12_RAD_EPD3,LB_AL2395,A0V12,RAD,MONO,3.0,-2.0,-2.0,0.04756434685596943,0.028260328517764596,0.009400107576515934,0.006776184671500334,0.0052889054872146775,0.004427871933269087,0.0018604616100208
task014-e270a185207543149c21da83202c4b73,CFG_LB_AL2395_A0V12_RAD_MONO_EPD3,CAR_LB_AL2395_A0V12_RAD_EPD3,LB_AL2395,A0V12,RAD,MONO,3.0,-2.25,-2.25,0.042057035411699965,0.02796227651570413,0.004485502840482941,0.005353642569788485,0.005867990961394364,0.0033656659508944104,0.0023772980696320787
task014-e270a185207543149c21da83202c4b73,CFG_LB_AL2395_A0V12_RAD_MONO_EPD3,CAR_LB_AL2395_A0V12_RAD_EPD3,LB_AL2395,A0V12,RAD,MONO,3.0,-2.5,-2.5,0.03783922776521183,0.03261245275519189,0.012189253619306511,0.006316815925278029,0.004562455553496856,0.0032737441961695085,0.001922697257244698
task014-e270a185207543149c21da83202c4b73,CFG_LB_AL2395_A0V12_RAD_MONO_EPD3,CAR_LB_AL2395_A0V12_RAD_EPD3,LB_AL2395,A0V12,RAD,MONO,3.0,-2.75,-2.75,0.03470284106358171,0.004480807782170009,0.00924237583137133,0.006116641548861538,0.0035684077502079786,0.0023917099774766588,0.002141567289905101
task014-e270a185207543149c21da83202c4b73,CFG_LB_AL2395_A0V12_RAD_MONO_EPD3,CAR_LB_AL2395_A0V12_RAD_EPD3,LB_AL2395,A0V12,RAD,MONO,3.0,-3.0,-3.0,0.031751261286528186,0.02681772617226098,0.00023117010714968889,0.005989552402035201,0.003130381005177438,0.00177783186541157,0.0011341925847323047
task014-e270a185207543149c21da83202c4b73,CFG_LB_AL2395_A0V12_RAD_MONO_EPD5,CAR_LB_AL2395_A0V12_RAD_EPD5,LB_AL2395,A0V12,RAD,MONO,5.0,0.5,0.75,0.06805671936718606,0.0873121249463359,0.01842425124408447,0.00023252639695752064,0.0016107090048076643,0.005479546254064477,0.0012301251797406257
task014-e270a185207543149c21da83202c4b73,CFG_LB_AL2395_A0V12_RAD_MONO_EPD5,CAR_LB_AL2395_A0V12_RAD_EPD5,LB_AL2395,A0V12,RAD,MONO,5.0,0.25,0.5,0.12357292592432922,0.19666870163227848,0.07069960204049815,0.04331098659151938,0.022085508375422894,0.0044179413014111485,0.0030701256993212077
task014-e270a185207543149c21da83202c4b73,CFG_LB_AL2395_A0V12_RAD_MONO_EPD5,CAR_LB_AL2395_A0V12_RAD_EPD5,LB_AL2395,A0V12,RAD,MONO,5.0,0.0,0.25,0.324890333603712,0.4181647321788227,0.3264301911662151,0.2738434690784988,0.2204530452355251,0.17242190804253527,0.12644618213539874
task014-e270a185207543149c21da83202c4b73,CFG_LB_AL2395_A0V12_RAD_MONO_EPD5,CAR_LB_AL2395_A0V12_RAD_EPD5,LB_AL2395,A0V12,RAD,MONO,5.0,-0.25,0.0,0.34841272323184014,0.6888394429461577,0.41832121369497893,0.23569483082461548,0.13316404076941057,0.08835631164519601,0.07482460294362457
task014-e270a185207543149c21da83202c4b73,CFG_LB_AL2395_A0V12_RAD_MONO_EPD5,CAR_LB_AL2395_A0V12_RAD_EPD5,LB_AL2395,A0V12,RAD,MONO,5.0,-0.5,-0.25,0.22346495703572505,0.5177645162083686,0.002427320635804757,0.004644318535719114,0.12347571590427127,0.11128127108424672,0.05158439249684352
task014-e270a185207543149c21da83202c4b73,CFG_LB_AL2395_A0V12_RAD_MONO_EPD5,CAR_LB_AL2395_A0V12_RAD_EPD5,LB_AL2395,A0V12,RAD,MONO,5.0,-0.75,-0.5,0.1443033644213147,0.05104613682932513,0.07179310892120776,0.018007276522509795,0.005813928521199454,0.04705311841465502,0.013085369351202072
task014-e270a185207543149c21da83202c4b73,CFG_LB_AL2395_A0V12_RAD_MONO_EPD5,CAR_LB_AL2395_A0V12_RAD_EPD5,LB_AL2395,A0V12,RAD,MONO,5.0,-1.0,-0.75,0.10779463507657679,0.2025800684565172,0.0425995903102374,0.07024783990198435,0.015998898611286255,0.008719618202105645,0.01323628845512909
task014-e270a185207543149c21da83202c4b73,CFG_LB_AL2395_A0V12_RAD_MONO_EPD5,CAR_LB_AL2395_A0V12_RAD_EPD5,LB_AL2395,A0V12,RAD,MONO,5.0,-1.25,-1.0,0.08302751799703958,0.09344599833732276,0.05497307603054995,0.020855705605313902,0.010462997040343792,0.008307988393999582,0.006245663011878345
task014-e270a185207543149c21da83202c4b73,CFG_LB_AL2395_A0V12_RAD_MONO_EPD5,CAR_LB_AL2395_A0V12_RAD_EPD5,LB_AL2395,A0V12,RAD,MONO,5.0,-1.5,-1.25,0.06658827403183507,0.09312824437941906,0.05260481419270382,0.018887040731368997,0.005164262839241434,0.007244250147141623,0.0029037824232160305
task014-e270a185207543149c21da83202c4b73,CFG_LB_AL2395_A0V12_RAD_MONO_EPD5,CAR_LB_AL2395_A0V12_RAD_EPD5,LB_AL2395,A0V12,RAD,MONO,5.0,-1.75,-1.5,0.05329000192342222,0.09148706466985448,0.04218698384418328,0.01946705355921116,1.4249535267083822e-06,0.0007648956556730465,0.004367026803270942
task014-e270a185207543149c21da83202c4b73,CFG_LB_AL2395_A0V12_RAD_MONO_EPD5,CAR_LB_AL2395_A0V12_RAD_EPD5,LB_AL2395,A0V12,RAD,MONO,5.0,-2.0,-1.75,0.04520407793343377,0.00458458623188795,0.021231408143281005,0.0077698719016986734,0.003679401835833394,0.004168807745323397,0.0016031641304859623
task014-e270a185207543149c21da83202c4b73,CFG_LB_AL2395_A0V12_RAD_MONO_EPD5,CAR_LB_AL2395_A0V12_RAD_EPD5,LB_AL2395,A0V12,RAD,MONO,5.0,-2.25,-2.0,0.03777232108723546,0.05727788952622549,0.002119375735087675,0.002426959998647984,0.0037500617231915625,8.778725252997214e-05,0.0006347685201299893
task014-e270a185207543149c21da83202c4b73,CFG_LB_AL2395_A0V12_RAD_MONO_EPD5,CAR_LB_AL2395_A0V12_RAD_EPD5,LB_AL2395,A0V12,RAD,MONO,5.0,-2.5,-2.25,0.03285473719343441,0.034937134287232156,0.011838452469414484,0.005482567922810912,0.003992316148606598,0.0019318080394895108,0.0021352926460165805
task014-e270a185207543149c21da83202c4b73,CFG_LB_AL2395_A0V12_RAD_MONO_EPD5,CAR_LB_AL2395_A0V12_RAD_EPD5,LB_AL2395,A0V12,RAD,MONO,5.0,-2.75,-2.5,0.028384925465964383,0.009625520142757662,0.012264816988796414,0.006202365721476873,0.0024342696776603295,0.00025144607647750917,0.0013277526114801115
task014-e270a185207543149c21da83202c4b73,CFG_LB_AL2395_A0V12_RAD_MONO_EPD5,CAR_LB_AL2395_A0V12_RAD_EPD5,LB_AL2395,A0V12,RAD,MONO,5.0,-3.0,-2.75,0.02432860716122453,0.026261420586974702,0.004806464979552451,0.003190949552168568,0.0008533207988679412,0.0022754913070196225,0.000547031061419944
task014-e270a185207543149c21da83202c4b73,CFG_LB_AL2395_A0V12_RAD_EDOF_EPD3,CAR_LB_AL2395_A0V12_RAD_EPD3,LB_AL2395,A0V12,RAD,EDOF,3.0,0.5,0.5,0.13837793712261293,0.29866015515178157,0.07698044998811691,0.06531712155322983,0.04105650692941101,0.015082138891995129,0.002537722434795931
task014-e270a185207543149c21da83202c4b73,CFG_LB_AL2395_A0V12_RAD_EDOF_EPD3,CAR_LB_AL2395_A0V12_RAD_EPD3,LB_AL2395,A0V12,RAD,EDOF,3.0,0.25,0.25,0.17694929154159683,0.35712373852711415,0.17694062538133415,0.04853410252874589,0.018851736033293938,0.05190643000307266,0.037242800940762016
task014-e270a185207543149c21da83202c4b73,CFG_LB_AL2395_A0V12_RAD_EDOF_EPD3,CAR_LB_AL2395_A0V12_RAD_EPD3,LB_AL2395,A0V12,RAD,EDOF,3.0,0.0,0.0,0.32165153546706116,0.3713810566405959,0.366926392119187,0.3128314396446645,0.24168424899118116,0.16535873028087567,0.11308638727437811
task014-e270a185207543149c21da83202c4b73,CFG_LB_AL2395_A0V12_RAD_EDOF_EPD3,CAR_LB_AL2395_A0V12_RAD_EPD3,LB_AL2395,A0V12,RAD,EDOF,3.0,-0.25,-0.25,0.1881219840105464,0.3384553993774887,0.22542812773036902,0.1006664437928293,0.0321682733050412,0.006959210180837703,0.02221942645982765
task014-e270a185207543149c21da83202c4b73,CFG_LB_AL2395_A0V12_RAD_EDOF_EPD3,CAR_LB_AL2395_A0V12_RAD_EPD3,LB_AL2395,A0V12,RAD,EDOF,3.0,-0.5,-0.5,0.14451161138580287,0.2754737151800096,0.009249701076521597,0.012307220827878976,0.04891391149788283,0.006602732217099238,0.05932509834690662
task014-e270a185207543149c21da83202c4b73,CFG_LB_AL2395_A0V12_RAD_EDOF_EPD3,CAR_LB_AL2395_A0V12_RAD_EPD3,LB_AL2395,A0V12,RAD,EDOF,3.0,-0.75,-0.75,0.17672339707295404,0.21468872143132456,0.056397993310791275,0.11085816425214345,0.10671439508509675,0.11415010963509666,0.014536446449021226
task014-e270a185207543149c21da83202c4b73,CFG_LB_AL2395_A0V12_RAD_EDOF_EPD3,CAR_LB_AL2395_A0V12_RAD_EPD3,LB_AL2395,A0V12,RAD,EDOF,3.0,-1.0,-1.0,0.14586708156492081,0.18133749782691,0.11870909612876523,0.01780765520047449,0.0022408115831472277,0.09930859306405043,0.03812195195828043
task014-e270a185207543149c21da83202c4b73,CFG_LB_AL2395_A0V12_RAD_EDOF_EPD3,CAR_LB_AL2395_A0V12_RAD_EPD3,LB_AL2395,A0V12,RAD,EDOF,3.0,-1.25,-1.25,0.12367482637159759,0.17062006454027334,0.0077434470950838484,0.03344733227579154,0.011645942200016236,0.045825232769938676,0.06289583364779838
task014-e270a185207543149c21da83202c4b73,CFG_LB_AL2395_A0V12_RAD_EDOF_EPD3,CAR_LB_AL2395_A0V12_RAD_EPD3,LB_AL2395,A0V12,RAD,EDOF,3.0,-1.5,-1.5,0.13835929901791313,0.1501302968205629,0.03748642501390483,0.11587561594895004,0.06959219165126929,0.02571999507153562,0.06526630610349024
task014-e270a185207543149c21da83202c4b73,CFG_LB_AL2395_A0V12_RAD_EDOF_EPD3,CAR_LB_AL2395_A0V12_RAD_EPD3,LB_AL2395,A0V12,RAD,EDOF,3.0,-1.75,-1.75,0.1262464780101848,0.09318537917567438,0.1473295465361758,0.06084191018475486,0.061273708165962434,0.03800042477142927,0.05630489137527486
task014-e270a185207543149c21da83202c4b73,CFG_LB_AL2395_A0V12_RAD_EDOF_EPD3,CAR_LB_AL2395_A0V12_RAD_EPD3,LB_AL2395,A0V12,RAD,EDOF,3.0,-2.0,-2.0,0.07902388464650395,0.013125675817062032,0.07744339734063267,0.014860760145920051,0.0038343098187516456,0.020271690322418094,0.03308827078025755
task014-e270a185207543149c21da83202c4b73,CFG_LB_AL2395_A0V12_RAD_EDOF_EPD3,CAR_LB_AL2395_A0V12_RAD_EPD3,LB_AL2395,A0V12,RAD,EDOF,3.0,-2.25,-2.25,0.06365500638826273,0.040594660009309155,0.038079739349051525,0.001578783457456912,0.005348463547746303,0.011392741569657153,0.011305936511246305
task014-e270a185207543149c21da83202c4b73,CFG_LB_AL2395_A0V12_RAD_EDOF_EPD3,CAR_LB_AL2395_A0V12_RAD_EPD3,LB_AL2395,A0V12,RAD,EDOF,3.0,-2.5,-2.5,0.057854025292210544,0.028322570242721615,0.039253957254449426,0.03352318677545385,0.00556949152352678,0.0012564406934363372,0.009020448580268337
task014-e270a185207543149c21da83202c4b73,CFG_LB_AL2395_A0V12_RAD_EDOF_EPD3,CAR_LB_AL2395_A0V12_RAD_EPD3,LB_AL2395,A0V12,RAD,EDOF,3.0,-2.75,-2.75,0.05257763624573682,0.035477903269940596,0.018414966456760357,0.005111734506899236,0.007609863251869365,0.004344406121133302,0.00279239826177485
task014-e270a185207543149c21da83202c4b73,CFG_LB_AL2395_A0V12_RAD_EDOF_EPD3,CAR_LB_AL2395_A0V12_RAD_EPD3,LB_AL2395,A0V12,RAD,EDOF,3.0,-3.0,-3.0,0.04793876574831716,0.0886767440224982,0.04674295247080726,0.003512646892810985,0.002435790133554349,0.00023676867055626356,0.002518810412795157
task014-e270a185207543149c21da83202c4b73,CFG_LB_AL2395_A0V12_RAD_EDOF_EPD5,CAR_LB_AL2395_A0V12_RAD_EPD5,LB_AL2395,A0V12,RAD,EDOF,5.0,0.5,0.75,0.07619662887893455,0.07654722067935855,0.04250191046744098,0.0685932692077543,0.0543838815609384,0.018496451802485894,0.0043943774137274365
task014-e270a185207543149c21da83202c4b73,CFG_LB_AL2395_A0V12_RAD_EDOF_EPD5,CAR_LB_AL2395_A0V12_RAD_EPD5,LB_AL2395,A0V12,RAD,EDOF,5.0,0.25,0.5,0.1108050426262177,0.12089570755146156,0.05241354370773622,0.030556011846478232,0.0065262574085622515,0.029935716323283765,0.024480550822817936
task014-e270a185207543149c21da83202c4b73,CFG_LB_AL2395_A0V12_RAD_EDOF_EPD5,CAR_LB_AL2395_A0V12_RAD_EPD5,LB_AL2395,A0V12,RAD,EDOF,5.0,0.0,0.25,0.27043940159111357,0.3392165409319894,0.21603987343597486,0.19654719147059474,0.21113242221682355,0.15042774312837628,0.12935224198428724
task014-e270a185207543149c21da83202c4b73,CFG_LB_AL2395_A0V12_RAD_EDOF_EPD5,CAR_LB_AL2395_A0V12_RAD_EPD5,LB_AL2395,A0V12,RAD,EDOF,5.0,-0.25,0.0,0.2783137554735253,0.5659160807074431,0.3477914036707832,0.20049354150301457,0.07342158058577278,0.009430619673084364,0.011729914626138389
task014-e270a185207543149c21da83202c4b73,CFG_LB_AL2395_A0V12_RAD_EDOF_EPD5,CAR_LB_AL2395_A0V12_RAD_EPD5,LB_AL2395,A0V12,RAD,EDOF,5.0,-0.5,-0.25,0.17434960866037563,0.33043119962764234,0.026365293757598583,0.06489714600426046,0.10914104736643168,0.01648642617978789,0.061294281438114065
task014-e270a185207543149c21da83202c4b73,CFG_LB_AL2395_A0V12_RAD_EDOF_EPD5,CAR_LB_AL2395_A0V12_RAD_EPD5,LB_AL2395,A0V12,RAD,EDOF,5.0,-0.75,-0.5,0.11635440278594009,0.07668728824585716,0.11407215250537515,0.01937238013228107,0.05725065549581571,0.007347898539389188,0.027996054364816957
task014-e270a185207543149c21da83202c4b73,CFG_LB_AL2395_A0V12_RAD_EDOF_EPD5,CAR_LB_AL2395_A0V12_RAD_EPD5,LB_AL2395,A0V12,RAD,EDOF,5.0,-1.0,-0.75,0.09009815653003082,0.011944163039756026,0.042968950591957385,0.015450859925798546,0.006674514805453476,0.016345468624487876,0.026230521883272788
task014-e270a185207543149c21da83202c4b73,CFG_LB_AL2395_A0V12_RAD_EDOF_EPD5,CAR_LB_AL2395_A0V12_RAD_EPD5,LB_AL2395,A0V12,RAD,EDOF,5.0,-1.25,-1.0,0.08228651350489588,0.237139105155746,0.08042126804766897,0.029051564356971152,0.013062692339922856,0.016159045001805025,0.035912761854740384
task014-e270a185207543149c21da83202c4b73,CFG_LB_AL2395_A0V12_RAD_EDOF_EPD5,CAR_LB_AL2395_A0V12_RAD_EPD5,LB_AL2395,A0V12,RAD,EDOF,5.0,-1.5,-1.25,0.07974526545583108,0.054645521897230064,0.021572544901736036,0.06865922043430213,0.03413244245965955,0.020236142010309557,0.026119602806685297
task014-e270a185207543149c21da83202c4b73,CFG_LB_AL2395_A0V12_RAD_EDOF_EPD5,CAR_LB_AL2395_A0V12_RAD_EPD5,LB_AL2395,A0V12,RAD,EDOF,5.0,-1.75,-1.5,0.06395673249458317,0.08748005467550551,0.051814320369372606,0.030055181836188383,0.022282023147926162,0.017390458585980068,0.021136543452790577
task014-e270a185207543149c21da83202c4b73,CFG_LB_AL2395_A0V12_RAD_EDOF_EPD5,CAR_LB_AL2395_A0V12_RAD_EPD5,LB_AL2395,A0V12,RAD,EDOF,5.0,-2.0,-1.75,0.04962080371857355,0.04535178690547196,0.04249693632462937,0.013509045925692218,0.005372145682801414,0.005477974280721533,0.012592976528116456
task014-e270a185207543149c21da83202c4b73,CFG_LB_AL2395_A0V12_RAD_EDOF_EPD5,CAR_LB_AL2395_A0V12_RAD_EPD5,LB_AL2395,A0V12,RAD,EDOF,5.0,-2.25,-2.0,0.04157302362248308,0.03269808654281382,0.02539455755749863,0.00823292403666366,0.003929904908938598,0.00034629196826014425,0.0022628065280483655
task014-e270a185207543149c21da83202c4b73,CFG_LB_AL2395_A0V12_RAD_EDOF_EPD5,CAR_LB_AL2395_A0V12_RAD_EPD5,LB_AL2395,A0V12,RAD,EDOF,5.0,-2.5,-2.25,0.03473983719967792,0.05285675997966921,0.005012748848576139,0.0025502298704244285,0.003065103190565693,0.000926151236745637,0.002751757020589044
task014-e270a185207543149c21da83202c4b73,CFG_LB_AL2395_A0V12_RAD_EDOF_EPD5,CAR_LB_AL2395_A0V12_RAD_EPD5,LB_AL2395,A0V12,RAD,EDOF,5.0,-2.75,-2.5,0.029366021454444544,0.013017489436482649,0.003205648881144487,0.002652285661364267,1.6917378299075185e-05,0.002757967022780593,0.0021928555124187997
task014-e270a185207543149c21da83202c4b73,CFG_LB_AL2395_A0V12_RAD_EDOF_EPD5,CAR_LB_AL2395_A0V12_RAD_EPD5,LB_AL2395,A0V12,RAD,EDOF,5.0,-3.0,-2.75,0.026799404082489073,0.04327401796019412,0.011846981746050136,0.0018959307483859577,0.0017632924132948515,0.0007380289955689681,0.0018012163220726641
task014-e270a185207543149c21da83202c4b73,CFG_LB_AL2395_A0V12_WFS_MONO_EPD3,CAR_LB_AL2395_A0V12_WFS_EPD3,LB_AL2395,A0V12,WFS,MONO,3.0,0.5,0.5,0.1538368222533189,0.35624558781845245,0.015137324886377729,0.025281540797016226,0.017695265753533522,0.013446443491721293,0.015740469121736662
task014-e270a185207543149c21da83202c4b73,CFG_LB_AL2395_A0V12_WFS_MONO_EPD3,CAR_LB_AL2395_A0V12_WFS_EPD3,LB_AL2395,A0V12,WFS,MONO,3.0,0.25,0.25,0.335869934927676,0.6812403743843469,0.39276329716865,0.22567593351192317,0.12891035971307713,0.07456124429682556,0.04874602941269072
task014-e270a185207543149c21da83202c4b73,CFG_LB_AL2395_A0V12_WFS_MONO_EPD3,CAR_LB_AL2395_A0V12_WFS_EPD3,LB_AL2395,A0V12,WFS,MONO,3.0,0.0,0.0,0.5954415846318467,0.8514282524861255,0.7106792719367439,0.5810838083371693,0.46135528503087897,0.3498340718045979,0.24248565135235445
task014-e270a185207543149c21da83202c4b73,CFG_LB_AL2395_A0V12_WFS_MONO_EPD3,CAR_LB_AL2395_A0V12_WFS_EPD3,LB_AL2395,A0V12,WFS,MONO,3.0,-0.25,-0.25,0.3299471276862225,0.7382000686242057,0.38624640740318267,0.16156567220657064,0.08221909790572823,0.07702084794405875,0.09433857442300315
task014-e270a185207543149c21da83202c4b73,CFG_LB_AL2395_A0V12_WFS_MONO_EPD3,CAR_LB_AL2395_A0V12_WFS_EPD3,LB_AL2395,A0V12,WFS,MONO,3.0,-0.5,-0.5,0.17705536301834007,0.3974175580969413,0.07886785933683466,0.07891809306495867,0.02387143920963898,0.013385734118992701,0.017292411025831952
task014-e270a185207543149c21da83202c4b73,CFG_LB_AL2395_A0V12_WFS_MONO_EPD3,CAR_LB_AL2395_A0V12_WFS_EPD3,LB_AL2395,A0V12,WFS,MONO,3.0,-0.75,-0.75,0.13058477010137348,0.03688893408672634,0.059967301477379914,0.05389556371808532,0.02627754341434183,0.016887047594160653,0.017366154249543395
task014-e270a185207543149c21da83202c4b73,CFG_LB_AL2395_A0V12_WFS_MONO_EPD3,CAR_LB_AL2395_A0V12_WFS_EPD3,LB_AL2395,A0V12,WFS,MONO,3.0,-1.0,-1.0,0.09780008406422111,0.14598619759962445,0.068349899373464,0.019412608662372745,0.013365855330648765,0.007819345370704996,0.006776345452441014
task014-e270a185207543149c21da83202c4b73,CFG_LB_AL2395_A0V12_WFS_MONO_EPD3,CAR_LB_AL2395_A0V12_WFS_EPD3,LB_AL2395,A0V12,WFS,MONO,3.0,-1.25,-1.25,0.07935812368247644,0.11345523260676407,0.008041135860011485,0.009252079755792399,0.012455128253746504,0.008024975389782082,0.0054486738760590675
task014-e270a185207543149c21da83202c4b73,CFG_LB_AL2395_A0V12_WFS_MONO_EPD3,CAR_LB_AL2395_A0V12_WFS_EPD3,LB_AL2395,A0V12,WFS,MONO,3.0,-1.5,-1.5,0.06564892947172847,0.010320560292237166,0.022091897824849976,0.0013000155065827053,0.008278193542941898,0.004328995678248398,0.0016995653109321343
task014-e270a185207543149c21da83202c4b73,CFG_LB_AL2395_A0V12_WFS_MONO_EPD3,CAR_LB_AL2395_A0V12_WFS_EPD3,LB_AL2395,A0V12,WFS,MONO,3.0,-1.75,-1.75,0.05637875198612508,0.07542918744237417,0.025528905142030843,0.003664772593502817,0.006731203900245423,0.005672894302338068,0.0006982459423379194
task014-e270a185207543149c21da83202c4b73,CFG_LB_AL2395_A0V12_WFS_MONO_EPD3,CAR_LB_AL2395_A0V12_WFS_EPD3,LB_AL2395,A0V12,WFS,MONO,3.0,-2.0,-2.0,0.04927146853168726,0.03985863510450021,0.0072617987193539305,0.007825579005884462,0.005580924725754726,0.004298757157870261,0.0018148870570285458
task014-e270a185207543149c21da83202c4b73,CFG_LB_AL2395_A0V12_WFS_MONO_EPD3,CAR_LB_AL2395_A0V12_WFS_EPD3,LB_AL2395,A0V12,WFS,MONO,3.0,-2.25,-2.25,0.04359302728444196,0.024923177612407376,0.00779551021791066,0.0060126985945127024,0.006060469799843897,0.003338192013799445,0.002358206723707568
task014-e270a185207543149c21da83202c4b73,CFG_LB_AL2395_A0V12_WFS_MONO_EPD3,CAR_LB_AL2395_A0V12_WFS_EPD3,LB_AL2395,A0V12,WFS,MONO,3.0,-2.5,-2.5,0.03916011053948846,0.03911256296805712,0.013886988868652786,0.00698930357256993,0.004521464569541732,0.0032282560996004916,0.0019260850887264187
task014-e270a185207543149c21da83202c4b73,CFG_LB_AL2395_A0V12_WFS_MONO_EPD3,CAR_LB_AL2395_A0V12_WFS_EPD3,LB_AL2395,A0V12,WFS,MONO,3.0,-2.75,-2.75,0.03554378859018746,0.0019174287239093787,0.008242662947759959,0.00646823284601213,0.0036082428988709644,0.0023700900374677035,0.002206239872721143
task014-e270a185207543149c21da83202c4b73,CFG_LB_AL2395_A0V12_WFS_MONO_EPD3,CAR_LB_AL2395_A0V12_WFS_EPD3,LB_AL2395,A0V12,WFS,MONO,3.0,-3.0,-3.0,0.03263202759882802,0.028055681301558194,0.0019246811148381977,0.005948187271556979,0.003217414171069249,0.0018047436136698542,0.0011809816366174077
task014-e270a185207543149c21da83202c4b73,CFG_LB_AL2395_A0V12_WFS_MONO_EPD5,CAR_LB_AL2395_A0V12_WFS_EPD5,LB_AL2395,A0V12,WFS,MONO,5.0,0.5,0.75,0.06772013694275839,0.07545207854841225,0.013427950250337115,0.004015817813721217,0.004015524000133978,0.0031367026694155372,0.0016946092145492574
task014-e270a185207543149c21da83202c4b73,CFG_LB_AL2395_A0V12_WFS_MONO_EPD5,CAR_LB_AL2395_A0V12_WFS_EPD5,LB_AL2395,A0V12,WFS,MONO,5.0,0.25,0.5,0.12465781890982801,0.21561050728379252,0.10663807901960815,0.04855699385005929,0.029666045246388276,0.01846496613362655,0.01022464518737495
task014-e270a185207543149c21da83202c4b73,CFG_LB_AL2395_A0V12_WFS_MONO_EPD5,CAR_LB_AL2395_A0V12_WFS_EPD5,LB_AL2395,A0V12,WFS,MONO,5.0,0.0,0.25,0.2696986765691195,0.3543458873242863,0.26597068833592263,0.20880743040804156,0.17619412540424223,0.14036490880265348,0.09927484167252754
task014-e270a185207543149c21da83202c4b73,CFG_LB_AL2395_A0V12_WFS_MONO_EPD5,CAR_LB_AL2395_A0V12_WFS_EPD5,LB_AL2395,A0V12,WFS,MONO,5.0,-0.25,0.0,0.2854788613926403,0.49281024708979987,0.3173090726948742,0.1959518960758164,0.11722429926741706,0.07971017481233442,0.07517092195025483
task014-e270a185207543149c21da83202c4b73,CFG_LB_AL2395_A0V12_WFS_MONO_EPD5,CAR_LB_AL2395_A0V12_WFS_EPD5,LB_AL2395,A0V12,WFS,MONO,5.0,-0.5,-0.25,0.23277519899630855,0.5289112728687092,0.09004956352886387,0.03344101378393932,0.0956711740663607,0.10781201106338383,0.10356787884748848
task014-e270a185207543149c21da83202c4b73,CFG_LB_AL2395_A0V12_WFS_MONO_EPD5,CAR_LB_AL2395_A0V12_WFS_EPD5,LB_AL2395,A0V12,WFS,MONO,5.0,-0.75,-0.5,0.15517606099106726,0.21151513450718012,0.02585626370616269,0.10633083634956696,0.015868342760230594,0.02968399970407773,0.06959550132783997
task014-e270a185207543149c21da83202c4b73,CFG_LB_AL2395_A0V12_WFS_MONO_EPD5,CAR_LB_AL2395_A0V12_WFS_EPD5,LB_AL2395,A0V12,WFS,MONO,5.0,-1.0,-0.75,0.11966376063011276,0.1725230662264058,0.10591292396178201,0.00584800052088884,0.0004182531035963703,0.007806285584670375,0.029547128111730884
task014-e270a185207543149c21da83202c4b73,CFG_LB_AL2395_A0V12_WFS_MONO_EPD5,CAR_LB_AL2395_A0V12_WFS_EPD5,LB_AL2395,A0V12,WFS,MONO,5.0,-1.25,-1.0,0.09797404322047483,0.07706888062791983,0.08482241450455148,0.053508927835885386,0.016839293249354615,0.015630306363493697,0.004836936421177686
task014-e270a185207543149c21da83202c4b73,CFG_LB_AL2395_A0V12_WFS_MONO_EPD5,CAR_LB_AL2395_A0V12_WFS_EPD5,LB_AL2395,A0V12,WFS,MONO,5.0,-1.5,-1.25,0.08077363157449655,0.16338942687679708,0.07198161323259615,0.0214994435015081,0.01620175337061683,0.01607207806008875,0.006837306610181971
task014-e270a185207543149c21da83202c4b73,CFG_LB_AL2395_A0V12_WFS_MONO_EPD5,CAR_LB_AL2395_A0V12_WFS_EPD5,LB_AL2395,A0V12,WFS,MONO,5.0,-1.75,-1.5,0.06705891957595975,0.017755148856906346,0.04093373482565281,0.03506921635049213,0.009010759422028404,0.005484238247430972,0.005472717007863931
task014-e270a185207543149c21da83202c4b73,CFG_LB_AL2395_A0V12_WFS_MONO_EPD5,CAR_LB_AL2395_A0V12_WFS_EPD5,LB_AL2395,A0V12,WFS,MONO,5.0,-2.0,-1.75,0.05711538302175486,0.11135593327555171,0.011963806961259513,0.008715805071294398,0.0026412716178263232,0.004279564973801587,0.0009052064564821003
task014-e270a185207543149c21da83202c4b73,CFG_LB_AL2395_A0V12_WFS_MONO_EPD5,CAR_LB_AL2395_A0V12_WFS_EPD5,LB_AL2395,A0V12,WFS,MONO,5.0,-2.25,-2.0,0.04750212611705467,0.04181444404372875,0.012526993848913901,0.010451412784458207,0.0008364995302278521,0.004052864554954373,0.0023949755671514943
task014-e270a185207543149c21da83202c4b73,CFG_LB_AL2395_A0V12_WFS_MONO_EPD5,CAR_LB_AL2395_A0V12_WFS_EPD5,LB_AL2395,A0V12,WFS,MONO,5.0,-2.5,-2.25,0.03854927406132513,0.048609509111216045,0.021901290039723336,0.011555407576028298,0.0036404659975123985,0.001579641170008895,0.0013564924541091515
task014-e270a185207543149c21da83202c4b73,CFG_LB_AL2395_A0V12_WFS_MONO_EPD5,CAR_LB_AL2395_A0V12_WFS_EPD5,LB_AL2395,A0V12,WFS,MONO,5.0,-2.75,-2.5,0.034359284580921905,0.054598977324719286,0.020089032665762088,0.00701666245677503,0.004563078286753627,0.0026115238779997048,0.0005337981401110867
task014-e270a185207543149c21da83202c4b73,CFG_LB_AL2395_A0V12_WFS_MONO_EPD5,CAR_LB_AL2395_A0V12_WFS_EPD5,LB_AL2395,A0V12,WFS,MONO,5.0,-3.0,-2.75,0.029782272492439723,0.004350452631084796,0.007604486523010757,0.0010510086592835938,0.0035525002586458397,0.0008126495970764149,0.0014841046648872637
task014-e270a185207543149c21da83202c4b73,CFG_LB_AL2395_A0V12_WFS_EDOF_EPD3,CAR_LB_AL2395_A0V12_WFS_EPD3,LB_AL2395,A0V12,WFS,EDOF,3.0,0.5,0.5,0.18583772993486278,0.28065120142143496,0.19966740051767873,0.08800257707824519,0.03577282843125161,0.0017772626678453454,0.04708920063359374
task014-e270a185207543149c21da83202c4b73,CFG_LB_AL2395_A0V12_WFS_EDOF_EPD3,CAR_LB_AL2395_A0V12_WFS_EPD3,LB_AL2395,A0V12,WFS,EDOF,3.0,0.25,0.25,0.2957014143121951,0.5046980157437635,0.2881385755952938,0.23554556551361644,0.1516399109318058,0.0946935067158835,0.012307020245491457
task014-e270a185207543149c21da83202c4b73,CFG_LB_AL2395_A0V12_WFS_EDOF_EPD3,CAR_LB_AL2395_A0V12_WFS_EPD3,LB_AL2395,A0V12,WFS,EDOF,3.0,0.0,0.0,0.42276336411334864,0.6766990491872107,0.4242191299743534,0.3255724804461863,0.26318671656926274,0.25242966363693853,0.2019171676028239
task014-e270a185207543149c21da83202c4b73,CFG_LB_AL2395_A0V12_WFS_EDOF_EPD3,CAR_LB_AL2395_A0V12_WFS_EPD3,LB_AL2395,A0V12,WFS,EDOF,3.0,-0.25,-0.25,0.25279275152868963,0.6438879625172127,0.24575471888974285,0.009033998211031619,0.04110411954206978,0.03422367737754048,0.12542509747515418
task014-e270a185207543149c21da83202c4b73,CFG_LB_AL2395_A0V12_WFS_EDOF_EPD3,CAR_LB_AL2395_A0V12_WFS_EPD3,LB_AL2395,A0V12,WFS,EDOF,3.0,-0.5,-0.5,0.17742472944456503,0.3852167302994327,0.0516220792310893,0.027851082345466453,0.05465309413496354,0.06270144473617588,0.05740184585236102
task014-e270a185207543149c21da83202c4b73,CFG_LB_AL2395_A0V12_WFS_EDOF_EPD3,CAR_LB_AL2395_A0V12_WFS_EPD3,LB_AL2395,A0V12,WFS,EDOF,3.0,-0.75,-0.75,0.136368025218352,0.04892032751646557,0.01065025073019675,0.09319064145118627,0.022249796779050396,0.019020455032140737,0.008752780450556746
task014-e270a185207543149c21da83202c4b73,CFG_LB_AL2395_A0V12_WFS_EDOF_EPD3,CAR_LB_AL2395_A0V12_WFS_EPD3,LB_AL2395,A0V12,WFS,EDOF,3.0,-1.0,-1.0,0.10388510801841447,0.15943986831983958,0.14190059453929882,0.014856577724818444,0.005421845020291012,0.006246313038665954,0.014356403453629324
task014-e270a185207543149c21da83202c4b73,CFG_LB_AL2395_A0V12_WFS_EDOF_EPD3,CAR_LB_AL2395_A0V12_WFS_EPD3,LB_AL2395,A0V12,WFS,EDOF,3.0,-1.25,-1.25,0.08690820179765812,0.14363178120434283,0.006649764899290558,0.02130497714612231,0.0019729723363418245,0.0043444678757036635,0.008987757859624563
task014-e270a185207543149c21da83202c4b73,CFG_LB_AL2395_A0V12_WFS_EDOF_EPD3,CAR_LB_AL2395_A0V12_WFS_EPD3,LB_AL2395,A0V12,WFS,EDOF,3.0,-1.5,-1.5,0.07465316357384359,0.01433170588625262,0.05513966736502208,0.002445819221904823,0.00353638618591496,0.0037258538623240987,0.004371051583053526
task014-e270a185207543149c21da83202c4b73,CFG_LB_AL2395_A0V12_WFS_EDOF_EPD3,CAR_LB_AL2395_A0V12_WFS_EPD3,LB_AL2395,A0V12,WFS,EDOF,3.0,-1.75,-1.75,0.0673152531227733,0.1434587010633621,0.034036977133376126,0.012747317249223476,0.007362065837249867,0.004510475970239296,0.003427997334380476
task014-e270a185207543149c21da83202c4b73,CFG_LB_AL2395_A0V12_WFS_EDOF_EPD3,CAR_LB_AL2395_A0V12_WFS_EPD3,LB_AL2395,A0V12,WFS,EDOF,3.0,-2.0,-2.0,0.05774714058622226,0.1391447248300795,0.004377551195744761,0.0011267074706679857,0.003004062731218819,0.002599442452704758,0.0011731833681374439
task014-e270a185207543149c21da83202c4b73,CFG_LB_AL2395_A0V12_WFS_EDOF_EPD3,CAR_LB_AL2395_A0V12_WFS_EPD3,LB_AL2395,A0V12,WFS,EDOF,3.0,-2.25,-2.25,0.051711519180471434,0.03565635508669873,0.03055463117185532,0.00419788578566401,0.004475269699018571,0.0012803352526780157,0.0013683739380713513
task014-e270a185207543149c21da83202c4b73,CFG_LB_AL2395_A0V12_WFS_EDOF_EPD3,CAR_LB_AL2395_A0V12_WFS_EPD3,LB_AL2395,A0V12,WFS,EDOF,3.0,-2.5,-2.5,0.04548288922565378,0.058389896550396274,0.015214232306435631,0.005643472694445978,0.0016113798984363553,0.0015251555709662322,0.0016792822732286771
task014-e270a185207543149c21da83202c4b73,CFG_LB_AL2395_A0V12_WFS_EDOF_EPD3,CAR_LB_AL2395_A0V12_WFS_EPD3,LB_AL2395,A0V12,WFS,EDOF,3.0,-2.75,-2.75,0.041115219381284644,0.07577129310093134,0.000922733626317127,0.006967028269451505,0.001992569385517659,0.0013797889360979247,0.002587138346653927
task014-e270a185207543149c21da83202c4b73,CFG_LB_AL2395_A0V12_WFS_EDOF_EPD3,CAR_LB_AL2395_A0V12_WFS_EPD3,LB_AL2395,A0V12,WFS,EDOF,3.0,-3.0,-3.0,0.036951629753306965,0.03643433602494439,0.010497528730993574,0.0058660791156485235,0.0014580319528689689,0.0016575781888695698,0.002067223336863773
task014-e270a185207543149c21da83202c4b73,CFG_LB_AL2395_A0V12_WFS_EDOF_EPD5,CAR_LB_AL2395_A0V12_WFS_EPD5,LB_AL2395,A0V12,WFS,EDOF,5.0,0.5,0.75,0.08818960527828966,0.0475725012554669,0.09321042182021844,0.042783984258594795,0.028129825789627007,0.01148707873238422,0.009012636644172439
task014-e270a185207543149c21da83202c4b73,CFG_LB_AL2395_A0V12_WFS_EDOF_EPD5,CAR_LB_AL2395_A0V12_WFS_EPD5,LB_AL2395,A0V12,WFS,EDOF,5.0,0.25,0.5,0.11347635628255363,0.1535794145062757,0.07785111694764127,0.06716351613129379,0.03281331182905682,0.02085358637901412,0.004008892821258621
task014-e270a185207543149c21da83202c4b73,CFG_LB_AL2395_A0V12_WFS_EDOF_EPD5,CAR_LB_AL2395_A0V12_WFS_EPD5,LB_AL2395,A0V12,WFS,EDOF,5.0,0.0,0.25,0.20014140399697444,0.29424956994077156,0.13361877188232796,0.08677366887484969,0.10917854051055897,0.10916112135666417,0.08841308324473977
task014-e270a185207543149c21da83202c4b73,CFG_LB_AL2395_A0V12_WFS_EDOF_EPD5,CAR_LB_AL2395_A0V12_WFS_EPD5,LB_AL2395,A0V12,WFS,EDOF,5.0,-0.25,0.0,0.2607097917287773,0.46231910896924117,0.2911167878156675,0.17141542694691525,0.07197789076391853,0.05644019207516194,0.08068990078149671
task014-e270a185207543149c21da83202c4b73,CFG_LB_AL2395_A0V12_WFS_EDOF_EPD5,CAR_LB_AL2395_A0V12_WFS_EPD5,LB_AL2395,A0V12,WFS,EDOF,5.0,-0.5,-0.25,0.22454157680656178,0.524768681456445,0.10589704856708956,0.035500838937765684,0.07588712320831928,0.07793849782519832,0.07907348712716836
task014-e270a185207543149c21da83202c4b73,CFG_LB_AL2395_A0V12_WFS_EDOF_EPD5,CAR_LB_AL2395_A0V12_WFS_EPD5,LB_AL2395,A0V12,WFS,EDOF,5.0,-0.75,-0.5,0.16879348358251534,0.21125776409357583,0.020987288300969454,0.15201190352845378,0.01874428672382253,0.05237642590215706,0.06102853058475605
task014-e270a185207543149c21da83202c4b73,CFG_LB_AL2395_A0V12_WFS_EDOF_EPD5,CAR_LB_AL2395_A0V12_WFS_EPD5,LB_AL2395,A0V12,WFS,EDOF,5.0,-1.0,-0.75,0.12477618030728947,0.17980182158493618,0.1543321870535824,0.024804546890084777,0.021706206730142258,0.013802041166955822,0.006859843527586272
task014-e270a185207543149c21da83202c4b73,CFG_LB_AL2395_A0V12_WFS_EDOF_EPD5,CAR_LB_AL2395_A0V12_WFS_EPD5,LB_AL2395,A0V12,WFS,EDOF,5.0,-1.25,-1.0,0.10021937943015179,0.08589711556108579,0.0809495872129256,0.043346610573700775,0.03936472000893618,0.013040706513299166,0.013476824672276936
task014-e270a185207543149c21da83202c4b73,CFG_LB_AL2395_A0V12_WFS_EDOF_EPD5,CAR_LB_AL2395_A0V12_WFS_EPD5,LB_AL2395,A0V12,WFS,EDOF,5.0,-1.5,-1.25,0.07698077203869484,0.16326990098725894,0.04890514647126795,0.02550558306008751,0.03338264035202716,0.018521356973495225,0.00033820871274961107
task014-e270a185207543149c21da83202c4b73,CFG_LB_AL2395_A0V12_WFS_EDOF_EPD5,CAR_LB_AL2395_A0V12_WFS_EPD5,LB_AL2395,A0V12,WFS,EDOF,5.0,-1.75,-1.5,0.06398060567062173,0.03759465296320609,0.024232648824192557,0.028165539080129556,0.015099959737163769,0.012281024847123375,0.006871811913581403
task014-e270a185207543149c21da83202c4b73,CFG_LB_AL2395_A0V12_WFS_EDOF_EPD5,CAR_LB_AL2395_A0V12_WFS_EPD5,LB_AL2395,A0V12,WFS,EDOF,5.0,-2.0,-1.75,0.056120150726153076,0.07464969560167269,0.0055436133272279385,0.013748126734111764,0.0027026986021139957,0.0011742066536115578,0.0022122177236429752
task014-e270a185207543149c21da83202c4b73,CFG_LB_AL2395_A0V12_WFS_EDOF_EPD5,CAR_LB_AL2395_A0V12_WFS_EPD5,LB_AL2395,A0V12,WFS,EDOF,5.0,-2.25,-2.0,0.04803544522732296,0.0678794794248307,0.010389576448354844,0.010756057693999017,0.00024066069571030148,0.007148466726243353,0.0014203343102480134
task014-e270a185207543149c21da83202c4b73,CFG_LB_AL2395_A0V12_WFS_EDOF_EPD5,CAR_LB_AL2395_A0V12_WFS_EPD5,LB_AL2395,A0V12,WFS,EDOF,5.0,-2.5,-2.25,0.03832637120587217,0.043704070430371986,0.022322842124951215,0.010019119927171988,0.001146346037855767,0.0024676103041641807,0.0021442400872967206
task014-e270a185207543149c21da83202c4b73,CFG_LB_AL2395_A0V12_WFS_EDOF_EPD5,CAR_LB_AL2395_A0V12_WFS_EPD5,LB_AL2395,A0V12,WFS,EDOF,5.0,-2.75,-2.5,0.034810234590758625,0.07940628643913486,0.02060560134046137,0.01028034217319624,0.001911132921931152,0.0029522561330110582,0.0007494481368121603
task014-e270a185207543149c21da83202c4b73,CFG_LB_AL2395_A0V12_WFS_EDOF_EPD5,CAR_LB_AL2395_A0V12_WFS_EPD5,LB_AL2395,A0V12,WFS,EDOF,5.0,-3.0,-2.75,0.030299356274650004,0.01892548014990251,0.0076609553803822575,0.00044184366497584786,0.0022383500161524293,0.001589376299321532,0.0007227616311273154
task014-e270a185207543149c21da83202c4b73,CFG_LB_AL2395_B0V12_HOA_MONO_EPD3,CAR_LB_AL2395_B0V12_HOA_EPD3,LB_AL2395,B0V12,HOA,MONO,3.0,0.5,0.5,0.18322948559907265,0.3558676470774621,0.1484549288556777,0.08266745210283714,0.03373271424232061,0.003824864760752774,0.007952883186810485
task014-e270a185207543149c21da83202c4b73,CFG_LB_AL2395_B0V12_HOA_MONO_EPD3,CAR_LB_AL2395_B0V12_HOA_EPD3,LB_AL2395,B0V12,HOA,MONO,3.0,0.25,0.25,0.348345008383708,0.6121704504098054,0.39125049353433505,0.2818267414807916,0.1940283049571883,0.1066902401209283,0.03656562843171265
task014-e270a185207543149c21da83202c4b73,CFG_LB_AL2395_B0V12_HOA_MONO_EPD3,CAR_LB_AL2395_B0V12_HOA_EPD3,LB_AL2395,B0V12,HOA,MONO,3.0,0.0,0.0,0.5134982937655264,0.7727997586007818,0.5832251289487516,0.44933303637209876,0.3633135764814315,0.30469924915618307,0.22644171865884344
task014-e270a185207543149c21da83202c4b73,CFG_LB_AL2395_B0V12_HOA_MONO_EPD3,CAR_LB_AL2395_B0V12_HOA_EPD3,LB_AL2395,B0V12,HOA,MONO,3.0,-0.25,-0.25,0.276163619773343,0.7026575288481688,0.2938438674801568,0.061409604182854315,0.017043921518147095,0.04661559478462816,0.10351112616858864
task014-e270a185207543149c21da83202c4b73,CFG_LB_AL2395_B0V12_HOA_MONO_EPD3,CAR_LB_AL2395_B0V12_HOA_EPD3,LB_AL2395,B0V12,HOA,MONO,3.0,-0.5,-0.5,0.17410624037275807,0.40349895239121975,0.10910544833791265,0.04440883041801599,0.0262558661987595,0.017369665662547034,0.004859974748028489
task014-e270a185207543149c21da83202c4b73,CFG_LB_AL2395_B0V12_HOA_MONO_EPD3,CAR_LB_AL2395_B0V12_HOA_EPD3,LB_AL2395,B0V12,HOA,MONO,3.0,-0.75,-0.75,0.14421534420351242,0.0377316194189493,0.056123081244301196,0.08612633785944608,0.02505673827479852,0.017832922261443077,0.023764929297111156
task014-e270a185207543149c21da83202c4b73,CFG_LB_AL2395_B0V12_HOA_MONO_EPD3,CAR_LB_AL2395_B0V12_HOA_EPD3,LB_AL2395,B0V12,HOA,MONO,3.0,-1.0,-1.0,0.11013519996327145,0.18626555759872981,0.10772033971134948,0.0332721095778504,0.011888323572614809,0.0047951554430309675,0.005759530332831644
task014-e270a185207543149c21da83202c4b73,CFG_LB_AL2395_B0V12_HOA_MONO_EPD3,CAR_LB_AL2395_B0V12_HOA_EPD3,LB_AL2395,B0V12,HOA,MONO,3.0,-1.25,-1.25,0.09232268242535228,0.17679410385057084,0.00284832830171778,0.013462727758637582,0.015271786448970705,0.008206448372432923,0.0064771985082283
task014-e270a185207543149c21da83202c4b73,CFG_LB_AL2395_B0V12_HOA_MONO_EPD3,CAR_LB_AL2395_B0V12_HOA_EPD3,LB_AL2395,B0V12,HOA,MONO,3.0,-1.5,-1.5,0.07652130182712295,0.022780619726113054,0.04956462437956632,0.006258123757818733,0.009042986858575956,0.003960913892103681,0.0009922293730471605
task014-e270a185207543149c21da83202c4b73,CFG_LB_AL2395_B0V12_HOA_MONO_EPD3,CAR_LB_AL2395_B0V12_HOA_EPD3,LB_AL2395,B0V12,HOA,MONO,3.0,-1.75,-1.75,0.06644006953784608,0.10082864204377218,0.033768664091277274,0.009704432704707671,0.008449584279564827,0.006167168581089643,0.0005903749047323503
task014-e270a185207543149c21da83202c4b73,CFG_LB_AL2395_B0V12_HOA_MONO_EPD3,CAR_LB_AL2395_B0V12_HOA_EPD3,LB_AL2395,B0V12,HOA,MONO,3.0,-2.0,-2.0,0.05805817173299697,0.0936461311396926,0.007928497529344256,0.013069510537393785,0.00705132169166915,0.0035179937516574924,0.0017468339139394085
task014-e270a185207543149c21da83202c4b73,CFG_LB_AL2395_B0V12_HOA_MONO_EPD3,CAR_LB_AL2395_B0V12_HOA_EPD3,LB_AL2395,B0V12,HOA,MONO,3.0,-2.25,-2.25,0.05075814890661305,0.0013136354349817143,0.023776326857387616,0.009503318643776223,0.006751278748653734,0.0033371300705038716,0.0022236748355740615
task014-e270a185207543149c21da83202c4b73,CFG_LB_AL2395_B0V12_HOA_MONO_EPD3,CAR_LB_AL2395_B0V12_HOA_EPD3,LB_AL2395,B0V12,HOA,MONO,3.0,-2.5,-2.5,0.04472258515657444,0.061045646555723664,0.01695781162113093,0.010013692794127293,0.004443138023378122,0.0030327632135038096,0.0020221706541384203
task014-e270a185207543149c21da83202c4b73,CFG_LB_AL2395_B0V12_HOA_MONO_EPD3,CAR_LB_AL2395_B0V12_HOA_EPD3,LB_AL2395,B0V12,HOA,MONO,3.0,-2.75,-2.75,0.0410624276829336,0.0385276223807602,0.0013958888110445313,0.007172424810000834,0.004043038970531842,0.002207121155347173,0.002511783918697016
task014-e270a185207543149c21da83202c4b73,CFG_LB_AL2395_B0V12_HOA_MONO_EPD3,CAR_LB_AL2395_B0V12_HOA_EPD3,LB_AL2395,B0V12,HOA,MONO,3.0,-3.0,-3.0,0.03725362668738629,0.02065249488689244,0.012340250810711165,0.004923559042511829,0.003619704246218806,0.0020473942746173034,0.0012416863489799997
task014-e270a185207543149c21da83202c4b73,CFG_LB_AL2395_B0V12_HOA_MONO_EPD5,CAR_LB_AL2395_B0V12_HOA_EPD5,LB_AL2395,B0V12,HOA,MONO,5.0,0.5,0.5,0.0802850960998085,0.12333915620651408,0.0701382349566427,0.04099949712906952,0.019247375748611434,0.007122612980911594,0.0003140284335788324
task014-e270a185207543149c21da83202c4b73,CFG_LB_AL2395_B0V12_HOA_MONO_EPD5,CAR_LB_AL2395_B0V12_HOA_EPD5,LB_AL2395,B0V12,HOA,MONO,5.0,0.25,0.25,0.13382845823408426,0.1829357584083316,0.1329943146201532,0.10031669625667258,0.072046575172203,0.04371678433240012,0.018524223643202574
task014-e270a185207543149c21da83202c4b73,CFG_LB_AL2395_B0V12_HOA_MONO_EPD5,CAR_LB_AL2395_B0V12_HOA_EPD5,LB_AL2395,B0V12,HOA,MONO,5.0,0.0,0.0,0.1858467964790053,0.2581857344704395,0.18052708761655584,0.13620132114732394,0.11632742225835226,0.10091096538474809,0.07393020708038534
task014-e270a185207543149c21da83202c4b73,CFG_LB_AL2395_B0V12_HOA_MONO_EPD5,CAR_LB_AL2395_B0V12_HOA_EPD5,LB_AL2395,B0V12,HOA,MONO,5.0,-0.25,-0.25,0.14953366135503585,0.29208913246069534,0.1484028246961949,0.05745664624202345,0.03215051602001355,0.03359370324256312,0.05464364626561284
task014-e270a185207543149c21da83202c4b73,CFG_LB_AL2395_B0V12_HOA_MONO_EPD5,CAR_LB_AL2395_B0V12_HOA_EPD5,LB_AL2395,B0V12,HOA,MONO,5.0,-0.5,-0.5,0.1207911790513121,0.25469019444797036,0.029041380884763997,0.006133328789829769,0.032041363149851294,0.0328588400585242,0.017167829156326225
task014-e270a185207543149c21da83202c4b73,CFG_LB_AL2395_B0V12_HOA_MONO_EPD5,CAR_LB_AL2395_B0V12_HOA_EPD5,LB_AL2395,B0V12,HOA,MONO,5.0,-0.75,-0.75,0.12277630228263724,0.17827067738442684,0.014980314012290491,0.09048886999192451,0.05304501145230708,0.01863262237233862,0.01989999697479931
task014-e270a185207543149c21da83202c4b73,CFG_LB_AL2395_B0V12_HOA_MONO_EPD5,CAR_LB_AL2395_B0V12_HOA_EPD5,LB_AL2395,B0V12,HOA,MONO,5.0,-1.0,-1.0,0.11279079450509721,0.06865360668483585,0.09450298878718953,0.012557632353811469,0.02494214732371015,0.047766726907424346,0.042509653869271545
task014-e270a185207543149c21da83202c4b73,CFG_LB_AL2395_B0V12_HOA_MONO_EPD5,CAR_LB_AL2395_B0V12_HOA_EPD5,LB_AL2395,B0V12,HOA,MONO,5.0,-1.25,-1.25,0.09881118628452014,0.016624221000329245,0.07099228437514694,0.041240783353804426,0.014675674385334448,0.010131090220290778,0.027313572029942425
task014-e270a185207543149c21da83202c4b73,CFG_LB_AL2395_B0V12_HOA_MONO_EPD5,CAR_LB_AL2395_B0V12_HOA_EPD5,LB_AL2395,B0V12,HOA,MONO,5.0,-1.5,-1.5,0.09585554973347422,0.04411497588298307,0.0015395506497049142,0.020920212732983338,0.05009430999933252,0.002641703088717745,0.017494599485977397
task014-e270a185207543149c21da83202c4b73,CFG_LB_AL2395_B0V12_HOA_MONO_EPD5,CAR_LB_AL2395_B0V12_HOA_EPD5,LB_AL2395,B0V12,HOA,MONO,5.0,-1.75,-1.75,0.0979745263743932,0.17160574323510475,0.09095399933122573,0.05564655382989408,0.01487825636069694,0.01913597949012095,0.014325836789370843
task014-e270a185207543149c21da83202c4b73,CFG_LB_AL2395_B0V12_HOA_MONO_EPD5,CAR_LB_AL2395_B0V12_HOA_EPD5,LB_AL2395,B0V12,HOA,MONO,5.0,-2.0,-2.0,0.07159490201540174,0.15143249435602996,0.031424209985100614,0.0007903279870484477,0.0014859508918783019,0.020686045279931113,0.007864869922054554
task014-e270a185207543149c21da83202c4b73,CFG_LB_AL2395_B0V12_HOA_MONO_EPD5,CAR_LB_AL2395_B0V12_HOA_EPD5,LB_AL2395,B0V12,HOA,MONO,5.0,-2.25,-2.25,0.059783656395221124,0.014514993886945224,0.011171228800851973,0.03851165813212003,0.01404288903600933,0.018466050633354818,0.013334184473329463
task014-e270a185207543149c21da83202c4b73,CFG_LB_AL2395_B0V12_HOA_MONO_EPD5,CAR_LB_AL2395_B0V12_HOA_EPD5,LB_AL2395,B0V12,HOA,MONO,5.0,-2.5,-2.5,0.0533750921575902,0.05754912533944552,0.03792625622852132,0.013215355756886068,0.020467814188052876,0.01476000180657659,0.01404506207226881
task014-e270a185207543149c21da83202c4b73,CFG_LB_AL2395_B0V12_HOA_MONO_EPD5,CAR_LB_AL2395_B0V12_HOA_EPD5,LB_AL2395,B0V12,HOA,MONO,5.0,-2.75,-2.75,0.05028868640175331,0.02499593595674557,0.03129185541880224,0.004433208210601692,0.01104705001536443,0.006001670677124377,0.0004665526196388095
task014-e270a185207543149c21da83202c4b73,CFG_LB_AL2395_B0V12_HOA_MONO_EPD5,CAR_LB_AL2395_B0V12_HOA_EPD5,LB_AL2395,B0V12,HOA,MONO,5.0,-3.0,-3.0,0.046851676432587884,0.04940865090195976,0.031865206048931866,0.02234649738421732,0.0005409804765861709,0.005602545376976817,0.007167298268448516
task014-e270a185207543149c21da83202c4b73,CFG_LB_AL2395_B0V12_HOA_EDOF_EPD3,CAR_LB_AL2395_B0V12_HOA_EPD3,LB_AL2395,B0V12,HOA,EDOF,3.0,0.5,0.75,0.08054295487321919,0.03620608064028175,0.030757954245630745,0.03098259636334467,0.02869707920818309,0.02168034779301907,0.013835338014543685
task014-e270a185207543149c21da83202c4b73,CFG_LB_AL2395_B0V12_HOA_EDOF_EPD3,CAR_LB_AL2395_B0V12_HOA_EPD3,LB_AL2395,B0V12,HOA,EDOF,3.0,0.25,0.5,0.06444373474743309,0.04665856518753328,0.021380836950732215,0.0002729280024271276,0.014394608492192026,0.005429413777502263,0.023223133872081816
task014-e270a185207543149c21da83202c4b73,CFG_LB_AL2395_B0V12_HOA_EDOF_EPD3,CAR_LB_AL2395_B0V12_HOA_EPD3,LB_AL2395,B0V12,HOA,EDOF,3.0,0.0,0.25,0.08263853038440093,0.09781078611623568,0.049672456672633064,0.022097828789918065,0.02297466132831495,0.023554983832154555,0.018415877102368784
task014-e270a185207543149c21da83202c4b73,CFG_LB_AL2395_B0V12_HOA_EDOF_EPD3,CAR_LB_AL2395_B0V12_HOA_EPD3,LB_AL2395,B0V12,HOA,EDOF,3.0,-0.25,0.0,0.1423333236636659,0.16329443006262895,0.13481789750008133,0.11291526630607224,0.0650925035897719,0.06280346635638451,0.08753296905200264
task014-e270a185207543149c21da83202c4b73,CFG_LB_AL2395_B0V12_HOA_EDOF_EPD3,CAR_LB_AL2395_B0V12_HOA_EPD3,LB_AL2395,B0V12,HOA,EDOF,3.0,-0.5,-0.25,0.11621605741050703,0.1919977329079091,0.08055493570966007,0.047808963289921125,0.05938080449713733,0.01545565707597887,0.03167782222155177
task014-e270a185207543149c21da83202c4b73,CFG_LB_AL2395_B0V12_HOA_EDOF_EPD3,CAR_LB_AL2395_B0V12_HOA_EPD3,LB_AL2395,B0V12,HOA,EDOF,3.0,-0.75,-0.5,0.09257989136207523,0.15481690579446802,0.002139983572063079,0.016719945442455322,0.051905655632521905,0.00048166896886359025,0.006686497164629165
task014-e270a185207543149c21da83202c4b73,CFG_LB_AL2395_B0V12_HOA_EDOF_EPD3,CAR_LB_AL2395_B0V12_HOA_EPD3,LB_AL2395,B0V12,HOA,EDOF,3.0,-1.0,-0.75,0.10357727556038959,0.07530114831626256,0.058018468861930364,0.06438914652553351,0.05932454802524315,0.04341565999157308,0.05259291451766821
task014-e270a185207543149c21da83202c4b73,CFG_LB_AL2395_B0V12_HOA_EDOF_EPD3,CAR_LB_AL2395_B0V12_HOA_EPD3,LB_AL2395,B0V12,HOA,EDOF,3.0,-1.25,-1.0,0.07216329244990874,0.011416830836079077,0.09240211460611641,0.01701276770276964,0.022234059887180635,0.028349748269889865,0.01756160895073835
task014-e270a185207543149c21da83202c4b73,CFG_LB_AL2395_B0V12_HOA_EDOF_EPD3,CAR_LB_AL2395_B0V12_HOA_EPD3,LB_AL2395,B0V12,HOA,EDOF,3.0,-1.5,-1.25,0.05339926861856585,0.003262524859466661,0.010527179204464984,0.016256720326415758,0.00827693488825911,0.010270687261457731,9.21621558173374e-05
task014-e270a185207543149c21da83202c4b73,CFG_LB_AL2395_B0V12_HOA_EDOF_EPD3,CAR_LB_AL2395_B0V12_HOA_EPD3,LB_AL2395,B0V12,HOA,EDOF,3.0,-1.75,-1.5,0.04706586037179639,0.037351178441057745,0.004811655555391538,0.013221530816444591,0.002518437911019909,0.005611270069818843,0.017693323011685823
task014-e270a185207543149c21da83202c4b73,CFG_LB_AL2395_B0V12_HOA_EDOF_EPD3,CAR_LB_AL2395_B0V12_HOA_EPD3,LB_AL2395,B0V12,HOA,EDOF,3.0,-2.0,-1.75,0.04222718915500219,0.06364108614084213,0.031028969984784216,0.011025379789318264,0.002630551852239013,0.014126741990509003,0.004131045189350712
task014-e270a185207543149c21da83202c4b73,CFG_LB_AL2395_B0V12_HOA_EDOF_EPD3,CAR_LB_AL2395_B0V12_HOA_EPD3,LB_AL2395,B0V12,HOA,EDOF,3.0,-2.25,-2.0,0.04601895218620485,0.04834352100213829,0.009610428943844156,0.03110417442442214,0.0021531973420252535,0.00034861973128800665,0.017553364849187077
task014-e270a185207543149c21da83202c4b73,CFG_LB_AL2395_B0V12_HOA_EDOF_EPD3,CAR_LB_AL2395_B0V12_HOA_EPD3,LB_AL2395,B0V12,HOA,EDOF,3.0,-2.5,-2.25,0.04418381832259766,0.007810820565678084,0.029254044797899573,0.011415790623761402,0.00454078327428324,0.04171416557827792,0.0050668402462082105
task014-e270a185207543149c21da83202c4b73,CFG_LB_AL2395_B0V12_HOA_EDOF_EPD3,CAR_LB_AL2395_B0V12_HOA_EPD3,LB_AL2395,B0V12,HOA,EDOF,3.0,-2.75,-2.5,0.03963230515281598,0.012049382501051715,0.043455593749838234,0.015442830172994382,0.01849471245958157,0.006757855633363419,0.00860946946385049
task014-e270a185207543149c21da83202c4b73,CFG_LB_AL2395_B0V12_HOA_EDOF_EPD3,CAR_LB_AL2395_B0V12_HOA_EPD3,LB_AL2395,B0V12,HOA,EDOF,3.0,-3.0,-2.75,0.03414071260781126,0.011825558048782481,0.022114117480101357,0.0008090089862630027,0.0008408229566832051,0.00982996897771029,0.0027844158869911057
task014-e270a185207543149c21da83202c4b73,CFG_LB_AL2395_B0V12_HOA_EDOF_EPD5,CAR_LB_AL2395_B0V12_HOA_EPD5,LB_AL2395,B0V12,HOA,EDOF,5.0,0.5,1.0,0.03916924814082622,0.005047784630155578,0.006590197589008912,0.003609169601442871,0.0008995138660100524,0.007422073569213426,0.006603978276999408
task014-e270a185207543149c21da83202c4b73,CFG_LB_AL2395_B0V12_HOA_EDOF_EPD5,CAR_LB_AL2395_B0V12_HOA_EPD5,LB_AL2395,B0V12,HOA,EDOF,5.0,0.25,0.75,0.03816237338503144,0.027670318946771053,0.007619509345964559,0.0017071423064971205,0.010621068824432485,0.0012828605037506849,0.003483110260989572
task014-e270a185207543149c21da83202c4b73,CFG_LB_AL2395_B0V12_HOA_EDOF_EPD5,CAR_LB_AL2395_B0V12_HOA_EPD5,LB_AL2395,B0V12,HOA,EDOF,5.0,0.0,0.5,0.04638733776581158,0.016509945330728554,0.02283771431491656,0.0049459141435897825,0.015430907823388634,0.0020827647491814204,0.010967089708946224
task014-e270a185207543149c21da83202c4b73,CFG_LB_AL2395_B0V12_HOA_EDOF_EPD5,CAR_LB_AL2395_B0V12_HOA_EPD5,LB_AL2395,B0V12,HOA,EDOF,5.0,-0.25,0.25,0.08175648539114695,0.10136994811031738,0.032414629695690686,0.047626677098941764,0.01960959611307429,0.019245135623360256,0.040848173676899954
task014-e270a185207543149c21da83202c4b73,CFG_LB_AL2395_B0V12_HOA_EDOF_EPD5,CAR_LB_AL2395_B0V12_HOA_EPD5,LB_AL2395,B0V12,HOA,EDOF,5.0,-0.5,0.0,0.12425696192951256,0.17677338172168003,0.10742323108537977,0.045513508885867915,0.05952024093224739,0.03940830129055414,0.03961273901447853
task014-e270a185207543149c21da83202c4b73,CFG_LB_AL2395_B0V12_HOA_EDOF_EPD5,CAR_LB_AL2395_B0V12_HOA_EPD5,LB_AL2395,B0V12,HOA,EDOF,5.0,-0.75,-0.25,0.1405351784583274,0.2137657921317254,0.0894494041482775,0.10142242040192424,0.07658503502257252,0.037777360159871494,0.03832088155120214
task014-e270a185207543149c21da83202c4b73,CFG_LB_AL2395_B0V12_HOA_EDOF_EPD5,CAR_LB_AL2395_B0V12_HOA_EPD5,LB_AL2395,B0V12,HOA,EDOF,5.0,-1.0,-0.5,0.09330802977538184,0.15892048218845822,0.02159135853273668,0.005159199927189916,0.007251843979498749,0.009322119503383495,0.0094692313652395
task014-e270a185207543149c21da83202c4b73,CFG_LB_AL2395_B0V12_HOA_EDOF_EPD5,CAR_LB_AL2395_B0V12_HOA_EPD5,LB_AL2395,B0V12,HOA,EDOF,5.0,-1.25,-0.75,0.1331649592290854,0.05515679444643672,0.1167406499937987,0.062186201520450596,0.08447485909586375,0.0691336140006837,0.047873457093757704
task014-e270a185207543149c21da83202c4b73,CFG_LB_AL2395_B0V12_HOA_EDOF_EPD5,CAR_LB_AL2395_B0V12_HOA_EPD5,LB_AL2395,B0V12,HOA,EDOF,5.0,-1.5,-1.0,0.10494766409045272,0.061664337330239155,0.05313333747855677,0.039610088876991474,0.025082298968978893,0.04617139693787813,0.01849440596631777
task014-e270a185207543149c21da83202c4b73,CFG_LB_AL2395_B0V12_HOA_EDOF_EPD5,CAR_LB_AL2395_B0V12_HOA_EPD5,LB_AL2395,B0V12,HOA,EDOF,5.0,-1.75,-1.25,0.09476136028113238,0.1531447193603172,0.04066180336895851,0.019048252387252,0.012342112377084893,0.011317483211550466,0.03060276159593792
task014-e270a185207543149c21da83202c4b73,CFG_LB_AL2395_B0V12_HOA_EDOF_EPD5,CAR_LB_AL2395_B0V12_HOA_EPD5,LB_AL2395,B0V12,HOA,EDOF,5.0,-2.0,-1.5,0.07041734097566292,0.13867308770594192,0.05927041228522911,0.05046454173591353,0.00465659134901973,0.010585173175295991,0.020944884415506668
task014-e270a185207543149c21da83202c4b73,CFG_LB_AL2395_B0V12_HOA_EDOF_EPD5,CAR_LB_AL2395_B0V12_HOA_EPD5,LB_AL2395,B0V12,HOA,EDOF,5.0,-2.25,-1.75,0.053268344349408095,0.028860623969158512,0.0024765078412269416,0.013663372891401612,0.0003746205891838161,0.0012563808639919323,0.007707602377677104
task014-e270a185207543149c21da83202c4b73,CFG_LB_AL2395_B0V12_HOA_EDOF_EPD5,CAR_LB_AL2395_B0V12_HOA_EPD5,LB_AL2395,B0V12,HOA,EDOF,5.0,-2.5,-2.0,0.04631155351281171,0.029544774885457998,0.03756806057668289,0.00020146918428963397,0.009091678093937185,0.01567037904105696,0.015444061309381184
task014-e270a185207543149c21da83202c4b73,CFG_LB_AL2395_B0V12_HOA_EDOF_EPD5,CAR_LB_AL2395_B0V12_HOA_EPD5,LB_AL2395,B0V12,HOA,EDOF,5.0,-2.75,-2.25,0.0422743537816174,0.008614877610240202,0.007569558174233016,0.019621734002966903,0.015008218158917548,0.013236626677587307,0.0032378756652670032
task014-e270a185207543149c21da83202c4b73,CFG_LB_AL2395_B0V12_HOA_EDOF_EPD5,CAR_LB_AL2395_B0V12_HOA_EPD5,LB_AL2395,B0V12,HOA,EDOF,5.0,-3.0,-2.5,0.03876328146865797,0.04822243512283535,0.019095999302224536,0.0074516548243076875,0.015632737991647126,0.0027101823082176938,0.0029029053759896846
task014-e270a185207543149c21da83202c4b73,CFG_LB_AL2395_B0V12_RAD_MONO_EPD3,CAR_LB_AL2395_B0V12_RAD_EPD3,LB_AL2395,B0V12,RAD,MONO,3.0,0.5,0.5,0.1480744592799186,0.34084192519183665,0.048738127542891974,0.003642715913736424,0.0043234810545086065,0.007396862390705912,0.011607670601569697
task014-e270a185207543149c21da83202c4b73,CFG_LB_AL2395_B0V12_RAD_MONO_EPD3,CAR_LB_AL2395_B0V12_RAD_EPD3,LB_AL2395,B0V12,RAD,MONO,3.0,0.25,0.25,0.3278297407957831,0.6499450224426668,0.3784629839582858,0.2301687989066357,0.13431016127231113,0.06999976969893781,0.034521626726896064
task014-e270a185207543149c21da83202c4b73,CFG_LB_AL2395_B0V12_RAD_MONO_EPD3,CAR_LB_AL2395_B0V12_RAD_EPD3,LB_AL2395,B0V12,RAD,MONO,3.0,0.0,0.0,0.5774538535364255,0.8312343623633278,0.681365352358813,0.5543042968734756,0.4430122271955354,0.340389182928701,0.2356703718197773
task014-e270a185207543149c21da83202c4b73,CFG_LB_AL2395_B0V12_RAD_MONO_EPD3,CAR_LB_AL2395_B0V12_RAD_EPD3,LB_AL2395,B0V12,RAD,MONO,3.0,-0.25,-0.25,0.3302061527063146,0.744349317002219,0.3850802996816918,0.15135295631476892,0.07674069455758839,0.08214804565847482,0.10967125964318228
task014-e270a185207543149c21da83202c4b73,CFG_LB_AL2395_B0V12_RAD_MONO_EPD3,CAR_LB_AL2395_B0V12_RAD_EPD3,LB_AL2395,B0V12,RAD,MONO,3.0,-0.5,-0.5,0.180152554148593,0.418669148107323,0.08490479632317961,0.08105005154391925,0.01851549428484893,0.00993424858973033,0.014841938630780887
task014-e270a185207543149c21da83202c4b73,CFG_LB_AL2395_B0V12_RAD_MONO_EPD3,CAR_LB_AL2395_B0V12_RAD_EPD3,LB_AL2395,B0V12,RAD,MONO,3.0,-0.75,-0.75,0.13837848333090133,0.047141959240199524,0.0729153373458336,0.06380383718670665,0.031003025564626908,0.020124481519616117,0.018959659603044323
task014-e270a185207543149c21da83202c4b73,CFG_LB_AL2395_B0V12_RAD_MONO_EPD3,CAR_LB_AL2395_B0V12_RAD_EPD3,LB_AL2395,B0V12,RAD,MONO,3.0,-1.0,-1.0,0.10380477652942798,0.16072234843264294,0.08018478738164604,0.01990186649234286,0.015503777188071114,0.008714217516084925,0.0058374074801916245
task014-e270a185207543149c21da83202c4b73,CFG_LB_AL2395_B0V12_RAD_MONO_EPD3,CAR_LB_AL2395_B0V12_RAD_EPD3,LB_AL2395,B0V12,RAD,MONO,3.0,-1.25,-1.25,0.08438936069048687,0.14077828263446915,0.00021461093947556582,0.007070198494479715,0.014618806074761978,0.009077554069325467,0.004951600208183769
task014-e270a185207543149c21da83202c4b73,CFG_LB_AL2395_B0V12_RAD_MONO_EPD3,CAR_LB_AL2395_B0V12_RAD_EPD3,LB_AL2395,B0V12,RAD,MONO,3.0,-1.5,-1.5,0.06942988997802028,0.004479974513218364,0.03264143582396292,0.005062213182527839,0.009248997606328902,0.004967771576371592,0.0006233137843265048
task014-e270a185207543149c21da83202c4b73,CFG_LB_AL2395_B0V12_RAD_MONO_EPD3,CAR_LB_AL2395_B0V12_RAD_EPD3,LB_AL2395,B0V12,RAD,MONO,3.0,-1.75,-1.75,0.059772764962418415,0.0842567629922783,0.0278366485747153,0.0069330301925459685,0.007719909809915565,0.006385316134649945,0.0013647370546828366
task014-e270a185207543149c21da83202c4b73,CFG_LB_AL2395_B0V12_RAD_MONO_EPD3,CAR_LB_AL2395_B0V12_RAD_EPD3,LB_AL2395,B0V12,RAD,MONO,3.0,-2.0,-2.0,0.05220772619463681,0.058950749455992,0.0016946418502348068,0.010207635115263302,0.006467578849600104,0.004370040211681037,0.002235941967939543
task014-e270a185207543149c21da83202c4b73,CFG_LB_AL2395_B0V12_RAD_MONO_EPD3,CAR_LB_AL2395_B0V12_RAD_EPD3,LB_AL2395,B0V12,RAD,MONO,3.0,-2.25,-2.25,0.045973683676760434,0.016874841941467583,0.013724787777954512,0.007396281405233186,0.006567888018556241,0.00352219726850281,0.0025265852338680677
task014-e270a185207543149c21da83202c4b73,CFG_LB_AL2395_B0V12_RAD_MONO_EPD3,CAR_LB_AL2395_B0V12_RAD_EPD3,LB_AL2395,B0V12,RAD,MONO,3.0,-2.5,-2.5,0.04114688094785388,0.04777256591261123,0.015588759261435865,0.008093002708037486,0.004606960143798501,0.003302798956834215,0.0020060098597210886
task014-e270a185207543149c21da83202c4b73,CFG_LB_AL2395_B0V12_RAD_MONO_EPD3,CAR_LB_AL2395_B0V12_RAD_EPD3,LB_AL2395,B0V12,RAD,MONO,3.0,-2.75,-2.75,0.03733517559085261,0.013663147756671382,0.005269534807302919,0.006710610742006215,0.0037987176669516754,0.0023448141479222536,0.0021659595270834596
task014-e270a185207543149c21da83202c4b73,CFG_LB_AL2395_B0V12_RAD_MONO_EPD3,CAR_LB_AL2395_B0V12_RAD_EPD3,LB_AL2395,B0V12,RAD,MONO,3.0,-3.0,-3.0,0.03416437836873933,0.027542416623163465,0.005848509113820523,0.005423336109506424,0.00345771312243378,0.001972367077701525,0.0008818032073713467
task014-e270a185207543149c21da83202c4b73,CFG_LB_AL2395_B0V12_RAD_MONO_EPD5,CAR_LB_AL2395_B0V12_RAD_EPD5,LB_AL2395,B0V12,RAD,MONO,5.0,0.5,0.75,0.06836006033262516,0.10208726386703561,0.031637400051182686,0.010736601308783105,0.006981623137199918,0.0013660843733499753,0.0020644760352679344
task014-e270a185207543149c21da83202c4b73,CFG_LB_AL2395_B0V12_RAD_MONO_EPD5,CAR_LB_AL2395_B0V12_RAD_EPD5,LB_AL2395,B0V12,RAD,MONO,5.0,0.25,0.5,0.12352964355337763,0.17593926359654527,0.11078477143714914,0.06669277370132962,0.04401027507854791,0.023300408050847838,0.009462099693031748
task014-e270a185207543149c21da83202c4b73,CFG_LB_AL2395_B0V12_RAD_MONO_EPD5,CAR_LB_AL2395_B0V12_RAD_EPD5,LB_AL2395,B0V12,RAD,MONO,5.0,0.0,0.25,0.22905962748856767,0.3082543985821644,0.23202593512384767,0.1792039543153071,0.15208978909049153,0.12064440503200655,0.0823977366868841
task014-e270a185207543149c21da83202c4b73,CFG_LB_AL2395_B0V12_RAD_MONO_EPD5,CAR_LB_AL2395_B0V12_RAD_EPD5,LB_AL2395,B0V12,RAD,MONO,5.0,-0.25,0.0,0.23069226188098696,0.4078730997860407,0.23545072279511658,0.14422283184658427,0.09440083509179935,0.07837468214877,0.08633674834788345
task014-e270a185207543149c21da83202c4b73,CFG_LB_AL2395_B0V12_RAD_MONO_EPD5,CAR_LB_AL2395_B0V12_RAD_EPD5,LB_AL2395,B0V12,RAD,MONO,5.0,-0.5,-0.25,0.17124997310738216,0.36221281748474987,0.08281909016992103,0.01156928399183394,0.043147026910629535,0.05487761326005977,0.047726880717481567
task014-e270a185207543149c21da83202c4b73,CFG_LB_AL2395_B0V12_RAD_MONO_EPD5,CAR_LB_AL2395_B0V12_RAD_EPD5,LB_AL2395,B0V12,RAD,MONO,5.0,-0.75,-0.5,0.1457279527599116,0.23584223009004907,0.004902511751545252,0.1067787377389181,0.03706476882153021,0.007642551300765886,0.0006269432895064326
task014-e270a185207543149c21da83202c4b73,CFG_LB_AL2395_B0V12_RAD_MONO_EPD5,CAR_LB_AL2395_B0V12_RAD_EPD5,LB_AL2395,B0V12,RAD,MONO,5.0,-1.0,-0.75,0.14685825570384503,0.08610339574081373,0.17710132221276498,0.004289948615138871,0.0855878390660298,0.03490110305232505,0.0047503472555154875
task014-e270a185207543149c21da83202c4b73,CFG_LB_AL2395_B0V12_RAD_MONO_EPD5,CAR_LB_AL2395_B0V12_RAD_EPD5,LB_AL2395,B0V12,RAD,MONO,5.0,-1.25,-1.0,0.09906778712613305,0.04363964659096168,0.004336214709018093,0.06371326386488144,0.0035234039376514765,0.03336794050123905,0.013887454541380469
task014-e270a185207543149c21da83202c4b73,CFG_LB_AL2395_B0V12_RAD_MONO_EPD5,CAR_LB_AL2395_B0V12_RAD_EPD5,LB_AL2395,B0V12,RAD,MONO,5.0,-1.5,-1.25,0.08218998576918427,0.010554402652544707,0.012184180268214715,0.01281123315537243,0.028841836135264736,0.0178707405044649,0.003708235290232462
task014-e270a185207543149c21da83202c4b73,CFG_LB_AL2395_B0V12_RAD_MONO_EPD5,CAR_LB_AL2395_B0V12_RAD_EPD5,LB_AL2395,B0V12,RAD,MONO,5.0,-1.75,-1.5,0.07429249547965866,0.1351179920100352,0.02557450173856436,0.018803681146460728,0.020786357028522467,0.0009662134439699605,0.013214599880580867
task014-e270a185207543149c21da83202c4b73,CFG_LB_AL2395_B0V12_RAD_MONO_EPD5,CAR_LB_AL2395_B0V12_RAD_EPD5,LB_AL2395,B0V12,RAD,MONO,5.0,-2.0,-1.75,0.06812124836832593,0.015258426690151011,0.02415186042112519,0.03975663514100311,0.012808465076541403,0.011298529363037263,0.004772639715693298
task014-e270a185207543149c21da83202c4b73,CFG_LB_AL2395_B0V12_RAD_MONO_EPD5,CAR_LB_AL2395_B0V12_RAD_EPD5,LB_AL2395,B0V12,RAD,MONO,5.0,-2.25,-2.0,0.0623431377009502,0.11866290183006581,0.01578601679160096,0.018697272545588076,0.008581296079239714,0.010559603478661032,0.00558133485702691
task014-e270a185207543149c21da83202c4b73,CFG_LB_AL2395_B0V12_RAD_MONO_EPD5,CAR_LB_AL2395_B0V12_RAD_EPD5,LB_AL2395,B0V12,RAD,MONO,5.0,-2.5,-2.25,0.05429049318088742,0.026890845545399625,0.004005575861635658,0.01718870500652516,0.007484990834909557,0.00056970766561443,0.0005123530917184527
task014-e270a185207543149c21da83202c4b73,CFG_LB_AL2395_B0V12_RAD_MONO_EPD5,CAR_LB_AL2395_B0V12_RAD_EPD5,LB_AL2395,B0V12,RAD,MONO,5.0,-2.75,-2.5,0.045718260096358806,0.08430479474704529,0.021210218631191276,0.020887760047591485,0.00890437898421361,0.004975741676137165,0.0024484731352499936
task014-e270a185207543149c21da83202c4b73,CFG_LB_AL2395_B0V12_RAD_MONO_EPD5,CAR_LB_AL2395_B0V12_RAD_EPD5,LB_AL2395,B0V12,RAD,MONO,5.0,-3.0,-2.75,0.04265392113988008,0.05865480074026551,0.031896006237413274,0.0071432019909901355,0.006775147548732831,0.0021893735087447166,0.002261563701878948
task014-e270a185207543149c21da83202c4b73,CFG_LB_AL2395_B0V12_RAD_EDOF_EPD3,CAR_LB_AL2395_B0V12_RAD_EPD3,LB_AL2395,B0V12,RAD,EDOF,3.0,0.5,0.5,0.14590074882310414,0.3054970823826537,0.10788405958782965,0.08639336013466739,0.04530709401842378,0.01550443906036917,0.007880658159142892
task014-e270a185207543149c21da83202c4b73,CFG_LB_AL2395_B0V12_RAD_EDOF_EPD3,CAR_LB_AL2395_B0V12_RAD_EPD3,LB_AL2395,B0V12,RAD,EDOF,3.0,0.25,0.25,0.17419056599091068,0.3483586262754581,0.16629704818294339,0.056452612506000054,0.007358942728527198,0.05110915094342075,0.04605476958528334
task014-e270a185207543149c21da83202c4b73,CFG_LB_AL2395_B0V12_RAD_EDOF_EPD3,CAR_LB_AL2395_B0V12_RAD_EPD3,LB_AL2395,B0V12,RAD,EDOF,3.0,0.0,0.0,0.31095553372233625,0.3528786430449463,0.3432859671225542,0.29510656216157044,0.2354120022027416,0.16097307115842524,0.1078595617703153
task014-e270a185207543149c21da83202c4b73,CFG_LB_AL2395_B0V12_RAD_EDOF_EPD3,CAR_LB_AL2395_B0V12_RAD_EPD3,LB_AL2395,B0V12,RAD,EDOF,3.0,-0.25,-0.25,0.18547665683672782,0.32269769103800056,0.21853602725329024,0.09398246438649754,0.03670690879123749,0.0010623442135551217,0.03359534549274412
task014-e270a185207543149c21da83202c4b73,CFG_LB_AL2395_B0V12_RAD_EDOF_EPD3,CAR_LB_AL2395_B0V12_RAD_EPD3,LB_AL2395,B0V12,RAD,EDOF,3.0,-0.5,-0.5,0.14866578584300738,0.2690780134902185,0.04124608816083734,0.036750627551776945,0.04948122144979583,0.007593014169648055,0.06592079128517633
task014-e270a185207543149c21da83202c4b73,CFG_LB_AL2395_B0V12_RAD_EDOF_EPD3,CAR_LB_AL2395_B0V12_RAD_EPD3,LB_AL2395,B0V12,RAD,EDOF,3.0,-0.75,-0.75,0.16528048143675575,0.21144585494816365,0.022089781287635682,0.09343360079400675,0.07852543746671693,0.11853296832851479,0.01600537701489433
task014-e270a185207543149c21da83202c4b73,CFG_LB_AL2395_B0V12_RAD_EDOF_EPD3,CAR_LB_AL2395_B0V12_RAD_EPD3,LB_AL2395,B0V12,RAD,EDOF,3.0,-1.0,-1.0,0.14848278710693477,0.1695452620968615,0.13882592928050286,0.005216016238742458,0.006552960582556866,0.09214508847986484,0.050738167652633434
task014-e270a185207543149c21da83202c4b73,CFG_LB_AL2395_B0V12_RAD_EDOF_EPD3,CAR_LB_AL2395_B0V12_RAD_EPD3,LB_AL2395,B0V12,RAD,EDOF,3.0,-1.25,-1.25,0.13200451610403371,0.14772468720217535,0.03411971180468214,0.06484235783921806,0.03799668397408176,0.03743715463459106,0.0678125911213279
task014-e270a185207543149c21da83202c4b73,CFG_LB_AL2395_B0V12_RAD_EDOF_EPD3,CAR_LB_AL2395_B0V12_RAD_EPD3,LB_AL2395,B0V12,RAD,EDOF,3.0,-1.5,-1.5,0.13517743598051077,0.1283221965558402,0.033920146092182364,0.1126101950935009,0.07046565839520302,0.02117729378807652,0.06272581795926148
task014-e270a185207543149c21da83202c4b73,CFG_LB_AL2395_B0V12_RAD_EDOF_EPD3,CAR_LB_AL2395_B0V12_RAD_EPD3,LB_AL2395,B0V12,RAD,EDOF,3.0,-1.75,-1.75,0.11901272544291229,0.08848664772949764,0.14988218791340446,0.03058706013390965,0.04942613817119347,0.04129808062082363,0.05485582755026148
task014-e270a185207543149c21da83202c4b73,CFG_LB_AL2395_B0V12_RAD_EDOF_EPD3,CAR_LB_AL2395_B0V12_RAD_EPD3,LB_AL2395,B0V12,RAD,EDOF,3.0,-2.0,-2.0,0.08044520806411176,0.028859109088616344,0.07331534370248902,0.005935894187794732,0.0031747881191272415,0.023736692743151593,0.03576688198034785
task014-e270a185207543149c21da83202c4b73,CFG_LB_AL2395_B0V12_RAD_EDOF_EPD3,CAR_LB_AL2395_B0V12_RAD_EPD3,LB_AL2395,B0V12,RAD,EDOF,3.0,-2.25,-2.25,0.06405283720209248,0.01792523918178829,0.05627698848273568,0.0164213901437325,0.011926479336568666,0.011902576308501065,0.011641779321349742
task014-e270a185207543149c21da83202c4b73,CFG_LB_AL2395_B0V12_RAD_EDOF_EPD3,CAR_LB_AL2395_B0V12_RAD_EPD3,LB_AL2395,B0V12,RAD,EDOF,3.0,-2.5,-2.5,0.05631027241433612,0.01595022648749439,0.029237708578508697,0.030938836037473258,0.004775593893738392,4.043013762479095e-05,0.0077990141573870035
task014-e270a185207543149c21da83202c4b73,CFG_LB_AL2395_B0V12_RAD_EDOF_EPD3,CAR_LB_AL2395_B0V12_RAD_EPD3,LB_AL2395,B0V12,RAD,EDOF,3.0,-2.75,-2.75,0.051108802432988897,0.03256707174914013,0.03692207999873455,0.013658160119568365,0.006017871519407609,0.0039532182491174355,0.0022829303546702574
task014-e270a185207543149c21da83202c4b73,CFG_LB_AL2395_B0V12_RAD_EDOF_EPD3,CAR_LB_AL2395_B0V12_RAD_EPD3,LB_AL2395,B0V12,RAD,EDOF,3.0,-3.0,-3.0,0.04635106527184129,0.07932209067562819,0.038921137813403395,0.00022638048783620474,0.0020856202850538614,0.00012318847618292636,0.0027541497470571935
task014-e270a185207543149c21da83202c4b73,CFG_LB_AL2395_B0V12_RAD_EDOF_EPD5,CAR_LB_AL2395_B0V12_RAD_EPD5,LB_AL2395,B0V12,RAD,EDOF,5.0,0.5,1.0,0.06873389773429264,0.0720799968816508,0.015792638664614,0.018323456832126245,0.020543699380537433,0.0108796295270555,0.00828631678060945
task014-e270a185207543149c21da83202c4b73,CFG_LB_AL2395_B0V12_RAD_EDOF_EPD5,CAR_LB_AL2395_B0V12_RAD_EPD5,LB_AL2395,B0V12,RAD,EDOF,5.0,0.25,0.75,0.0845758097533106,0.09458016047305683,0.07572043134903295,0.032256295262513404,0.013361335395647135,0.029396934949095517,0.02143394077842546
task014-e270a185207543149c21da83202c4b73,CFG_LB_AL2395_B0V12_RAD_EDOF_EPD5,CAR_LB_AL2395_B0V12_RAD_EPD5,LB_AL2395,B0V12,RAD,EDOF,5.0,0.0,0.5,0.1588678164244472,0.1953999648324236,0.12764052366867779,0.11934034985495254,0.08849411364835938,0.06836071332151164,0.04472487277282187
task014-e270a185207543149c21da83202c4b73,CFG_LB_AL2395_B0V12_RAD_EDOF_EPD5,CAR_LB_AL2395_B0V12_RAD_EPD5,LB_AL2395,B0V12,RAD,EDOF,5.0,-0.25,0.25,0.16197298776430252,0.27785491362462644,0.16780653738302953,0.05348594739967104,0.0341192151185741,0.01602925989901753,0.020987578369523394
task014-e270a185207543149c21da83202c4b73,CFG_LB_AL2395_B0V12_RAD_EDOF_EPD5,CAR_LB_AL2395_B0V12_RAD_EPD5,LB_AL2395,B0V12,RAD,EDOF,5.0,-0.5,0.0,0.18604703545572818,0.28543098355194507,0.09222414184407893,0.0876958607572818,0.05862264778751035,0.09630926873173865,0.06264392735097196
task014-e270a185207543149c21da83202c4b73,CFG_LB_AL2395_B0V12_RAD_EDOF_EPD5,CAR_LB_AL2395_B0V12_RAD_EPD5,LB_AL2395,B0V12,RAD,EDOF,5.0,-0.75,-0.25,0.1564967800933344,0.2666242250123928,0.05750699288078278,0.08403714723598629,0.065590961976106,0.012403806217082704,0.00020642840434095371
task014-e270a185207543149c21da83202c4b73,CFG_LB_AL2395_B0V12_RAD_EDOF_EPD5,CAR_LB_AL2395_B0V12_RAD_EPD5,LB_AL2395,B0V12,RAD,EDOF,5.0,-1.0,-0.5,0.14746149911015635,0.17736177969504754,0.14499900834135873,0.022855007218713193,0.028993349575048476,0.015441244515057597,0.02662564309871293
task014-e270a185207543149c21da83202c4b73,CFG_LB_AL2395_B0V12_RAD_EDOF_EPD5,CAR_LB_AL2395_B0V12_RAD_EPD5,LB_AL2395,B0V12,RAD,EDOF,5.0,-1.25,-0.75,0.11039004321662974,0.06455118205492696,0.025172528153299942,0.07071397763692627,0.04840482878531631,0.004007019153047882,0.04281766923954182
task014-e270a185207543149c21da83202c4b73,CFG_LB_AL2395_B0V12_RAD_EDOF_EPD5,CAR_LB_AL2395_B0V12_RAD_EPD5,LB_AL2395,B0V12,RAD,EDOF,5.0,-1.5,-1.0,0.08610491873194534,0.09990834558122755,0.04536221737130226,0.04927286349001449,0.030204601581056013,0.020530271188266818,0.03914324338454786
task014-e270a185207543149c21da83202c4b73,CFG_LB_AL2395_B0V12_RAD_EDOF_EPD5,CAR_LB_AL2395_B0V12_RAD_EPD5,LB_AL2395,B0V12,RAD,EDOF,5.0,-1.75,-1.25,0.06702890198791969,0.11623759899686384,0.02550239631310803,0.011356279485667335,0.005589159144929795,0.017958238408095066,0.015422384947281605
task014-e270a185207543149c21da83202c4b73,CFG_LB_AL2395_B0V12_RAD_EDOF_EPD5,CAR_LB_AL2395_B0V12_RAD_EPD5,LB_AL2395,B0V12,RAD,EDOF,5.0,-2.0,-1.5,0.05737275240881381,0.05962694616820416,0.05908999806357158,0.018312284563977797,0.005786283609509397,0.005506953146560132,0.00030614590338933916
task014-e270a185207543149c21da83202c4b73,CFG_LB_AL2395_B0V12_RAD_EDOF_EPD5,CAR_LB_AL2395_B0V12_RAD_EPD5,LB_AL2395,B0V12,RAD,EDOF,5.0,-2.25,-1.75,0.053481055930317614,0.08733407299447488,0.05420250723915056,0.021858675628918328,0.0014936219684047267,0.005760194981290904,0.0046111848931591586
task014-e270a185207543149c21da83202c4b73,CFG_LB_AL2395_B0V12_RAD_EDOF_EPD5,CAR_LB_AL2395_B0V12_RAD_EPD5,LB_AL2395,B0V12,RAD,EDOF,5.0,-2.5,-2.0,0.05069622554111617,0.08798866554985954,0.032363832188473746,0.030600492821812195,4.876624968901597e-05,0.00811739118563031,0.0061208635627042355
task014-e270a185207543149c21da83202c4b73,CFG_LB_AL2395_B0V12_RAD_EDOF_EPD5,CAR_LB_AL2395_B0V12_RAD_EPD5,LB_AL2395,B0V12,RAD,EDOF,5.0,-2.75,-2.25,0.045359709614057914,0.048419102682917506,0.03258545010600762,0.0054148343136823365,0.0033380827681534393,0.0014273289059777393,0.0011926378857079283
task014-e270a185207543149c21da83202c4b73,CFG_LB_AL2395_B0V12_RAD_EDOF_EPD5,CAR_LB_AL2395_B0V12_RAD_EPD5,LB_AL2395,B0V12,RAD,EDOF,5.0,-3.0,-2.5,0.040909826002674184,0.06366212781438041,0.04585916156671831,0.009748797672018084,0.0022699169670183997,0.002304673920305771,0.00015604713460738191
task014-e270a185207543149c21da83202c4b73,CFG_LB_AL2395_B0V12_WFS_MONO_EPD3,CAR_LB_AL2395_B0V12_WFS_EPD3,LB_AL2395,B0V12,WFS,MONO,3.0,0.5,0.5,0.1605030242736852,0.3580485379051827,0.08477440005285208,0.02523176026191074,0.0017680388034909404,0.008665435305455323,0.013497224501217367
task014-e270a185207543149c21da83202c4b73,CFG_LB_AL2395_B0V12_WFS_MONO_EPD3,CAR_LB_AL2395_B0V12_WFS_EPD3,LB_AL2395,B0V12,WFS,MONO,3.0,0.25,0.25,0.3496948570474464,0.6522356228560019,0.40371499635649133,0.26844636076986994,0.17102661017691417,0.09388046411614266,0.043101850542916216
task014-e270a185207543149c21da83202c4b73,CFG_LB_AL2395_B0V12_WFS_MONO_EPD3,CAR_LB_AL2395_B0V12_WFS_EPD3,LB_AL2395,B0V12,WFS,MONO,3.0,0.0,0.0,0.5621885550643094,0.8198416507250734,0.6587691707373213,0.5265579310537664,0.4212267410144308,0.332343864667608,0.23667404978482146
task014-e270a185207543149c21da83202c4b73,CFG_LB_AL2395_B0V12_WFS_MONO_EPD3,CAR_LB_AL2395_B0V12_WFS_EPD3,LB_AL2395,B0V12,WFS,MONO,3.0,-0.25,-0.25,0.2997277983005057,0.7256108559934192,0.33713929797318626,0.10105118896218698,0.04092782851692398,0.05863792880682904,0.09886858604835404
task014-e270a185207543149c21da83202c4b73,CFG_LB_AL2395_B0V12_WFS_MONO_EPD3,CAR_LB_AL2395_B0V12_WFS_EPD3,LB_AL2395,B0V12,WFS,MONO,3.0,-0.5,-0.5,0.1727721413288073,0.39881755593255513,0.10575301318638596,0.068389579857896,0.0007556943024099484,0.0010650072702429916,0.011615720655340557
task014-e270a185207543149c21da83202c4b73,CFG_LB_AL2395_B0V12_WFS_MONO_EPD3,CAR_LB_AL2395_B0V12_WFS_EPD3,LB_AL2395,B0V12,WFS,MONO,3.0,-0.75,-0.75,0.13831047231309196,0.0295148605006746,0.06197753588238547,0.0708999164863477,0.02596113794301092,0.01690574028221116,0.019956052288419283
task014-e270a185207543149c21da83202c4b73,CFG_LB_AL2395_B0V12_WFS_MONO_EPD3,CAR_LB_AL2395_B0V12_WFS_EPD3,LB_AL2395,B0V12,WFS,MONO,3.0,-1.0,-1.0,0.10468017116778273,0.17435794431185717,0.08916876388731115,0.026228181682413813,0.01288535228283596,0.006417550150271159,0.006429463263183367
task014-e270a185207543149c21da83202c4b73,CFG_LB_AL2395_B0V12_WFS_MONO_EPD3,CAR_LB_AL2395_B0V12_WFS_EPD3,LB_AL2395,B0V12,WFS,MONO,3.0,-1.25,-1.25,0.08611467171328938,0.14814877643206234,0.003684096122705376,0.011295369242248445,0.01357493525886563,0.007883641217812189,0.0059315603285667925
task014-e270a185207543149c21da83202c4b73,CFG_LB_AL2395_B0V12_WFS_MONO_EPD3,CAR_LB_AL2395_B0V12_WFS_EPD3,LB_AL2395,B0V12,WFS,MONO,3.0,-1.5,-1.5,0.0709316769713172,0.0038116384447551906,0.03501044253775158,0.0031290779062384034,0.008438051936576277,0.004034542524879467,0.0013951998537390167
task014-e270a185207543149c21da83202c4b73,CFG_LB_AL2395_B0V12_WFS_MONO_EPD3,CAR_LB_AL2395_B0V12_WFS_EPD3,LB_AL2395,B0V12,WFS,MONO,3.0,-1.75,-1.75,0.06106935702424154,0.0910784987881367,0.03058232314493741,0.0060760121681911645,0.007291361534449378,0.005842973000571185,0.000648359546930093
task014-e270a185207543149c21da83202c4b73,CFG_LB_AL2395_B0V12_WFS_MONO_EPD3,CAR_LB_AL2395_B0V12_WFS_EPD3,LB_AL2395,B0V12,WFS,MONO,3.0,-2.0,-2.0,0.05344201913208764,0.06589899265188053,0.0015802121264759778,0.009979892199033683,0.006174536886710563,0.0038804201230411618,0.001749907216191254
task014-e270a185207543149c21da83202c4b73,CFG_LB_AL2395_B0V12_WFS_MONO_EPD3,CAR_LB_AL2395_B0V12_WFS_EPD3,LB_AL2395,B0V12,WFS,MONO,3.0,-2.25,-2.25,0.047001008157579495,0.01547918263379077,0.01520053420341271,0.007459265557984932,0.0063414197165340734,0.00326492849378067,0.0022864947949812185
task014-e270a185207543149c21da83202c4b73,CFG_LB_AL2395_B0V12_WFS_MONO_EPD3,CAR_LB_AL2395_B0V12_WFS_EPD3,LB_AL2395,B0V12,WFS,MONO,3.0,-2.5,-2.5,0.04204124197929933,0.051973019739764315,0.01657713934567379,0.008467451723980281,0.004391017804114984,0.0031178866533052635,0.0019595469415231606
task014-e270a185207543149c21da83202c4b73,CFG_LB_AL2395_B0V12_WFS_MONO_EPD3,CAR_LB_AL2395_B0V12_WFS_EPD3,LB_AL2395,B0V12,WFS,MONO,3.0,-2.75,-2.75,0.03823851819404249,0.01806397674530228,0.004932985913542386,0.007069905607204764,0.0037190276420090585,0.002255544423075131,0.002352611691918191
task014-e270a185207543149c21da83202c4b73,CFG_LB_AL2395_B0V12_WFS_MONO_EPD3,CAR_LB_AL2395_B0V12_WFS_EPD3,LB_AL2395,B0V12,WFS,MONO,3.0,-3.0,-3.0,0.03478871654992975,0.02769253152411879,0.006698727163322152,0.005749930239061573,0.0033965134217184864,0.0019138690589390502,0.0011972487932054004
task014-e270a185207543149c21da83202c4b73,CFG_LB_AL2395_B0V12_WFS_MONO_EPD5,CAR_LB_AL2395_B0V12_WFS_EPD5,LB_AL2395,B0V12,WFS,MONO,5.0,0.5,0.5,0.07235958215733544,0.1157142445634721,0.04637678986349554,0.02104714921891901,0.0060954058021714065,0.0008816795038698149,0.0015973230020265782
task014-e270a185207543149c21da83202c4b73,CFG_LB_AL2395_B0V12_WFS_MONO_EPD5,CAR_LB_AL2395_B0V12_WFS_EPD5,LB_AL2395,B0V12,WFS,MONO,5.0,0.25,0.25,0.12841322508115258,0.19216154134937247,0.12765262847517056,0.08881283780875436,0.051776121808067906,0.024029005053647766,0.007236266566637948
task014-e270a185207543149c21da83202c4b73,CFG_LB_AL2395_B0V12_WFS_MONO_EPD5,CAR_LB_AL2395_B0V12_WFS_EPD5,LB_AL2395,B0V12,WFS,MONO,5.0,0.0,0.0,0.216759538642027,0.27929447652296896,0.2106066486209368,0.1781520878810824,0.14076851507819743,0.10988208340570275,0.07462155565995507
task014-e270a185207543149c21da83202c4b73,CFG_LB_AL2395_B0V12_WFS_MONO_EPD5,CAR_LB_AL2395_B0V12_WFS_EPD5,LB_AL2395,B0V12,WFS,MONO,5.0,-0.25,-0.25,0.19709390034051644,0.3688283053218526,0.21263092389319294,0.1068600205093757,0.05739677567547669,0.0508636751244821,0.07036320689934895
task014-e270a185207543149c21da83202c4b73,CFG_LB_AL2395_B0V12_WFS_MONO_EPD5,CAR_LB_AL2395_B0V12_WFS_EPD5,LB_AL2395,B0V12,WFS,MONO,5.0,-0.5,-0.5,0.1489332020583505,0.34305500802635003,0.04945230416507296,0.010720978481062814,0.02353768130094279,0.04486067525647312,0.03626143179061642
task014-e270a185207543149c21da83202c4b73,CFG_LB_AL2395_B0V12_WFS_MONO_EPD5,CAR_LB_AL2395_B0V12_WFS_EPD5,LB_AL2395,B0V12,WFS,MONO,5.0,-0.75,-0.75,0.13414829255756514,0.19118853471590935,0.011995130236919692,0.09951108047009521,0.03339102919897544,0.0019800416805191815,0.004791282627751659
task014-e270a185207543149c21da83202c4b73,CFG_LB_AL2395_B0V12_WFS_MONO_EPD5,CAR_LB_AL2395_B0V12_WFS_EPD5,LB_AL2395,B0V12,WFS,MONO,5.0,-1.0,-1.0,0.13754089464486205,0.07167588595809883,0.1398112474092915,0.012542199197867861,0.06519218922540082,0.04510658995749885,0.014491610557074956
task014-e270a185207543149c21da83202c4b73,CFG_LB_AL2395_B0V12_WFS_MONO_EPD5,CAR_LB_AL2395_B0V12_WFS_EPD5,LB_AL2395,B0V12,WFS,MONO,5.0,-1.25,-1.25,0.12189282710088029,0.029097608627017258,0.04966360868812743,0.09417100352796658,0.005986306219914619,0.05324541459118288,0.01723319121716281
task014-e270a185207543149c21da83202c4b73,CFG_LB_AL2395_B0V12_WFS_MONO_EPD5,CAR_LB_AL2395_B0V12_WFS_EPD5,LB_AL2395,B0V12,WFS,MONO,5.0,-1.5,-1.5,0.08413619246535943,0.0352413750064683,0.010602867688499124,0.016335214559131655,0.0027355111774607158,0.03524711156532935,0.008503073100606977
task014-e270a185207543149c21da83202c4b73,CFG_LB_AL2395_B0V12_WFS_MONO_EPD5,CAR_LB_AL2395_B0V12_WFS_EPD5,LB_AL2395,B0V12,WFS,MONO,5.0,-1.75,-1.75,0.07212027345017774,0.09907320456765999,0.043619256661331436,0.020121704327625983,0.025357685765636694,0.02797308745354411,0.014352867976603147
task014-e270a185207543149c21da83202c4b73,CFG_LB_AL2395_B0V12_WFS_MONO_EPD5,CAR_LB_AL2395_B0V12_WFS_EPD5,LB_AL2395,B0V12,WFS,MONO,5.0,-2.0,-2.0,0.06645298816676107,0.07063205229390493,0.04162503427555524,0.018163847222514934,0.03218248556596989,0.022524543100863086,0.0031472590851751806
task014-e270a185207543149c21da83202c4b73,CFG_LB_AL2395_B0V12_WFS_MONO_EPD5,CAR_LB_AL2395_B0V12_WFS_EPD5,LB_AL2395,B0V12,WFS,MONO,5.0,-2.25,-2.25,0.061286267324310764,0.08311359139737007,0.051516785927377545,0.03462147977424344,0.02596471483499977,0.010132898061274381,0.008639506947615765
task014-e270a185207543149c21da83202c4b73,CFG_LB_AL2395_B0V12_WFS_MONO_EPD5,CAR_LB_AL2395_B0V12_WFS_EPD5,LB_AL2395,B0V12,WFS,MONO,5.0,-2.5,-2.5,0.05720221457685965,0.056815309422739387,0.05054379632196227,0.012215583906148495,0.019146230132078505,0.003762409606200976,0.002774003286733539
task014-e270a185207543149c21da83202c4b73,CFG_LB_AL2395_B0V12_WFS_MONO_EPD5,CAR_LB_AL2395_B0V12_WFS_EPD5,LB_AL2395,B0V12,WFS,MONO,5.0,-2.75,-2.75,0.05111396556341756,0.09440367166688181,0.045025137290459365,0.02256225796067595,0.015707483666081743,0.007190470774526129,0.001735317406123543
task014-e270a185207543149c21da83202c4b73,CFG_LB_AL2395_B0V12_WFS_MONO_EPD5,CAR_LB_AL2395_B0V12_WFS_EPD5,LB_AL2395,B0V12,WFS,MONO,5.0,-3.0,-3.0,0.043786690473962483,0.016062856777153193,0.028748558411898485,0.021077324609896995,0.011337959967686896,0.0015948338185692683,0.003030609511166375
task014-e270a185207543149c21da83202c4b73,CFG_LB_AL2395_B0V12_WFS_EDOF_EPD3,CAR_LB_AL2395_B0V12_WFS_EPD3,LB_AL2395,B0V12,WFS,EDOF,3.0,0.5,0.5,0.19662769037221536,0.2640914233039219,0.2329214825719354,0.12401286652400925,0.0555983512338199,0.011295943081296665,0.040267859176217315
task014-e270a185207543149c21da83202c4b73,CFG_LB_AL2395_B0V12_WFS_EDOF_EPD3,CAR_LB_AL2395_B0V12_WFS_EPD3,LB_AL2395,B0V12,WFS,EDOF,3.0,0.25,0.25,0.2746287984676802,0.4506955316448159,0.24036513046727162,0.20550653306458727,0.1477798698025951,0.10296182863837883,0.013895257469837358
task014-e270a185207543149c21da83202c4b73,CFG_LB_AL2395_B0V12_WFS_EDOF_EPD3,CAR_LB_AL2395_B0V12_WFS_EPD3,LB_AL2395,B0V12,WFS,EDOF,3.0,0.0,0.0,0.3577736457286352,0.6182491963082295,0.324239861928961,0.22624280205420597,0.18187547899544115,0.20852877233994166,0.1912843783398584
task014-e270a185207543149c21da83202c4b73,CFG_LB_AL2395_B0V12_WFS_EDOF_EPD3,CAR_LB_AL2395_B0V12_WFS_EPD3,LB_AL2395,B0V12,WFS,EDOF,3.0,-0.25,-0.25,0.24219392086428285,0.6151493167495055,0.2176554778101709,0.01690869656328301,0.04259797327487684,0.02587068990465878,0.12363046876080074
task014-e270a185207543149c21da83202c4b73,CFG_LB_AL2395_B0V12_WFS_EDOF_EPD3,CAR_LB_AL2395_B0V12_WFS_EPD3,LB_AL2395,B0V12,WFS,EDOF,3.0,-0.5,-0.5,0.20038810288212167,0.3930721610045801,0.003542053887414555,0.09403697545747011,0.10552136057735889,0.08928929438986005,0.0670218249157873
task014-e270a185207543149c21da83202c4b73,CFG_LB_AL2395_B0V12_WFS_EDOF_EPD3,CAR_LB_AL2395_B0V12_WFS_EPD3,LB_AL2395,B0V12,WFS,EDOF,3.0,-0.75,-0.75,0.1386356993961466,0.07018952892220805,0.04151390286551897,0.10258604721556058,0.018780374551194495,0.02008952653378273,0.012742750290892838
task014-e270a185207543149c21da83202c4b73,CFG_LB_AL2395_B0V12_WFS_EDOF_EPD3,CAR_LB_AL2395_B0V12_WFS_EPD3,LB_AL2395,B0V12,WFS,EDOF,3.0,-1.0,-1.0,0.10606499920828241,0.15241076471364967,0.13727105047659377,0.0353348594936287,0.007786388681273114,0.004877265234821954,0.015666966462355762
task014-e270a185207543149c21da83202c4b73,CFG_LB_AL2395_B0V12_WFS_EDOF_EPD3,CAR_LB_AL2395_B0V12_WFS_EPD3,LB_AL2395,B0V12,WFS,EDOF,3.0,-1.25,-1.25,0.08995412586056718,0.155760285329741,0.008250667191813268,0.02638404372767994,0.0033229407734012015,0.0025265692336904687,0.009772813900008413
task014-e270a185207543149c21da83202c4b73,CFG_LB_AL2395_B0V12_WFS_EDOF_EPD3,CAR_LB_AL2395_B0V12_WFS_EPD3,LB_AL2395,B0V12,WFS,EDOF,3.0,-1.5,-1.5,0.07746232592414555,0.0014150210522129157,0.0689355813903482,0.002574359812681313,0.0015886623956375097,0.002949201343199364,0.004405879483542427
task014-e270a185207543149c21da83202c4b73,CFG_LB_AL2395_B0V12_WFS_EDOF_EPD3,CAR_LB_AL2395_B0V12_WFS_EPD3,LB_AL2395,B0V12,WFS,EDOF,3.0,-1.75,-1.75,0.07063301619835635,0.14657924915946488,0.038994081016366984,0.008621354408962126,0.007086125540475693,0.004535496724689107,0.003491772180459079
task014-e270a185207543149c21da83202c4b73,CFG_LB_AL2395_B0V12_WFS_EDOF_EPD3,CAR_LB_AL2395_B0V12_WFS_EPD3,LB_AL2395,B0V12,WFS,EDOF,3.0,-2.0,-2.0,0.06151340381400728,0.15290234195988878,0.013117041397847745,0.0006110506727220232,0.002974979883182244,0.0015485316675151158,0.0009957112237334773
task014-e270a185207543149c21da83202c4b73,CFG_LB_AL2395_B0V12_WFS_EDOF_EPD3,CAR_LB_AL2395_B0V12_WFS_EPD3,LB_AL2395,B0V12,WFS,EDOF,3.0,-2.25,-2.25,0.05515833245691967,0.03976712852344298,0.03881096022704523,0.005449627769856315,0.004120563560012639,0.0009279151903289103,0.0015839875923127564
task014-e270a185207543149c21da83202c4b73,CFG_LB_AL2395_B0V12_WFS_EDOF_EPD3,CAR_LB_AL2395_B0V12_WFS_EPD3,LB_AL2395,B0V12,WFS,EDOF,3.0,-2.5,-2.5,0.0489097708952266,0.07347332234032079,0.015887405154308233,0.007967803115371559,0.0014514053007163193,0.0010892525212850333,0.0016812776917543525
task014-e270a185207543149c21da83202c4b73,CFG_LB_AL2395_B0V12_WFS_EDOF_EPD3,CAR_LB_AL2395_B0V12_WFS_EPD3,LB_AL2395,B0V12,WFS,EDOF,3.0,-2.75,-2.75,0.04476106063000407,0.09641365585718692,0.008435543840585204,0.007934271606262373,0.002173812807129455,0.0011301176937230108,0.002581866346225829
task014-e270a185207543149c21da83202c4b73,CFG_LB_AL2395_B0V12_WFS_EDOF_EPD3,CAR_LB_AL2395_B0V12_WFS_EPD3,LB_AL2395,B0V12,WFS,EDOF,3.0,-3.0,-3.0,0.040190276477598805,0.0416930641902195,0.015160188346629497,0.006277164752481645,0.0015784834019323091,0.0017104273555203762,0.0020000926635835945
task014-e270a185207543149c21da83202c4b73,CFG_LB_AL2395_B0V12_WFS_EDOF_EPD5,CAR_LB_AL2395_B0V12_WFS_EPD5,LB_AL2395,B0V12,WFS,EDOF,5.0,0.5,1.0,0.08758379079899699,0.08089517045209328,0.09766476410407053,0.05321415934644211,0.030328753656092,0.015153636842829964,0.004710018693323421
task014-e270a185207543149c21da83202c4b73,CFG_LB_AL2395_B0V12_WFS_EDOF_EPD5,CAR_LB_AL2395_B0V12_WFS_EPD5,LB_AL2395,B0V12,WFS,EDOF,5.0,0.25,0.75,0.10545317236287689,0.12111462711019061,0.0877814587558067,0.07512537000126471,0.043513141394968244,0.02669560953389997,0.0012220211212940965
task014-e270a185207543149c21da83202c4b73,CFG_LB_AL2395_B0V12_WFS_EDOF_EPD5,CAR_LB_AL2395_B0V12_WFS_EPD5,LB_AL2395,B0V12,WFS,EDOF,5.0,0.0,0.5,0.14122921760926174,0.20985630439703323,0.06894723044908063,0.0651852525265412,0.058336227562319945,0.06701223483673932,0.0639720526934837
task014-e270a185207543149c21da83202c4b73,CFG_LB_AL2395_B0V12_WFS_EDOF_EPD5,CAR_LB_AL2395_B0V12_WFS_EPD5,LB_AL2395,B0V12,WFS,EDOF,5.0,-0.25,0.25,0.15619992080498318,0.33136277209006465,0.1678871361690753,0.048503883981456934,0.0009112186339697986,0.012981619372943447,0.05291522434393857
task014-e270a185207543149c21da83202c4b73,CFG_LB_AL2395_B0V12_WFS_EDOF_EPD5,CAR_LB_AL2395_B0V12_WFS_EPD5,LB_AL2395,B0V12,WFS,EDOF,5.0,-0.5,0.0,0.20197887826871233,0.34052870344691943,0.11298755152789941,0.08574795884001912,0.1075698255916499,0.10731874348117723,0.09740511190100647
task014-e270a185207543149c21da83202c4b73,CFG_LB_AL2395_B0V12_WFS_EDOF_EPD5,CAR_LB_AL2395_B0V12_WFS_EPD5,LB_AL2395,B0V12,WFS,EDOF,5.0,-0.75,-0.25,0.12893827893370388,0.20422539473061455,0.02022141035952584,0.06871833725567308,0.0009636357952469559,0.01089799914544854,0.011220689895621834
task014-e270a185207543149c21da83202c4b73,CFG_LB_AL2395_B0V12_WFS_EDOF_EPD5,CAR_LB_AL2395_B0V12_WFS_EPD5,LB_AL2395,B0V12,WFS,EDOF,5.0,-1.0,-0.5,0.1395855569694594,0.07850791406806365,0.16311720885704273,0.037622346339933804,0.06222279570041819,0.019466213213320767,0.0016925016634361323
task014-e270a185207543149c21da83202c4b73,CFG_LB_AL2395_B0V12_WFS_EDOF_EPD5,CAR_LB_AL2395_B0V12_WFS_EPD5,LB_AL2395,B0V12,WFS,EDOF,5.0,-1.25,-0.75,0.12380821961030666,0.024759069587994988,0.06592783445980385,0.09253333118334105,0.028468575924334615,0.038343935017979516,0.0014678625283156218
task014-e270a185207543149c21da83202c4b73,CFG_LB_AL2395_B0V12_WFS_EDOF_EPD5,CAR_LB_AL2395_B0V12_WFS_EPD5,LB_AL2395,B0V12,WFS,EDOF,5.0,-1.5,-1.0,0.08729495694053704,0.03493742701123413,0.02295995364345549,0.030971039981484687,0.01574002560397574,0.02446518029440693,0.016731113682642455
task014-e270a185207543149c21da83202c4b73,CFG_LB_AL2395_B0V12_WFS_EDOF_EPD5,CAR_LB_AL2395_B0V12_WFS_EPD5,LB_AL2395,B0V12,WFS,EDOF,5.0,-1.75,-1.25,0.07536828774441018,0.11716958116487382,0.05661549386764637,0.044586916536071025,0.035679762796739276,0.019643302155958768,0.005530656742064898
task014-e270a185207543149c21da83202c4b73,CFG_LB_AL2395_B0V12_WFS_EDOF_EPD5,CAR_LB_AL2395_B0V12_WFS_EPD5,LB_AL2395,B0V12,WFS,EDOF,5.0,-2.0,-1.5,0.06811828867873336,0.10071826549352754,0.0355372196214024,0.0021173203052797032,0.037471033966939835,0.01980613935201845,0.011259058681800445
task014-e270a185207543149c21da83202c4b73,CFG_LB_AL2395_B0V12_WFS_EDOF_EPD5,CAR_LB_AL2395_B0V12_WFS_EPD5,LB_AL2395,B0V12,WFS,EDOF,5.0,-2.25,-1.75,0.06037690909143453,0.06042830400503487,0.03702545543485304,0.03305817220238516,0.021980521160945808,0.013554794070415646,0.0052646008564278795
task014-e270a185207543149c21da83202c4b73,CFG_LB_AL2395_B0V12_WFS_EDOF_EPD5,CAR_LB_AL2395_B0V12_WFS_EPD5,LB_AL2395,B0V12,WFS,EDOF,5.0,-2.5,-2.0,0.05415907913150193,0.057020309456467494,0.043369045642704336,0.008018279914447972,0.009851089268824957,0.0005644863232514989,0.00540901894726736
task014-e270a185207543149c21da83202c4b73,CFG_LB_AL2395_B0V12_WFS_EDOF_EPD5,CAR_LB_AL2395_B0V12_WFS_EPD5,LB_AL2395,B0V12,WFS,EDOF,5.0,-2.75,-2.25,0.04920954965616673,0.06981122239150003,0.043053885112414925,0.018307075715281274,0.008154313136096682,0.009540431143607028,0.0008604456193950819
task014-e270a185207543149c21da83202c4b73,CFG_LB_AL2395_B0V12_WFS_EDOF_EPD5,CAR_LB_AL2395_B0V12_WFS_EPD5,LB_AL2395,B0V12,WFS,EDOF,5.0,-3.0,-2.5,0.04295120519783512,0.013391043351921539,0.026316081658657068,0.02043982195529987,0.008283391698223376,0.006762022264456364,0.0029407244312998114
task014-e270a185207543149c21da83202c4b73,CFG_LB_AL2395_C0V12_HOA_MONO_EPD3,CAR_LB_AL2395_C0V12_HOA_EPD3,LB_AL2395,C0V12,HOA,MONO,3.0,0.5,0.5,0.15832096017075478,0.3666897650399169,0.0686070239881487,0.009114879120036504,0.007122122210511638,0.012840859785255197,0.01595420661120752
task014-e270a185207543149c21da83202c4b73,CFG_LB_AL2395_C0V12_HOA_MONO_EPD3,CAR_LB_AL2395_C0V12_HOA_EPD3,LB_AL2395,C0V12,HOA,MONO,3.0,0.25,0.25,0.3560373131563731,0.6698583581965698,0.4144740870117077,0.27049773367141816,0.17099229182372847,0.09718189209745104,0.05049720072273704
task014-e270a185207543149c21da83202c4b73,CFG_LB_AL2395_C0V12_HOA_MONO_EPD3,CAR_LB_AL2395_C0V12_HOA_EPD3,LB_AL2395,C0V12,HOA,MONO,3.0,0.0,0.0,0.5742418206688548,0.8327995250747484,0.6779636948809202,0.5446424755386934,0.43403840802570903,0.3390128094703559,0.24121659870791615
task014-e270a185207543149c21da83202c4b73,CFG_LB_AL2395_C0V12_HOA_MONO_EPD3,CAR_LB_AL2395_C0V12_HOA_EPD3,LB_AL2395,C0V12,HOA,MONO,3.0,-0.25,-0.25,0.3000712983478499,0.7253223179910125,0.33941855511930874,0.10542981072220313,0.04257362916799873,0.05601218074075877,0.09146642195201406
task014-e270a185207543149c21da83202c4b73,CFG_LB_AL2395_C0V12_HOA_MONO_EPD3,CAR_LB_AL2395_C0V12_HOA_EPD3,LB_AL2395,C0V12,HOA,MONO,3.0,-0.5,-0.5,0.17173820632055753,0.3896070575216655,0.10516187857628735,0.07050933564371852,0.005042026159380148,0.0012333397231666034,0.01287937049343692
task014-e270a185207543149c21da83202c4b73,CFG_LB_AL2395_C0V12_HOA_MONO_EPD3,CAR_LB_AL2395_C0V12_HOA_EPD3,LB_AL2395,C0V12,HOA,MONO,3.0,-0.75,-0.75,0.1348756548094139,0.023799618426716542,0.05835533712432897,0.06569802132036595,0.02397433270058727,0.015183433065755253,0.018861514227708966
task014-e270a185207543149c21da83202c4b73,CFG_LB_AL2395_C0V12_HOA_MONO_EPD3,CAR_LB_AL2395_C0V12_HOA_EPD3,LB_AL2395,C0V12,HOA,MONO,3.0,-1.0,-1.0,0.10208955867318278,0.16888223278476688,0.08302818694588249,0.025261747344618397,0.011974756915537295,0.005965242256072044,0.006917777714401361
task014-e270a185207543149c21da83202c4b73,CFG_LB_AL2395_C0V12_HOA_MONO_EPD3,CAR_LB_AL2395_C0V12_HOA_EPD3,LB_AL2395,C0V12,HOA,MONO,3.0,-1.25,-1.25,0.08370203924566795,0.13616834132773084,0.007172218941933779,0.011853609890850048,0.012437787236656395,0.007273591295038558,0.006167019812959691
task014-e270a185207543149c21da83202c4b73,CFG_LB_AL2395_C0V12_HOA_MONO_EPD3,CAR_LB_AL2395_C0V12_HOA_EPD3,LB_AL2395,C0V12,HOA,MONO,3.0,-1.5,-1.5,0.06905706545424421,0.0030959258195615846,0.02975929717743325,0.001418570758581663,0.007907347997395339,0.003625901493448671,0.0020270455246577104
task014-e270a185207543149c21da83202c4b73,CFG_LB_AL2395_C0V12_HOA_MONO_EPD3,CAR_LB_AL2395_C0V12_HOA_EPD3,LB_AL2395,C0V12,HOA,MONO,3.0,-1.75,-1.75,0.059301697586911985,0.08700678354488585,0.029363800653630152,0.0044918350508583275,0.006711773840020373,0.005424166555299752,0.0002487548194857171
task014-e270a185207543149c21da83202c4b73,CFG_LB_AL2395_C0V12_HOA_MONO_EPD3,CAR_LB_AL2395_C0V12_HOA_EPD3,LB_AL2395,C0V12,HOA,MONO,3.0,-2.0,-2.0,0.051864591169370734,0.05649792585433395,0.0044778472932168,0.008775182793502059,0.005676546203307306,0.0038087812621531753,0.0014577581159553044
task014-e270a185207543149c21da83202c4b73,CFG_LB_AL2395_C0V12_HOA_MONO_EPD3,CAR_LB_AL2395_C0V12_HOA_EPD3,LB_AL2395,C0V12,HOA,MONO,3.0,-2.25,-2.25,0.04569937887838063,0.019947063758602956,0.01223359674563344,0.006714762742853117,0.006064483658888475,0.0031191809377347267,0.0021584851093499296
task014-e270a185207543149c21da83202c4b73,CFG_LB_AL2395_C0V12_HOA_MONO_EPD3,CAR_LB_AL2395_C0V12_HOA_EPD3,LB_AL2395,C0V12,HOA,MONO,3.0,-2.5,-2.5,0.04110675802032549,0.04804889244341798,0.01591613976178852,0.007867355435836223,0.004309351211674652,0.0030418840673365616,0.0018685943276745337
task014-e270a185207543149c21da83202c4b73,CFG_LB_AL2395_C0V12_HOA_MONO_EPD3,CAR_LB_AL2395_C0V12_HOA_EPD3,LB_AL2395,C0V12,HOA,MONO,3.0,-2.75,-2.75,0.03718680092008644,0.011904615835461612,0.006600874414735344,0.006944558828043628,0.0035816401406693825,0.002253414410930971,0.002358490630924607
task014-e270a185207543149c21da83202c4b73,CFG_LB_AL2395_C0V12_HOA_MONO_EPD3,CAR_LB_AL2395_C0V12_HOA_EPD3,LB_AL2395,C0V12,HOA,MONO,3.0,-3.0,-3.0,0.0341024446303297,0.028613602395392977,0.004762710612658222,0.00599770784552179,0.003243536662149697,0.0017772833813062838,0.001378043433686763
task014-e270a185207543149c21da83202c4b73,CFG_LB_AL2395_C0V12_HOA_MONO_EPD5,CAR_LB_AL2395_C0V12_HOA_EPD5,LB_AL2395,C0V12,HOA,MONO,5.0,0.5,0.5,0.13313490647732923,0.1543270440134047,0.086149486034578,0.035200873101691905,0.017463631503002616,0.009611967993267202,0.018478030424862582
task014-e270a185207543149c21da83202c4b73,CFG_LB_AL2395_C0V12_HOA_MONO_EPD5,CAR_LB_AL2395_C0V12_HOA_EPD5,LB_AL2395,C0V12,HOA,MONO,5.0,0.25,0.25,0.1684001862322815,0.20064622709790655,0.11405282221329914,0.07481892792446909,0.0625613617489448,0.05835828915138275,0.04882232094809692
task014-e270a185207543149c21da83202c4b73,CFG_LB_AL2395_C0V12_HOA_MONO_EPD5,CAR_LB_AL2395_C0V12_HOA_EPD5,LB_AL2395,C0V12,HOA,MONO,5.0,0.0,0.0,0.3038020188572202,0.48013426461154207,0.2955684532220809,0.23124817322011695,0.20851449978146358,0.18302893414153726,0.13712986813274886
task014-e270a185207543149c21da83202c4b73,CFG_LB_AL2395_C0V12_HOA_MONO_EPD5,CAR_LB_AL2395_C0V12_HOA_EPD5,LB_AL2395,C0V12,HOA,MONO,5.0,-0.25,-0.25,0.2020524078242554,0.45667856494897446,0.27766725820419574,0.10889304597989215,0.02740721747660584,0.012522818553644063,0.030216090815475254
task014-e270a185207543149c21da83202c4b73,CFG_LB_AL2395_C0V12_HOA_MONO_EPD5,CAR_LB_AL2395_C0V12_HOA_EPD5,LB_AL2395,C0V12,HOA,MONO,5.0,-0.5,-0.5,0.11296348646370241,0.16651024633792624,0.09090808973974658,0.022857274842171985,0.030528953284604993,0.01886751058768252,0.014248003435326697
task014-e270a185207543149c21da83202c4b73,CFG_LB_AL2395_C0V12_HOA_MONO_EPD5,CAR_LB_AL2395_C0V12_HOA_EPD5,LB_AL2395,C0V12,HOA,MONO,5.0,-0.75,-0.75,0.07688279557816004,0.019668602565591452,0.00912477681100512,0.031176019836334553,0.014549851370765737,0.0029925284295672476,0.001628321579226445
task014-e270a185207543149c21da83202c4b73,CFG_LB_AL2395_C0V12_HOA_MONO_EPD5,CAR_LB_AL2395_C0V12_HOA_EPD5,LB_AL2395,C0V12,HOA,MONO,5.0,-1.0,-1.0,0.05910732746965434,0.09889683068081997,0.04619643168759168,0.01043395742537179,0.00218727244982333,0.003825726000978059,0.0032440749532600096
task014-e270a185207543149c21da83202c4b73,CFG_LB_AL2395_C0V12_HOA_MONO_EPD5,CAR_LB_AL2395_C0V12_HOA_EPD5,LB_AL2395,C0V12,HOA,MONO,5.0,-1.25,-1.25,0.04581167855100694,0.06664510077364129,0.030941233356902336,0.0022827064928418934,0.004163568346834609,0.00023493147835700845,0.0004212795353636263
task014-e270a185207543149c21da83202c4b73,CFG_LB_AL2395_C0V12_HOA_MONO_EPD5,CAR_LB_AL2395_C0V12_HOA_EPD5,LB_AL2395,C0V12,HOA,MONO,5.0,-1.5,-1.5,0.037205817979645506,0.05235044255805511,0.009502304637031557,0.004442724683037174,0.0025707723483507907,0.0018638916029017818,0.0009609393397292321
task014-e270a185207543149c21da83202c4b73,CFG_LB_AL2395_C0V12_HOA_MONO_EPD5,CAR_LB_AL2395_C0V12_HOA_EPD5,LB_AL2395,C0V12,HOA,MONO,5.0,-1.75,-1.75,0.029823715571875,0.04752169122806823,0.0037532926108233503,0.00265068601601712,0.0018990059173260509,0.0005868010529563335,0.0018810754731910916
task014-e270a185207543149c21da83202c4b73,CFG_LB_AL2395_C0V12_HOA_MONO_EPD5,CAR_LB_AL2395_C0V12_HOA_EPD5,LB_AL2395,C0V12,HOA,MONO,5.0,-2.0,-2.0,0.02587416252530302,0.025607256896012516,0.006364853794374031,0.001284409108733349,3.022239829136259e-06,0.0013255688091512237,0.0004376803631252435
task014-e270a185207543149c21da83202c4b73,CFG_LB_AL2395_C0V12_HOA_MONO_EPD5,CAR_LB_AL2395_C0V12_HOA_EPD5,LB_AL2395,C0V12,HOA,MONO,5.0,-2.25,-2.25,0.022118211122068302,0.020036700541636962,0.0037605910340713063,0.0002889445116400998,0.00012620099008969253,0.0004418979745813777,4.999770536638156e-05
task014-e270a185207543149c21da83202c4b73,CFG_LB_AL2395_C0V12_HOA_MONO_EPD5,CAR_LB_AL2395_C0V12_HOA_EPD5,LB_AL2395,C0V12,HOA,MONO,5.0,-2.5,-2.5,0.020926069079435963,0.008746094865898694,0.0005191758616516011,0.001974609731780243,0.0006361664694994914,0.001012991258280543,0.0009106978737994163
task014-e270a185207543149c21da83202c4b73,CFG_LB_AL2395_C0V12_HOA_MONO_EPD5,CAR_LB_AL2395_C0V12_HOA_EPD5,LB_AL2395,C0V12,HOA,MONO,5.0,-2.75,-2.75,0.018192059209926236,0.010054654685942105,0.0013063235800125051,0.0018555926610748204,0.0009378181745822079,0.000634744444739796,0.000729112278828605
task014-e270a185207543149c21da83202c4b73,CFG_LB_AL2395_C0V12_HOA_MONO_EPD5,CAR_LB_AL2395_C0V12_HOA_EPD5,LB_AL2395,C0V12,HOA,MONO,5.0,-3.0,-3.0,0.015717114417815793,0.007548467323440752,0.00024293636388327095,0.0007590461362252587,0.0006792621461090693,0.0018114244015201052,8.77490235969778e-05
task014-e270a185207543149c21da83202c4b73,CFG_LB_AL2395_C0V12_HOA_EDOF_EPD3,CAR_LB_AL2395_C0V12_HOA_EPD3,LB_AL2395,C0V12,HOA,EDOF,3.0,0.5,0.75,0.08612450455368362,0.04351094999445208,0.04751111731109399,0.04245136505778915,0.03563411547191923,0.019440168962269626,0.018526901984742522
task014-e270a185207543149c21da83202c4b73,CFG_LB_AL2395_C0V12_HOA_EDOF_EPD3,CAR_LB_AL2395_C0V12_HOA_EPD3,LB_AL2395,C0V12,HOA,EDOF,3.0,0.25,0.5,0.06791329797086629,0.07034273802902805,0.020673273444169023,0.008013851577820814,0.007748307181079189,0.0008562173893734532,0.027595606042511538
task014-e270a185207543149c21da83202c4b73,CFG_LB_AL2395_C0V12_HOA_EDOF_EPD3,CAR_LB_AL2395_C0V12_HOA_EPD3,LB_AL2395,C0V12,HOA,EDOF,3.0,0.0,0.25,0.09390052439286195,0.1270809071116417,0.050533368713857066,0.025981730870769083,0.03598138756569952,0.030772299691755198,0.0229855784558875
task014-e270a185207543149c21da83202c4b73,CFG_LB_AL2395_C0V12_HOA_EDOF_EPD3,CAR_LB_AL2395_C0V12_HOA_EPD3,LB_AL2395,C0V12,HOA,EDOF,3.0,-0.25,0.0,0.1495285277418367,0.17914181986566025,0.15406166986890793,0.11796822372228669,0.06847308415668014,0.07170390885306513,0.09189310054410675
task014-e270a185207543149c21da83202c4b73,CFG_LB_AL2395_C0V12_HOA_EDOF_EPD3,CAR_LB_AL2395_C0V12_HOA_EPD3,LB_AL2395,C0V12,HOA,EDOF,3.0,-0.5,-0.25,0.11036755751231865,0.18155006362736717,0.08112287718085973,0.048637866281150716,0.04632544411738894,0.015328357718391486,0.029210905429415093
task014-e270a185207543149c21da83202c4b73,CFG_LB_AL2395_C0V12_HOA_EDOF_EPD3,CAR_LB_AL2395_C0V12_HOA_EPD3,LB_AL2395,C0V12,HOA,EDOF,3.0,-0.75,-0.5,0.08192485401396767,0.1225853836036229,0.020818603463659432,0.012521916111618021,0.04665989242036783,0.007429045570802649,0.0027952698492351704
task014-e270a185207543149c21da83202c4b73,CFG_LB_AL2395_C0V12_HOA_EDOF_EPD3,CAR_LB_AL2395_C0V12_HOA_EPD3,LB_AL2395,C0V12,HOA,EDOF,3.0,-1.0,-0.75,0.0831926365891338,0.04107843724876263,0.041289186090348,0.045079976132692504,0.05276474246641409,0.028025503284518312,0.0432352340963295
task014-e270a185207543149c21da83202c4b73,CFG_LB_AL2395_C0V12_HOA_EDOF_EPD3,CAR_LB_AL2395_C0V12_HOA_EPD3,LB_AL2395,C0V12,HOA,EDOF,3.0,-1.25,-1.0,0.06569804066638817,0.004763503173622144,0.0784430550249066,0.015176485247699236,0.023259336982423356,0.027580275958214922,0.02099516741921259
task014-e270a185207543149c21da83202c4b73,CFG_LB_AL2395_C0V12_HOA_EDOF_EPD3,CAR_LB_AL2395_C0V12_HOA_EPD3,LB_AL2395,C0V12,HOA,EDOF,3.0,-1.5,-1.25,0.05786523734433998,0.009541755167027072,0.01316208252728883,0.022718501813043756,0.016254131107392794,0.016528914112401847,0.006005353244639791
task014-e270a185207543149c21da83202c4b73,CFG_LB_AL2395_C0V12_HOA_EDOF_EPD3,CAR_LB_AL2395_C0V12_HOA_EPD3,LB_AL2395,C0V12,HOA,EDOF,3.0,-1.75,-1.5,0.04723825943169749,0.05230722487336837,0.013822311704621983,0.01019581201423038,0.001438343586631612,0.0033263478477890034,0.013604956337811853
task014-e270a185207543149c21da83202c4b73,CFG_LB_AL2395_C0V12_HOA_EDOF_EPD3,CAR_LB_AL2395_C0V12_HOA_EPD3,LB_AL2395,C0V12,HOA,EDOF,3.0,-2.0,-1.75,0.0407665539245229,0.06885823478981334,0.022497679791513923,0.00955878873528434,0.002743878811545651,0.014727919792970343,0.0010566251320411643
task014-e270a185207543149c21da83202c4b73,CFG_LB_AL2395_C0V12_HOA_EDOF_EPD3,CAR_LB_AL2395_C0V12_HOA_EPD3,LB_AL2395,C0V12,HOA,EDOF,3.0,-2.25,-2.0,0.04339027306940416,0.038127764757038614,0.0021138464541606517,0.029357051805148835,0.0026493977341323126,0.005119181364086942,0.014614084743153528
task014-e270a185207543149c21da83202c4b73,CFG_LB_AL2395_C0V12_HOA_EDOF_EPD3,CAR_LB_AL2395_C0V12_HOA_EPD3,LB_AL2395,C0V12,HOA,EDOF,3.0,-2.5,-2.25,0.04392041626583379,0.006552172346997681,0.041328036820801495,0.015231743410296959,0.001712764421359103,0.04056439844072709,0.004492323564493141
task014-e270a185207543149c21da83202c4b73,CFG_LB_AL2395_C0V12_HOA_EDOF_EPD3,CAR_LB_AL2395_C0V12_HOA_EPD3,LB_AL2395,C0V12,HOA,EDOF,3.0,-2.75,-2.5,0.0407129748188225,0.01562903738632803,0.04298717069188174,0.017605355568923946,0.018510837361163456,0.0018804674621954935,0.009756209639754508
task014-e270a185207543149c21da83202c4b73,CFG_LB_AL2395_C0V12_HOA_EDOF_EPD3,CAR_LB_AL2395_C0V12_HOA_EPD3,LB_AL2395,C0V12,HOA,EDOF,3.0,-3.0,-2.75,0.033406360385904936,0.020665783520004484,0.02257311116955288,0.0015980676474769298,0.0019368811592718924,0.010368807417106229,0.0018474936968237033
task014-e270a185207543149c21da83202c4b73,CFG_LB_AL2395_C0V12_HOA_EDOF_EPD5,CAR_LB_AL2395_C0V12_HOA_EPD5,LB_AL2395,C0V12,HOA,EDOF,5.0,0.5,0.75,0.09486961203644191,0.037766663402340014,0.04275023788422708,0.03413142355998734,0.020197940126307518,0.0021869334754475254,0.0029721112618988363
task014-e270a185207543149c21da83202c4b73,CFG_LB_AL2395_C0V12_HOA_EDOF_EPD5,CAR_LB_AL2395_C0V12_HOA_EPD5,LB_AL2395,C0V12,HOA,EDOF,5.0,0.25,0.5,0.08263726423625041,0.015383860754588967,0.012510198737174174,0.029922302397086334,0.016421385727193136,0.00664432987601138,0.008872046501941332
task014-e270a185207543149c21da83202c4b73,CFG_LB_AL2395_C0V12_HOA_EDOF_EPD5,CAR_LB_AL2395_C0V12_HOA_EPD5,LB_AL2395,C0V12,HOA,EDOF,5.0,0.0,0.25,0.09918522406967331,0.22767251401120386,0.05015616891693013,0.008958285376439324,0.020990091791468712,0.009159251611051997,0.01206077212308365
task014-e270a185207543149c21da83202c4b73,CFG_LB_AL2395_C0V12_HOA_EDOF_EPD5,CAR_LB_AL2395_C0V12_HOA_EPD5,LB_AL2395,C0V12,HOA,EDOF,5.0,-0.25,0.0,0.16939108517357823,0.2646202156592925,0.17063739002858364,0.13584245791661254,0.06634143258836588,0.08319904575692294,0.08224510902933406
task014-e270a185207543149c21da83202c4b73,CFG_LB_AL2395_C0V12_HOA_EDOF_EPD5,CAR_LB_AL2395_C0V12_HOA_EPD5,LB_AL2395,C0V12,HOA,EDOF,5.0,-0.5,-0.25,0.08354472999752459,0.09714231442022231,0.04898930863492751,0.028183637294459454,0.008068117703086748,0.020967048924471095,0.009789965980516093
task014-e270a185207543149c21da83202c4b73,CFG_LB_AL2395_C0V12_HOA_EDOF_EPD5,CAR_LB_AL2395_C0V12_HOA_EPD5,LB_AL2395,C0V12,HOA,EDOF,5.0,-0.75,-0.5,0.051808366002928506,0.01974090596167291,0.033513560143767794,0.009449260781202208,0.005104752063350294,0.006880129133325708,0.005712612197234859
task014-e270a185207543149c21da83202c4b73,CFG_LB_AL2395_C0V12_HOA_EDOF_EPD5,CAR_LB_AL2395_C0V12_HOA_EPD5,LB_AL2395,C0V12,HOA,EDOF,5.0,-1.0,-0.75,0.04220089887017004,0.022770990720655034,0.01965338935855384,0.0032863893241871353,0.003478932108139313,0.00042030447822800606,0.012463144368461177
task014-e270a185207543149c21da83202c4b73,CFG_LB_AL2395_C0V12_HOA_EDOF_EPD5,CAR_LB_AL2395_C0V12_HOA_EPD5,LB_AL2395,C0V12,HOA,EDOF,5.0,-1.25,-1.0,0.04162556371492113,0.022043702666944116,0.03186213249825093,0.02808070806266929,0.008065514848471992,0.011724270417105814,0.005476962704956271
task014-e270a185207543149c21da83202c4b73,CFG_LB_AL2395_C0V12_HOA_EDOF_EPD5,CAR_LB_AL2395_C0V12_HOA_EPD5,LB_AL2395,C0V12,HOA,EDOF,5.0,-1.5,-1.25,0.03404892843502714,0.05180127783036123,0.0005028279145914351,0.012743147354772376,0.0017600427093473912,0.009192028787567637,0.001266277170603129
task014-e270a185207543149c21da83202c4b73,CFG_LB_AL2395_C0V12_HOA_EDOF_EPD5,CAR_LB_AL2395_C0V12_HOA_EPD5,LB_AL2395,C0V12,HOA,EDOF,5.0,-1.75,-1.5,0.027708116185198854,0.035245518137766385,0.015458072302188198,0.008247145005924765,0.0010704761641589257,0.0005279942778174465,0.0038065969188770974
task014-e270a185207543149c21da83202c4b73,CFG_LB_AL2395_C0V12_HOA_EDOF_EPD5,CAR_LB_AL2395_C0V12_HOA_EPD5,LB_AL2395,C0V12,HOA,EDOF,5.0,-2.0,-1.75,0.024812958257331173,0.018391475800024773,0.005302547763652533,0.007304483480157038,0.0009917059280726787,0.00974037586735053,0.0036460888353896646
task014-e270a185207543149c21da83202c4b73,CFG_LB_AL2395_C0V12_HOA_EDOF_EPD5,CAR_LB_AL2395_C0V12_HOA_EPD5,LB_AL2395,C0V12,HOA,EDOF,5.0,-2.25,-2.0,0.023873829475438046,0.003064012230023448,0.007429844184485884,0.0029555587327259316,0.0015528704751079378,0.002150161646287044,0.0032420501656221686
task014-e270a185207543149c21da83202c4b73,CFG_LB_AL2395_C0V12_HOA_EDOF_EPD5,CAR_LB_AL2395_C0V12_HOA_EPD5,LB_AL2395,C0V12,HOA,EDOF,5.0,-2.5,-2.25,0.02419403042572409,0.023115439880683344,0.011367892059533466,0.017342945147971585,0.0018513214042142788,0.016885733334378056,0.00522368942191696
task014-e270a185207543149c21da83202c4b73,CFG_LB_AL2395_C0V12_HOA_EDOF_EPD5,CAR_LB_AL2395_C0V12_HOA_EPD5,LB_AL2395,C0V12,HOA,EDOF,5.0,-2.75,-2.5,0.019680727834152166,0.006516423498714399,0.01725109755863461,0.003520441498754763,0.007873477992108888,0.0006424169032190602,0.0016557206566120567
task014-e270a185207543149c21da83202c4b73,CFG_LB_AL2395_C0V12_HOA_EDOF_EPD5,CAR_LB_AL2395_C0V12_HOA_EPD5,LB_AL2395,C0V12,HOA,EDOF,5.0,-3.0,-2.75,0.01727989315429771,0.011606667647121368,0.010519567991537278,0.00017309737536143485,0.0003043814388090884,0.004973216514593407,0.0011055998903840383
task014-e270a185207543149c21da83202c4b73,CFG_LB_AL2395_C0V12_RAD_MONO_EPD3,CAR_LB_AL2395_C0V12_RAD_EPD3,LB_AL2395,C0V12,RAD,MONO,3.0,0.5,0.5,0.1584869757067681,0.35197052495656295,0.03215964806850739,0.04972946010323347,0.02087477598547166,0.011735495530992289,0.015390168078063203
task014-e270a185207543149c21da83202c4b73,CFG_LB_AL2395_C0V12_RAD_MONO_EPD3,CAR_LB_AL2395_C0V12_RAD_EPD3,LB_AL2395,C0V12,RAD,MONO,3.0,0.25,0.25,0.3183324988786953,0.6928255455317647,0.3703426153392732,0.1813329678941107,0.09261086773746555,0.059327227172553634,0.05228087070631371
task014-e270a185207543149c21da83202c4b73,CFG_LB_AL2395_C0V12_RAD_MONO_EPD3,CAR_LB_AL2395_C0V12_RAD_EPD3,LB_AL2395,C0V12,RAD,MONO,3.0,0.0,0.0,0.6048174978855549,0.8621107190574074,0.7269132251072882,0.5966331519508353,0.4714213006470566,0.3530237214920199,0.24313665395961442
task014-e270a185207543149c21da83202c4b73,CFG_LB_AL2395_C0V12_RAD_MONO_EPD3,CAR_LB_AL2395_C0V12_RAD_EPD3,LB_AL2395,C0V12,RAD,MONO,3.0,-0.25,-0.25,0.35192704249580575,0.7391435316804993,0.4179868018480521,0.2100082238487092,0.11843038613725056,0.09234491054146,0.09086072928808157
task014-e270a185207543149c21da83202c4b73,CFG_LB_AL2395_C0V12_RAD_MONO_EPD3,CAR_LB_AL2395_C0V12_RAD_EPD3,LB_AL2395,C0V12,RAD,MONO,3.0,-0.5,-0.5,0.17640594228229306,0.3967183272230471,0.04728395393037194,0.07326369667239824,0.03370390864443949,0.020986960466796604,0.020295071162148532
task014-e270a185207543149c21da83202c4b73,CFG_LB_AL2395_C0V12_RAD_MONO_EPD3,CAR_LB_AL2395_C0V12_RAD_EPD3,LB_AL2395,C0V12,RAD,MONO,3.0,-0.75,-0.75,0.12398161531403001,0.04923823796946974,0.050043829812563126,0.042907129288021886,0.02558550135093593,0.017146902974523086,0.016226828968919523
task014-e270a185207543149c21da83202c4b73,CFG_LB_AL2395_C0V12_RAD_MONO_EPD3,CAR_LB_AL2395_C0V12_RAD_EPD3,LB_AL2395,C0V12,RAD,MONO,3.0,-1.0,-1.0,0.09245234633148429,0.11805777237622593,0.05476605363903931,0.016100458929004236,0.013349552695117181,0.008668885235288427,0.006849719701541949
task014-e270a185207543149c21da83202c4b73,CFG_LB_AL2395_C0V12_RAD_MONO_EPD3,CAR_LB_AL2395_C0V12_RAD_EPD3,LB_AL2395,C0V12,RAD,MONO,3.0,-1.25,-1.25,0.07463338485783716,0.08551639676262511,0.011264274701369125,0.008511684922477038,0.01184939448926242,0.00827268817984432,0.005066615697476301
task014-e270a185207543149c21da83202c4b73,CFG_LB_AL2395_C0V12_RAD_MONO_EPD3,CAR_LB_AL2395_C0V12_RAD_EPD3,LB_AL2395,C0V12,RAD,MONO,3.0,-1.5,-1.5,0.061913646115690654,0.019392862838002976,0.014105602312201976,0.00024410541284018415,0.008256297414168483,0.004638952875972106,0.0016921491143875036
task014-e270a185207543149c21da83202c4b73,CFG_LB_AL2395_C0V12_RAD_MONO_EPD3,CAR_LB_AL2395_C0V12_RAD_EPD3,LB_AL2395,C0V12,RAD,MONO,3.0,-1.75,-1.75,0.053183583616508906,0.0633005374425791,0.021797826293213234,0.0022864814156570326,0.0065497694337907295,0.0056336466855019885,0.0008357231463831481
task014-e270a185207543149c21da83202c4b73,CFG_LB_AL2395_C0V12_RAD_MONO_EPD3,CAR_LB_AL2395_C0V12_RAD_EPD3,LB_AL2395,C0V12,RAD,MONO,3.0,-2.0,-2.0,0.04679398381371174,0.02320174511278637,0.009860841225478638,0.006572338281804329,0.00528211689319975,0.004571743124853568,0.002018095330348722
task014-e270a185207543149c21da83202c4b73,CFG_LB_AL2395_C0V12_RAD_MONO_EPD3,CAR_LB_AL2395_C0V12_RAD_EPD3,LB_AL2395,C0V12,RAD,MONO,3.0,-2.25,-2.25,0.0412866538110004,0.02852769607838603,0.0032584528260353094,0.005219628697431848,0.005858315388797776,0.003426559842802162,0.0024485443123237437
task014-e270a185207543149c21da83202c4b73,CFG_LB_AL2395_C0V12_RAD_MONO_EPD3,CAR_LB_AL2395_C0V12_RAD_EPD3,LB_AL2395,C0V12,RAD,MONO,3.0,-2.5,-2.5,0.0371511376456365,0.02925295478504162,0.011311854167325022,0.006081186304978967,0.0046378574323093,0.0033260611524049454,0.0019322179554783498
task014-e270a185207543149c21da83202c4b73,CFG_LB_AL2395_C0V12_RAD_MONO_EPD3,CAR_LB_AL2395_C0V12_RAD_EPD3,LB_AL2395,C0V12,RAD,MONO,3.0,-2.75,-2.75,0.03425963708802629,0.007038966723970851,0.009423554645283041,0.0059387372009241796,0.0035870107423396458,0.0023919190735982466,0.002068522366978396
task014-e270a185207543149c21da83202c4b73,CFG_LB_AL2395_C0V12_RAD_MONO_EPD3,CAR_LB_AL2395_C0V12_RAD_EPD3,LB_AL2395,C0V12,RAD,MONO,3.0,-3.0,-3.0,0.03135577627701528,0.025687177835151672,0.0010451440289644827,0.0059299992896286804,0.0031211164739654005,0.001775526197049853,0.0009995297474611803
task014-e270a185207543149c21da83202c4b73,CFG_LB_AL2395_C0V12_RAD_MONO_EPD5,CAR_LB_AL2395_C0V12_RAD_EPD5,LB_AL2395,C0V12,RAD,MONO,5.0,0.5,0.5,0.10581018870812668,0.16291722637000422,0.015097307490364077,0.04548018674171966,0.04232369618511982,0.029051570375802534,0.020900691428901056
task014-e270a185207543149c21da83202c4b73,CFG_LB_AL2395_C0V12_RAD_MONO_EPD5,CAR_LB_AL2395_C0V12_RAD_EPD5,LB_AL2395,C0V12,RAD,MONO,5.0,0.25,0.25,0.15171279819319852,0.3279773700094376,0.11822259110065321,0.001955443335823731,0.03232195242604132,0.03397740022160973,0.029668675609385204
task014-e270a185207543149c21da83202c4b73,CFG_LB_AL2395_C0V12_RAD_MONO_EPD5,CAR_LB_AL2395_C0V12_RAD_EPD5,LB_AL2395,C0V12,RAD,MONO,5.0,0.0,0.0,0.35438925900809815,0.46578076126190576,0.40618424867528824,0.3401612343882078,0.2828244628777797,0.2284293733752262,0.17625664212560463
task014-e270a185207543149c21da83202c4b73,CFG_LB_AL2395_C0V12_RAD_MONO_EPD5,CAR_LB_AL2395_C0V12_RAD_EPD5,LB_AL2395,C0V12,RAD,MONO,5.0,-0.25,-0.25,0.13958953675467342,0.35649874502049395,0.1479399657256085,0.039522439747777846,5.141197694007853e-05,0.006229843834067945,0.0003407633720747804
task014-e270a185207543149c21da83202c4b73,CFG_LB_AL2395_C0V12_RAD_MONO_EPD5,CAR_LB_AL2395_C0V12_RAD_EPD5,LB_AL2395,C0V12,RAD,MONO,5.0,-0.5,-0.5,0.07638279609765938,0.08945075520022276,0.0555789214644662,0.004476834003330074,0.0055236413683433655,0.00445414905873228,0.00465184419853729
task014-e270a185207543149c21da83202c4b73,CFG_LB_AL2395_C0V12_RAD_MONO_EPD5,CAR_LB_AL2395_C0V12_RAD_EPD5,LB_AL2395,C0V12,RAD,MONO,5.0,-0.75,-0.75,0.05266336818598058,0.03366794299395098,0.015381105083985595,0.0058638246982630655,0.006363101178985935,0.00019830727420440126,0.00029472924928598853
task014-e270a185207543149c21da83202c4b73,CFG_LB_AL2395_C0V12_RAD_MONO_EPD5,CAR_LB_AL2395_C0V12_RAD_EPD5,LB_AL2395,C0V12,RAD,MONO,5.0,-1.0,-1.0,0.039538155305285934,0.036309151231202264,0.001757216702263888,0.00014964516666446365,0.0007717652824942289,0.0014932758674702695,0.0022698620923091856
task014-e270a185207543149c21da83202c4b73,CFG_LB_AL2395_C0V12_RAD_MONO_EPD5,CAR_LB_AL2395_C0V12_RAD_EPD5,LB_AL2395,C0V12,RAD,MONO,5.0,-1.25,-1.25,0.032022670809586214,0.007981223836152667,0.006902865967960928,5.2912914418392905e-05,0.0015232265585958667,0.0012299554504487898,0.0007237232560844952
task014-e270a185207543149c21da83202c4b73,CFG_LB_AL2395_C0V12_RAD_MONO_EPD5,CAR_LB_AL2395_C0V12_RAD_EPD5,LB_AL2395,C0V12,RAD,MONO,5.0,-1.5,-1.5,0.0266046824092955,0.020576512412082915,0.006666733081313527,0.001524975322788068,0.0003534939917234483,0.001104106743815466,0.00039446710704384657
task014-e270a185207543149c21da83202c4b73,CFG_LB_AL2395_C0V12_RAD_MONO_EPD5,CAR_LB_AL2395_C0V12_RAD_EPD5,LB_AL2395,C0V12,RAD,MONO,5.0,-1.75,-1.75,0.023747883932989964,0.006826631050434597,0.00262721866983934,0.002566770426885089,0.00010922427613605976,0.0005238275350917538,0.0006386579423830231
task014-e270a185207543149c21da83202c4b73,CFG_LB_AL2395_C0V12_RAD_MONO_EPD5,CAR_LB_AL2395_C0V12_RAD_EPD5,LB_AL2395,C0V12,RAD,MONO,5.0,-2.0,-2.0,0.02007467681487158,0.008201111215598265,0.0005891189595979272,0.00246973384605307,0.0005960469217992912,0.0008328680378753997,0.0005852436390907384
task014-e270a185207543149c21da83202c4b73,CFG_LB_AL2395_C0V12_RAD_MONO_EPD5,CAR_LB_AL2395_C0V12_RAD_EPD5,LB_AL2395,C0V12,RAD,MONO,5.0,-2.25,-2.25,0.018006381954512565,0.008616473684451582,0.001862736361091168,0.0004978677085415694,0.00038313409728955633,0.0004784617534392976,0.00015948721214255443
task014-e270a185207543149c21da83202c4b73,CFG_LB_AL2395_C0V12_RAD_MONO_EPD5,CAR_LB_AL2395_C0V12_RAD_EPD5,LB_AL2395,C0V12,RAD,MONO,5.0,-2.5,-2.5,0.015622433723914466,0.0038618770524015047,0.0005926680618667431,0.00011510649335995747,1.9287409747799303e-05,0.0006922061942012094,0.0014768039725403183
task014-e270a185207543149c21da83202c4b73,CFG_LB_AL2395_C0V12_RAD_MONO_EPD5,CAR_LB_AL2395_C0V12_RAD_EPD5,LB_AL2395,C0V12,RAD,MONO,5.0,-2.75,-2.75,0.013388189731146239,0.008794260553029076,0.00046004990924300844,0.00015831029402287337,0.00046080774301053605,0.0010429682682681087,0.0008361520493991347
task014-e270a185207543149c21da83202c4b73,CFG_LB_AL2395_C0V12_RAD_MONO_EPD5,CAR_LB_AL2395_C0V12_RAD_EPD5,LB_AL2395,C0V12,RAD,MONO,5.0,-3.0,-3.0,0.014275245290830222,0.008379927891415152,0.001328678035655929,0.0004704041036172731,0.001145222370536672,0.00011500306676286395,0.0003240376544139921
task014-e270a185207543149c21da83202c4b73,CFG_LB_AL2395_C0V12_RAD_EDOF_EPD3,CAR_LB_AL2395_C0V12_RAD_EPD3,LB_AL2395,C0V12,RAD,EDOF,3.0,0.5,0.5,0.14021249579805178,0.29720831932528735,0.07446148373650241,0.06890505373305691,0.04924893503778771,0.02255881393728863,0.005789867591671653
task014-e270a185207543149c21da83202c4b73,CFG_LB_AL2395_C0V12_RAD_EDOF_EPD3,CAR_LB_AL2395_C0V12_RAD_EPD3,LB_AL2395,C0V12,RAD,EDOF,3.0,0.25,0.25,0.17554509486846728,0.35376900316516735,0.1708689595295546,0.04155121654753917,0.025671819234941457,0.056279599772635046,0.03941578133800627
task014-e270a185207543149c21da83202c4b73,CFG_LB_AL2395_C0V12_RAD_EDOF_EPD3,CAR_LB_AL2395_C0V12_RAD_EPD3,LB_AL2395,C0V12,RAD,EDOF,3.0,0.0,0.0,0.3181738795859996,0.3666018802361602,0.36583237040481764,0.30873857728756005,0.23691295731434414,0.16055436864305145,0.10881021330566071
task014-e270a185207543149c21da83202c4b73,CFG_LB_AL2395_C0V12_RAD_EDOF_EPD3,CAR_LB_AL2395_C0V12_RAD_EPD3,LB_AL2395,C0V12,RAD,EDOF,3.0,-0.25,-0.25,0.19313095172065456,0.3374042310583304,0.23509313634523749,0.11301882565926465,0.040849553700154306,0.0008840850190149027,0.022822202479941704
task014-e270a185207543149c21da83202c4b73,CFG_LB_AL2395_C0V12_RAD_EDOF_EPD3,CAR_LB_AL2395_C0V12_RAD_EPD3,LB_AL2395,C0V12,RAD,EDOF,3.0,-0.5,-0.5,0.1444844267034777,0.2832583829499563,0.001390871708462875,0.00966725633109798,0.04508250395318015,0.008195772487589811,0.06189211163594212
task014-e270a185207543149c21da83202c4b73,CFG_LB_AL2395_C0V12_RAD_EDOF_EPD3,CAR_LB_AL2395_C0V12_RAD_EPD3,LB_AL2395,C0V12,RAD,EDOF,3.0,-0.75,-0.75,0.1831771390194155,0.23069898730833874,0.06305105605834618,0.11429699516746539,0.11243352101126011,0.11973507778629033,0.015992022816999248
task014-e270a185207543149c21da83202c4b73,CFG_LB_AL2395_C0V12_RAD_EDOF_EPD3,CAR_LB_AL2395_C0V12_RAD_EPD3,LB_AL2395,C0V12,RAD,EDOF,3.0,-1.0,-1.0,0.1504520793473985,0.19855028787386614,0.12313438393921433,0.014203365235565212,0.0021016247143112394,0.09957375629067387,0.04465552451017413
task014-e270a185207543149c21da83202c4b73,CFG_LB_AL2395_C0V12_RAD_EDOF_EPD3,CAR_LB_AL2395_C0V12_RAD_EPD3,LB_AL2395,C0V12,RAD,EDOF,3.0,-1.25,-1.25,0.12602495836814478,0.18082289044891786,0.007247332694777817,0.03200143329830331,0.013503900456449204,0.043288047856206345,0.06786786867424066
task014-e270a185207543149c21da83202c4b73,CFG_LB_AL2395_C0V12_RAD_EDOF_EPD3,CAR_LB_AL2395_C0V12_RAD_EPD3,LB_AL2395,C0V12,RAD,EDOF,3.0,-1.5,-1.5,0.13792198075104167,0.15007048852255972,0.034241135833949,0.11660449823106948,0.07017731040641367,0.02320509606708096,0.06616033941495808
task014-e270a185207543149c21da83202c4b73,CFG_LB_AL2395_C0V12_RAD_EDOF_EPD3,CAR_LB_AL2395_C0V12_RAD_EPD3,LB_AL2395,C0V12,RAD,EDOF,3.0,-1.75,-1.75,0.12468372196935248,0.08617841249402071,0.14731570857954426,0.05801135529447604,0.05884382116283422,0.03861431132568097,0.05442247945892313
task014-e270a185207543149c21da83202c4b73,CFG_LB_AL2395_C0V12_RAD_EDOF_EPD3,CAR_LB_AL2395_C0V12_RAD_EPD3,LB_AL2395,C0V12,RAD,EDOF,3.0,-2.0,-2.0,0.07871752617983957,0.0055566818574710256,0.07718139746674013,0.015620941465152463,0.002163634119342489,0.020213275714833875,0.031949934032092744
task014-e270a185207543149c21da83202c4b73,CFG_LB_AL2395_C0V12_RAD_EDOF_EPD3,CAR_LB_AL2395_C0V12_RAD_EPD3,LB_AL2395,C0V12,RAD,EDOF,3.0,-2.25,-2.25,0.06417658784168524,0.04402184992558958,0.041539358294640345,0.003708473385320424,0.006429400726740284,0.010835809200158971,0.009857463344200762
task014-e270a185207543149c21da83202c4b73,CFG_LB_AL2395_C0V12_RAD_EDOF_EPD3,CAR_LB_AL2395_C0V12_RAD_EPD3,LB_AL2395,C0V12,RAD,EDOF,3.0,-2.5,-2.5,0.05813220203938592,0.02687792725452376,0.03946659287448954,0.03195381263965377,0.004897988842637809,6.141694421988981e-05,0.0076388436696801
task014-e270a185207543149c21da83202c4b73,CFG_LB_AL2395_C0V12_RAD_EDOF_EPD3,CAR_LB_AL2395_C0V12_RAD_EPD3,LB_AL2395,C0V12,RAD,EDOF,3.0,-2.75,-2.75,0.05258503694868754,0.03930238025702103,0.02192596096277897,0.0074242289644647266,0.006750410798422649,0.003903821640331054,0.002135186987834672
task014-e270a185207543149c21da83202c4b73,CFG_LB_AL2395_C0V12_RAD_EDOF_EPD3,CAR_LB_AL2395_C0V12_RAD_EPD3,LB_AL2395,C0V12,RAD,EDOF,3.0,-3.0,-3.0,0.04797481359500095,0.0911019391404094,0.04543301599561825,0.002587859499131577,0.002604498027204042,0.000326280368470127,0.002178865933088154
task014-e270a185207543149c21da83202c4b73,CFG_LB_AL2395_C0V12_RAD_EDOF_EPD5,CAR_LB_AL2395_C0V12_RAD_EPD5,LB_AL2395,C0V12,RAD,EDOF,5.0,0.5,0.5,0.13040586906706061,0.18258044191028294,0.043284313186257806,0.08794227670426723,0.08502911223652784,0.06956338707528296,0.06069996329377598
task014-e270a185207543149c21da83202c4b73,CFG_LB_AL2395_C0V12_RAD_EDOF_EPD5,CAR_LB_AL2395_C0V12_RAD_EPD5,LB_AL2395,C0V12,RAD,EDOF,5.0,0.25,0.25,0.13954476850927022,0.25237255765981365,0.13598403628660038,0.021148038827295726,0.03769801767183295,0.054183544279633344,0.040649949605121236
task014-e270a185207543149c21da83202c4b73,CFG_LB_AL2395_C0V12_RAD_EDOF_EPD5,CAR_LB_AL2395_C0V12_RAD_EPD5,LB_AL2395,C0V12,RAD,EDOF,5.0,0.0,0.0,0.20691420370083918,0.27754128928606925,0.18618519160310634,0.18255175929966722,0.1593893181661269,0.12236330236996941,0.09405866933389524
task014-e270a185207543149c21da83202c4b73,CFG_LB_AL2395_C0V12_RAD_EDOF_EPD5,CAR_LB_AL2395_C0V12_RAD_EPD5,LB_AL2395,C0V12,RAD,EDOF,5.0,-0.25,-0.25,0.09330999908505672,0.13737573421469085,0.08404549463229044,0.0007293869139408621,0.0237908156858556,0.027000590665913215,0.011361379516178605
task014-e270a185207543149c21da83202c4b73,CFG_LB_AL2395_C0V12_RAD_EDOF_EPD5,CAR_LB_AL2395_C0V12_RAD_EPD5,LB_AL2395,C0V12,RAD,EDOF,5.0,-0.5,-0.5,0.06415705984049073,0.026457395659641843,0.009769821400364719,0.019268555207179516,0.031402037658304585,0.0031094876777353585,0.010168464940164882
task014-e270a185207543149c21da83202c4b73,CFG_LB_AL2395_C0V12_RAD_EDOF_EPD5,CAR_LB_AL2395_C0V12_RAD_EPD5,LB_AL2395,C0V12,RAD,EDOF,5.0,-0.75,-0.75,0.06371411898127494,0.06631538738404016,0.021649914779723126,0.021353223073992837,0.02885266304030428,0.03145286517003307,0.007775706489131722
task014-e270a185207543149c21da83202c4b73,CFG_LB_AL2395_C0V12_RAD_EDOF_EPD5,CAR_LB_AL2395_C0V12_RAD_EPD5,LB_AL2395,C0V12,RAD,EDOF,5.0,-1.0,-1.0,0.05811639778832085,0.09351513728544325,0.03697619982550376,0.001597617387609871,0.0032073215892087985,0.035782898944298785,0.014529823252601043
task014-e270a185207543149c21da83202c4b73,CFG_LB_AL2395_C0V12_RAD_EDOF_EPD5,CAR_LB_AL2395_C0V12_RAD_EPD5,LB_AL2395,C0V12,RAD,EDOF,5.0,-1.25,-1.25,0.0556729848286219,0.07782747606892695,0.00774915999647933,0.016778859836936694,0.008796299711487276,0.02240410420513405,0.026445453649887984
task014-e270a185207543149c21da83202c4b73,CFG_LB_AL2395_C0V12_RAD_EDOF_EPD5,CAR_LB_AL2395_C0V12_RAD_EPD5,LB_AL2395,C0V12,RAD,EDOF,5.0,-1.5,-1.5,0.057298134666338894,0.04959361736747954,0.01975000108036997,0.04505373731931657,0.027394679456651243,0.014708678831292864,0.023802943499677362
task014-e270a185207543149c21da83202c4b73,CFG_LB_AL2395_C0V12_RAD_EDOF_EPD5,CAR_LB_AL2395_C0V12_RAD_EPD5,LB_AL2395,C0V12,RAD,EDOF,5.0,-1.75,-1.75,0.045685893696139006,0.015466929243033164,0.04675825933274784,0.017200263894539117,0.018622091264811548,0.011068186822342979,0.0199061469791685
task014-e270a185207543149c21da83202c4b73,CFG_LB_AL2395_C0V12_RAD_EDOF_EPD5,CAR_LB_AL2395_C0V12_RAD_EPD5,LB_AL2395,C0V12,RAD,EDOF,5.0,-2.0,-2.0,0.03273139978364004,0.00255438045507883,0.02287688604579253,0.007662652554809788,0.003871087426194504,0.005873976221447058,0.010904859813924143
task014-e270a185207543149c21da83202c4b73,CFG_LB_AL2395_C0V12_RAD_EDOF_EPD5,CAR_LB_AL2395_C0V12_RAD_EPD5,LB_AL2395,C0V12,RAD,EDOF,5.0,-2.25,-2.25,0.027998064915003323,0.014548596042493195,0.013949465457937658,0.0025537810865170416,0.0021934183620070493,0.002624071098725037,0.003999473573517478
task014-e270a185207543149c21da83202c4b73,CFG_LB_AL2395_C0V12_RAD_EDOF_EPD5,CAR_LB_AL2395_C0V12_RAD_EPD5,LB_AL2395,C0V12,RAD,EDOF,5.0,-2.5,-2.5,0.025338327873238857,0.00040455621710050596,0.011842203168070269,0.0073624420245669425,0.00288095877695278,0.0028527167393684414,0.003922464507635681
task014-e270a185207543149c21da83202c4b73,CFG_LB_AL2395_C0V12_RAD_EDOF_EPD5,CAR_LB_AL2395_C0V12_RAD_EPD5,LB_AL2395,C0V12,RAD,EDOF,5.0,-2.75,-2.75,0.022915572088806558,0.018751581655913306,0.01020472268958202,0.0030819330689558187,0.00017852333256169204,0.0007534732781406253,0.00014221407338065555
task014-e270a185207543149c21da83202c4b73,CFG_LB_AL2395_C0V12_RAD_EDOF_EPD5,CAR_LB_AL2395_C0V12_RAD_EPD5,LB_AL2395,C0V12,RAD,EDOF,5.0,-3.0,-3.0,0.02144811932170635,0.024554637944294373,0.014355173912188525,0.0035266687762216613,0.0015429928801309481,0.0011069250298368772,0.0005092574346621212
task014-e270a185207543149c21da83202c4b73,CFG_LB_AL2395_C0V12_WFS_MONO_EPD3,CAR_LB_AL2395_C0V12_WFS_EPD3,LB_AL2395,C0V12,WFS,MONO,3.0,0.5,0.5,0.15680582596362588,0.35922563211582964,0.0005499589034730488,0.03606349598024684,0.02107807400438092,0.014314897871284902,0.01642920356277679
task014-e270a185207543149c21da83202c4b73,CFG_LB_AL2395_C0V12_WFS_MONO_EPD3,CAR_LB_AL2395_C0V12_WFS_EPD3,LB_AL2395,C0V12,WFS,MONO,3.0,0.25,0.25,0.33430119657328733,0.6899148157787204,0.3918088009292913,0.21643407289695094,0.12087887649808803,0.0726967149349516,0.052584173539993874
task014-e270a185207543149c21da83202c4b73,CFG_LB_AL2395_C0V12_WFS_MONO_EPD3,CAR_LB_AL2395_C0V12_WFS_EPD3,LB_AL2395,C0V12,WFS,MONO,3.0,0.0,0.0,0.600659908525444,0.8570043795367466,0.7191971908680277,0.5893433369537048,0.46705973061966255,0.35232934159700285,0.24374352305399993
task014-e270a185207543149c21da83202c4b73,CFG_LB_AL2395_C0V12_WFS_MONO_EPD3,CAR_LB_AL2395_C0V12_WFS_EPD3,LB_AL2395,C0V12,WFS,MONO,3.0,-0.25,-0.25,0.3338455256285467,0.736415876642634,0.392249958892183,0.17288312224980307,0.09009582944151069,0.07870471436648781,0.09038286827928033
task014-e270a185207543149c21da83202c4b73,CFG_LB_AL2395_C0V12_WFS_MONO_EPD3,CAR_LB_AL2395_C0V12_WFS_EPD3,LB_AL2395,C0V12,WFS,MONO,3.0,-0.5,-0.5,0.17602915230533686,0.39275663378379366,0.07100741843888383,0.07724611530540866,0.026764351232750942,0.015452720105289716,0.01822597280963865
task014-e270a185207543149c21da83202c4b73,CFG_LB_AL2395_C0V12_WFS_MONO_EPD3,CAR_LB_AL2395_C0V12_WFS_EPD3,LB_AL2395,C0V12,WFS,MONO,3.0,-0.75,-0.75,0.12765031738814397,0.037614139246924444,0.05532493096379939,0.049764060511331934,0.02525461321620433,0.016331173330463036,0.016818993491837724
task014-e270a185207543149c21da83202c4b73,CFG_LB_AL2395_C0V12_WFS_MONO_EPD3,CAR_LB_AL2395_C0V12_WFS_EPD3,LB_AL2395,C0V12,WFS,MONO,3.0,-1.0,-1.0,0.09553032200693008,0.1369880021888358,0.06306918476687047,0.018595083110038137,0.012935057019221607,0.007794773932436744,0.006936080715844219
task014-e270a185207543149c21da83202c4b73,CFG_LB_AL2395_C0V12_WFS_MONO_EPD3,CAR_LB_AL2395_C0V12_WFS_EPD3,LB_AL2395,C0V12,WFS,MONO,3.0,-1.25,-1.25,0.07731358188206329,0.10224741726559662,0.010127854351333057,0.0094894304594779,0.01190449346190867,0.007866687954799891,0.005451994157864085
task014-e270a185207543149c21da83202c4b73,CFG_LB_AL2395_C0V12_WFS_MONO_EPD3,CAR_LB_AL2395_C0V12_WFS_EPD3,LB_AL2395,C0V12,WFS,MONO,3.0,-1.5,-1.5,0.064117535350236,0.014854263905334075,0.018348979501079523,0.0003718760032849491,0.008068935560135982,0.004267337857142094,0.00188778864757833
task014-e270a185207543149c21da83202c4b73,CFG_LB_AL2395_C0V12_WFS_MONO_EPD3,CAR_LB_AL2395_C0V12_WFS_EPD3,LB_AL2395,C0V12,WFS,MONO,3.0,-1.75,-1.75,0.055040277705207426,0.07090463841584643,0.02411374128122461,0.002719898447297753,0.006493997753568459,0.005518053481062456,0.0006047620124003506
task014-e270a185207543149c21da83202c4b73,CFG_LB_AL2395_C0V12_WFS_MONO_EPD3,CAR_LB_AL2395_C0V12_WFS_EPD3,LB_AL2395,C0V12,WFS,MONO,3.0,-2.0,-2.0,0.04816880372826396,0.032629508485424154,0.008762778980882752,0.007052299508468403,0.005329602415892445,0.004330660781232036,0.001786339583574111
task014-e270a185207543149c21da83202c4b73,CFG_LB_AL2395_C0V12_WFS_MONO_EPD3,CAR_LB_AL2395_C0V12_WFS_EPD3,LB_AL2395,C0V12,WFS,MONO,3.0,-2.25,-2.25,0.0426481314137346,0.02702346593071566,0.00562400813159604,0.005525352505182521,0.005892596904872369,0.003322067830977619,0.0023430477337207357
task014-e270a185207543149c21da83202c4b73,CFG_LB_AL2395_C0V12_WFS_MONO_EPD3,CAR_LB_AL2395_C0V12_WFS_EPD3,LB_AL2395,C0V12,WFS,MONO,3.0,-2.5,-2.5,0.038362256097236334,0.03513082780724301,0.012850846518269076,0.006531172305723209,0.0045115958804640525,0.003236787418198276,0.0019181974809314617
task014-e270a185207543149c21da83202c4b73,CFG_LB_AL2395_C0V12_WFS_MONO_EPD3,CAR_LB_AL2395_C0V12_WFS_EPD3,LB_AL2395,C0V12,WFS,MONO,3.0,-2.75,-2.75,0.03500261196652252,0.0022465210174013785,0.008986575252280178,0.006252412619039671,0.003553214598939264,0.002369236694993259,0.0021730784762137626
task014-e270a185207543149c21da83202c4b73,CFG_LB_AL2395_C0V12_WFS_MONO_EPD3,CAR_LB_AL2395_C0V12_WFS_EPD3,LB_AL2395,C0V12,WFS,MONO,3.0,-3.0,-3.0,0.032027307547304186,0.027433604748005515,0.00046253148167034073,0.006011613474146763,0.00314605857018202,0.001787981891299755,0.001157629107406604
task014-e270a185207543149c21da83202c4b73,CFG_LB_AL2395_C0V12_WFS_MONO_EPD5,CAR_LB_AL2395_C0V12_WFS_EPD5,LB_AL2395,C0V12,WFS,MONO,5.0,0.5,0.5,0.09947491452341967,0.1430314045023667,0.002862391079307653,0.053831321652101534,0.026814154174705,0.0037868446723602687,0.005489077833272554
task014-e270a185207543149c21da83202c4b73,CFG_LB_AL2395_C0V12_WFS_MONO_EPD5,CAR_LB_AL2395_C0V12_WFS_EPD5,LB_AL2395,C0V12,WFS,MONO,5.0,0.25,0.25,0.14815894468222168,0.3562127785517895,0.11248360195903868,0.018068851069693897,0.020445979897750138,0.03643975988879503,0.04030025462116213
task014-e270a185207543149c21da83202c4b73,CFG_LB_AL2395_C0V12_WFS_MONO_EPD5,CAR_LB_AL2395_C0V12_WFS_EPD5,LB_AL2395,C0V12,WFS,MONO,5.0,0.0,0.0,0.36337213741810115,0.4343954437305739,0.3970819207730212,0.3495513061934367,0.29432699252284517,0.23999889497926594,0.18666754120417337
task014-e270a185207543149c21da83202c4b73,CFG_LB_AL2395_C0V12_WFS_MONO_EPD5,CAR_LB_AL2395_C0V12_WFS_EPD5,LB_AL2395,C0V12,WFS,MONO,5.0,-0.25,-0.25,0.14991317614220548,0.3865105448236191,0.17146101406898243,0.03455007928693803,0.004238053990124287,0.0016718394533455122,0.0154176139591793
task014-e270a185207543149c21da83202c4b73,CFG_LB_AL2395_C0V12_WFS_MONO_EPD5,CAR_LB_AL2395_C0V12_WFS_EPD5,LB_AL2395,C0V12,WFS,MONO,5.0,-0.5,-0.5,0.08676163754788074,0.13944998416599552,0.06656661802485087,0.01786316796789565,0.011403067362606255,0.010574221216121083,0.0017344903311152246
task014-e270a185207543149c21da83202c4b73,CFG_LB_AL2395_C0V12_WFS_MONO_EPD5,CAR_LB_AL2395_C0V12_WFS_EPD5,LB_AL2395,C0V12,WFS,MONO,5.0,-0.75,-0.75,0.05898998024231473,0.07055261156950918,0.007881878334608586,0.003435341219180112,0.0029145447307813038,0.002379817464300644,0.0019737832021506697
task014-e270a185207543149c21da83202c4b73,CFG_LB_AL2395_C0V12_WFS_MONO_EPD5,CAR_LB_AL2395_C0V12_WFS_EPD5,LB_AL2395,C0V12,WFS,MONO,5.0,-1.0,-1.0,0.043116151592688536,0.05525761622175709,0.008764566457762479,0.0003618626468788755,0.0036426299265199945,0.0015064734107450059,0.00286190556099207
task014-e270a185207543149c21da83202c4b73,CFG_LB_AL2395_C0V12_WFS_MONO_EPD5,CAR_LB_AL2395_C0V12_WFS_EPD5,LB_AL2395,C0V12,WFS,MONO,5.0,-1.25,-1.25,0.03517047294106059,0.0020555822099751595,0.00602625161300966,0.0019102718378882426,0.0014648162114429262,0.0002677839988080353,0.0002086321469345515
task014-e270a185207543149c21da83202c4b73,CFG_LB_AL2395_C0V12_WFS_MONO_EPD5,CAR_LB_AL2395_C0V12_WFS_EPD5,LB_AL2395,C0V12,WFS,MONO,5.0,-1.5,-1.5,0.02891545914388793,0.015534990173842649,0.001968949718740433,0.002960419666566487,0.0020766145440383843,0.0017647775813921147,0.00036298153802519705
task014-e270a185207543149c21da83202c4b73,CFG_LB_AL2395_C0V12_WFS_MONO_EPD5,CAR_LB_AL2395_C0V12_WFS_EPD5,LB_AL2395,C0V12,WFS,MONO,5.0,-1.75,-1.75,0.024909423076101857,0.011464287724328523,0.0007068755805837092,0.0019214370677753416,0.00038730167158137064,0.00041270972346947447,0.0017346593645296345
task014-e270a185207543149c21da83202c4b73,CFG_LB_AL2395_C0V12_WFS_MONO_EPD5,CAR_LB_AL2395_C0V12_WFS_EPD5,LB_AL2395,C0V12,WFS,MONO,5.0,-2.0,-2.0,0.02152889841090868,0.006045619343206238,0.0022977086766025807,0.0012443055919537562,0.0009255753708933999,0.0011739816800729775,0.0008910309277887996
task014-e270a185207543149c21da83202c4b73,CFG_LB_AL2395_C0V12_WFS_MONO_EPD5,CAR_LB_AL2395_C0V12_WFS_EPD5,LB_AL2395,C0V12,WFS,MONO,5.0,-2.25,-2.25,0.019342531513120837,0.007015461313606415,0.0019732708874638373,0.0007405075522356574,0.0011010168132552206,0.00010413022456316762,0.0004965360545086958
task014-e270a185207543149c21da83202c4b73,CFG_LB_AL2395_C0V12_WFS_MONO_EPD5,CAR_LB_AL2395_C0V12_WFS_EPD5,LB_AL2395,C0V12,WFS,MONO,5.0,-2.5,-2.5,0.017317705047798466,0.0028328937181155154,0.00013942398034364986,0.0016407602441686157,0.001360635217734672,0.0008346761374648934,0.0009029136379881545
task014-e270a185207543149c21da83202c4b73,CFG_LB_AL2395_C0V12_WFS_MONO_EPD5,CAR_LB_AL2395_C0V12_WFS_EPD5,LB_AL2395,C0V12,WFS,MONO,5.0,-2.75,-2.75,0.01432463317785813,0.0067208648292040995,0.0020640865409426714,0.0016883579628998839,0.000571988281832013,0.0001505467172151212,0.000641466913127768
task014-e270a185207543149c21da83202c4b73,CFG_LB_AL2395_C0V12_WFS_MONO_EPD5,CAR_LB_AL2395_C0V12_WFS_EPD5,LB_AL2395,C0V12,WFS,MONO,5.0,-3.0,-3.0,0.013652099365478527,0.003483825814944731,0.001577724124583956,0.0015822367129597911,0.0005064869910805523,0.001497504973601368,0.0007985760959425794
task014-e270a185207543149c21da83202c4b73,CFG_LB_AL2395_C0V12_WFS_EDOF_EPD3,CAR_LB_AL2395_C0V12_WFS_EPD3,LB_AL2395,C0V12,WFS,EDOF,3.0,0.5,0.5,0.18429560575039,0.2898015808007869,0.1917825695293896,0.07923000263125979,0.03276173969116132,0.003157719538564569,0.04883547519067684
task014-e270a185207543149c21da83202c4b73,CFG_LB_AL2395_C0V12_WFS_EDOF_EPD3,CAR_LB_AL2395_C0V12_WFS_EPD3,LB_AL2395,C0V12,WFS,EDOF,3.0,0.25,0.25,0.30423595522067987,0.5198922182458259,0.3048578797176541,0.24614332355978294,0.15570892875987763,0.09649136085350174,0.01746104603200132
task014-e270a185207543149c21da83202c4b73,CFG_LB_AL2395_C0V12_WFS_EDOF_EPD3,CAR_LB_AL2395_C0V12_WFS_EPD3,LB_AL2395,C0V12,WFS,EDOF,3.0,0.0,0.0,0.4363324643671543,0.6889443532070874,0.44820041950419065,0.34725322267876174,0.27874728432959417,0.25875792388181257,0.2052071655942556
task014-e270a185207543149c21da83202c4b73,CFG_LB_AL2395_C0V12_WFS_EDOF_EPD3,CAR_LB_AL2395_C0V12_WFS_EPD3,LB_AL2395,C0V12,WFS,EDOF,3.0,-0.25,-0.25,0.2527589054488429,0.6464848479177516,0.24628451198957332,0.00817541929159667,0.04206768814479321,0.031301931358158265,0.12131505626498251
task014-e270a185207543149c21da83202c4b73,CFG_LB_AL2395_C0V12_WFS_EDOF_EPD3,CAR_LB_AL2395_C0V12_WFS_EPD3,LB_AL2395,C0V12,WFS,EDOF,3.0,-0.5,-0.5,0.17284334677487062,0.3793330513454817,0.0611453966960606,0.016559421696452865,0.04431608685637245,0.05625865179118749,0.054308463396275014
task014-e270a185207543149c21da83202c4b73,CFG_LB_AL2395_C0V12_WFS_EDOF_EPD3,CAR_LB_AL2395_C0V12_WFS_EPD3,LB_AL2395,C0V12,WFS,EDOF,3.0,-0.75,-0.75,0.13517393356477142,0.042302148265931844,0.010501034680419862,0.08985434079155727,0.022247825374687683,0.018962199912058185,0.007953464213111671
task014-e270a185207543149c21da83202c4b73,CFG_LB_AL2395_C0V12_WFS_EDOF_EPD3,CAR_LB_AL2395_C0V12_WFS_EPD3,LB_AL2395,C0V12,WFS,EDOF,3.0,-1.0,-1.0,0.10265845649861624,0.1596495448415379,0.1404391045786741,0.01129774587247678,0.004969711383360345,0.006700094629506534,0.014287077433657109
task014-e270a185207543149c21da83202c4b73,CFG_LB_AL2395_C0V12_WFS_EDOF_EPD3,CAR_LB_AL2395_C0V12_WFS_EPD3,LB_AL2395,C0V12,WFS,EDOF,3.0,-1.25,-1.25,0.08572034189232797,0.13726241261367883,0.0046229341785297366,0.020829826062665133,0.0016445246518515255,0.004212577620032902,0.008519994401582114
task014-e270a185207543149c21da83202c4b73,CFG_LB_AL2395_C0V12_WFS_EDOF_EPD3,CAR_LB_AL2395_C0V12_WFS_EPD3,LB_AL2395,C0V12,WFS,EDOF,3.0,-1.5,-1.5,0.07352451050149175,0.021048889242116835,0.04973734299819324,0.0023993916074823533,0.0030019815514753445,0.0034581375430036134,0.004504471935042028
task014-e270a185207543149c21da83202c4b73,CFG_LB_AL2395_C0V12_WFS_EDOF_EPD3,CAR_LB_AL2395_C0V12_WFS_EPD3,LB_AL2395,C0V12,WFS,EDOF,3.0,-1.75,-1.75,0.06623581940660345,0.144560357691511,0.03433734788798526,0.013121146908992926,0.0071335432408982016,0.004466038384622659,0.003365683324247578
task014-e270a185207543149c21da83202c4b73,CFG_LB_AL2395_C0V12_WFS_EDOF_EPD3,CAR_LB_AL2395_C0V12_WFS_EPD3,LB_AL2395,C0V12,WFS,EDOF,3.0,-2.0,-2.0,0.056649895858773294,0.13468297255283534,0.00016417781635306777,0.0020031662345357847,0.002687209774959171,0.0026810532559051917,0.0012041546460796542
task014-e270a185207543149c21da83202c4b73,CFG_LB_AL2395_C0V12_WFS_EDOF_EPD3,CAR_LB_AL2395_C0V12_WFS_EPD3,LB_AL2395,C0V12,WFS,EDOF,3.0,-2.25,-2.25,0.05080324527929272,0.03081083853408373,0.02795160162178882,0.003419134509719024,0.004403555027132787,0.0013671611521343823,0.0013688095305031955
task014-e270a185207543149c21da83202c4b73,CFG_LB_AL2395_C0V12_WFS_EDOF_EPD3,CAR_LB_AL2395_C0V12_WFS_EPD3,LB_AL2395,C0V12,WFS,EDOF,3.0,-2.5,-2.5,0.044824994964862426,0.0592247356092854,0.01567485719117819,0.0049134847846791525,0.0016116018251713443,0.0014281349821906285,0.0016212463526540481
task014-e270a185207543149c21da83202c4b73,CFG_LB_AL2395_C0V12_WFS_EDOF_EPD3,CAR_LB_AL2395_C0V12_WFS_EPD3,LB_AL2395,C0V12,WFS,EDOF,3.0,-2.75,-2.75,0.040366881731960895,0.07306262832460009,0.0035674794176136356,0.006555985317937151,0.0019828330984724384,0.0014877706880081494,0.002552167955324046
task014-e270a185207543149c21da83202c4b73,CFG_LB_AL2395_C0V12_WFS_EDOF_EPD3,CAR_LB_AL2395_C0V12_WFS_EPD3,LB_AL2395,C0V12,WFS,EDOF,3.0,-3.0,-3.0,0.03635903530544839,0.033740114853415576,0.007951376255846953,0.005805324434691411,0.0013906741679490565,0.0017281626251322796,0.0020519742259324514
task014-e270a185207543149c21da83202c4b73,CFG_LB_AL2395_C0V12_WFS_EDOF_EPD5,CAR_LB_AL2395_C0V12_WFS_EPD5,LB_AL2395,C0V12,WFS,EDOF,5.0,0.5,0.5,0.12286072945179846,0.12146298572932393,0.0939878205382533,0.07073601776090994,0.05406044428245081,0.03138883279760186,0.014525279304679655
task014-e270a185207543149c21da83202c4b73,CFG_LB_AL2395_C0V12_WFS_EDOF_EPD5,CAR_LB_AL2395_C0V12_WFS_EPD5,LB_AL2395,C0V12,WFS,EDOF,5.0,0.25,0.25,0.14046072773160692,0.29430713587782364,0.08861370267683638,0.05879527292086771,0.01229890815811413,0.034460194411985015,0.06198475277826762
task014-e270a185207543149c21da83202c4b73,CFG_LB_AL2395_C0V12_WFS_EDOF_EPD5,CAR_LB_AL2395_C0V12_WFS_EPD5,LB_AL2395,C0V12,WFS,EDOF,5.0,0.0,0.0,0.2862474550566652,0.37289031758851654,0.2678795155994919,0.2290255507762186,0.21041586777707694,0.18905620565175046,0.1549981855497456
task014-e270a185207543149c21da83202c4b73,CFG_LB_AL2395_C0V12_WFS_EDOF_EPD5,CAR_LB_AL2395_C0V12_WFS_EPD5,LB_AL2395,C0V12,WFS,EDOF,5.0,-0.25,-0.25,0.14609894709426222,0.3540769883928514,0.15118185959998465,0.0007322014202386579,0.022308511911912222,0.01284253588257616,0.04949693931248082
task014-e270a185207543149c21da83202c4b73,CFG_LB_AL2395_C0V12_WFS_EDOF_EPD5,CAR_LB_AL2395_C0V12_WFS_EPD5,LB_AL2395,C0V12,WFS,EDOF,5.0,-0.5,-0.5,0.08984592284956715,0.13424668151665942,0.07066704131413304,0.003797137789692699,0.01834877073370353,0.019029394226716005,0.013941543659636402
task014-e270a185207543149c21da83202c4b73,CFG_LB_AL2395_C0V12_WFS_EDOF_EPD5,CAR_LB_AL2395_C0V12_WFS_EPD5,LB_AL2395,C0V12,WFS,EDOF,5.0,-0.75,-0.75,0.06459723033851027,0.06898541943154873,0.0161896020133526,0.01212510375478108,0.0036893753704270857,0.006845891126585617,0.0004698037061001346
task014-e270a185207543149c21da83202c4b73,CFG_LB_AL2395_C0V12_WFS_EDOF_EPD5,CAR_LB_AL2395_C0V12_WFS_EPD5,LB_AL2395,C0V12,WFS,EDOF,5.0,-1.0,-1.0,0.04873057751058573,0.06426283335823807,0.056388444588702576,0.011678581124283154,0.0029973266108708286,0.0015664893071598352,0.00102848180451434
task014-e270a185207543149c21da83202c4b73,CFG_LB_AL2395_C0V12_WFS_EDOF_EPD5,CAR_LB_AL2395_C0V12_WFS_EPD5,LB_AL2395,C0V12,WFS,EDOF,5.0,-1.25,-1.25,0.039702180497410686,0.011148422752424107,0.015047113274066591,0.004059567899231038,0.0004296937971250078,0.001732468213291164,0.0010540876104268122
task014-e270a185207543149c21da83202c4b73,CFG_LB_AL2395_C0V12_WFS_EDOF_EPD5,CAR_LB_AL2395_C0V12_WFS_EPD5,LB_AL2395,C0V12,WFS,EDOF,5.0,-1.5,-1.5,0.03276222467002833,0.020333702365874808,0.005728001936699709,0.010410644395653985,0.00246094454074828,0.0006170314077257452,0.0010208776216795534
task014-e270a185207543149c21da83202c4b73,CFG_LB_AL2395_C0V12_WFS_EDOF_EPD5,CAR_LB_AL2395_C0V12_WFS_EPD5,LB_AL2395,C0V12,WFS,EDOF,5.0,-1.75,-1.75,0.027819401822985736,0.041459157964868425,0.008564571342923682,0.0008178118812712993,0.0013636215202342435,0.0013371630575979329,0.0018226849269091542
task014-e270a185207543149c21da83202c4b73,CFG_LB_AL2395_C0V12_WFS_EDOF_EPD5,CAR_LB_AL2395_C0V12_WFS_EPD5,LB_AL2395,C0V12,WFS,EDOF,5.0,-2.0,-2.0,0.023833713903949415,0.030418000606501103,0.002909875685358081,0.0028186082886783445,0.00039921225140441565,0.0006445872137143587,1.0907642840378289e-05
task014-e270a185207543149c21da83202c4b73,CFG_LB_AL2395_C0V12_WFS_EDOF_EPD5,CAR_LB_AL2395_C0V12_WFS_EPD5,LB_AL2395,C0V12,WFS,EDOF,5.0,-2.25,-2.25,0.021010914881034966,0.008807080719497387,0.004321535111216699,0.0017922754704402751,0.0005706636704631956,0.0006954413206939475,0.0003567776623054741
task014-e270a185207543149c21da83202c4b73,CFG_LB_AL2395_C0V12_WFS_EDOF_EPD5,CAR_LB_AL2395_C0V12_WFS_EPD5,LB_AL2395,C0V12,WFS,EDOF,5.0,-2.5,-2.5,0.018665990428654803,0.016481035939914318,0.001337597077284528,0.0015266687440022514,0.0011935921204835847,0.001074399004476957,0.0009463913101618938
task014-e270a185207543149c21da83202c4b73,CFG_LB_AL2395_C0V12_WFS_EDOF_EPD5,CAR_LB_AL2395_C0V12_WFS_EPD5,LB_AL2395,C0V12,WFS,EDOF,5.0,-2.75,-2.75,0.015310142663681841,0.02001957591706969,0.00043366721115618406,0.0010450779283151194,0.0009154978159064773,0.0006145648242035762,0.0012776843002761367
task014-e270a185207543149c21da83202c4b73,CFG_LB_AL2395_C0V12_WFS_EDOF_EPD5,CAR_LB_AL2395_C0V12_WFS_EPD5,LB_AL2395,C0V12,WFS,EDOF,5.0,-3.0,-3.0,0.015010021333263061,0.013998963429197597,0.0006038000028917351,0.002367634534479597,0.0007992744732828062,0.0015988752820902488,9.450101985838678e-06
