run_id,config_id,pair_key,base_id,cornea_id,platform_id,optic_state,pupil_mm,defocus_retina_d,defocus_shape_d,mtfa,mtf10,mtf20,mtf30,mtf40,mtf50,mtf60
r8-742953bd22b341c38ebb67af89ccc76e,R8_R6_LB_AL2395_N0_WFS_MONO_EPD3,R6_LB_AL2395_N0_WFS_EPD3,LB_AL2395,N0,WFS,MONO,3.0,0.5,0.5,0.13345549867571094,0.24874229048204516,0.01191503062307677,0.012381074047556385,0.02481091487775966,0.023140507250175604,0.01845085628018846
r8-742953bd22b341c38ebb67af89ccc76e,R8_R6_LB_AL2395_N0_WFS_MONO_EPD3,R6_LB_AL2395_N0_WFS_EPD3,LB_AL2395,N0,WFS,MONO,3.0,0.25,0.25,0.2704457751157003,0.6307768737189748,0.3028144381300223,0.13664035608217714,0.05296672843647764,0.011568362204467693,0.005006293523984135
r8-742953bd22b341c38ebb67af89ccc76e,R8_R6_LB_AL2395_N0_WFS_MONO_EPD3,R6_LB_AL2395_N0_WFS_EPD3,LB_AL2395,N0,WFS,MONO,3.0,0.0,0.0,0.629274885924197,0.8610189443150962,0.7306774107549187,0.6146065351518776,0.5074330210074742,0.40823302774324255,0.31215428100900133
r8-742953bd22b341c38ebb67af89ccc76e,R8_R6_LB_AL2395_N0_WFS_MONO_EPD3,R6_LB_AL2395_N0_WFS_EPD3,LB_AL2395,N0,WFS,MONO,3.0,-0.25,-0.25,0.2708928692359135,0.7222011808244329,0.32340998495413664,0.07294138151575996,0.00644088870602888,0.007187059296424617,0.016480104858424733
r8-742953bd22b341c38ebb67af89ccc76e,R8_R6_LB_AL2395_N0_WFS_MONO_EPD3,R6_LB_AL2395_N0_WFS_EPD3,LB_AL2395,N0,WFS,MONO,3.0,-0.5,-0.5,0.16887563421126828,0.30450369833376867,0.13842863536445163,0.02937673329041125,0.037940155530903207,0.035838382012165354,0.022771059606781364
r8-742953bd22b341c38ebb67af89ccc76e,R8_R6_LB_AL2395_N0_WFS_MONO_EPD3,R6_LB_AL2395_N0_WFS_EPD3,LB_AL2395,N0,WFS,MONO,3.0,-0.75,-0.75,0.11807770448732824,0.06793309152048971,0.022211604401744942,0.028247134339889936,0.02215457898795752,0.014820859888076693,0.011132796869842592
r8-742953bd22b341c38ebb67af89ccc76e,R8_R6_LB_AL2395_N0_WFS_MONO_EPD3,R6_LB_AL2395_N0_WFS_EPD3,LB_AL2395,N0,WFS,MONO,3.0,-1.0,-1.0,0.0898625939231076,0.1605941984219058,0.03842315549221745,0.011704527832701312,0.01812800689634159,0.006375241519270685,0.006564731147015427
r8-742953bd22b341c38ebb67af89ccc76e,R8_R6_LB_AL2395_N0_WFS_MONO_EPD3,R6_LB_AL2395_N0_WFS_EPD3,LB_AL2395,N0,WFS,MONO,3.0,-1.25,-1.25,0.07117149647959466,0.03635318652904861,0.03841136106070093,0.008372846591014227,0.007872701945041492,0.0038637017980589273,0.0009500335748699589
r8-742953bd22b341c38ebb67af89ccc76e,R8_R6_LB_AL2395_N0_WFS_MONO_EPD3,R6_LB_AL2395_N0_WFS_EPD3,LB_AL2395,N0,WFS,MONO,3.0,-1.5,-1.5,0.06012425464045717,0.07412636069447538,0.026481915054867654,0.0022180747401324154,0.0015283612482523605,0.006339366167138373,0.0022203172091780914
r8-742953bd22b341c38ebb67af89ccc76e,R8_R6_LB_AL2395_N0_WFS_MONO_EPD3,R6_LB_AL2395_N0_WFS_EPD3,LB_AL2395,N0,WFS,MONO,3.0,-1.75,-1.75,0.05152149118300332,0.05105688119855484,0.008780174146389893,0.001657364554736972,0.005030605801327391,0.0049270539788318,0.0035475451544720285
r8-742953bd22b341c38ebb67af89ccc76e,R8_R6_LB_AL2395_N0_WFS_MONO_EPD3,R6_LB_AL2395_N0_WFS_EPD3,LB_AL2395,N0,WFS,MONO,3.0,-2.0,-2.0,0.04423045274923645,0.026034547471095716,0.0033032853507480517,0.0010739334705059183,0.005716855656573132,0.0005846954992895307,0.0025524512967573442
r8-742953bd22b341c38ebb67af89ccc76e,R8_R6_LB_AL2395_N0_WFS_MONO_EPD3,R6_LB_AL2395_N0_WFS_EPD3,LB_AL2395,N0,WFS,MONO,3.0,-2.25,-2.25,0.039272361691135904,0.039826519240950806,0.01058955089903443,0.002814798961179667,0.005135283320489446,0.002320760392906503,0.00023852630929531492
r8-742953bd22b341c38ebb67af89ccc76e,R8_R6_LB_AL2395_N0_WFS_MONO_EPD3,R6_LB_AL2395_N0_WFS_EPD3,LB_AL2395,N0,WFS,MONO,3.0,-2.5,-2.5,0.03588013934272002,0.006626127404823705,0.012260645471322348,0.003930538591293183,0.0018947850986742773,0.0019267530699798357,0.0014083215514143483
r8-742953bd22b341c38ebb67af89ccc76e,R8_R6_LB_AL2395_N0_WFS_MONO_EPD3,R6_LB_AL2395_N0_WFS_EPD3,LB_AL2395,N0,WFS,MONO,3.0,-2.75,-2.75,0.03230299600170573,0.030272791649551024,0.009152889169439541,0.0037259071172036193,0.0006244664494950052,0.0008784147423280976,0.0019300069906194445
r8-742953bd22b341c38ebb67af89ccc76e,R8_R6_LB_AL2395_N0_WFS_MONO_EPD3,R6_LB_AL2395_N0_WFS_EPD3,LB_AL2395,N0,WFS,MONO,3.0,-3.0,-3.0,0.027418708398477612,0.003621859674646263,0.0033382447992106935,0.003744123374658971,0.001523245921610383,0.0003379786484421467,0.0010965765867929753
r8-742953bd22b341c38ebb67af89ccc76e,R8_R6_LB_AL2395_N0_WFS_EDOF_EPD3,R6_LB_AL2395_N0_WFS_EPD3,LB_AL2395,N0,WFS,EDOF,3.0,0.5,0.5,0.18259858462136475,0.17952492408471857,0.1760268448877491,0.11485407403344595,0.08660518810017104,0.053483737272607995,0.00865933596801328
r8-742953bd22b341c38ebb67af89ccc76e,R8_R6_LB_AL2395_N0_WFS_EDOF_EPD3,R6_LB_AL2395_N0_WFS_EPD3,LB_AL2395,N0,WFS,EDOF,3.0,0.25,0.25,0.23371892985999662,0.4887448603427807,0.19019425156156833,0.14582959164848217,0.06662196338551331,0.02161099490592252,0.03521739401762347
r8-742953bd22b341c38ebb67af89ccc76e,R8_R6_LB_AL2395_N0_WFS_EDOF_EPD3,R6_LB_AL2395_N0_WFS_EPD3,LB_AL2395,N0,WFS,EDOF,3.0,0.0,0.0,0.46791247893655313,0.7341059186248688,0.4725732061459451,0.36868192731767313,0.31390610698469695,0.2965362121905293,0.2590137062169207
r8-742953bd22b341c38ebb67af89ccc76e,R8_R6_LB_AL2395_N0_WFS_EDOF_EPD3,R6_LB_AL2395_N0_WFS_EPD3,LB_AL2395,N0,WFS,EDOF,3.0,-0.25,-0.25,0.2616686279813413,0.6658262319977158,0.2971508704020429,0.01586737011943037,0.036012112786696075,0.0181739282908534,0.08734478046460765
r8-742953bd22b341c38ebb67af89ccc76e,R8_R6_LB_AL2395_N0_WFS_EDOF_EPD3,R6_LB_AL2395_N0_WFS_EPD3,LB_AL2395,N0,WFS,EDOF,3.0,-0.5,-0.5,0.17565623456836477,0.3053214443431655,0.13690567322196923,0.02411979904721962,0.05952032848559172,0.05217626047319506,0.047998987423579956
r8-742953bd22b341c38ebb67af89ccc76e,R8_R6_LB_AL2395_N0_WFS_EDOF_EPD3,R6_LB_AL2395_N0_WFS_EPD3,LB_AL2395,N0,WFS,EDOF,3.0,-0.75,-0.75,0.12430683313915805,0.06328176059690768,0.03465259117138601,0.049422249106343734,0.01052701269588648,0.004819517485620498,0.011729936706095657
r8-742953bd22b341c38ebb67af89ccc76e,R8_R6_LB_AL2395_N0_WFS_EDOF_EPD3,R6_LB_AL2395_N0_WFS_EPD3,LB_AL2395,N0,WFS,EDOF,3.0,-1.0,-1.0,0.10041063816061195,0.18403003478466587,0.14406202728690004,0.008998861205633537,0.013148280131241894,0.006676563865715153,0.0006774005192410176
r8-742953bd22b341c38ebb67af89ccc76e,R8_R6_LB_AL2395_N0_WFS_EDOF_EPD3,R6_LB_AL2395_N0_WFS_EPD3,LB_AL2395,N0,WFS,EDOF,3.0,-1.25,-1.25,0.08104287369558705,0.06704037573103656,0.05177262501394689,0.0031213403606971265,0.0037993452302500837,0.007538988325584247,0.003916505534439669
r8-742953bd22b341c38ebb67af89ccc76e,R8_R6_LB_AL2395_N0_WFS_EDOF_EPD3,R6_LB_AL2395_N0_WFS_EPD3,LB_AL2395,N0,WFS,EDOF,3.0,-1.5,-1.5,0.06859245476956341,0.08179815784293175,0.008479780134609136,0.007515136664505658,0.002218313368495408,0.007575453795994319,0.0035008286052268483
r8-742953bd22b341c38ebb67af89ccc76e,R8_R6_LB_AL2395_N0_WFS_EDOF_EPD3,R6_LB_AL2395_N0_WFS_EPD3,LB_AL2395,N0,WFS,EDOF,3.0,-1.75,-1.75,0.057477983095782365,0.11309778473646291,0.024008782949513294,0.0027061515438567456,0.010877703711297535,0.0040801900562177995,0.003750441300615553
r8-742953bd22b341c38ebb67af89ccc76e,R8_R6_LB_AL2395_N0_WFS_EDOF_EPD3,R6_LB_AL2395_N0_WFS_EPD3,LB_AL2395,N0,WFS,EDOF,3.0,-2.0,-2.0,0.0471425045245207,0.05446596212185221,0.019085014518655182,4.119005694138344e-05,0.005697769428826156,0.0011657491310309736,0.0016620305236489316
r8-742953bd22b341c38ebb67af89ccc76e,R8_R6_LB_AL2395_N0_WFS_EDOF_EPD3,R6_LB_AL2395_N0_WFS_EPD3,LB_AL2395,N0,WFS,EDOF,3.0,-2.25,-2.25,0.041158784095328506,0.0031073409095019396,0.002125269187880797,0.005610143312539003,0.004627510863344518,0.0031202300292919286,0.0014314796425174319
r8-742953bd22b341c38ebb67af89ccc76e,R8_R6_LB_AL2395_N0_WFS_EDOF_EPD3,R6_LB_AL2395_N0_WFS_EPD3,LB_AL2395,N0,WFS,EDOF,3.0,-2.5,-2.5,0.0369701144192562,0.013087292974722034,0.006235815246935606,0.0048430284837378355,0.00018213253776718362,0.0017873698838250316,0.001531582859130226
r8-742953bd22b341c38ebb67af89ccc76e,R8_R6_LB_AL2395_N0_WFS_EDOF_EPD3,R6_LB_AL2395_N0_WFS_EPD3,LB_AL2395,N0,WFS,EDOF,3.0,-2.75,-2.75,0.03350251713197543,0.027440537714236282,0.004008462838026463,0.004913638621594132,0.0021612503323489773,0.0006131200315467422,0.0015962634196047957
r8-742953bd22b341c38ebb67af89ccc76e,R8_R6_LB_AL2395_N0_WFS_EDOF_EPD3,R6_LB_AL2395_N0_WFS_EPD3,LB_AL2395,N0,WFS,EDOF,3.0,-3.0,-3.0,0.029836158312164605,0.04519994294675957,0.002191630857127559,0.004131953018860823,0.002362253093164526,0.001304340090253399,0.00045848657239367394
r8-742953bd22b341c38ebb67af89ccc76e,R8_R6_LB_AL2395_N0_WFS_MONO_EPD5,R6_LB_AL2395_N0_WFS_EPD5,LB_AL2395,N0,WFS,MONO,5.0,0.5,0.5,0.05851917041431479,0.059305968094115216,0.01650554376127955,0.0047979584532578615,0.002988612768570733,0.0007178592999352178,0.0017655529312550293
r8-742953bd22b341c38ebb67af89ccc76e,R8_R6_LB_AL2395_N0_WFS_MONO_EPD5,R6_LB_AL2395_N0_WFS_EPD5,LB_AL2395,N0,WFS,MONO,5.0,0.25,0.25,0.11137840744834203,0.16991344579646817,0.07843734087638672,0.04871347952820403,0.021794774763568045,0.014885522743074819,0.008433816862566222
r8-742953bd22b341c38ebb67af89ccc76e,R8_R6_LB_AL2395_N0_WFS_MONO_EPD5,R6_LB_AL2395_N0_WFS_EPD5,LB_AL2395,N0,WFS,MONO,5.0,0.0,0.0,0.2603601952133869,0.3621075762386882,0.2577746317642405,0.21615686651202037,0.1711063476224224,0.13585459850201315,0.10105520089194826
r8-742953bd22b341c38ebb67af89ccc76e,R8_R6_LB_AL2395_N0_WFS_MONO_EPD5,R6_LB_AL2395_N0_WFS_EPD5,LB_AL2395,N0,WFS,MONO,5.0,-0.25,-0.25,0.23783220057475524,0.45499189664851003,0.29192877954576535,0.13601380872788643,0.053796684533694884,0.026273261924476817,0.0234629096258356
r8-742953bd22b341c38ebb67af89ccc76e,R8_R6_LB_AL2395_N0_WFS_MONO_EPD5,R6_LB_AL2395_N0_WFS_EPD5,LB_AL2395,N0,WFS,MONO,5.0,-0.5,-0.5,0.1905207050613522,0.40826914934305614,0.0105729285787295,0.03150738838542855,0.10937172588077175,0.07229787820712179,0.027960029641443278
r8-742953bd22b341c38ebb67af89ccc76e,R8_R6_LB_AL2395_N0_WFS_MONO_EPD5,R6_LB_AL2395_N0_WFS_EPD5,LB_AL2395,N0,WFS,MONO,5.0,-0.75,-0.75,0.1518632699672272,0.13829891526308297,0.13280343666479588,0.02767952949616793,0.04516682573759462,0.06538695765981382,0.009360497088559948
r8-742953bd22b341c38ebb67af89ccc76e,R8_R6_LB_AL2395_N0_WFS_MONO_EPD5,R6_LB_AL2395_N0_WFS_EPD5,LB_AL2395,N0,WFS,MONO,5.0,-1.0,-1.0,0.10206792571230831,0.13485136721838703,0.009271623085144044,0.06190811324963854,0.01868618520835667,0.02163709806173248,0.0073384808002074945
r8-742953bd22b341c38ebb67af89ccc76e,R8_R6_LB_AL2395_N0_WFS_MONO_EPD5,R6_LB_AL2395_N0_WFS_EPD5,LB_AL2395,N0,WFS,MONO,5.0,-1.25,-1.25,0.08885289962711505,0.030916225542267643,0.01778100411981246,0.0013861369487386064,0.023030396973646273,0.02547173067374482,0.01780722002255649
r8-742953bd22b341c38ebb67af89ccc76e,R8_R6_LB_AL2395_N0_WFS_MONO_EPD5,R6_LB_AL2395_N0_WFS_EPD5,LB_AL2395,N0,WFS,MONO,5.0,-1.5,-1.5,0.07719730333382464,0.13776754103894023,0.04167051036761786,0.03957142134887816,0.0007699294161834303,0.003626281749499708,0.007431173908582644
r8-742953bd22b341c38ebb67af89ccc76e,R8_R6_LB_AL2395_N0_WFS_MONO_EPD5,R6_LB_AL2395_N0_WFS_EPD5,LB_AL2395,N0,WFS,MONO,5.0,-1.75,-1.75,0.06419723921631532,0.09525740517997283,0.06306409984661063,0.039033632311135456,0.01842038774483162,0.007256063255512759,0.00419028410035495
r8-742953bd22b341c38ebb67af89ccc76e,R8_R6_LB_AL2395_N0_WFS_MONO_EPD5,R6_LB_AL2395_N0_WFS_EPD5,LB_AL2395,N0,WFS,MONO,5.0,-2.0,-2.0,0.05444323806295555,0.029375054519998382,0.04277113618282065,0.023396169257942693,0.013008297530887915,0.008193850736594871,0.0004023242457743791
r8-742953bd22b341c38ebb67af89ccc76e,R8_R6_LB_AL2395_N0_WFS_MONO_EPD5,R6_LB_AL2395_N0_WFS_EPD5,LB_AL2395,N0,WFS,MONO,5.0,-2.25,-2.25,0.044914891827857045,0.08848590441382992,0.0010522374016353952,0.01234483836899445,0.003434305545258865,0.005640644135497415,0.0013276455535667202
r8-742953bd22b341c38ebb67af89ccc76e,R8_R6_LB_AL2395_N0_WFS_MONO_EPD5,R6_LB_AL2395_N0_WFS_EPD5,LB_AL2395,N0,WFS,MONO,5.0,-2.5,-2.5,0.0381603379724589,0.051222697977050424,0.02516161658232953,0.007243718095306717,0.007193200561031924,0.003953317481553752,0.002470474943321661
r8-742953bd22b341c38ebb67af89ccc76e,R8_R6_LB_AL2395_N0_WFS_MONO_EPD5,R6_LB_AL2395_N0_WFS_EPD5,LB_AL2395,N0,WFS,MONO,5.0,-2.75,-2.75,0.03062872044146044,0.016786677980516,0.0162558730211012,0.004528564185835977,0.0018829634951555547,0.002698483695377343,0.0017104065023068877
r8-742953bd22b341c38ebb67af89ccc76e,R8_R6_LB_AL2395_N0_WFS_MONO_EPD5,R6_LB_AL2395_N0_WFS_EPD5,LB_AL2395,N0,WFS,MONO,5.0,-3.0,-3.0,0.023498904746794648,0.04480226326315936,0.0006537699048412267,0.0032545229177024355,0.0031987654165227886,0.0014008850147860532,0.0010715561504738354
r8-742953bd22b341c38ebb67af89ccc76e,R8_R6_LB_AL2395_N0_WFS_EDOF_EPD5,R6_LB_AL2395_N0_WFS_EPD5,LB_AL2395,N0,WFS,EDOF,5.0,0.5,0.75,0.07438232374887617,0.03470229659965886,0.08411522211979355,0.03405245202517152,0.025039182991914027,0.007879688012633328,0.005162232484735975
r8-742953bd22b341c38ebb67af89ccc76e,R8_R6_LB_AL2395_N0_WFS_EDOF_EPD5,R6_LB_AL2395_N0_WFS_EPD5,LB_AL2395,N0,WFS,EDOF,5.0,0.25,0.5,0.10059787207564495,0.12019813257648393,0.040612491965041186,0.07037949689007875,0.023242513112337285,0.017084287901459137,0.004220567346843376
r8-742953bd22b341c38ebb67af89ccc76e,R8_R6_LB_AL2395_N0_WFS_EDOF_EPD5,R6_LB_AL2395_N0_WFS_EPD5,LB_AL2395,N0,WFS,EDOF,5.0,0.0,0.25,0.19716895800363726,0.31776651805519673,0.16032252548143042,0.09600724426269658,0.0990181127560066,0.09836070990845414,0.08805453439308343
r8-742953bd22b341c38ebb67af89ccc76e,R8_R6_LB_AL2395_N0_WFS_EDOF_EPD5,R6_LB_AL2395_N0_WFS_EPD5,LB_AL2395,N0,WFS,EDOF,5.0,-0.25,0.0,0.25335468772670205,0.43509687184278495,0.2886353852501497,0.15654768907053757,0.08865471498332404,0.06588606664798757,0.07387983675919656
r8-742953bd22b341c38ebb67af89ccc76e,R8_R6_LB_AL2395_N0_WFS_EDOF_EPD5,R6_LB_AL2395_N0_WFS_EPD5,LB_AL2395,N0,WFS,EDOF,5.0,-0.5,-0.25,0.17669493766293085,0.40822016486476215,0.013817214323044325,0.012478916653164659,0.08228504114718431,0.032947901261397704,0.009552249825493518
r8-742953bd22b341c38ebb67af89ccc76e,R8_R6_LB_AL2395_N0_WFS_EDOF_EPD5,R6_LB_AL2395_N0_WFS_EPD5,LB_AL2395,N0,WFS,EDOF,5.0,-0.75,-0.5,0.1535527764780652,0.13962564923525936,0.1353693275887013,0.057797616650578684,0.026667789421968485,0.05690835169141024,0.015628214677238635
r8-742953bd22b341c38ebb67af89ccc76e,R8_R6_LB_AL2395_N0_WFS_EDOF_EPD5,R6_LB_AL2395_N0_WFS_EPD5,LB_AL2395,N0,WFS,EDOF,5.0,-1.0,-0.75,0.10682947045687849,0.14348844784914244,0.0513893354463489,0.0662222966673047,0.042210292924773594,0.043418143248856594,0.0006400367199552764
r8-742953bd22b341c38ebb67af89ccc76e,R8_R6_LB_AL2395_N0_WFS_EDOF_EPD5,R6_LB_AL2395_N0_WFS_EPD5,LB_AL2395,N0,WFS,EDOF,5.0,-1.25,-1.0,0.08713716716893322,0.019209360087824225,0.009475690429204552,0.008874025867432586,0.03614530745500671,0.021547190853853013,0.018129058645736235
r8-742953bd22b341c38ebb67af89ccc76e,R8_R6_LB_AL2395_N0_WFS_EDOF_EPD5,R6_LB_AL2395_N0_WFS_EPD5,LB_AL2395,N0,WFS,EDOF,5.0,-1.5,-1.25,0.07336338364860316,0.1390659030381688,0.051200203872013336,0.028274267348006348,0.0012963952435733582,0.012387395451151424,0.012535602676037044
r8-742953bd22b341c38ebb67af89ccc76e,R8_R6_LB_AL2395_N0_WFS_EDOF_EPD5,R6_LB_AL2395_N0_WFS_EPD5,LB_AL2395,N0,WFS,EDOF,5.0,-1.75,-1.5,0.06435693706111102,0.07438366450661925,0.07151368552702976,0.041603984729967174,0.02018227106125715,0.007501095493446312,0.010348449051333548
r8-742953bd22b341c38ebb67af89ccc76e,R8_R6_LB_AL2395_N0_WFS_EDOF_EPD5,R6_LB_AL2395_N0_WFS_EPD5,LB_AL2395,N0,WFS,EDOF,5.0,-2.0,-1.75,0.05434717087700849,0.00042589768280180094,0.04625842013811256,0.023623725042037136,0.012329811059813841,0.007600653536021966,0.005060756143459227
r8-742953bd22b341c38ebb67af89ccc76e,R8_R6_LB_AL2395_N0_WFS_EDOF_EPD5,R6_LB_AL2395_N0_WFS_EPD5,LB_AL2395,N0,WFS,EDOF,5.0,-2.25,-2.0,0.045582829711108275,0.10584245646408759,0.0016650408946887636,0.014320716006537287,0.005547426231021299,0.004866223821947477,0.002825273725997629
r8-742953bd22b341c38ebb67af89ccc76e,R8_R6_LB_AL2395_N0_WFS_EDOF_EPD5,R6_LB_AL2395_N0_WFS_EPD5,LB_AL2395,N0,WFS,EDOF,5.0,-2.5,-2.25,0.038122393117002676,0.05572152517295471,0.024622281856065048,0.005240270878559917,0.008683262081068698,0.0017330833696431458,4.2947576866231874e-05
r8-742953bd22b341c38ebb67af89ccc76e,R8_R6_LB_AL2395_N0_WFS_EDOF_EPD5,R6_LB_AL2395_N0_WFS_EPD5,LB_AL2395,N0,WFS,EDOF,5.0,-2.75,-2.5,0.031192211293965544,0.03630692538431519,0.014784714231845072,0.006072497574866611,0.001991661215751619,0.002701342347041032,0.0010525828697964766
r8-742953bd22b341c38ebb67af89ccc76e,R8_R6_LB_AL2395_N0_WFS_EDOF_EPD5,R6_LB_AL2395_N0_WFS_EPD5,LB_AL2395,N0,WFS,EDOF,5.0,-3.0,-2.75,0.023812752038776645,0.026070071785565987,0.0012525484232648123,0.0025437594627462368,0.004021948355955592,0.0007403011130329355,0.0018037774795128224
r8-742953bd22b341c38ebb67af89ccc76e,R8_R6_LB_AL2395_N0_RAD_MONO_EPD3,R6_LB_AL2395_N0_RAD_EPD3,LB_AL2395,N0,RAD,MONO,3.0,0.5,0.5,0.13690924428467216,0.23018374378381434,0.056894873337231845,0.0025108608986157896,0.026656375369175804,0.024002661351155523,0.018817279047579884
r8-742953bd22b341c38ebb67af89ccc76e,R8_R6_LB_AL2395_N0_RAD_MONO_EPD3,R6_LB_AL2395_N0_RAD_EPD3,LB_AL2395,N0,RAD,MONO,3.0,0.25,0.25,0.24897877191926554,0.6340267623561338,0.26397346671303107,0.07779737556431977,0.005770810509854905,0.014741961682148797,0.014668250311517203
r8-742953bd22b341c38ebb67af89ccc76e,R8_R6_LB_AL2395_N0_RAD_MONO_EPD3,R6_LB_AL2395_N0_RAD_EPD3,LB_AL2395,N0,RAD,MONO,3.0,0.0,0.0,0.6411897062211355,0.8724028619725142,0.7490239130527294,0.6334607146288002,0.5220900032363841,0.4153638988469188,0.3133836195735509
r8-742953bd22b341c38ebb67af89ccc76e,R8_R6_LB_AL2395_N0_RAD_MONO_EPD3,R6_LB_AL2395_N0_RAD_EPD3,LB_AL2395,N0,RAD,MONO,3.0,-0.25,-0.25,0.29802824434449665,0.7307625660663015,0.3679167982975109,0.13243638344968178,0.037076293035224445,0.01749474436588835,0.028331736211717622
r8-742953bd22b341c38ebb67af89ccc76e,R8_R6_LB_AL2395_N0_RAD_MONO_EPD3,R6_LB_AL2395_N0_RAD_EPD3,LB_AL2395,N0,RAD,MONO,3.0,-0.5,-0.5,0.16198807831004672,0.3153934259351683,0.10978813467049038,0.040886104291311905,0.020895281563555794,0.02681619531790381,0.01680856047807037
r8-742953bd22b341c38ebb67af89ccc76e,R8_R6_LB_AL2395_N0_RAD_MONO_EPD3,R6_LB_AL2395_N0_RAD_EPD3,LB_AL2395,N0,RAD,MONO,3.0,-0.75,-0.75,0.11290756280110523,0.045845165205455174,0.01596163493785384,0.027157514294555332,0.01751041846818514,0.014964350627569307,0.011074819539003859
r8-742953bd22b341c38ebb67af89ccc76e,R8_R6_LB_AL2395_N0_RAD_MONO_EPD3,R6_LB_AL2395_N0_RAD_EPD3,LB_AL2395,N0,RAD,MONO,3.0,-1.0,-1.0,0.0857286962469246,0.13384725555484006,0.02914693835993219,0.010607534192549216,0.016556038729190325,0.00801353629224101,0.007443993526483138
r8-742953bd22b341c38ebb67af89ccc76e,R8_R6_LB_AL2395_N0_RAD_MONO_EPD3,R6_LB_AL2395_N0_RAD_EPD3,LB_AL2395,N0,RAD,MONO,3.0,-1.25,-1.25,0.06751451651889542,0.023305344724033825,0.03084708482346141,0.007128910878998016,0.008280932669371178,0.001997697524175971,0.0001233176667640608
r8-742953bd22b341c38ebb67af89ccc76e,R8_R6_LB_AL2395_N0_RAD_MONO_EPD3,R6_LB_AL2395_N0_RAD_EPD3,LB_AL2395,N0,RAD,MONO,3.0,-1.5,-1.5,0.057184092975008496,0.06641124207577052,0.023967838821690395,0.0014002163705634683,0.002517245567827331,0.005706596108536507,0.001686795286364499
r8-742953bd22b341c38ebb67af89ccc76e,R8_R6_LB_AL2395_N0_RAD_MONO_EPD3,R6_LB_AL2395_N0_RAD_EPD3,LB_AL2395,N0,RAD,MONO,3.0,-1.75,-1.75,0.049294392394694686,0.03696027819994793,0.010626835366439194,0.0009233159809647166,0.004094631627540632,0.0053242578512159135,0.003350907411855848
r8-742953bd22b341c38ebb67af89ccc76e,R8_R6_LB_AL2395_N0_RAD_MONO_EPD3,R6_LB_AL2395_N0_RAD_EPD3,LB_AL2395,N0,RAD,MONO,3.0,-2.0,-2.0,0.04248751769304028,0.028667373288994134,0.00017409090447014083,0.0013086041301023441,0.005378102703334552,0.0014608672258933427,0.0029340207426301066
r8-742953bd22b341c38ebb67af89ccc76e,R8_R6_LB_AL2395_N0_RAD_MONO_EPD3,R6_LB_AL2395_N0_RAD_EPD3,LB_AL2395,N0,RAD,MONO,3.0,-2.25,-2.25,0.03752025529047877,0.03122304773506424,0.007325619523256879,0.0029778872081243205,0.005203774975155059,0.0018549211426281082,0.00028839489946366347
r8-742953bd22b341c38ebb67af89ccc76e,R8_R6_LB_AL2395_N0_RAD_MONO_EPD3,R6_LB_AL2395_N0_RAD_EPD3,LB_AL2395,N0,RAD,MONO,3.0,-2.5,-2.5,0.03455555259412115,0.012153488577260847,0.010540460265216833,0.004169060892921632,0.002284192474895642,0.0019385556981670004,0.0010531293092171227
r8-742953bd22b341c38ebb67af89ccc76e,R8_R6_LB_AL2395_N0_RAD_MONO_EPD3,R6_LB_AL2395_N0_RAD_EPD3,LB_AL2395,N0,RAD,MONO,3.0,-2.75,-2.75,0.0312325068097145,0.025952200237733775,0.009309544807260539,0.004001670010078435,0.00037447000030974047,0.00114176455237937,0.001838799311928665
r8-742953bd22b341c38ebb67af89ccc76e,R8_R6_LB_AL2395_N0_RAD_MONO_EPD3,R6_LB_AL2395_N0_RAD_EPD3,LB_AL2395,N0,RAD,MONO,3.0,-3.0,-3.0,0.02696707001471539,0.0021565286086434824,0.004481792041966715,0.0039624841559408016,0.0014125965074546123,5.508484110080596e-05,0.0012311286922470034
r8-742953bd22b341c38ebb67af89ccc76e,R8_R6_LB_AL2395_N0_RAD_EDOF_EPD3,R6_LB_AL2395_N0_RAD_EPD3,LB_AL2395,N0,RAD,EDOF,3.0,0.5,0.25,0.1942101165057205,0.42933154174474913,0.19584577992871405,0.0703100026659163,0.0016149968942175917,0.04800771649480379,0.0711763776064415
r8-742953bd22b341c38ebb67af89ccc76e,R8_R6_LB_AL2395_N0_RAD_EDOF_EPD3,R6_LB_AL2395_N0_RAD_EPD3,LB_AL2395,N0,RAD,EDOF,3.0,0.25,0.0,0.30796862286735627,0.369264305591224,0.3284036878258475,0.3053973583203291,0.23124279954261692,0.18018811951515662,0.11827702400402698
r8-742953bd22b341c38ebb67af89ccc76e,R8_R6_LB_AL2395_N0_RAD_EDOF_EPD3,R6_LB_AL2395_N0_RAD_EPD3,LB_AL2395,N0,RAD,EDOF,3.0,0.0,-0.25,0.13336671715283546,0.26821173917754704,0.14958083208588868,0.0022035823127150834,0.013622849654080756,0.006733502391258257,0.005414099617736106
r8-742953bd22b341c38ebb67af89ccc76e,R8_R6_LB_AL2395_N0_RAD_EDOF_EPD3,R6_LB_AL2395_N0_RAD_EPD3,LB_AL2395,N0,RAD,EDOF,3.0,-0.25,-0.5,0.09201653756209058,0.16420875001257448,0.04765692202571749,0.01280200296717821,0.016231031791804882,0.008234299632899709,0.014798209094596447
r8-742953bd22b341c38ebb67af89ccc76e,R8_R6_LB_AL2395_N0_RAD_EDOF_EPD3,R6_LB_AL2395_N0_RAD_EPD3,LB_AL2395,N0,RAD,EDOF,3.0,-0.5,-0.75,0.07103504350118797,0.0695736674218924,0.01241056032835524,0.017605135218649866,0.009263241036253594,0.007573269585730919,0.026995411193503467
r8-742953bd22b341c38ebb67af89ccc76e,R8_R6_LB_AL2395_N0_RAD_EDOF_EPD3,R6_LB_AL2395_N0_RAD_EPD3,LB_AL2395,N0,RAD,EDOF,3.0,-0.75,-1.0,0.061661332085393046,0.0029486521338384147,0.02742350548787626,0.027677357346244748,0.0042895337631129946,0.020677701614826554,0.006480725607130538
r8-742953bd22b341c38ebb67af89ccc76e,R8_R6_LB_AL2395_N0_RAD_EDOF_EPD3,R6_LB_AL2395_N0_RAD_EPD3,LB_AL2395,N0,RAD,EDOF,3.0,-1.0,-1.25,0.0709461162130851,0.028282211998076227,0.0485401162414205,0.027536298854631557,0.04190357767001298,0.0265619457523636,0.013770932053127937
r8-742953bd22b341c38ebb67af89ccc76e,R8_R6_LB_AL2395_N0_RAD_EDOF_EPD3,R6_LB_AL2395_N0_RAD_EPD3,LB_AL2395,N0,RAD,EDOF,3.0,-1.25,-1.5,0.0493403109143556,0.0012129396262429545,0.01968226822546636,0.007929456824599068,0.012373873873957428,0.011069375687713495,0.009881886007827342
r8-742953bd22b341c38ebb67af89ccc76e,R8_R6_LB_AL2395_N0_RAD_EDOF_EPD3,R6_LB_AL2395_N0_RAD_EPD3,LB_AL2395,N0,RAD,EDOF,3.0,-1.5,-1.75,0.04173016978218737,0.049908428781038454,0.003664201156503504,0.019409293109658336,0.0032905173025694918,0.004034935774030436,0.0034721282020029336
r8-742953bd22b341c38ebb67af89ccc76e,R8_R6_LB_AL2395_N0_RAD_EDOF_EPD3,R6_LB_AL2395_N0_RAD_EPD3,LB_AL2395,N0,RAD,EDOF,3.0,-1.75,-2.0,0.04247839295451677,0.06577904625407754,0.001123368477292518,0.029465068143098398,0.012371920660107427,0.00872893308022583,0.013266240894961633
r8-742953bd22b341c38ebb67af89ccc76e,R8_R6_LB_AL2395_N0_RAD_EDOF_EPD3,R6_LB_AL2395_N0_RAD_EPD3,LB_AL2395,N0,RAD,EDOF,3.0,-2.0,-2.25,0.03792194851267243,0.03483095635309417,0.009333854210253165,0.0005935615253584472,0.0020658239562703533,0.013986488317544263,0.013994713309003405
r8-742953bd22b341c38ebb67af89ccc76e,R8_R6_LB_AL2395_N0_RAD_EDOF_EPD3,R6_LB_AL2395_N0_RAD_EPD3,LB_AL2395,N0,RAD,EDOF,3.0,-2.25,-2.5,0.03970678509749183,0.006256287034246985,0.023343957660337866,0.007681975869350264,0.006699803227934694,0.005203143382051206,0.010646949492262778
r8-742953bd22b341c38ebb67af89ccc76e,R8_R6_LB_AL2395_N0_RAD_EDOF_EPD3,R6_LB_AL2395_N0_RAD_EPD3,LB_AL2395,N0,RAD,EDOF,3.0,-2.5,-2.75,0.03806330869185255,0.017705577573792732,0.005181239325322936,0.0037144574822293294,0.013525441303495905,0.022722304111288144,0.014622943436703562
r8-742953bd22b341c38ebb67af89ccc76e,R8_R6_LB_AL2395_N0_RAD_EDOF_EPD3,R6_LB_AL2395_N0_RAD_EPD3,LB_AL2395,N0,RAD,EDOF,3.0,-2.75,-3.0,0.03823513035379066,5.820445523161246e-05,0.016530393621018748,0.006483803500623036,0.014152215145582034,0.011578590209299276,0.0068531746538677794
r8-742953bd22b341c38ebb67af89ccc76e,R8_R6_LB_AL2395_N0_RAD_EDOF_EPD3,R6_LB_AL2395_N0_RAD_EPD3,LB_AL2395,N0,RAD,EDOF,3.0,-3.0,-3.25,0.044375073277797675,0.021183624296775352,0.023672345688844673,0.017893802616065164,0.022186414362394342,0.0020577868740489016,0.008826342395483237
r8-742953bd22b341c38ebb67af89ccc76e,R8_R6_LB_AL2395_N0_RAD_MONO_EPD5,R6_LB_AL2395_N0_RAD_EPD5,LB_AL2395,N0,RAD,MONO,5.0,0.5,0.5,0.057473408877057756,0.03279553807465132,0.005235988087196169,0.004015560598829049,0.004558742753484354,0.0038608018136685627,0.0010884971992504411
r8-742953bd22b341c38ebb67af89ccc76e,R8_R6_LB_AL2395_N0_RAD_MONO_EPD5,R6_LB_AL2395_N0_RAD_EPD5,LB_AL2395,N0,RAD,MONO,5.0,0.25,0.25,0.1035300397153904,0.19085146631065406,0.059806605316729086,0.0126559495630855,0.008450219353877684,0.007151225208064644,0.0016165611451955312
r8-742953bd22b341c38ebb67af89ccc76e,R8_R6_LB_AL2395_N0_RAD_MONO_EPD5,R6_LB_AL2395_N0_RAD_EPD5,LB_AL2395,N0,RAD,MONO,5.0,0.0,0.0,0.2997496298497298,0.3967285438262845,0.314986482138892,0.23566824621091018,0.19048823650956842,0.15260373913839442,0.11561877738183292
r8-742953bd22b341c38ebb67af89ccc76e,R8_R6_LB_AL2395_N0_RAD_MONO_EPD5,R6_LB_AL2395_N0_RAD_EPD5,LB_AL2395,N0,RAD,MONO,5.0,-0.25,-0.25,0.270190195537688,0.607413495347063,0.3355579650679358,0.14672155260523687,0.03543979776514333,0.006739807974872026,0.012014745231651221
r8-742953bd22b341c38ebb67af89ccc76e,R8_R6_LB_AL2395_N0_RAD_MONO_EPD5,R6_LB_AL2395_N0_RAD_EPD5,LB_AL2395,N0,RAD,MONO,5.0,-0.5,-0.5,0.19788506704194778,0.443801635140583,0.0012061213745500519,0.09075947026910228,0.12048818470626466,0.03743899996127276,0.012210356519655921
r8-742953bd22b341c38ebb67af89ccc76e,R8_R6_LB_AL2395_N0_RAD_MONO_EPD5,R6_LB_AL2395_N0_RAD_EPD5,LB_AL2395,N0,RAD,MONO,5.0,-0.75,-0.75,0.12904001414480537,0.09467157421994747,0.12137914770330317,0.061804582936576265,0.07284931102074022,0.0358497209109939,0.018738821108496943
r8-742953bd22b341c38ebb67af89ccc76e,R8_R6_LB_AL2395_N0_RAD_MONO_EPD5,R6_LB_AL2395_N0_RAD_EPD5,LB_AL2395,N0,RAD,MONO,5.0,-1.0,-1.0,0.10177981043153382,0.12119437240704699,0.09451974291482315,0.02243262575062268,0.043467817615221234,0.0020022419205463467,0.0016037761146793295
r8-742953bd22b341c38ebb67af89ccc76e,R8_R6_LB_AL2395_N0_RAD_MONO_EPD5,R6_LB_AL2395_N0_RAD_EPD5,LB_AL2395,N0,RAD,MONO,5.0,-1.25,-1.25,0.07961675524041531,0.15536426850765023,0.06704053337806433,0.015745722727435883,0.007618274847199123,0.015365195763498204,0.003324189150248462
r8-742953bd22b341c38ebb67af89ccc76e,R8_R6_LB_AL2395_N0_RAD_MONO_EPD5,R6_LB_AL2395_N0_RAD_EPD5,LB_AL2395,N0,RAD,MONO,5.0,-1.5,-1.5,0.06410886534091129,0.018802339255969497,0.0053332654022829,0.023236576231471757,0.01381111802162885,0.010182300459365209,0.004328957921842397
r8-742953bd22b341c38ebb67af89ccc76e,R8_R6_LB_AL2395_N0_RAD_MONO_EPD5,R6_LB_AL2395_N0_RAD_EPD5,LB_AL2395,N0,RAD,MONO,5.0,-1.75,-1.75,0.05267065623935162,0.07804673874801987,0.034920121765936854,0.0212311291113757,0.00846197436772096,0.005357481955863574,0.004024444093676196
r8-742953bd22b341c38ebb67af89ccc76e,R8_R6_LB_AL2395_N0_RAD_MONO_EPD5,R6_LB_AL2395_N0_RAD_EPD5,LB_AL2395,N0,RAD,MONO,5.0,-2.0,-2.0,0.04348379262269321,0.07659771830535533,0.030579551535292307,0.015089018731479307,0.004219296374480324,0.002705487869905103,0.002102705977392975
r8-742953bd22b341c38ebb67af89ccc76e,R8_R6_LB_AL2395_N0_RAD_MONO_EPD5,R6_LB_AL2395_N0_RAD_EPD5,LB_AL2395,N0,RAD,MONO,5.0,-2.25,-2.25,0.034033549624374784,0.018365712114032477,0.0008119876671950829,0.009718679537379857,0.0036449970068910546,0.0012863414599076524,0.0014678740675700098
r8-742953bd22b341c38ebb67af89ccc76e,R8_R6_LB_AL2395_N0_RAD_MONO_EPD5,R6_LB_AL2395_N0_RAD_EPD5,LB_AL2395,N0,RAD,MONO,5.0,-2.5,-2.5,0.029048655866845987,0.03141683759764606,0.014716732803037123,0.006852654152181969,0.0026553299219351056,0.0009420784082346112,0.0006992470850860276
r8-742953bd22b341c38ebb67af89ccc76e,R8_R6_LB_AL2395_N0_RAD_MONO_EPD5,R6_LB_AL2395_N0_RAD_EPD5,LB_AL2395,N0,RAD,MONO,5.0,-2.75,-2.75,0.023417868334260048,0.03666336034491237,0.005794174532308228,0.004374488173562265,0.0024103936428611955,2.90324944044904e-05,0.0017845180334502104
r8-742953bd22b341c38ebb67af89ccc76e,R8_R6_LB_AL2395_N0_RAD_MONO_EPD5,R6_LB_AL2395_N0_RAD_EPD5,LB_AL2395,N0,RAD,MONO,5.0,-3.0,-3.0,0.015583115024555637,0.005951966819772316,0.0018139691277549532,0.0018532399524834162,0.002959109893178905,0.0005271425535924772,0.0012971743911514102
r8-742953bd22b341c38ebb67af89ccc76e,R8_R6_LB_AL2395_N0_RAD_EDOF_EPD5,R6_LB_AL2395_N0_RAD_EPD5,LB_AL2395,N0,RAD,EDOF,5.0,0.5,1.0,0.09709483988635399,0.18621558508052513,0.07688823892089197,0.0025528887123590846,0.009470171186789967,0.021253479034992282,0.03299555569859443
r8-742953bd22b341c38ebb67af89ccc76e,R8_R6_LB_AL2395_N0_RAD_EDOF_EPD5,R6_LB_AL2395_N0_RAD_EPD5,LB_AL2395,N0,RAD,EDOF,5.0,0.25,0.75,0.16571868501570844,0.15339067963919858,0.15281569771522854,0.14960998346391205,0.10500850329213998,0.09389490785906023,0.06817098973462532
r8-742953bd22b341c38ebb67af89ccc76e,R8_R6_LB_AL2395_N0_RAD_EDOF_EPD5,R6_LB_AL2395_N0_RAD_EPD5,LB_AL2395,N0,RAD,EDOF,5.0,0.0,0.5,0.1071892617850328,0.12305392846342761,0.06803328276722465,0.02957893628018345,0.03391569909763531,0.01065443578162725,0.002521531269150081
r8-742953bd22b341c38ebb67af89ccc76e,R8_R6_LB_AL2395_N0_RAD_EDOF_EPD5,R6_LB_AL2395_N0_RAD_EPD5,LB_AL2395,N0,RAD,EDOF,5.0,-0.25,0.25,0.1646087224832252,0.30310220225599854,0.09158337166014316,0.08189747723731526,0.04752362226553186,0.03512374444548927,0.0019429652414544596
r8-742953bd22b341c38ebb67af89ccc76e,R8_R6_LB_AL2395_N0_RAD_EDOF_EPD5,R6_LB_AL2395_N0_RAD_EPD5,LB_AL2395,N0,RAD,EDOF,5.0,-0.5,0.0,0.18409398441671063,0.3517281291641706,0.13878453186808415,0.03526912614314544,0.0935662753829987,0.05615185302002079,0.033681249381000936
r8-742953bd22b341c38ebb67af89ccc76e,R8_R6_LB_AL2395_N0_RAD_EDOF_EPD5,R6_LB_AL2395_N0_RAD_EPD5,LB_AL2395,N0,RAD,EDOF,5.0,-0.75,-0.25,0.10037270765136093,0.003883815059876608,0.040831790919200556,0.029083803171124974,0.02160532142864089,0.0035696300164528407,0.0021339823801972205
r8-742953bd22b341c38ebb67af89ccc76e,R8_R6_LB_AL2395_N0_RAD_EDOF_EPD5,R6_LB_AL2395_N0_RAD_EPD5,LB_AL2395,N0,RAD,EDOF,5.0,-1.0,-0.5,0.07417904974538589,0.06471876533862675,0.016213584213062196,0.037187519473190364,0.0007362338191657491,0.012671203744502677,0.025225863003359952
r8-742953bd22b341c38ebb67af89ccc76e,R8_R6_LB_AL2395_N0_RAD_EDOF_EPD5,R6_LB_AL2395_N0_RAD_EPD5,LB_AL2395,N0,RAD,EDOF,5.0,-1.25,-0.75,0.05737767717011177,0.11467236961870975,0.036431462433511946,0.0016644451715787016,0.00245503648624338,0.0002882950100795299,0.008405149349238543
r8-742953bd22b341c38ebb67af89ccc76e,R8_R6_LB_AL2395_N0_RAD_EDOF_EPD5,R6_LB_AL2395_N0_RAD_EPD5,LB_AL2395,N0,RAD,EDOF,5.0,-1.5,-1.0,0.05183158647509322,0.04032745542473498,0.023989626958050014,0.0031533154968071716,0.004587843140152007,0.004971341521882677,0.005327550249785153
r8-742953bd22b341c38ebb67af89ccc76e,R8_R6_LB_AL2395_N0_RAD_EDOF_EPD5,R6_LB_AL2395_N0_RAD_EPD5,LB_AL2395,N0,RAD,EDOF,5.0,-1.75,-1.25,0.05126240958506955,0.02832128808912835,0.057162087387082394,9.061442217390536e-05,0.0007131488620178674,0.000873037353709916,0.007429755612467813
r8-742953bd22b341c38ebb67af89ccc76e,R8_R6_LB_AL2395_N0_RAD_EDOF_EPD5,R6_LB_AL2395_N0_RAD_EPD5,LB_AL2395,N0,RAD,EDOF,5.0,-2.0,-1.5,0.04839416907483054,0.11745706621902122,0.036782736932117255,0.0010340155968914376,0.009368349619066647,0.00587977606421493,0.0010999706813820736
r8-742953bd22b341c38ebb67af89ccc76e,R8_R6_LB_AL2395_N0_RAD_EDOF_EPD5,R6_LB_AL2395_N0_RAD_EPD5,LB_AL2395,N0,RAD,EDOF,5.0,-2.25,-1.75,0.0440262234260602,0.04301711608186977,0.007941681848840532,0.002703506550879491,0.00020150076499704625,0.004308683028814564,0.00853212241751592
r8-742953bd22b341c38ebb67af89ccc76e,R8_R6_LB_AL2395_N0_RAD_EDOF_EPD5,R6_LB_AL2395_N0_RAD_EPD5,LB_AL2395,N0,RAD,EDOF,5.0,-2.5,-2.0,0.03695440078891925,0.05944973698273062,0.01871933955983135,0.01623681558811891,0.003153034611158797,0.004856013730987804,0.0028845746232039086
r8-742953bd22b341c38ebb67af89ccc76e,R8_R6_LB_AL2395_N0_RAD_EDOF_EPD5,R6_LB_AL2395_N0_RAD_EPD5,LB_AL2395,N0,RAD,EDOF,5.0,-2.75,-2.25,0.02940654649593952,0.058213436379230585,0.011074530609600067,0.016319991573942448,0.006828091038091529,0.007177355646476312,0.00014592597474867125
r8-742953bd22b341c38ebb67af89ccc76e,R8_R6_LB_AL2395_N0_RAD_EDOF_EPD5,R6_LB_AL2395_N0_RAD_EPD5,LB_AL2395,N0,RAD,EDOF,5.0,-3.0,-2.5,0.022710224438315767,0.02279330360227737,0.0025474866668406086,0.01756222508607159,0.0007550209213470751,0.0031545280229922537,0.0029009788460660356
r8-742953bd22b341c38ebb67af89ccc76e,R8_R6_LB_AL2395_N0_HOA_MONO_EPD3,R6_LB_AL2395_N0_HOA_EPD3,LB_AL2395,N0,HOA,MONO,3.0,0.5,0.5,0.1675340215816003,0.27815121373727947,0.09909993881925251,0.07092849741418486,0.04537571581347813,0.02900184819896243,0.019940295703751568
r8-742953bd22b341c38ebb67af89ccc76e,R8_R6_LB_AL2395_N0_HOA_MONO_EPD3,R6_LB_AL2395_N0_HOA_EPD3,LB_AL2395,N0,HOA,MONO,3.0,0.25,0.25,0.31372505399910783,0.595713059683456,0.3438138338448437,0.22723082683810783,0.14435743160032946,0.07385256298387491,0.019620606891257296
r8-742953bd22b341c38ebb67af89ccc76e,R8_R6_LB_AL2395_N0_HOA_MONO_EPD3,R6_LB_AL2395_N0_HOA_EPD3,LB_AL2395,N0,HOA,MONO,3.0,0.0,0.0,0.5540789698179475,0.8063285146241576,0.6325982224114688,0.5008932548275137,0.4055035053202641,0.3424659168273354,0.28552209745714463
r8-742953bd22b341c38ebb67af89ccc76e,R8_R6_LB_AL2395_N0_HOA_MONO_EPD3,R6_LB_AL2395_N0_HOA_EPD3,LB_AL2395,N0,HOA,MONO,3.0,-0.25,-0.25,0.2524405070676971,0.6937578568474363,0.24243871513649057,0.007215880073960879,0.044926335979399615,0.0228714482472852,0.0068836541822617
r8-742953bd22b341c38ebb67af89ccc76e,R8_R6_LB_AL2395_N0_HOA_MONO_EPD3,R6_LB_AL2395_N0_HOA_EPD3,LB_AL2395,N0,HOA,MONO,3.0,-0.5,-0.5,0.1811689379304226,0.2970362036171296,0.16119335537177404,0.017289273340503584,0.07296503145347277,0.050810524833228225,0.035272001662389564
r8-742953bd22b341c38ebb67af89ccc76e,R8_R6_LB_AL2395_N0_HOA_MONO_EPD3,R6_LB_AL2395_N0_HOA_EPD3,LB_AL2395,N0,HOA,MONO,3.0,-0.75,-0.75,0.12773321581744412,0.09111881606732436,0.04343651364566636,0.025766410468500638,0.030995784571662088,0.012033615094128277,0.009916491566117758
r8-742953bd22b341c38ebb67af89ccc76e,R8_R6_LB_AL2395_N0_HOA_MONO_EPD3,R6_LB_AL2395_N0_HOA_EPD3,LB_AL2395,N0,HOA,MONO,3.0,-1.0,-1.0,0.09924495737954905,0.2065536932922861,0.06062068079273292,0.014361732482813947,0.022424660680097436,0.0033929966847429274,0.0054374186820757295
r8-742953bd22b341c38ebb67af89ccc76e,R8_R6_LB_AL2395_N0_HOA_MONO_EPD3,R6_LB_AL2395_N0_HOA_EPD3,LB_AL2395,N0,HOA,MONO,3.0,-1.25,-1.25,0.08015130560977207,0.06737337496756379,0.05883462768823159,0.013627228962297254,0.007727116712573977,0.007192091171374643,0.0023922095429033453
r8-742953bd22b341c38ebb67af89ccc76e,R8_R6_LB_AL2395_N0_HOA_MONO_EPD3,R6_LB_AL2395_N0_HOA_EPD3,LB_AL2395,N0,HOA,MONO,3.0,-1.5,-1.5,0.06745029823856817,0.08821703978248092,0.030972055785044156,0.00635419680137982,0.0003070081144537952,0.007065127947335397,0.0027141203403550558
r8-742953bd22b341c38ebb67af89ccc76e,R8_R6_LB_AL2395_N0_HOA_MONO_EPD3,R6_LB_AL2395_N0_HOA_EPD3,LB_AL2395,N0,HOA,MONO,3.0,-1.75,-1.75,0.05781032621775623,0.08829130850628052,0.00034922350367684336,0.005243203547111242,0.006344810815727359,0.004111267126630226,0.0037846692751319724
r8-742953bd22b341c38ebb67af89ccc76e,R8_R6_LB_AL2395_N0_HOA_MONO_EPD3,R6_LB_AL2395_N0_HOA_EPD3,LB_AL2395,N0,HOA,MONO,3.0,-2.0,-2.0,0.04899079623411608,0.01228415972817457,0.01547802748142197,0.0009674822958366577,0.00615236131274569,0.0007625450901897368,0.0017592064822079623
r8-742953bd22b341c38ebb67af89ccc76e,R8_R6_LB_AL2395_N0_HOA_MONO_EPD3,R6_LB_AL2395_N0_HOA_EPD3,LB_AL2395,N0,HOA,MONO,3.0,-2.25,-2.25,0.043763319272412525,0.06019061382796822,0.019380344961791158,0.0008939362194758855,0.00525147206192802,0.002713985008482391,0.0010121352552914303
r8-742953bd22b341c38ebb67af89ccc76e,R8_R6_LB_AL2395_N0_HOA_MONO_EPD3,R6_LB_AL2395_N0_HOA_EPD3,LB_AL2395,N0,HOA,MONO,3.0,-2.5,-2.5,0.039084637370641426,0.013817088925713929,0.014522203349545942,0.0020331611181539267,0.001655366542577583,0.0018011123088486642,0.0017644732577102933
r8-742953bd22b341c38ebb67af89ccc76e,R8_R6_LB_AL2395_N0_HOA_MONO_EPD3,R6_LB_AL2395_N0_HOA_EPD3,LB_AL2395,N0,HOA,MONO,3.0,-2.75,-2.75,0.03519753601356015,0.036794287210005064,0.005885716479669897,0.0020662992965295624,0.00049228822163888,0.0006206976874292417,0.0018707576157493545
r8-742953bd22b341c38ebb67af89ccc76e,R8_R6_LB_AL2395_N0_HOA_MONO_EPD3,R6_LB_AL2395_N0_HOA_EPD3,LB_AL2395,N0,HOA,MONO,3.0,-3.0,-3.0,0.03061544594841349,0.022157900212145806,0.0018991277324951926,0.0025709989009172866,0.0015492090701684984,0.0007793985009154697,0.0008621408014916789
r8-742953bd22b341c38ebb67af89ccc76e,R8_R6_LB_AL2395_N0_HOA_EDOF_EPD3,R6_LB_AL2395_N0_HOA_EPD3,LB_AL2395,N0,HOA,EDOF,3.0,0.5,0.75,0.06963523430347554,0.043829866111026815,0.004257503556367372,0.031150371637067988,0.016554934167978808,0.012811869886051054,0.0014602097172517542
r8-742953bd22b341c38ebb67af89ccc76e,R8_R6_LB_AL2395_N0_HOA_EDOF_EPD3,R6_LB_AL2395_N0_HOA_EPD3,LB_AL2395,N0,HOA,EDOF,3.0,0.25,0.5,0.07727634555615447,0.08035658438923662,0.002982547559994043,0.012406040324034737,0.016024663396200477,0.0007571432933875539,0.013450772731403646
r8-742953bd22b341c38ebb67af89ccc76e,R8_R6_LB_AL2395_N0_HOA_EDOF_EPD3,R6_LB_AL2395_N0_HOA_EPD3,LB_AL2395,N0,HOA,EDOF,3.0,0.0,0.25,0.15299796404848814,0.2656041307199401,0.11261619332781937,0.07887675731485327,0.056940832271867865,0.06104666516912738,0.057095805379324086
r8-742953bd22b341c38ebb67af89ccc76e,R8_R6_LB_AL2395_N0_HOA_EDOF_EPD3,R6_LB_AL2395_N0_HOA_EPD3,LB_AL2395,N0,HOA,EDOF,3.0,-0.25,0.0,0.2177355019649176,0.3302565350480515,0.22453397987139206,0.16698315519074378,0.11083542334930965,0.09260609663379284,0.11460791762891637
r8-742953bd22b341c38ebb67af89ccc76e,R8_R6_LB_AL2395_N0_HOA_EDOF_EPD3,R6_LB_AL2395_N0_HOA_EPD3,LB_AL2395,N0,HOA,EDOF,3.0,-0.5,-0.25,0.11533969605877299,0.21061892586156208,0.0729110984641666,0.02001427117526486,0.03527731432671807,0.010361865846253893,0.007693485128356987
r8-742953bd22b341c38ebb67af89ccc76e,R8_R6_LB_AL2395_N0_HOA_EDOF_EPD3,R6_LB_AL2395_N0_HOA_EPD3,LB_AL2395,N0,HOA,EDOF,3.0,-0.75,-0.5,0.07937318070805809,0.03388396808929902,0.06596827751723636,0.027232763333644064,0.03556646487136055,0.0019754350442209956,0.007037419052846423
r8-742953bd22b341c38ebb67af89ccc76e,R8_R6_LB_AL2395_N0_HOA_EDOF_EPD3,R6_LB_AL2395_N0_HOA_EPD3,LB_AL2395,N0,HOA,EDOF,3.0,-1.0,-0.75,0.06725799467981967,0.03588532220684161,0.06382654586005822,0.00651852750620063,0.028763550607075347,0.00888070723198784,0.010211422607146211
r8-742953bd22b341c38ebb67af89ccc76e,R8_R6_LB_AL2395_N0_HOA_EDOF_EPD3,R6_LB_AL2395_N0_HOA_EPD3,LB_AL2395,N0,HOA,EDOF,3.0,-1.25,-1.0,0.08448821832379098,0.018952195369766743,0.08580044520719593,0.051806665123359616,0.047535134828719794,0.04662544821694991,0.005932498723212194
r8-742953bd22b341c38ebb67af89ccc76e,R8_R6_LB_AL2395_N0_HOA_EDOF_EPD3,R6_LB_AL2395_N0_HOA_EPD3,LB_AL2395,N0,HOA,EDOF,3.0,-1.5,-1.25,0.050733348490339385,0.08130074729977388,0.0076088987100307315,0.002344880844686435,0.00685705239560716,0.002521844825462561,0.008838048675782426
r8-742953bd22b341c38ebb67af89ccc76e,R8_R6_LB_AL2395_N0_HOA_EDOF_EPD3,R6_LB_AL2395_N0_HOA_EPD3,LB_AL2395,N0,HOA,EDOF,3.0,-1.75,-1.5,0.04551041485617728,0.06691581155503941,0.009871225541496812,0.011846843481690435,0.0003982110928972341,0.003475772629346588,0.010214789122490749
r8-742953bd22b341c38ebb67af89ccc76e,R8_R6_LB_AL2395_N0_HOA_EDOF_EPD3,R6_LB_AL2395_N0_HOA_EPD3,LB_AL2395,N0,HOA,EDOF,3.0,-2.0,-1.75,0.04119773010944498,0.014565792651453106,0.019326311623314413,0.008681906281156258,0.007990384792434788,0.00924130958506739,0.00575859257073946
r8-742953bd22b341c38ebb67af89ccc76e,R8_R6_LB_AL2395_N0_HOA_EDOF_EPD3,R6_LB_AL2395_N0_HOA_EPD3,LB_AL2395,N0,HOA,EDOF,3.0,-2.25,-2.0,0.04349970957861249,0.0003983187304407896,0.011899866986266388,0.026721946313508143,0.00557865146350467,0.0015839731128544858,0.0016470865156637756
r8-742953bd22b341c38ebb67af89ccc76e,R8_R6_LB_AL2395_N0_HOA_EDOF_EPD3,R6_LB_AL2395_N0_HOA_EPD3,LB_AL2395,N0,HOA,EDOF,3.0,-2.5,-2.25,0.04605996245772836,0.025068984910029173,0.04000775406042915,0.021441749186843342,0.008764982285877297,0.03678309731953295,0.009843724221560829
r8-742953bd22b341c38ebb67af89ccc76e,R8_R6_LB_AL2395_N0_HOA_EDOF_EPD3,R6_LB_AL2395_N0_HOA_EPD3,LB_AL2395,N0,HOA,EDOF,3.0,-2.75,-2.5,0.033706184736121234,0.0339827889729603,0.025100185055850335,0.011633208005398351,0.00877938373663227,0.004441089514720929,0.0020312585986603975
r8-742953bd22b341c38ebb67af89ccc76e,R8_R6_LB_AL2395_N0_HOA_EDOF_EPD3,R6_LB_AL2395_N0_HOA_EPD3,LB_AL2395,N0,HOA,EDOF,3.0,-3.0,-2.75,0.031767211021743694,0.014791824816503383,0.029270083129836613,0.004544177040614458,0.0011119907035122643,0.016710035521248192,0.005694542042083499
r8-742953bd22b341c38ebb67af89ccc76e,R8_R6_LB_AL2395_N0_HOA_MONO_EPD5,R6_LB_AL2395_N0_HOA_EPD5,LB_AL2395,N0,HOA,MONO,5.0,0.5,0.5,0.06711106644450655,0.09691282074120797,0.04568365812791285,0.02280251527035344,0.01076218844800665,0.002399446320360028,0.0028779952181286913
r8-742953bd22b341c38ebb67af89ccc76e,R8_R6_LB_AL2395_N0_HOA_MONO_EPD5,R6_LB_AL2395_N0_HOA_EPD5,LB_AL2395,N0,HOA,MONO,5.0,0.25,0.25,0.12674864461517585,0.17788225975347607,0.12374450683633666,0.09023043838036227,0.06369870396182067,0.0381361417529861,0.014952930333976067
r8-742953bd22b341c38ebb67af89ccc76e,R8_R6_LB_AL2395_N0_HOA_MONO_EPD5,R6_LB_AL2395_N0_HOA_EPD5,LB_AL2395,N0,HOA,MONO,5.0,0.0,0.0,0.2014582194058935,0.2772619996610684,0.1962356764226431,0.15536298085732805,0.12632604794678487,0.11121531448290979,0.09291939914767697
r8-742953bd22b341c38ebb67af89ccc76e,R8_R6_LB_AL2395_N0_HOA_MONO_EPD5,R6_LB_AL2395_N0_HOA_EPD5,LB_AL2395,N0,HOA,MONO,5.0,-0.25,-0.25,0.1440876813462887,0.30932175904318104,0.14768929122144364,0.049078176965971984,0.007146564825623368,0.0009566585769547753,0.00540805686312455
r8-742953bd22b341c38ebb67af89ccc76e,R8_R6_LB_AL2395_N0_HOA_MONO_EPD5,R6_LB_AL2395_N0_HOA_EPD5,LB_AL2395,N0,HOA,MONO,5.0,-0.5,-0.5,0.14195186612038502,0.2720901979544317,0.016257671551572456,0.029776664755471395,0.06938559345086716,0.06573148273831293,0.054007141459721755
r8-742953bd22b341c38ebb67af89ccc76e,R8_R6_LB_AL2395_N0_HOA_MONO_EPD5,R6_LB_AL2395_N0_HOA_EPD5,LB_AL2395,N0,HOA,MONO,5.0,-0.75,-0.75,0.11818184513301043,0.13198045820284396,0.052321125141167414,0.05832247806064375,0.0019148532490161352,0.029371132712954863,0.044047956895094297
r8-742953bd22b341c38ebb67af89ccc76e,R8_R6_LB_AL2395_N0_HOA_MONO_EPD5,R6_LB_AL2395_N0_HOA_EPD5,LB_AL2395,N0,HOA,MONO,5.0,-1.0,-1.0,0.10590309027416415,0.012057436907582894,0.09633889185881407,0.013192616646943942,0.032531086263769396,0.0019499925352782902,0.0327291795012438
r8-742953bd22b341c38ebb67af89ccc76e,R8_R6_LB_AL2395_N0_HOA_MONO_EPD5,R6_LB_AL2395_N0_HOA_EPD5,LB_AL2395,N0,HOA,MONO,5.0,-1.25,-1.25,0.11097348518724712,0.05311479096094239,0.018824855348012287,0.03385841921422676,0.05982809197968375,0.006437914079533977,0.044447013304458265
r8-742953bd22b341c38ebb67af89ccc76e,R8_R6_LB_AL2395_N0_HOA_MONO_EPD5,R6_LB_AL2395_N0_HOA_EPD5,LB_AL2395,N0,HOA,MONO,5.0,-1.5,-1.5,0.0864981012701883,0.15660985980458816,0.08069801385071762,0.05437103273550562,0.029152182738648492,0.0003914276553753943,0.024679309776105475
r8-742953bd22b341c38ebb67af89ccc76e,R8_R6_LB_AL2395_N0_HOA_MONO_EPD5,R6_LB_AL2395_N0_HOA_EPD5,LB_AL2395,N0,HOA,MONO,5.0,-1.75,-1.75,0.0661052458579577,0.09055441679121927,0.020710194769512993,0.01903144518432704,0.0004381084718585716,0.003905668805062149,0.009674628227060285
r8-742953bd22b341c38ebb67af89ccc76e,R8_R6_LB_AL2395_N0_HOA_MONO_EPD5,R6_LB_AL2395_N0_HOA_EPD5,LB_AL2395,N0,HOA,MONO,5.0,-2.0,-2.0,0.058339414112872835,0.025121058411871868,0.03665776741317353,0.010878676287081309,0.009727905246471066,0.006589991833321343,0.0075307968123618655
r8-742953bd22b341c38ebb67af89ccc76e,R8_R6_LB_AL2395_N0_HOA_MONO_EPD5,R6_LB_AL2395_N0_HOA_EPD5,LB_AL2395,N0,HOA,MONO,5.0,-2.25,-2.25,0.05360298557284278,0.06355064245035369,0.02577689811626494,0.02253590563971457,0.014663923022260076,0.01794317674746287,3.482405534445735e-05
r8-742953bd22b341c38ebb67af89ccc76e,R8_R6_LB_AL2395_N0_HOA_MONO_EPD5,R6_LB_AL2395_N0_HOA_EPD5,LB_AL2395,N0,HOA,MONO,5.0,-2.5,-2.5,0.049893759953536704,0.03302956612840021,0.02657121784975072,0.014816841357585951,0.008874787295623172,0.009662654979845267,0.001791109019237591
r8-742953bd22b341c38ebb67af89ccc76e,R8_R6_LB_AL2395_N0_HOA_MONO_EPD5,R6_LB_AL2395_N0_HOA_EPD5,LB_AL2395,N0,HOA,MONO,5.0,-2.75,-2.75,0.04476455807858428,0.06488743727516655,0.0317228265916996,0.010346693236873494,0.005497802719077363,0.0034500410212418313,0.0017015611396015843
r8-742953bd22b341c38ebb67af89ccc76e,R8_R6_LB_AL2395_N0_HOA_MONO_EPD5,R6_LB_AL2395_N0_HOA_EPD5,LB_AL2395,N0,HOA,MONO,5.0,-3.0,-3.0,0.042210988843329904,0.06446878870015801,0.03572933000490833,0.021017697851813608,0.01515545377439676,0.006763078981089918,0.0029984094912753607
r8-742953bd22b341c38ebb67af89ccc76e,R8_R6_LB_AL2395_N0_HOA_EDOF_EPD5,R6_LB_AL2395_N0_HOA_EPD5,LB_AL2395,N0,HOA,EDOF,5.0,0.5,0.75,0.035906339748879884,0.025460149430830147,0.0015828725363292576,0.004406155676914923,0.015698295684232647,0.0029514955530506315,0.010592075156834253
r8-742953bd22b341c38ebb67af89ccc76e,R8_R6_LB_AL2395_N0_HOA_EDOF_EPD5,R6_LB_AL2395_N0_HOA_EPD5,LB_AL2395,N0,HOA,EDOF,5.0,0.25,0.5,0.04079468636660573,0.009776786571184831,0.005263779306681184,0.00876211006464332,0.00543350399034768,0.0053045259773288195,0.0005472420739120139
r8-742953bd22b341c38ebb67af89ccc76e,R8_R6_LB_AL2395_N0_HOA_EDOF_EPD5,R6_LB_AL2395_N0_HOA_EPD5,LB_AL2395,N0,HOA,EDOF,5.0,0.0,0.25,0.06323516554182743,0.08466799962484683,0.004618856210934339,0.030863674505766124,0.0029610504932290663,0.009253135651265863,0.006736229320922666
r8-742953bd22b341c38ebb67af89ccc76e,R8_R6_LB_AL2395_N0_HOA_EDOF_EPD5,R6_LB_AL2395_N0_HOA_EPD5,LB_AL2395,N0,HOA,EDOF,5.0,-0.25,0.0,0.1412644224459679,0.181511428391718,0.13980851164695082,0.07560919061368128,0.07342714626566095,0.048492468852000745,0.050657127511325686
r8-742953bd22b341c38ebb67af89ccc76e,R8_R6_LB_AL2395_N0_HOA_EDOF_EPD5,R6_LB_AL2395_N0_HOA_EPD5,LB_AL2395,N0,HOA,EDOF,5.0,-0.5,-0.25,0.1396916388821241,0.24135140997865118,0.10846661546740269,0.062744209031005,0.0499429509824901,0.0219223506377745,0.031169047053977397
r8-742953bd22b341c38ebb67af89ccc76e,R8_R6_LB_AL2395_N0_HOA_EDOF_EPD5,R6_LB_AL2395_N0_HOA_EPD5,LB_AL2395,N0,HOA,EDOF,5.0,-0.75,-0.5,0.10593538879505267,0.1730203642705618,0.007556166633963042,0.0542368261225062,0.02185368214401547,0.0009363202244807278,0.010914771701444878
r8-742953bd22b341c38ebb67af89ccc76e,R8_R6_LB_AL2395_N0_HOA_EDOF_EPD5,R6_LB_AL2395_N0_HOA_EPD5,LB_AL2395,N0,HOA,EDOF,5.0,-1.0,-0.75,0.0986974835459516,0.04746746976013527,0.10015930995494628,0.0021476609948108804,0.017423878761105904,0.005713002157232869,0.0016105232514095477
r8-742953bd22b341c38ebb67af89ccc76e,R8_R6_LB_AL2395_N0_HOA_EDOF_EPD5,R6_LB_AL2395_N0_HOA_EPD5,LB_AL2395,N0,HOA,EDOF,5.0,-1.25,-1.0,0.1109532547166281,0.0875735096265131,0.07268300975778534,0.0784712470649914,0.028819142794934628,0.002772688057165754,0.010365977048582154
r8-742953bd22b341c38ebb67af89ccc76e,R8_R6_LB_AL2395_N0_HOA_EDOF_EPD5,R6_LB_AL2395_N0_HOA_EPD5,LB_AL2395,N0,HOA,EDOF,5.0,-1.5,-1.25,0.08797373389119241,0.15641432506176625,0.06342265759002176,0.028265206169373586,0.001887004311321298,0.013755526411410073,0.022124530183024224
r8-742953bd22b341c38ebb67af89ccc76e,R8_R6_LB_AL2395_N0_HOA_EDOF_EPD5,R6_LB_AL2395_N0_HOA_EPD5,LB_AL2395,N0,HOA,EDOF,5.0,-1.75,-1.5,0.05837040870955441,0.08184142697097402,0.013539207963026486,0.004514421063343209,0.01342721589709928,0.013686624627644698,0.023092278818369134
r8-742953bd22b341c38ebb67af89ccc76e,R8_R6_LB_AL2395_N0_HOA_EDOF_EPD5,R6_LB_AL2395_N0_HOA_EPD5,LB_AL2395,N0,HOA,EDOF,5.0,-2.0,-1.75,0.05125472458725358,0.017498585847894405,0.04218913895906183,0.0069253547973092315,0.003975725745920992,0.01815254286608897,0.011732061860476616
r8-742953bd22b341c38ebb67af89ccc76e,R8_R6_LB_AL2395_N0_HOA_EDOF_EPD5,R6_LB_AL2395_N0_HOA_EPD5,LB_AL2395,N0,HOA,EDOF,5.0,-2.25,-2.0,0.05016694586985242,0.04104983710636586,0.020968471723867614,0.025738244659869392,0.0031418280980046237,0.0004921459182755155,0.013396641751991107
r8-742953bd22b341c38ebb67af89ccc76e,R8_R6_LB_AL2395_N0_HOA_EDOF_EPD5,R6_LB_AL2395_N0_HOA_EPD5,LB_AL2395,N0,HOA,EDOF,5.0,-2.5,-2.25,0.04663618482086858,0.05099392405698451,0.04227892197533485,0.02218213835133915,0.004118337092530999,0.017489697444103038,0.007548168578132614
r8-742953bd22b341c38ebb67af89ccc76e,R8_R6_LB_AL2395_N0_HOA_EDOF_EPD5,R6_LB_AL2395_N0_HOA_EPD5,LB_AL2395,N0,HOA,EDOF,5.0,-2.75,-2.5,0.04141113701764379,0.06374858418101333,0.029647493929617994,0.0024325805834675834,0.005414505800776233,0.0010280705415340765,0.006058066025982599
r8-742953bd22b341c38ebb67af89ccc76e,R8_R6_LB_AL2395_N0_HOA_EDOF_EPD5,R6_LB_AL2395_N0_HOA_EPD5,LB_AL2395,N0,HOA,EDOF,5.0,-3.0,-2.75,0.04326801159552226,0.07049282966682346,0.03420783836108151,0.019259719399012047,0.00947655237295136,0.000720692964848077,0.008534199753685582
r8-742953bd22b341c38ebb67af89ccc76e,R8_R6_LB_AL2395_A0_WFS_MONO_EPD3,R6_LB_AL2395_A0_WFS_EPD3,LB_AL2395,A0,WFS,MONO,3.0,0.5,0.5,0.13927273183721411,0.2592334972972394,0.01758342230377846,0.02272964910287234,0.025879926031969043,0.02273938324481148,0.017632946680093527
r8-742953bd22b341c38ebb67af89ccc76e,R8_R6_LB_AL2395_A0_WFS_MONO_EPD3,R6_LB_AL2395_A0_WFS_EPD3,LB_AL2395,A0,WFS,MONO,3.0,0.25,0.25,0.2834552807082983,0.6219448033250484,0.31747272702784357,0.16556901938747015,0.07943096540185862,0.027936035842943616,0.001376452740695577
r8-742953bd22b341c38ebb67af89ccc76e,R8_R6_LB_AL2395_A0_WFS_MONO_EPD3,R6_LB_AL2395_A0_WFS_EPD3,LB_AL2395,A0,WFS,MONO,3.0,0.0,0.0,0.6118544956544784,0.8477626549559747,0.7083134784828079,0.5896402044190319,0.4851264540293136,0.39243844045699144,0.30180396670920195
r8-742953bd22b341c38ebb67af89ccc76e,R8_R6_LB_AL2395_A0_WFS_MONO_EPD3,R6_LB_AL2395_A0_WFS_EPD3,LB_AL2395,A0,WFS,MONO,3.0,-0.25,-0.25,0.26805321373952407,0.7222355265147299,0.3141644107704207,0.05944124454262442,0.013178172458894355,0.0070844322907724295,0.02204323521569215
r8-742953bd22b341c38ebb67af89ccc76e,R8_R6_LB_AL2395_A0_WFS_MONO_EPD3,R6_LB_AL2395_A0_WFS_EPD3,LB_AL2395,A0,WFS,MONO,3.0,-0.5,-0.5,0.1731412567432346,0.31504563685052983,0.14622940638827492,0.028283960277599784,0.04302857598984593,0.03880614540169228,0.023182295135313554
r8-742953bd22b341c38ebb67af89ccc76e,R8_R6_LB_AL2395_A0_WFS_MONO_EPD3,R6_LB_AL2395_A0_WFS_EPD3,LB_AL2395,A0,WFS,MONO,3.0,-0.75,-0.75,0.12258603568171009,0.0665037089262487,0.017647297719997793,0.03581948290640121,0.02253670976545973,0.015950128593941668,0.010743307693937809
r8-742953bd22b341c38ebb67af89ccc76e,R8_R6_LB_AL2395_A0_WFS_MONO_EPD3,R6_LB_AL2395_A0_WFS_EPD3,LB_AL2395,A0,WFS,MONO,3.0,-1.0,-1.0,0.09414918650680218,0.17698566297047358,0.0518781957101821,0.018061311099897597,0.020040624349712523,0.009077777214759903,0.008379539973021034
r8-742953bd22b341c38ebb67af89ccc76e,R8_R6_LB_AL2395_A0_WFS_MONO_EPD3,R6_LB_AL2395_A0_WFS_EPD3,LB_AL2395,A0,WFS,MONO,3.0,-1.25,-1.25,0.07396766711939702,0.05448065696794335,0.04484237567194883,0.014295731932782508,0.01048252933695633,0.0018618562009059232,0.0017180271698739133
r8-742953bd22b341c38ebb67af89ccc76e,R8_R6_LB_AL2395_A0_WFS_MONO_EPD3,R6_LB_AL2395_A0_WFS_EPD3,LB_AL2395,A0,WFS,MONO,3.0,-1.5,-1.5,0.06234468356565454,0.07437182501247469,0.024702390505400226,0.007257991840319896,0.00431298441731142,0.005433075354340221,8.65611199867012e-05
r8-742953bd22b341c38ebb67af89ccc76e,R8_R6_LB_AL2395_A0_WFS_MONO_EPD3,R6_LB_AL2395_A0_WFS_EPD3,LB_AL2395,A0,WFS,MONO,3.0,-1.75,-1.75,0.05380414996614489,0.06649772197869488,0.0018493662802634369,0.006248049943485668,0.0025827584497969845,0.005509417226244042,0.002971192117630765
r8-742953bd22b341c38ebb67af89ccc76e,R8_R6_LB_AL2395_A0_WFS_MONO_EPD3,R6_LB_AL2395_A0_WFS_EPD3,LB_AL2395,A0,WFS,MONO,3.0,-2.0,-2.0,0.046385189334834626,0.017058588159951513,0.010432078663427357,0.0025695902538918,0.00426238947498955,0.0022695904415679057,0.002797415418406542
r8-742953bd22b341c38ebb67af89ccc76e,R8_R6_LB_AL2395_A0_WFS_MONO_EPD3,R6_LB_AL2395_A0_WFS_EPD3,LB_AL2395,A0,WFS,MONO,3.0,-2.25,-2.25,0.04081439717703864,0.047414624413364775,0.015115739663939582,0.0006460385327103163,0.005151382663559727,0.000353597979695457,0.0012013652399499664
r8-742953bd22b341c38ebb67af89ccc76e,R8_R6_LB_AL2395_A0_WFS_MONO_EPD3,R6_LB_AL2395_A0_WFS_EPD3,LB_AL2395,A0,WFS,MONO,3.0,-2.5,-2.5,0.03662491720355112,0.0039173006513186686,0.012713241054986966,0.00048508852364273047,0.003267075937339507,0.0012500078847494512,0.0005340264445336885
r8-742953bd22b341c38ebb67af89ccc76e,R8_R6_LB_AL2395_A0_WFS_MONO_EPD3,R6_LB_AL2395_A0_WFS_EPD3,LB_AL2395,A0,WFS,MONO,3.0,-2.75,-2.75,0.03350891339045058,0.032154824996213874,0.006121578512082689,0.0005245811190639375,0.0017305174627769348,0.002269428676017711,0.0005437912697306207
r8-742953bd22b341c38ebb67af89ccc76e,R8_R6_LB_AL2395_A0_WFS_MONO_EPD3,R6_LB_AL2395_A0_WFS_EPD3,LB_AL2395,A0,WFS,MONO,3.0,-3.0,-3.0,0.029258024127674757,0.0130619208864642,0.0009158701759299167,0.0010165393652739221,0.0004382614128351344,0.0015230156167741742,0.001153769453152115
r8-742953bd22b341c38ebb67af89ccc76e,R8_R6_LB_AL2395_A0_WFS_EDOF_EPD3,R6_LB_AL2395_A0_WFS_EPD3,LB_AL2395,A0,WFS,EDOF,3.0,0.5,0.5,0.18183071545259322,0.17569203761800728,0.18601111480946772,0.11901005122223471,0.08185259318195195,0.04800919227449806,0.0033253011413264745
r8-742953bd22b341c38ebb67af89ccc76e,R8_R6_LB_AL2395_A0_WFS_EDOF_EPD3,R6_LB_AL2395_A0_WFS_EPD3,LB_AL2395,A0,WFS,EDOF,3.0,0.25,0.25,0.231514911241395,0.46777189764273774,0.17902813212630556,0.14662699151426362,0.0764385642643359,0.034208756745001734,0.03053136023782493
r8-742953bd22b341c38ebb67af89ccc76e,R8_R6_LB_AL2395_A0_WFS_EDOF_EPD3,R6_LB_AL2395_A0_WFS_EPD3,LB_AL2395,A0,WFS,EDOF,3.0,0.0,0.0,0.44005502557226867,0.7134144451773836,0.43317279003735004,0.32626324099098397,0.2780427563345204,0.27485321349191005,0.2465915821029677
r8-742953bd22b341c38ebb67af89ccc76e,R8_R6_LB_AL2395_A0_WFS_EDOF_EPD3,R6_LB_AL2395_A0_WFS_EPD3,LB_AL2395,A0,WFS,EDOF,3.0,-0.25,-0.25,0.2619887693632351,0.6644416285277586,0.297108259658486,0.02157745874355764,0.02672185793504468,0.02884088619467997,0.096805257935163
r8-742953bd22b341c38ebb67af89ccc76e,R8_R6_LB_AL2395_A0_WFS_EDOF_EPD3,R6_LB_AL2395_A0_WFS_EPD3,LB_AL2395,A0,WFS,EDOF,3.0,-0.5,-0.5,0.18078697097206703,0.32066650716932915,0.11786319937632601,0.041019168168670496,0.0734449362783983,0.06205104189549219,0.053802365168547396
r8-742953bd22b341c38ebb67af89ccc76e,R8_R6_LB_AL2395_A0_WFS_EDOF_EPD3,R6_LB_AL2395_A0_WFS_EPD3,LB_AL2395,A0,WFS,EDOF,3.0,-0.75,-0.75,0.12710348178151032,0.05293333165817196,0.02845092642762045,0.04990635415355379,0.01645394740650943,0.00027624676484291915,0.01621532389715657
r8-742953bd22b341c38ebb67af89ccc76e,R8_R6_LB_AL2395_A0_WFS_EDOF_EPD3,R6_LB_AL2395_A0_WFS_EPD3,LB_AL2395,A0,WFS,EDOF,3.0,-1.0,-1.0,0.10432449901986823,0.19207625959779967,0.15290600137095028,0.0040491140928570115,0.01791618550530476,0.010758890203345806,0.0035616350424659093
r8-742953bd22b341c38ebb67af89ccc76e,R8_R6_LB_AL2395_A0_WFS_EDOF_EPD3,R6_LB_AL2395_A0_WFS_EPD3,LB_AL2395,A0,WFS,EDOF,3.0,-1.25,-1.25,0.08381975417062565,0.08193863337348989,0.052254421406537674,0.007555120384697978,0.008391624450577508,0.005681828178102891,0.0013671109468941782
r8-742953bd22b341c38ebb67af89ccc76e,R8_R6_LB_AL2395_A0_WFS_EDOF_EPD3,R6_LB_AL2395_A0_WFS_EPD3,LB_AL2395,A0,WFS,EDOF,3.0,-1.5,-1.5,0.07142493043816762,0.07958962976875268,0.01938829797341248,0.0030864721105891514,0.0003266284908956004,0.008124742585368529,0.0017968387377197618
r8-742953bd22b341c38ebb67af89ccc76e,R8_R6_LB_AL2395_A0_WFS_EDOF_EPD3,R6_LB_AL2395_A0_WFS_EPD3,LB_AL2395,A0,WFS,EDOF,3.0,-1.75,-1.75,0.060155504818158415,0.12462202384224362,0.03376687062492522,0.007271714022479549,0.008912971303454377,0.005147952076415608,0.004273299251473662
r8-742953bd22b341c38ebb67af89ccc76e,R8_R6_LB_AL2395_A0_WFS_EDOF_EPD3,R6_LB_AL2395_A0_WFS_EPD3,LB_AL2395,A0,WFS,EDOF,3.0,-2.0,-2.0,0.049588380713291524,0.06299633303578056,0.02209265699940452,0.0027744458422194257,0.005291715191227217,0.00021832486234130084,0.002794144777505232
r8-742953bd22b341c38ebb67af89ccc76e,R8_R6_LB_AL2395_A0_WFS_EDOF_EPD3,R6_LB_AL2395_A0_WFS_EPD3,LB_AL2395,A0,WFS,EDOF,3.0,-2.25,-2.25,0.04240334664537648,0.0007950935708507579,0.0008370006020145296,0.002555627395552538,0.005645041257317451,0.0022691379995979323,9.059024572430043e-05
r8-742953bd22b341c38ebb67af89ccc76e,R8_R6_LB_AL2395_A0_WFS_EDOF_EPD3,R6_LB_AL2395_A0_WFS_EPD3,LB_AL2395,A0,WFS,EDOF,3.0,-2.5,-2.5,0.03782243850499182,0.019883497580453158,0.0024466178063352537,0.0018906983757493445,0.0015696545824404537,0.0022622071717102715,7.504676712647969e-05
r8-742953bd22b341c38ebb67af89ccc76e,R8_R6_LB_AL2395_A0_WFS_EDOF_EPD3,R6_LB_AL2395_A0_WFS_EPD3,LB_AL2395,A0,WFS,EDOF,3.0,-2.75,-2.75,0.034398229942234064,0.025892689997583103,0.001079389496127553,0.00222996609564062,0.00017678956453703773,0.0015814643976786657,0.0011071633853543372
r8-742953bd22b341c38ebb67af89ccc76e,R8_R6_LB_AL2395_A0_WFS_EDOF_EPD3,R6_LB_AL2395_A0_WFS_EPD3,LB_AL2395,A0,WFS,EDOF,3.0,-3.0,-3.0,0.030633737896811043,0.03991433536301366,0.0057380156533401,0.001955905147125795,0.001494514744086698,0.0002927016794970918,0.001614824441713899
r8-742953bd22b341c38ebb67af89ccc76e,R8_R6_LB_AL2395_A0_WFS_MONO_EPD5,R6_LB_AL2395_A0_WFS_EPD5,LB_AL2395,A0,WFS,MONO,5.0,0.5,0.5,0.05982927174090056,0.07335403438939171,0.024083607640166038,0.009709331413066435,0.002601721305557348,0.001307097507470946,0.0010375593988830086
r8-742953bd22b341c38ebb67af89ccc76e,R8_R6_LB_AL2395_A0_WFS_MONO_EPD5,R6_LB_AL2395_A0_WFS_EPD5,LB_AL2395,A0,WFS,MONO,5.0,0.25,0.25,0.1151840207089304,0.1827796271115882,0.0970269321684901,0.061238434422251145,0.03370956276807519,0.020339230468216972,0.009682344371658533
r8-742953bd22b341c38ebb67af89ccc76e,R8_R6_LB_AL2395_A0_WFS_MONO_EPD5,R6_LB_AL2395_A0_WFS_EPD5,LB_AL2395,A0,WFS,MONO,5.0,0.0,0.0,0.2393633949909573,0.3148544946860886,0.23398671915195887,0.19776390479901973,0.15916823934476027,0.12853382971718874,0.0967396139530052
r8-742953bd22b341c38ebb67af89ccc76e,R8_R6_LB_AL2395_A0_WFS_MONO_EPD5,R6_LB_AL2395_A0_WFS_EPD5,LB_AL2395,A0,WFS,MONO,5.0,-0.25,-0.25,0.20815028716167788,0.40924922426160704,0.24445829946888958,0.11458979489801652,0.04649630230413441,0.024476702180487617,0.02525604425096378
r8-742953bd22b341c38ebb67af89ccc76e,R8_R6_LB_AL2395_A0_WFS_MONO_EPD5,R6_LB_AL2395_A0_WFS_EPD5,LB_AL2395,A0,WFS,MONO,5.0,-0.5,-0.5,0.17560177363348511,0.3700021764164958,0.01600304811301896,0.021100883859100583,0.089405418080115,0.08286519886314948,0.057238176540083334
r8-742953bd22b341c38ebb67af89ccc76e,R8_R6_LB_AL2395_A0_WFS_MONO_EPD5,R6_LB_AL2395_A0_WFS_EPD5,LB_AL2395,A0,WFS,MONO,5.0,-0.75,-0.75,0.13762410998683683,0.1384447015241714,0.07065421200672072,0.05792847227043061,0.0015294086016157172,0.056332762039188924,0.04833508704959405
r8-742953bd22b341c38ebb67af89ccc76e,R8_R6_LB_AL2395_A0_WFS_MONO_EPD5,R6_LB_AL2395_A0_WFS_EPD5,LB_AL2395,A0,WFS,MONO,5.0,-1.0,-1.0,0.10886545388700952,0.06678449856312052,0.0828635755772965,0.04703615140713357,0.00789264253271,0.043778257852476216,0.013011287038651686
r8-742953bd22b341c38ebb67af89ccc76e,R8_R6_LB_AL2395_A0_WFS_MONO_EPD5,R6_LB_AL2395_A0_WFS_EPD5,LB_AL2395,A0,WFS,MONO,5.0,-1.25,-1.25,0.08851610248241706,0.005557838332179632,0.024554614874753206,0.031016200279167325,0.0012627277837602732,0.03684983695592553,0.0101024145364302
r8-742953bd22b341c38ebb67af89ccc76e,R8_R6_LB_AL2395_A0_WFS_MONO_EPD5,R6_LB_AL2395_A0_WFS_EPD5,LB_AL2395,A0,WFS,MONO,5.0,-1.5,-1.5,0.0745473647236063,0.14525697068741678,0.05512931659678194,0.009284958432180931,0.002464158219349198,0.017696610391771887,0.016908896203981214
r8-742953bd22b341c38ebb67af89ccc76e,R8_R6_LB_AL2395_A0_WFS_MONO_EPD5,R6_LB_AL2395_A0_WFS_EPD5,LB_AL2395,A0,WFS,MONO,5.0,-1.75,-1.75,0.06553203955987125,0.028867692121627313,0.018494794422530717,0.038342701983524755,0.002089279645047688,0.011282225722717691,0.002264677864020097
r8-742953bd22b341c38ebb67af89ccc76e,R8_R6_LB_AL2395_A0_WFS_MONO_EPD5,R6_LB_AL2395_A0_WFS_EPD5,LB_AL2395,A0,WFS,MONO,5.0,-2.0,-2.0,0.05714655306483475,0.09125229371784178,0.009828470162335654,0.022212865673418822,0.012237182584341269,0.003015857659375831,0.00408067022832625
r8-742953bd22b341c38ebb67af89ccc76e,R8_R6_LB_AL2395_A0_WFS_MONO_EPD5,R6_LB_AL2395_A0_WFS_EPD5,LB_AL2395,A0,WFS,MONO,5.0,-2.25,-2.25,0.050817008320125305,0.036435696603671956,0.018693643976380053,0.0010588079378855933,0.01626456093270826,0.012335915350832163,0.0007587246050837866
r8-742953bd22b341c38ebb67af89ccc76e,R8_R6_LB_AL2395_A0_WFS_MONO_EPD5,R6_LB_AL2395_A0_WFS_EPD5,LB_AL2395,A0,WFS,MONO,5.0,-2.5,-2.5,0.04284657742897834,0.05998490678286988,0.029832113993171087,0.013727221038573217,0.008438941934810897,0.008013410192924368,0.0033737106869686276
r8-742953bd22b341c38ebb67af89ccc76e,R8_R6_LB_AL2395_A0_WFS_MONO_EPD5,R6_LB_AL2395_A0_WFS_EPD5,LB_AL2395,A0,WFS,MONO,5.0,-2.75,-2.75,0.037603563947104075,0.05821164399692906,0.027070324168671903,0.015463925477268402,0.006347840109839618,0.0018137766617418354,0.00269750276347066
r8-742953bd22b341c38ebb67af89ccc76e,R8_R6_LB_AL2395_A0_WFS_MONO_EPD5,R6_LB_AL2395_A0_WFS_EPD5,LB_AL2395,A0,WFS,MONO,5.0,-3.0,-3.0,0.031651703539410006,0.006069309560093132,0.0067987308147896925,0.01246912001415497,0.009846218893876041,0.0023377349969113414,0.0029637166590239005
r8-742953bd22b341c38ebb67af89ccc76e,R8_R6_LB_AL2395_A0_WFS_EDOF_EPD5,R6_LB_AL2395_A0_WFS_EPD5,LB_AL2395,A0,WFS,EDOF,5.0,0.5,0.75,0.07369500670319559,0.043380251661826144,0.08324431590794329,0.038635322863208955,0.022077920031020163,0.00944538184184855,0.005994002717051786
r8-742953bd22b341c38ebb67af89ccc76e,R8_R6_LB_AL2395_A0_WFS_EDOF_EPD5,R6_LB_AL2395_A0_WFS_EPD5,LB_AL2395,A0,WFS,EDOF,5.0,0.25,0.5,0.09851086796732843,0.1293113850458966,0.04971534774791378,0.06679059609373378,0.02877281788153919,0.020510426185834152,0.0017297405029356562
r8-742953bd22b341c38ebb67af89ccc76e,R8_R6_LB_AL2395_A0_WFS_EDOF_EPD5,R6_LB_AL2395_A0_WFS_EPD5,LB_AL2395,A0,WFS,EDOF,5.0,0.0,0.25,0.1741957818011695,0.2684100218480972,0.13074432840421354,0.08002335613658423,0.08464850145714857,0.08588988121392142,0.08155665724755787
r8-742953bd22b341c38ebb67af89ccc76e,R8_R6_LB_AL2395_A0_WFS_EDOF_EPD5,R6_LB_AL2395_A0_WFS_EPD5,LB_AL2395,A0,WFS,EDOF,5.0,-0.25,0.0,0.2164522201739905,0.3887953915517288,0.24319090431521473,0.1343880827334227,0.06135491337241544,0.04374582861253231,0.059995260522361114
r8-742953bd22b341c38ebb67af89ccc76e,R8_R6_LB_AL2395_A0_WFS_EDOF_EPD5,R6_LB_AL2395_A0_WFS_EPD5,LB_AL2395,A0,WFS,EDOF,5.0,-0.5,-0.25,0.15507699361086677,0.3712996537023882,0.02454917850412925,0.006570655251507668,0.04619036950181472,0.028289007198868,0.011201613514669794
r8-742953bd22b341c38ebb67af89ccc76e,R8_R6_LB_AL2395_A0_WFS_EDOF_EPD5,R6_LB_AL2395_A0_WFS_EPD5,LB_AL2395,A0,WFS,EDOF,5.0,-0.75,-0.5,0.1390448055311256,0.1428822137981606,0.06957760416879724,0.09852523972744877,0.00421333135400334,0.03993129433114984,0.01022639445400866
r8-742953bd22b341c38ebb67af89ccc76e,R8_R6_LB_AL2395_A0_WFS_EDOF_EPD5,R6_LB_AL2395_A0_WFS_EPD5,LB_AL2395,A0,WFS,EDOF,5.0,-1.0,-0.75,0.11147331601876569,0.07219301574023694,0.1247525121517791,0.034276649638273135,0.0007420489105149069,0.027603334330145536,0.005453667542185756
r8-742953bd22b341c38ebb67af89ccc76e,R8_R6_LB_AL2395_A0_WFS_EDOF_EPD5,R6_LB_AL2395_A0_WFS_EPD5,LB_AL2395,A0,WFS,EDOF,5.0,-1.25,-1.0,0.08991298488100881,0.005048494388933004,0.028587830527016276,0.02941845420039106,0.018511997904306476,0.03044585039070036,0.0004097987561123041
r8-742953bd22b341c38ebb67af89ccc76e,R8_R6_LB_AL2395_A0_WFS_EDOF_EPD5,R6_LB_AL2395_A0_WFS_EPD5,LB_AL2395,A0,WFS,EDOF,5.0,-1.5,-1.25,0.07232541123434075,0.14484053207917702,0.03947285055110521,0.018281220677182956,0.020505816119823075,0.034101509219394845,0.013731947061498767
r8-742953bd22b341c38ebb67af89ccc76e,R8_R6_LB_AL2395_A0_WFS_EDOF_EPD5,R6_LB_AL2395_A0_WFS_EPD5,LB_AL2395,A0,WFS,EDOF,5.0,-1.75,-1.5,0.06330150831776325,0.04722946624328706,0.007742599740106222,0.03273940221838617,0.005969826596197537,0.0007381034858334668,0.0014026793113019135
r8-742953bd22b341c38ebb67af89ccc76e,R8_R6_LB_AL2395_A0_WFS_EDOF_EPD5,R6_LB_AL2395_A0_WFS_EPD5,LB_AL2395,A0,WFS,EDOF,5.0,-2.0,-1.75,0.056433519384464274,0.06269969136570594,0.006942048460714259,0.023757273855245183,0.0107938854430367,0.01281233424514518,0.0006396558494933257
r8-742953bd22b341c38ebb67af89ccc76e,R8_R6_LB_AL2395_A0_WFS_EDOF_EPD5,R6_LB_AL2395_A0_WFS_EPD5,LB_AL2395,A0,WFS,EDOF,5.0,-2.25,-2.0,0.05080913398668834,0.05640073097019456,0.015033526993722032,0.0016432958790343457,0.015214173444573497,0.011193878258736316,0.004556430683000968
r8-742953bd22b341c38ebb67af89ccc76e,R8_R6_LB_AL2395_A0_WFS_EDOF_EPD5,R6_LB_AL2395_A0_WFS_EPD5,LB_AL2395,A0,WFS,EDOF,5.0,-2.5,-2.25,0.043025864969829054,0.058917028887997915,0.030216528209852843,0.013296552293180922,0.0063538752851296934,0.005630675182417653,0.0017887773945398568
r8-742953bd22b341c38ebb67af89ccc76e,R8_R6_LB_AL2395_A0_WFS_EDOF_EPD5,R6_LB_AL2395_A0_WFS_EPD5,LB_AL2395,A0,WFS,EDOF,5.0,-2.75,-2.5,0.038011489871860496,0.07657459804187072,0.028291260129785438,0.017136535619028663,0.00798330703192035,0.0025809014103204235,0.0015713321527140907
r8-742953bd22b341c38ebb67af89ccc76e,R8_R6_LB_AL2395_A0_WFS_EDOF_EPD5,R6_LB_AL2395_A0_WFS_EPD5,LB_AL2395,A0,WFS,EDOF,5.0,-3.0,-2.75,0.03194605516097539,0.02674507172429111,0.0068358428345459635,0.011227459470040823,0.010086120402547897,0.0039786001812240675,0.00010993941620406875
r8-742953bd22b341c38ebb67af89ccc76e,R8_R6_LB_AL2395_A0_RAD_MONO_EPD3,R6_LB_AL2395_A0_RAD_EPD3,LB_AL2395,A0,RAD,MONO,3.0,0.5,0.5,0.13469204586645878,0.25497811075167504,0.024777732271121167,0.0037174654166978183,0.022193796917517154,0.022375873914310302,0.017400014120779014
r8-742953bd22b341c38ebb67af89ccc76e,R8_R6_LB_AL2395_A0_RAD_MONO_EPD3,R6_LB_AL2395_A0_RAD_EPD3,LB_AL2395,A0,RAD,MONO,3.0,0.25,0.25,0.27092847577436674,0.6398993482257874,0.30605319024242106,0.13264672372790404,0.048666384415416146,0.01077198915805149,0.0020512975789441835
r8-742953bd22b341c38ebb67af89ccc76e,R8_R6_LB_AL2395_A0_RAD_MONO_EPD3,R6_LB_AL2395_A0_RAD_EPD3,LB_AL2395,A0,RAD,MONO,3.0,0.0,0.0,0.6318438906961504,0.8647076330781095,0.736689239135981,0.6199742880739013,0.5103078416190265,0.4074788713941095,0.30836029010772775
r8-742953bd22b341c38ebb67af89ccc76e,R8_R6_LB_AL2395_A0_RAD_MONO_EPD3,R6_LB_AL2395_A0_RAD_EPD3,LB_AL2395,A0,RAD,MONO,3.0,-0.25,-0.25,0.2751711777528054,0.7226619404604504,0.3329498565886969,0.08816421544467294,0.005755753323565365,0.0009426610576953642,0.022350217554234553
r8-742953bd22b341c38ebb67af89ccc76e,R8_R6_LB_AL2395_A0_RAD_MONO_EPD3,R6_LB_AL2395_A0_RAD_EPD3,LB_AL2395,A0,RAD,MONO,3.0,-0.5,-0.5,0.16631938178796293,0.30939261654221284,0.12939264825454733,0.03563798694396686,0.030485684122550705,0.03174226213926563,0.018981673204731885
r8-742953bd22b341c38ebb67af89ccc76e,R8_R6_LB_AL2395_A0_RAD_MONO_EPD3,R6_LB_AL2395_A0_RAD_EPD3,LB_AL2395,A0,RAD,MONO,3.0,-0.75,-0.75,0.11694496456930545,0.05812323933377549,0.016724944424563935,0.030875087141863135,0.019314498105273737,0.015385352718359953,0.01071725404926902
r8-742953bd22b341c38ebb67af89ccc76e,R8_R6_LB_AL2395_A0_RAD_MONO_EPD3,R6_LB_AL2395_A0_RAD_EPD3,LB_AL2395,A0,RAD,MONO,3.0,-1.0,-1.0,0.08941218271029044,0.15374022039656804,0.038952262378260376,0.014090140076324833,0.017888446769366958,0.009010549306519774,0.00816640730680162
r8-742953bd22b341c38ebb67af89ccc76e,R8_R6_LB_AL2395_A0_RAD_MONO_EPD3,R6_LB_AL2395_A0_RAD_EPD3,LB_AL2395,A0,RAD,MONO,3.0,-1.25,-1.25,0.07028552269263853,0.03729531792606654,0.03705279475215738,0.010716734442640681,0.009676637807530756,0.0011664508268693673,0.001738737492651153
r8-742953bd22b341c38ebb67af89ccc76e,R8_R6_LB_AL2395_A0_RAD_MONO_EPD3,R6_LB_AL2395_A0_RAD_EPD3,LB_AL2395,A0,RAD,MONO,3.0,-1.5,-1.5,0.05930177737925753,0.07007742696277075,0.024430303786639858,0.0046284120601130675,0.003978398840484059,0.005159586581558977,7.513292499432164e-05
r8-742953bd22b341c38ebb67af89ccc76e,R8_R6_LB_AL2395_A0_RAD_MONO_EPD3,R6_LB_AL2395_A0_RAD_EPD3,LB_AL2395,A0,RAD,MONO,3.0,-1.75,-1.75,0.05117675986654847,0.05056972353295013,0.00650901215511773,0.004078570049802138,0.002675729457537219,0.005531421464259092,0.0028079028687539504
r8-742953bd22b341c38ebb67af89ccc76e,R8_R6_LB_AL2395_A0_RAD_MONO_EPD3,R6_LB_AL2395_A0_RAD_EPD3,LB_AL2395,A0,RAD,MONO,3.0,-2.0,-2.0,0.04445434546342145,0.023508990180189218,0.00520391347301543,0.0011607148025030768,0.004413535651435554,0.0024609648666330266,0.0028782794809076606
r8-742953bd22b341c38ebb67af89ccc76e,R8_R6_LB_AL2395_A0_RAD_MONO_EPD3,R6_LB_AL2395_A0_RAD_EPD3,LB_AL2395,A0,RAD,MONO,3.0,-2.25,-2.25,0.039087733478776955,0.03928222661178968,0.011677511568761106,0.0006543357033047848,0.0051553629370861805,0.0003250176436851327,0.001256766735279969
r8-742953bd22b341c38ebb67af89ccc76e,R8_R6_LB_AL2395_A0_RAD_MONO_EPD3,R6_LB_AL2395_A0_RAD_EPD3,LB_AL2395,A0,RAD,MONO,3.0,-2.5,-2.5,0.03547182310369697,0.004534213572995644,0.012141045928927926,0.0017682894811793704,0.003182133048615204,0.0011497956349309538,0.0004989629053062793
r8-742953bd22b341c38ebb67af89ccc76e,R8_R6_LB_AL2395_A0_RAD_MONO_EPD3,R6_LB_AL2395_A0_RAD_EPD3,LB_AL2395,A0,RAD,MONO,3.0,-2.75,-2.75,0.03241789156589157,0.02957473299279948,0.007867595942030564,0.0016896061515735126,0.0014289056508182307,0.002074696507809604,0.0004958763322936834
r8-742953bd22b341c38ebb67af89ccc76e,R8_R6_LB_AL2395_A0_RAD_MONO_EPD3,R6_LB_AL2395_A0_RAD_EPD3,LB_AL2395,A0,RAD,MONO,3.0,-3.0,-3.0,0.02792027742876858,0.0055660168945687195,0.0015150562825165393,0.0019357209431773723,0.0002711501194524164,0.0015197810938419334,0.0010535357578490018
r8-742953bd22b341c38ebb67af89ccc76e,R8_R6_LB_AL2395_A0_RAD_EDOF_EPD3,R6_LB_AL2395_A0_RAD_EPD3,LB_AL2395,A0,RAD,EDOF,3.0,0.5,0.25,0.20045101949251026,0.4261110870041004,0.21524212002547835,0.11862460080758593,0.048783853620715585,0.0006162595173339128,0.026485088350167784
r8-742953bd22b341c38ebb67af89ccc76e,R8_R6_LB_AL2395_A0_RAD_EDOF_EPD3,R6_LB_AL2395_A0_RAD_EPD3,LB_AL2395,A0,RAD,EDOF,3.0,0.25,0.0,0.28515039848326135,0.3486762819272399,0.31821310451474194,0.27315361122346005,0.19435248603898522,0.15130873325111993,0.0971601380510028
r8-742953bd22b341c38ebb67af89ccc76e,R8_R6_LB_AL2395_A0_RAD_EDOF_EPD3,R6_LB_AL2395_A0_RAD_EPD3,LB_AL2395,A0,RAD,EDOF,3.0,0.0,-0.25,0.12513478486536195,0.24181055240872787,0.09572434124639423,0.03527807233746392,0.025746723430592172,0.008257942262204688,0.007269894137618369
r8-742953bd22b341c38ebb67af89ccc76e,R8_R6_LB_AL2395_A0_RAD_EDOF_EPD3,R6_LB_AL2395_A0_RAD_EPD3,LB_AL2395,A0,RAD,EDOF,3.0,-0.25,-0.5,0.0867501389733388,0.1402843109042146,0.06000276438644714,0.006537783269958653,0.019047992878206646,0.004792449689776646,0.008097086404088651
r8-742953bd22b341c38ebb67af89ccc76e,R8_R6_LB_AL2395_A0_RAD_EDOF_EPD3,R6_LB_AL2395_A0_RAD_EPD3,LB_AL2395,A0,RAD,EDOF,3.0,-0.5,-0.75,0.06819049739516875,0.05233002194759626,0.00237177440797272,0.014882920591223538,0.0053548413168627565,0.008095438810193594,0.02631958962793373
r8-742953bd22b341c38ebb67af89ccc76e,R8_R6_LB_AL2395_A0_RAD_EDOF_EPD3,R6_LB_AL2395_A0_RAD_EPD3,LB_AL2395,A0,RAD,EDOF,3.0,-0.75,-1.0,0.06071304597688754,0.011722247383097432,0.030353315369042178,0.02940221973655711,0.0028832511723786117,0.0190480995766774,0.008429353772085736
r8-742953bd22b341c38ebb67af89ccc76e,R8_R6_LB_AL2395_A0_RAD_EDOF_EPD3,R6_LB_AL2395_A0_RAD_EPD3,LB_AL2395,A0,RAD,EDOF,3.0,-1.0,-1.25,0.06893133814289862,0.02901803254741944,0.047330216411831286,0.02701837880682865,0.04086099416519271,0.02290593305661919,0.014416796881925325
r8-742953bd22b341c38ebb67af89ccc76e,R8_R6_LB_AL2395_A0_RAD_EDOF_EPD3,R6_LB_AL2395_A0_RAD_EPD3,LB_AL2395,A0,RAD,EDOF,3.0,-1.25,-1.5,0.04846118709979338,0.005505192490500085,0.016809548465011637,0.004381287923718507,0.011862270548348314,0.012192092696485437,0.010486942056741498
r8-742953bd22b341c38ebb67af89ccc76e,R8_R6_LB_AL2395_A0_RAD_EDOF_EPD3,R6_LB_AL2395_A0_RAD_EPD3,LB_AL2395,A0,RAD,EDOF,3.0,-1.5,-1.75,0.041049285976461916,0.05473780971574574,0.0035134779930475093,0.01679711102363917,0.003582431007164837,0.002885215434142708,0.011347958782886781
r8-742953bd22b341c38ebb67af89ccc76e,R8_R6_LB_AL2395_A0_RAD_EDOF_EPD3,R6_LB_AL2395_A0_RAD_EPD3,LB_AL2395,A0,RAD,EDOF,3.0,-1.75,-2.0,0.04200794131967034,0.06754869685269348,0.001289911412759077,0.02852023505856153,0.01317272496977861,0.010182709646442195,0.005185525191604595
r8-742953bd22b341c38ebb67af89ccc76e,R8_R6_LB_AL2395_A0_RAD_EDOF_EPD3,R6_LB_AL2395_A0_RAD_EPD3,LB_AL2395,A0,RAD,EDOF,3.0,-2.0,-2.25,0.03759940333256658,0.03323117292008633,0.009399140762012415,8.897065982665972e-06,0.002313243008764564,0.013452815611231038,0.021126749944794854
r8-742953bd22b341c38ebb67af89ccc76e,R8_R6_LB_AL2395_A0_RAD_EDOF_EPD3,R6_LB_AL2395_A0_RAD_EPD3,LB_AL2395,A0,RAD,EDOF,3.0,-2.25,-2.5,0.039043023102903834,0.009543263625978038,0.022784941301074522,0.00832681396689608,0.006904946007608707,0.002911660598051564,0.003097982284700115
r8-742953bd22b341c38ebb67af89ccc76e,R8_R6_LB_AL2395_A0_RAD_EDOF_EPD3,R6_LB_AL2395_A0_RAD_EPD3,LB_AL2395,A0,RAD,EDOF,3.0,-2.5,-2.75,0.037646006046569334,0.021174029475978493,0.004795123404941194,0.003781135276683491,0.013451402920784596,0.024783055665968313,0.010395340279304523
r8-742953bd22b341c38ebb67af89ccc76e,R8_R6_LB_AL2395_A0_RAD_EDOF_EPD3,R6_LB_AL2395_A0_RAD_EPD3,LB_AL2395,A0,RAD,EDOF,3.0,-2.75,-3.0,0.03707323788130731,0.0027801031890782994,0.01794064193358797,0.0063064374593588,0.008374118714960634,0.0012328283016114607,0.01306558689042543
r8-742953bd22b341c38ebb67af89ccc76e,R8_R6_LB_AL2395_A0_RAD_EDOF_EPD3,R6_LB_AL2395_A0_RAD_EPD3,LB_AL2395,A0,RAD,EDOF,3.0,-3.0,-3.25,0.04261976888219598,0.01849157336928906,0.020468444235334476,0.015663193210541028,0.02649343999853934,0.009307551297761226,0.012557242987944592
r8-742953bd22b341c38ebb67af89ccc76e,R8_R6_LB_AL2395_A0_RAD_MONO_EPD5,R6_LB_AL2395_A0_RAD_EPD5,LB_AL2395,A0,RAD,MONO,5.0,0.5,0.5,0.0581022208251786,0.06624371502306742,0.007140242643925328,0.000544177170414638,0.003566390676371094,0.0024803410277534936,0.001211829073887989
r8-742953bd22b341c38ebb67af89ccc76e,R8_R6_LB_AL2395_A0_RAD_MONO_EPD5,R6_LB_AL2395_A0_RAD_EPD5,LB_AL2395,A0,RAD,MONO,5.0,0.25,0.25,0.11025544773022579,0.1803495383777904,0.07918154750246677,0.038938914470232365,0.021029978959616148,0.01157416543034672,0.0039635247214788805
r8-742953bd22b341c38ebb67af89ccc76e,R8_R6_LB_AL2395_A0_RAD_MONO_EPD5,R6_LB_AL2395_A0_RAD_EPD5,LB_AL2395,A0,RAD,MONO,5.0,0.0,0.0,0.27202777820079316,0.3568230678906326,0.27937983414546713,0.21914049489657386,0.18121217051579633,0.14798762943506613,0.11252481879394534
r8-742953bd22b341c38ebb67af89ccc76e,R8_R6_LB_AL2395_A0_RAD_MONO_EPD5,R6_LB_AL2395_A0_RAD_EPD5,LB_AL2395,A0,RAD,MONO,5.0,-0.25,-0.25,0.23789435013588303,0.5093208034087126,0.2900689479373928,0.1340225608050581,0.04654962380463134,0.012273162486954356,0.007913064023197492
r8-742953bd22b341c38ebb67af89ccc76e,R8_R6_LB_AL2395_A0_RAD_MONO_EPD5,R6_LB_AL2395_A0_RAD_EPD5,LB_AL2395,A0,RAD,MONO,5.0,-0.5,-0.5,0.18591198540874204,0.4008605289764312,0.0022091869935338335,0.04074564404038374,0.10659062107622984,0.07422169252758196,0.02861822419781233
r8-742953bd22b341c38ebb67af89ccc76e,R8_R6_LB_AL2395_A0_RAD_MONO_EPD5,R6_LB_AL2395_A0_RAD_EPD5,LB_AL2395,A0,RAD,MONO,5.0,-0.75,-0.75,0.13264455805949837,0.043278046686135746,0.09753784159481214,0.004774467372519672,0.031450140079710275,0.049192526993734706,0.008969418038348638
r8-742953bd22b341c38ebb67af89ccc76e,R8_R6_LB_AL2395_A0_RAD_MONO_EPD5,R6_LB_AL2395_A0_RAD_EPD5,LB_AL2395,A0,RAD,MONO,5.0,-1.0,-1.0,0.10136675695436766,0.1138820164817128,0.005889815154183765,0.07327501273722853,0.0020840053875738345,0.011740644392654737,0.0005219805468844545
r8-742953bd22b341c38ebb67af89ccc76e,R8_R6_LB_AL2395_A0_RAD_MONO_EPD5,R6_LB_AL2395_A0_RAD_EPD5,LB_AL2395,A0,RAD,MONO,5.0,-1.25,-1.25,0.08288214441835831,0.07728194520934574,0.0492514518141776,0.024488964097413732,0.006078848948878652,0.018223138428986038,0.021273301093012943
r8-742953bd22b341c38ebb67af89ccc76e,R8_R6_LB_AL2395_A0_RAD_MONO_EPD5,R6_LB_AL2395_A0_RAD_EPD5,LB_AL2395,A0,RAD,MONO,5.0,-1.5,-1.5,0.06954532940943135,0.11686845595916244,0.037590622902212524,0.022050589611916565,0.004840493847442622,0.0009221539770127194,0.01133063580253666
r8-742953bd22b341c38ebb67af89ccc76e,R8_R6_LB_AL2395_A0_RAD_MONO_EPD5,R6_LB_AL2395_A0_RAD_EPD5,LB_AL2395,A0,RAD,MONO,5.0,-1.75,-1.75,0.05799022485355085,0.07308597675185642,0.05291695327375208,0.027001557483000427,0.01588795672679824,0.015247396671592705,0.011268835277656642
r8-742953bd22b341c38ebb67af89ccc76e,R8_R6_LB_AL2395_A0_RAD_MONO_EPD5,R6_LB_AL2395_A0_RAD_EPD5,LB_AL2395,A0,RAD,MONO,5.0,-2.0,-2.0,0.05137452028413866,0.024562393858152596,0.03297181509075978,0.01658383311016849,0.01725403061799605,0.008435115099213,0.007036411727137307
r8-742953bd22b341c38ebb67af89ccc76e,R8_R6_LB_AL2395_A0_RAD_MONO_EPD5,R6_LB_AL2395_A0_RAD_EPD5,LB_AL2395,A0,RAD,MONO,5.0,-2.25,-2.25,0.04431889194735202,0.07779509182995842,0.007477468491386083,0.006732874854205814,0.00442854860601931,0.0034617291292166467,0.00618392838415209
r8-742953bd22b341c38ebb67af89ccc76e,R8_R6_LB_AL2395_A0_RAD_MONO_EPD5,R6_LB_AL2395_A0_RAD_EPD5,LB_AL2395,A0,RAD,MONO,5.0,-2.5,-2.5,0.037485661350353444,0.03221835696446834,0.01795629324693168,0.0,0.007667413137757811,0.003124358012471349,0.003488838090833317
r8-742953bd22b341c38ebb67af89ccc76e,R8_R6_LB_AL2395_A0_RAD_MONO_EPD5,R6_LB_AL2395_A0_RAD_EPD5,LB_AL2395,A0,RAD,MONO,5.0,-2.75,-2.75,0.032205854582078454,0.028972766941038793,0.017781099512974075,0.003170642626904589,0.007634977940966536,0.005115459962280454,0.0023521501773763904
r8-742953bd22b341c38ebb67af89ccc76e,R8_R6_LB_AL2395_A0_RAD_MONO_EPD5,R6_LB_AL2395_A0_RAD_EPD5,LB_AL2395,A0,RAD,MONO,5.0,-3.0,-3.0,0.02633394210606107,0.0406886450983705,0.004198841370130747,0.0028335142190549782,0.0031691056910334615,0.004866066163816477,0.0006499810572703409
r8-742953bd22b341c38ebb67af89ccc76e,R8_R6_LB_AL2395_A0_RAD_EDOF_EPD5,R6_LB_AL2395_A0_RAD_EPD5,LB_AL2395,A0,RAD,EDOF,5.0,0.5,1.0,0.09453965572596104,0.1976787169756902,0.08726030844197928,0.025997990217967,0.01717466678961022,0.013260891015469909,0.01653002011766722
r8-742953bd22b341c38ebb67af89ccc76e,R8_R6_LB_AL2395_A0_RAD_EDOF_EPD5,R6_LB_AL2395_A0_RAD_EPD5,LB_AL2395,A0,RAD,EDOF,5.0,0.25,0.75,0.14752556238923958,0.1379722145569802,0.13436245399403943,0.14225278125119706,0.09700943379449621,0.074728597921872,0.05353179915551657
r8-742953bd22b341c38ebb67af89ccc76e,R8_R6_LB_AL2395_A0_RAD_EDOF_EPD5,R6_LB_AL2395_A0_RAD_EPD5,LB_AL2395,A0,RAD,EDOF,5.0,0.0,0.5,0.09042778860624891,0.09556253935445559,0.05405294386914139,0.03382198099865132,0.008605881319554297,0.00918923043335533,0.008430094200451889
r8-742953bd22b341c38ebb67af89ccc76e,R8_R6_LB_AL2395_A0_RAD_EDOF_EPD5,R6_LB_AL2395_A0_RAD_EPD5,LB_AL2395,A0,RAD,EDOF,5.0,-0.25,0.25,0.11819122561295109,0.20225331196654342,0.030972910937966395,0.054773241036720814,0.045098485591419823,0.003767574510153201,0.002347160496302696
r8-742953bd22b341c38ebb67af89ccc76e,R8_R6_LB_AL2395_A0_RAD_EDOF_EPD5,R6_LB_AL2395_A0_RAD_EPD5,LB_AL2395,A0,RAD,EDOF,5.0,-0.5,0.0,0.17372618691875877,0.2793939310896845,0.14822097742888551,0.06090689170064928,0.1012234779308266,0.05422720224619454,0.028948796351708852
r8-742953bd22b341c38ebb67af89ccc76e,R8_R6_LB_AL2395_A0_RAD_EDOF_EPD5,R6_LB_AL2395_A0_RAD_EPD5,LB_AL2395,A0,RAD,EDOF,5.0,-0.75,-0.25,0.1112897585719084,0.12295407640908797,0.030399954208945944,0.05566534594891437,0.0164087855800958,0.06140531711987096,0.007002954166001523
r8-742953bd22b341c38ebb67af89ccc76e,R8_R6_LB_AL2395_A0_RAD_EDOF_EPD5,R6_LB_AL2395_A0_RAD_EPD5,LB_AL2395,A0,RAD,EDOF,5.0,-1.0,-0.5,0.08378532179452342,0.027035841625077467,0.06096663455171158,0.030710290780544915,0.014407036835132161,0.04723849729753197,0.013042561063178824
r8-742953bd22b341c38ebb67af89ccc76e,R8_R6_LB_AL2395_A0_RAD_EDOF_EPD5,R6_LB_AL2395_A0_RAD_EPD5,LB_AL2395,A0,RAD,EDOF,5.0,-1.25,-0.75,0.06252788794407449,0.05620573541899677,0.020190285152523815,0.011394343811499385,0.014018488591366429,0.005027341001364074,0.012342475483996663
r8-742953bd22b341c38ebb67af89ccc76e,R8_R6_LB_AL2395_A0_RAD_EDOF_EPD5,R6_LB_AL2395_A0_RAD_EPD5,LB_AL2395,A0,RAD,EDOF,5.0,-1.5,-1.0,0.04870646432888668,0.07751095052422172,0.00028603269956741797,0.003990824068845555,0.0012163790468908385,0.013076034537757339,0.006266765106168979
r8-742953bd22b341c38ebb67af89ccc76e,R8_R6_LB_AL2395_A0_RAD_EDOF_EPD5,R6_LB_AL2395_A0_RAD_EPD5,LB_AL2395,A0,RAD,EDOF,5.0,-1.75,-1.25,0.04429354241955551,0.03902631910232254,0.01573309365188983,0.008952307252239226,0.003634454136459315,0.006568177616356578,0.002324036948606409
r8-742953bd22b341c38ebb67af89ccc76e,R8_R6_LB_AL2395_A0_RAD_EDOF_EPD5,R6_LB_AL2395_A0_RAD_EPD5,LB_AL2395,A0,RAD,EDOF,5.0,-2.0,-1.5,0.04242165212737976,0.026845872494502133,0.006990679789584215,0.00910090797092289,0.002245937980064992,0.0006092098996815839,0.005610213783366149
r8-742953bd22b341c38ebb67af89ccc76e,R8_R6_LB_AL2395_A0_RAD_EDOF_EPD5,R6_LB_AL2395_A0_RAD_EPD5,LB_AL2395,A0,RAD,EDOF,5.0,-2.25,-1.75,0.03919808610173016,0.06921859196906388,0.01071987763781093,0.006417310782714119,0.005856707011096092,0.00010290879200381699,0.011336557620385074
r8-742953bd22b341c38ebb67af89ccc76e,R8_R6_LB_AL2395_A0_RAD_EDOF_EPD5,R6_LB_AL2395_A0_RAD_EPD5,LB_AL2395,A0,RAD,EDOF,5.0,-2.5,-2.0,0.03929717065054021,0.06936537580138896,0.041897496859902864,0.00826036481814898,0.002219199327921189,0.011128388919467953,0.00021408013952544953
r8-742953bd22b341c38ebb67af89ccc76e,R8_R6_LB_AL2395_A0_RAD_EDOF_EPD5,R6_LB_AL2395_A0_RAD_EPD5,LB_AL2395,A0,RAD,EDOF,5.0,-2.75,-2.25,0.036229663973950554,0.02570402557137035,0.03583171278983796,0.009120260998878235,0.0018510849480260967,0.003943504769739398,0.005232197448320086
r8-742953bd22b341c38ebb67af89ccc76e,R8_R6_LB_AL2395_A0_RAD_EDOF_EPD5,R6_LB_AL2395_A0_RAD_EPD5,LB_AL2395,A0,RAD,EDOF,5.0,-3.0,-2.5,0.03181236523639972,0.07509052771912156,0.014329768729352828,0.004332657013414658,0.0026156909567630862,0.0014444148054672725,0.0017607170139012644
r8-742953bd22b341c38ebb67af89ccc76e,R8_R6_LB_AL2395_A0_HOA_MONO_EPD3,R6_LB_AL2395_A0_HOA_EPD3,LB_AL2395,A0,HOA,MONO,3.0,0.5,0.5,0.17635609254394977,0.28288776238043745,0.1232713922519513,0.08706123247802641,0.053364711217683616,0.03170699184339746,0.020221512130387424
r8-742953bd22b341c38ebb67af89ccc76e,R8_R6_LB_AL2395_A0_HOA_MONO_EPD3,R6_LB_AL2395_A0_HOA_EPD3,LB_AL2395,A0,HOA,MONO,3.0,0.25,0.25,0.3147680549338786,0.5794678265984183,0.3418183762604679,0.23453096720319885,0.1542958684862225,0.08121927362487472,0.021392215471416114
r8-742953bd22b341c38ebb67af89ccc76e,R8_R6_LB_AL2395_A0_HOA_MONO_EPD3,R6_LB_AL2395_A0_HOA_EPD3,LB_AL2395,A0,HOA,MONO,3.0,0.0,0.0,0.5309668591482607,0.7855209444291364,0.600036803920534,0.4677852964857356,0.3784134916664099,0.32427839573958356,0.2734677658772265
r8-742953bd22b341c38ebb67af89ccc76e,R8_R6_LB_AL2395_A0_HOA_MONO_EPD3,R6_LB_AL2395_A0_HOA_EPD3,LB_AL2395,A0,HOA,MONO,3.0,-0.25,-0.25,0.2501735223892133,0.6913705569748191,0.24446097927142793,0.0016163482275835985,0.03819328024727415,0.01650331564777362,0.01583807580886927
r8-742953bd22b341c38ebb67af89ccc76e,R8_R6_LB_AL2395_A0_HOA_MONO_EPD3,R6_LB_AL2395_A0_HOA_EPD3,LB_AL2395,A0,HOA,MONO,3.0,-0.5,-0.5,0.18427510806314126,0.31463329178789967,0.15564098082962038,0.018157046543825495,0.07746609276899814,0.05548681487510567,0.03681041952700215
r8-742953bd22b341c38ebb67af89ccc76e,R8_R6_LB_AL2395_A0_HOA_MONO_EPD3,R6_LB_AL2395_A0_HOA_EPD3,LB_AL2395,A0,HOA,MONO,3.0,-0.75,-0.75,0.13132700213764723,0.07684541814008303,0.03614372160447767,0.0355281468397875,0.031699018656741886,0.014686365950553936,0.010255285706849528
r8-742953bd22b341c38ebb67af89ccc76e,R8_R6_LB_AL2395_A0_HOA_MONO_EPD3,R6_LB_AL2395_A0_HOA_EPD3,LB_AL2395,A0,HOA,MONO,3.0,-1.0,-1.0,0.10345135035530313,0.2146984720449962,0.07557758622514466,0.02286651857684242,0.025948074204147478,0.007742248750381195,0.008728299039625423
r8-742953bd22b341c38ebb67af89ccc76e,R8_R6_LB_AL2395_A0_HOA_MONO_EPD3,R6_LB_AL2395_A0_HOA_EPD3,LB_AL2395,A0,HOA,MONO,3.0,-1.25,-1.25,0.08246521945974654,0.08771526974532332,0.06325826954247595,0.021857175366527943,0.011700392894644423,0.0046551934587788744,0.0009880781200526018
r8-742953bd22b341c38ebb67af89ccc76e,R8_R6_LB_AL2395_A0_HOA_MONO_EPD3,R6_LB_AL2395_A0_HOA_EPD3,LB_AL2395,A0,HOA,MONO,3.0,-1.5,-1.5,0.06916880709522878,0.08186086604661477,0.02451104828073681,0.013135624115628713,0.004437537297098649,0.006294870524584309,0.0004407434506207458
r8-742953bd22b341c38ebb67af89ccc76e,R8_R6_LB_AL2395_A0_HOA_MONO_EPD3,R6_LB_AL2395_A0_HOA_EPD3,LB_AL2395,A0,HOA,MONO,3.0,-1.75,-1.75,0.060012853449996933,0.10310538647430449,0.01152157433022309,0.011188160362249167,0.0028938149161284897,0.005385763302585019,0.0036228174418086482
r8-742953bd22b341c38ebb67af89ccc76e,R8_R6_LB_AL2395_A0_HOA_MONO_EPD3,R6_LB_AL2395_A0_HOA_EPD3,LB_AL2395,A0,HOA,MONO,3.0,-2.0,-2.0,0.05133306715630725,0.0030228642645520184,0.023547054420029214,0.005874965601875388,0.004283005113223791,0.0015924980520755799,0.002569506021092837
r8-742953bd22b341c38ebb67af89ccc76e,R8_R6_LB_AL2395_A0_HOA_MONO_EPD3,R6_LB_AL2395_A0_HOA_EPD3,LB_AL2395,A0,HOA,MONO,3.0,-2.25,-2.25,0.04465070415900867,0.06367566912475199,0.021486867488658745,0.0039991468972742795,0.005413761775759273,0.0007147860095039351,0.0010280672310792598
r8-742953bd22b341c38ebb67af89ccc76e,R8_R6_LB_AL2395_A0_HOA_MONO_EPD3,R6_LB_AL2395_A0_HOA_EPD3,LB_AL2395,A0,HOA,MONO,3.0,-2.5,-2.5,0.04064898567448508,0.028240040527916822,0.010912943216459666,0.0026844421269428312,0.003541114177624182,0.0017831995241449964,0.0004034035809883237
r8-742953bd22b341c38ebb67af89ccc76e,R8_R6_LB_AL2395_A0_HOA_MONO_EPD3,R6_LB_AL2395_A0_HOA_EPD3,LB_AL2395,A0,HOA,MONO,3.0,-2.75,-2.75,0.03648918969539523,0.032862011113047436,0.0004185011002502098,0.0021812380220607858,0.0022621749000533114,0.0026717653844949597,0.0008847136271030445
r8-742953bd22b341c38ebb67af89ccc76e,R8_R6_LB_AL2395_A0_HOA_MONO_EPD3,R6_LB_AL2395_A0_HOA_EPD3,LB_AL2395,A0,HOA,MONO,3.0,-3.0,-3.0,0.032417843877239255,0.03243797243883082,0.007516152178793804,0.0010178450222458198,0.00039893490740595516,0.0012890860524379269,0.0014964711048649619
r8-742953bd22b341c38ebb67af89ccc76e,R8_R6_LB_AL2395_A0_HOA_EDOF_EPD3,R6_LB_AL2395_A0_HOA_EPD3,LB_AL2395,A0,HOA,EDOF,3.0,0.5,0.75,0.06800129983576503,0.037904472232014874,0.006681626817450883,0.030725425413069538,0.015543791742322956,0.01758441185757919,0.0030944247373353414
r8-742953bd22b341c38ebb67af89ccc76e,R8_R6_LB_AL2395_A0_HOA_EDOF_EPD3,R6_LB_AL2395_A0_HOA_EPD3,LB_AL2395,A0,HOA,EDOF,3.0,0.25,0.5,0.07665450444075886,0.07988018267377778,0.005839502915154601,0.009065421879984045,0.01272144979650407,0.00342399267205237,0.020031645119558843
r8-742953bd22b341c38ebb67af89ccc76e,R8_R6_LB_AL2395_A0_HOA_EDOF_EPD3,R6_LB_AL2395_A0_HOA_EPD3,LB_AL2395,A0,HOA,EDOF,3.0,0.0,0.25,0.14752167152372306,0.25806830128676195,0.10382317652233093,0.07265469888238811,0.05191607428002043,0.05385180573906533,0.051053848105632016
r8-742953bd22b341c38ebb67af89ccc76e,R8_R6_LB_AL2395_A0_HOA_EDOF_EPD3,R6_LB_AL2395_A0_HOA_EPD3,LB_AL2395,A0,HOA,EDOF,3.0,-0.25,0.0,0.21628444324202517,0.324026851659489,0.21914886229632297,0.17239164743803828,0.11985508603967525,0.09148722096964701,0.1172173794511729
r8-742953bd22b341c38ebb67af89ccc76e,R8_R6_LB_AL2395_A0_HOA_EDOF_EPD3,R6_LB_AL2395_A0_HOA_EPD3,LB_AL2395,A0,HOA,EDOF,3.0,-0.5,-0.25,0.11672260378752353,0.21156445120577835,0.08741714730091742,0.018512880460336136,0.04446417250763419,0.011216061535608864,0.014142924618357717
r8-742953bd22b341c38ebb67af89ccc76e,R8_R6_LB_AL2395_A0_HOA_EDOF_EPD3,R6_LB_AL2395_A0_HOA_EPD3,LB_AL2395,A0,HOA,EDOF,3.0,-0.75,-0.5,0.07972655047292553,0.03681715316431277,0.06633044850042939,0.026143610157141464,0.037674698430923,0.0023866887405035305,0.01784325596305619
r8-742953bd22b341c38ebb67af89ccc76e,R8_R6_LB_AL2395_A0_HOA_EDOF_EPD3,R6_LB_AL2395_A0_HOA_EPD3,LB_AL2395,A0,HOA,EDOF,3.0,-1.0,-0.75,0.06177281175110457,0.038758951733698116,0.044198040608924745,0.004246233647825464,0.014207302813473375,0.005815455976810561,0.006587489228995279
r8-742953bd22b341c38ebb67af89ccc76e,R8_R6_LB_AL2395_A0_HOA_EDOF_EPD3,R6_LB_AL2395_A0_HOA_EPD3,LB_AL2395,A0,HOA,EDOF,3.0,-1.25,-1.0,0.08458683822423432,0.012188090196296015,0.08976315084434094,0.055548859204201315,0.041933432605229484,0.04700924945657576,0.0024683098565791354
r8-742953bd22b341c38ebb67af89ccc76e,R8_R6_LB_AL2395_A0_HOA_EDOF_EPD3,R6_LB_AL2395_A0_HOA_EPD3,LB_AL2395,A0,HOA,EDOF,3.0,-1.5,-1.25,0.05291961879265058,0.07974118412356931,0.0037001122420048356,0.0031822123832934727,0.007725715037433116,0.00020326072735097538,0.010200218719463462
r8-742953bd22b341c38ebb67af89ccc76e,R8_R6_LB_AL2395_A0_HOA_EDOF_EPD3,R6_LB_AL2395_A0_HOA_EPD3,LB_AL2395,A0,HOA,EDOF,3.0,-1.75,-1.5,0.046491912200894485,0.07295962821966362,0.011515721220511465,0.016916928657865784,0.0020568897915995265,0.0028175530570508306,0.008502863608885972
r8-742953bd22b341c38ebb67af89ccc76e,R8_R6_LB_AL2395_A0_HOA_EDOF_EPD3,R6_LB_AL2395_A0_HOA_EPD3,LB_AL2395,A0,HOA,EDOF,3.0,-2.0,-1.75,0.04076463216180867,0.020206185215011028,0.016980797708991434,0.00514557191391593,0.002351118132585924,0.01592164587061597,0.007424229459052097
r8-742953bd22b341c38ebb67af89ccc76e,R8_R6_LB_AL2395_A0_HOA_EDOF_EPD3,R6_LB_AL2395_A0_HOA_EPD3,LB_AL2395,A0,HOA,EDOF,3.0,-2.25,-2.0,0.04281236239648426,0.0002303965188302212,0.004392472903437541,0.02634118785314797,0.004052469565562022,0.0013129408910463958,0.002112583422534551
r8-742953bd22b341c38ebb67af89ccc76e,R8_R6_LB_AL2395_A0_HOA_EDOF_EPD3,R6_LB_AL2395_A0_HOA_EPD3,LB_AL2395,A0,HOA,EDOF,3.0,-2.5,-2.25,0.047322438045779,0.023407933917667233,0.040359669181579585,0.018616595291963866,0.009355571498462716,0.03773450592080135,0.008724034251405709
r8-742953bd22b341c38ebb67af89ccc76e,R8_R6_LB_AL2395_A0_HOA_EDOF_EPD3,R6_LB_AL2395_A0_HOA_EPD3,LB_AL2395,A0,HOA,EDOF,3.0,-2.75,-2.5,0.03835858436387055,0.037359412550321415,0.03762701482819551,0.017412532649468248,0.01381585372187051,0.0016899039174462342,2.3853121288877166e-05
r8-742953bd22b341c38ebb67af89ccc76e,R8_R6_LB_AL2395_A0_HOA_EDOF_EPD3,R6_LB_AL2395_A0_HOA_EPD3,LB_AL2395,A0,HOA,EDOF,3.0,-3.0,-2.75,0.032226155051966514,0.018769394990708708,0.023126349289827774,0.006930757023668889,0.0006054619774537816,0.014470712341075125,0.005746762925340715
r8-742953bd22b341c38ebb67af89ccc76e,R8_R6_LB_AL2395_A0_HOA_MONO_EPD5,R6_LB_AL2395_A0_HOA_EPD5,LB_AL2395,A0,HOA,MONO,5.0,0.5,0.5,0.06971865287507557,0.1044458803326313,0.04974015057191238,0.029223915786465802,0.012713625515602452,0.002831261742304409,0.0010241247719966404
r8-742953bd22b341c38ebb67af89ccc76e,R8_R6_LB_AL2395_A0_HOA_MONO_EPD5,R6_LB_AL2395_A0_HOA_EPD5,LB_AL2395,A0,HOA,MONO,5.0,0.25,0.25,0.12858199335873652,0.1833471609108755,0.12829620278622716,0.09727432240569021,0.0667560193635617,0.044447577158614006,0.019874248710031225
r8-742953bd22b341c38ebb67af89ccc76e,R8_R6_LB_AL2395_A0_HOA_MONO_EPD5,R6_LB_AL2395_A0_HOA_EPD5,LB_AL2395,A0,HOA,MONO,5.0,0.0,0.0,0.18897626232533069,0.25465388657064825,0.18792261031837823,0.1450194992855219,0.11548729157928564,0.1015167541045477,0.08580001696264852
r8-742953bd22b341c38ebb67af89ccc76e,R8_R6_LB_AL2395_A0_HOA_MONO_EPD5,R6_LB_AL2395_A0_HOA_EPD5,LB_AL2395,A0,HOA,MONO,5.0,-0.25,-0.25,0.13377324286197995,0.29716216382021066,0.13076139986804647,0.043607834868233934,0.007427758097270923,0.0005139825918149025,0.008658788109708585
r8-742953bd22b341c38ebb67af89ccc76e,R8_R6_LB_AL2395_A0_HOA_MONO_EPD5,R6_LB_AL2395_A0_HOA_EPD5,LB_AL2395,A0,HOA,MONO,5.0,-0.5,-0.5,0.1323593163956491,0.2554967832351837,0.011502735102817935,0.02573694238632541,0.062390567786035835,0.06245772284699791,0.05424166037318223
r8-742953bd22b341c38ebb67af89ccc76e,R8_R6_LB_AL2395_A0_HOA_MONO_EPD5,R6_LB_AL2395_A0_HOA_EPD5,LB_AL2395,A0,HOA,MONO,5.0,-0.75,-0.75,0.11018356890080477,0.11952927908933007,0.04661067551198888,0.0677245292959116,0.0010297945016010635,0.01636480237352802,0.03007338528235349
r8-742953bd22b341c38ebb67af89ccc76e,R8_R6_LB_AL2395_A0_HOA_MONO_EPD5,R6_LB_AL2395_A0_HOA_EPD5,LB_AL2395,A0,HOA,MONO,5.0,-1.0,-1.0,0.0989731606220488,0.015511436032794876,0.09852648225841888,0.0013531813666116587,0.04878431991876803,0.003291360175334242,0.010877786493413047
r8-742953bd22b341c38ebb67af89ccc76e,R8_R6_LB_AL2395_A0_HOA_MONO_EPD5,R6_LB_AL2395_A0_HOA_EPD5,LB_AL2395,A0,HOA,MONO,5.0,-1.25,-1.25,0.09636119906078579,0.019684966222247233,0.014746202675466606,0.05109324948283099,0.03904053051742067,0.011400475445194175,0.0155676898791612
r8-742953bd22b341c38ebb67af89ccc76e,R8_R6_LB_AL2395_A0_HOA_MONO_EPD5,R6_LB_AL2395_A0_HOA_EPD5,LB_AL2395,A0,HOA,MONO,5.0,-1.5,-1.5,0.0781569765590431,0.09332490583283254,0.049577110942395135,0.021840526921121563,0.0043898124608341,0.009424793393669653,0.016404673455180818
r8-742953bd22b341c38ebb67af89ccc76e,R8_R6_LB_AL2395_A0_HOA_MONO_EPD5,R6_LB_AL2395_A0_HOA_EPD5,LB_AL2395,A0,HOA,MONO,5.0,-1.75,-1.75,0.06970736953585129,0.1361133042652128,0.028156404191856502,0.004815581479963011,0.0052749961115180315,0.008323361636961665,0.026615149789282692
r8-742953bd22b341c38ebb67af89ccc76e,R8_R6_LB_AL2395_A0_HOA_MONO_EPD5,R6_LB_AL2395_A0_HOA_EPD5,LB_AL2395,A0,HOA,MONO,5.0,-2.0,-2.0,0.0609492130192928,0.04924662340181461,0.00815901970931973,0.037225888116273774,0.005067451727255796,0.0048060361862614625,0.007552473931072503
r8-742953bd22b341c38ebb67af89ccc76e,R8_R6_LB_AL2395_A0_HOA_MONO_EPD5,R6_LB_AL2395_A0_HOA_EPD5,LB_AL2395,A0,HOA,MONO,5.0,-2.25,-2.25,0.053821658661149505,0.05640503545241332,0.030786643033307148,0.008593169349336982,0.010401979418924226,0.011222884563301153,0.007047272327614608
r8-742953bd22b341c38ebb67af89ccc76e,R8_R6_LB_AL2395_A0_HOA_MONO_EPD5,R6_LB_AL2395_A0_HOA_EPD5,LB_AL2395,A0,HOA,MONO,5.0,-2.5,-2.5,0.0494730712696129,0.0014347521876291263,0.013859771687934917,0.019564030920572795,0.008504114163098323,0.0011569302119053678,0.013267825434001547
r8-742953bd22b341c38ebb67af89ccc76e,R8_R6_LB_AL2395_A0_HOA_MONO_EPD5,R6_LB_AL2395_A0_HOA_EPD5,LB_AL2395,A0,HOA,MONO,5.0,-2.75,-2.75,0.0457622904249643,0.08001206839080859,0.01963158119634984,0.002653474599498974,0.003669672621178031,0.012711107263872415,0.004874167436042079
r8-742953bd22b341c38ebb67af89ccc76e,R8_R6_LB_AL2395_A0_HOA_MONO_EPD5,R6_LB_AL2395_A0_HOA_EPD5,LB_AL2395,A0,HOA,MONO,5.0,-3.0,-3.0,0.03791231872829093,0.0008769113314796625,0.0037943263721886412,0.018000838367323416,0.0011582957597288078,0.0021333614801608554,0.0054965151836468915
r8-742953bd22b341c38ebb67af89ccc76e,R8_R6_LB_AL2395_A0_HOA_EDOF_EPD5,R6_LB_AL2395_A0_HOA_EPD5,LB_AL2395,A0,HOA,EDOF,5.0,0.5,1.0,0.0340926379525288,0.018332311352222047,0.0008149595460355565,0.003518278715486727,0.011487417430170592,0.002086581676661164,0.00786517432372656
r8-742953bd22b341c38ebb67af89ccc76e,R8_R6_LB_AL2395_A0_HOA_EDOF_EPD5,R6_LB_AL2395_A0_HOA_EPD5,LB_AL2395,A0,HOA,EDOF,5.0,0.25,0.75,0.03856405087016854,0.0006302018754544464,0.004698651461066261,0.0021052182331544062,0.003916670488988468,0.0042615201304884096,0.002740045757322145
r8-742953bd22b341c38ebb67af89ccc76e,R8_R6_LB_AL2395_A0_HOA_EDOF_EPD5,R6_LB_AL2395_A0_HOA_EPD5,LB_AL2395,A0,HOA,EDOF,5.0,0.0,0.5,0.058414471560665385,0.06682711972559495,0.007564397928239469,0.026571289292650797,0.0024167534458734985,0.004417158645073788,0.011941514759171885
r8-742953bd22b341c38ebb67af89ccc76e,R8_R6_LB_AL2395_A0_HOA_EDOF_EPD5,R6_LB_AL2395_A0_HOA_EPD5,LB_AL2395,A0,HOA,EDOF,5.0,-0.25,0.25,0.12612771077669765,0.1680506151831007,0.11877811168773947,0.06580854659679564,0.06080286052098014,0.04251928233259533,0.04849755244730814
r8-742953bd22b341c38ebb67af89ccc76e,R8_R6_LB_AL2395_A0_HOA_EDOF_EPD5,R6_LB_AL2395_A0_HOA_EPD5,LB_AL2395,A0,HOA,EDOF,5.0,-0.5,0.0,0.13022013360770612,0.21698744754684246,0.10453439364912581,0.07511974128358259,0.033169404079232426,0.02782433090857495,0.021018458785024816
r8-742953bd22b341c38ebb67af89ccc76e,R8_R6_LB_AL2395_A0_HOA_EDOF_EPD5,R6_LB_AL2395_A0_HOA_EPD5,LB_AL2395,A0,HOA,EDOF,5.0,-0.75,-0.25,0.09572436632213302,0.15533235968915574,0.010833522353890936,0.0324056627723842,0.007095233283533237,0.00403773942982333,0.01226518956711775
r8-742953bd22b341c38ebb67af89ccc76e,R8_R6_LB_AL2395_A0_HOA_EDOF_EPD5,R6_LB_AL2395_A0_HOA_EPD5,LB_AL2395,A0,HOA,EDOF,5.0,-1.0,-0.5,0.10622111098999103,0.0762305045946207,0.08388862963717768,0.021134574961506423,0.032243381924594305,0.02841597354743441,0.04366463182877938
r8-742953bd22b341c38ebb67af89ccc76e,R8_R6_LB_AL2395_A0_HOA_EDOF_EPD5,R6_LB_AL2395_A0_HOA_EPD5,LB_AL2395,A0,HOA,EDOF,5.0,-1.25,-0.75,0.11537731081099158,0.05858266018302533,0.07480519078610214,0.07073241698453683,0.0450292724444061,0.05791612506532377,0.03413545130534751
r8-742953bd22b341c38ebb67af89ccc76e,R8_R6_LB_AL2395_A0_HOA_EDOF_EPD5,R6_LB_AL2395_A0_HOA_EPD5,LB_AL2395,A0,HOA,EDOF,5.0,-1.5,-1.0,0.08506305649010416,0.09814988821897784,0.04150237714303965,0.0041992213699528205,0.027608781089929396,0.03673328882723247,0.005447132891459232
r8-742953bd22b341c38ebb67af89ccc76e,R8_R6_LB_AL2395_A0_HOA_EDOF_EPD5,R6_LB_AL2395_A0_HOA_EPD5,LB_AL2395,A0,HOA,EDOF,5.0,-1.75,-1.25,0.06449169838814031,0.12685495287196788,0.02645796321140485,0.022411668104853195,0.02791351952716361,0.004863788173285808,0.01227979454614647
r8-742953bd22b341c38ebb67af89ccc76e,R8_R6_LB_AL2395_A0_HOA_EDOF_EPD5,R6_LB_AL2395_A0_HOA_EPD5,LB_AL2395,A0,HOA,EDOF,5.0,-2.0,-1.5,0.053801288677010464,0.051398440782980837,0.021338917085629378,0.022000444080806175,0.028985867702308384,0.0015681872468271032,0.002016517086700297
r8-742953bd22b341c38ebb67af89ccc76e,R8_R6_LB_AL2395_A0_HOA_EDOF_EPD5,R6_LB_AL2395_A0_HOA_EPD5,LB_AL2395,A0,HOA,EDOF,5.0,-2.25,-1.75,0.0516626215937405,0.034873020276770375,0.025762221009222593,0.020928016140756196,0.019485747706769023,0.015515429736725202,0.012110059696893268
r8-742953bd22b341c38ebb67af89ccc76e,R8_R6_LB_AL2395_A0_HOA_EDOF_EPD5,R6_LB_AL2395_A0_HOA_EPD5,LB_AL2395,A0,HOA,EDOF,5.0,-2.5,-2.0,0.0474252750937066,0.025255815451792472,0.008091286719485287,0.006693237144082355,0.006280482001862287,0.004848963687546474,0.001005786211210842
r8-742953bd22b341c38ebb67af89ccc76e,R8_R6_LB_AL2395_A0_HOA_EDOF_EPD5,R6_LB_AL2395_A0_HOA_EPD5,LB_AL2395,A0,HOA,EDOF,5.0,-2.75,-2.25,0.04212296410811549,0.08490368245239552,0.020690082743759403,0.0029059419116267554,0.00359728320547136,0.003942434061061914,0.0034371119008707427
r8-742953bd22b341c38ebb67af89ccc76e,R8_R6_LB_AL2395_A0_HOA_EDOF_EPD5,R6_LB_AL2395_A0_HOA_EPD5,LB_AL2395,A0,HOA,EDOF,5.0,-3.0,-2.5,0.03649851859171116,0.009528934452247298,0.0002555946995525388,0.008220374352393938,0.0030491781719995522,0.00212978898172834,0.003219766861631076
r8-742953bd22b341c38ebb67af89ccc76e,R8_R6_LB_AL2395_B0_WFS_MONO_EPD3,R6_LB_AL2395_B0_WFS_EPD3,LB_AL2395,B0,WFS,MONO,3.0,0.5,0.5,0.17929288077456063,0.28583694948838256,0.13019517754876578,0.0918623890558641,0.05598603194482773,0.03266040731643889,0.020340113497289324
r8-742953bd22b341c38ebb67af89ccc76e,R8_R6_LB_AL2395_B0_WFS_MONO_EPD3,R6_LB_AL2395_B0_WFS_EPD3,LB_AL2395,B0,WFS,MONO,3.0,0.25,0.25,0.3177861012267235,0.578059605994084,0.34465115861871376,0.23948239139084396,0.15997947508914398,0.08608862386975613,0.023988104926345295
r8-742953bd22b341c38ebb67af89ccc76e,R8_R6_LB_AL2395_B0_WFS_MONO_EPD3,R6_LB_AL2395_B0_WFS_EPD3,LB_AL2395,B0,WFS,MONO,3.0,0.0,0.0,0.5235450143986021,0.7807820684338808,0.5910569259325702,0.4567045387551804,0.36795060182348627,0.317037927328164,0.2702638737478356
r8-742953bd22b341c38ebb67af89ccc76e,R8_R6_LB_AL2395_B0_WFS_MONO_EPD3,R6_LB_AL2395_B0_WFS_EPD3,LB_AL2395,B0,WFS,MONO,3.0,-0.25,-0.25,0.24756186617865675,0.6855932697673807,0.23417688465187927,0.007742017739636311,0.039221111720977336,0.016731793342990218,0.014658855441405454
r8-742953bd22b341c38ebb67af89ccc76e,R8_R6_LB_AL2395_B0_WFS_MONO_EPD3,R6_LB_AL2395_B0_WFS_EPD3,LB_AL2395,B0,WFS,MONO,3.0,-0.5,-0.5,0.18418913783128293,0.30951419047857304,0.15492825981149944,0.02465306980550829,0.07942705112615875,0.05582381097016554,0.03761297397365334
r8-742953bd22b341c38ebb67af89ccc76e,R8_R6_LB_AL2395_B0_WFS_MONO_EPD3,R6_LB_AL2395_B0_WFS_EPD3,LB_AL2395,B0,WFS,MONO,3.0,-0.75,-0.75,0.13106260134452533,0.08033440217035814,0.04095942213360191,0.03257773687081508,0.03215291692279406,0.01401593974126941,0.010089019946942349
r8-742953bd22b341c38ebb67af89ccc76e,R8_R6_LB_AL2395_B0_WFS_MONO_EPD3,R6_LB_AL2395_B0_WFS_EPD3,LB_AL2395,B0,WFS,MONO,3.0,-1.0,-1.0,0.10351877187117128,0.21578409080197242,0.07433668970907674,0.021290852579217503,0.02595272782409039,0.00718168267644237,0.00863477779365061
r8-742953bd22b341c38ebb67af89ccc76e,R8_R6_LB_AL2395_B0_WFS_MONO_EPD3,R6_LB_AL2395_B0_WFS_EPD3,LB_AL2395,B0,WFS,MONO,3.0,-1.25,-1.25,0.08272494317575241,0.08636389127521367,0.06448909637499993,0.02111750894722127,0.011266508122638198,0.005106076391736772,0.0008795407380083872
r8-742953bd22b341c38ebb67af89ccc76e,R8_R6_LB_AL2395_B0_WFS_MONO_EPD3,R6_LB_AL2395_B0_WFS_EPD3,LB_AL2395,B0,WFS,MONO,3.0,-1.5,-1.5,0.06945511578419501,0.08413419001239288,0.026021148820116607,0.012629761314452658,0.003913221962173516,0.006410786161953224,0.0005139430287358616
r8-742953bd22b341c38ebb67af89ccc76e,R8_R6_LB_AL2395_B0_WFS_MONO_EPD3,R6_LB_AL2395_B0_WFS_EPD3,LB_AL2395,B0,WFS,MONO,3.0,-1.75,-1.75,0.06029369438583762,0.104155984881734,0.010912068172323347,0.010803760708645537,0.0033115912357796315,0.005290135577136878,0.0036727049139524373
r8-742953bd22b341c38ebb67af89ccc76e,R8_R6_LB_AL2395_B0_WFS_MONO_EPD3,R6_LB_AL2395_B0_WFS_EPD3,LB_AL2395,B0,WFS,MONO,3.0,-2.0,-2.0,0.051488189365147895,0.0022260930035105644,0.023646732888782353,0.005495795811800398,0.0045331804619948264,0.0014280749788778335,0.002510082858461349
r8-742953bd22b341c38ebb67af89ccc76e,R8_R6_LB_AL2395_B0_WFS_MONO_EPD3,R6_LB_AL2395_B0_WFS_EPD3,LB_AL2395,B0,WFS,MONO,3.0,-2.25,-2.25,0.04485505762583089,0.06487588069480513,0.021937265150236425,0.003679459902288237,0.005472741673148534,0.0008286168485171096,0.0010481820362065542
r8-742953bd22b341c38ebb67af89ccc76e,R8_R6_LB_AL2395_B0_WFS_MONO_EPD3,R6_LB_AL2395_B0_WFS_EPD3,LB_AL2395,B0,WFS,MONO,3.0,-2.5,-2.5,0.04080010798056543,0.028320943544710063,0.011371773527811265,0.0023754038166637842,0.0034507903276657205,0.0018575792950537484,0.00041441329685347846
r8-742953bd22b341c38ebb67af89ccc76e,R8_R6_LB_AL2395_B0_WFS_MONO_EPD3,R6_LB_AL2395_B0_WFS_EPD3,LB_AL2395,B0,WFS,MONO,3.0,-2.75,-2.75,0.03660135459501301,0.0336451103217361,7.91538587432583e-05,0.0018754800532200808,0.0020994532461864474,0.002674513427984355,0.0008767817688573941
r8-742953bd22b341c38ebb67af89ccc76e,R8_R6_LB_AL2395_B0_WFS_MONO_EPD3,R6_LB_AL2395_B0_WFS_EPD3,LB_AL2395,B0,WFS,MONO,3.0,-3.0,-3.0,0.03247246945873213,0.03279358795699437,0.007336626733462364,0.0007250372214144292,0.00019540546247189054,0.0011814280826763284,0.0015427469741186597
r8-742953bd22b341c38ebb67af89ccc76e,R8_R6_LB_AL2395_B0_WFS_EDOF_EPD3,R6_LB_AL2395_B0_WFS_EPD3,LB_AL2395,B0,WFS,EDOF,3.0,0.5,0.5,0.1894980111336816,0.16789873174405703,0.2128640172473309,0.14102761463243738,0.08994183450920866,0.05195795933671015,0.0004117324619527322
r8-742953bd22b341c38ebb67af89ccc76e,R8_R6_LB_AL2395_B0_WFS_EDOF_EPD3,R6_LB_AL2395_B0_WFS_EPD3,LB_AL2395,B0,WFS,EDOF,3.0,0.25,0.25,0.22120000717869862,0.3996572890275162,0.1361212046969872,0.13130655454523849,0.09546825055114928,0.07622622666490828,0.005059987440524272
r8-742953bd22b341c38ebb67af89ccc76e,R8_R6_LB_AL2395_B0_WFS_EDOF_EPD3,R6_LB_AL2395_B0_WFS_EPD3,LB_AL2395,B0,WFS,EDOF,3.0,0.0,0.0,0.33550604765992975,0.6374974683154381,0.30239705133753403,0.17412619706292468,0.13599446147240937,0.17391031520689165,0.2096347396680318
r8-742953bd22b341c38ebb67af89ccc76e,R8_R6_LB_AL2395_B0_WFS_EDOF_EPD3,R6_LB_AL2395_B0_WFS_EPD3,LB_AL2395,B0,WFS,EDOF,3.0,-0.25,-0.25,0.2646778667000452,0.6342721050654521,0.2724806926334404,0.05570241216567007,0.028639600691492184,0.06167114458497117,0.10180174700113251
r8-742953bd22b341c38ebb67af89ccc76e,R8_R6_LB_AL2395_B0_WFS_EDOF_EPD3,R6_LB_AL2395_B0_WFS_EPD3,LB_AL2395,B0,WFS,EDOF,3.0,-0.5,-0.5,0.19271548712347583,0.3331306383159074,0.04388782793621052,0.1255299753031169,0.10994923704339692,0.0746220213725095,0.05993329678437469
r8-742953bd22b341c38ebb67af89ccc76e,R8_R6_LB_AL2395_B0_WFS_EDOF_EPD3,R6_LB_AL2395_B0_WFS_EPD3,LB_AL2395,B0,WFS,EDOF,3.0,-0.75,-0.75,0.1281460675401008,0.043586665688713486,0.05268985257625562,0.016747388857125237,0.02953991837423333,0.0007216972248688551,0.01882814741517094
r8-742953bd22b341c38ebb67af89ccc76e,R8_R6_LB_AL2395_B0_WFS_EDOF_EPD3,R6_LB_AL2395_B0_WFS_EPD3,LB_AL2395,B0,WFS,EDOF,3.0,-1.0,-1.0,0.106431524594877,0.20930180120489592,0.13883715315073766,0.0010546278248952804,0.017142871584455904,0.003976283739540851,0.004079041688602907
r8-742953bd22b341c38ebb67af89ccc76e,R8_R6_LB_AL2395_B0_WFS_EDOF_EPD3,R6_LB_AL2395_B0_WFS_EPD3,LB_AL2395,B0,WFS,EDOF,3.0,-1.25,-1.25,0.0904043935255303,0.0989198023242485,0.08063175255690372,0.013003855078535497,0.0036466165815369723,0.007975141146683977,0.0031345702009870154
r8-742953bd22b341c38ebb67af89ccc76e,R8_R6_LB_AL2395_B0_WFS_EDOF_EPD3,R6_LB_AL2395_B0_WFS_EPD3,LB_AL2395,B0,WFS,EDOF,3.0,-1.5,-1.5,0.07862965579037325,0.09541970831797766,0.02259682789403299,0.0001344836427839468,6.999545735619393e-05,0.007375039836407574,0.0022238245362830966
r8-742953bd22b341c38ebb67af89ccc76e,R8_R6_LB_AL2395_B0_WFS_EDOF_EPD3,R6_LB_AL2395_B0_WFS_EPD3,LB_AL2395,B0,WFS,EDOF,3.0,-1.75,-1.75,0.0675478664533122,0.1597059557712819,0.055191565770819594,0.005705434541295044,0.008683713954612069,0.003867413753501286,0.004312704312743138
r8-742953bd22b341c38ebb67af89ccc76e,R8_R6_LB_AL2395_B0_WFS_EDOF_EPD3,R6_LB_AL2395_B0_WFS_EPD3,LB_AL2395,B0,WFS,EDOF,3.0,-2.0,-2.0,0.05651182739502474,0.07251909330704251,0.03607626078290375,0.004926444794005382,0.005166583777183319,0.0010986437806548904,0.002085636029698912
r8-742953bd22b341c38ebb67af89ccc76e,R8_R6_LB_AL2395_B0_WFS_EDOF_EPD3,R6_LB_AL2395_B0_WFS_EPD3,LB_AL2395,B0,WFS,EDOF,3.0,-2.25,-2.25,0.04870293519119753,0.03247231660667566,0.000604507371156031,0.0009431238348798351,0.005442967284329422,0.002551013359006878,0.00034800029297077606
r8-742953bd22b341c38ebb67af89ccc76e,R8_R6_LB_AL2395_B0_WFS_EDOF_EPD3,R6_LB_AL2395_B0_WFS_EPD3,LB_AL2395,B0,WFS,EDOF,3.0,-2.5,-2.5,0.042643364321780466,0.05828957694582844,0.010302757689187652,0.0003581309786616458,0.001742650652751986,0.0026414508462669303,0.00038665991465922144
r8-742953bd22b341c38ebb67af89ccc76e,R8_R6_LB_AL2395_B0_WFS_EDOF_EPD3,R6_LB_AL2395_B0_WFS_EPD3,LB_AL2395,B0,WFS,EDOF,3.0,-2.75,-2.75,0.03661890677680258,0.03216526581233661,0.009015833419905517,0.0004218433972941857,9.295011279611698e-05,0.0018297683715415456,0.0014207323445360296
r8-742953bd22b341c38ebb67af89ccc76e,R8_R6_LB_AL2395_B0_WFS_EDOF_EPD3,R6_LB_AL2395_B0_WFS_EPD3,LB_AL2395,B0,WFS,EDOF,3.0,-3.0,-3.0,0.03201888715854773,0.017749246994380897,0.010169762402138453,0.0012391096876105002,0.0017808684112393376,0.00030123376310741437,0.0018432850054430582
r8-742953bd22b341c38ebb67af89ccc76e,R8_R6_LB_AL2395_B0_WFS_MONO_EPD5,R6_LB_AL2395_B0_WFS_EPD5,LB_AL2395,B0,WFS,MONO,5.0,0.5,0.5,0.06984460293789667,0.11112902011036835,0.051981529681609566,0.030289080173177912,0.014915068856058724,0.002283354186586355,0.0003431068790340467
r8-742953bd22b341c38ebb67af89ccc76e,R8_R6_LB_AL2395_B0_WFS_MONO_EPD5,R6_LB_AL2395_B0_WFS_EPD5,LB_AL2395,B0,WFS,MONO,5.0,0.25,0.25,0.12853827463896692,0.17764880636413047,0.12501484395681975,0.0974755624967666,0.06681159477151502,0.04415418630632836,0.02168100214048293
r8-742953bd22b341c38ebb67af89ccc76e,R8_R6_LB_AL2395_B0_WFS_MONO_EPD5,R6_LB_AL2395_B0_WFS_EPD5,LB_AL2395,B0,WFS,MONO,5.0,0.0,0.0,0.18471480215014718,0.25201811327094137,0.18602597246966224,0.14192053700335475,0.1105191207797405,0.09720487994730391,0.0822146371106459
r8-742953bd22b341c38ebb67af89ccc76e,R8_R6_LB_AL2395_B0_WFS_MONO_EPD5,R6_LB_AL2395_B0_WFS_EPD5,LB_AL2395,B0,WFS,MONO,5.0,-0.25,-0.25,0.13051725149217733,0.2951435026637421,0.1239648342496358,0.03789618706225773,0.008547862752431036,0.004456562667399441,0.01291119675673095
r8-742953bd22b341c38ebb67af89ccc76e,R8_R6_LB_AL2395_B0_WFS_MONO_EPD5,R6_LB_AL2395_B0_WFS_EPD5,LB_AL2395,B0,WFS,MONO,5.0,-0.5,-0.5,0.13168546786735505,0.23174214117099856,0.0035076461249634715,0.03413956857377086,0.06871640311156246,0.06370543083111982,0.05361613336865067
r8-742953bd22b341c38ebb67af89ccc76e,R8_R6_LB_AL2395_B0_WFS_MONO_EPD5,R6_LB_AL2395_B0_WFS_EPD5,LB_AL2395,B0,WFS,MONO,5.0,-0.75,-0.75,0.11128256105084951,0.11941948678249831,0.05318132597983716,0.07118594939576602,0.006082175989398633,0.01890326792951785,0.0315323011622145
r8-742953bd22b341c38ebb67af89ccc76e,R8_R6_LB_AL2395_B0_WFS_MONO_EPD5,R6_LB_AL2395_B0_WFS_EPD5,LB_AL2395,B0,WFS,MONO,5.0,-1.0,-1.0,0.09983197849601129,0.01578962328762181,0.10051000911628076,0.012663740633558195,0.04736718898133615,0.0005175206958574528,0.012396922433098218
r8-742953bd22b341c38ebb67af89ccc76e,R8_R6_LB_AL2395_B0_WFS_MONO_EPD5,R6_LB_AL2395_B0_WFS_EPD5,LB_AL2395,B0,WFS,MONO,5.0,-1.25,-1.25,0.08904576931391542,0.0010113361411372831,0.008541360887978612,0.03674066973911851,0.030848245684427747,0.0033586309865427195,0.00826712460889681
r8-742953bd22b341c38ebb67af89ccc76e,R8_R6_LB_AL2395_B0_WFS_MONO_EPD5,R6_LB_AL2395_B0_WFS_EPD5,LB_AL2395,B0,WFS,MONO,5.0,-1.5,-1.5,0.09471190494529479,0.135344797250893,0.08351052164493708,0.041653419559360416,0.009991372067779647,0.019933975354401015,0.023239910399449566
r8-742953bd22b341c38ebb67af89ccc76e,R8_R6_LB_AL2395_B0_WFS_MONO_EPD5,R6_LB_AL2395_B0_WFS_EPD5,LB_AL2395,B0,WFS,MONO,5.0,-1.75,-1.75,0.07922123018299744,0.17928959284307053,0.036180940017935544,0.0032635505169637167,0.0024093921025152296,0.012869462762475739,0.02922920570872517
r8-742953bd22b341c38ebb67af89ccc76e,R8_R6_LB_AL2395_B0_WFS_MONO_EPD5,R6_LB_AL2395_B0_WFS_EPD5,LB_AL2395,B0,WFS,MONO,5.0,-2.0,-2.0,0.05923632524507712,0.01815810453328215,0.0031690217377689824,0.033843794002211,0.0007801074188101353,0.005268106807821084,0.010558096224955725
r8-742953bd22b341c38ebb67af89ccc76e,R8_R6_LB_AL2395_B0_WFS_MONO_EPD5,R6_LB_AL2395_B0_WFS_EPD5,LB_AL2395,B0,WFS,MONO,5.0,-2.25,-2.25,0.05291794014683279,0.06381665530090845,0.02370535682978945,0.008445370997221386,0.0022187709359434275,0.012150017608560403,0.01146962996058725
r8-742953bd22b341c38ebb67af89ccc76e,R8_R6_LB_AL2395_B0_WFS_MONO_EPD5,R6_LB_AL2395_B0_WFS_EPD5,LB_AL2395,B0,WFS,MONO,5.0,-2.5,-2.5,0.04898674074811548,0.004682258821231892,0.011407823645224583,0.021979970744088348,0.005055269240004668,0.006329870088976294,0.01312775740382264
r8-742953bd22b341c38ebb67af89ccc76e,R8_R6_LB_AL2395_B0_WFS_MONO_EPD5,R6_LB_AL2395_B0_WFS_EPD5,LB_AL2395,B0,WFS,MONO,5.0,-2.75,-2.75,0.04431996450778617,0.05736492503584783,0.006960129132025069,0.005189469962210991,0.004929843506769212,0.01531299782410266,0.007971516664792658
r8-742953bd22b341c38ebb67af89ccc76e,R8_R6_LB_AL2395_B0_WFS_MONO_EPD5,R6_LB_AL2395_B0_WFS_EPD5,LB_AL2395,B0,WFS,MONO,5.0,-3.0,-3.0,0.037942144505379735,0.005438771600216472,0.0012313039557210641,0.017023901841802656,0.004181016548820824,0.0019459441600217832,0.006289973535707027
r8-742953bd22b341c38ebb67af89ccc76e,R8_R6_LB_AL2395_B0_WFS_EDOF_EPD5,R6_LB_AL2395_B0_WFS_EPD5,LB_AL2395,B0,WFS,EDOF,5.0,0.5,1.0,0.07306197835196776,0.06937990020194643,0.07694546147840847,0.04460994576235462,0.026791663725765615,0.009502996522042052,0.006325858263898091
r8-742953bd22b341c38ebb67af89ccc76e,R8_R6_LB_AL2395_B0_WFS_EDOF_EPD5,R6_LB_AL2395_B0_WFS_EPD5,LB_AL2395,B0,WFS,EDOF,5.0,0.25,0.75,0.09389265588526588,0.11544482025454307,0.05508250261992203,0.061440286921799536,0.04134252176042127,0.03715591304408492,0.013048633511963647
r8-742953bd22b341c38ebb67af89ccc76e,R8_R6_LB_AL2395_B0_WFS_EDOF_EPD5,R6_LB_AL2395_B0_WFS_EPD5,LB_AL2395,B0,WFS,EDOF,5.0,0.0,0.5,0.11882084075122055,0.20197021099420506,0.07945328524333738,0.03934636017995024,0.03337560582533535,0.04956647362766997,0.0661866657195069
r8-742953bd22b341c38ebb67af89ccc76e,R8_R6_LB_AL2395_B0_WFS_EDOF_EPD5,R6_LB_AL2395_B0_WFS_EPD5,LB_AL2395,B0,WFS,EDOF,5.0,-0.25,0.25,0.1413771930487662,0.27657903774897113,0.13684070534520373,0.05855590397472194,0.024136008674971406,0.026552936770738677,0.03731539967356
r8-742953bd22b341c38ebb67af89ccc76e,R8_R6_LB_AL2395_B0_WFS_EDOF_EPD5,R6_LB_AL2395_B0_WFS_EPD5,LB_AL2395,B0,WFS,EDOF,5.0,-0.5,0.0,0.14758478988989968,0.23909866195013946,0.046818165150132485,0.07136872427524618,0.07737498436698145,0.06434348323392393,0.05243758164839449
r8-742953bd22b341c38ebb67af89ccc76e,R8_R6_LB_AL2395_B0_WFS_EDOF_EPD5,R6_LB_AL2395_B0_WFS_EPD5,LB_AL2395,B0,WFS,EDOF,5.0,-0.75,-0.25,0.1225380461937282,0.13177500963980077,0.05063705337672286,0.07297763560994393,0.027294991262609584,0.050182064702288136,0.04912288778797361
r8-742953bd22b341c38ebb67af89ccc76e,R8_R6_LB_AL2395_B0_WFS_EDOF_EPD5,R6_LB_AL2395_B0_WFS_EPD5,LB_AL2395,B0,WFS,EDOF,5.0,-1.0,-0.5,0.0994796808665958,0.017904225266053852,0.1296386771342603,0.001616286267109732,0.022976872848116277,0.0040774206999801554,0.01995560817097687
r8-742953bd22b341c38ebb67af89ccc76e,R8_R6_LB_AL2395_B0_WFS_EDOF_EPD5,R6_LB_AL2395_B0_WFS_EPD5,LB_AL2395,B0,WFS,EDOF,5.0,-1.25,-0.75,0.09230403242959634,0.006043312285612408,0.014181196598064494,0.05805054346981009,0.02365575987703752,0.0007856810462377949,0.020139449033197768
r8-742953bd22b341c38ebb67af89ccc76e,R8_R6_LB_AL2395_B0_WFS_EDOF_EPD5,R6_LB_AL2395_B0_WFS_EPD5,LB_AL2395,B0,WFS,EDOF,5.0,-1.5,-1.0,0.09745456792232128,0.13790724092335194,0.06182892458578708,0.025382364817721097,0.011177365434883341,0.017212058147441613,0.03700896617274882
r8-742953bd22b341c38ebb67af89ccc76e,R8_R6_LB_AL2395_B0_WFS_EDOF_EPD5,R6_LB_AL2395_B0_WFS_EPD5,LB_AL2395,B0,WFS,EDOF,5.0,-1.75,-1.25,0.08051985790264676,0.1977262800131891,0.054867372779957936,0.009797341411364777,0.009391492799312064,0.013274573098212564,0.02690406841378996
r8-742953bd22b341c38ebb67af89ccc76e,R8_R6_LB_AL2395_B0_WFS_EDOF_EPD5,R6_LB_AL2395_B0_WFS_EPD5,LB_AL2395,B0,WFS,EDOF,5.0,-2.0,-1.5,0.05914485546123415,0.0437701509254695,0.002585659248984647,0.037526491161995926,0.014632939628545751,0.000450810821730132,0.0010033739996602076
r8-742953bd22b341c38ebb67af89ccc76e,R8_R6_LB_AL2395_B0_WFS_EDOF_EPD5,R6_LB_AL2395_B0_WFS_EPD5,LB_AL2395,B0,WFS,EDOF,5.0,-2.25,-1.75,0.05025097862696314,0.0492557283688152,0.01733252099909576,0.00015079047754640426,0.018319632895842174,0.009394340922375347,0.004793516183317457
r8-742953bd22b341c38ebb67af89ccc76e,R8_R6_LB_AL2395_B0_WFS_EDOF_EPD5,R6_LB_AL2395_B0_WFS_EPD5,LB_AL2395,B0,WFS,EDOF,5.0,-2.5,-2.0,0.0481101557488799,0.002389256406005222,0.006667297403736965,0.017344527970726498,0.014690162814804402,0.018681971928950533,0.010171911126487755
r8-742953bd22b341c38ebb67af89ccc76e,R8_R6_LB_AL2395_B0_WFS_EDOF_EPD5,R6_LB_AL2395_B0_WFS_EPD5,LB_AL2395,B0,WFS,EDOF,5.0,-2.75,-2.25,0.044123562144938414,0.03523656536641583,0.0060488443344746895,0.005406701295266685,0.008794363346376923,0.010039017852795625,0.006932085068340091
r8-742953bd22b341c38ebb67af89ccc76e,R8_R6_LB_AL2395_B0_WFS_EDOF_EPD5,R6_LB_AL2395_B0_WFS_EPD5,LB_AL2395,B0,WFS,EDOF,5.0,-3.0,-2.5,0.03813072940650506,0.014794816595886696,0.00032193171787009444,0.016545515594310445,0.0020933449422332424,0.00793886523973401,0.005919666050211145
r8-742953bd22b341c38ebb67af89ccc76e,R8_R6_LB_AL2395_B0_RAD_MONO_EPD3,R6_LB_AL2395_B0_RAD_EPD3,LB_AL2395,B0,RAD,MONO,3.0,0.5,0.5,0.1570519934377325,0.253044033977509,0.08212857929244957,0.06050511149652138,0.03933556036364184,0.026417415221818095,0.019194395263566186
r8-742953bd22b341c38ebb67af89ccc76e,R8_R6_LB_AL2395_B0_RAD_MONO_EPD3,R6_LB_AL2395_B0_RAD_EPD3,LB_AL2395,B0,RAD,MONO,3.0,0.25,0.25,0.28368818073105245,0.5709785983607886,0.3069570855164681,0.1879967742296055,0.1066157357281286,0.04321636257703696,0.000946473865316707
r8-742953bd22b341c38ebb67af89ccc76e,R8_R6_LB_AL2395_B0_RAD_MONO_EPD3,R6_LB_AL2395_B0_RAD_EPD3,LB_AL2395,B0,RAD,MONO,3.0,0.0,0.0,0.5640356987106784,0.8029168158165976,0.6386167056579494,0.5203016146106113,0.4297550598364877,0.35704343471862227,0.28073705760439077
r8-742953bd22b341c38ebb67af89ccc76e,R8_R6_LB_AL2395_B0_RAD_MONO_EPD3,R6_LB_AL2395_B0_RAD_EPD3,LB_AL2395,B0,RAD,MONO,3.0,-0.25,-0.25,0.26796506647224444,0.7240368673607128,0.3130253242606173,0.0523244701014918,0.01501077329012336,0.002323617269361396,0.03465790343125462
r8-742953bd22b341c38ebb67af89ccc76e,R8_R6_LB_AL2395_B0_RAD_MONO_EPD3,R6_LB_AL2395_B0_RAD_EPD3,LB_AL2395,B0,RAD,MONO,3.0,-0.5,-0.5,0.183373066199877,0.3467820945306752,0.14972077603198275,0.01948599287737411,0.059953466070957084,0.05019482957458841,0.029045355628211988
r8-742953bd22b341c38ebb67af89ccc76e,R8_R6_LB_AL2395_B0_RAD_MONO_EPD3,R6_LB_AL2395_B0_RAD_EPD3,LB_AL2395,B0,RAD,MONO,3.0,-0.75,-0.75,0.1315523553385616,0.05509057998560991,0.01133412058592116,0.04987085131002395,0.025637437887811435,0.01753539393693545,0.009882594917342143
r8-742953bd22b341c38ebb67af89ccc76e,R8_R6_LB_AL2395_B0_RAD_MONO_EPD3,R6_LB_AL2395_B0_RAD_EPD3,LB_AL2395,B0,RAD,MONO,3.0,-1.0,-1.0,0.10263962909261268,0.2052428848476829,0.07808120472814241,0.028863182257962004,0.02448754739740376,0.011750302177429402,0.0100774601239606
r8-742953bd22b341c38ebb67af89ccc76e,R8_R6_LB_AL2395_B0_RAD_MONO_EPD3,R6_LB_AL2395_B0_RAD_EPD3,LB_AL2395,B0,RAD,MONO,3.0,-1.25,-1.25,0.08070765447829528,0.08870169572609678,0.056310406142455874,0.023990445595432817,0.013357209732308707,0.001059068659204834,0.0031753523661440463
r8-742953bd22b341c38ebb67af89ccc76e,R8_R6_LB_AL2395_B0_RAD_MONO_EPD3,R6_LB_AL2395_B0_RAD_EPD3,LB_AL2395,B0,RAD,MONO,3.0,-1.5,-1.5,0.06722665855681194,0.07406856588930051,0.019795346203041235,0.014325102390525014,0.006877601280709017,0.004727426148675416,0.0012555831516529623
r8-742953bd22b341c38ebb67af89ccc76e,R8_R6_LB_AL2395_B0_RAD_MONO_EPD3,R6_LB_AL2395_B0_RAD_EPD3,LB_AL2395,B0,RAD,MONO,3.0,-1.75,-1.75,0.05822953679696949,0.09486612513342987,0.011282156321665458,0.011934187366178644,0.0005871880617444027,0.005506379467298567,0.002716533767616501
r8-742953bd22b341c38ebb67af89ccc76e,R8_R6_LB_AL2395_B0_RAD_MONO_EPD3,R6_LB_AL2395_B0_RAD_EPD3,LB_AL2395,B0,RAD,MONO,3.0,-2.0,-2.0,0.05018438015551075,0.000991037812392835,0.021302599110834836,0.006601693630611505,0.002827038557725957,0.002738122804451746,0.0025568659340995947
r8-742953bd22b341c38ebb67af89ccc76e,R8_R6_LB_AL2395_B0_RAD_MONO_EPD3,R6_LB_AL2395_B0_RAD_EPD3,LB_AL2395,B0,RAD,MONO,3.0,-2.25,-2.25,0.04363936779523779,0.0587656285139482,0.019670395708298087,0.004509052618791365,0.004813895436493442,0.0004619112103136541,0.0016506312750116162
r8-742953bd22b341c38ebb67af89ccc76e,R8_R6_LB_AL2395_B0_RAD_MONO_EPD3,R6_LB_AL2395_B0_RAD_EPD3,LB_AL2395,B0,RAD,MONO,3.0,-2.5,-2.5,0.0394269248466791,0.022976147669017788,0.010604772227831455,0.003118050735839507,0.0037448809786441188,0.0011469450255711764,0.0012302617457574446
r8-742953bd22b341c38ebb67af89ccc76e,R8_R6_LB_AL2395_B0_RAD_MONO_EPD3,R6_LB_AL2395_B0_RAD_EPD3,LB_AL2395,B0,RAD,MONO,3.0,-2.75,-2.75,0.03566147578866327,0.03224533205734758,0.0003837088334769566,0.0025727341333045047,0.002880230907965974,0.002806935856123712,0.00012517956075214513
r8-742953bd22b341c38ebb67af89ccc76e,R8_R6_LB_AL2395_B0_RAD_MONO_EPD3,R6_LB_AL2395_B0_RAD_EPD3,LB_AL2395,B0,RAD,MONO,3.0,-3.0,-3.0,0.03178253101472951,0.027737724181763967,0.006466867541355835,0.0014057731878799665,0.001171872917230078,0.0019498190482584725,0.0011410157650079047
r8-742953bd22b341c38ebb67af89ccc76e,R8_R6_LB_AL2395_B0_RAD_EDOF_EPD3,R6_LB_AL2395_B0_RAD_EPD3,LB_AL2395,B0,RAD,EDOF,3.0,0.5,0.25,0.19126606867716667,0.44729305457500784,0.17746427129887354,0.0863829941354908,0.035363947267153334,0.002664569137481071,0.03760254606644574
r8-742953bd22b341c38ebb67af89ccc76e,R8_R6_LB_AL2395_B0_RAD_EDOF_EPD3,R6_LB_AL2395_B0_RAD_EPD3,LB_AL2395,B0,RAD,EDOF,3.0,0.25,0.0,0.2799663515324946,0.36581183846132836,0.28575632053526506,0.25162806342818567,0.18270006856405835,0.1575932433020446,0.11591996511696
r8-742953bd22b341c38ebb67af89ccc76e,R8_R6_LB_AL2395_B0_RAD_EDOF_EPD3,R6_LB_AL2395_B0_RAD_EPD3,LB_AL2395,B0,RAD,EDOF,3.0,0.0,-0.25,0.13373228029884252,0.22750882224536342,0.08043894359116614,0.07426509879842431,0.04945834760905129,0.0005433250424560528,0.007906396507638762
r8-742953bd22b341c38ebb67af89ccc76e,R8_R6_LB_AL2395_B0_RAD_EDOF_EPD3,R6_LB_AL2395_B0_RAD_EPD3,LB_AL2395,B0,RAD,EDOF,3.0,-0.25,-0.5,0.08771427827624004,0.0987583504046475,0.09973738569994783,0.0069695425419409995,0.00892544988637962,0.002756480280630523,0.01015507190944301
r8-742953bd22b341c38ebb67af89ccc76e,R8_R6_LB_AL2395_B0_RAD_EDOF_EPD3,R6_LB_AL2395_B0_RAD_EPD3,LB_AL2395,B0,RAD,EDOF,3.0,-0.5,-0.75,0.0696896113951173,0.014674639340699045,0.02316479270499077,0.0015318269672208234,0.001296792060945251,0.004838530812883141,0.02819588669516862
r8-742953bd22b341c38ebb67af89ccc76e,R8_R6_LB_AL2395_B0_RAD_EDOF_EPD3,R6_LB_AL2395_B0_RAD_EPD3,LB_AL2395,B0,RAD,EDOF,3.0,-0.75,-1.0,0.06078136397370984,0.02385070611088676,0.04868775977691909,0.031560835110058943,0.00543713754985015,0.01594205987624065,0.0028665238167041186
r8-742953bd22b341c38ebb67af89ccc76e,R8_R6_LB_AL2395_B0_RAD_EDOF_EPD3,R6_LB_AL2395_B0_RAD_EPD3,LB_AL2395,B0,RAD,EDOF,3.0,-1.0,-1.25,0.0647905261199678,0.022360035597487685,0.026195877705855266,0.013515846419443355,0.031945746113189205,0.02929952933523565,0.015370899758655436
r8-742953bd22b341c38ebb67af89ccc76e,R8_R6_LB_AL2395_B0_RAD_EDOF_EPD3,R6_LB_AL2395_B0_RAD_EPD3,LB_AL2395,B0,RAD,EDOF,3.0,-1.25,-1.5,0.04741854081060811,0.011781194590556225,0.017511819922061415,0.001981258556513043,0.018621580806978733,0.00665678876803097,0.011764970080894707
r8-742953bd22b341c38ebb67af89ccc76e,R8_R6_LB_AL2395_B0_RAD_EDOF_EPD3,R6_LB_AL2395_B0_RAD_EPD3,LB_AL2395,B0,RAD,EDOF,3.0,-1.5,-1.75,0.040076265747303094,0.054799992514117254,0.01564346432129463,0.009508150669588648,0.007668689950082176,0.0030528536335588147,0.005362420082478202
r8-742953bd22b341c38ebb67af89ccc76e,R8_R6_LB_AL2395_B0_RAD_EDOF_EPD3,R6_LB_AL2395_B0_RAD_EPD3,LB_AL2395,B0,RAD,EDOF,3.0,-1.75,-2.0,0.0410025425427651,0.06829213995779518,0.003112038544927748,0.03251011907364324,0.009643712065747698,0.006508426533005972,0.010773992444052595
r8-742953bd22b341c38ebb67af89ccc76e,R8_R6_LB_AL2395_B0_RAD_EDOF_EPD3,R6_LB_AL2395_B0_RAD_EPD3,LB_AL2395,B0,RAD,EDOF,3.0,-2.0,-2.25,0.03596334663605099,0.035726312531736124,0.00511470203010172,0.012319646950338728,0.0010900580120053723,0.012993475015504751,0.017403907897563294
r8-742953bd22b341c38ebb67af89ccc76e,R8_R6_LB_AL2395_B0_RAD_EDOF_EPD3,R6_LB_AL2395_B0_RAD_EPD3,LB_AL2395,B0,RAD,EDOF,3.0,-2.25,-2.5,0.03682998123670617,0.013646410455518895,0.012037375974963625,0.0012893033966114777,0.00269838964849605,0.008031116067434356,0.004657569355424839
r8-742953bd22b341c38ebb67af89ccc76e,R8_R6_LB_AL2395_B0_RAD_EDOF_EPD3,R6_LB_AL2395_B0_RAD_EPD3,LB_AL2395,B0,RAD,EDOF,3.0,-2.5,-2.75,0.037393595000588815,0.033901939590035984,0.004041551915864326,0.003710835538143219,0.012671434645286531,0.020191959001218722,0.013020735458905489
r8-742953bd22b341c38ebb67af89ccc76e,R8_R6_LB_AL2395_B0_RAD_EDOF_EPD3,R6_LB_AL2395_B0_RAD_EPD3,LB_AL2395,B0,RAD,EDOF,3.0,-2.75,-3.0,0.03709941738583432,0.012716808237948057,0.020622653753982624,0.006716301120905679,0.01786013732915762,0.013302807238638638,0.009759013863246737
r8-742953bd22b341c38ebb67af89ccc76e,R8_R6_LB_AL2395_B0_RAD_EDOF_EPD3,R6_LB_AL2395_B0_RAD_EPD3,LB_AL2395,B0,RAD,EDOF,3.0,-3.0,-3.25,0.04062018375826569,0.02179012570536029,0.02482929930767152,0.010542656614625518,0.013819395877748216,0.001996683917394793,0.009858255455257248
r8-742953bd22b341c38ebb67af89ccc76e,R8_R6_LB_AL2395_B0_RAD_MONO_EPD5,R6_LB_AL2395_B0_RAD_EPD5,LB_AL2395,B0,RAD,MONO,5.0,0.5,0.5,0.0625953374312924,0.09174665690928288,0.040108073371334915,0.016060226706815544,0.007098512403755743,0.0021393478354623826,0.002721832112217142
r8-742953bd22b341c38ebb67af89ccc76e,R8_R6_LB_AL2395_B0_RAD_MONO_EPD5,R6_LB_AL2395_B0_RAD_EPD5,LB_AL2395,B0,RAD,MONO,5.0,0.25,0.25,0.11685742353248159,0.16690625234146605,0.11077462657457121,0.07629405862986065,0.05341770150836514,0.027216531056518823,0.008275117330573569
r8-742953bd22b341c38ebb67af89ccc76e,R8_R6_LB_AL2395_B0_RAD_MONO_EPD5,R6_LB_AL2395_B0_RAD_EPD5,LB_AL2395,B0,RAD,MONO,5.0,0.0,0.0,0.20099322064732672,0.27278999464223785,0.19491346725396114,0.15657017045954447,0.13175037432758205,0.11219879042789327,0.08698192807438042
r8-742953bd22b341c38ebb67af89ccc76e,R8_R6_LB_AL2395_B0_RAD_MONO_EPD5,R6_LB_AL2395_B0_RAD_EPD5,LB_AL2395,B0,RAD,MONO,5.0,-0.25,-0.25,0.15583975826875346,0.31601132010331145,0.169488713742656,0.06658594303872249,0.02233914340710999,0.012428550691217356,0.021355021360763154
r8-742953bd22b341c38ebb67af89ccc76e,R8_R6_LB_AL2395_B0_RAD_MONO_EPD5,R6_LB_AL2395_B0_RAD_EPD5,LB_AL2395,B0,RAD,MONO,5.0,-0.5,-0.5,0.1386078009856409,0.27775024019207656,0.022947779515681235,0.010306216825612871,0.05357554412244264,0.06232380321731251,0.057278537639231325
r8-742953bd22b341c38ebb67af89ccc76e,R8_R6_LB_AL2395_B0_RAD_MONO_EPD5,R6_LB_AL2395_B0_RAD_EPD5,LB_AL2395,B0,RAD,MONO,5.0,-0.75,-0.75,0.11363542333196897,0.14922830984607405,0.031958799939409505,0.06776591715935748,0.0061052643126685065,0.011554073244521828,0.027606011281805697
r8-742953bd22b341c38ebb67af89ccc76e,R8_R6_LB_AL2395_B0_RAD_MONO_EPD5,R6_LB_AL2395_B0_RAD_EPD5,LB_AL2395,B0,RAD,MONO,5.0,-1.0,-1.0,0.10578734901592009,0.008791502363742487,0.11259732685538182,0.0064025218879680155,0.049439437905123305,0.003798840342221116,0.0197170903014725
r8-742953bd22b341c38ebb67af89ccc76e,R8_R6_LB_AL2395_B0_RAD_MONO_EPD5,R6_LB_AL2395_B0_RAD_EPD5,LB_AL2395,B0,RAD,MONO,5.0,-1.25,-1.25,0.10231644435250607,0.027525206420344835,0.006039859871324783,0.04282865203607072,0.05079999864788258,0.004653402114483038,0.030260878151388778
r8-742953bd22b341c38ebb67af89ccc76e,R8_R6_LB_AL2395_B0_RAD_MONO_EPD5,R6_LB_AL2395_B0_RAD_EPD5,LB_AL2395,B0,RAD,MONO,5.0,-1.5,-1.5,0.09190039495666057,0.15967496657138533,0.08013303103672287,0.05147906311775899,0.01777476339356086,0.000667017204816629,0.03378338571004937
r8-742953bd22b341c38ebb67af89ccc76e,R8_R6_LB_AL2395_B0_RAD_MONO_EPD5,R6_LB_AL2395_B0_RAD_EPD5,LB_AL2395,B0,RAD,MONO,5.0,-1.75,-1.75,0.06755314404416965,0.11212052955615504,0.0007419787895270287,0.01904346498215953,0.009981166667176276,0.00927309739532473,0.009958260842736308
r8-742953bd22b341c38ebb67af89ccc76e,R8_R6_LB_AL2395_B0_RAD_MONO_EPD5,R6_LB_AL2395_B0_RAD_EPD5,LB_AL2395,B0,RAD,MONO,5.0,-2.0,-2.0,0.05914375273273067,0.019192105831372052,0.02549315873211302,0.0048371872830758325,0.014943403813075486,0.00955940313709315,0.013309019056110214
r8-742953bd22b341c38ebb67af89ccc76e,R8_R6_LB_AL2395_B0_RAD_MONO_EPD5,R6_LB_AL2395_B0_RAD_EPD5,LB_AL2395,B0,RAD,MONO,5.0,-2.25,-2.25,0.05326318173406766,0.059828859571200384,0.017243216438488043,0.025959516985707067,0.018562209482667857,0.012050215156823975,0.014188358472462134
r8-742953bd22b341c38ebb67af89ccc76e,R8_R6_LB_AL2395_B0_RAD_MONO_EPD5,R6_LB_AL2395_B0_RAD_EPD5,LB_AL2395,B0,RAD,MONO,5.0,-2.5,-2.5,0.04912686291109602,0.019781104418879543,0.019027931906249067,0.0010865246869379572,0.02121628546265229,0.011046819944066522,0.008618125783116881
r8-742953bd22b341c38ebb67af89ccc76e,R8_R6_LB_AL2395_B0_RAD_MONO_EPD5,R6_LB_AL2395_B0_RAD_EPD5,LB_AL2395,B0,RAD,MONO,5.0,-2.75,-2.75,0.04455222806999863,0.06621140132179071,0.021629200265074,0.02190442758203101,0.014152033312208075,0.012991749420963821,0.0067482050466249445
r8-742953bd22b341c38ebb67af89ccc76e,R8_R6_LB_AL2395_B0_RAD_MONO_EPD5,R6_LB_AL2395_B0_RAD_EPD5,LB_AL2395,B0,RAD,MONO,5.0,-3.0,-3.0,0.04241662569595781,0.0420783823853982,0.029328255394978908,0.023255703470269264,0.0029843707484313543,0.004938862979328639,0.004165998062568967
r8-742953bd22b341c38ebb67af89ccc76e,R8_R6_LB_AL2395_B0_RAD_EDOF_EPD5,R6_LB_AL2395_B0_RAD_EPD5,LB_AL2395,B0,RAD,EDOF,5.0,0.5,0.25,0.08241787565074603,0.1810484286746661,0.0822167662188919,0.02630093275169194,0.013701304634531224,0.005383183301571609,0.01918771549843645
r8-742953bd22b341c38ebb67af89ccc76e,R8_R6_LB_AL2395_B0_RAD_EDOF_EPD5,R6_LB_AL2395_B0_RAD_EPD5,LB_AL2395,B0,RAD,EDOF,5.0,0.25,0.0,0.13390957567190362,0.1618742795726865,0.11075970406255628,0.10531300937461686,0.09072439809888182,0.07018156426603833,0.05837182341319208
r8-742953bd22b341c38ebb67af89ccc76e,R8_R6_LB_AL2395_B0_RAD_EDOF_EPD5,R6_LB_AL2395_B0_RAD_EPD5,LB_AL2395,B0,RAD,EDOF,5.0,0.0,-0.25,0.07448325523663765,0.10678422213431815,0.04817650321669898,0.02446163861698628,0.019951745581349968,0.0023624131446698944,0.0019178732284041182
r8-742953bd22b341c38ebb67af89ccc76e,R8_R6_LB_AL2395_B0_RAD_EDOF_EPD5,R6_LB_AL2395_B0_RAD_EPD5,LB_AL2395,B0,RAD,EDOF,5.0,-0.25,-0.5,0.06243599388768508,0.04228781872886081,0.03322036901012236,0.023079583762247193,0.0023469214933680856,0.0038317097771297048,0.0020402431203121584
r8-742953bd22b341c38ebb67af89ccc76e,R8_R6_LB_AL2395_B0_RAD_EDOF_EPD5,R6_LB_AL2395_B0_RAD_EPD5,LB_AL2395,B0,RAD,EDOF,5.0,-0.5,-0.75,0.08236395197317403,0.0743445961773135,0.0515842302167528,0.015438834864826046,0.01803970846497738,0.021315675489834356,0.036358101727331275
r8-742953bd22b341c38ebb67af89ccc76e,R8_R6_LB_AL2395_B0_RAD_EDOF_EPD5,R6_LB_AL2395_B0_RAD_EPD5,LB_AL2395,B0,RAD,EDOF,5.0,-0.75,-1.0,0.12444669844260656,0.1489802898219804,0.0823029578181434,0.0835176420562827,0.04767707150438517,0.054352282592766483,0.057372261420415245
r8-742953bd22b341c38ebb67af89ccc76e,R8_R6_LB_AL2395_B0_RAD_EDOF_EPD5,R6_LB_AL2395_B0_RAD_EPD5,LB_AL2395,B0,RAD,EDOF,5.0,-1.0,-1.25,0.10841162421472708,0.11621020667492186,0.06467586817855081,0.023397123061074665,0.04133196627621913,0.011728671364121292,0.036023533537071856
r8-742953bd22b341c38ebb67af89ccc76e,R8_R6_LB_AL2395_B0_RAD_EDOF_EPD5,R6_LB_AL2395_B0_RAD_EPD5,LB_AL2395,B0,RAD,EDOF,5.0,-1.25,-1.5,0.09644239990873921,0.09015244772316301,0.06985360338379402,0.04911119180140984,0.017347479060654186,0.008920251082108465,0.028156627996796458
r8-742953bd22b341c38ebb67af89ccc76e,R8_R6_LB_AL2395_B0_RAD_EDOF_EPD5,R6_LB_AL2395_B0_RAD_EPD5,LB_AL2395,B0,RAD,EDOF,5.0,-1.5,-1.75,0.09137415662278273,0.11400193687747837,0.03527823908536057,0.018157593882278996,0.003143683023207275,0.014656356083886992,0.03143562712517405
r8-742953bd22b341c38ebb67af89ccc76e,R8_R6_LB_AL2395_B0_RAD_EDOF_EPD5,R6_LB_AL2395_B0_RAD_EPD5,LB_AL2395,B0,RAD,EDOF,5.0,-1.75,-2.0,0.0605242174028187,0.07796418049994452,0.031754705712642266,0.01666768910411354,0.010037150017804938,0.006202528749549527,0.004332953400058361
r8-742953bd22b341c38ebb67af89ccc76e,R8_R6_LB_AL2395_B0_RAD_EDOF_EPD5,R6_LB_AL2395_B0_RAD_EPD5,LB_AL2395,B0,RAD,EDOF,5.0,-2.0,-2.25,0.04488660741986406,0.02656722718721114,0.003837107260008211,0.013622278601657718,0.0008579128973085105,0.020480362838401617,0.009668129384859128
r8-742953bd22b341c38ebb67af89ccc76e,R8_R6_LB_AL2395_B0_RAD_EDOF_EPD5,R6_LB_AL2395_B0_RAD_EPD5,LB_AL2395,B0,RAD,EDOF,5.0,-2.25,-2.5,0.03956814208897424,0.016019009201405483,0.017085100066208052,0.013218243869224365,0.00501419530926905,0.003935291319534513,0.019067668224396508
r8-742953bd22b341c38ebb67af89ccc76e,R8_R6_LB_AL2395_B0_RAD_EDOF_EPD5,R6_LB_AL2395_B0_RAD_EPD5,LB_AL2395,B0,RAD,EDOF,5.0,-2.5,-2.75,0.03510775725025324,0.010284490848932609,0.007743168952420047,0.000966531025124533,0.0028079941785215438,0.017967446379486017,0.005031958440937823
r8-742953bd22b341c38ebb67af89ccc76e,R8_R6_LB_AL2395_B0_RAD_EDOF_EPD5,R6_LB_AL2395_B0_RAD_EPD5,LB_AL2395,B0,RAD,EDOF,5.0,-2.75,-3.0,0.03127364656443482,0.026455505854836196,0.0003966435711815746,0.001388288425308063,0.006969509076591612,0.0006775737355382973,0.007699975541801215
r8-742953bd22b341c38ebb67af89ccc76e,R8_R6_LB_AL2395_B0_RAD_EDOF_EPD5,R6_LB_AL2395_B0_RAD_EPD5,LB_AL2395,B0,RAD,EDOF,5.0,-3.0,-3.25,0.030712947301640942,0.02129181953661596,0.012475812558436425,0.0044947890129331544,0.0005920968568474097,0.0034668777612716713,0.0035931352286300558
r8-742953bd22b341c38ebb67af89ccc76e,R8_R6_LB_AL2395_B0_HOA_MONO_EPD3,R6_LB_AL2395_B0_HOA_EPD3,LB_AL2395,B0,HOA,MONO,3.0,0.5,0.5,0.21817946926439774,0.3038749978998618,0.21848157530882334,0.16237967987551227,0.10222561804301536,0.05384638532559335,0.026643481912859136
r8-742953bd22b341c38ebb67af89ccc76e,R8_R6_LB_AL2395_B0_HOA_MONO_EPD3,R6_LB_AL2395_B0_HOA_EPD3,LB_AL2395,B0,HOA,MONO,3.0,0.25,0.25,0.31673736037596184,0.5152203433595328,0.3287903116871112,0.2485746214551351,0.18664128343221364,0.11900308060981858,0.04136596732209372
r8-742953bd22b341c38ebb67af89ccc76e,R8_R6_LB_AL2395_B0_HOA_MONO_EPD3,R6_LB_AL2395_B0_HOA_EPD3,LB_AL2395,B0,HOA,MONO,3.0,0.0,0.0,0.4155132925707391,0.6857354878326566,0.4397400962724197,0.30153973574376,0.2382500162935009,0.22801689877202794,0.22645904787489066
r8-742953bd22b341c38ebb67af89ccc76e,R8_R6_LB_AL2395_B0_HOA_MONO_EPD3,R6_LB_AL2395_B0_HOA_EPD3,LB_AL2395,B0,HOA,MONO,3.0,-0.25,-0.25,0.22415838625284756,0.633727579368129,0.187253187521735,0.007844369346571314,0.01622569464357858,0.00014998822593925487,0.01822428231232749
r8-742953bd22b341c38ebb67af89ccc76e,R8_R6_LB_AL2395_B0_HOA_MONO_EPD3,R6_LB_AL2395_B0_HOA_EPD3,LB_AL2395,B0,HOA,MONO,3.0,-0.5,-0.5,0.19040824066567297,0.3217206962722708,0.11593142544077903,0.07140438842657121,0.1018044286643711,0.06823693067195073,0.052057287494566874
r8-742953bd22b341c38ebb67af89ccc76e,R8_R6_LB_AL2395_B0_HOA_MONO_EPD3,R6_LB_AL2395_B0_HOA_EPD3,LB_AL2395,B0,HOA,MONO,3.0,-0.75,-0.75,0.13449024899013756,0.05349336703673807,0.056135208018496995,0.030970639579636125,0.035563564701954875,0.009681350385031037,0.007847456172691633
r8-742953bd22b341c38ebb67af89ccc76e,R8_R6_LB_AL2395_B0_HOA_MONO_EPD3,R6_LB_AL2395_B0_HOA_EPD3,LB_AL2395,B0,HOA,MONO,3.0,-1.0,-1.0,0.11082203071208613,0.22519513739381786,0.0958098591802646,0.025255644995521777,0.033248515840803385,0.007557530011559738,0.010890520968613657
r8-742953bd22b341c38ebb67af89ccc76e,R8_R6_LB_AL2395_B0_HOA_MONO_EPD3,R6_LB_AL2395_B0_HOA_EPD3,LB_AL2395,B0,HOA,MONO,3.0,-1.25,-1.25,0.09083428574155393,0.12048751832715407,0.07816891056495938,0.032400875336810325,0.013799802434344513,0.0069280966114662074,0.0010051963948071957
r8-742953bd22b341c38ebb67af89ccc76e,R8_R6_LB_AL2395_B0_HOA_MONO_EPD3,R6_LB_AL2395_B0_HOA_EPD3,LB_AL2395,B0,HOA,MONO,3.0,-1.5,-1.5,0.07739763310036096,0.07617280147025961,0.01786671566954496,0.022059734385744465,0.006310845567095274,0.006468881851141783,0.0004007939411955387
r8-742953bd22b341c38ebb67af89ccc76e,R8_R6_LB_AL2395_B0_HOA_MONO_EPD3,R6_LB_AL2395_B0_HOA_EPD3,LB_AL2395,B0,HOA,MONO,3.0,-1.75,-1.75,0.06641194694275167,0.13806641839667144,0.03298534867631663,0.01909475670837579,0.001849072189667298,0.005609773264046588,0.004095677056595035
r8-742953bd22b341c38ebb67af89ccc76e,R8_R6_LB_AL2395_B0_HOA_MONO_EPD3,R6_LB_AL2395_B0_HOA_EPD3,LB_AL2395,B0,HOA,MONO,3.0,-2.0,-2.0,0.05732900895187851,0.03624408784780548,0.03891473419896691,0.011850540246976637,0.003703603845052898,0.0016115991034776037,0.0023941340609602057
r8-742953bd22b341c38ebb67af89ccc76e,R8_R6_LB_AL2395_B0_HOA_MONO_EPD3,R6_LB_AL2395_B0_HOA_EPD3,LB_AL2395,B0,HOA,MONO,3.0,-2.25,-2.25,0.049436794075263586,0.07166306623045389,0.023279972929372,0.010018566904235091,0.005900109947260336,0.0006315666064316166,0.001499446714739515
r8-742953bd22b341c38ebb67af89ccc76e,R8_R6_LB_AL2395_B0_HOA_MONO_EPD3,R6_LB_AL2395_B0_HOA_EPD3,LB_AL2395,B0,HOA,MONO,3.0,-2.5,-2.5,0.045152730224185665,0.0611040552587931,0.001514474269463024,0.00774390173024766,0.004419367755126161,0.0024823012877607255,0.0006926846852628631
r8-742953bd22b341c38ebb67af89ccc76e,R8_R6_LB_AL2395_B0_HOA_MONO_EPD3,R6_LB_AL2395_B0_HOA_EPD3,LB_AL2395,B0,HOA,MONO,3.0,-2.75,-2.75,0.040796500075214626,0.021084921592454422,0.012307471788393847,0.006206260127219052,0.003325912876328872,0.0032695026947756616,0.0010190903421880963
r8-742953bd22b341c38ebb67af89ccc76e,R8_R6_LB_AL2395_B0_HOA_MONO_EPD3,R6_LB_AL2395_B0_HOA_EPD3,LB_AL2395,B0,HOA,MONO,3.0,-3.0,-3.0,0.03614544922490471,0.05318235834002035,0.01542007430400558,0.004063983490593885,0.00048586024777433264,0.0012619804124632287,0.0018320202996022334
r8-742953bd22b341c38ebb67af89ccc76e,R8_R6_LB_AL2395_B0_HOA_EDOF_EPD3,R6_LB_AL2395_B0_HOA_EPD3,LB_AL2395,B0,HOA,EDOF,3.0,0.5,0.75,0.06033378272638855,0.05081300091849332,0.019061036699387322,0.01626702272304295,0.00727517721331873,0.013594960021992203,0.010691871083503644
r8-742953bd22b341c38ebb67af89ccc76e,R8_R6_LB_AL2395_B0_HOA_EDOF_EPD3,R6_LB_AL2395_B0_HOA_EPD3,LB_AL2395,B0,HOA,EDOF,3.0,0.25,0.5,0.06886295292793983,0.013242706814685286,0.011591910924799505,0.009034591217576427,0.009924537836147301,0.0007745718612145148,0.017036878465340254
r8-742953bd22b341c38ebb67af89ccc76e,R8_R6_LB_AL2395_B0_HOA_EDOF_EPD3,R6_LB_AL2395_B0_HOA_EPD3,LB_AL2395,B0,HOA,EDOF,3.0,0.0,0.25,0.12482458048684522,0.19062684378959804,0.0947573108854143,0.06315100464707064,0.03505533535995328,0.041046275586160946,0.049793071583706806
r8-742953bd22b341c38ebb67af89ccc76e,R8_R6_LB_AL2395_B0_HOA_EDOF_EPD3,R6_LB_AL2395_B0_HOA_EPD3,LB_AL2395,B0,HOA,EDOF,3.0,-0.25,0.0,0.20571834830503796,0.3198293237732203,0.18629268573908608,0.15640746163400313,0.11804324439260538,0.08256517600917229,0.10588323167594663
r8-742953bd22b341c38ebb67af89ccc76e,R8_R6_LB_AL2395_B0_HOA_EDOF_EPD3,R6_LB_AL2395_B0_HOA_EPD3,LB_AL2395,B0,HOA,EDOF,3.0,-0.5,-0.25,0.13889991866586307,0.27227948161843935,0.11048571701736136,0.028324500113505013,0.060110631427450704,0.01878033858776169,0.019049068305334118
r8-742953bd22b341c38ebb67af89ccc76e,R8_R6_LB_AL2395_B0_HOA_EDOF_EPD3,R6_LB_AL2395_B0_HOA_EPD3,LB_AL2395,B0,HOA,EDOF,3.0,-0.75,-0.5,0.09975605593107714,0.09957145878784145,0.02434723296433533,0.05697138958280268,0.05365753267729037,0.0265350389237808,0.034596034992086896
r8-742953bd22b341c38ebb67af89ccc76e,R8_R6_LB_AL2395_B0_HOA_EDOF_EPD3,R6_LB_AL2395_B0_HOA_EPD3,LB_AL2395,B0,HOA,EDOF,3.0,-1.0,-0.75,0.06549957727597054,0.0276660676093672,0.04628930736273124,0.009658725173838364,0.009908549679294637,0.004487777089008509,0.0028534713916001805
r8-742953bd22b341c38ebb67af89ccc76e,R8_R6_LB_AL2395_B0_HOA_EDOF_EPD3,R6_LB_AL2395_B0_HOA_EPD3,LB_AL2395,B0,HOA,EDOF,3.0,-1.25,-1.0,0.08874338198689116,0.014822544026539286,0.09699570973737523,0.05885834607100319,0.043294222305292965,0.04932696957615229,0.004233554118462285
r8-742953bd22b341c38ebb67af89ccc76e,R8_R6_LB_AL2395_B0_HOA_EDOF_EPD3,R6_LB_AL2395_B0_HOA_EPD3,LB_AL2395,B0,HOA,EDOF,3.0,-1.5,-1.25,0.052789427338944116,0.0665152999675,0.003178621598376776,0.00021227824805804214,0.0021537678482190957,0.0087758469602794,0.015272354335330638
r8-742953bd22b341c38ebb67af89ccc76e,R8_R6_LB_AL2395_B0_HOA_EDOF_EPD3,R6_LB_AL2395_B0_HOA_EPD3,LB_AL2395,B0,HOA,EDOF,3.0,-1.75,-1.5,0.04949575251591251,0.09212592144912578,0.0044556684840018675,0.015052635543195792,0.0005208694530682814,1.9770903557841946e-05,0.004677158118914344
r8-742953bd22b341c38ebb67af89ccc76e,R8_R6_LB_AL2395_B0_HOA_EDOF_EPD3,R6_LB_AL2395_B0_HOA_EPD3,LB_AL2395,B0,HOA,EDOF,3.0,-2.0,-1.75,0.044359376384005535,0.040360144561908874,0.028685300233415093,0.009502755451975717,0.004318803903054894,0.017067415056064607,0.008752113928739008
r8-742953bd22b341c38ebb67af89ccc76e,R8_R6_LB_AL2395_B0_HOA_EDOF_EPD3,R6_LB_AL2395_B0_HOA_EPD3,LB_AL2395,B0,HOA,EDOF,3.0,-2.25,-2.0,0.04970167236064925,0.0075786059209973985,0.01529052566100844,0.032964751645085194,0.007905499415471227,0.020077780838753723,0.0040110471260804475
r8-742953bd22b341c38ebb67af89ccc76e,R8_R6_LB_AL2395_B0_HOA_EDOF_EPD3,R6_LB_AL2395_B0_HOA_EPD3,LB_AL2395,B0,HOA,EDOF,3.0,-2.5,-2.25,0.045042055879248526,0.00401111189185465,0.03653887416916192,0.010769814724488633,0.009821985312020373,0.031068073294475154,0.0070904113201851375
r8-742953bd22b341c38ebb67af89ccc76e,R8_R6_LB_AL2395_B0_HOA_EDOF_EPD3,R6_LB_AL2395_B0_HOA_EPD3,LB_AL2395,B0,HOA,EDOF,3.0,-2.75,-2.5,0.03617759327725074,0.03906155991703017,0.023793222186640782,0.014918980576999861,0.013893308901050838,0.009002892705892529,0.0003156237147683468
r8-742953bd22b341c38ebb67af89ccc76e,R8_R6_LB_AL2395_B0_HOA_EDOF_EPD3,R6_LB_AL2395_B0_HOA_EPD3,LB_AL2395,B0,HOA,EDOF,3.0,-3.0,-2.75,0.03317167504659538,0.04106514312692465,0.02754521343042432,0.009314580223108304,0.006590516956280367,0.014361395856115844,0.006376783367134391
r8-742953bd22b341c38ebb67af89ccc76e,R8_R6_LB_AL2395_B0_HOA_MONO_EPD5,R6_LB_AL2395_B0_HOA_EPD5,LB_AL2395,B0,HOA,MONO,5.0,0.5,0.5,0.08167275916721975,0.12378658085498984,0.07898236120025579,0.0553577805485966,0.031836103795835395,0.012485120597742861,0.004353015969069795
r8-742953bd22b341c38ebb67af89ccc76e,R8_R6_LB_AL2395_B0_HOA_MONO_EPD5,R6_LB_AL2395_B0_HOA_EPD5,LB_AL2395,B0,HOA,MONO,5.0,0.25,0.25,0.1296595593652698,0.175220082986002,0.12897093546369892,0.10435455150345514,0.08209119939843379,0.055044907154410655,0.02669213284019833
r8-742953bd22b341c38ebb67af89ccc76e,R8_R6_LB_AL2395_B0_HOA_MONO_EPD5,R6_LB_AL2395_B0_HOA_EPD5,LB_AL2395,B0,HOA,MONO,5.0,0.0,0.0,0.14420701946042017,0.21668413649519558,0.1375442805926385,0.0913347901746791,0.06751653767035376,0.07016199876146524,0.0721184799606811
r8-742953bd22b341c38ebb67af89ccc76e,R8_R6_LB_AL2395_B0_HOA_MONO_EPD5,R6_LB_AL2395_B0_HOA_EPD5,LB_AL2395,B0,HOA,MONO,5.0,-0.25,-0.25,0.09595217812273275,0.22933757993221168,0.07234057637346734,0.010233330315396876,0.002105462481744374,0.0020030056509490416,0.0028543447084234284
r8-742953bd22b341c38ebb67af89ccc76e,R8_R6_LB_AL2395_B0_HOA_MONO_EPD5,R6_LB_AL2395_B0_HOA_EPD5,LB_AL2395,B0,HOA,MONO,5.0,-0.5,-0.5,0.10547312430000313,0.1731029689715245,0.0009023621252885804,0.03731809407343767,0.05364222826765595,0.046067796833259816,0.04163445112360127
r8-742953bd22b341c38ebb67af89ccc76e,R8_R6_LB_AL2395_B0_HOA_MONO_EPD5,R6_LB_AL2395_B0_HOA_EPD5,LB_AL2395,B0,HOA,MONO,5.0,-0.75,-0.75,0.0873011734937847,0.08952495932095678,0.040258720309413173,0.05370918922871106,0.0022071918577890996,0.007655654202072258,0.00847998416266934
r8-742953bd22b341c38ebb67af89ccc76e,R8_R6_LB_AL2395_B0_HOA_MONO_EPD5,R6_LB_AL2395_B0_HOA_EPD5,LB_AL2395,B0,HOA,MONO,5.0,-1.0,-1.0,0.08606557384430687,0.017218912174292396,0.08861492583979447,0.004237709062186786,0.04705043263494301,0.01249654054619857,0.0018500418584036407
r8-742953bd22b341c38ebb67af89ccc76e,R8_R6_LB_AL2395_B0_HOA_MONO_EPD5,R6_LB_AL2395_B0_HOA_EPD5,LB_AL2395,B0,HOA,MONO,5.0,-1.25,-1.25,0.08221301272426332,0.001593430827040783,0.014130930300076163,0.049090906495590905,0.007213847089299009,0.033111337890021394,0.012340468655391233
r8-742953bd22b341c38ebb67af89ccc76e,R8_R6_LB_AL2395_B0_HOA_MONO_EPD5,R6_LB_AL2395_B0_HOA_EPD5,LB_AL2395,B0,HOA,MONO,5.0,-1.5,-1.5,0.0757265629908441,0.07614180267548203,0.020808768707134544,0.0035525467991317965,0.009999693186764741,0.023235458158146084,0.01512398390299077
r8-742953bd22b341c38ebb67af89ccc76e,R8_R6_LB_AL2395_B0_HOA_MONO_EPD5,R6_LB_AL2395_B0_HOA_EPD5,LB_AL2395,B0,HOA,MONO,5.0,-1.75,-1.75,0.0772787933899876,0.1341049558675823,0.07635134227443116,0.0434985657093552,0.038343099852656444,0.015415203648705387,0.018437275280026554
r8-742953bd22b341c38ebb67af89ccc76e,R8_R6_LB_AL2395_B0_HOA_MONO_EPD5,R6_LB_AL2395_B0_HOA_EPD5,LB_AL2395,B0,HOA,MONO,5.0,-2.0,-2.0,0.06619409806050755,0.09715205561052175,0.01053317353831737,0.007813367258519145,0.015067714519842255,0.0027237952377169765,0.00821643294929527
r8-742953bd22b341c38ebb67af89ccc76e,R8_R6_LB_AL2395_B0_HOA_MONO_EPD5,R6_LB_AL2395_B0_HOA_EPD5,LB_AL2395,B0,HOA,MONO,5.0,-2.25,-2.25,0.07356675814780997,0.04920065018672182,0.06303296155006828,0.020612517865255676,0.006119287878788914,0.0064585257608044105,0.006117482114921099
r8-742953bd22b341c38ebb67af89ccc76e,R8_R6_LB_AL2395_B0_HOA_MONO_EPD5,R6_LB_AL2395_B0_HOA_EPD5,LB_AL2395,B0,HOA,MONO,5.0,-2.5,-2.5,0.06052215535829598,0.013585725423614664,0.024991448034051834,0.037847625132697404,0.003583162493191949,0.003905276113126332,0.002499473553867221
r8-742953bd22b341c38ebb67af89ccc76e,R8_R6_LB_AL2395_B0_HOA_MONO_EPD5,R6_LB_AL2395_B0_HOA_EPD5,LB_AL2395,B0,HOA,MONO,5.0,-2.75,-2.75,0.04633282424976694,0.025672287109733946,0.012003454428712836,0.007289673268295043,0.005482587040973912,0.0005647599476303093,0.009638600491248839
r8-742953bd22b341c38ebb67af89ccc76e,R8_R6_LB_AL2395_B0_HOA_MONO_EPD5,R6_LB_AL2395_B0_HOA_EPD5,LB_AL2395,B0,HOA,MONO,5.0,-3.0,-3.0,0.041875964527341235,0.06836445674832317,0.010891285159748193,0.0001289854026953524,0.009603997103895215,0.0067330294475713955,0.010149205298653832
r8-742953bd22b341c38ebb67af89ccc76e,R8_R6_LB_AL2395_B0_HOA_EDOF_EPD5,R6_LB_AL2395_B0_HOA_EPD5,LB_AL2395,B0,HOA,EDOF,5.0,0.5,1.0,0.03005842118852274,0.009301317366292788,0.015324914439273649,0.01670307564247223,0.01004442435479857,0.0037818051153314107,0.00243888385218182
r8-742953bd22b341c38ebb67af89ccc76e,R8_R6_LB_AL2395_B0_HOA_EDOF_EPD5,R6_LB_AL2395_B0_HOA_EPD5,LB_AL2395,B0,HOA,EDOF,5.0,0.25,0.75,0.03335694800101018,0.008325988267816211,0.009551554330495243,0.006863496371606759,0.002495260853098716,0.0007551818132578641,0.00695839806198337
r8-742953bd22b341c38ebb67af89ccc76e,R8_R6_LB_AL2395_B0_HOA_EDOF_EPD5,R6_LB_AL2395_B0_HOA_EPD5,LB_AL2395,B0,HOA,EDOF,5.0,0.0,0.5,0.047232458167160846,0.03908756195218254,0.011946933535124164,0.013018303083844128,0.007817403357319366,0.018806870203157067,0.010748870398875218
r8-742953bd22b341c38ebb67af89ccc76e,R8_R6_LB_AL2395_B0_HOA_EDOF_EPD5,R6_LB_AL2395_B0_HOA_EPD5,LB_AL2395,B0,HOA,EDOF,5.0,-0.25,0.25,0.08718093572192136,0.11755117975461624,0.06532459520178478,0.06470484606933936,0.03699201331421201,0.035739847676839284,0.03424652093526156
r8-742953bd22b341c38ebb67af89ccc76e,R8_R6_LB_AL2395_B0_HOA_EDOF_EPD5,R6_LB_AL2395_B0_HOA_EPD5,LB_AL2395,B0,HOA,EDOF,5.0,-0.5,0.0,0.10122676883102981,0.15447079159920749,0.09076637717808736,0.03885967047768801,0.02345600989877811,0.025044513983363288,0.01393994680096554
r8-742953bd22b341c38ebb67af89ccc76e,R8_R6_LB_AL2395_B0_HOA_EDOF_EPD5,R6_LB_AL2395_B0_HOA_EPD5,LB_AL2395,B0,HOA,EDOF,5.0,-0.75,-0.25,0.09459480108556775,0.14235009015549954,0.012088197351401262,0.03524580130207622,0.04809881948306363,0.030152792224472563,0.027166788214749514
r8-742953bd22b341c38ebb67af89ccc76e,R8_R6_LB_AL2395_B0_HOA_EDOF_EPD5,R6_LB_AL2395_B0_HOA_EPD5,LB_AL2395,B0,HOA,EDOF,5.0,-1.0,-0.5,0.09453612845850158,0.08694724987852052,0.06584489779375537,0.05325066841586774,0.03965751911286809,0.018739578088646774,0.022380480719688737
r8-742953bd22b341c38ebb67af89ccc76e,R8_R6_LB_AL2395_B0_HOA_EDOF_EPD5,R6_LB_AL2395_B0_HOA_EPD5,LB_AL2395,B0,HOA,EDOF,5.0,-1.25,-0.75,0.07804931914923553,0.03942804699859337,0.083964305496637,0.013763164642293399,0.005102372274807597,0.002154091793212958,0.0030806785925917755
r8-742953bd22b341c38ebb67af89ccc76e,R8_R6_LB_AL2395_B0_HOA_EDOF_EPD5,R6_LB_AL2395_B0_HOA_EPD5,LB_AL2395,B0,HOA,EDOF,5.0,-1.5,-1.0,0.08199185336526062,0.07851321062199781,0.011474484090907903,0.03322927922970077,0.04136883138953744,0.01044486498106421,0.01074479476589194
r8-742953bd22b341c38ebb67af89ccc76e,R8_R6_LB_AL2395_B0_HOA_EDOF_EPD5,R6_LB_AL2395_B0_HOA_EPD5,LB_AL2395,B0,HOA,EDOF,5.0,-1.75,-1.25,0.0826569536896745,0.11981207382539337,0.05924142679539157,0.03638390327626284,0.05036170430237018,0.018237714606118775,0.017542399027618952
r8-742953bd22b341c38ebb67af89ccc76e,R8_R6_LB_AL2395_B0_HOA_EDOF_EPD5,R6_LB_AL2395_B0_HOA_EPD5,LB_AL2395,B0,HOA,EDOF,5.0,-2.0,-1.5,0.07154571775425579,0.09682129050504815,0.017967060082294546,0.00042596396388684394,0.03175539625094456,0.01963452348657815,0.006048770987868785
r8-742953bd22b341c38ebb67af89ccc76e,R8_R6_LB_AL2395_B0_HOA_EDOF_EPD5,R6_LB_AL2395_B0_HOA_EPD5,LB_AL2395,B0,HOA,EDOF,5.0,-2.25,-1.75,0.08684105997784376,0.0701760638213062,0.05754266309103869,0.05170376188165334,0.035988913752574264,0.0287187618304841,0.04404606576038517
r8-742953bd22b341c38ebb67af89ccc76e,R8_R6_LB_AL2395_B0_HOA_EDOF_EPD5,R6_LB_AL2395_B0_HOA_EPD5,LB_AL2395,B0,HOA,EDOF,5.0,-2.5,-2.0,0.06808494502516868,0.03759400919739675,0.03952119082304842,0.026325930497244004,0.03426499421485148,0.011077699898436716,0.0084037160858037
r8-742953bd22b341c38ebb67af89ccc76e,R8_R6_LB_AL2395_B0_HOA_EDOF_EPD5,R6_LB_AL2395_B0_HOA_EPD5,LB_AL2395,B0,HOA,EDOF,5.0,-2.75,-2.25,0.04350180385211864,0.035828368559970854,0.020877555923734283,0.006012003779318706,0.026561580159158504,0.009622871743595635,0.006724788003567934
r8-742953bd22b341c38ebb67af89ccc76e,R8_R6_LB_AL2395_B0_HOA_EDOF_EPD5,R6_LB_AL2395_B0_HOA_EPD5,LB_AL2395,B0,HOA,EDOF,5.0,-3.0,-2.5,0.03744994997244069,0.06402617805855952,0.001197664702697456,0.0010539899950172391,0.013160098522325855,0.0031978795448572863,0.010360419596026654
r8-742953bd22b341c38ebb67af89ccc76e,R8_R6_LB_AL2395_C0_WFS_MONO_EPD3,R6_LB_AL2395_C0_WFS_EPD3,LB_AL2395,C0,WFS,MONO,3.0,0.5,0.5,0.13406755867935402,0.24395301227033042,0.009450228763178472,0.01634231201373942,0.02748360578186419,0.025196385020782,0.020100475200176007
r8-742953bd22b341c38ebb67af89ccc76e,R8_R6_LB_AL2395_C0_WFS_MONO_EPD3,R6_LB_AL2395_C0_WFS_EPD3,LB_AL2395,C0,WFS,MONO,3.0,0.25,0.25,0.2655953567310741,0.6251176309647486,0.29364492165877737,0.1294232669767077,0.04722282805902654,0.0065961103143227316,0.009149580762104842
r8-742953bd22b341c38ebb67af89ccc76e,R8_R6_LB_AL2395_C0_WFS_MONO_EPD3,R6_LB_AL2395_C0_WFS_EPD3,LB_AL2395,C0,WFS,MONO,3.0,0.0,0.0,0.6270917211827246,0.8597810147727483,0.7278377347553079,0.6120800345417167,0.5052834770510042,0.40558858035986334,0.3081581820641855
r8-742953bd22b341c38ebb67af89ccc76e,R8_R6_LB_AL2395_C0_WFS_MONO_EPD3,R6_LB_AL2395_C0_WFS_EPD3,LB_AL2395,C0,WFS,MONO,3.0,-0.25,-0.25,0.2759767711309126,0.727718615956075,0.33601656726133394,0.08461116458384835,0.0026938462716563074,0.0012422590724326858,0.02556539457061979
r8-742953bd22b341c38ebb67af89ccc76e,R8_R6_LB_AL2395_C0_WFS_MONO_EPD3,R6_LB_AL2395_C0_WFS_EPD3,LB_AL2395,C0,WFS,MONO,3.0,-0.5,-0.5,0.16901766813478244,0.31296515198074787,0.13817603998899905,0.03626674002311059,0.03350669747170203,0.03300909657183343,0.01950054060907735
r8-742953bd22b341c38ebb67af89ccc76e,R8_R6_LB_AL2395_C0_WFS_MONO_EPD3,R6_LB_AL2395_C0_WFS_EPD3,LB_AL2395,C0,WFS,MONO,3.0,-0.75,-0.75,0.11861118895363534,0.0637009842187003,0.014988401502266817,0.03224955145998526,0.020107338443889556,0.01467679250000304,0.010226289079402394
r8-742953bd22b341c38ebb67af89ccc76e,R8_R6_LB_AL2395_C0_WFS_MONO_EPD3,R6_LB_AL2395_C0_WFS_EPD3,LB_AL2395,C0,WFS,MONO,3.0,-1.0,-1.0,0.09014039954109097,0.16400274092779002,0.042772126064063505,0.014781608891645062,0.017286943541158523,0.007264944542614776,0.006793133627741136
r8-742953bd22b341c38ebb67af89ccc76e,R8_R6_LB_AL2395_C0_WFS_MONO_EPD3,R6_LB_AL2395_C0_WFS_EPD3,LB_AL2395,C0,WFS,MONO,3.0,-1.25,-1.25,0.07114280277500921,0.044341425734040964,0.03925170897479383,0.010562832534653338,0.008636168128631024,0.0023721831431164136,0.00010698810229797266
r8-742953bd22b341c38ebb67af89ccc76e,R8_R6_LB_AL2395_C0_WFS_MONO_EPD3,R6_LB_AL2395_C0_WFS_EPD3,LB_AL2395,C0,WFS,MONO,3.0,-1.5,-1.5,0.05997365811883525,0.07069104772999649,0.02367600119410612,0.004261624052676181,0.0026450484710274376,0.005658191190789216,0.001373777046485255
r8-742953bd22b341c38ebb67af89ccc76e,R8_R6_LB_AL2395_C0_WFS_MONO_EPD3,R6_LB_AL2395_C0_WFS_EPD3,LB_AL2395,C0,WFS,MONO,3.0,-1.75,-1.75,0.051494359582801304,0.05457763674021612,0.005627261144833801,0.00319114232506937,0.003767252977331055,0.004873695384830542,0.0031176590748835
r8-742953bd22b341c38ebb67af89ccc76e,R8_R6_LB_AL2395_C0_WFS_MONO_EPD3,R6_LB_AL2395_C0_WFS_EPD3,LB_AL2395,C0,WFS,MONO,3.0,-2.0,-2.0,0.04422516219427703,0.021730096443980496,0.0056019206581585605,0.00042643186684925574,0.004972522896438072,0.0012382044030826856,0.0027271370052753697
r8-742953bd22b341c38ebb67af89ccc76e,R8_R6_LB_AL2395_C0_WFS_MONO_EPD3,R6_LB_AL2395_C0_WFS_EPD3,LB_AL2395,C0,WFS,MONO,3.0,-2.25,-2.25,0.039103573513632015,0.04059282466794609,0.01119500938013726,0.0015975203676172887,0.004904062521302268,0.0016988194225587214,0.0002408565309789132
r8-742953bd22b341c38ebb67af89ccc76e,R8_R6_LB_AL2395_C0_WFS_MONO_EPD3,R6_LB_AL2395_C0_WFS_EPD3,LB_AL2395,C0,WFS,MONO,3.0,-2.5,-2.5,0.03551763289680486,0.0027549268702173487,0.011541552362219923,0.0027695255333280793,0.0023044232938568836,0.0016717435452835788,0.0007570013656867278
r8-742953bd22b341c38ebb67af89ccc76e,R8_R6_LB_AL2395_C0_WFS_MONO_EPD3,R6_LB_AL2395_C0_WFS_EPD3,LB_AL2395,C0,WFS,MONO,3.0,-2.75,-2.75,0.03220767392223058,0.0291860400663315,0.007722040512865543,0.0026963162776138944,2.8755851077012205e-05,0.0013637760450103654,0.0015470267517585909
r8-742953bd22b341c38ebb67af89ccc76e,R8_R6_LB_AL2395_C0_WFS_MONO_EPD3,R6_LB_AL2395_C0_WFS_EPD3,LB_AL2395,C0,WFS,MONO,3.0,-3.0,-3.0,0.027545333503607074,0.00632309909911475,0.0018196597254087647,0.002900287622890931,0.0009112933108834487,0.00034207713152425946,0.0012843380404456688
r8-742953bd22b341c38ebb67af89ccc76e,R8_R6_LB_AL2395_C0_WFS_EDOF_EPD3,R6_LB_AL2395_C0_WFS_EPD3,LB_AL2395,C0,WFS,EDOF,3.0,0.5,0.5,0.18370778599008183,0.17401793317120604,0.1795893494311303,0.11827759543171838,0.08886271014790031,0.05497135717875505,0.010606133897216962
r8-742953bd22b341c38ebb67af89ccc76e,R8_R6_LB_AL2395_C0_WFS_EDOF_EPD3,R6_LB_AL2395_C0_WFS_EPD3,LB_AL2395,C0,WFS,EDOF,3.0,0.25,0.25,0.22828196592232824,0.47955285755392396,0.18329901754983857,0.1373429009246327,0.0588480887848503,0.015210830690592834,0.0425221107626595
r8-742953bd22b341c38ebb67af89ccc76e,R8_R6_LB_AL2395_C0_WFS_EDOF_EPD3,R6_LB_AL2395_C0_WFS_EPD3,LB_AL2395,C0,WFS,EDOF,3.0,0.0,0.0,0.4644003633697554,0.7280669622180357,0.46165532297561507,0.36528260027097637,0.3139670865162174,0.2975470004363326,0.2545645447477399
r8-742953bd22b341c38ebb67af89ccc76e,R8_R6_LB_AL2395_C0_WFS_EDOF_EPD3,R6_LB_AL2395_C0_WFS_EPD3,LB_AL2395,C0,WFS,EDOF,3.0,-0.25,-0.25,0.2645206335944897,0.6682456584465132,0.30647503027995304,0.022231235499777943,0.032450466054270224,0.023434046130250928,0.09427860516595134
r8-742953bd22b341c38ebb67af89ccc76e,R8_R6_LB_AL2395_C0_WFS_EDOF_EPD3,R6_LB_AL2395_C0_WFS_EPD3,LB_AL2395,C0,WFS,EDOF,3.0,-0.5,-0.5,0.17689769791501725,0.31438442638064756,0.13037092564924072,0.021360934529819995,0.06040842243144894,0.055461596104612446,0.05074763487484012
r8-742953bd22b341c38ebb67af89ccc76e,R8_R6_LB_AL2395_C0_WFS_EDOF_EPD3,R6_LB_AL2395_C0_WFS_EPD3,LB_AL2395,C0,WFS,EDOF,3.0,-0.75,-0.75,0.12479920814329622,0.05563514641304503,0.02539983996598525,0.05233571821624029,0.011549364970895022,0.0022822331180535438,0.013255801621986344
r8-742953bd22b341c38ebb67af89ccc76e,R8_R6_LB_AL2395_C0_WFS_EDOF_EPD3,R6_LB_AL2395_C0_WFS_EPD3,LB_AL2395,C0,WFS,EDOF,3.0,-1.0,-1.0,0.10119460721864279,0.1843780732610806,0.14771243427464992,0.0070676087646462694,0.014900383928551031,0.009276601115757439,0.0009414032820414416
r8-742953bd22b341c38ebb67af89ccc76e,R8_R6_LB_AL2395_C0_WFS_EDOF_EPD3,R6_LB_AL2395_C0_WFS_EPD3,LB_AL2395,C0,WFS,EDOF,3.0,-1.25,-1.25,0.08105856326022942,0.07502787369990079,0.04668751686226735,0.005135647190741569,0.006430863459728042,0.00597978217076073,0.002519704781911844
r8-742953bd22b341c38ebb67af89ccc76e,R8_R6_LB_AL2395_C0_WFS_EDOF_EPD3,R6_LB_AL2395_C0_WFS_EPD3,LB_AL2395,C0,WFS,EDOF,3.0,-1.5,-1.5,0.06874956110410062,0.07534989030685392,0.015123316406680996,0.005173892761468743,0.000924997440656378,0.007585327224444518,0.002680805148206672
r8-742953bd22b341c38ebb67af89ccc76e,R8_R6_LB_AL2395_C0_WFS_EDOF_EPD3,R6_LB_AL2395_C0_WFS_EPD3,LB_AL2395,C0,WFS,EDOF,3.0,-1.75,-1.75,0.0576221358287537,0.11381279901983866,0.02654950863126365,0.005091220903302311,0.009690241618559213,0.004320333455232671,0.0036945564417071824
r8-742953bd22b341c38ebb67af89ccc76e,R8_R6_LB_AL2395_C0_WFS_EDOF_EPD3,R6_LB_AL2395_C0_WFS_EPD3,LB_AL2395,C0,WFS,EDOF,3.0,-2.0,-2.0,0.047407793817269644,0.059319722427153936,0.0181729680865316,0.0012628576060232336,0.005302409516741165,0.0005067496208713182,0.0021698388552408416
r8-742953bd22b341c38ebb67af89ccc76e,R8_R6_LB_AL2395_C0_WFS_EDOF_EPD3,R6_LB_AL2395_C0_WFS_EPD3,LB_AL2395,C0,WFS,EDOF,3.0,-2.25,-2.25,0.041173627925403196,0.006101970222380396,0.0002969567746419892,0.00442087832073116,0.004847211777305795,0.0028804676957683707,0.0009655701284365323
r8-742953bd22b341c38ebb67af89ccc76e,R8_R6_LB_AL2395_C0_WFS_EDOF_EPD3,R6_LB_AL2395_C0_WFS_EPD3,LB_AL2395,C0,WFS,EDOF,3.0,-2.5,-2.5,0.037112815850759186,0.01323879027717967,0.004939647037851713,0.003655723700216092,0.00041739783039888763,0.0019041828397428691,0.0010903787031503666
r8-742953bd22b341c38ebb67af89ccc76e,R8_R6_LB_AL2395_C0_WFS_EDOF_EPD3,R6_LB_AL2395_C0_WFS_EPD3,LB_AL2395,C0,WFS,EDOF,3.0,-2.75,-2.75,0.03359484435202404,0.027892177946474132,0.0026121867593962827,0.003839025593363174,0.0016394826081543557,0.00010524707401907185,0.0015589439791666463
r8-742953bd22b341c38ebb67af89ccc76e,R8_R6_LB_AL2395_C0_WFS_EDOF_EPD3,R6_LB_AL2395_C0_WFS_EPD3,LB_AL2395,C0,WFS,EDOF,3.0,-3.0,-3.0,0.02984892956677742,0.04500174984526899,0.0027636590574891154,0.0032332595082343284,0.0021202047651267594,0.0007979269074614769,0.0010529181849300766
r8-742953bd22b341c38ebb67af89ccc76e,R8_R6_LB_AL2395_C0_WFS_MONO_EPD5,R6_LB_AL2395_C0_WFS_EPD5,LB_AL2395,C0,WFS,MONO,5.0,0.5,0.5,0.10068944683395517,0.1578118198793381,0.013955230547106285,0.04070976836119886,0.040834696509592115,0.018253431979007587,0.014590499959618652
r8-742953bd22b341c38ebb67af89ccc76e,R8_R6_LB_AL2395_C0_WFS_MONO_EPD5,R6_LB_AL2395_C0_WFS_EPD5,LB_AL2395,C0,WFS,MONO,5.0,0.25,0.25,0.12716754263291288,0.31879477298757397,0.07902156339791021,0.023284573999509426,0.012356796969709332,0.01929173409390105,0.023736194201467293
r8-742953bd22b341c38ebb67af89ccc76e,R8_R6_LB_AL2395_C0_WFS_MONO_EPD5,R6_LB_AL2395_C0_WFS_EPD5,LB_AL2395,C0,WFS,MONO,5.0,0.0,0.0,0.28872366802474875,0.29786478269357053,0.3338957994558862,0.2767302530568185,0.22576688553967386,0.1841624062948111,0.1435516646744327
r8-742953bd22b341c38ebb67af89ccc76e,R8_R6_LB_AL2395_C0_WFS_MONO_EPD5,R6_LB_AL2395_C0_WFS_EPD5,LB_AL2395,C0,WFS,MONO,5.0,-0.25,-0.25,0.1146700557441779,0.32579643219878207,0.12029917137896164,0.0047486261014283385,0.02093324058157111,0.009646685818964221,0.0038317919166233195
r8-742953bd22b341c38ebb67af89ccc76e,R8_R6_LB_AL2395_C0_WFS_MONO_EPD5,R6_LB_AL2395_C0_WFS_EPD5,LB_AL2395,C0,WFS,MONO,5.0,-0.5,-0.5,0.06923632966090917,0.09260337299472894,0.07222309044940659,0.005208643138529426,0.014463231476510121,0.008471479288811857,0.000892434041218883
r8-742953bd22b341c38ebb67af89ccc76e,R8_R6_LB_AL2395_C0_WFS_MONO_EPD5,R6_LB_AL2395_C0_WFS_EPD5,LB_AL2395,C0,WFS,MONO,5.0,-0.75,-0.75,0.04846506383066445,0.08557215828449685,0.012140647116331896,0.0014358953617918673,0.0016005108229560795,0.0019638080868052505,0.0014839889862211153
r8-742953bd22b341c38ebb67af89ccc76e,R8_R6_LB_AL2395_C0_WFS_MONO_EPD5,R6_LB_AL2395_C0_WFS_EPD5,LB_AL2395,C0,WFS,MONO,5.0,-1.0,-1.0,0.037155774073339316,0.016117369265491455,0.014334276364740568,0.0026690087673032358,0.0010805868580223037,0.002278699247394169,0.0008385433622147932
r8-742953bd22b341c38ebb67af89ccc76e,R8_R6_LB_AL2395_C0_WFS_MONO_EPD5,R6_LB_AL2395_C0_WFS_EPD5,LB_AL2395,C0,WFS,MONO,5.0,-1.25,-1.25,0.02892537212361688,0.00023782835977576152,0.011295345524547029,0.0014445676976224933,0.0013361428015450758,0.0016793998232677884,0.0005341691088514353
r8-742953bd22b341c38ebb67af89ccc76e,R8_R6_LB_AL2395_C0_WFS_MONO_EPD5,R6_LB_AL2395_C0_WFS_EPD5,LB_AL2395,C0,WFS,MONO,5.0,-1.5,-1.5,0.02634514781465574,0.006937787732909449,0.004881072128957316,0.0005703625089385981,0.0022123245698623243,0.0014830411485534688,0.001751992309148596
r8-742953bd22b341c38ebb67af89ccc76e,R8_R6_LB_AL2395_C0_WFS_MONO_EPD5,R6_LB_AL2395_C0_WFS_EPD5,LB_AL2395,C0,WFS,MONO,5.0,-1.75,-1.75,0.022898559221316662,0.02358468390036127,0.0030251871918163947,0.0016598820822205118,0.0022403233392150014,0.0012493910885745892,0.0011168158454146785
r8-742953bd22b341c38ebb67af89ccc76e,R8_R6_LB_AL2395_C0_WFS_MONO_EPD5,R6_LB_AL2395_C0_WFS_EPD5,LB_AL2395,C0,WFS,MONO,5.0,-2.0,-2.0,0.019757751462288607,0.002244866602459159,7.979903952910929e-05,0.0020284174317864,0.0017012214738844952,0.0009898695376795196,0.0015360750151990857
r8-742953bd22b341c38ebb67af89ccc76e,R8_R6_LB_AL2395_C0_WFS_MONO_EPD5,R6_LB_AL2395_C0_WFS_EPD5,LB_AL2395,C0,WFS,MONO,5.0,-2.25,-2.25,0.017706788423842507,0.028766570118649318,0.0033436742423763053,0.0012190601908639129,0.0007272308259594679,0.0006085299884863585,0.0005498038745168997
r8-742953bd22b341c38ebb67af89ccc76e,R8_R6_LB_AL2395_C0_WFS_MONO_EPD5,R6_LB_AL2395_C0_WFS_EPD5,LB_AL2395,C0,WFS,MONO,5.0,-2.5,-2.5,0.01776264206710037,0.014623986330475567,0.001126030409098144,0.0005303510464792378,0.0011469293225733902,9.269040911488746e-05,0.0009538013046421798
r8-742953bd22b341c38ebb67af89ccc76e,R8_R6_LB_AL2395_C0_WFS_MONO_EPD5,R6_LB_AL2395_C0_WFS_EPD5,LB_AL2395,C0,WFS,MONO,5.0,-2.75,-2.75,0.019474478116871526,0.0044834546439000734,0.0032579830060561364,0.00011241950206782752,0.0004677414163758212,0.0010565279099411045,0.002351353940875933
r8-742953bd22b341c38ebb67af89ccc76e,R8_R6_LB_AL2395_C0_WFS_MONO_EPD5,R6_LB_AL2395_C0_WFS_EPD5,LB_AL2395,C0,WFS,MONO,5.0,-3.0,-3.0,0.01913110087909733,0.01001236735175903,0.0025792384112787114,0.0016760223901113806,0.0016021486638632494,0.0011276272534704067,0.0015467969738969807
r8-742953bd22b341c38ebb67af89ccc76e,R8_R6_LB_AL2395_C0_WFS_EDOF_EPD5,R6_LB_AL2395_C0_WFS_EPD5,LB_AL2395,C0,WFS,EDOF,5.0,0.5,0.5,0.11475893218513517,0.13352700794130504,0.08544654362610564,0.06220781695270555,0.06335041659632569,0.03792166561722087,0.02541672134537704
r8-742953bd22b341c38ebb67af89ccc76e,R8_R6_LB_AL2395_C0_WFS_EDOF_EPD5,R6_LB_AL2395_C0_WFS_EPD5,LB_AL2395,C0,WFS,EDOF,5.0,0.25,0.25,0.11461456789566579,0.26716952598065635,0.04096539223627309,0.037936769083809316,0.010550518226372946,0.01679359351690017,0.04065328962163186
r8-742953bd22b341c38ebb67af89ccc76e,R8_R6_LB_AL2395_C0_WFS_EDOF_EPD5,R6_LB_AL2395_C0_WFS_EPD5,LB_AL2395,C0,WFS,EDOF,5.0,0.0,0.0,0.22614481698415026,0.2510555385394954,0.2343235472140975,0.18042704912993723,0.1507002468548177,0.13817026553979586,0.11911309793006633
r8-742953bd22b341c38ebb67af89ccc76e,R8_R6_LB_AL2395_C0_WFS_EDOF_EPD5,R6_LB_AL2395_C0_WFS_EPD5,LB_AL2395,C0,WFS,EDOF,5.0,-0.25,-0.25,0.11401840191969126,0.30476557651536945,0.116482086371276,0.011951260851677626,0.023428721019513977,0.008102948904528012,0.035086273750615064
r8-742953bd22b341c38ebb67af89ccc76e,R8_R6_LB_AL2395_C0_WFS_EDOF_EPD5,R6_LB_AL2395_C0_WFS_EPD5,LB_AL2395,C0,WFS,EDOF,5.0,-0.5,-0.5,0.07216402452512218,0.09311000961433831,0.07586965944479712,0.011949878461995956,0.017748773405192302,0.012226642229182561,0.007978421409154304
r8-742953bd22b341c38ebb67af89ccc76e,R8_R6_LB_AL2395_C0_WFS_EDOF_EPD5,R6_LB_AL2395_C0_WFS_EPD5,LB_AL2395,C0,WFS,EDOF,5.0,-0.75,-0.75,0.053418025556778694,0.0831167086316063,0.01885926349883687,0.009719495999553098,0.004133493320893069,0.003963437104886304,0.0018811515015029756
r8-742953bd22b341c38ebb67af89ccc76e,R8_R6_LB_AL2395_C0_WFS_EDOF_EPD5,R6_LB_AL2395_C0_WFS_EPD5,LB_AL2395,C0,WFS,EDOF,5.0,-1.0,-1.0,0.041477285716081294,0.02404685044953419,0.05270753803750285,0.005431341188620312,0.0024513068364695524,0.004365838260361459,0.003459934368675399
r8-742953bd22b341c38ebb67af89ccc76e,R8_R6_LB_AL2395_C0_WFS_EDOF_EPD5,R6_LB_AL2395_C0_WFS_EPD5,LB_AL2395,C0,WFS,EDOF,5.0,-1.25,-1.25,0.032665670435321,0.011554530315685197,0.01845561714993415,0.005386974432192568,0.0024143593801412584,0.0018619572509568244,0.0017066815589511933
r8-742953bd22b341c38ebb67af89ccc76e,R8_R6_LB_AL2395_C0_WFS_EDOF_EPD5,R6_LB_AL2395_C0_WFS_EPD5,LB_AL2395,C0,WFS,EDOF,5.0,-1.5,-1.5,0.02853657382966664,0.004980701194964425,0.004120415639478195,0.0049651298087378054,0.0031130739861695753,0.0011215480498688501,0.0009918977101336921
r8-742953bd22b341c38ebb67af89ccc76e,R8_R6_LB_AL2395_C0_WFS_EDOF_EPD5,R6_LB_AL2395_C0_WFS_EPD5,LB_AL2395,C0,WFS,EDOF,5.0,-1.75,-1.75,0.02494226941607421,0.04526770992932623,0.004836217102590609,0.0032076499384879227,0.0032550802500891673,0.0008714787528064489,0.0009009726569283557
r8-742953bd22b341c38ebb67af89ccc76e,R8_R6_LB_AL2395_C0_WFS_EDOF_EPD5,R6_LB_AL2395_C0_WFS_EPD5,LB_AL2395,C0,WFS,EDOF,5.0,-2.0,-2.0,0.02137138068430848,0.031225571236805923,0.0028473334671279263,0.0006681387816861604,0.0015698961522099312,0.0008588165566486077,0.0017887220358875067
r8-742953bd22b341c38ebb67af89ccc76e,R8_R6_LB_AL2395_C0_WFS_EDOF_EPD5,R6_LB_AL2395_C0_WFS_EPD5,LB_AL2395,C0,WFS,EDOF,5.0,-2.25,-2.25,0.018413088352577003,0.012680973049048739,0.0002736723077059334,0.0035476386976989144,0.0007487451897306924,0.00011676546676867845,0.0006515590230902016
r8-742953bd22b341c38ebb67af89ccc76e,R8_R6_LB_AL2395_C0_WFS_EDOF_EPD5,R6_LB_AL2395_C0_WFS_EPD5,LB_AL2395,C0,WFS,EDOF,5.0,-2.5,-2.5,0.018319705207961407,0.008405500288343807,0.00015687174048856608,0.0007526870330372181,0.001034814196939798,8.291271176704074e-05,4.294106896782544e-05
r8-742953bd22b341c38ebb67af89ccc76e,R8_R6_LB_AL2395_C0_WFS_EDOF_EPD5,R6_LB_AL2395_C0_WFS_EPD5,LB_AL2395,C0,WFS,EDOF,5.0,-2.75,-2.75,0.019332488123182685,0.01567122866078968,0.0032380454595704296,0.0008462359627603142,0.00028588816658758426,0.000726286163029585,0.0017251973930669858
r8-742953bd22b341c38ebb67af89ccc76e,R8_R6_LB_AL2395_C0_WFS_EDOF_EPD5,R6_LB_AL2395_C0_WFS_EPD5,LB_AL2395,C0,WFS,EDOF,5.0,-3.0,-3.0,0.0206200518257104,0.027792811680558836,0.002207825795350734,0.0012805691782945175,0.0012712108261368313,0.0005975518222006912,0.0016848619560689059
r8-742953bd22b341c38ebb67af89ccc76e,R8_R6_LB_AL2395_C0_RAD_MONO_EPD3,R6_LB_AL2395_C0_RAD_EPD3,LB_AL2395,C0,RAD,MONO,3.0,0.5,0.5,0.1373846515885113,0.2282612864797422,0.05498132958475362,0.005293705045884862,0.028678766146533242,0.025869292317126702,0.02043988072599896
r8-742953bd22b341c38ebb67af89ccc76e,R8_R6_LB_AL2395_C0_RAD_MONO_EPD3,R6_LB_AL2395_C0_RAD_EPD3,LB_AL2395,C0,RAD,MONO,3.0,0.25,0.25,0.2476927105301939,0.6316236427240853,0.2588677916332673,0.07427066766726265,0.0032014547651016377,0.017107519756002602,0.016719024481375997
r8-742953bd22b341c38ebb67af89ccc76e,R8_R6_LB_AL2395_C0_RAD_MONO_EPD3,R6_LB_AL2395_C0_RAD_EPD3,LB_AL2395,C0,RAD,MONO,3.0,0.0,0.0,0.6386551280319654,0.8717026496403972,0.7467558304320522,0.6304826535585963,0.518714280841935,0.411533676918348,0.30908489395657246
r8-742953bd22b341c38ebb67af89ccc76e,R8_R6_LB_AL2395_C0_RAD_MONO_EPD3,R6_LB_AL2395_C0_RAD_EPD3,LB_AL2395,C0,RAD,MONO,3.0,-0.25,-0.25,0.30426504360778506,0.7334217066554447,0.37587951628187594,0.14085723305090403,0.04475969694800759,0.024939265606912158,0.03565563229020111
r8-742953bd22b341c38ebb67af89ccc76e,R8_R6_LB_AL2395_C0_RAD_MONO_EPD3,R6_LB_AL2395_C0_RAD_EPD3,LB_AL2395,C0,RAD,MONO,3.0,-0.5,-0.5,0.16178513462235505,0.3201943259759564,0.10914030020717133,0.0458792386116336,0.016446150261978112,0.023320068641677943,0.013473326676202792
r8-742953bd22b341c38ebb67af89ccc76e,R8_R6_LB_AL2395_C0_RAD_MONO_EPD3,R6_LB_AL2395_C0_RAD_EPD3,LB_AL2395,C0,RAD,MONO,3.0,-0.75,-0.75,0.11271234193813967,0.04299395262892676,0.010142884807649832,0.029334716722516526,0.01530263335396794,0.014023561561322706,0.009833798881599616
r8-742953bd22b341c38ebb67af89ccc76e,R8_R6_LB_AL2395_C0_RAD_MONO_EPD3,R6_LB_AL2395_C0_RAD_EPD3,LB_AL2395,C0,RAD,MONO,3.0,-1.0,-1.0,0.08540458895532817,0.13594218883640483,0.03178758265903077,0.012485388898241002,0.015215134086339148,0.008153869626943937,0.007180571661743846
r8-742953bd22b341c38ebb67af89ccc76e,R8_R6_LB_AL2395_C0_RAD_MONO_EPD3,R6_LB_AL2395_C0_RAD_EPD3,LB_AL2395,C0,RAD,MONO,3.0,-1.25,-1.25,0.06727353858505343,0.029313981182189076,0.03122802731857111,0.008446546684565348,0.008440245403726253,0.0008843861837649933,0.0008212290981876243
r8-742953bd22b341c38ebb67af89ccc76e,R8_R6_LB_AL2395_C0_RAD_MONO_EPD3,R6_LB_AL2395_C0_RAD_EPD3,LB_AL2395,C0,RAD,MONO,3.0,-1.5,-1.5,0.05678259164075574,0.06341212619974183,0.021758920752195716,0.002796138607401428,0.003162094576756631,0.005027583153836668,0.0009818358851847594
r8-742953bd22b341c38ebb67af89ccc76e,R8_R6_LB_AL2395_C0_RAD_MONO_EPD3,R6_LB_AL2395_C0_RAD_EPD3,LB_AL2395,C0,RAD,MONO,3.0,-1.75,-1.75,0.0488912502554997,0.039350977785725647,0.008287431291852696,0.0019668514891992626,0.0031174614235813087,0.005078326209319497,0.0028656585966845777
r8-742953bd22b341c38ebb67af89ccc76e,R8_R6_LB_AL2395_C0_RAD_MONO_EPD3,R6_LB_AL2395_C0_RAD_EPD3,LB_AL2395,C0,RAD,MONO,3.0,-2.0,-2.0,0.04237685527819523,0.025389590325351836,0.0015729538000455135,0.000183689558950059,0.004720974086231507,0.001901703469199041,0.0029668966162542695
r8-742953bd22b341c38ebb67af89ccc76e,R8_R6_LB_AL2395_C0_RAD_MONO_EPD3,R6_LB_AL2395_C0_RAD_EPD3,LB_AL2395,C0,RAD,MONO,3.0,-2.25,-2.25,0.037207895641341575,0.0317824054881221,0.007820803082922925,0.0020601883102212277,0.004906346099452023,0.0013156449808128699,0.0006516041479638467
r8-742953bd22b341c38ebb67af89ccc76e,R8_R6_LB_AL2395_C0_RAD_MONO_EPD3,R6_LB_AL2395_C0_RAD_EPD3,LB_AL2395,C0,RAD,MONO,3.0,-2.5,-2.5,0.03418847330739316,0.009152267038895063,0.010043019853516143,0.003290864294526047,0.0025391929362859854,0.0016105781123035377,0.00047264314618809274
r8-742953bd22b341c38ebb67af89ccc76e,R8_R6_LB_AL2395_C0_RAD_MONO_EPD3,R6_LB_AL2395_C0_RAD_EPD3,LB_AL2395,C0,RAD,MONO,3.0,-2.75,-2.75,0.03101630892021995,0.025175821111109314,0.008275755408087917,0.003213898080609223,0.00012990432614369947,0.0014538125948008987,0.0013805028849742048
r8-742953bd22b341c38ebb67af89ccc76e,R8_R6_LB_AL2395_C0_RAD_MONO_EPD3,R6_LB_AL2395_C0_RAD_EPD3,LB_AL2395,C0,RAD,MONO,3.0,-3.0,-3.0,0.026722091862723292,4.441526934146397e-05,0.003295089777723204,0.003315271377861893,0.0008727515067750523,0.0006479314875365856,0.00127433781718097
r8-742953bd22b341c38ebb67af89ccc76e,R8_R6_LB_AL2395_C0_RAD_EDOF_EPD3,R6_LB_AL2395_C0_RAD_EPD3,LB_AL2395,C0,RAD,EDOF,3.0,0.5,0.25,0.1922325374215812,0.4195031674801797,0.19776248701835278,0.07882082421611077,0.007085624257392929,0.03965045670818851,0.0612439820887794
r8-742953bd22b341c38ebb67af89ccc76e,R8_R6_LB_AL2395_C0_RAD_EDOF_EPD3,R6_LB_AL2395_C0_RAD_EPD3,LB_AL2395,C0,RAD,EDOF,3.0,0.25,0.0,0.29838661830616586,0.35663683954772735,0.32166898172258473,0.2948803568911315,0.21966258896442153,0.16956599956518048,0.10800537855093174
r8-742953bd22b341c38ebb67af89ccc76e,R8_R6_LB_AL2395_C0_RAD_EDOF_EPD3,R6_LB_AL2395_C0_RAD_EPD3,LB_AL2395,C0,RAD,EDOF,3.0,0.0,-0.25,0.12982859600886842,0.26262448943053396,0.14069716656821538,0.0002657460166080779,0.011750953881565787,0.010288628796646571,0.006999934281675551
r8-742953bd22b341c38ebb67af89ccc76e,R8_R6_LB_AL2395_C0_RAD_EDOF_EPD3,R6_LB_AL2395_C0_RAD_EPD3,LB_AL2395,C0,RAD,EDOF,3.0,-0.25,-0.5,0.09052037198224774,0.16403498432509536,0.04607460647069744,0.01289112685034592,0.01794473427211296,0.007684339838489946,0.011455519162598026
r8-742953bd22b341c38ebb67af89ccc76e,R8_R6_LB_AL2395_C0_RAD_EDOF_EPD3,R6_LB_AL2395_C0_RAD_EPD3,LB_AL2395,C0,RAD,EDOF,3.0,-0.5,-0.75,0.07054100857863482,0.0689869216765768,0.01480751597181648,0.018009335490068567,0.008879073756260566,0.00847671576207456,0.02516199472876301
r8-742953bd22b341c38ebb67af89ccc76e,R8_R6_LB_AL2395_C0_RAD_EDOF_EPD3,R6_LB_AL2395_C0_RAD_EPD3,LB_AL2395,C0,RAD,EDOF,3.0,-0.75,-1.0,0.06112083000822483,0.006416263777648891,0.027309062887178766,0.025894502342055724,0.005865185075498995,0.02044783631603142,0.009573981393941104
r8-742953bd22b341c38ebb67af89ccc76e,R8_R6_LB_AL2395_C0_RAD_EDOF_EPD3,R6_LB_AL2395_C0_RAD_EPD3,LB_AL2395,C0,RAD,EDOF,3.0,-1.0,-1.25,0.06934352833087444,0.031153152210568323,0.04800794096948565,0.027940583310102483,0.04117514309277602,0.021846194355867318,0.013555191145847653
r8-742953bd22b341c38ebb67af89ccc76e,R8_R6_LB_AL2395_C0_RAD_EDOF_EPD3,R6_LB_AL2395_C0_RAD_EPD3,LB_AL2395,C0,RAD,EDOF,3.0,-1.25,-1.5,0.049435079059316364,0.0010987063533010241,0.018836609862770384,0.00877127309545231,0.009001338381149478,0.012961355440318163,0.010055245451452739
r8-742953bd22b341c38ebb67af89ccc76e,R8_R6_LB_AL2395_C0_RAD_EDOF_EPD3,R6_LB_AL2395_C0_RAD_EPD3,LB_AL2395,C0,RAD,EDOF,3.0,-1.5,-1.75,0.04197936749166582,0.05166109091650274,0.00027359010686684327,0.01914635915042698,0.005707116983063784,0.0034809798457074333,0.008905633502844098
r8-742953bd22b341c38ebb67af89ccc76e,R8_R6_LB_AL2395_C0_RAD_EDOF_EPD3,R6_LB_AL2395_C0_RAD_EPD3,LB_AL2395,C0,RAD,EDOF,3.0,-1.75,-2.0,0.04238167903035743,0.06635185099225517,0.0020981102317836303,0.026936342589553686,0.012822941643428867,0.009895395519273008,0.008780860062429187
r8-742953bd22b341c38ebb67af89ccc76e,R8_R6_LB_AL2395_C0_RAD_EDOF_EPD3,R6_LB_AL2395_C0_RAD_EPD3,LB_AL2395,C0,RAD,EDOF,3.0,-2.0,-2.25,0.038334384200657975,0.03410592944347877,0.010874023758598684,0.0023173550259433183,0.0023775963476646944,0.013065468741135594,0.019362263953409887
r8-742953bd22b341c38ebb67af89ccc76e,R8_R6_LB_AL2395_C0_RAD_EDOF_EPD3,R6_LB_AL2395_C0_RAD_EPD3,LB_AL2395,C0,RAD,EDOF,3.0,-2.25,-2.5,0.03943179884143739,0.00674830700791756,0.023381925155323245,0.009324707099159472,0.007243695922315568,0.001114999813680339,0.002750540470478031
r8-742953bd22b341c38ebb67af89ccc76e,R8_R6_LB_AL2395_C0_RAD_EDOF_EPD3,R6_LB_AL2395_C0_RAD_EPD3,LB_AL2395,C0,RAD,EDOF,3.0,-2.5,-2.75,0.037737542085584296,0.017933822728945344,0.005452291561986306,0.0034960298689419122,0.012469683750314596,0.02464211870175358,0.013934873556462161
r8-742953bd22b341c38ebb67af89ccc76e,R8_R6_LB_AL2395_C0_RAD_EDOF_EPD3,R6_LB_AL2395_C0_RAD_EPD3,LB_AL2395,C0,RAD,EDOF,3.0,-2.75,-3.0,0.03731458442520316,0.001355713745577898,0.016057777977969197,0.006323642895615194,0.008932620583828875,0.004497487579943463,0.011588614790542583
r8-742953bd22b341c38ebb67af89ccc76e,R8_R6_LB_AL2395_C0_RAD_EDOF_EPD3,R6_LB_AL2395_C0_RAD_EPD3,LB_AL2395,C0,RAD,EDOF,3.0,-3.0,-3.25,0.04336801477264653,0.018179072069549877,0.019209318927996204,0.016568220274159943,0.02610987816919822,0.00801854923369778,0.010530190667319974
r8-742953bd22b341c38ebb67af89ccc76e,R8_R6_LB_AL2395_C0_RAD_MONO_EPD5,R6_LB_AL2395_C0_RAD_EPD5,LB_AL2395,C0,RAD,MONO,5.0,0.5,0.5,0.09265762136032432,0.16741343685077492,0.03584129318872591,0.040549962044830946,0.04251204858140285,0.021790694044272623,0.02094041163005799
r8-742953bd22b341c38ebb67af89ccc76e,R8_R6_LB_AL2395_C0_RAD_MONO_EPD5,R6_LB_AL2395_C0_RAD_EPD5,LB_AL2395,C0,RAD,MONO,5.0,0.25,0.25,0.12336143716308455,0.21528280931232444,0.1280408343440842,0.022140212895903854,0.013509777900445897,0.01844899227526914,0.020266571336845368
r8-742953bd22b341c38ebb67af89ccc76e,R8_R6_LB_AL2395_C0_RAD_MONO_EPD5,R6_LB_AL2395_C0_RAD_EPD5,LB_AL2395,C0,RAD,MONO,5.0,0.0,0.0,0.2837523927700841,0.3966576494168634,0.3191138859656256,0.27585470466494055,0.22502318619338332,0.18275830438701182,0.14197881573265794
r8-742953bd22b341c38ebb67af89ccc76e,R8_R6_LB_AL2395_C0_RAD_MONO_EPD5,R6_LB_AL2395_C0_RAD_EPD5,LB_AL2395,C0,RAD,MONO,5.0,-0.25,-0.25,0.11079923303258174,0.28230566113993133,0.10030068377846116,0.02851141104293581,0.005341264442472334,0.006142221128849163,0.0029868774797471224
r8-742953bd22b341c38ebb67af89ccc76e,R8_R6_LB_AL2395_C0_RAD_MONO_EPD5,R6_LB_AL2395_C0_RAD_EPD5,LB_AL2395,C0,RAD,MONO,5.0,-0.5,-0.5,0.0630900733614535,0.0456035533551523,0.03795597436783827,0.004173059728207872,0.0068986380940560645,0.007175072409384749,0.0004214437604645748
r8-742953bd22b341c38ebb67af89ccc76e,R8_R6_LB_AL2395_C0_RAD_MONO_EPD5,R6_LB_AL2395_C0_RAD_EPD5,LB_AL2395,C0,RAD,MONO,5.0,-0.75,-0.75,0.04324866067178027,0.0014887699666301952,0.015176451081034017,0.003853228052211921,1.526973721351264e-05,0.0026357331049083593,0.0017807844073756275
r8-742953bd22b341c38ebb67af89ccc76e,R8_R6_LB_AL2395_C0_RAD_MONO_EPD5,R6_LB_AL2395_C0_RAD_EPD5,LB_AL2395,C0,RAD,MONO,5.0,-1.0,-1.0,0.03297676171481155,0.03112239533769867,0.0016326752303935674,0.0009553743063673058,0.000672657329401619,0.0025991441537193934,0.0013159478949611183
r8-742953bd22b341c38ebb67af89ccc76e,R8_R6_LB_AL2395_C0_RAD_MONO_EPD5,R6_LB_AL2395_C0_RAD_EPD5,LB_AL2395,C0,RAD,MONO,5.0,-1.25,-1.25,0.02663321879665766,0.02518198095660135,0.0041552264416543855,0.0015606059118963482,0.0021629194610194766,0.0022008512768553704,0.001396114969839683
r8-742953bd22b341c38ebb67af89ccc76e,R8_R6_LB_AL2395_C0_RAD_MONO_EPD5,R6_LB_AL2395_C0_RAD_EPD5,LB_AL2395,C0,RAD,MONO,5.0,-1.5,-1.5,0.02410339364798836,0.02500182077614101,0.0012835562502794876,0.00026933812940902873,0.0009724273977169207,0.0004150977748233562,0.0006295795110908746
r8-742953bd22b341c38ebb67af89ccc76e,R8_R6_LB_AL2395_C0_RAD_MONO_EPD5,R6_LB_AL2395_C0_RAD_EPD5,LB_AL2395,C0,RAD,MONO,5.0,-1.75,-1.75,0.020906327725573607,0.015280968996436568,0.0007476495424511246,0.0002189228544619258,0.0007308392136856373,0.0012557167256971613,0.0002658000265185349
r8-742953bd22b341c38ebb67af89ccc76e,R8_R6_LB_AL2395_C0_RAD_MONO_EPD5,R6_LB_AL2395_C0_RAD_EPD5,LB_AL2395,C0,RAD,MONO,5.0,-2.0,-2.0,0.017928590072977917,0.024368037999818442,0.0020513696023616865,0.0005319880084911836,0.0009318027247873658,0.0014075374872072562,0.0010935834268261523
r8-742953bd22b341c38ebb67af89ccc76e,R8_R6_LB_AL2395_C0_RAD_MONO_EPD5,R6_LB_AL2395_C0_RAD_EPD5,LB_AL2395,C0,RAD,MONO,5.0,-2.25,-2.25,0.015779403576896105,0.004447400600291286,0.0018406101367497737,0.0006834299100148879,0.000835302235754515,0.0012594183248193398,0.0005776391202260385
r8-742953bd22b341c38ebb67af89ccc76e,R8_R6_LB_AL2395_C0_RAD_MONO_EPD5,R6_LB_AL2395_C0_RAD_EPD5,LB_AL2395,C0,RAD,MONO,5.0,-2.5,-2.5,0.01851204699900646,0.0030590243018586137,0.002539628101089679,0.0002576199659346936,0.0006943101600591487,0.0008492579690556381,0.00039108815357422934
r8-742953bd22b341c38ebb67af89ccc76e,R8_R6_LB_AL2395_C0_RAD_MONO_EPD5,R6_LB_AL2395_C0_RAD_EPD5,LB_AL2395,C0,RAD,MONO,5.0,-2.75,-2.75,0.018551132616726165,0.004840510148144547,0.0028765453187788895,0.001019475400300051,0.0001453984722565535,0.0001667686049663084,0.0008603773218931502
r8-742953bd22b341c38ebb67af89ccc76e,R8_R6_LB_AL2395_C0_RAD_MONO_EPD5,R6_LB_AL2395_C0_RAD_EPD5,LB_AL2395,C0,RAD,MONO,5.0,-3.0,-3.0,0.0181189935837899,0.00859643150597257,0.0012816439638951242,0.0010284712077054889,0.00042674228970831997,8.134101099064864e-05,0.001662944398060145
r8-742953bd22b341c38ebb67af89ccc76e,R8_R6_LB_AL2395_C0_RAD_EDOF_EPD5,R6_LB_AL2395_C0_RAD_EPD5,LB_AL2395,C0,RAD,EDOF,5.0,0.5,0.0,0.11680476305038694,0.3015192893892255,0.0850092312355647,0.05628022259814561,0.03418291977638705,0.004895679977338947,0.003698571291092725
r8-742953bd22b341c38ebb67af89ccc76e,R8_R6_LB_AL2395_C0_RAD_EDOF_EPD5,R6_LB_AL2395_C0_RAD_EPD5,LB_AL2395,C0,RAD,EDOF,5.0,0.25,-0.25,0.11271148541246795,0.04944619246680182,0.13330370718311224,0.10382715132124486,0.048416067359678266,0.03612629121399394,0.011078784023880336
r8-742953bd22b341c38ebb67af89ccc76e,R8_R6_LB_AL2395_C0_RAD_EDOF_EPD5,R6_LB_AL2395_C0_RAD_EPD5,LB_AL2395,C0,RAD,EDOF,5.0,0.0,-0.5,0.06555242339992111,0.0847281545323643,0.04804480925649824,0.009387432067351814,0.00968309434200033,0.022431263494846396,0.021462918157526795
r8-742953bd22b341c38ebb67af89ccc76e,R8_R6_LB_AL2395_C0_RAD_EDOF_EPD5,R6_LB_AL2395_C0_RAD_EPD5,LB_AL2395,C0,RAD,EDOF,5.0,-0.25,-0.75,0.04570298942989825,0.08353712620599348,0.020716476865945712,0.008980070876104895,0.007916491150891086,0.0017312608313553178,0.00010434972927146117
r8-742953bd22b341c38ebb67af89ccc76e,R8_R6_LB_AL2395_C0_RAD_EDOF_EPD5,R6_LB_AL2395_C0_RAD_EPD5,LB_AL2395,C0,RAD,EDOF,5.0,-0.5,-1.0,0.036571323558517575,0.012348577727214956,0.007850347456650489,0.003515465392246549,0.002359142661882757,0.0016375937131216066,0.00673617281717632
r8-742953bd22b341c38ebb67af89ccc76e,R8_R6_LB_AL2395_C0_RAD_EDOF_EPD5,R6_LB_AL2395_C0_RAD_EPD5,LB_AL2395,C0,RAD,EDOF,5.0,-0.75,-1.25,0.029903282148570236,0.021191076733832727,0.0185231660356757,0.0031971787279269593,0.00038173059950735673,0.0015748770108331505,0.007966036001132182
r8-742953bd22b341c38ebb67af89ccc76e,R8_R6_LB_AL2395_C0_RAD_EDOF_EPD5,R6_LB_AL2395_C0_RAD_EPD5,LB_AL2395,C0,RAD,EDOF,5.0,-1.0,-1.5,0.03100003407391323,0.025129035294632923,0.010732506825216075,0.01957644804247587,0.010193116680342748,0.0066412874506514554,0.0027086130444994097
r8-742953bd22b341c38ebb67af89ccc76e,R8_R6_LB_AL2395_C0_RAD_EDOF_EPD5,R6_LB_AL2395_C0_RAD_EPD5,LB_AL2395,C0,RAD,EDOF,5.0,-1.25,-1.75,0.027266688482474818,0.01992551175688182,0.010956887399182097,0.001452296186819199,0.0020715072459221644,0.007250314086201177,0.007722010347225404
r8-742953bd22b341c38ebb67af89ccc76e,R8_R6_LB_AL2395_C0_RAD_EDOF_EPD5,R6_LB_AL2395_C0_RAD_EPD5,LB_AL2395,C0,RAD,EDOF,5.0,-1.5,-2.0,0.02298335057756609,0.047116742708902634,0.0007985722774854734,0.0031034812697094648,0.001999009632443467,0.00099365902432772,0.002434648201576222
r8-742953bd22b341c38ebb67af89ccc76e,R8_R6_LB_AL2395_C0_RAD_EDOF_EPD5,R6_LB_AL2395_C0_RAD_EPD5,LB_AL2395,C0,RAD,EDOF,5.0,-1.75,-2.25,0.019468805310965575,0.03466751023043067,0.0030469971653682235,0.006465537173514216,0.0016739995658254202,0.000230277892256314,0.004840230988043448
r8-742953bd22b341c38ebb67af89ccc76e,R8_R6_LB_AL2395_C0_RAD_EDOF_EPD5,R6_LB_AL2395_C0_RAD_EPD5,LB_AL2395,C0,RAD,EDOF,5.0,-2.0,-2.5,0.021900942805461118,0.022787649623298746,0.0007292901971352013,0.003169891706269932,0.004074440762125328,0.0018204050657958614,0.0053955866749321995
r8-742953bd22b341c38ebb67af89ccc76e,R8_R6_LB_AL2395_C0_RAD_EDOF_EPD5,R6_LB_AL2395_C0_RAD_EPD5,LB_AL2395,C0,RAD,EDOF,5.0,-2.25,-2.75,0.020512912732276744,0.0014446989309871727,0.0045467385718386604,0.003924945017580943,0.004349173544725309,0.0030259655146941456,0.0007420532539037098
r8-742953bd22b341c38ebb67af89ccc76e,R8_R6_LB_AL2395_C0_RAD_EDOF_EPD5,R6_LB_AL2395_C0_RAD_EPD5,LB_AL2395,C0,RAD,EDOF,5.0,-2.5,-3.0,0.018818645848341146,0.006662784275946319,0.0011061698024886718,0.0038418697268729897,0.001888960430189449,0.010046819556323864,0.007383052391327179
r8-742953bd22b341c38ebb67af89ccc76e,R8_R6_LB_AL2395_C0_RAD_EDOF_EPD5,R6_LB_AL2395_C0_RAD_EPD5,LB_AL2395,C0,RAD,EDOF,5.0,-2.75,-3.25,0.018792076624569214,0.0002498153353189768,0.0019651979363470894,0.0016151234065092325,0.004525407414835055,0.0011658294007797442,0.004086049496029629
r8-742953bd22b341c38ebb67af89ccc76e,R8_R6_LB_AL2395_C0_RAD_EDOF_EPD5,R6_LB_AL2395_C0_RAD_EPD5,LB_AL2395,C0,RAD,EDOF,5.0,-3.0,-3.5,0.02110887335670324,0.013534430121430813,0.0064841846616770366,0.0031112637465602424,0.008253189181375345,0.003369461361738902,0.0018156592257935773
r8-742953bd22b341c38ebb67af89ccc76e,R8_R6_LB_AL2395_C0_HOA_MONO_EPD3,R6_LB_AL2395_C0_HOA_EPD3,LB_AL2395,C0,HOA,MONO,3.0,0.5,0.5,0.16745430147045176,0.2746686329765662,0.09645472727262913,0.07112712593715989,0.04665697041848182,0.03067589172137657,0.021346857694401887
r8-742953bd22b341c38ebb67af89ccc76e,R8_R6_LB_AL2395_C0_HOA_MONO_EPD3,R6_LB_AL2395_C0_HOA_EPD3,LB_AL2395,C0,HOA,MONO,3.0,0.25,0.25,0.3085930070460972,0.5948760976562844,0.3378987538941798,0.21984913423933886,0.13663378431790713,0.06670968237822164,0.014203169089321847
r8-742953bd22b341c38ebb67af89ccc76e,R8_R6_LB_AL2395_C0_HOA_MONO_EPD3,R6_LB_AL2395_C0_HOA_EPD3,LB_AL2395,C0,HOA,MONO,3.0,0.0,0.0,0.558008846814209,0.8089711282951868,0.6363137238523379,0.506438897374004,0.4115455755637652,0.3468993150914282,0.28612703403804207
r8-742953bd22b341c38ebb67af89ccc76e,R8_R6_LB_AL2395_C0_HOA_MONO_EPD3,R6_LB_AL2395_C0_HOA_EPD3,LB_AL2395,C0,HOA,MONO,3.0,-0.25,-0.25,0.253690690324166,0.698524540326033,0.25173451050282536,0.0002969137390379239,0.041326755609101415,0.019627107737176203,0.012552741649981625
r8-742953bd22b341c38ebb67af89ccc76e,R8_R6_LB_AL2395_C0_HOA_MONO_EPD3,R6_LB_AL2395_C0_HOA_EPD3,LB_AL2395,C0,HOA,MONO,3.0,-0.5,-0.5,0.180788918221853,0.3017142841719759,0.16188821894226774,0.01115827756931676,0.07025893424951164,0.04985412383467419,0.032899761549929886
r8-742953bd22b341c38ebb67af89ccc76e,R8_R6_LB_AL2395_C0_HOA_MONO_EPD3,R6_LB_AL2395_C0_HOA_EPD3,LB_AL2395,C0,HOA,MONO,3.0,-0.75,-0.75,0.12781402447922713,0.0888133306598132,0.03772718192368719,0.029379091547180082,0.030076698867909483,0.013176149131698482,0.009836226532783128
r8-742953bd22b341c38ebb67af89ccc76e,R8_R6_LB_AL2395_C0_HOA_MONO_EPD3,R6_LB_AL2395_C0_HOA_EPD3,LB_AL2395,C0,HOA,MONO,3.0,-1.0,-1.0,0.09936681798377987,0.20804330798003146,0.06326731542339714,0.017361703079081494,0.022075196656629232,0.004804242285484597,0.006081694585838662
r8-742953bd22b341c38ebb67af89ccc76e,R8_R6_LB_AL2395_C0_HOA_MONO_EPD3,R6_LB_AL2395_C0_HOA_EPD3,LB_AL2395,C0,HOA,MONO,3.0,-1.25,-1.25,0.07961545737315262,0.07306895669881054,0.058501275193413665,0.015674939146697212,0.008925147029508045,0.005549821981502605,0.0012020644893286846
r8-742953bd22b341c38ebb67af89ccc76e,R8_R6_LB_AL2395_C0_HOA_MONO_EPD3,R6_LB_AL2395_C0_HOA_EPD3,LB_AL2395,C0,HOA,MONO,3.0,-1.5,-1.5,0.06690863304020334,0.08408742017877616,0.027309814294401418,0.008266881854214285,0.001624817971215029,0.006560090481198752,0.0019723628037166046
r8-742953bd22b341c38ebb67af89ccc76e,R8_R6_LB_AL2395_C0_HOA_MONO_EPD3,R6_LB_AL2395_C0_HOA_EPD3,LB_AL2395,C0,HOA,MONO,3.0,-1.75,-1.75,0.05744704011124658,0.08947583975672546,0.003274508317175197,0.006577383320659296,0.004957815627265344,0.0042523959587241105,0.0035001790651578188
r8-742953bd22b341c38ebb67af89ccc76e,R8_R6_LB_AL2395_C0_HOA_MONO_EPD3,R6_LB_AL2395_C0_HOA_EPD3,LB_AL2395,C0,HOA,MONO,3.0,-2.0,-2.0,0.04870912490234467,0.008369710182139726,0.016789275434556567,0.0023730391510196833,0.005385969148904819,2.6148423517984814e-06,0.002089833124818274
r8-742953bd22b341c38ebb67af89ccc76e,R8_R6_LB_AL2395_C0_HOA_MONO_EPD3,R6_LB_AL2395_C0_HOA_EPD3,LB_AL2395,C0,HOA,MONO,3.0,-2.25,-2.25,0.04323439600688879,0.05908189352716499,0.01866847889104679,0.00021907454360644633,0.005007018988521635,0.0021909941437694034,0.0004848086604470562
r8-742953bd22b341c38ebb67af89ccc76e,R8_R6_LB_AL2395_C0_HOA_MONO_EPD3,R6_LB_AL2395_C0_HOA_EPD3,LB_AL2395,C0,HOA,MONO,3.0,-2.5,-2.5,0.038767513744377785,0.016695156102371878,0.012873009065530303,0.000914399663227714,0.0020743665215119263,0.0017185761073838,0.001169416691619806
r8-742953bd22b341c38ebb67af89ccc76e,R8_R6_LB_AL2395_C0_HOA_MONO_EPD3,R6_LB_AL2395_C0_HOA_EPD3,LB_AL2395,C0,HOA,MONO,3.0,-2.75,-2.75,0.03494919307310848,0.034294533926436666,0.004160574542334045,0.001065275025512636,0.00010272222585329384,0.0012132307054043352,0.0017326426866790786
r8-742953bd22b341c38ebb67af89ccc76e,R8_R6_LB_AL2395_C0_HOA_MONO_EPD3,R6_LB_AL2395_C0_HOA_EPD3,LB_AL2395,C0,HOA,MONO,3.0,-3.0,-3.0,0.030474269760754295,0.0233887790185083,0.0030739103077687996,0.0016998330202088639,0.000998821244816609,0.00018036186495911193,0.0012445088276813174
r8-742953bd22b341c38ebb67af89ccc76e,R8_R6_LB_AL2395_C0_HOA_EDOF_EPD3,R6_LB_AL2395_C0_HOA_EPD3,LB_AL2395,C0,HOA,EDOF,3.0,0.5,0.75,0.0705205188449603,0.037236815181940185,0.011602866073223745,0.03301415575942357,0.018338561411372908,0.016432786819980904,0.00043044715331287995
r8-742953bd22b341c38ebb67af89ccc76e,R8_R6_LB_AL2395_C0_HOA_EDOF_EPD3,R6_LB_AL2395_C0_HOA_EPD3,LB_AL2395,C0,HOA,EDOF,3.0,0.25,0.5,0.0788349326723766,0.09124217349192609,0.002151785638333331,0.00824773450696601,0.01503753224585074,0.004296543584845177,0.016608383900501372
r8-742953bd22b341c38ebb67af89ccc76e,R8_R6_LB_AL2395_C0_HOA_EDOF_EPD3,R6_LB_AL2395_C0_HOA_EPD3,LB_AL2395,C0,HOA,EDOF,3.0,0.0,0.25,0.15311131417766863,0.27116431629677296,0.10870568582038372,0.07572471471517508,0.055921521910682344,0.05880356332219295,0.05412500494297936
r8-742953bd22b341c38ebb67af89ccc76e,R8_R6_LB_AL2395_C0_HOA_EDOF_EPD3,R6_LB_AL2395_C0_HOA_EPD3,LB_AL2395,C0,HOA,EDOF,3.0,-0.25,0.0,0.21679733058245787,0.3247126085962656,0.22465388402639738,0.17074381966482746,0.11491942563013499,0.09206834607978344,0.11742858376525524
r8-742953bd22b341c38ebb67af89ccc76e,R8_R6_LB_AL2395_C0_HOA_EDOF_EPD3,R6_LB_AL2395_C0_HOA_EPD3,LB_AL2395,C0,HOA,EDOF,3.0,-0.5,-0.25,0.11150975717733692,0.1988230133781739,0.07440739539478405,0.017046897866254695,0.03805711628514381,0.009231662624336676,0.010527053320295496
r8-742953bd22b341c38ebb67af89ccc76e,R8_R6_LB_AL2395_C0_HOA_EDOF_EPD3,R6_LB_AL2395_C0_HOA_EPD3,LB_AL2395,C0,HOA,EDOF,3.0,-0.75,-0.5,0.07732317893682007,0.025576412595219346,0.06920240460593972,0.02275555486868373,0.035251678297689715,0.0004975916046643334,0.011074709587530754
r8-742953bd22b341c38ebb67af89ccc76e,R8_R6_LB_AL2395_C0_HOA_EDOF_EPD3,R6_LB_AL2395_C0_HOA_EPD3,LB_AL2395,C0,HOA,EDOF,3.0,-1.0,-0.75,0.06360179983639078,0.03691276841424617,0.05399918270977329,0.0023444623433918933,0.02238819495692979,0.00799089646479579,0.009011207172801584
r8-742953bd22b341c38ebb67af89ccc76e,R8_R6_LB_AL2395_C0_HOA_EDOF_EPD3,R6_LB_AL2395_C0_HOA_EPD3,LB_AL2395,C0,HOA,EDOF,3.0,-1.25,-1.0,0.08222870721037825,0.020005324907843836,0.08399656408733397,0.050979350228318177,0.04295301582802845,0.04509769282002844,0.002748379694036253
r8-742953bd22b341c38ebb67af89ccc76e,R8_R6_LB_AL2395_C0_HOA_EDOF_EPD3,R6_LB_AL2395_C0_HOA_EPD3,LB_AL2395,C0,HOA,EDOF,3.0,-1.5,-1.25,0.0517389390707215,0.08045110494498157,0.0008483285305531785,0.0021051681018556625,0.009032477034911734,0.0006182644721325619,0.009277861410389247
r8-742953bd22b341c38ebb67af89ccc76e,R8_R6_LB_AL2395_C0_HOA_EDOF_EPD3,R6_LB_AL2395_C0_HOA_EPD3,LB_AL2395,C0,HOA,EDOF,3.0,-1.75,-1.5,0.04544701889749678,0.06511267168027934,0.012163563807298654,0.013949233239919812,0.0005233061376715993,0.000653087664336929,0.009571982439662001
r8-742953bd22b341c38ebb67af89ccc76e,R8_R6_LB_AL2395_C0_HOA_EDOF_EPD3,R6_LB_AL2395_C0_HOA_EPD3,LB_AL2395,C0,HOA,EDOF,3.0,-2.0,-1.75,0.040044376916906425,0.014782178128652138,0.014764683534424993,0.006429326333744732,0.004486322311475132,0.01222548225128378,0.00630081789758991
r8-742953bd22b341c38ebb67af89ccc76e,R8_R6_LB_AL2395_C0_HOA_EDOF_EPD3,R6_LB_AL2395_C0_HOA_EPD3,LB_AL2395,C0,HOA,EDOF,3.0,-2.25,-2.0,0.04249971040482704,0.0031475886718333513,0.008615217182967962,0.025534844931023003,0.004657203229580803,0.0007225219540705878,0.0015190466988772543
r8-742953bd22b341c38ebb67af89ccc76e,R8_R6_LB_AL2395_C0_HOA_EDOF_EPD3,R6_LB_AL2395_C0_HOA_EPD3,LB_AL2395,C0,HOA,EDOF,3.0,-2.5,-2.25,0.04755310379979037,0.02735629300324502,0.04080838672618043,0.022210287457372198,0.009719927133339513,0.03865834245116238,0.010033923505896698
r8-742953bd22b341c38ebb67af89ccc76e,R8_R6_LB_AL2395_C0_HOA_EDOF_EPD3,R6_LB_AL2395_C0_HOA_EPD3,LB_AL2395,C0,HOA,EDOF,3.0,-2.75,-2.5,0.03535516980429159,0.033795700225946156,0.0322525193211264,0.013581158644638984,0.01053008426372694,0.0006609390432542645,0.0014536484010856856
r8-742953bd22b341c38ebb67af89ccc76e,R8_R6_LB_AL2395_C0_HOA_EDOF_EPD3,R6_LB_AL2395_C0_HOA_EPD3,LB_AL2395,C0,HOA,EDOF,3.0,-3.0,-2.75,0.03170974551820334,0.012982483276517801,0.02671492739953041,0.004750861475314212,0.00035481969628151273,0.015864186590864728,0.005711390791340467
r8-742953bd22b341c38ebb67af89ccc76e,R8_R6_LB_AL2395_C0_HOA_MONO_EPD5,R6_LB_AL2395_C0_HOA_EPD5,LB_AL2395,C0,HOA,MONO,5.0,0.5,0.5,0.15125198009278945,0.2438899957474275,0.07103627866356854,0.02482437356020999,0.03453640297215392,0.03614548180492851,0.03207633573575534
r8-742953bd22b341c38ebb67af89ccc76e,R8_R6_LB_AL2395_C0_HOA_MONO_EPD5,R6_LB_AL2395_C0_HOA_EPD5,LB_AL2395,C0,HOA,MONO,5.0,0.25,0.25,0.15407358070828625,0.23899710284414027,0.15232423343650286,0.022660956490747196,0.023713289188565113,0.011032785063384194,0.018381689794623395
r8-742953bd22b341c38ebb67af89ccc76e,R8_R6_LB_AL2395_C0_HOA_MONO_EPD5,R6_LB_AL2395_C0_HOA_EPD5,LB_AL2395,C0,HOA,MONO,5.0,0.0,0.0,0.2918984324491209,0.40280898566919116,0.3036328207797771,0.23869626689588438,0.20463534180003232,0.18814285216557697,0.15883627266152486
r8-742953bd22b341c38ebb67af89ccc76e,R8_R6_LB_AL2395_C0_HOA_MONO_EPD5,R6_LB_AL2395_C0_HOA_EPD5,LB_AL2395,C0,HOA,MONO,5.0,-0.25,-0.25,0.139368485163807,0.3380820404989144,0.08654836016662658,0.011130041396358361,0.04566644865495935,0.03295028378972448,0.009982836386291936
r8-742953bd22b341c38ebb67af89ccc76e,R8_R6_LB_AL2395_C0_HOA_MONO_EPD5,R6_LB_AL2395_C0_HOA_EPD5,LB_AL2395,C0,HOA,MONO,5.0,-0.5,-0.5,0.0857183060896716,0.04628312665246879,0.05933598782806233,0.011628829600333318,0.020159047139170806,0.019331453795898415,0.007740664111745718
r8-742953bd22b341c38ebb67af89ccc76e,R8_R6_LB_AL2395_C0_HOA_MONO_EPD5,R6_LB_AL2395_C0_HOA_EPD5,LB_AL2395,C0,HOA,MONO,5.0,-0.75,-0.75,0.06143553793253974,0.030111651269307555,0.03263107775627283,0.0022155395220023015,0.0032241618636996584,0.003615895118692948,0.0024407393662363034
r8-742953bd22b341c38ebb67af89ccc76e,R8_R6_LB_AL2395_C0_HOA_MONO_EPD5,R6_LB_AL2395_C0_HOA_EPD5,LB_AL2395,C0,HOA,MONO,5.0,-1.0,-1.0,0.04767504041918705,0.05701296150978266,0.009937362865452586,0.0011577004755224675,0.006302957855442078,0.0016021078215815395,0.0024167182611406148
r8-742953bd22b341c38ebb67af89ccc76e,R8_R6_LB_AL2395_C0_HOA_MONO_EPD5,R6_LB_AL2395_C0_HOA_EPD5,LB_AL2395,C0,HOA,MONO,5.0,-1.25,-1.25,0.03887209321582533,0.06702672550177222,0.0038639514307397026,0.0008262148977640228,0.0032962078710028373,0.0007042244958113301,0.002356312115291708
r8-742953bd22b341c38ebb67af89ccc76e,R8_R6_LB_AL2395_C0_HOA_MONO_EPD5,R6_LB_AL2395_C0_HOA_EPD5,LB_AL2395,C0,HOA,MONO,5.0,-1.5,-1.5,0.03208306869617147,0.06363022329587814,0.015509821307958176,8.70128320766738e-05,0.002934985734778676,0.001501878730832294,0.00021218065578813605
r8-742953bd22b341c38ebb67af89ccc76e,R8_R6_LB_AL2395_C0_HOA_MONO_EPD5,R6_LB_AL2395_C0_HOA_EPD5,LB_AL2395,C0,HOA,MONO,5.0,-1.75,-1.75,0.026213283437579116,0.04582325941604396,0.012962048015229669,0.00022350239256786606,0.0019490944830866483,0.0009914686151482534,0.0007069557705407059
r8-742953bd22b341c38ebb67af89ccc76e,R8_R6_LB_AL2395_C0_HOA_MONO_EPD5,R6_LB_AL2395_C0_HOA_EPD5,LB_AL2395,C0,HOA,MONO,5.0,-2.0,-2.0,0.025957071147947774,0.0511408055630338,0.005135235322244637,0.0008163068106095522,0.001668971619350978,0.0016179292343906733,0.0013292313968248253
r8-742953bd22b341c38ebb67af89ccc76e,R8_R6_LB_AL2395_C0_HOA_MONO_EPD5,R6_LB_AL2395_C0_HOA_EPD5,LB_AL2395,C0,HOA,MONO,5.0,-2.25,-2.25,0.021514045751057153,0.009302569025908444,0.0017332476212322985,0.001589910528420947,0.001072936813683175,0.0012920811222624047,0.0014373574841906056
r8-742953bd22b341c38ebb67af89ccc76e,R8_R6_LB_AL2395_C0_HOA_MONO_EPD5,R6_LB_AL2395_C0_HOA_EPD5,LB_AL2395,C0,HOA,MONO,5.0,-2.5,-2.5,0.021120369331784142,0.03149003657671077,0.0002685732774464262,0.0015607054075640419,0.001297853121794027,0.0011797832558733327,0.0008661635056623804
r8-742953bd22b341c38ebb67af89ccc76e,R8_R6_LB_AL2395_C0_HOA_MONO_EPD5,R6_LB_AL2395_C0_HOA_EPD5,LB_AL2395,C0,HOA,MONO,5.0,-2.75,-2.75,0.019045376631296358,0.02377784276467739,0.0054980632045169685,0.00028304883495892014,0.001489543048998635,0.0017997251770873325,9.740470950078594e-05
r8-742953bd22b341c38ebb67af89ccc76e,R8_R6_LB_AL2395_C0_HOA_MONO_EPD5,R6_LB_AL2395_C0_HOA_EPD5,LB_AL2395,C0,HOA,MONO,5.0,-3.0,-3.0,0.02150901356756257,0.004353772727477761,0.0066281161193210945,0.00102671101813889,0.0006261730475240944,0.0011688450684123912,0.00020390048157326588
r8-742953bd22b341c38ebb67af89ccc76e,R8_R6_LB_AL2395_C0_HOA_EDOF_EPD5,R6_LB_AL2395_C0_HOA_EPD5,LB_AL2395,C0,HOA,EDOF,5.0,0.5,0.75,0.10716021687477881,0.12477519194689622,0.027872809052360684,0.030629892861987324,0.019319451505569157,0.0003405624987516048,0.01699514673512836
r8-742953bd22b341c38ebb67af89ccc76e,R8_R6_LB_AL2395_C0_HOA_EDOF_EPD5,R6_LB_AL2395_C0_HOA_EPD5,LB_AL2395,C0,HOA,EDOF,5.0,0.25,0.5,0.09853875277909414,0.05604785361206813,0.03627280875990934,0.01591934692804394,0.04432024625156119,0.033809845374213957,0.00036237483573463574
r8-742953bd22b341c38ebb67af89ccc76e,R8_R6_LB_AL2395_C0_HOA_EDOF_EPD5,R6_LB_AL2395_C0_HOA_EPD5,LB_AL2395,C0,HOA,EDOF,5.0,0.0,0.25,0.11600741974484231,0.21235906497907986,0.11220077124364985,0.04070515985937971,0.03635542742923802,0.034120211984824955,0.03601671309521908
r8-742953bd22b341c38ebb67af89ccc76e,R8_R6_LB_AL2395_C0_HOA_EDOF_EPD5,R6_LB_AL2395_C0_HOA_EPD5,LB_AL2395,C0,HOA,EDOF,5.0,-0.25,0.0,0.1161036633879673,0.20266548133029785,0.0734794354307415,0.07786935373770429,0.03405152209569939,0.041937299361887,0.04089370416601698
r8-742953bd22b341c38ebb67af89ccc76e,R8_R6_LB_AL2395_C0_HOA_EDOF_EPD5,R6_LB_AL2395_C0_HOA_EPD5,LB_AL2395,C0,HOA,EDOF,5.0,-0.5,-0.25,0.057172232877153235,0.010066945867971439,0.03474107138518808,0.005544853541135054,0.003861855664276986,0.0002447777279984218,0.006526870016850571
r8-742953bd22b341c38ebb67af89ccc76e,R8_R6_LB_AL2395_C0_HOA_EDOF_EPD5,R6_LB_AL2395_C0_HOA_EPD5,LB_AL2395,C0,HOA,EDOF,5.0,-0.75,-0.5,0.04573398256744368,0.013282810262227933,0.016103456248839496,0.0070462646731419545,0.006130163724843722,0.0149978101121583,0.006498627741077366
r8-742953bd22b341c38ebb67af89ccc76e,R8_R6_LB_AL2395_C0_HOA_EDOF_EPD5,R6_LB_AL2395_C0_HOA_EPD5,LB_AL2395,C0,HOA,EDOF,5.0,-1.0,-0.75,0.041222280590526746,0.0017422066938504758,0.0011220877361736922,0.004659229135927295,0.008272236863090756,0.011965429855206818,0.01403429059781067
r8-742953bd22b341c38ebb67af89ccc76e,R8_R6_LB_AL2395_C0_HOA_EDOF_EPD5,R6_LB_AL2395_C0_HOA_EPD5,LB_AL2395,C0,HOA,EDOF,5.0,-1.25,-1.0,0.03913578921846017,0.03401076517100042,0.03780708746277326,0.02274223535299517,0.005385462906111112,0.01564547262604997,0.0047983671517975186
r8-742953bd22b341c38ebb67af89ccc76e,R8_R6_LB_AL2395_C0_HOA_EDOF_EPD5,R6_LB_AL2395_C0_HOA_EPD5,LB_AL2395,C0,HOA,EDOF,5.0,-1.5,-1.25,0.030706482775019625,0.06401606201499924,0.008817551150133366,0.004630770778610337,0.0010641380037918864,0.0014902011779458339,0.005491360149428668
r8-742953bd22b341c38ebb67af89ccc76e,R8_R6_LB_AL2395_C0_HOA_EDOF_EPD5,R6_LB_AL2395_C0_HOA_EPD5,LB_AL2395,C0,HOA,EDOF,5.0,-1.75,-1.5,0.025151548995211815,0.03638999736046521,0.004657317336608239,0.0037531026964119727,0.0003967450994123561,0.002153141386170773,0.002014259503239157
r8-742953bd22b341c38ebb67af89ccc76e,R8_R6_LB_AL2395_C0_HOA_EDOF_EPD5,R6_LB_AL2395_C0_HOA_EPD5,LB_AL2395,C0,HOA,EDOF,5.0,-2.0,-1.75,0.02537344825644903,0.04191259586279138,0.006241439113788777,0.0072070376386079585,0.002429578367503975,0.00362212379556594,0.002348205825350502
r8-742953bd22b341c38ebb67af89ccc76e,R8_R6_LB_AL2395_C0_HOA_EDOF_EPD5,R6_LB_AL2395_C0_HOA_EPD5,LB_AL2395,C0,HOA,EDOF,5.0,-2.25,-2.0,0.023307771002487508,0.01499835616029094,0.004853295611469934,0.0007138295205514128,0.0014965025629317217,0.0005718432950833328,0.00010729583700368086
r8-742953bd22b341c38ebb67af89ccc76e,R8_R6_LB_AL2395_C0_HOA_EDOF_EPD5,R6_LB_AL2395_C0_HOA_EPD5,LB_AL2395,C0,HOA,EDOF,5.0,-2.5,-2.25,0.02338434279216469,0.045876018558586515,0.010996256650116932,0.011558304472156956,0.00043711554281167134,0.01139390584718888,0.0012729184386305308
r8-742953bd22b341c38ebb67af89ccc76e,R8_R6_LB_AL2395_C0_HOA_EDOF_EPD5,R6_LB_AL2395_C0_HOA_EPD5,LB_AL2395,C0,HOA,EDOF,5.0,-2.75,-2.5,0.022045555458763466,0.025144070868906694,0.01582819530031278,0.0027906116822597237,0.006329667228429312,0.0025995098798852925,0.0021818118941763836
r8-742953bd22b341c38ebb67af89ccc76e,R8_R6_LB_AL2395_C0_HOA_EDOF_EPD5,R6_LB_AL2395_C0_HOA_EPD5,LB_AL2395,C0,HOA,EDOF,5.0,-3.0,-2.75,0.023565448488549457,0.0012787957014415525,0.013185995818639135,0.00345679458706225,0.0014904689150739602,0.007566690354832171,0.0026068753006980795
r8-742953bd22b341c38ebb67af89ccc76e,R8_R6_ATC_M3_AL24477_N0_WFS_MONO_EPD3,R6_ATC_M3_AL24477_N0_WFS_EPD3,ATC_M3_AL24477,N0,WFS,MONO,3.0,0.5,0.5,0.1351503180847138,0.2527289172246825,0.027277759573728168,0.004830370446435608,0.02354893544063416,0.02318021209205689,0.01835929637818398
r8-742953bd22b341c38ebb67af89ccc76e,R8_R6_ATC_M3_AL24477_N0_WFS_MONO_EPD3,R6_ATC_M3_AL24477_N0_WFS_EPD3,ATC_M3_AL24477,N0,WFS,MONO,3.0,0.25,0.25,0.2705887159056684,0.6427337480896338,0.30621887267780123,0.1308558357172947,0.04655603559067232,0.008877745558473217,0.003730718669373731
r8-742953bd22b341c38ebb67af89ccc76e,R8_R6_ATC_M3_AL24477_N0_WFS_MONO_EPD3,R6_ATC_M3_AL24477_N0_WFS_EPD3,ATC_M3_AL24477,N0,WFS,MONO,3.0,0.0,0.0,0.636267672871201,0.8674953420557798,0.7409581011710351,0.6247709647112506,0.5155199106538615,0.41339648879649976,0.31528410607986185
r8-742953bd22b341c38ebb67af89ccc76e,R8_R6_ATC_M3_AL24477_N0_WFS_MONO_EPD3,R6_ATC_M3_AL24477_N0_WFS_EPD3,ATC_M3_AL24477,N0,WFS,MONO,3.0,-0.25,-0.25,0.2697471978858074,0.7169170339445143,0.3204831236237849,0.07548734673742594,0.0043889954759033225,0.00784812547392377,0.013088004052580562
r8-742953bd22b341c38ebb67af89ccc76e,R8_R6_ATC_M3_AL24477_N0_WFS_MONO_EPD3,R6_ATC_M3_AL24477_N0_WFS_EPD3,ATC_M3_AL24477,N0,WFS,MONO,3.0,-0.5,-0.5,0.16547238395872205,0.2959370339816322,0.13200569912198723,0.028079536147020284,0.03510189279766501,0.033816066708950904,0.02187999651940456
r8-742953bd22b341c38ebb67af89ccc76e,R8_R6_ATC_M3_AL24477_N0_WFS_MONO_EPD3,R6_ATC_M3_AL24477_N0_WFS_EPD3,ATC_M3_AL24477,N0,WFS,MONO,3.0,-0.75,-0.75,0.11520795322091769,0.06738200223767371,0.024480022957261795,0.024362951657737237,0.02140460218020872,0.01427680254336535,0.01104681645981638
r8-742953bd22b341c38ebb67af89ccc76e,R8_R6_ATC_M3_AL24477_N0_WFS_MONO_EPD3,R6_ATC_M3_AL24477_N0_WFS_EPD3,ATC_M3_AL24477,N0,WFS,MONO,3.0,-1.0,-1.0,0.0876227112653494,0.1502873523653321,0.031722208164767826,0.00901297412769327,0.01705758779123742,0.005775631953892111,0.006184232592163583
r8-742953bd22b341c38ebb67af89ccc76e,R8_R6_ATC_M3_AL24477_N0_WFS_MONO_EPD3,R6_ATC_M3_AL24477_N0_WFS_EPD3,ATC_M3_AL24477,N0,WFS,MONO,3.0,-1.25,-1.25,0.06949835254776555,0.027794874049709935,0.034545891445935714,0.006159692744855251,0.0070487927991070495,0.003971790842163604,0.001245738465235711
r8-742953bd22b341c38ebb67af89ccc76e,R8_R6_ATC_M3_AL24477_N0_WFS_MONO_EPD3,R6_ATC_M3_AL24477_N0_WFS_EPD3,ATC_M3_AL24477,N0,WFS,MONO,3.0,-1.5,-1.5,0.058767807934397794,0.07234526656398138,0.026085072180883996,0.0005459697647818916,0.0009397385828469315,0.006286869787725678,0.002427621637180798
r8-742953bd22b341c38ebb67af89ccc76e,R8_R6_ATC_M3_AL24477_N0_WFS_MONO_EPD3,R6_ATC_M3_AL24477_N0_WFS_EPD3,ATC_M3_AL24477,N0,WFS,MONO,3.0,-1.75,-1.75,0.050440535690858664,0.04361623572854638,0.010813983545204381,0.00027109644770322976,0.00529674594462668,0.004765289876956713,0.003517885122499274
r8-742953bd22b341c38ebb67af89ccc76e,R8_R6_ATC_M3_AL24477_N0_WFS_MONO_EPD3,R6_ATC_M3_AL24477_N0_WFS_EPD3,ATC_M3_AL24477,N0,WFS,MONO,3.0,-2.0,-2.0,0.04323472575343386,0.02870358239665592,0.0006257434615189937,0.002019468066547731,0.005785150755036194,0.0004567500242523173,0.0025261845384630726
r8-742953bd22b341c38ebb67af89ccc76e,R8_R6_ATC_M3_AL24477_N0_WFS_MONO_EPD3,R6_ATC_M3_AL24477_N0_WFS_EPD3,ATC_M3_AL24477,N0,WFS,MONO,3.0,-2.25,-2.25,0.03845608797916431,0.03558854911949552,0.008416517123492721,0.003579050906050092,0.004956588133900794,0.00246852724632895,0.0002835744486923783
r8-742953bd22b341c38ebb67af89ccc76e,R8_R6_ATC_M3_AL24477_N0_WFS_MONO_EPD3,R6_ATC_M3_AL24477_N0_WFS_EPD3,ATC_M3_AL24477,N0,WFS,MONO,3.0,-2.5,-2.5,0.03529521251257951,0.01037340815825111,0.011327067958566724,0.0046153156805283264,0.001619029711822147,0.0019315297789971309,0.0014549134186412156
r8-742953bd22b341c38ebb67af89ccc76e,R8_R6_ATC_M3_AL24477_N0_WFS_MONO_EPD3,R6_ATC_M3_AL24477_N0_WFS_EPD3,ATC_M3_AL24477,N0,WFS,MONO,3.0,-2.75,-2.75,0.03173917133035613,0.028361115433940657,0.00954750038508995,0.004320843871842775,0.0009902024960911624,0.0007506884378124085,0.0019525269801677543
r8-742953bd22b341c38ebb67af89ccc76e,R8_R6_ATC_M3_AL24477_N0_WFS_MONO_EPD3,R6_ATC_M3_AL24477_N0_WFS_EPD3,ATC_M3_AL24477,N0,WFS,MONO,3.0,-3.0,-3.0,0.027125348214172836,4.592597940490087e-05,0.004446362475217212,0.004188659362713135,0.0017494807840194018,0.00047475671066005425,0.0010802197590113064
r8-742953bd22b341c38ebb67af89ccc76e,R8_R6_ATC_M3_AL24477_N0_WFS_EDOF_EPD3,R6_ATC_M3_AL24477_N0_WFS_EPD3,ATC_M3_AL24477,N0,WFS,EDOF,3.0,0.5,0.5,0.18096277331031838,0.18785170853276506,0.16541837600679504,0.10916763967141882,0.0847062024616211,0.05287313598868866,0.008530799694058112
r8-742953bd22b341c38ebb67af89ccc76e,R8_R6_ATC_M3_AL24477_N0_WFS_EDOF_EPD3,R6_ATC_M3_AL24477_N0_WFS_EPD3,ATC_M3_AL24477,N0,WFS,EDOF,3.0,0.25,0.25,0.23872027514118177,0.5066301732364861,0.20024724605062896,0.14838382760292954,0.0664388945393388,0.02028952539816286,0.03484866247503615
r8-742953bd22b341c38ebb67af89ccc76e,R8_R6_ATC_M3_AL24477_N0_WFS_EDOF_EPD3,R6_ATC_M3_AL24477_N0_WFS_EPD3,ATC_M3_AL24477,N0,WFS,EDOF,3.0,0.0,0.0,0.48289924734075534,0.7455907386316962,0.4968049869797122,0.3918768810444452,0.33116661708086925,0.3072353920682095,0.26421077662954334
r8-742953bd22b341c38ebb67af89ccc76e,R8_R6_ATC_M3_AL24477_N0_WFS_EDOF_EPD3,R6_ATC_M3_AL24477_N0_WFS_EPD3,ATC_M3_AL24477,N0,WFS,EDOF,3.0,-0.25,-0.25,0.25976473140853323,0.6621211890676079,0.29049367423918865,0.009205699169894107,0.04025931016848917,0.014792273517387548,0.08357067501787946
r8-742953bd22b341c38ebb67af89ccc76e,R8_R6_ATC_M3_AL24477_N0_WFS_EDOF_EPD3,R6_ATC_M3_AL24477_N0_WFS_EPD3,ATC_M3_AL24477,N0,WFS,EDOF,3.0,-0.5,-0.5,0.17238745258296853,0.29421202596975415,0.1466663922964278,0.015362517146379871,0.05055251384887909,0.0469761099199965,0.044938863926487424
r8-742953bd22b341c38ebb67af89ccc76e,R8_R6_ATC_M3_AL24477_N0_WFS_EDOF_EPD3,R6_ATC_M3_AL24477_N0_WFS_EPD3,ATC_M3_AL24477,N0,WFS,EDOF,3.0,-0.75,-0.75,0.12266813709160243,0.0676664668361061,0.03745046051364893,0.04808730744264349,0.007800854755674193,0.006542409545705358,0.010037543376793488
r8-742953bd22b341c38ebb67af89ccc76e,R8_R6_ATC_M3_AL24477_N0_WFS_EDOF_EPD3,R6_ATC_M3_AL24477_N0_WFS_EPD3,ATC_M3_AL24477,N0,WFS,EDOF,3.0,-1.0,-1.0,0.09872257073305919,0.17817758645993118,0.13892179423169915,0.012233228911469024,0.011782863369078357,0.006072612475140559,0.0015653247612153719
r8-742953bd22b341c38ebb67af89ccc76e,R8_R6_ATC_M3_AL24477_N0_WFS_EDOF_EPD3,R6_ATC_M3_AL24477_N0_WFS_EPD3,ATC_M3_AL24477,N0,WFS,EDOF,3.0,-1.25,-1.25,0.07931324209542914,0.06050074127932933,0.048394542948880286,0.0013119482764309927,0.0030540630974412166,0.007776212372623877,0.004267049657885217
r8-742953bd22b341c38ebb67af89ccc76e,R8_R6_ATC_M3_AL24477_N0_WFS_EDOF_EPD3,R6_ATC_M3_AL24477_N0_WFS_EPD3,ATC_M3_AL24477,N0,WFS,EDOF,3.0,-1.5,-1.5,0.06702047927505143,0.08027376826119628,0.004350415280202953,0.009016341061689418,0.0029544209309668884,0.007480432713043679,0.003636792647414377
r8-742953bd22b341c38ebb67af89ccc76e,R8_R6_ATC_M3_AL24477_N0_WFS_EDOF_EPD3,R6_ATC_M3_AL24477_N0_WFS_EPD3,ATC_M3_AL24477,N0,WFS,EDOF,3.0,-1.75,-1.75,0.05597859410730886,0.10659468673714986,0.019619845975650203,0.0018031343331571194,0.010996189598436611,0.00388290695737135,0.0036527719406661352
r8-742953bd22b341c38ebb67af89ccc76e,R8_R6_ATC_M3_AL24477_N0_WFS_EDOF_EPD3,R6_ATC_M3_AL24477_N0_WFS_EPD3,ATC_M3_AL24477,N0,WFS,EDOF,3.0,-2.0,-2.0,0.04595331094893648,0.05219162668424682,0.016850974580832116,0.0012006313486386817,0.0055696382837953345,0.0011945698654783519,0.0016108933118329965
r8-742953bd22b341c38ebb67af89ccc76e,R8_R6_ATC_M3_AL24477_N0_WFS_EDOF_EPD3,R6_ATC_M3_AL24477_N0_WFS_EPD3,ATC_M3_AL24477,N0,WFS,EDOF,3.0,-2.25,-2.25,0.04047192585820018,0.0073596117133158225,0.0019173345028693104,0.006431626449722415,0.004340862421024118,0.003162005682321652,0.0015024808795579625
r8-742953bd22b341c38ebb67af89ccc76e,R8_R6_ATC_M3_AL24477_N0_WFS_EDOF_EPD3,R6_ATC_M3_AL24477_N0_WFS_EPD3,ATC_M3_AL24477,N0,WFS,EDOF,3.0,-2.5,-2.5,0.03652645376108727,0.008774856708313274,0.007293087588702351,0.005406690726679315,0.0004908873444779468,0.0016690690522367796,0.0015576828895061323
r8-742953bd22b341c38ebb67af89ccc76e,R8_R6_ATC_M3_AL24477_N0_WFS_EDOF_EPD3,R6_ATC_M3_AL24477_N0_WFS_EPD3,ATC_M3_AL24477,N0,WFS,EDOF,3.0,-2.75,-2.75,0.03317381521940403,0.02796356214280607,0.005076900803741001,0.005411648431384869,0.002422913446286885,0.0007895108940990218,0.0015628069994399522
r8-742953bd22b341c38ebb67af89ccc76e,R8_R6_ATC_M3_AL24477_N0_WFS_EDOF_EPD3,R6_ATC_M3_AL24477_N0_WFS_EPD3,ATC_M3_AL24477,N0,WFS,EDOF,3.0,-3.0,-3.0,0.029586653104018982,0.04756940852967513,0.0006496045533822255,0.004361128351407115,0.00241417287960863,0.001422447028138436,0.000415830485944045
r8-742953bd22b341c38ebb67af89ccc76e,R8_R6_ATC_M3_AL24477_N0_WFS_MONO_EPD5,R6_ATC_M3_AL24477_N0_WFS_EPD5,ATC_M3_AL24477,N0,WFS,MONO,5.0,0.5,0.5,0.05881029494623481,0.04497698330718905,0.01346628881417004,0.004223821869746038,0.003744749456326019,0.0029985755681373885,0.0008225951279270857
r8-742953bd22b341c38ebb67af89ccc76e,R8_R6_ATC_M3_AL24477_N0_WFS_MONO_EPD5,R6_ATC_M3_AL24477_N0_WFS_EPD5,ATC_M3_AL24477,N0,WFS,MONO,5.0,0.25,0.25,0.11000439715828016,0.18900973419808065,0.08343281138917112,0.041689463269835386,0.02039893648683061,0.00453822954556979,0.0010071122160422497
r8-742953bd22b341c38ebb67af89ccc76e,R8_R6_ATC_M3_AL24477_N0_WFS_MONO_EPD5,R6_ATC_M3_AL24477_N0_WFS_EPD5,ATC_M3_AL24477,N0,WFS,MONO,5.0,0.0,0.0,0.28516399023562033,0.3742042485340209,0.26844485936858986,0.2321270690277551,0.19897633223404482,0.1631627980495428,0.12732023254146768
r8-742953bd22b341c38ebb67af89ccc76e,R8_R6_ATC_M3_AL24477_N0_WFS_MONO_EPD5,R6_ATC_M3_AL24477_N0_WFS_EPD5,ATC_M3_AL24477,N0,WFS,MONO,5.0,-0.25,-0.25,0.2532760580163963,0.5031242633511732,0.30334046422443733,0.1523204774122548,0.06212630108177429,0.02128212842737178,0.006900436435018758
r8-742953bd22b341c38ebb67af89ccc76e,R8_R6_ATC_M3_AL24477_N0_WFS_MONO_EPD5,R6_ATC_M3_AL24477_N0_WFS_EPD5,ATC_M3_AL24477,N0,WFS,MONO,5.0,-0.5,-0.5,0.21282015801057494,0.45441459669031536,0.023312800868554195,0.09534303129980297,0.13319296641141803,0.06571105875351999,0.025712161381827636
r8-742953bd22b341c38ebb67af89ccc76e,R8_R6_ATC_M3_AL24477_N0_WFS_MONO_EPD5,R6_ATC_M3_AL24477_N0_WFS_EPD5,ATC_M3_AL24477,N0,WFS,MONO,5.0,-0.75,-0.75,0.13235569402693914,0.041941177060044785,0.10189377322143972,0.009275008726964115,0.04839283700800301,0.028287346937586107,0.02107472423539336
r8-742953bd22b341c38ebb67af89ccc76e,R8_R6_ATC_M3_AL24477_N0_WFS_MONO_EPD5,R6_ATC_M3_AL24477_N0_WFS_EPD5,ATC_M3_AL24477,N0,WFS,MONO,5.0,-1.0,-1.0,0.10463087585393956,0.17162018336895862,0.041371632491623914,0.055905883728854563,0.022626907200174545,0.030863418195292126,0.027517634253239484
r8-742953bd22b341c38ebb67af89ccc76e,R8_R6_ATC_M3_AL24477_N0_WFS_MONO_EPD5,R6_ATC_M3_AL24477_N0_WFS_EPD5,ATC_M3_AL24477,N0,WFS,MONO,5.0,-1.25,-1.25,0.08742182932819165,0.10615426895069208,0.07525434053313156,0.05370706782244724,0.03226194683838052,0.0008968039708492515,0.01244770681945296
r8-742953bd22b341c38ebb67af89ccc76e,R8_R6_ATC_M3_AL24477_N0_WFS_MONO_EPD5,R6_ATC_M3_AL24477_N0_WFS_EPD5,ATC_M3_AL24477,N0,WFS,MONO,5.0,-1.5,-1.5,0.07220463240219946,0.07906005124865242,0.07178262932236845,0.020796417285092423,0.025368898169249445,0.012070041358335048,0.008587090942819644
r8-742953bd22b341c38ebb67af89ccc76e,R8_R6_ATC_M3_AL24477_N0_WFS_MONO_EPD5,R6_ATC_M3_AL24477_N0_WFS_EPD5,ATC_M3_AL24477,N0,WFS,MONO,5.0,-1.75,-1.75,0.06053415501677583,0.11857499409575806,0.03369845156168699,0.0012412813773877555,0.0027695140517954705,0.0079278918372977,0.004417101134354982
r8-742953bd22b341c38ebb67af89ccc76e,R8_R6_ATC_M3_AL24477_N0_WFS_MONO_EPD5,R6_ATC_M3_AL24477_N0_WFS_EPD5,ATC_M3_AL24477,N0,WFS,MONO,5.0,-2.0,-2.0,0.04954339262528883,0.04002820863122668,0.015296373866340954,0.006190549785116346,0.010049434340261705,0.005950817031608901,0.0016746313052293967
r8-742953bd22b341c38ebb67af89ccc76e,R8_R6_ATC_M3_AL24477_N0_WFS_MONO_EPD5,R6_ATC_M3_AL24477_N0_WFS_EPD5,ATC_M3_AL24477,N0,WFS,MONO,5.0,-2.25,-2.25,0.038874502144417636,0.04291760956269659,0.02926850490729177,0.005970307006962275,0.001903321219858798,0.002915693615038655,0.00013613465256970942
r8-742953bd22b341c38ebb67af89ccc76e,R8_R6_ATC_M3_AL24477_N0_WFS_MONO_EPD5,R6_ATC_M3_AL24477_N0_WFS_EPD5,ATC_M3_AL24477,N0,WFS,MONO,5.0,-2.5,-2.5,0.033465688763341196,0.06099301690804537,0.010836272402265408,0.003769045203995693,0.005274235586638188,0.0029681865321183097,0.0015207647619722051
r8-742953bd22b341c38ebb67af89ccc76e,R8_R6_ATC_M3_AL24477_N0_WFS_MONO_EPD5,R6_ATC_M3_AL24477_N0_WFS_EPD5,ATC_M3_AL24477,N0,WFS,MONO,5.0,-2.75,-2.75,0.026878504780105915,0.022535294553680064,0.007823854042456443,0.0029155595757378028,0.0015417262793312337,0.0006864443488056375,0.002150797484773189
r8-742953bd22b341c38ebb67af89ccc76e,R8_R6_ATC_M3_AL24477_N0_WFS_MONO_EPD5,R6_ATC_M3_AL24477_N0_WFS_EPD5,ATC_M3_AL24477,N0,WFS,MONO,5.0,-3.0,-3.0,0.01921870427522634,0.02134076642868763,0.006512326324650472,0.0002338008121335602,0.002505186209969882,0.0009302343618274458,0.0010433569887010952
r8-742953bd22b341c38ebb67af89ccc76e,R8_R6_ATC_M3_AL24477_N0_WFS_EDOF_EPD5,R6_ATC_M3_AL24477_N0_WFS_EPD5,ATC_M3_AL24477,N0,WFS,EDOF,5.0,0.5,0.75,0.07509753245757275,0.021921327152947385,0.08376113882223288,0.0312795357518289,0.019669929958707345,0.012209992181375858,0.006783184493628589
r8-742953bd22b341c38ebb67af89ccc76e,R8_R6_ATC_M3_AL24477_N0_WFS_EDOF_EPD5,R6_ATC_M3_AL24477_N0_WFS_EPD5,ATC_M3_AL24477,N0,WFS,EDOF,5.0,0.25,0.5,0.10185329542672114,0.14138341112616182,0.04702757130743054,0.0714597535007353,0.024334219693278404,0.008689818169124138,0.006786682808389187
r8-742953bd22b341c38ebb67af89ccc76e,R8_R6_ATC_M3_AL24477_N0_WFS_EDOF_EPD5,R6_ATC_M3_AL24477_N0_WFS_EPD5,ATC_M3_AL24477,N0,WFS,EDOF,5.0,0.0,0.25,0.22242217027605946,0.33164192695399575,0.17651526625917718,0.11218946935365212,0.12375742007488952,0.12972618829263405,0.10979938771095471
r8-742953bd22b341c38ebb67af89ccc76e,R8_R6_ATC_M3_AL24477_N0_WFS_EDOF_EPD5,R6_ATC_M3_AL24477_N0_WFS_EPD5,ATC_M3_AL24477,N0,WFS,EDOF,5.0,-0.25,0.0,0.27462267374610877,0.48383499666096885,0.2990271255842383,0.16944051456765968,0.10728928204303076,0.07902517546175021,0.07339126316099154
r8-742953bd22b341c38ebb67af89ccc76e,R8_R6_ATC_M3_AL24477_N0_WFS_EDOF_EPD5,R6_ATC_M3_AL24477_N0_WFS_EPD5,ATC_M3_AL24477,N0,WFS,EDOF,5.0,-0.5,-0.25,0.20979351033330007,0.45351312332202764,0.01337044671543925,0.07903087789488829,0.13291450400900637,0.06920527678525158,0.03795289255753103
r8-742953bd22b341c38ebb67af89ccc76e,R8_R6_ATC_M3_AL24477_N0_WFS_EDOF_EPD5,R6_ATC_M3_AL24477_N0_WFS_EPD5,ATC_M3_AL24477,N0,WFS,EDOF,5.0,-0.75,-0.5,0.14154453023867175,0.041522118482664946,0.10582860723408755,0.012374991543854259,0.04364211700486163,0.05566689275276053,0.01036685283609777
r8-742953bd22b341c38ebb67af89ccc76e,R8_R6_ATC_M3_AL24477_N0_WFS_EDOF_EPD5,R6_ATC_M3_AL24477_N0_WFS_EPD5,ATC_M3_AL24477,N0,WFS,EDOF,5.0,-1.0,-0.75,0.10661117928371877,0.18184255243398129,0.00027546416613700607,0.06713275302609034,0.003978681881872606,0.024115640219736858,0.01872928951424644
r8-742953bd22b341c38ebb67af89ccc76e,R8_R6_ATC_M3_AL24477_N0_WFS_EDOF_EPD5,R6_ATC_M3_AL24477_N0_WFS_EPD5,ATC_M3_AL24477,N0,WFS,EDOF,5.0,-1.25,-1.0,0.08308525924211982,0.09371404466475233,0.06717320498014168,0.04233487379904374,0.01716190353237948,0.019979419716646647,0.01155498194784865
r8-742953bd22b341c38ebb67af89ccc76e,R8_R6_ATC_M3_AL24477_N0_WFS_EDOF_EPD5,R6_ATC_M3_AL24477_N0_WFS_EPD5,ATC_M3_AL24477,N0,WFS,EDOF,5.0,-1.5,-1.25,0.07136502223650847,0.08042464589930337,0.07949564424446665,0.030047394564247334,0.021626918966724397,0.01084160439458284,0.009334708222548244
r8-742953bd22b341c38ebb67af89ccc76e,R8_R6_ATC_M3_AL24477_N0_WFS_EDOF_EPD5,R6_ATC_M3_AL24477_N0_WFS_EPD5,ATC_M3_AL24477,N0,WFS,EDOF,5.0,-1.75,-1.5,0.06097468168348255,0.09734252389052951,0.04077064758870294,0.00026766141572285754,0.003697044033796233,0.005144972978443469,0.006386176671463654
r8-742953bd22b341c38ebb67af89ccc76e,R8_R6_ATC_M3_AL24477_N0_WFS_EDOF_EPD5,R6_ATC_M3_AL24477_N0_WFS_EPD5,ATC_M3_AL24477,N0,WFS,EDOF,5.0,-2.0,-1.75,0.04951679312107475,0.06913185018251208,0.012342846238287911,0.005997386930148011,0.009654057641352973,0.005166869207750298,0.004571076316104978
r8-742953bd22b341c38ebb67af89ccc76e,R8_R6_ATC_M3_AL24477_N0_WFS_EDOF_EPD5,R6_ATC_M3_AL24477_N0_WFS_EPD5,ATC_M3_AL24477,N0,WFS,EDOF,5.0,-2.25,-2.0,0.039039634854362695,0.06020551762287985,0.03204224023863282,0.008567246770308193,0.0028107961026567953,0.0004475826095989528,0.003014354822189492
r8-742953bd22b341c38ebb67af89ccc76e,R8_R6_ATC_M3_AL24477_N0_WFS_EDOF_EPD5,R6_ATC_M3_AL24477_N0_WFS_EPD5,ATC_M3_AL24477,N0,WFS,EDOF,5.0,-2.5,-2.25,0.033058949357843335,0.06538421621592397,0.010260763614119064,0.0019504956001711862,0.00415059821536295,0.003233891367767144,0.0005552429249733512
r8-742953bd22b341c38ebb67af89ccc76e,R8_R6_ATC_M3_AL24477_N0_WFS_EDOF_EPD5,R6_ATC_M3_AL24477_N0_WFS_EPD5,ATC_M3_AL24477,N0,WFS,EDOF,5.0,-2.75,-2.5,0.026926828717160768,0.0034725587744414564,0.00914627539518153,0.0041045068046111485,0.0014651175678107617,0.00023718592984623446,0.001076313715304349
r8-742953bd22b341c38ebb67af89ccc76e,R8_R6_ATC_M3_AL24477_N0_WFS_EDOF_EPD5,R6_ATC_M3_AL24477_N0_WFS_EPD5,ATC_M3_AL24477,N0,WFS,EDOF,5.0,-3.0,-2.75,0.01946677708301041,0.0031240724461561054,0.007211454053810835,0.0008203443295106971,0.0018307994649060136,0.0005077091869440674,0.001026008480996603
r8-742953bd22b341c38ebb67af89ccc76e,R8_R6_ATC_M3_AL24477_N0_RAD_MONO_EPD3,R6_ATC_M3_AL24477_N0_RAD_EPD3,ATC_M3_AL24477,N0,RAD,MONO,3.0,0.5,0.5,0.13970527972009755,0.22538688145226649,0.07292638481559431,0.0009170931615618637,0.028541835876906223,0.024621364251873668,0.019063742384582485
r8-742953bd22b341c38ebb67af89ccc76e,R8_R6_ATC_M3_AL24477_N0_RAD_MONO_EPD3,R6_ATC_M3_AL24477_N0_RAD_EPD3,ATC_M3_AL24477,N0,RAD,MONO,3.0,0.25,0.25,0.2452366128592696,0.636468397633414,0.2505475554341417,0.057206140306728,0.009225881886642182,0.022021353599348172,0.01675142661858184
r8-742953bd22b341c38ebb67af89ccc76e,R8_R6_ATC_M3_AL24477_N0_RAD_MONO_EPD3,R6_ATC_M3_AL24477_N0_RAD_EPD3,ATC_M3_AL24477,N0,RAD,MONO,3.0,0.0,0.0,0.642252517088337,0.8752322053740191,0.752277326360653,0.6350446837781614,0.5219848243369241,0.4144536096420779,0.31285305711359973
r8-742953bd22b341c38ebb67af89ccc76e,R8_R6_ATC_M3_AL24477_N0_RAD_MONO_EPD3,R6_ATC_M3_AL24477_N0_RAD_EPD3,ATC_M3_AL24477,N0,RAD,MONO,3.0,-0.25,-0.25,0.30845673199695905,0.7307243128167161,0.3804680605691958,0.15327805490622182,0.05426126424390648,0.027370775079572356,0.03195837047983599
r8-742953bd22b341c38ebb67af89ccc76e,R8_R6_ATC_M3_AL24477_N0_RAD_MONO_EPD3,R6_ATC_M3_AL24477_N0_RAD_EPD3,ATC_M3_AL24477,N0,RAD,MONO,3.0,-0.5,-0.5,0.15896231113451303,0.3170315166374411,0.09644710055788178,0.041079661458847776,0.015843344408315044,0.02351892895194571,0.01484314057901011
r8-742953bd22b341c38ebb67af89ccc76e,R8_R6_ATC_M3_AL24477_N0_RAD_MONO_EPD3,R6_ATC_M3_AL24477_N0_RAD_EPD3,ATC_M3_AL24477,N0,RAD,MONO,3.0,-0.75,-0.75,0.1104437707250026,0.03747323206752548,0.015974294728124602,0.025389210515460156,0.016083602960982345,0.014708468975978443,0.01094893726834589
r8-742953bd22b341c38ebb67af89ccc76e,R8_R6_ATC_M3_AL24477_N0_RAD_MONO_EPD3,R6_ATC_M3_AL24477_N0_RAD_EPD3,ATC_M3_AL24477,N0,RAD,MONO,3.0,-1.0,-1.0,0.08388182408638387,0.12191907292592893,0.024691541893573504,0.009547947867897661,0.015873312043565867,0.008314820912797838,0.007619762479925435
r8-742953bd22b341c38ebb67af89ccc76e,R8_R6_ATC_M3_AL24477_N0_RAD_MONO_EPD3,R6_ATC_M3_AL24477_N0_RAD_EPD3,ATC_M3_AL24477,N0,RAD,MONO,3.0,-1.25,-1.25,0.065984207491643,0.01685155370858347,0.02776521189121413,0.0062297326013329175,0.0081876629759986,0.0014574721258838437,0.0004127811429132466
r8-742953bd22b341c38ebb67af89ccc76e,R8_R6_ATC_M3_AL24477_N0_RAD_MONO_EPD3,R6_ATC_M3_AL24477_N0_RAD_EPD3,ATC_M3_AL24477,N0,RAD,MONO,3.0,-1.5,-1.5,0.05606876256061972,0.0635381394664307,0.023027479582206994,0.0007421164699856331,0.002638845745058709,0.005467445428427977,0.0015311594766849344
r8-742953bd22b341c38ebb67af89ccc76e,R8_R6_ATC_M3_AL24477_N0_RAD_MONO_EPD3,R6_ATC_M3_AL24477_N0_RAD_EPD3,ATC_M3_AL24477,N0,RAD,MONO,3.0,-1.75,-1.75,0.04837070432954165,0.030935547332981598,0.011498086080608871,0.00032926339764362495,0.0038969982886054503,0.00537342852919394,0.0032632793592385235
r8-742953bd22b341c38ebb67af89ccc76e,R8_R6_ATC_M3_AL24477_N0_RAD_MONO_EPD3,R6_ATC_M3_AL24477_N0_RAD_EPD3,ATC_M3_AL24477,N0,RAD,MONO,3.0,-2.0,-2.0,0.041689293748468116,0.029745830853460806,0.0018125805520523516,0.0016608045175224274,0.005304479577972809,0.0016937298974646618,0.0030297948574787474
r8-742953bd22b341c38ebb67af89ccc76e,R8_R6_ATC_M3_AL24477_N0_RAD_MONO_EPD3,R6_ATC_M3_AL24477_N0_RAD_EPD3,ATC_M3_AL24477,N0,RAD,MONO,3.0,-2.25,-2.25,0.036886578035303715,0.027341265106475242,0.00569760550130804,0.0032493717258528336,0.0051713017991921375,0.0017315429080403783,0.00045634334977932096
r8-742953bd22b341c38ebb67af89ccc76e,R8_R6_ATC_M3_AL24477_N0_RAD_MONO_EPD3,R6_ATC_M3_AL24477_N0_RAD_EPD3,ATC_M3_AL24477,N0,RAD,MONO,3.0,-2.5,-2.5,0.03403340039477153,0.014496743954945584,0.009569059088389368,0.004441390283527917,0.0023104866103099697,0.001917933956698833,0.0009126473289593384
r8-742953bd22b341c38ebb67af89ccc76e,R8_R6_ATC_M3_AL24477_N0_RAD_MONO_EPD3,R6_ATC_M3_AL24477_N0_RAD_EPD3,ATC_M3_AL24477,N0,RAD,MONO,3.0,-2.75,-2.75,0.030851368471467047,0.023738071101298185,0.009280416709661093,0.004273992630767637,0.0004249243007192606,0.0011983235758095952,0.001765021240002749
r8-742953bd22b341c38ebb67af89ccc76e,R8_R6_ATC_M3_AL24477_N0_RAD_MONO_EPD3,R6_ATC_M3_AL24477_N0_RAD_EPD3,ATC_M3_AL24477,N0,RAD,MONO,3.0,-3.0,-3.0,0.02679908626871351,0.004808997468697762,0.005058607118103556,0.004182813722518684,0.0014736367941183515,0.00014235886902445166,0.0012604612161933315
r8-742953bd22b341c38ebb67af89ccc76e,R8_R6_ATC_M3_AL24477_N0_RAD_EDOF_EPD3,R6_ATC_M3_AL24477_N0_RAD_EPD3,ATC_M3_AL24477,N0,RAD,EDOF,3.0,0.5,0.25,0.1929791534133222,0.4263941280804704,0.1911698769567484,0.06150141387728185,0.008254486903741903,0.053709340047587095,0.07635926449740832
r8-742953bd22b341c38ebb67af89ccc76e,R8_R6_ATC_M3_AL24477_N0_RAD_EDOF_EPD3,R6_ATC_M3_AL24477_N0_RAD_EPD3,ATC_M3_AL24477,N0,RAD,EDOF,3.0,0.25,0.0,0.3094989749415832,0.3698280051818731,0.3301359336068826,0.3089375964834197,0.23439317734102652,0.1811222116137909,0.11797966051953915
r8-742953bd22b341c38ebb67af89ccc76e,R8_R6_ATC_M3_AL24477_N0_RAD_EDOF_EPD3,R6_ATC_M3_AL24477_N0_RAD_EPD3,ATC_M3_AL24477,N0,RAD,EDOF,3.0,0.0,-0.25,0.13767678893460633,0.2749800741426489,0.16518752818700508,0.01975479012843912,0.003565859986675326,0.01021186487890342,0.005248244183381705
r8-742953bd22b341c38ebb67af89ccc76e,R8_R6_ATC_M3_AL24477_N0_RAD_EDOF_EPD3,R6_ATC_M3_AL24477_N0_RAD_EPD3,ATC_M3_AL24477,N0,RAD,EDOF,3.0,-0.25,-0.5,0.09286615022448666,0.17448326552706958,0.037274303707557396,0.01287184494925529,0.015373191623402033,0.01030620247521079,0.01546866562326767
r8-742953bd22b341c38ebb67af89ccc76e,R8_R6_ATC_M3_AL24477_N0_RAD_EDOF_EPD3,R6_ATC_M3_AL24477_N0_RAD_EPD3,ATC_M3_AL24477,N0,RAD,EDOF,3.0,-0.5,-0.75,0.07267563522258641,0.07833340571809153,0.01680754500527247,0.02105274229294899,0.011485567161536328,0.008472658293074139,0.02549251622460763
r8-742953bd22b341c38ebb67af89ccc76e,R8_R6_ATC_M3_AL24477_N0_RAD_EDOF_EPD3,R6_ATC_M3_AL24477_N0_RAD_EPD3,ATC_M3_AL24477,N0,RAD,EDOF,3.0,-0.75,-1.0,0.06157030976337601,0.0014084255715637911,0.023436114198076244,0.025055870875481927,0.00724337501222631,0.02182845046420645,0.00834586718833948
r8-742953bd22b341c38ebb67af89ccc76e,R8_R6_ATC_M3_AL24477_N0_RAD_EDOF_EPD3,R6_ATC_M3_AL24477_N0_RAD_EPD3,ATC_M3_AL24477,N0,RAD,EDOF,3.0,-1.0,-1.25,0.07108546064594214,0.02831115373819163,0.04949572697971283,0.028468807893429815,0.042537544577187524,0.024727330315374142,0.014146521101647203
r8-742953bd22b341c38ebb67af89ccc76e,R8_R6_ATC_M3_AL24477_N0_RAD_EDOF_EPD3,R6_ATC_M3_AL24477_N0_RAD_EPD3,ATC_M3_AL24477,N0,RAD,EDOF,3.0,-1.25,-1.5,0.04999921447948827,0.0005340144065494538,0.021847134668120223,0.011903104547711032,0.009246919513960828,0.012425113054351063,0.009288121945696866
r8-742953bd22b341c38ebb67af89ccc76e,R8_R6_ATC_M3_AL24477_N0_RAD_EDOF_EPD3,R6_ATC_M3_AL24477_N0_RAD_EPD3,ATC_M3_AL24477,N0,RAD,EDOF,3.0,-1.5,-1.75,0.04248326424181352,0.04848876523587847,0.0009988616432081905,0.021608570637908248,0.005443754699794771,0.0036272935685462133,0.006584098049357681
r8-742953bd22b341c38ebb67af89ccc76e,R8_R6_ATC_M3_AL24477_N0_RAD_EDOF_EPD3,R6_ATC_M3_AL24477_N0_RAD_EPD3,ATC_M3_AL24477,N0,RAD,EDOF,3.0,-1.75,-2.0,0.042578284627816786,0.06522803802876165,0.0014952979033997732,0.02764386090082678,0.011909573908561686,0.009739761225790178,0.011804857742887023
r8-742953bd22b341c38ebb67af89ccc76e,R8_R6_ATC_M3_AL24477_N0_RAD_EDOF_EPD3,R6_ATC_M3_AL24477_N0_RAD_EPD3,ATC_M3_AL24477,N0,RAD,EDOF,3.0,-2.0,-2.25,0.03863327114858825,0.0353177083689899,0.011723061915809744,0.002160783295333054,0.0018667604372969472,0.013998119094092744,0.0170237296024779
r8-742953bd22b341c38ebb67af89ccc76e,R8_R6_ATC_M3_AL24477_N0_RAD_EDOF_EPD3,R6_ATC_M3_AL24477_N0_RAD_EPD3,ATC_M3_AL24477,N0,RAD,EDOF,3.0,-2.25,-2.5,0.039842208720311405,0.00474710070493689,0.023535643979187865,0.008224791484653729,0.007731938158275078,0.001430753654599367,0.007284453057192438
r8-742953bd22b341c38ebb67af89ccc76e,R8_R6_ATC_M3_AL24477_N0_RAD_EDOF_EPD3,R6_ATC_M3_AL24477_N0_RAD_EPD3,ATC_M3_AL24477,N0,RAD,EDOF,3.0,-2.5,-2.75,0.038009107661462295,0.015803342869484094,0.006834391164252605,0.003022677938021726,0.013410661830388117,0.02452935035324849,0.01468542357818256
r8-742953bd22b341c38ebb67af89ccc76e,R8_R6_ATC_M3_AL24477_N0_RAD_EDOF_EPD3,R6_ATC_M3_AL24477_N0_RAD_EPD3,ATC_M3_AL24477,N0,RAD,EDOF,3.0,-2.75,-3.0,0.03781523411475904,0.0010238750678002399,0.01606085167433688,0.006405495011043264,0.010939506656358119,0.007605224565825424,0.009473294517214261
r8-742953bd22b341c38ebb67af89ccc76e,R8_R6_ATC_M3_AL24477_N0_RAD_EDOF_EPD3,R6_ATC_M3_AL24477_N0_RAD_EPD3,ATC_M3_AL24477,N0,RAD,EDOF,3.0,-3.0,-3.25,0.04452667817295482,0.020363045983193925,0.02149185660597637,0.018115505844227983,0.025523246437503887,0.00541617883442053,0.009711650458864076
r8-742953bd22b341c38ebb67af89ccc76e,R8_R6_ATC_M3_AL24477_N0_RAD_MONO_EPD5,R6_ATC_M3_AL24477_N0_RAD_EPD5,ATC_M3_AL24477,N0,RAD,MONO,5.0,0.5,0.5,0.05866255775061618,0.037619493075421444,0.003789782582722739,0.004883771487866208,0.0010535142043913994,0.0036832289330898447,0.002946912575045344
r8-742953bd22b341c38ebb67af89ccc76e,R8_R6_ATC_M3_AL24477_N0_RAD_MONO_EPD5,R6_ATC_M3_AL24477_N0_RAD_EPD5,ATC_M3_AL24477,N0,RAD,MONO,5.0,0.25,0.25,0.10314176280989101,0.18029746838500313,0.029723303797844186,0.014387761174614445,0.0056265902197986505,0.002997797371967738,0.0031008345669470846
r8-742953bd22b341c38ebb67af89ccc76e,R8_R6_ATC_M3_AL24477_N0_RAD_MONO_EPD5,R6_ATC_M3_AL24477_N0_RAD_EPD5,ATC_M3_AL24477,N0,RAD,MONO,5.0,0.0,0.0,0.3360370191903631,0.4447645604004955,0.3522746878125764,0.28452163333231517,0.2230243098635447,0.17265836890979785,0.12942927616233746
r8-742953bd22b341c38ebb67af89ccc76e,R8_R6_ATC_M3_AL24477_N0_RAD_MONO_EPD5,R6_ATC_M3_AL24477_N0_RAD_EPD5,ATC_M3_AL24477,N0,RAD,MONO,5.0,-0.25,-0.25,0.3082185934683102,0.7057396074705828,0.4008374169359005,0.17991239149818397,0.060340246724082044,0.011167762995268267,0.007354215363175405
r8-742953bd22b341c38ebb67af89ccc76e,R8_R6_ATC_M3_AL24477_N0_RAD_MONO_EPD5,R6_ATC_M3_AL24477_N0_RAD_EPD5,ATC_M3_AL24477,N0,RAD,MONO,5.0,-0.5,-0.5,0.18201442356446168,0.3562999808187058,0.08683814566569859,0.10142589052831708,0.07791663855185867,0.03567654047833292,0.014711912698034827
r8-742953bd22b341c38ebb67af89ccc76e,R8_R6_ATC_M3_AL24477_N0_RAD_MONO_EPD5,R6_ATC_M3_AL24477_N0_RAD_EPD5,ATC_M3_AL24477,N0,RAD,MONO,5.0,-0.75,-0.75,0.1259089987929992,0.18988109812753812,0.12898579893175752,0.04195012874110836,0.02280285055260125,0.013756556003015619,0.031004873420354663
r8-742953bd22b341c38ebb67af89ccc76e,R8_R6_ATC_M3_AL24477_N0_RAD_MONO_EPD5,R6_ATC_M3_AL24477_N0_RAD_EPD5,ATC_M3_AL24477,N0,RAD,MONO,5.0,-1.0,-1.0,0.09308058412880645,0.029181684165316236,0.0553817795921151,0.05567712461227746,0.01587378726174883,0.02459695397084889,0.011604890254254948
r8-742953bd22b341c38ebb67af89ccc76e,R8_R6_ATC_M3_AL24477_N0_RAD_MONO_EPD5,R6_ATC_M3_AL24477_N0_RAD_EPD5,ATC_M3_AL24477,N0,RAD,MONO,5.0,-1.25,-1.25,0.07272551846660734,0.13878700714318065,0.011569286435693719,0.03578821221254765,0.02238490912092865,0.009709959218981361,0.00584075473150044
r8-742953bd22b341c38ebb67af89ccc76e,R8_R6_ATC_M3_AL24477_N0_RAD_MONO_EPD5,R6_ATC_M3_AL24477_N0_RAD_EPD5,ATC_M3_AL24477,N0,RAD,MONO,5.0,-1.5,-1.5,0.056213159977848336,0.07961009290562016,0.045835086047086304,0.020170237232068462,0.0029232777397623995,0.0042334446196396446,0.0005199679346329863
r8-742953bd22b341c38ebb67af89ccc76e,R8_R6_ATC_M3_AL24477_N0_RAD_MONO_EPD5,R6_ATC_M3_AL24477_N0_RAD_EPD5,ATC_M3_AL24477,N0,RAD,MONO,5.0,-1.75,-1.75,0.04691506835830107,0.013283856517345219,0.026405213314698174,0.012158200435338228,0.008223617630156742,0.0018377748097348138,0.001579481480525644
r8-742953bd22b341c38ebb67af89ccc76e,R8_R6_ATC_M3_AL24477_N0_RAD_MONO_EPD5,R6_ATC_M3_AL24477_N0_RAD_EPD5,ATC_M3_AL24477,N0,RAD,MONO,5.0,-2.0,-2.0,0.03830341484049507,0.058586903459588044,0.006421996128936432,0.0073904423156724,0.0022936216434267186,0.00017355573350310763,0.0029054029488021667
r8-742953bd22b341c38ebb67af89ccc76e,R8_R6_ATC_M3_AL24477_N0_RAD_MONO_EPD5,R6_ATC_M3_AL24477_N0_RAD_EPD5,ATC_M3_AL24477,N0,RAD,MONO,5.0,-2.25,-2.25,0.030966767848072726,0.045234551178183605,0.016354696302145092,0.005340527846171911,0.00450628066756181,0.0008894766531554051,0.002225463214507308
r8-742953bd22b341c38ebb67af89ccc76e,R8_R6_ATC_M3_AL24477_N0_RAD_MONO_EPD5,R6_ATC_M3_AL24477_N0_RAD_EPD5,ATC_M3_AL24477,N0,RAD,MONO,5.0,-2.5,-2.5,0.025809596027957356,0.004433317699611651,0.002601339355776688,0.005116420284443699,0.00024036540892574925,0.000615052474855718,0.0012071568861744357
r8-742953bd22b341c38ebb67af89ccc76e,R8_R6_ATC_M3_AL24477_N0_RAD_MONO_EPD5,R6_ATC_M3_AL24477_N0_RAD_EPD5,ATC_M3_AL24477,N0,RAD,MONO,5.0,-2.75,-2.75,0.01981641076963975,0.023981626128618486,0.005576554662869769,0.0030063644076108115,0.0029939822744411418,0.0016578514328994948,0.0006911069838386585
r8-742953bd22b341c38ebb67af89ccc76e,R8_R6_ATC_M3_AL24477_N0_RAD_MONO_EPD5,R6_ATC_M3_AL24477_N0_RAD_EPD5,ATC_M3_AL24477,N0,RAD,MONO,5.0,-3.0,-3.0,0.017589038658873953,0.018401429262663506,0.0011339333002453541,0.003926178505071589,0.0008472342128701499,0.001319056768348255,0.0009758499813861752
r8-742953bd22b341c38ebb67af89ccc76e,R8_R6_ATC_M3_AL24477_N0_RAD_EDOF_EPD5,R6_ATC_M3_AL24477_N0_RAD_EPD5,ATC_M3_AL24477,N0,RAD,EDOF,5.0,0.5,0.75,0.10070986461020556,0.19655565149067555,0.07680992763764977,0.009798312437728775,0.02744901519096452,0.0313182506409478,0.03712029265339034
r8-742953bd22b341c38ebb67af89ccc76e,R8_R6_ATC_M3_AL24477_N0_RAD_EDOF_EPD5,R6_ATC_M3_AL24477_N0_RAD_EPD5,ATC_M3_AL24477,N0,RAD,EDOF,5.0,0.25,0.5,0.17555026251890152,0.13424071899382892,0.1459187128338823,0.1660753017803318,0.10521089797459687,0.0999671198347947,0.07857860802073774
r8-742953bd22b341c38ebb67af89ccc76e,R8_R6_ATC_M3_AL24477_N0_RAD_EDOF_EPD5,R6_ATC_M3_AL24477_N0_RAD_EPD5,ATC_M3_AL24477,N0,RAD,EDOF,5.0,0.0,0.25,0.11543727323204349,0.15952409358511718,0.07325141389274281,0.0022069847994504645,0.02101512667771479,0.008917035289515974,0.00721925379212747
r8-742953bd22b341c38ebb67af89ccc76e,R8_R6_ATC_M3_AL24477_N0_RAD_EDOF_EPD5,R6_ATC_M3_AL24477_N0_RAD_EPD5,ATC_M3_AL24477,N0,RAD,EDOF,5.0,-0.25,0.0,0.2301662149183907,0.40981547201518553,0.19389763032175303,0.1634760095037887,0.09676500220189377,0.06363649479725016,0.04422492902347548
r8-742953bd22b341c38ebb67af89ccc76e,R8_R6_ATC_M3_AL24477_N0_RAD_EDOF_EPD5,R6_ATC_M3_AL24477_N0_RAD_EPD5,ATC_M3_AL24477,N0,RAD,EDOF,5.0,-0.5,-0.25,0.13721298174169955,0.28243148241432825,0.021292254245702455,0.017781196022827357,0.06710830589232915,0.004225793902364066,0.012100554405407034
r8-742953bd22b341c38ebb67af89ccc76e,R8_R6_ATC_M3_AL24477_N0_RAD_EDOF_EPD5,R6_ATC_M3_AL24477_N0_RAD_EPD5,ATC_M3_AL24477,N0,RAD,EDOF,5.0,-0.75,-0.5,0.09118156068594489,0.10163380610412993,0.07010826331368784,0.010944697293694567,0.03401113545609261,0.03214823015105622,0.03185536257347944
r8-742953bd22b341c38ebb67af89ccc76e,R8_R6_ATC_M3_AL24477_N0_RAD_EDOF_EPD5,R6_ATC_M3_AL24477_N0_RAD_EPD5,ATC_M3_AL24477,N0,RAD,EDOF,5.0,-1.0,-0.75,0.06733871915418252,0.012163762353291177,0.0007724375798100559,0.017210980607127176,0.021139959899608804,0.001924742442170295,0.008513593624770149
r8-742953bd22b341c38ebb67af89ccc76e,R8_R6_ATC_M3_AL24477_N0_RAD_EDOF_EPD5,R6_ATC_M3_AL24477_N0_RAD_EPD5,ATC_M3_AL24477,N0,RAD,EDOF,5.0,-1.25,-1.0,0.05690458197726816,0.09499687444009686,0.02140702210589186,0.008274916885346147,0.0017907950110181772,0.01284980871100659,0.013031274051086374
r8-742953bd22b341c38ebb67af89ccc76e,R8_R6_ATC_M3_AL24477_N0_RAD_EDOF_EPD5,R6_ATC_M3_AL24477_N0_RAD_EPD5,ATC_M3_AL24477,N0,RAD,EDOF,5.0,-1.5,-1.25,0.05480451729770997,0.09397224150509484,0.058769645928226436,0.010654880051375017,0.01165019736023996,0.0013699606775071037,0.0038641053077775496
r8-742953bd22b341c38ebb67af89ccc76e,R8_R6_ATC_M3_AL24477_N0_RAD_EDOF_EPD5,R6_ATC_M3_AL24477_N0_RAD_EPD5,ATC_M3_AL24477,N0,RAD,EDOF,5.0,-1.75,-1.5,0.052470965740611684,0.04102322199173282,0.031950104547746244,0.014350210014329725,0.0003589779177322805,0.0017743592738766,0.0029234036069900574
r8-742953bd22b341c38ebb67af89ccc76e,R8_R6_ATC_M3_AL24477_N0_RAD_EDOF_EPD5,R6_ATC_M3_AL24477_N0_RAD_EPD5,ATC_M3_AL24477,N0,RAD,EDOF,5.0,-2.0,-1.75,0.046537403108422117,0.09371892167775148,0.018143084906029568,0.0236009334873874,0.007463401997930665,0.004068900476382952,0.0012225447020289965
r8-742953bd22b341c38ebb67af89ccc76e,R8_R6_ATC_M3_AL24477_N0_RAD_EDOF_EPD5,R6_ATC_M3_AL24477_N0_RAD_EPD5,ATC_M3_AL24477,N0,RAD,EDOF,5.0,-2.25,-2.0,0.0419336219394829,0.07487540760454653,0.0379861757198266,0.027691542208030082,0.00684588801797028,0.004283457288698302,0.0066085950889603695
r8-742953bd22b341c38ebb67af89ccc76e,R8_R6_ATC_M3_AL24477_N0_RAD_EDOF_EPD5,R6_ATC_M3_AL24477_N0_RAD_EPD5,ATC_M3_AL24477,N0,RAD,EDOF,5.0,-2.5,-2.25,0.032410429141422246,0.01672005570165437,0.014074050933252025,0.013277209318160416,0.00795247236123498,0.006325132727545174,0.005534906596442095
r8-742953bd22b341c38ebb67af89ccc76e,R8_R6_ATC_M3_AL24477_N0_RAD_EDOF_EPD5,R6_ATC_M3_AL24477_N0_RAD_EPD5,ATC_M3_AL24477,N0,RAD,EDOF,5.0,-2.75,-2.5,0.024340574454623707,0.04914006736983935,0.0010448855999653293,0.005815185842108444,0.0003186950272127668,0.0036160467371699053,0.0002412717978861089
r8-742953bd22b341c38ebb67af89ccc76e,R8_R6_ATC_M3_AL24477_N0_RAD_EDOF_EPD5,R6_ATC_M3_AL24477_N0_RAD_EPD5,ATC_M3_AL24477,N0,RAD,EDOF,5.0,-3.0,-2.75,0.021792670578195814,0.005507726143882735,0.002892209518919889,0.0015219672559617405,0.00919254110863016,0.0003508172658216288,0.0033060934060201415
r8-742953bd22b341c38ebb67af89ccc76e,R8_R6_ATC_M3_AL24477_N0_HOA_MONO_EPD3,R6_ATC_M3_AL24477_N0_HOA_EPD3,ATC_M3_AL24477,N0,HOA,MONO,3.0,0.5,0.5,0.16184183338062877,0.27226290252831853,0.08473670658171728,0.06190002438554817,0.04104478505068865,0.027505980419040118,0.019661121547455924
r8-742953bd22b341c38ebb67af89ccc76e,R8_R6_ATC_M3_AL24477_N0_HOA_MONO_EPD3,R6_ATC_M3_AL24477_N0_HOA_EPD3,ATC_M3_AL24477,N0,HOA,MONO,3.0,0.25,0.25,0.3067903911208587,0.598408152896877,0.337231338438849,0.21533488996147826,0.13142943345986755,0.06354952364592908,0.014338477652288293
r8-742953bd22b341c38ebb67af89ccc76e,R8_R6_ATC_M3_AL24477_N0_HOA_MONO_EPD3,R6_ATC_M3_AL24477_N0_HOA_EPD3,ATC_M3_AL24477,N0,HOA,MONO,3.0,0.0,0.0,0.5669421040673522,0.8144675618549966,0.6481868074130844,0.5202137081027769,0.4238088034072661,0.3550026745285755,0.29065399602008923
r8-742953bd22b341c38ebb67af89ccc76e,R8_R6_ATC_M3_AL24477_N0_HOA_MONO_EPD3,R6_ATC_M3_AL24477_N0_HOA_EPD3,ATC_M3_AL24477,N0,HOA,MONO,3.0,-0.25,-0.25,0.2559213581171476,0.7016335229899505,0.2583576876811488,0.004178315734640994,0.041739518316493016,0.021908349109158134,0.00909912785358854
r8-742953bd22b341c38ebb67af89ccc76e,R8_R6_ATC_M3_AL24477_N0_HOA_MONO_EPD3,R6_ATC_M3_AL24477_N0_HOA_EPD3,ATC_M3_AL24477,N0,HOA,MONO,3.0,-0.5,-0.5,0.1804516319528963,0.3021817103434047,0.16097713034558736,0.007526199661142496,0.06876710908539843,0.04975885101293316,0.03366184917757786
r8-742953bd22b341c38ebb67af89ccc76e,R8_R6_ATC_M3_AL24477_N0_HOA_MONO_EPD3,R6_ATC_M3_AL24477_N0_HOA_EPD3,ATC_M3_AL24477,N0,HOA,MONO,3.0,-0.75,-0.75,0.12719253286322432,0.08720059897711419,0.03787131550318702,0.028654712579997042,0.030093594887702024,0.013125209957107278,0.010324771360563442
r8-742953bd22b341c38ebb67af89ccc76e,R8_R6_ATC_M3_AL24477_N0_HOA_MONO_EPD3,R6_ATC_M3_AL24477_N0_HOA_EPD3,ATC_M3_AL24477,N0,HOA,MONO,3.0,-1.0,-1.0,0.09853094094469841,0.20268983498340265,0.05982147651604894,0.015414982300480884,0.022230573063994865,0.004258063767218959,0.0058313628989857475
r8-742953bd22b341c38ebb67af89ccc76e,R8_R6_ATC_M3_AL24477_N0_HOA_MONO_EPD3,R6_ATC_M3_AL24477_N0_HOA_EPD3,ATC_M3_AL24477,N0,HOA,MONO,3.0,-1.25,-1.25,0.07914356427444372,0.06543724328267281,0.05642641172070026,0.013678600724259325,0.00815905470221398,0.006555696423419803,0.001999270207914814
r8-742953bd22b341c38ebb67af89ccc76e,R8_R6_ATC_M3_AL24477_N0_HOA_MONO_EPD3,R6_ATC_M3_AL24477_N0_HOA_EPD3,ATC_M3_AL24477,N0,HOA,MONO,3.0,-1.5,-1.5,0.06661354451781375,0.08616757961483718,0.029992958496116884,0.006253273532089572,0.0007655510090185231,0.006995081651637862,0.0025500683014019754
r8-742953bd22b341c38ebb67af89ccc76e,R8_R6_ATC_M3_AL24477_N0_HOA_MONO_EPD3,R6_ATC_M3_AL24477_N0_HOA_EPD3,ATC_M3_AL24477,N0,HOA,MONO,3.0,-1.75,-1.75,0.057095912692252976,0.0841308767854278,0.0005492969234703409,0.005051899615265618,0.006009506083755409,0.0043294530880988325,0.0037819368948759
r8-742953bd22b341c38ebb67af89ccc76e,R8_R6_ATC_M3_AL24477_N0_HOA_MONO_EPD3,R6_ATC_M3_AL24477_N0_HOA_EPD3,ATC_M3_AL24477,N0,HOA,MONO,3.0,-2.0,-2.0,0.048401169981319915,0.013986561812125623,0.014027776676569983,0.0008524230857907159,0.006044825876100059,0.00048512353582579135,0.0019338760451502947
r8-742953bd22b341c38ebb67af89ccc76e,R8_R6_ATC_M3_AL24477_N0_HOA_MONO_EPD3,R6_ATC_M3_AL24477_N0_HOA_EPD3,ATC_M3_AL24477,N0,HOA,MONO,3.0,-2.25,-2.25,0.04322987295076851,0.05782284663576941,0.018357530655492366,0.0010785453073421107,0.005248263350527719,0.0026110356602265204,0.0008323730967468578
r8-742953bd22b341c38ebb67af89ccc76e,R8_R6_ATC_M3_AL24477_N0_HOA_MONO_EPD3,R6_ATC_M3_AL24477_N0_HOA_EPD3,ATC_M3_AL24477,N0,HOA,MONO,3.0,-2.5,-2.5,0.03861725379487309,0.010918963166768351,0.01440857950903905,0.0022531377330651655,0.0017258193342577868,0.0018194473081277944,0.0016428131708256257
r8-742953bd22b341c38ebb67af89ccc76e,R8_R6_ATC_M3_AL24477_N0_HOA_MONO_EPD3,R6_ATC_M3_AL24477_N0_HOA_EPD3,ATC_M3_AL24477,N0,HOA,MONO,3.0,-2.75,-2.75,0.034801365338850476,0.03635684925631537,0.006512842715088512,0.002283490373506473,0.00046775212207146133,0.0007393271897264211,0.001873556084777721
r8-742953bd22b341c38ebb67af89ccc76e,R8_R6_ATC_M3_AL24477_N0_HOA_MONO_EPD3,R6_ATC_M3_AL24477_N0_HOA_EPD3,ATC_M3_AL24477,N0,HOA,MONO,3.0,-3.0,-3.0,0.03014917319293181,0.019458505814155973,0.0010302738219832713,0.0027432831568775747,0.0015023316684987546,0.000680492113290949,0.0009459682181577991
r8-742953bd22b341c38ebb67af89ccc76e,R8_R6_ATC_M3_AL24477_N0_HOA_EDOF_EPD3,R6_ATC_M3_AL24477_N0_HOA_EPD3,ATC_M3_AL24477,N0,HOA,EDOF,3.0,0.5,0.75,0.06964073770107998,0.04944278937507737,0.0027976636901240757,0.03066844393090129,0.015961130178155602,0.011331770456247794,0.0012561090479518114
r8-742953bd22b341c38ebb67af89ccc76e,R8_R6_ATC_M3_AL24477_N0_HOA_EDOF_EPD3,R6_ATC_M3_AL24477_N0_HOA_EPD3,ATC_M3_AL24477,N0,HOA,EDOF,3.0,0.25,0.5,0.07635103286734433,0.07261426154557052,0.002328220890692853,0.012303343612458783,0.016094379793470167,0.00026478014018342514,0.011867415067726202
r8-742953bd22b341c38ebb67af89ccc76e,R8_R6_ATC_M3_AL24477_N0_HOA_EDOF_EPD3,R6_ATC_M3_AL24477_N0_HOA_EPD3,ATC_M3_AL24477,N0,HOA,EDOF,3.0,0.0,0.25,0.15214905119046243,0.26349842977294347,0.11245944910363033,0.0754503417211051,0.056634738426543874,0.06049469774518546,0.05639683344138768
r8-742953bd22b341c38ebb67af89ccc76e,R8_R6_ATC_M3_AL24477_N0_HOA_EDOF_EPD3,R6_ATC_M3_AL24477_N0_HOA_EPD3,ATC_M3_AL24477,N0,HOA,EDOF,3.0,-0.25,0.0,0.22133402516538295,0.3379562218188069,0.22691605937296594,0.16987302479023575,0.11219105879471239,0.09451187940290118,0.11567547620500895
r8-742953bd22b341c38ebb67af89ccc76e,R8_R6_ATC_M3_AL24477_N0_HOA_EDOF_EPD3,R6_ATC_M3_AL24477_N0_HOA_EPD3,ATC_M3_AL24477,N0,HOA,EDOF,3.0,-0.5,-0.25,0.1207281327847383,0.22395249480717427,0.07696774230995242,0.023940411334371713,0.036641385435811274,0.013296571107201916,0.009341258936405108
r8-742953bd22b341c38ebb67af89ccc76e,R8_R6_ATC_M3_AL24477_N0_HOA_EDOF_EPD3,R6_ATC_M3_AL24477_N0_HOA_EPD3,ATC_M3_AL24477,N0,HOA,EDOF,3.0,-0.75,-0.5,0.08160371129602681,0.044358523569905293,0.06178968949115472,0.029411668904760636,0.03644038375435635,0.0023347522920978757,0.007713780139415363
r8-742953bd22b341c38ebb67af89ccc76e,R8_R6_ATC_M3_AL24477_N0_HOA_EDOF_EPD3,R6_ATC_M3_AL24477_N0_HOA_EPD3,ATC_M3_AL24477,N0,HOA,EDOF,3.0,-1.0,-0.75,0.06964480343756572,0.0329585092903263,0.06716894737613484,0.009151840873659323,0.031221051273877767,0.011636489449708218,0.012754499343334079
r8-742953bd22b341c38ebb67af89ccc76e,R8_R6_ATC_M3_AL24477_N0_HOA_EDOF_EPD3,R6_ATC_M3_AL24477_N0_HOA_EPD3,ATC_M3_AL24477,N0,HOA,EDOF,3.0,-1.25,-1.0,0.08568294874908805,0.01660708971006825,0.0855409727973521,0.052216403269837064,0.04942029461433284,0.04588681378830963,0.007024877200924348
r8-742953bd22b341c38ebb67af89ccc76e,R8_R6_ATC_M3_AL24477_N0_HOA_EDOF_EPD3,R6_ATC_M3_AL24477_N0_HOA_EPD3,ATC_M3_AL24477,N0,HOA,EDOF,3.0,-1.5,-1.25,0.05063625408928737,0.07876957019778874,0.010967431213781503,0.003571806448728643,0.0056934887883758065,0.002391647878753367,0.00753166787182375
r8-742953bd22b341c38ebb67af89ccc76e,R8_R6_ATC_M3_AL24477_N0_HOA_EDOF_EPD3,R6_ATC_M3_AL24477_N0_HOA_EPD3,ATC_M3_AL24477,N0,HOA,EDOF,3.0,-1.75,-1.5,0.045523699852637954,0.06612182007190334,0.00831265316252413,0.009868800650847508,0.0013887325874304642,0.0051133793765019715,0.010071871856070419
r8-742953bd22b341c38ebb67af89ccc76e,R8_R6_ATC_M3_AL24477_N0_HOA_EDOF_EPD3,R6_ATC_M3_AL24477_N0_HOA_EPD3,ATC_M3_AL24477,N0,HOA,EDOF,3.0,-2.0,-1.75,0.041352324664243614,0.013688857005060798,0.021963097129151017,0.009152008759797475,0.009155792307124036,0.008762496620215606,0.004994900617355075
r8-742953bd22b341c38ebb67af89ccc76e,R8_R6_ATC_M3_AL24477_N0_HOA_EDOF_EPD3,R6_ATC_M3_AL24477_N0_HOA_EPD3,ATC_M3_AL24477,N0,HOA,EDOF,3.0,-2.25,-2.0,0.04313117650111053,0.002403857923776476,0.011071155947728142,0.026179528243070155,0.0049112524450363165,0.0016922883688989553,0.001167450790999753
r8-742953bd22b341c38ebb67af89ccc76e,R8_R6_ATC_M3_AL24477_N0_HOA_EDOF_EPD3,R6_ATC_M3_AL24477_N0_HOA_EPD3,ATC_M3_AL24477,N0,HOA,EDOF,3.0,-2.5,-2.25,0.04443435257344579,0.021220344561171754,0.036361191576506365,0.020406462266840952,0.007307044884691712,0.03579573098109068,0.008992729517882072
r8-742953bd22b341c38ebb67af89ccc76e,R8_R6_ATC_M3_AL24477_N0_HOA_EDOF_EPD3,R6_ATC_M3_AL24477_N0_HOA_EPD3,ATC_M3_AL24477,N0,HOA,EDOF,3.0,-2.75,-2.5,0.033095811323875325,0.03173278316323479,0.025052864007600643,0.010799559781329827,0.008542888623835246,0.006443015696613152,0.0024173151290630334
r8-742953bd22b341c38ebb67af89ccc76e,R8_R6_ATC_M3_AL24477_N0_HOA_EDOF_EPD3,R6_ATC_M3_AL24477_N0_HOA_EPD3,ATC_M3_AL24477,N0,HOA,EDOF,3.0,-3.0,-2.75,0.031106236558485087,0.015078265347414133,0.028861944958537764,0.003736502121578249,0.0012512194954352714,0.015796471200168097,0.00536262107952057
r8-742953bd22b341c38ebb67af89ccc76e,R8_R6_ATC_M3_AL24477_N0_HOA_MONO_EPD5,R6_ATC_M3_AL24477_N0_HOA_EPD5,ATC_M3_AL24477,N0,HOA,MONO,5.0,0.5,0.5,0.06527037260666767,0.08894330462273926,0.03656005212555524,0.020139775631968435,0.007691853796605859,0.001621360648276797,0.0007003675401374284
r8-742953bd22b341c38ebb67af89ccc76e,R8_R6_ATC_M3_AL24477_N0_HOA_MONO_EPD5,R6_ATC_M3_AL24477_N0_HOA_EPD5,ATC_M3_AL24477,N0,HOA,MONO,5.0,0.25,0.25,0.12464004098117235,0.18332313833134223,0.11978430673693558,0.08754247770835613,0.054321643139269044,0.03519484147948354,0.018187746265054296
r8-742953bd22b341c38ebb67af89ccc76e,R8_R6_ATC_M3_AL24477_N0_HOA_MONO_EPD5,R6_ATC_M3_AL24477_N0_HOA_EPD5,ATC_M3_AL24477,N0,HOA,MONO,5.0,0.0,0.0,0.2070725212473881,0.2771407879004768,0.20800228851611713,0.1651264364377501,0.13301686205542468,0.11138469849518479,0.08932701807945291
r8-742953bd22b341c38ebb67af89ccc76e,R8_R6_ATC_M3_AL24477_N0_HOA_MONO_EPD5,R6_ATC_M3_AL24477_N0_HOA_EPD5,ATC_M3_AL24477,N0,HOA,MONO,5.0,-0.25,-0.25,0.15786621790356842,0.32322832145910463,0.15828969032476195,0.06328561884678224,0.02162418976780526,0.01248382854047822,0.017563208587670125
r8-742953bd22b341c38ebb67af89ccc76e,R8_R6_ATC_M3_AL24477_N0_HOA_MONO_EPD5,R6_ATC_M3_AL24477_N0_HOA_EPD5,ATC_M3_AL24477,N0,HOA,MONO,5.0,-0.5,-0.5,0.15101391720406204,0.29620579776574896,0.012287546238783996,0.03701478655837713,0.08197029198764386,0.07178288764278382,0.05719401358753321
r8-742953bd22b341c38ebb67af89ccc76e,R8_R6_ATC_M3_AL24477_N0_HOA_MONO_EPD5,R6_ATC_M3_AL24477_N0_HOA_EPD5,ATC_M3_AL24477,N0,HOA,MONO,5.0,-0.75,-0.75,0.13061394437453863,0.1254322189379718,0.0678740632879531,0.0790804714465126,0.006256270437320189,0.03890127440032115,0.052654177004922705
r8-742953bd22b341c38ebb67af89ccc76e,R8_R6_ATC_M3_AL24477_N0_HOA_MONO_EPD5,R6_ATC_M3_AL24477_N0_HOA_EPD5,ATC_M3_AL24477,N0,HOA,MONO,5.0,-1.0,-1.0,0.10994766088536874,0.0006545271035530602,0.09143487091441149,0.023743903692125503,0.026311695452707763,0.007636645033774742,0.039613968114041415
r8-742953bd22b341c38ebb67af89ccc76e,R8_R6_ATC_M3_AL24477_N0_HOA_MONO_EPD5,R6_ATC_M3_AL24477_N0_HOA_EPD5,ATC_M3_AL24477,N0,HOA,MONO,5.0,-1.25,-1.25,0.11477596828756877,0.06953308004829148,0.01945700290077973,0.03417324261620848,0.06269376051603026,0.009771890539734748,0.040541508163659284
r8-742953bd22b341c38ebb67af89ccc76e,R8_R6_ATC_M3_AL24477_N0_HOA_MONO_EPD5,R6_ATC_M3_AL24477_N0_HOA_EPD5,ATC_M3_AL24477,N0,HOA,MONO,5.0,-1.5,-1.5,0.07929648003059468,0.1255007340398023,0.08044123693477265,0.05386450747709362,0.03530773315554064,0.0026181727662259466,0.009219874521599577
r8-742953bd22b341c38ebb67af89ccc76e,R8_R6_ATC_M3_AL24477_N0_HOA_MONO_EPD5,R6_ATC_M3_AL24477_N0_HOA_EPD5,ATC_M3_AL24477,N0,HOA,MONO,5.0,-1.75,-1.75,0.06478062352809431,0.07591352297117823,0.03859452671649721,0.010471987584789557,0.010322981759842607,0.0049625947855058234,0.012408064293209783
r8-742953bd22b341c38ebb67af89ccc76e,R8_R6_ATC_M3_AL24477_N0_HOA_MONO_EPD5,R6_ATC_M3_AL24477_N0_HOA_EPD5,ATC_M3_AL24477,N0,HOA,MONO,5.0,-2.0,-2.0,0.058298079131246475,0.03170216838740013,0.039613112782887164,0.02002684197514689,0.0004909504679783336,0.022213022377748224,0.017358293824025914
r8-742953bd22b341c38ebb67af89ccc76e,R8_R6_ATC_M3_AL24477_N0_HOA_MONO_EPD5,R6_ATC_M3_AL24477_N0_HOA_EPD5,ATC_M3_AL24477,N0,HOA,MONO,5.0,-2.25,-2.25,0.05534578092832517,0.07091841717846104,0.03212558253967126,0.01387123893922523,0.005273165891610702,0.0013504362376241831,0.010798262701587012
r8-742953bd22b341c38ebb67af89ccc76e,R8_R6_ATC_M3_AL24477_N0_HOA_MONO_EPD5,R6_ATC_M3_AL24477_N0_HOA_EPD5,ATC_M3_AL24477,N0,HOA,MONO,5.0,-2.5,-2.5,0.05083610729602436,0.060667150683092,0.0386999575892917,0.02954826658033603,0.018159653129417426,0.01102653226522319,0.0070266360359600155
r8-742953bd22b341c38ebb67af89ccc76e,R8_R6_ATC_M3_AL24477_N0_HOA_MONO_EPD5,R6_ATC_M3_AL24477_N0_HOA_EPD5,ATC_M3_AL24477,N0,HOA,MONO,5.0,-2.75,-2.75,0.04450882108902886,0.04466977730766272,0.038147404488512185,0.01829777616811113,0.017617057008707485,0.010633837296699495,0.0039533383311198406
r8-742953bd22b341c38ebb67af89ccc76e,R8_R6_ATC_M3_AL24477_N0_HOA_MONO_EPD5,R6_ATC_M3_AL24477_N0_HOA_EPD5,ATC_M3_AL24477,N0,HOA,MONO,5.0,-3.0,-3.0,0.04106843478594109,0.08282169821502089,0.02207859102602562,0.0032077084324281706,0.0021959767416094332,0.004948597137633589,0.0018899721685229742
r8-742953bd22b341c38ebb67af89ccc76e,R8_R6_ATC_M3_AL24477_N0_HOA_EDOF_EPD5,R6_ATC_M3_AL24477_N0_HOA_EPD5,ATC_M3_AL24477,N0,HOA,EDOF,5.0,0.5,0.75,0.03736871759013313,0.033090039084986825,0.004622500628531354,0.005424412342437023,0.015206644295451004,0.004179411311309768,0.00859244102776414
r8-742953bd22b341c38ebb67af89ccc76e,R8_R6_ATC_M3_AL24477_N0_HOA_EDOF_EPD5,R6_ATC_M3_AL24477_N0_HOA_EPD5,ATC_M3_AL24477,N0,HOA,EDOF,5.0,0.25,0.5,0.04269323207507585,0.007948422436399257,0.006957617642801218,0.008882580939541909,0.004686217694208271,0.0027954526368034792,0.0018823934089540304
r8-742953bd22b341c38ebb67af89ccc76e,R8_R6_ATC_M3_AL24477_N0_HOA_EDOF_EPD5,R6_ATC_M3_AL24477_N0_HOA_EPD5,ATC_M3_AL24477,N0,HOA,EDOF,5.0,0.0,0.25,0.06363449115438016,0.08068406737085557,0.007899091856515963,0.033083266291651314,0.006898266652965694,0.007650549881779401,0.004175881307828039
r8-742953bd22b341c38ebb67af89ccc76e,R8_R6_ATC_M3_AL24477_N0_HOA_EDOF_EPD5,R6_ATC_M3_AL24477_N0_HOA_EPD5,ATC_M3_AL24477,N0,HOA,EDOF,5.0,-0.25,0.0,0.15389119748374308,0.1954086447982988,0.14634668892366323,0.08590518260940691,0.09228040920004388,0.06121253704558033,0.0639106181865491
r8-742953bd22b341c38ebb67af89ccc76e,R8_R6_ATC_M3_AL24477_N0_HOA_EDOF_EPD5,R6_ATC_M3_AL24477_N0_HOA_EPD5,ATC_M3_AL24477,N0,HOA,EDOF,5.0,-0.5,-0.25,0.15047512327087947,0.26770722491710275,0.10720423019205348,0.0709423225242102,0.07210561623167158,0.03328696332673858,0.03807375581275971
r8-742953bd22b341c38ebb67af89ccc76e,R8_R6_ATC_M3_AL24477_N0_HOA_EDOF_EPD5,R6_ATC_M3_AL24477_N0_HOA_EPD5,ATC_M3_AL24477,N0,HOA,EDOF,5.0,-0.75,-0.5,0.12067472770411497,0.1687114914440432,0.022525906398802018,0.08125540949769067,0.046803870099311126,0.012217702584682742,0.012633402587615052
r8-742953bd22b341c38ebb67af89ccc76e,R8_R6_ATC_M3_AL24477_N0_HOA_EDOF_EPD5,R6_ATC_M3_AL24477_N0_HOA_EPD5,ATC_M3_AL24477,N0,HOA,EDOF,5.0,-1.0,-0.75,0.10539521596118959,0.059287071763768046,0.10172111268800327,0.007710829443002776,0.02682290558660793,0.015120292718303,0.007041983752916111
r8-742953bd22b341c38ebb67af89ccc76e,R8_R6_ATC_M3_AL24477_N0_HOA_EDOF_EPD5,R6_ATC_M3_AL24477_N0_HOA_EPD5,ATC_M3_AL24477,N0,HOA,EDOF,5.0,-1.25,-1.0,0.11741142531277264,0.10143771799959028,0.06859654702729198,0.08204331075570678,0.03771569418437698,0.013922937796202994,0.010063186804503792
r8-742953bd22b341c38ebb67af89ccc76e,R8_R6_ATC_M3_AL24477_N0_HOA_EDOF_EPD5,R6_ATC_M3_AL24477_N0_HOA_EPD5,ATC_M3_AL24477,N0,HOA,EDOF,5.0,-1.5,-1.25,0.0793676948917037,0.12438667284038243,0.06283276132740373,0.030967631704298712,0.0021891792472200824,0.03353170617975149,0.03175927208841291
r8-742953bd22b341c38ebb67af89ccc76e,R8_R6_ATC_M3_AL24477_N0_HOA_EDOF_EPD5,R6_ATC_M3_AL24477_N0_HOA_EPD5,ATC_M3_AL24477,N0,HOA,EDOF,5.0,-1.75,-1.5,0.054580302719593014,0.06899240884380482,0.029886311601892104,0.0021844571670104704,0.015549245594562888,0.011423209354074081,0.0023964661113614425
r8-742953bd22b341c38ebb67af89ccc76e,R8_R6_ATC_M3_AL24477_N0_HOA_EDOF_EPD5,R6_ATC_M3_AL24477_N0_HOA_EPD5,ATC_M3_AL24477,N0,HOA,EDOF,5.0,-2.0,-1.75,0.04984082328459864,0.023842947282581385,0.0434361777800982,0.012707819050449388,0.005605047710332349,0.008197321271729782,0.0016021359518563574
r8-742953bd22b341c38ebb67af89ccc76e,R8_R6_ATC_M3_AL24477_N0_HOA_EDOF_EPD5,R6_ATC_M3_AL24477_N0_HOA_EPD5,ATC_M3_AL24477,N0,HOA,EDOF,5.0,-2.25,-2.0,0.05079107625357189,0.04959024607261846,0.025234946001283176,0.019030115230045906,0.009209086438113231,0.011021971071446979,0.0015818515669613082
r8-742953bd22b341c38ebb67af89ccc76e,R8_R6_ATC_M3_AL24477_N0_HOA_EDOF_EPD5,R6_ATC_M3_AL24477_N0_HOA_EPD5,ATC_M3_AL24477,N0,HOA,EDOF,5.0,-2.5,-2.25,0.0477481686996387,0.07589159798735098,0.050688462068047724,0.03259523973434547,0.017069626777891204,0.007700675580296853,0.0003615932318173042
r8-742953bd22b341c38ebb67af89ccc76e,R8_R6_ATC_M3_AL24477_N0_HOA_EDOF_EPD5,R6_ATC_M3_AL24477_N0_HOA_EPD5,ATC_M3_AL24477,N0,HOA,EDOF,5.0,-2.75,-2.5,0.04342367130808849,0.041687016338027086,0.032870896190154875,0.027879915101395883,0.012422309183463574,0.009701668081761525,0.003821336898582126
r8-742953bd22b341c38ebb67af89ccc76e,R8_R6_ATC_M3_AL24477_N0_HOA_EDOF_EPD5,R6_ATC_M3_AL24477_N0_HOA_EPD5,ATC_M3_AL24477,N0,HOA,EDOF,5.0,-3.0,-2.75,0.042946090604629776,0.0866688724961509,0.018207157052385615,0.009071190650965382,0.006067406532653351,0.008038383489756992,0.00017948626830957873
r8-742953bd22b341c38ebb67af89ccc76e,R8_R6_ATC_M3_AL24477_A0_WFS_MONO_EPD3,R6_ATC_M3_AL24477_A0_WFS_EPD3,ATC_M3_AL24477,A0,WFS,MONO,3.0,0.5,0.5,0.13471983068050786,0.2602368426531614,0.0018989639297854678,0.012675158074692123,0.02329921827199942,0.022262015255883505,0.017341071756453552
r8-742953bd22b341c38ebb67af89ccc76e,R8_R6_ATC_M3_AL24477_A0_WFS_MONO_EPD3,R6_ATC_M3_AL24477_A0_WFS_EPD3,ATC_M3_AL24477,A0,WFS,MONO,3.0,0.25,0.25,0.28069517747545164,0.6337744059366619,0.3169931251616398,0.15475184903962846,0.06831884243790845,0.02191664921181473,0.0010305411010516664
r8-742953bd22b341c38ebb67af89ccc76e,R8_R6_ATC_M3_AL24477_A0_WFS_MONO_EPD3,R6_ATC_M3_AL24477_A0_WFS_EPD3,ATC_M3_AL24477,A0,WFS,MONO,3.0,0.0,0.0,0.6225353397964734,0.8571290947750574,0.7235602790780633,0.6055018646727895,0.49816902240814204,0.4005328331816822,0.305951383529913
r8-742953bd22b341c38ebb67af89ccc76e,R8_R6_ATC_M3_AL24477_A0_WFS_MONO_EPD3,R6_ATC_M3_AL24477_A0_WFS_EPD3,ATC_M3_AL24477,A0,WFS,MONO,3.0,-0.25,-0.25,0.2690505308628535,0.7207052571113968,0.31804889310475803,0.0675677268960609,0.008125286740494574,0.005833835039901,0.020213188116699005
r8-742953bd22b341c38ebb67af89ccc76e,R8_R6_ATC_M3_AL24477_A0_WFS_MONO_EPD3,R6_ATC_M3_AL24477_A0_WFS_EPD3,ATC_M3_AL24477,A0,WFS,MONO,3.0,-0.5,-0.5,0.1697848024308089,0.30880138661337586,0.14029601638827266,0.030698040119666866,0.0378342077458107,0.03565701663051544,0.021458820990866274
r8-742953bd22b341c38ebb67af89ccc76e,R8_R6_ATC_M3_AL24477_A0_WFS_MONO_EPD3,R6_ATC_M3_AL24477_A0_WFS_EPD3,ATC_M3_AL24477,A0,WFS,MONO,3.0,-0.75,-0.75,0.11972405170638668,0.06532056146752231,0.018366370626446693,0.03250102818498768,0.021300420647692546,0.015531807383996694,0.010778784830493127
r8-742953bd22b341c38ebb67af89ccc76e,R8_R6_ATC_M3_AL24477_A0_WFS_MONO_EPD3,R6_ATC_M3_AL24477_A0_WFS_EPD3,ATC_M3_AL24477,A0,WFS,MONO,3.0,-1.0,-1.0,0.09169265406486159,0.16635641622700956,0.04478578851339787,0.015475263644293958,0.0188810233867958,0.008672319921480643,0.00808973076837944
r8-742953bd22b341c38ebb67af89ccc76e,R8_R6_ATC_M3_AL24477_A0_WFS_MONO_EPD3,R6_ATC_M3_AL24477_A0_WFS_EPD3,ATC_M3_AL24477,A0,WFS,MONO,3.0,-1.25,-1.25,0.07210290495072567,0.04516548507064065,0.04092508027222166,0.011992441664432595,0.009822949622040358,0.0018118416882909189,0.001529441191945884
r8-742953bd22b341c38ebb67af89ccc76e,R8_R6_ATC_M3_AL24477_A0_WFS_MONO_EPD3,R6_ATC_M3_AL24477_A0_WFS_EPD3,ATC_M3_AL24477,A0,WFS,MONO,3.0,-1.5,-1.5,0.06081178265854294,0.072908477166252,0.02499607451203988,0.005516096676243899,0.0038196382465725664,0.005439705108282727,6.069813812877993e-05
r8-742953bd22b341c38ebb67af89ccc76e,R8_R6_ATC_M3_AL24477_A0_WFS_MONO_EPD3,R6_ATC_M3_AL24477_A0_WFS_EPD3,ATC_M3_AL24477,A0,WFS,MONO,3.0,-1.75,-1.75,0.052476497687716964,0.058078011078219804,0.004785535091832813,0.004786736671522705,0.0029074531030175935,0.00548575535370752,0.002953061912195356
r8-742953bd22b341c38ebb67af89ccc76e,R8_R6_ATC_M3_AL24477_A0_WFS_MONO_EPD3,R6_ATC_M3_AL24477_A0_WFS_EPD3,ATC_M3_AL24477,A0,WFS,MONO,3.0,-2.0,-2.0,0.045310226244730765,0.021101821441673323,0.007345704104643948,0.0015281653540208996,0.004509541393188012,0.002229281472659125,0.002817068148989516
r8-742953bd22b341c38ebb67af89ccc76e,R8_R6_ATC_M3_AL24477_A0_WFS_MONO_EPD3,R6_ATC_M3_AL24477_A0_WFS_EPD3,ATC_M3_AL24477,A0,WFS,MONO,3.0,-2.25,-2.25,0.039921647466143496,0.043235520201918225,0.0132211515069132,0.0003357136633199317,0.0051766497231487685,0.00046750364192121104,0.0011894424791704943
r8-742953bd22b341c38ebb67af89ccc76e,R8_R6_ATC_M3_AL24477_A0_WFS_MONO_EPD3,R6_ATC_M3_AL24477_A0_WFS_EPD3,ATC_M3_AL24477,A0,WFS,MONO,3.0,-2.5,-2.5,0.03600804783645542,0.0011398832054798232,0.012583125284301297,0.0014483876568672205,0.0031212946405250455,0.0012569180699176265,0.0004682194009927908
r8-742953bd22b341c38ebb67af89ccc76e,R8_R6_ATC_M3_AL24477_A0_WFS_MONO_EPD3,R6_ATC_M3_AL24477_A0_WFS_EPD3,ATC_M3_AL24477,A0,WFS,MONO,3.0,-2.75,-2.75,0.0329263790160023,0.03106109818526535,0.007375644715484555,0.001413289062319729,0.0014132026258808598,0.0021549012453127778,0.0005317992549352642
r8-742953bd22b341c38ebb67af89ccc76e,R8_R6_ATC_M3_AL24477_A0_WFS_MONO_EPD3,R6_ATC_M3_AL24477_A0_WFS_EPD3,ATC_M3_AL24477,A0,WFS,MONO,3.0,-3.0,-3.0,0.028479655399995044,0.008574057444259556,0.0007358910817053719,0.0017483090572625879,0.00019705445773749006,0.001434990108849554,0.0011280008552451218
r8-742953bd22b341c38ebb67af89ccc76e,R8_R6_ATC_M3_AL24477_A0_WFS_EDOF_EPD3,R6_ATC_M3_AL24477_A0_WFS_EPD3,ATC_M3_AL24477,A0,WFS,EDOF,3.0,0.5,0.5,0.18015727073919596,0.18250352375654455,0.1760235854505099,0.1132588460912243,0.08016850992385519,0.04748259688998483,0.0036956242790188868
r8-742953bd22b341c38ebb67af89ccc76e,R8_R6_ATC_M3_AL24477_A0_WFS_EDOF_EPD3,R6_ATC_M3_AL24477_A0_WFS_EPD3,ATC_M3_AL24477,A0,WFS,EDOF,3.0,0.25,0.25,0.23561063323562778,0.4858434915558826,0.1888301953441236,0.14843910009899836,0.07379897964687353,0.029707135586618718,0.03263077657855547
r8-742953bd22b341c38ebb67af89ccc76e,R8_R6_ATC_M3_AL24477_A0_WFS_EDOF_EPD3,R6_ATC_M3_AL24477_A0_WFS_EPD3,ATC_M3_AL24477,A0,WFS,EDOF,3.0,0.0,0.0,0.45855725006792736,0.7272318639106812,0.4606288884879419,0.3546627742001892,0.30103692421783,0.2894057818624288,0.2526111813133315
r8-742953bd22b341c38ebb67af89ccc76e,R8_R6_ATC_M3_AL24477_A0_WFS_EDOF_EPD3,R6_ATC_M3_AL24477_A0_WFS_EPD3,ATC_M3_AL24477,A0,WFS,EDOF,3.0,-0.25,-0.25,0.26147613364938416,0.6637601128352395,0.29518458506244705,0.0162654282730784,0.031945503523150495,0.02524311644174429,0.09391562091062224
r8-742953bd22b341c38ebb67af89ccc76e,R8_R6_ATC_M3_AL24477_A0_WFS_EDOF_EPD3,R6_ATC_M3_AL24477_A0_WFS_EPD3,ATC_M3_AL24477,A0,WFS,EDOF,3.0,-0.5,-0.5,0.17728131945334666,0.3114228784508391,0.1306161652181486,0.027187587549717132,0.06271116369350643,0.05650250343724903,0.05078416622087166
r8-742953bd22b341c38ebb67af89ccc76e,R8_R6_ATC_M3_AL24477_A0_WFS_EDOF_EPD3,R6_ATC_M3_AL24477_A0_WFS_EPD3,ATC_M3_AL24477,A0,WFS,EDOF,3.0,-0.75,-0.75,0.12546199505123237,0.05698188653551326,0.028445274309539817,0.0505753452734066,0.013292026235383569,0.001190953536248738,0.014601366886133334
r8-742953bd22b341c38ebb67af89ccc76e,R8_R6_ATC_M3_AL24477_A0_WFS_EDOF_EPD3,R6_ATC_M3_AL24477_A0_WFS_EPD3,ATC_M3_AL24477,A0,WFS,EDOF,3.0,-1.0,-1.0,0.1027194694156869,0.18638230825138252,0.14977605832014185,0.007439993742185984,0.016983679870054412,0.010623815082883995,0.002838615992754006
r8-742953bd22b341c38ebb67af89ccc76e,R8_R6_ATC_M3_AL24477_A0_WFS_EDOF_EPD3,R6_ATC_M3_AL24477_A0_WFS_EPD3,ATC_M3_AL24477,A0,WFS,EDOF,3.0,-1.25,-1.25,0.08205182337048464,0.07540419607370168,0.048246530330262466,0.0056680325238939065,0.007959535239140227,0.005874834744801095,0.0015740030078229164
r8-742953bd22b341c38ebb67af89ccc76e,R8_R6_ATC_M3_AL24477_A0_WFS_EDOF_EPD3,R6_ATC_M3_AL24477_A0_WFS_EPD3,ATC_M3_AL24477,A0,WFS,EDOF,3.0,-1.5,-1.5,0.06966582600487273,0.0777024221235354,0.0149630084804188,0.00446318139134186,0.0005084175577541177,0.008227843800408141,0.0019526835208761267
r8-742953bd22b341c38ebb67af89ccc76e,R8_R6_ATC_M3_AL24477_A0_WFS_EDOF_EPD3,R6_ATC_M3_AL24477_A0_WFS_EPD3,ATC_M3_AL24477,A0,WFS,EDOF,3.0,-1.75,-1.75,0.05854644028785608,0.11703375858372922,0.028784027988485325,0.0065172930917119735,0.009273194965167717,0.0051399699969811325,0.004284028943708922
r8-742953bd22b341c38ebb67af89ccc76e,R8_R6_ATC_M3_AL24477_A0_WFS_EDOF_EPD3,R6_ATC_M3_AL24477_A0_WFS_EPD3,ATC_M3_AL24477,A0,WFS,EDOF,3.0,-2.0,-2.0,0.048181282042098,0.05991837756951486,0.020011011618769753,0.0014566411012041282,0.00543872710337848,0.0002591462038930261,0.002822891298049403
r8-742953bd22b341c38ebb67af89ccc76e,R8_R6_ATC_M3_AL24477_A0_WFS_EDOF_EPD3,R6_ATC_M3_AL24477_A0_WFS_EPD3,ATC_M3_AL24477,A0,WFS,EDOF,3.0,-2.25,-2.25,0.041533336790874696,0.004269565162119241,0.0015492671359250978,0.0036442827456812793,0.005564054828101013,0.002327353682800499,9.060096135080164e-05
r8-742953bd22b341c38ebb67af89ccc76e,R8_R6_ATC_M3_AL24477_A0_WFS_EDOF_EPD3,R6_ATC_M3_AL24477_A0_WFS_EPD3,ATC_M3_AL24477,A0,WFS,EDOF,3.0,-2.5,-2.5,0.037427550702417586,0.013637945955312616,0.004578323757292826,0.002745980182481168,0.0013068890186850642,0.00217831508381429,0.00012246360229552615
r8-742953bd22b341c38ebb67af89ccc76e,R8_R6_ATC_M3_AL24477_A0_WFS_EDOF_EPD3,R6_ATC_M3_AL24477_A0_WFS_EPD3,ATC_M3_AL24477,A0,WFS,EDOF,3.0,-2.75,-2.75,0.0340208262764716,0.02542161592509231,0.0004654590225764013,0.0030349416897721047,0.0004880824467817167,0.0014277300258308057,0.0010507812468949053
r8-742953bd22b341c38ebb67af89ccc76e,R8_R6_ATC_M3_AL24477_A0_WFS_EDOF_EPD3,R6_ATC_M3_AL24477_A0_WFS_EPD3,ATC_M3_AL24477,A0,WFS,EDOF,3.0,-3.0,-3.0,0.030265666121510337,0.043302924387669944,0.0042391621163151705,0.0024948233364753157,0.0016408074577821579,0.00022056601853404062,0.0015651462585096144
r8-742953bd22b341c38ebb67af89ccc76e,R8_R6_ATC_M3_AL24477_A0_WFS_MONO_EPD5,R6_ATC_M3_AL24477_A0_WFS_EPD5,ATC_M3_AL24477,A0,WFS,MONO,5.0,0.5,0.5,0.05941308962070792,0.07217870028719828,0.014104105316012182,0.002629734555156832,8.780082259153714e-05,0.0003004301605198027,0.002304549704910907
r8-742953bd22b341c38ebb67af89ccc76e,R8_R6_ATC_M3_AL24477_A0_WFS_MONO_EPD5,R6_ATC_M3_AL24477_A0_WFS_EPD5,ATC_M3_AL24477,A0,WFS,MONO,5.0,0.25,0.25,0.11306127859692376,0.18333183894040428,0.09467933988111765,0.05093987224841574,0.030280444271399753,0.011759228597686496,0.0029861368704749204
r8-742953bd22b341c38ebb67af89ccc76e,R8_R6_ATC_M3_AL24477_A0_WFS_MONO_EPD5,R6_ATC_M3_AL24477_A0_WFS_EPD5,ATC_M3_AL24477,A0,WFS,MONO,5.0,0.0,0.0,0.2587311617775515,0.33093080525484253,0.25406443866587836,0.20671495211454122,0.17838632374592067,0.1479228024621262,0.1146937074877388
r8-742953bd22b341c38ebb67af89ccc76e,R8_R6_ATC_M3_AL24477_A0_WFS_MONO_EPD5,R6_ATC_M3_AL24477_A0_WFS_EPD5,ATC_M3_AL24477,A0,WFS,MONO,5.0,-0.25,-0.25,0.22557245495344258,0.460036007263362,0.26008824926560015,0.12894585160526145,0.05499766147972581,0.023470179966322672,0.016127648400391076
r8-742953bd22b341c38ebb67af89ccc76e,R8_R6_ATC_M3_AL24477_A0_WFS_MONO_EPD5,R6_ATC_M3_AL24477_A0_WFS_EPD5,ATC_M3_AL24477,A0,WFS,MONO,5.0,-0.5,-0.5,0.1908436360322468,0.3988521345485008,0.02697850637569722,0.04750064937931167,0.10708680771331919,0.0834466368150532,0.05340725009340834
r8-742953bd22b341c38ebb67af89ccc76e,R8_R6_ATC_M3_AL24477_A0_WFS_MONO_EPD5,R6_ATC_M3_AL24477_A0_WFS_EPD5,ATC_M3_AL24477,A0,WFS,MONO,5.0,-0.75,-0.75,0.1370783723697646,0.09871129112032893,0.07309402726486236,0.041353363788016684,0.004949062395120742,0.06585793438448728,0.016432036017940774
r8-742953bd22b341c38ebb67af89ccc76e,R8_R6_ATC_M3_AL24477_A0_WFS_MONO_EPD5,R6_ATC_M3_AL24477_A0_WFS_EPD5,ATC_M3_AL24477,A0,WFS,MONO,5.0,-1.0,-1.0,0.10623259976276206,0.10376359475107474,0.04462093543932266,0.07282622901348343,0.023996149313044522,0.04246517613039497,0.013657039903004119
r8-742953bd22b341c38ebb67af89ccc76e,R8_R6_ATC_M3_AL24477_A0_WFS_MONO_EPD5,R6_ATC_M3_AL24477_A0_WFS_EPD5,ATC_M3_AL24477,A0,WFS,MONO,5.0,-1.25,-1.25,0.08598356477861023,0.03508831276463488,0.007700683439850442,0.016149716814152004,0.02476531160800798,0.0104773200976716,0.013695943789346814
r8-742953bd22b341c38ebb67af89ccc76e,R8_R6_ATC_M3_AL24477_A0_WFS_MONO_EPD5,R6_ATC_M3_AL24477_A0_WFS_EPD5,ATC_M3_AL24477,A0,WFS,MONO,5.0,-1.5,-1.5,0.07224786904213014,0.14386239788017563,0.0043664869080957056,0.030287453009268103,0.022134274527132448,0.01565714160803329,0.003995299235121995
r8-742953bd22b341c38ebb67af89ccc76e,R8_R6_ATC_M3_AL24477_A0_WFS_MONO_EPD5,R6_ATC_M3_AL24477_A0_WFS_EPD5,ATC_M3_AL24477,A0,WFS,MONO,5.0,-1.75,-1.75,0.06221678829211782,0.03275030162854322,0.02977432621140849,0.0006523554217133045,0.01647773851980616,0.004374571678692343,0.00017736849385839985
r8-742953bd22b341c38ebb67af89ccc76e,R8_R6_ATC_M3_AL24477_A0_WFS_MONO_EPD5,R6_ATC_M3_AL24477_A0_WFS_EPD5,ATC_M3_AL24477,A0,WFS,MONO,5.0,-2.0,-2.0,0.05461001468314567,0.0687404483696746,0.03647233676245969,0.01779800720310049,0.0018412424325587428,0.011625299416880227,0.002654064036208246
r8-742953bd22b341c38ebb67af89ccc76e,R8_R6_ATC_M3_AL24477_A0_WFS_MONO_EPD5,R6_ATC_M3_AL24477_A0_WFS_EPD5,ATC_M3_AL24477,A0,WFS,MONO,5.0,-2.25,-2.25,0.04724669662871982,0.07592961887301618,0.03814119176979461,0.02200521291654282,0.01233846215673447,0.009539618485634033,0.00031991683383139077
r8-742953bd22b341c38ebb67af89ccc76e,R8_R6_ATC_M3_AL24477_A0_WFS_MONO_EPD5,R6_ATC_M3_AL24477_A0_WFS_EPD5,ATC_M3_AL24477,A0,WFS,MONO,5.0,-2.5,-2.5,0.03758276713844362,0.006533522866730888,0.01518563937762667,0.018623861118163318,0.011798638245211544,0.006281266369631023,0.0007944572668612298
r8-742953bd22b341c38ebb67af89ccc76e,R8_R6_ATC_M3_AL24477_A0_WFS_MONO_EPD5,R6_ATC_M3_AL24477_A0_WFS_EPD5,ATC_M3_AL24477,A0,WFS,MONO,5.0,-2.75,-2.75,0.034426172485134916,0.054967038137277976,0.0067868749476158825,0.01308898002509306,0.0011725898744923318,0.0004255493578375523,0.0021890467041337154
r8-742953bd22b341c38ebb67af89ccc76e,R8_R6_ATC_M3_AL24477_A0_WFS_MONO_EPD5,R6_ATC_M3_AL24477_A0_WFS_EPD5,ATC_M3_AL24477,A0,WFS,MONO,5.0,-3.0,-3.0,0.028585081878428224,0.031894735479732386,0.013992620382283834,0.01006444839983421,0.008102163109612953,0.0027250967590616727,0.0015991082155328447
r8-742953bd22b341c38ebb67af89ccc76e,R8_R6_ATC_M3_AL24477_A0_WFS_EDOF_EPD5,R6_ATC_M3_AL24477_A0_WFS_EPD5,ATC_M3_AL24477,A0,WFS,EDOF,5.0,0.5,0.75,0.07380856707510497,0.04422545713902608,0.07769836192930929,0.03111336196142373,0.021207860177427058,0.008331093245512093,0.0056200025487262925
r8-742953bd22b341c38ebb67af89ccc76e,R8_R6_ATC_M3_AL24477_A0_WFS_EDOF_EPD5,R6_ATC_M3_AL24477_A0_WFS_EPD5,ATC_M3_AL24477,A0,WFS,EDOF,5.0,0.25,0.5,0.09964585317108036,0.13204423775135143,0.05008309650926575,0.06631538729311148,0.028945989784313883,0.012946579276962349,0.006087116759409986
r8-742953bd22b341c38ebb67af89ccc76e,R8_R6_ATC_M3_AL24477_A0_WFS_EDOF_EPD5,R6_ATC_M3_AL24477_A0_WFS_EPD5,ATC_M3_AL24477,A0,WFS,EDOF,5.0,0.0,0.25,0.1943779243599858,0.28607023988454916,0.15542711357602043,0.08599278871010446,0.10436816506637082,0.10841102277421813,0.09741716327046732
r8-742953bd22b341c38ebb67af89ccc76e,R8_R6_ATC_M3_AL24477_A0_WFS_EDOF_EPD5,R6_ATC_M3_AL24477_A0_WFS_EPD5,ATC_M3_AL24477,A0,WFS,EDOF,5.0,-0.25,0.0,0.2390851372097068,0.43994975517027834,0.2575436154225867,0.15023441087967576,0.08397071665648095,0.05572921162127433,0.06385772317596805
r8-742953bd22b341c38ebb67af89ccc76e,R8_R6_ATC_M3_AL24477_A0_WFS_EDOF_EPD5,R6_ATC_M3_AL24477_A0_WFS_EPD5,ATC_M3_AL24477,A0,WFS,EDOF,5.0,-0.5,-0.25,0.1684800214060035,0.3991887164400659,0.02770340878856388,0.027859012680527574,0.06891352035922528,0.03053627377320195,0.0022017210021494952
r8-742953bd22b341c38ebb67af89ccc76e,R8_R6_ATC_M3_AL24477_A0_WFS_EDOF_EPD5,R6_ATC_M3_AL24477_A0_WFS_EPD5,ATC_M3_AL24477,A0,WFS,EDOF,5.0,-0.75,-0.5,0.13717853262044108,0.10136953125148532,0.07273185017176623,0.07776282878700741,0.012843882421976049,0.04057817146862673,0.009583390549133462
r8-742953bd22b341c38ebb67af89ccc76e,R8_R6_ATC_M3_AL24477_A0_WFS_EDOF_EPD5,R6_ATC_M3_AL24477_A0_WFS_EPD5,ATC_M3_AL24477,A0,WFS,EDOF,5.0,-1.0,-0.75,0.11027409665249041,0.11091475360847305,0.08723982317938489,0.06914706689405793,0.03906894017714292,0.04456614709805977,0.0012693391411702135
r8-742953bd22b341c38ebb67af89ccc76e,R8_R6_ATC_M3_AL24477_A0_WFS_EDOF_EPD5,R6_ATC_M3_AL24477_A0_WFS_EPD5,ATC_M3_AL24477,A0,WFS,EDOF,5.0,-1.25,-1.0,0.08516633127290787,0.023435459230767466,0.003637410049756582,0.020857516670282114,0.025493619594186178,0.03037659609776012,0.012090374054298426
r8-742953bd22b341c38ebb67af89ccc76e,R8_R6_ATC_M3_AL24477_A0_WFS_EDOF_EPD5,R6_ATC_M3_AL24477_A0_WFS_EPD5,ATC_M3_AL24477,A0,WFS,EDOF,5.0,-1.5,-1.25,0.06955655576101182,0.14319841984776144,0.00908870105194381,0.019988072050256198,0.013214476193755053,0.012940157892875918,0.006604088724003881
r8-742953bd22b341c38ebb67af89ccc76e,R8_R6_ATC_M3_AL24477_A0_WFS_EDOF_EPD5,R6_ATC_M3_AL24477_A0_WFS_EPD5,ATC_M3_AL24477,A0,WFS,EDOF,5.0,-1.75,-1.5,0.06171051169944344,0.014179896236924523,0.03896715307983478,0.002908619603685525,0.010949632384203952,0.00847505279564169,0.004963142200562621
r8-742953bd22b341c38ebb67af89ccc76e,R8_R6_ATC_M3_AL24477_A0_WFS_EDOF_EPD5,R6_ATC_M3_AL24477_A0_WFS_EPD5,ATC_M3_AL24477,A0,WFS,EDOF,5.0,-2.0,-1.75,0.05546057473995545,0.03987229736437493,0.03904022390349232,0.01797419600810525,0.001594626861589745,0.012393296722605186,0.008569915525246923
r8-742953bd22b341c38ebb67af89ccc76e,R8_R6_ATC_M3_AL24477_A0_WFS_EDOF_EPD5,R6_ATC_M3_AL24477_A0_WFS_EPD5,ATC_M3_AL24477,A0,WFS,EDOF,5.0,-2.25,-2.0,0.04706807779622206,0.09621214113170846,0.03488062193122596,0.021104945676122956,0.011407152807486717,0.00885445608477577,0.00616197605933551
r8-742953bd22b341c38ebb67af89ccc76e,R8_R6_ATC_M3_AL24477_A0_WFS_EDOF_EPD5,R6_ATC_M3_AL24477_A0_WFS_EPD5,ATC_M3_AL24477,A0,WFS,EDOF,5.0,-2.5,-2.25,0.03838941250478154,0.005868817975473228,0.016061872066038548,0.019875412735738434,0.012000510252003018,0.002689445075143785,0.004436285646009314
r8-742953bd22b341c38ebb67af89ccc76e,R8_R6_ATC_M3_AL24477_A0_WFS_EDOF_EPD5,R6_ATC_M3_AL24477_A0_WFS_EPD5,ATC_M3_AL24477,A0,WFS,EDOF,5.0,-2.75,-2.5,0.03404431273661559,0.07278489312450986,0.005432323585965839,0.011250298157791933,0.00033387340933597077,0.0031573070987533066,0.0020662751278464828
r8-742953bd22b341c38ebb67af89ccc76e,R8_R6_ATC_M3_AL24477_A0_WFS_EDOF_EPD5,R6_ATC_M3_AL24477_A0_WFS_EPD5,ATC_M3_AL24477,A0,WFS,EDOF,5.0,-3.0,-2.75,0.028527692347729134,0.011719914371272438,0.013647081936522552,0.01106412832701588,0.007828554247515605,0.0034394080727782553,0.0015250070811865168
r8-742953bd22b341c38ebb67af89ccc76e,R8_R6_ATC_M3_AL24477_A0_RAD_MONO_EPD3,R6_ATC_M3_AL24477_A0_RAD_EPD3,ATC_M3_AL24477,A0,RAD,MONO,3.0,0.5,0.5,0.13661658366910745,0.24787478463349683,0.04404015919111555,0.0009310093616627507,0.023131951262665935,0.02317334560378066,0.01789953116305696
r8-742953bd22b341c38ebb67af89ccc76e,R8_R6_ATC_M3_AL24477_A0_RAD_MONO_EPD3,R6_ATC_M3_AL24477_A0_RAD_EPD3,ATC_M3_AL24477,A0,RAD,MONO,3.0,0.25,0.25,0.2603391991064735,0.6417573955169571,0.290210480615676,0.1079801663466228,0.028407056604550146,0.0008237070715544101,0.006369944340366529
r8-742953bd22b341c38ebb67af89ccc76e,R8_R6_ATC_M3_AL24477_A0_RAD_MONO_EPD3,R6_ATC_M3_AL24477_A0_RAD_EPD3,ATC_M3_AL24477,A0,RAD,MONO,3.0,0.0,0.0,0.6373729384922249,0.86966370017095,0.7447899157441923,0.628624946516643,0.5173289272617178,0.4111853934062094,0.30935446404277134
r8-742953bd22b341c38ebb67af89ccc76e,R8_R6_ATC_M3_AL24477_A0_RAD_MONO_EPD3,R6_ATC_M3_AL24477_A0_RAD_EPD3,ATC_M3_AL24477,A0,RAD,MONO,3.0,-0.25,-0.25,0.28804099758877233,0.7263043950414925,0.351972114356766,0.11322203714013221,0.023953340410881607,0.011291719181382272,0.027205674926921365
r8-742953bd22b341c38ebb67af89ccc76e,R8_R6_ATC_M3_AL24477_A0_RAD_MONO_EPD3,R6_ATC_M3_AL24477_A0_RAD_EPD3,ATC_M3_AL24477,A0,RAD,MONO,3.0,-0.5,-0.5,0.16339016864488004,0.3138887312285483,0.1174759971425463,0.040594246691468175,0.023107573990841564,0.027608530665638197,0.016289823186759905
r8-742953bd22b341c38ebb67af89ccc76e,R8_R6_ATC_M3_AL24477_A0_RAD_MONO_EPD3,R6_ATC_M3_AL24477_A0_RAD_EPD3,ATC_M3_AL24477,A0,RAD,MONO,3.0,-0.75,-0.75,0.1146628959455508,0.04901884042549506,0.013998177987967445,0.030164742508010045,0.01721340883531866,0.015127188730693561,0.010485160216862443
r8-742953bd22b341c38ebb67af89ccc76e,R8_R6_ATC_M3_AL24477_A0_RAD_MONO_EPD3,R6_ATC_M3_AL24477_A0_RAD_EPD3,ATC_M3_AL24477,A0,RAD,MONO,3.0,-1.0,-1.0,0.08752790346999581,0.1424518689573252,0.03478987120983528,0.013404655071649507,0.01699917920721336,0.009458992037979865,0.008305004807536497
r8-742953bd22b341c38ebb67af89ccc76e,R8_R6_ATC_M3_AL24477_A0_RAD_MONO_EPD3,R6_ATC_M3_AL24477_A0_RAD_EPD3,ATC_M3_AL24477,A0,RAD,MONO,3.0,-1.25,-1.25,0.06875363998232632,0.03143780097067026,0.03380873147052206,0.009965678050383144,0.009654813600258987,0.0004137673083303785,0.002096549923956376
r8-742953bd22b341c38ebb67af89ccc76e,R8_R6_ATC_M3_AL24477_A0_RAD_MONO_EPD3,R6_ATC_M3_AL24477_A0_RAD_EPD3,ATC_M3_AL24477,A0,RAD,MONO,3.0,-1.5,-1.5,0.0579631916013406,0.06697876885370221,0.023606148416677485,0.004076895948856456,0.004238198369665101,0.0047838171851403355,0.00037194505288266997
r8-742953bd22b341c38ebb67af89ccc76e,R8_R6_ATC_M3_AL24477_A0_RAD_MONO_EPD3,R6_ATC_M3_AL24477_A0_RAD_EPD3,ATC_M3_AL24477,A0,RAD,MONO,3.0,-1.75,-1.75,0.05003289640873224,0.04411957386248573,0.007699001792699865,0.0035699736951242617,0.0023671122355326127,0.0055303035425746695,0.00258938240195432
r8-742953bd22b341c38ebb67af89ccc76e,R8_R6_ATC_M3_AL24477_A0_RAD_MONO_EPD3,R6_ATC_M3_AL24477_A0_RAD_EPD3,ATC_M3_AL24477,A0,RAD,MONO,3.0,-2.0,-2.0,0.04364736251450529,0.02521414107273083,0.0033888617139945206,0.0008690336108995687,0.004273904947118773,0.0026976256531201495,0.0028621148994563165
r8-742953bd22b341c38ebb67af89ccc76e,R8_R6_ATC_M3_AL24477_A0_RAD_MONO_EPD3,R6_ATC_M3_AL24477_A0_RAD_EPD3,ATC_M3_AL24477,A0,RAD,MONO,3.0,-2.25,-2.25,0.03828750836620776,0.03543276519377177,0.010176101465904776,0.0009503617201126252,0.005110603280869331,0.00010635962177553594,0.001391819372840836
r8-742953bd22b341c38ebb67af89ccc76e,R8_R6_ATC_M3_AL24477_A0_RAD_MONO_EPD3,R6_ATC_M3_AL24477_A0_RAD_EPD3,ATC_M3_AL24477,A0,RAD,MONO,3.0,-2.5,-2.5,0.03489299333531702,0.007626306104524133,0.011589754670905637,0.002111990556905921,0.00321167852667593,0.0010081812481146802,0.0006482193885594505
r8-742953bd22b341c38ebb67af89ccc76e,R8_R6_ATC_M3_AL24477_A0_RAD_MONO_EPD3,R6_ATC_M3_AL24477_A0_RAD_EPD3,ATC_M3_AL24477,A0,RAD,MONO,3.0,-2.75,-2.75,0.03184627263192305,0.027854887801023433,0.00832016478515979,0.002050587587690521,0.0014245427673205621,0.0020304786165170246,0.00030329569361955386
r8-742953bd22b341c38ebb67af89ccc76e,R8_R6_ATC_M3_AL24477_A0_RAD_MONO_EPD3,R6_ATC_M3_AL24477_A0_RAD_EPD3,ATC_M3_AL24477,A0,RAD,MONO,3.0,-3.0,-3.0,0.0274667254767053,0.0023735161666205385,0.0024304626175550336,0.0022451492421268204,0.000282894386017175,0.0016147470866547916,0.0009439548124666074
r8-742953bd22b341c38ebb67af89ccc76e,R8_R6_ATC_M3_AL24477_A0_RAD_EDOF_EPD3,R6_ATC_M3_AL24477_A0_RAD_EPD3,ATC_M3_AL24477,A0,RAD,EDOF,3.0,0.5,0.25,0.19590467259536554,0.4244775508465568,0.2087532380565657,0.10168789688742152,0.029635163491511737,0.01817609108153024,0.041271580634222024
r8-742953bd22b341c38ebb67af89ccc76e,R8_R6_ATC_M3_AL24477_A0_RAD_EDOF_EPD3,R6_ATC_M3_AL24477_A0_RAD_EPD3,ATC_M3_AL24477,A0,RAD,EDOF,3.0,0.25,0.0,0.29346496057668986,0.3525244310588852,0.32363699559000164,0.2868463351380976,0.20874174054280437,0.16132896478443073,0.10242838578915635
r8-742953bd22b341c38ebb67af89ccc76e,R8_R6_ATC_M3_AL24477_A0_RAD_EDOF_EPD3,R6_ATC_M3_AL24477_A0_RAD_EPD3,ATC_M3_AL24477,A0,RAD,EDOF,3.0,0.0,-0.25,0.12641606753180684,0.2509854491726423,0.11707734983630153,0.018615907006960433,0.01906767138873563,0.00900564112006674,0.00582241141717081
r8-742953bd22b341c38ebb67af89ccc76e,R8_R6_ATC_M3_AL24477_A0_RAD_EDOF_EPD3,R6_ATC_M3_AL24477_A0_RAD_EPD3,ATC_M3_AL24477,A0,RAD,EDOF,3.0,-0.25,-0.5,0.08822641864235824,0.15168133791018876,0.05236107929565954,0.00936034309288453,0.0175487691022021,0.00710781444898528,0.009310541156647732
r8-742953bd22b341c38ebb67af89ccc76e,R8_R6_ATC_M3_AL24477_A0_RAD_EDOF_EPD3,R6_ATC_M3_AL24477_A0_RAD_EPD3,ATC_M3_AL24477,A0,RAD,EDOF,3.0,-0.5,-0.75,0.06997302555019039,0.061885302914696065,0.008999261396562624,0.0185853000190271,0.007826953664282658,0.009958718927649586,0.02451313861747056
r8-742953bd22b341c38ebb67af89ccc76e,R8_R6_ATC_M3_AL24477_A0_RAD_EDOF_EPD3,R6_ATC_M3_AL24477_A0_RAD_EPD3,ATC_M3_AL24477,A0,RAD,EDOF,3.0,-0.75,-1.0,0.06082451016163396,0.007372510182350017,0.02657701403131819,0.027093111316786447,0.006491582174680398,0.021118188164132856,0.009792310266674254
r8-742953bd22b341c38ebb67af89ccc76e,R8_R6_ATC_M3_AL24477_A0_RAD_EDOF_EPD3,R6_ATC_M3_AL24477_A0_RAD_EPD3,ATC_M3_AL24477,A0,RAD,EDOF,3.0,-1.0,-1.25,0.06955324516923651,0.02964999295642432,0.04856560824053284,0.028149204798442257,0.04239865770772948,0.021440195278355757,0.01530423138291451
r8-742953bd22b341c38ebb67af89ccc76e,R8_R6_ATC_M3_AL24477_A0_RAD_EDOF_EPD3,R6_ATC_M3_AL24477_A0_RAD_EPD3,ATC_M3_AL24477,A0,RAD,EDOF,3.0,-1.25,-1.5,0.049101349520483846,0.0025862961413964727,0.019863129757645114,0.00921182389818204,0.008714418747297567,0.013312307755911426,0.009089727109539116
r8-742953bd22b341c38ebb67af89ccc76e,R8_R6_ATC_M3_AL24477_A0_RAD_EDOF_EPD3,R6_ATC_M3_AL24477_A0_RAD_EPD3,ATC_M3_AL24477,A0,RAD,EDOF,3.0,-1.5,-1.75,0.041922984853286716,0.05260494841851471,0.0012195408747788542,0.020081311728732523,0.005484537502318349,0.0023877595276190393,0.01416171230880359
r8-742953bd22b341c38ebb67af89ccc76e,R8_R6_ATC_M3_AL24477_A0_RAD_EDOF_EPD3,R6_ATC_M3_AL24477_A0_RAD_EPD3,ATC_M3_AL24477,A0,RAD,EDOF,3.0,-1.75,-2.0,0.042020521385556626,0.06754821624062199,0.0016353739424411888,0.026997905650454547,0.012516625155280077,0.01114344205205278,0.0019501875563956942
r8-742953bd22b341c38ebb67af89ccc76e,R8_R6_ATC_M3_AL24477_A0_RAD_EDOF_EPD3,R6_ATC_M3_AL24477_A0_RAD_EPD3,ATC_M3_AL24477,A0,RAD,EDOF,3.0,-2.0,-2.25,0.038348219452572246,0.0349840708619169,0.011944663995166041,0.0029705224409110396,0.0018418720261666535,0.012357132503960101,0.021433487137226696
r8-742953bd22b341c38ebb67af89ccc76e,R8_R6_ATC_M3_AL24477_A0_RAD_EDOF_EPD3,R6_ATC_M3_AL24477_A0_RAD_EPD3,ATC_M3_AL24477,A0,RAD,EDOF,3.0,-2.25,-2.5,0.03909923077569048,0.007161003652633998,0.022460671224377164,0.00854632969413172,0.00782541871334533,0.006769537019380767,0.00686889975687751
r8-742953bd22b341c38ebb67af89ccc76e,R8_R6_ATC_M3_AL24477_A0_RAD_EDOF_EPD3,R6_ATC_M3_AL24477_A0_RAD_EPD3,ATC_M3_AL24477,A0,RAD,EDOF,3.0,-2.5,-2.75,0.03764540340782804,0.019331793746881317,0.007289039253279379,0.0025480353345825393,0.012515672413451027,0.023908252045602513,0.007211643092626761
r8-742953bd22b341c38ebb67af89ccc76e,R8_R6_ATC_M3_AL24477_A0_RAD_EDOF_EPD3,R6_ATC_M3_AL24477_A0_RAD_EPD3,ATC_M3_AL24477,A0,RAD,EDOF,3.0,-2.75,-3.0,0.03660588721545833,0.002410587893309374,0.017741862111928592,0.006509299233693774,0.004370058477651473,0.004003903447176286,0.013838683754505171
r8-742953bd22b341c38ebb67af89ccc76e,R8_R6_ATC_M3_AL24477_A0_RAD_EDOF_EPD3,R6_ATC_M3_AL24477_A0_RAD_EPD3,ATC_M3_AL24477,A0,RAD,EDOF,3.0,-3.0,-3.25,0.042523201883610626,0.017174060343011874,0.017802804920768567,0.015280530890359568,0.02838224486159236,0.010163542385857878,0.01351134851239234
r8-742953bd22b341c38ebb67af89ccc76e,R8_R6_ATC_M3_AL24477_A0_RAD_MONO_EPD5,R6_ATC_M3_AL24477_A0_RAD_EPD5,ATC_M3_AL24477,A0,RAD,MONO,5.0,0.5,0.5,0.05759758339203739,0.05727418753908842,0.008358143510844102,0.0032575478722143146,0.0027529540871052472,0.003188897323511436,0.0004039515575022636
r8-742953bd22b341c38ebb67af89ccc76e,R8_R6_ATC_M3_AL24477_A0_RAD_MONO_EPD5,R6_ATC_M3_AL24477_A0_RAD_EPD5,ATC_M3_AL24477,A0,RAD,MONO,5.0,0.25,0.25,0.10662884980255412,0.1728463102706847,0.06357714228420816,0.033345134511486574,0.011185276412225161,0.0033384435321116134,0.0024926662383539504
r8-742953bd22b341c38ebb67af89ccc76e,R8_R6_ATC_M3_AL24477_A0_RAD_MONO_EPD5,R6_ATC_M3_AL24477_A0_RAD_EPD5,ATC_M3_AL24477,A0,RAD,MONO,5.0,0.0,0.0,0.2946630335724289,0.39509693496061093,0.2936065720575812,0.24669733039767902,0.2006871332348677,0.15910677780460947,0.11975522851365153
r8-742953bd22b341c38ebb67af89ccc76e,R8_R6_ATC_M3_AL24477_A0_RAD_MONO_EPD5,R6_ATC_M3_AL24477_A0_RAD_EPD5,ATC_M3_AL24477,A0,RAD,MONO,5.0,-0.25,-0.25,0.2764933382606905,0.5747903104713273,0.3487634767054726,0.17392304976046385,0.0735190815813608,0.030068446322394037,0.015268043931682615
r8-742953bd22b341c38ebb67af89ccc76e,R8_R6_ATC_M3_AL24477_A0_RAD_MONO_EPD5,R6_ATC_M3_AL24477_A0_RAD_EPD5,ATC_M3_AL24477,A0,RAD,MONO,5.0,-0.5,-0.5,0.1822131787878103,0.39454118112664904,0.042155323388334304,0.04641553336388058,0.1158328715825146,0.04259564584307533,0.0068101386982445476
r8-742953bd22b341c38ebb67af89ccc76e,R8_R6_ATC_M3_AL24477_A0_RAD_MONO_EPD5,R6_ATC_M3_AL24477_A0_RAD_EPD5,ATC_M3_AL24477,A0,RAD,MONO,5.0,-0.75,-0.75,0.12806515731492443,0.029310804051068368,0.12377900011041948,0.03737072701803521,0.061958070965897664,0.006540849864324537,0.012023026669132127
r8-742953bd22b341c38ebb67af89ccc76e,R8_R6_ATC_M3_AL24477_A0_RAD_MONO_EPD5,R6_ATC_M3_AL24477_A0_RAD_EPD5,ATC_M3_AL24477,A0,RAD,MONO,5.0,-1.0,-1.0,0.09814046342122243,0.10953675283788791,0.05343862511318806,0.035544537535157364,0.03631820417471125,0.020365406075718247,0.02816258020292676
r8-742953bd22b341c38ebb67af89ccc76e,R8_R6_ATC_M3_AL24477_A0_RAD_MONO_EPD5,R6_ATC_M3_AL24477_A0_RAD_EPD5,ATC_M3_AL24477,A0,RAD,MONO,5.0,-1.25,-1.25,0.07956499666501791,0.1206263358309751,0.07617373290093513,0.049615867710701395,0.03127770522384868,0.004278805440455603,0.009237724514090245
r8-742953bd22b341c38ebb67af89ccc76e,R8_R6_ATC_M3_AL24477_A0_RAD_MONO_EPD5,R6_ATC_M3_AL24477_A0_RAD_EPD5,ATC_M3_AL24477,A0,RAD,MONO,5.0,-1.5,-1.5,0.06572729091930203,0.06103830462240914,0.04675556882966593,0.024981433674967978,0.023687815550208643,0.01718875466535802,0.01177916067551677
r8-742953bd22b341c38ebb67af89ccc76e,R8_R6_ATC_M3_AL24477_A0_RAD_MONO_EPD5,R6_ATC_M3_AL24477_A0_RAD_EPD5,ATC_M3_AL24477,A0,RAD,MONO,5.0,-1.75,-1.75,0.0560227930931398,0.0918626428220072,0.024737696820343866,0.0015643144737516371,0.006460649033918356,0.010427803378561609,0.006137634650016609
r8-742953bd22b341c38ebb67af89ccc76e,R8_R6_ATC_M3_AL24477_A0_RAD_MONO_EPD5,R6_ATC_M3_AL24477_A0_RAD_EPD5,ATC_M3_AL24477,A0,RAD,MONO,5.0,-2.0,-2.0,0.04804973509309431,0.03311513783209123,0.013928081659127418,0.006626041133982127,0.009281484711791917,0.0038848002841767966,0.007348160800810839
r8-742953bd22b341c38ebb67af89ccc76e,R8_R6_ATC_M3_AL24477_A0_RAD_MONO_EPD5,R6_ATC_M3_AL24477_A0_RAD_EPD5,ATC_M3_AL24477,A0,RAD,MONO,5.0,-2.25,-2.25,0.039870099569225055,0.04449826798810827,0.027536116167746552,0.009715242225793591,0.009938146014104306,0.002705705871757434,0.004842315350355765
r8-742953bd22b341c38ebb67af89ccc76e,R8_R6_ATC_M3_AL24477_A0_RAD_MONO_EPD5,R6_ATC_M3_AL24477_A0_RAD_EPD5,ATC_M3_AL24477,A0,RAD,MONO,5.0,-2.5,-2.5,0.034287043605823506,0.0535019546814965,0.017086927798578025,0.01062034753082672,0.0018675813958249081,0.00543761036816125,0.004429365935146066
r8-742953bd22b341c38ebb67af89ccc76e,R8_R6_ATC_M3_AL24477_A0_RAD_MONO_EPD5,R6_ATC_M3_AL24477_A0_RAD_EPD5,ATC_M3_AL24477,A0,RAD,MONO,5.0,-2.75,-2.75,0.028651642384103733,0.010844206125117323,0.004200764044527727,0.008766091845205234,0.008274463219505084,0.005096563420098706,0.002742305786052248
r8-742953bd22b341c38ebb67af89ccc76e,R8_R6_ATC_M3_AL24477_A0_RAD_MONO_EPD5,R6_ATC_M3_AL24477_A0_RAD_EPD5,ATC_M3_AL24477,A0,RAD,MONO,5.0,-3.0,-3.0,0.02247083804183993,0.02799048682574804,0.007234673335478996,0.008444273895366613,0.0010291194210644426,0.003498064562734256,0.0013814810956431708
r8-742953bd22b341c38ebb67af89ccc76e,R8_R6_ATC_M3_AL24477_A0_RAD_EDOF_EPD5,R6_ATC_M3_AL24477_A0_RAD_EPD5,ATC_M3_AL24477,A0,RAD,EDOF,5.0,0.5,1.0,0.09550419689495664,0.19706559036879306,0.09230395134835126,0.02188974034675578,0.001243273830780928,0.015085779875382345,0.024222946916260677
r8-742953bd22b341c38ebb67af89ccc76e,R8_R6_ATC_M3_AL24477_A0_RAD_EDOF_EPD5,R6_ATC_M3_AL24477_A0_RAD_EPD5,ATC_M3_AL24477,A0,RAD,EDOF,5.0,0.25,0.75,0.159235991534063,0.12565700746133548,0.1368998644396153,0.15110128575963636,0.10252346441681602,0.09581498653162215,0.06880177374895066
r8-742953bd22b341c38ebb67af89ccc76e,R8_R6_ATC_M3_AL24477_A0_RAD_EDOF_EPD5,R6_ATC_M3_AL24477_A0_RAD_EPD5,ATC_M3_AL24477,A0,RAD,EDOF,5.0,0.0,0.5,0.09496515593468782,0.1226925558699764,0.05209667786101879,0.015883924337713268,0.01379338041453683,0.0003106824585993285,0.00011223054433446764
r8-742953bd22b341c38ebb67af89ccc76e,R8_R6_ATC_M3_AL24477_A0_RAD_EDOF_EPD5,R6_ATC_M3_AL24477_A0_RAD_EPD5,ATC_M3_AL24477,A0,RAD,EDOF,5.0,-0.25,0.25,0.15974961767403453,0.2707702008023616,0.09594260616524909,0.09631618598597504,0.05872240184008177,0.03169869456492329,0.01625093387290079
r8-742953bd22b341c38ebb67af89ccc76e,R8_R6_ATC_M3_AL24477_A0_RAD_EDOF_EPD5,R6_ATC_M3_AL24477_A0_RAD_EPD5,ATC_M3_AL24477,A0,RAD,EDOF,5.0,-0.5,0.0,0.16336822104883922,0.2888296276946568,0.10651769364292457,0.033035675896926506,0.08170463745934145,0.06625088920871565,0.01942667996187216
r8-742953bd22b341c38ebb67af89ccc76e,R8_R6_ATC_M3_AL24477_A0_RAD_EDOF_EPD5,R6_ATC_M3_AL24477_A0_RAD_EPD5,ATC_M3_AL24477,A0,RAD,EDOF,5.0,-0.75,-0.25,0.10020779052214089,0.05435691026841902,0.0423120077548806,0.05413397813696652,0.017888647325115067,0.03481141017934228,0.011739295515916518
r8-742953bd22b341c38ebb67af89ccc76e,R8_R6_ATC_M3_AL24477_A0_RAD_EDOF_EPD5,R6_ATC_M3_AL24477_A0_RAD_EPD5,ATC_M3_AL24477,A0,RAD,EDOF,5.0,-1.0,-0.5,0.07601897823692122,0.03682716580254189,0.02704074232186182,0.04044030001990989,0.009204822305752362,0.000968097883053795,0.009399776597875222
r8-742953bd22b341c38ebb67af89ccc76e,R8_R6_ATC_M3_AL24477_A0_RAD_EDOF_EPD5,R6_ATC_M3_AL24477_A0_RAD_EPD5,ATC_M3_AL24477,A0,RAD,EDOF,5.0,-1.25,-0.75,0.05918981422158276,0.09085050994160096,0.03862408234246091,0.002198105925190417,0.01063591220620362,0.00615971735208222,0.012709547444024232
r8-742953bd22b341c38ebb67af89ccc76e,R8_R6_ATC_M3_AL24477_A0_RAD_EDOF_EPD5,R6_ATC_M3_AL24477_A0_RAD_EPD5,ATC_M3_AL24477,A0,RAD,EDOF,5.0,-1.5,-1.0,0.047895356761556276,0.029161670233483303,0.0052008467360823525,0.0005555886770339447,0.0016511877550219128,0.007227552191658526,0.0024960372484698623
r8-742953bd22b341c38ebb67af89ccc76e,R8_R6_ATC_M3_AL24477_A0_RAD_EDOF_EPD5,R6_ATC_M3_AL24477_A0_RAD_EPD5,ATC_M3_AL24477,A0,RAD,EDOF,5.0,-1.75,-1.25,0.04579562445765844,0.05118840632316254,0.010462398957778389,0.001878949054299505,0.009206425384202462,0.0030471015330991178,0.004394645811314562
r8-742953bd22b341c38ebb67af89ccc76e,R8_R6_ATC_M3_AL24477_A0_RAD_EDOF_EPD5,R6_ATC_M3_AL24477_A0_RAD_EPD5,ATC_M3_AL24477,A0,RAD,EDOF,5.0,-2.0,-1.5,0.0444098063081827,0.08115265787124384,0.03410735705017978,0.01367074049087859,0.005259218394963204,0.008189044077793837,0.0014645147740058985
r8-742953bd22b341c38ebb67af89ccc76e,R8_R6_ATC_M3_AL24477_A0_RAD_EDOF_EPD5,R6_ATC_M3_AL24477_A0_RAD_EPD5,ATC_M3_AL24477,A0,RAD,EDOF,5.0,-2.25,-1.75,0.043350837812896156,0.030662808956712355,0.039839191564474866,0.007450645040331102,0.001133972993672479,0.0043044164708498055,0.0052580710830326255
r8-742953bd22b341c38ebb67af89ccc76e,R8_R6_ATC_M3_AL24477_A0_RAD_EDOF_EPD5,R6_ATC_M3_AL24477_A0_RAD_EPD5,ATC_M3_AL24477,A0,RAD,EDOF,5.0,-2.5,-2.0,0.03924622902432348,0.08863810906946609,0.033839144460131775,0.006639340958008376,0.0098986595188933,0.00594566505144303,0.006935874082027007
r8-742953bd22b341c38ebb67af89ccc76e,R8_R6_ATC_M3_AL24477_A0_RAD_EDOF_EPD5,R6_ATC_M3_AL24477_A0_RAD_EPD5,ATC_M3_AL24477,A0,RAD,EDOF,5.0,-2.75,-2.25,0.033807352863252836,0.020225897476176882,0.003708784348346629,0.0007442822181875925,0.0012413896394491578,0.0038220009169672863,0.0005342100857329586
r8-742953bd22b341c38ebb67af89ccc76e,R8_R6_ATC_M3_AL24477_A0_RAD_EDOF_EPD5,R6_ATC_M3_AL24477_A0_RAD_EPD5,ATC_M3_AL24477,A0,RAD,EDOF,5.0,-3.0,-2.5,0.028760892245819774,0.06094907584653993,0.00665067234013683,0.004218877997653692,0.012133037950952214,0.0003886811449708628,0.005383563767617595
r8-742953bd22b341c38ebb67af89ccc76e,R8_R6_ATC_M3_AL24477_A0_HOA_MONO_EPD3,R6_ATC_M3_AL24477_A0_HOA_EPD3,ATC_M3_AL24477,A0,HOA,MONO,3.0,0.5,0.5,0.16978556657072477,0.280430250448905,0.10587166206475587,0.07476794806904016,0.046927005576483,0.02923841978980453,0.019448614384645898
r8-742953bd22b341c38ebb67af89ccc76e,R8_R6_ATC_M3_AL24477_A0_HOA_MONO_EPD3,R6_ATC_M3_AL24477_A0_HOA_EPD3,ATC_M3_AL24477,A0,HOA,MONO,3.0,0.25,0.25,0.3125845173280212,0.5896412867485189,0.3419559267494028,0.22797926525496381,0.1454862213082933,0.07403659470336209,0.018669347352994133
r8-742953bd22b341c38ebb67af89ccc76e,R8_R6_ATC_M3_AL24477_A0_HOA_MONO_EPD3,R6_ATC_M3_AL24477_A0_HOA_EPD3,ATC_M3_AL24477,A0,HOA,MONO,3.0,0.0,0.0,0.5475497540502146,0.799066816485864,0.6226163170333849,0.4922019860238725,0.39940971724457686,0.33814736640093007,0.280009028004774
r8-742953bd22b341c38ebb67af89ccc76e,R8_R6_ATC_M3_AL24477_A0_HOA_MONO_EPD3,R6_ATC_M3_AL24477_A0_HOA_EPD3,ATC_M3_AL24477,A0,HOA,MONO,3.0,-0.25,-0.25,0.253101228131477,0.6974962966800157,0.253587843929462,0.0033496881760206178,0.038380377768746914,0.017500096572420232,0.01549895225301517
r8-742953bd22b341c38ebb67af89ccc76e,R8_R6_ATC_M3_AL24477_A0_HOA_MONO_EPD3,R6_ATC_M3_AL24477_A0_HOA_EPD3,ATC_M3_AL24477,A0,HOA,MONO,3.0,-0.5,-0.5,0.18265252747992572,0.31268653358782794,0.15784593928643798,0.010021694993516133,0.07231477487555928,0.05284055366314233,0.034461121129159736
r8-742953bd22b341c38ebb67af89ccc76e,R8_R6_ATC_M3_AL24477_A0_HOA_MONO_EPD3,R6_ATC_M3_AL24477_A0_HOA_EPD3,ATC_M3_AL24477,A0,HOA,MONO,3.0,-0.75,-0.75,0.13006249615629467,0.07831497795990447,0.03337030348772815,0.035451669074332615,0.03044556886375497,0.01498067280768791,0.010441043316159932
r8-742953bd22b341c38ebb67af89ccc76e,R8_R6_ATC_M3_AL24477_A0_HOA_MONO_EPD3,R6_ATC_M3_AL24477_A0_HOA_EPD3,ATC_M3_AL24477,A0,HOA,MONO,3.0,-1.0,-1.0,0.10181972228410377,0.2099814322636871,0.07124235593213826,0.021800244190635604,0.024747472730399706,0.007718069961356131,0.008473780508603888
r8-742953bd22b341c38ebb67af89ccc76e,R8_R6_ATC_M3_AL24477_A0_HOA_MONO_EPD3,R6_ATC_M3_AL24477_A0_HOA_EPD3,ATC_M3_AL24477,A0,HOA,MONO,3.0,-1.25,-1.25,0.08095291302268166,0.08136435901827632,0.06017440946182788,0.02005956973227834,0.011279688449919523,0.004339764835877641,0.0009741331512252278
r8-742953bd22b341c38ebb67af89ccc76e,R8_R6_ATC_M3_AL24477_A0_HOA_MONO_EPD3,R6_ATC_M3_AL24477_A0_HOA_EPD3,ATC_M3_AL24477,A0,HOA,MONO,3.0,-1.5,-1.5,0.06793935143090955,0.08175993013197191,0.025221066460364993,0.011675215583586886,0.004134203606700972,0.0062424855481745456,0.00044235812108600543
r8-742953bd22b341c38ebb67af89ccc76e,R8_R6_ATC_M3_AL24477_A0_HOA_MONO_EPD3,R6_ATC_M3_AL24477_A0_HOA_EPD3,ATC_M3_AL24477,A0,HOA,MONO,3.0,-1.75,-1.75,0.05891713380349755,0.09641607888521109,0.008260306971397829,0.009924147138981685,0.0030771245891311355,0.0053605659555014664,0.0035391111672567954
r8-742953bd22b341c38ebb67af89ccc76e,R8_R6_ATC_M3_AL24477_A0_HOA_MONO_EPD3,R6_ATC_M3_AL24477_A0_HOA_EPD3,ATC_M3_AL24477,A0,HOA,MONO,3.0,-2.0,-2.0,0.05031424637822975,0.001950865438484784,0.02076911410002817,0.004924162675995701,0.0044206808730129195,0.0015998474142934168,0.0025943926738768784
r8-742953bd22b341c38ebb67af89ccc76e,R8_R6_ATC_M3_AL24477_A0_HOA_MONO_EPD3,R6_ATC_M3_AL24477_A0_HOA_EPD3,ATC_M3_AL24477,A0,HOA,MONO,3.0,-2.25,-2.25,0.04388495991193877,0.06127783483768551,0.020555148811910604,0.0030223747804844435,0.005368921817802394,0.0007438404498562976,0.0010174971952185362
r8-742953bd22b341c38ebb67af89ccc76e,R8_R6_ATC_M3_AL24477_A0_HOA_MONO_EPD3,R6_ATC_M3_AL24477_A0_HOA_EPD3,ATC_M3_AL24477,A0,HOA,MONO,3.0,-2.5,-2.5,0.039772716098666165,0.022720614578400748,0.011898817747482374,0.0017684869470326078,0.0033931565304468224,0.0017071463886784233,0.0003972273862689872
r8-742953bd22b341c38ebb67af89ccc76e,R8_R6_ATC_M3_AL24477_A0_HOA_MONO_EPD3,R6_ATC_M3_AL24477_A0_HOA_EPD3,ATC_M3_AL24477,A0,HOA,MONO,3.0,-2.75,-2.75,0.03589522784966881,0.033800924375838884,0.001461275302844908,0.0013785993668402404,0.0020223868673854813,0.0025772639267549247,0.000828784058057235
r8-742953bd22b341c38ebb67af89ccc76e,R8_R6_ATC_M3_AL24477_A0_HOA_MONO_EPD3,R6_ATC_M3_AL24477_A0_HOA_EPD3,ATC_M3_AL24477,A0,HOA,MONO,3.0,-3.0,-3.0,0.031792348857564906,0.028310178362278206,0.005866364797879388,0.000366332957892342,0.0002851710663392068,0.0012599504725780948,0.0014537033215015565
r8-742953bd22b341c38ebb67af89ccc76e,R8_R6_ATC_M3_AL24477_A0_HOA_EDOF_EPD3,R6_ATC_M3_AL24477_A0_HOA_EPD3,ATC_M3_AL24477,A0,HOA,EDOF,3.0,0.5,0.75,0.06910424124879876,0.03766637257477314,0.008829515038618608,0.03279203316448773,0.016934033476530087,0.01746382983297115,0.002103082093572666
r8-742953bd22b341c38ebb67af89ccc76e,R8_R6_ATC_M3_AL24477_A0_HOA_EDOF_EPD3,R6_ATC_M3_AL24477_A0_HOA_EPD3,ATC_M3_AL24477,A0,HOA,EDOF,3.0,0.25,0.5,0.07774568317844806,0.08640411578112167,0.0042933029808405335,0.009548102841962808,0.012938093597240203,0.003675374025825859,0.01945138709590071
r8-742953bd22b341c38ebb67af89ccc76e,R8_R6_ATC_M3_AL24477_A0_HOA_EDOF_EPD3,R6_ATC_M3_AL24477_A0_HOA_EPD3,ATC_M3_AL24477,A0,HOA,EDOF,3.0,0.0,0.25,0.15078370878140096,0.2656401694186111,0.10638422555757393,0.07410558731765954,0.054387870830820605,0.05610626773271559,0.05233251362724181
r8-742953bd22b341c38ebb67af89ccc76e,R8_R6_ATC_M3_AL24477_A0_HOA_EDOF_EPD3,R6_ATC_M3_AL24477_A0_HOA_EPD3,ATC_M3_AL24477,A0,HOA,EDOF,3.0,-0.25,0.0,0.21789552995844205,0.32625936369410014,0.2229257475193558,0.17335383329814483,0.11931760420587018,0.09247616496635018,0.11829828960951097
r8-742953bd22b341c38ebb67af89ccc76e,R8_R6_ATC_M3_AL24477_A0_HOA_EDOF_EPD3,R6_ATC_M3_AL24477_A0_HOA_EPD3,ATC_M3_AL24477,A0,HOA,EDOF,3.0,-0.5,-0.25,0.11560217614616171,0.20820081587673273,0.08426212099312787,0.0191007673445402,0.042714091295299225,0.011129969711211066,0.013839529494306748
r8-742953bd22b341c38ebb67af89ccc76e,R8_R6_ATC_M3_AL24477_A0_HOA_EDOF_EPD3,R6_ATC_M3_AL24477_A0_HOA_EPD3,ATC_M3_AL24477,A0,HOA,EDOF,3.0,-0.75,-0.5,0.07917732638986848,0.03350214479487634,0.06795310915559268,0.024045341114981047,0.03681067499695017,0.0002987211222137652,0.016162533835734565
r8-742953bd22b341c38ebb67af89ccc76e,R8_R6_ATC_M3_AL24477_A0_HOA_EDOF_EPD3,R6_ATC_M3_AL24477_A0_HOA_EPD3,ATC_M3_AL24477,A0,HOA,EDOF,3.0,-1.0,-0.75,0.062246612344140306,0.03785233777175681,0.04609201371687394,0.002509296927948802,0.016145604824911897,0.007011405536964171,0.008295513156303301
r8-742953bd22b341c38ebb67af89ccc76e,R8_R6_ATC_M3_AL24477_A0_HOA_EDOF_EPD3,R6_ATC_M3_AL24477_A0_HOA_EPD3,ATC_M3_AL24477,A0,HOA,EDOF,3.0,-1.25,-1.0,0.08421347470463038,0.015023526363227612,0.0875577407417521,0.054636798576865264,0.04217218823960529,0.04625576974011549,0.002530834038437552
r8-742953bd22b341c38ebb67af89ccc76e,R8_R6_ATC_M3_AL24477_A0_HOA_EDOF_EPD3,R6_ATC_M3_AL24477_A0_HOA_EPD3,ATC_M3_AL24477,A0,HOA,EDOF,3.0,-1.5,-1.25,0.052817167741239304,0.07995326634572646,0.0034223933660804317,0.003419801764578465,0.008022109508238014,0.0007788525076076857,0.009936150806588374
r8-742953bd22b341c38ebb67af89ccc76e,R8_R6_ATC_M3_AL24477_A0_HOA_EDOF_EPD3,R6_ATC_M3_AL24477_A0_HOA_EPD3,ATC_M3_AL24477,A0,HOA,EDOF,3.0,-1.75,-1.5,0.04616896461227162,0.06980955351122359,0.012574463988803611,0.016171534980052388,0.001817165451304113,0.002420852095211991,0.008254498253317512
r8-742953bd22b341c38ebb67af89ccc76e,R8_R6_ATC_M3_AL24477_A0_HOA_EDOF_EPD3,R6_ATC_M3_AL24477_A0_HOA_EPD3,ATC_M3_AL24477,A0,HOA,EDOF,3.0,-2.0,-1.75,0.040394482227349086,0.0175685221970079,0.016516958406963,0.004803084078104553,0.0024488186266907845,0.015894544221567795,0.0075671251547269015
r8-742953bd22b341c38ebb67af89ccc76e,R8_R6_ATC_M3_AL24477_A0_HOA_EDOF_EPD3,R6_ATC_M3_AL24477_A0_HOA_EPD3,ATC_M3_AL24477,A0,HOA,EDOF,3.0,-2.25,-2.0,0.042233113479998356,4.437781958718844e-05,0.0034854749116317732,0.0254060526862033,0.0036034898925291904,0.0002305318685571148,0.00126610718128943
r8-742953bd22b341c38ebb67af89ccc76e,R8_R6_ATC_M3_AL24477_A0_HOA_EDOF_EPD3,R6_ATC_M3_AL24477_A0_HOA_EPD3,ATC_M3_AL24477,A0,HOA,EDOF,3.0,-2.5,-2.25,0.046961989216097906,0.024076494346130524,0.039473340817082786,0.019302268459688646,0.008970464570764516,0.03778665497961338,0.008951550673052427
r8-742953bd22b341c38ebb67af89ccc76e,R8_R6_ATC_M3_AL24477_A0_HOA_EDOF_EPD3,R6_ATC_M3_AL24477_A0_HOA_EPD3,ATC_M3_AL24477,A0,HOA,EDOF,3.0,-2.75,-2.5,0.03798674937337682,0.035597549287335224,0.0383863353862784,0.01676187687380288,0.01335413601040485,0.0014861346147317937,0.0004603698787424851
r8-742953bd22b341c38ebb67af89ccc76e,R8_R6_ATC_M3_AL24477_A0_HOA_EDOF_EPD3,R6_ATC_M3_AL24477_A0_HOA_EPD3,ATC_M3_AL24477,A0,HOA,EDOF,3.0,-3.0,-2.75,0.03177578232306817,0.016063713792685314,0.023116500140719795,0.006342555251711972,0.0011161536871931985,0.013883714935413677,0.005580909307747633
r8-742953bd22b341c38ebb67af89ccc76e,R8_R6_ATC_M3_AL24477_A0_HOA_MONO_EPD5,R6_ATC_M3_AL24477_A0_HOA_EPD5,ATC_M3_AL24477,A0,HOA,MONO,5.0,0.5,0.5,0.06822726875839892,0.10506630754951343,0.04865752936531845,0.02174855211315825,0.010421428266283565,0.00349022868636845,0.0011268575810917526
r8-742953bd22b341c38ebb67af89ccc76e,R8_R6_ATC_M3_AL24477_A0_HOA_MONO_EPD5,R6_ATC_M3_AL24477_A0_HOA_EPD5,ATC_M3_AL24477,A0,HOA,MONO,5.0,0.25,0.25,0.12633860318799936,0.18034098985608626,0.1200981769980631,0.08933509003322954,0.06266555301716836,0.03510720809247066,0.01666480371484365
r8-742953bd22b341c38ebb67af89ccc76e,R8_R6_ATC_M3_AL24477_A0_HOA_MONO_EPD5,R6_ATC_M3_AL24477_A0_HOA_EPD5,ATC_M3_AL24477,A0,HOA,MONO,5.0,0.0,0.0,0.19830685579213583,0.2625206346649519,0.19686129766424654,0.15220158723630545,0.12741576491279266,0.10836510761488742,0.09028307556304897
r8-742953bd22b341c38ebb67af89ccc76e,R8_R6_ATC_M3_AL24477_A0_HOA_MONO_EPD5,R6_ATC_M3_AL24477_A0_HOA_EPD5,ATC_M3_AL24477,A0,HOA,MONO,5.0,-0.25,-0.25,0.14647988577404897,0.31833104246809923,0.1500660026074816,0.049480268335186824,0.018698998569799737,0.012233682779513224,0.016734232054997883
r8-742953bd22b341c38ebb67af89ccc76e,R8_R6_ATC_M3_AL24477_A0_HOA_MONO_EPD5,R6_ATC_M3_AL24477_A0_HOA_EPD5,ATC_M3_AL24477,A0,HOA,MONO,5.0,-0.5,-0.5,0.13955453469851917,0.2651161617201282,0.008549478704838097,0.026104812738618116,0.06929992748178959,0.06398093482540543,0.05547399259923173
r8-742953bd22b341c38ebb67af89ccc76e,R8_R6_ATC_M3_AL24477_A0_HOA_MONO_EPD5,R6_ATC_M3_AL24477_A0_HOA_EPD5,ATC_M3_AL24477,A0,HOA,MONO,5.0,-0.75,-0.75,0.11841515204495597,0.12988979338309886,0.048405120907378855,0.07956891200120206,0.001803090623664909,0.022120718269135614,0.03807321590068541
r8-742953bd22b341c38ebb67af89ccc76e,R8_R6_ATC_M3_AL24477_A0_HOA_MONO_EPD5,R6_ATC_M3_AL24477_A0_HOA_EPD5,ATC_M3_AL24477,A0,HOA,MONO,5.0,-1.0,-1.0,0.1092845855513211,0.022386515264705188,0.1153449731144883,0.02017041343653205,0.050293943828399246,0.002317705482558663,0.026172581552234134
r8-742953bd22b341c38ebb67af89ccc76e,R8_R6_ATC_M3_AL24477_A0_HOA_MONO_EPD5,R6_ATC_M3_AL24477_A0_HOA_EPD5,ATC_M3_AL24477,A0,HOA,MONO,5.0,-1.25,-1.25,0.0918130767056136,0.010006418528316083,0.00831837269824127,0.04104777666067852,0.04107064436213172,0.0019305456667368826,0.02171787737419045
r8-742953bd22b341c38ebb67af89ccc76e,R8_R6_ATC_M3_AL24477_A0_HOA_MONO_EPD5,R6_ATC_M3_AL24477_A0_HOA_EPD5,ATC_M3_AL24477,A0,HOA,MONO,5.0,-1.5,-1.5,0.07900708720773739,0.095862216831408,0.06613745180354347,0.036709413606755524,0.006369803191710396,0.0014827259011805103,0.02942799118993905
r8-742953bd22b341c38ebb67af89ccc76e,R8_R6_ATC_M3_AL24477_A0_HOA_MONO_EPD5,R6_ATC_M3_AL24477_A0_HOA_EPD5,ATC_M3_AL24477,A0,HOA,MONO,5.0,-1.75,-1.75,0.06908290092486355,0.1378185902958974,0.011628839336993047,0.013010075629602652,0.01027958404521953,0.0086477134126815,0.014786250021005226
r8-742953bd22b341c38ebb67af89ccc76e,R8_R6_ATC_M3_AL24477_A0_HOA_MONO_EPD5,R6_ATC_M3_AL24477_A0_HOA_EPD5,ATC_M3_AL24477,A0,HOA,MONO,5.0,-2.0,-2.0,0.06028307449344336,0.019497549061057173,0.014090244254477281,0.02623999969840622,0.015012650354942168,0.009336588781297329,0.007690357487160151
r8-742953bd22b341c38ebb67af89ccc76e,R8_R6_ATC_M3_AL24477_A0_HOA_MONO_EPD5,R6_ATC_M3_AL24477_A0_HOA_EPD5,ATC_M3_AL24477,A0,HOA,MONO,5.0,-2.25,-2.25,0.05414882987933932,0.06872683262635865,0.011426248868775591,0.02735130365932601,0.013313374768457124,0.004068510307721962,0.010560607078094994
r8-742953bd22b341c38ebb67af89ccc76e,R8_R6_ATC_M3_AL24477_A0_HOA_MONO_EPD5,R6_ATC_M3_AL24477_A0_HOA_EPD5,ATC_M3_AL24477,A0,HOA,MONO,5.0,-2.5,-2.5,0.05047984664463264,0.024807527124496923,0.008273379399503542,0.010215545163137874,0.012898897853382428,0.014748606248963531,0.0008867358709612487
r8-742953bd22b341c38ebb67af89ccc76e,R8_R6_ATC_M3_AL24477_A0_HOA_MONO_EPD5,R6_ATC_M3_AL24477_A0_HOA_EPD5,ATC_M3_AL24477,A0,HOA,MONO,5.0,-2.75,-2.75,0.04475699678740402,0.07532359448716615,0.01029166843889914,0.020068596245874187,0.013439304293100583,0.0011240941808783446,0.0010099860655179763
r8-742953bd22b341c38ebb67af89ccc76e,R8_R6_ATC_M3_AL24477_A0_HOA_MONO_EPD5,R6_ATC_M3_AL24477_A0_HOA_EPD5,ATC_M3_AL24477,A0,HOA,MONO,5.0,-3.0,-3.0,0.039986497985533255,0.031329445306636984,0.021562953834137942,0.004887707897679646,0.012959483675932772,0.007959959079140308,0.0006347096180114233
r8-742953bd22b341c38ebb67af89ccc76e,R8_R6_ATC_M3_AL24477_A0_HOA_EDOF_EPD5,R6_ATC_M3_AL24477_A0_HOA_EPD5,ATC_M3_AL24477,A0,HOA,EDOF,5.0,0.5,0.75,0.03535990847340146,0.016979031102933285,0.0049851034509389505,0.002324847121302715,0.014730805336885186,0.00459793074853842,0.00866061804354642
r8-742953bd22b341c38ebb67af89ccc76e,R8_R6_ATC_M3_AL24477_A0_HOA_EDOF_EPD5,R6_ATC_M3_AL24477_A0_HOA_EPD5,ATC_M3_AL24477,A0,HOA,EDOF,5.0,0.25,0.5,0.0410307493180831,0.003702035634017261,0.0021262297036545546,0.01254991853666089,0.0025983070945916438,0.010227502005480428,0.0016039426822116601
r8-742953bd22b341c38ebb67af89ccc76e,R8_R6_ATC_M3_AL24477_A0_HOA_EDOF_EPD5,R6_ATC_M3_AL24477_A0_HOA_EPD5,ATC_M3_AL24477,A0,HOA,EDOF,5.0,0.0,0.25,0.06175315016687092,0.07298885548155981,0.008199118437514941,0.028684625712533794,0.005461815109302677,0.008712708013739742,0.009102765460402593
r8-742953bd22b341c38ebb67af89ccc76e,R8_R6_ATC_M3_AL24477_A0_HOA_EDOF_EPD5,R6_ATC_M3_AL24477_A0_HOA_EPD5,ATC_M3_AL24477,A0,HOA,EDOF,5.0,-0.25,0.0,0.13905460211936554,0.18762695614940467,0.1363569906227387,0.07033250836565802,0.07733080596354502,0.05533277880710013,0.055235316716094926
r8-742953bd22b341c38ebb67af89ccc76e,R8_R6_ATC_M3_AL24477_A0_HOA_EDOF_EPD5,R6_ATC_M3_AL24477_A0_HOA_EPD5,ATC_M3_AL24477,A0,HOA,EDOF,5.0,-0.5,-0.25,0.136030670811048,0.22567475729704173,0.10232221306639475,0.06987346554243351,0.044371615915679966,0.020549163867840017,0.02569817264666675
r8-742953bd22b341c38ebb67af89ccc76e,R8_R6_ATC_M3_AL24477_A0_HOA_EDOF_EPD5,R6_ATC_M3_AL24477_A0_HOA_EPD5,ATC_M3_AL24477,A0,HOA,EDOF,5.0,-0.75,-0.5,0.10353850798175736,0.16514763203348304,0.010365543669292966,0.0540673555451232,0.012535601776699209,0.0012889413968779197,0.01980629038481186
r8-742953bd22b341c38ebb67af89ccc76e,R8_R6_ATC_M3_AL24477_A0_HOA_EDOF_EPD5,R6_ATC_M3_AL24477_A0_HOA_EPD5,ATC_M3_AL24477,A0,HOA,EDOF,5.0,-1.0,-0.75,0.10671321367742853,0.08143882798673237,0.10513499665116577,0.028338374308381258,0.020151578954668972,0.017371352025900157,0.022285146859000356
r8-742953bd22b341c38ebb67af89ccc76e,R8_R6_ATC_M3_AL24477_A0_HOA_EDOF_EPD5,R6_ATC_M3_AL24477_A0_HOA_EPD5,ATC_M3_AL24477,A0,HOA,EDOF,5.0,-1.25,-1.0,0.0954878779985968,0.04750756494282788,0.049059443957982674,0.07073359985844184,0.018329032570320824,0.015504918438887974,0.009353039428108247
r8-742953bd22b341c38ebb67af89ccc76e,R8_R6_ATC_M3_AL24477_A0_HOA_EDOF_EPD5,R6_ATC_M3_AL24477_A0_HOA_EPD5,ATC_M3_AL24477,A0,HOA,EDOF,5.0,-1.5,-1.25,0.07705403092433578,0.10087614231948926,0.05679233325574051,0.015061227021311404,0.009044371724296119,0.004598456807633735,0.007712576971037673
r8-742953bd22b341c38ebb67af89ccc76e,R8_R6_ATC_M3_AL24477_A0_HOA_EDOF_EPD5,R6_ATC_M3_AL24477_A0_HOA_EPD5,ATC_M3_AL24477,A0,HOA,EDOF,5.0,-1.75,-1.5,0.06077358551797404,0.12912452773753813,0.01331190069338423,0.0118687447991425,0.006541033218552261,0.0002171040646847258,0.025073334188330135
r8-742953bd22b341c38ebb67af89ccc76e,R8_R6_ATC_M3_AL24477_A0_HOA_EDOF_EPD5,R6_ATC_M3_AL24477_A0_HOA_EPD5,ATC_M3_AL24477,A0,HOA,EDOF,5.0,-2.0,-1.75,0.054661719600620065,0.02243366492278565,0.024270484338168984,0.017317814868579712,0.00860021276683237,0.01857289785314767,0.003982974995378702
r8-742953bd22b341c38ebb67af89ccc76e,R8_R6_ATC_M3_AL24477_A0_HOA_EDOF_EPD5,R6_ATC_M3_AL24477_A0_HOA_EPD5,ATC_M3_AL24477,A0,HOA,EDOF,5.0,-2.25,-2.0,0.050526578736135724,0.04676615500155727,0.007988589082610166,0.03435318454708103,0.004329990852222997,0.013347642042414572,0.003737211164146056
r8-742953bd22b341c38ebb67af89ccc76e,R8_R6_ATC_M3_AL24477_A0_HOA_EDOF_EPD5,R6_ATC_M3_AL24477_A0_HOA_EPD5,ATC_M3_AL24477,A0,HOA,EDOF,5.0,-2.5,-2.25,0.049386133412690235,0.046892908760899535,0.029115513501852035,0.00251271035211517,0.006550986452947305,0.0014736638469577189,0.003878085196186359
r8-742953bd22b341c38ebb67af89ccc76e,R8_R6_ATC_M3_AL24477_A0_HOA_EDOF_EPD5,R6_ATC_M3_AL24477_A0_HOA_EPD5,ATC_M3_AL24477,A0,HOA,EDOF,5.0,-2.75,-2.5,0.04236692998848162,0.07804534953117462,0.008504668744767173,0.00810320351946323,0.007904962351652948,0.01793330043935553,0.002524289077815431
r8-742953bd22b341c38ebb67af89ccc76e,R8_R6_ATC_M3_AL24477_A0_HOA_EDOF_EPD5,R6_ATC_M3_AL24477_A0_HOA_EPD5,ATC_M3_AL24477,A0,HOA,EDOF,5.0,-3.0,-2.75,0.04049730520998816,0.03923664589457637,0.025456856335861963,0.014276816046525509,0.00440451387416272,0.009350756811438793,0.0017684564138909747
r8-742953bd22b341c38ebb67af89ccc76e,R8_R6_ATC_M3_AL24477_B0_WFS_MONO_EPD3,R6_ATC_M3_AL24477_B0_WFS_EPD3,ATC_M3_AL24477,B0,WFS,MONO,3.0,0.5,0.5,0.16968239305188873,0.2729347354341319,0.10945856147368536,0.07760098408793527,0.04811759344304882,0.029756683670355007,0.01992726296028364
r8-742953bd22b341c38ebb67af89ccc76e,R8_R6_ATC_M3_AL24477_B0_WFS_MONO_EPD3,R6_ATC_M3_AL24477_B0_WFS_EPD3,ATC_M3_AL24477,B0,WFS,MONO,3.0,0.25,0.25,0.30460893520279536,0.576815271673017,0.33104347452618943,0.21998581304695064,0.13865121288805235,0.06792995791121739,0.013777729226904147
r8-742953bd22b341c38ebb67af89ccc76e,R8_R6_ATC_M3_AL24477_B0_WFS_MONO_EPD3,R6_ATC_M3_AL24477_B0_WFS_EPD3,ATC_M3_AL24477,B0,WFS,MONO,3.0,0.0,0.0,0.5432444268970523,0.791704455421425,0.613994061325483,0.48693556071499877,0.3974667906904109,0.33705341178916026,0.27690448256684735
r8-742953bd22b341c38ebb67af89ccc76e,R8_R6_ATC_M3_AL24477_B0_WFS_MONO_EPD3,R6_ATC_M3_AL24477_B0_WFS_EPD3,ATC_M3_AL24477,B0,WFS,MONO,3.0,-0.25,-0.25,0.2553100594239174,0.7024208459187211,0.26659898576050756,0.014237242683236761,0.0328053586861846,0.013402674614016173,0.021590584399545296
r8-742953bd22b341c38ebb67af89ccc76e,R8_R6_ATC_M3_AL24477_B0_WFS_MONO_EPD3,R6_ATC_M3_AL24477_B0_WFS_EPD3,ATC_M3_AL24477,B0,WFS,MONO,3.0,-0.5,-0.5,0.1841851077636147,0.32475741375856304,0.15496068601434188,0.00573240009157351,0.07263423357045967,0.05445331979325172,0.03445216615696174
r8-742953bd22b341c38ebb67af89ccc76e,R8_R6_ATC_M3_AL24477_B0_WFS_MONO_EPD3,R6_ATC_M3_AL24477_B0_WFS_EPD3,ATC_M3_AL24477,B0,WFS,MONO,3.0,-0.75,-0.75,0.13149479013778273,0.07064402188508347,0.028275423579353153,0.04045718554165567,0.030162693981704902,0.015983073570006036,0.010304432130531919
r8-742953bd22b341c38ebb67af89ccc76e,R8_R6_ATC_M3_AL24477_B0_WFS_MONO_EPD3,R6_ATC_M3_AL24477_B0_WFS_EPD3,ATC_M3_AL24477,B0,WFS,MONO,3.0,-1.0,-1.0,0.10322908154305092,0.21195300913983525,0.07629830666576055,0.02487387067842429,0.025649065719952048,0.00916698658814654,0.009306944274477643
r8-742953bd22b341c38ebb67af89ccc76e,R8_R6_ATC_M3_AL24477_B0_WFS_MONO_EPD3,R6_ATC_M3_AL24477_B0_WFS_EPD3,ATC_M3_AL24477,B0,WFS,MONO,3.0,-1.25,-1.25,0.0817322005934645,0.08734935583245829,0.061024529742354276,0.022407438207931275,0.01229113774841297,0.0034797705407587165,0.0018378336146644123
r8-742953bd22b341c38ebb67af89ccc76e,R8_R6_ATC_M3_AL24477_B0_WFS_MONO_EPD3,R6_ATC_M3_AL24477_B0_WFS_EPD3,ATC_M3_AL24477,B0,WFS,MONO,3.0,-1.5,-1.5,0.0683860331317944,0.0799771286843157,0.023375866656265912,0.013306834406324452,0.005148976378611893,0.005838235327317484,0.000175111815737126
r8-742953bd22b341c38ebb67af89ccc76e,R8_R6_ATC_M3_AL24477_B0_WFS_MONO_EPD3,R6_ATC_M3_AL24477_B0_WFS_EPD3,ATC_M3_AL24477,B0,WFS,MONO,3.0,-1.75,-1.75,0.05937728306083913,0.09986103167465543,0.010806948638518844,0.011170686940037377,0.002251512323562818,0.0054595860193158915,0.003327225691214508
r8-742953bd22b341c38ebb67af89ccc76e,R8_R6_ATC_M3_AL24477_B0_WFS_MONO_EPD3,R6_ATC_M3_AL24477_B0_WFS_EPD3,ATC_M3_AL24477,B0,WFS,MONO,3.0,-2.0,-2.0,0.05083776056844376,0.0011919638631200022,0.02235671592579025,0.005827409754362601,0.003926666867420089,0.0019859389346622287,0.002574214236723796
r8-742953bd22b341c38ebb67af89ccc76e,R8_R6_ATC_M3_AL24477_B0_WFS_MONO_EPD3,R6_ATC_M3_AL24477_B0_WFS_EPD3,ATC_M3_AL24477,B0,WFS,MONO,3.0,-2.25,-2.25,0.04422219003411367,0.06214373909316824,0.02088939933113324,0.0038535450113830333,0.005260448204877807,0.00033378553587388147,0.0013410381890380336
r8-742953bd22b341c38ebb67af89ccc76e,R8_R6_ATC_M3_AL24477_B0_WFS_MONO_EPD3,R6_ATC_M3_AL24477_B0_WFS_EPD3,ATC_M3_AL24477,B0,WFS,MONO,3.0,-2.5,-2.5,0.04011829353977874,0.025302908231965036,0.011257734543459165,0.0024919780470575156,0.0035770271428145935,0.0016190872873671318,0.0007730467123723214
r8-742953bd22b341c38ebb67af89ccc76e,R8_R6_ATC_M3_AL24477_B0_WFS_MONO_EPD3,R6_ATC_M3_AL24477_B0_WFS_EPD3,ATC_M3_AL24477,B0,WFS,MONO,3.0,-2.75,-2.75,0.0361304302854304,0.03334919087702876,0.0005028369046722353,0.001961175806741166,0.0023669481241714832,0.0027698197470405733,0.0005527159671073271
r8-742953bd22b341c38ebb67af89ccc76e,R8_R6_ATC_M3_AL24477_B0_WFS_MONO_EPD3,R6_ATC_M3_AL24477_B0_WFS_EPD3,ATC_M3_AL24477,B0,WFS,MONO,3.0,-3.0,-3.0,0.03209326157456115,0.02997960658176449,0.006605790735921867,0.0008078511983045903,0.0005157861093449009,0.001492520007525446,0.0014098451442364724
r8-742953bd22b341c38ebb67af89ccc76e,R8_R6_ATC_M3_AL24477_B0_WFS_EDOF_EPD3,R6_ATC_M3_AL24477_B0_WFS_EPD3,ATC_M3_AL24477,B0,WFS,EDOF,3.0,0.5,0.5,0.18863146668089756,0.16477033246900868,0.2132355537990965,0.13845425257038319,0.08926523902460079,0.05150550882925829,0.0010655386403331363
r8-742953bd22b341c38ebb67af89ccc76e,R8_R6_ATC_M3_AL24477_B0_WFS_EDOF_EPD3,R6_ATC_M3_AL24477_B0_WFS_EPD3,ATC_M3_AL24477,B0,WFS,EDOF,3.0,0.25,0.25,0.22042346990981948,0.4038567701001998,0.14378879199712497,0.13606485399185494,0.09092022925598367,0.06440507009485,0.006629077597232089
r8-742953bd22b341c38ebb67af89ccc76e,R8_R6_ATC_M3_AL24477_B0_WFS_EDOF_EPD3,R6_ATC_M3_AL24477_B0_WFS_EPD3,ATC_M3_AL24477,B0,WFS,EDOF,3.0,0.0,0.0,0.35418384947377995,0.647984622734715,0.31944158466684996,0.20009331184084,0.16565152248180487,0.1972700915220835,0.21715541281795667
r8-742953bd22b341c38ebb67af89ccc76e,R8_R6_ATC_M3_AL24477_B0_WFS_EDOF_EPD3,R6_ATC_M3_AL24477_B0_WFS_EPD3,ATC_M3_AL24477,B0,WFS,EDOF,3.0,-0.25,-0.25,0.26290291132382015,0.6464449858399955,0.284405395639788,0.049220508507172,0.011784335587778891,0.050918787261088436,0.10165365551952367
r8-742953bd22b341c38ebb67af89ccc76e,R8_R6_ATC_M3_AL24477_B0_WFS_EDOF_EPD3,R6_ATC_M3_AL24477_B0_WFS_EPD3,ATC_M3_AL24477,B0,WFS,EDOF,3.0,-0.5,-0.5,0.19402043206902156,0.34269235555298844,0.0537860022742144,0.10985840702092534,0.11119232651841882,0.07916215729817747,0.06318014322210765
r8-742953bd22b341c38ebb67af89ccc76e,R8_R6_ATC_M3_AL24477_B0_WFS_EDOF_EPD3,R6_ATC_M3_AL24477_B0_WFS_EPD3,ATC_M3_AL24477,B0,WFS,EDOF,3.0,-0.75,-0.75,0.1299771050876848,0.03831034953416328,0.04181553016065177,0.028953963979783153,0.030082947184484066,0.0026820260849525976,0.020325888392168364
r8-742953bd22b341c38ebb67af89ccc76e,R8_R6_ATC_M3_AL24477_B0_WFS_EDOF_EPD3,R6_ATC_M3_AL24477_B0_WFS_EPD3,ATC_M3_AL24477,B0,WFS,EDOF,3.0,-1.0,-1.0,0.10769177219517355,0.20828942235027503,0.14685771882814014,0.004185939415204601,0.01962018531786431,0.007319627707844851,0.005243945000675229
r8-742953bd22b341c38ebb67af89ccc76e,R8_R6_ATC_M3_AL24477_B0_WFS_EDOF_EPD3,R6_ATC_M3_AL24477_B0_WFS_EPD3,ATC_M3_AL24477,B0,WFS,EDOF,3.0,-1.25,-1.25,0.08995282267881194,0.10186795773489907,0.07286654464196454,0.014295035781174704,0.0066140327425310876,0.006733139746870601,0.0019159968903192652
r8-742953bd22b341c38ebb67af89ccc76e,R8_R6_ATC_M3_AL24477_B0_WFS_EDOF_EPD3,R6_ATC_M3_AL24477_B0_WFS_EPD3,ATC_M3_AL24477,B0,WFS,EDOF,3.0,-1.5,-1.5,0.0778436963407316,0.08989604066056359,0.02692134067311508,0.0008404435349007328,0.0014176006230299486,0.007512403517718339,0.0016945386876221539
r8-742953bd22b341c38ebb67af89ccc76e,R8_R6_ATC_M3_AL24477_B0_WFS_EDOF_EPD3,R6_ATC_M3_AL24477_B0_WFS_EPD3,ATC_M3_AL24477,B0,WFS,EDOF,3.0,-1.75,-1.75,0.06656988312418911,0.15528787513464115,0.053019407837825376,0.007354459332115122,0.007954963084737924,0.004416446849504879,0.004287070191100167
r8-742953bd22b341c38ebb67af89ccc76e,R8_R6_ATC_M3_AL24477_B0_WFS_EDOF_EPD3,R6_ATC_M3_AL24477_B0_WFS_EPD3,ATC_M3_AL24477,B0,WFS,EDOF,3.0,-2.0,-2.0,0.05551688119952907,0.07333772098826594,0.03292074203043899,0.0055321662784064835,0.004932176594535664,0.000488519791352019,0.00238303909483181
r8-742953bd22b341c38ebb67af89ccc76e,R8_R6_ATC_M3_AL24477_B0_WFS_EDOF_EPD3,R6_ATC_M3_AL24477_B0_WFS_EPD3,ATC_M3_AL24477,B0,WFS,EDOF,3.0,-2.25,-2.25,0.04766047895537455,0.026404674190374566,0.0013654099585806885,0.0009406988716104193,0.005603384786704791,0.0022989330893532474,3.6281945992554365e-05
r8-742953bd22b341c38ebb67af89ccc76e,R8_R6_ATC_M3_AL24477_B0_WFS_EDOF_EPD3,R6_ATC_M3_AL24477_B0_WFS_EPD3,ATC_M3_AL24477,B0,WFS,EDOF,3.0,-2.5,-2.5,0.04175394789293144,0.05205960314264002,0.00850480593252724,0.00046391857025629294,0.0020157856999966813,0.0026584357242928304,6.333170643051053e-05
r8-742953bd22b341c38ebb67af89ccc76e,R8_R6_ATC_M3_AL24477_B0_WFS_EDOF_EPD3,R6_ATC_M3_AL24477_B0_WFS_EPD3,ATC_M3_AL24477,B0,WFS,EDOF,3.0,-2.75,-2.75,0.03608889405632845,0.03102057214870537,0.007958814740607967,0.00035129195054479337,0.0003778195952391229,0.0020821339927719756,0.0012369557864121159
r8-742953bd22b341c38ebb67af89ccc76e,R8_R6_ATC_M3_AL24477_B0_WFS_EDOF_EPD3,R6_ATC_M3_AL24477_B0_WFS_EPD3,ATC_M3_AL24477,B0,WFS,EDOF,3.0,-3.0,-3.0,0.03186423587172959,0.02140752280724812,0.009664358822518333,0.0010771216347837276,0.0015715024338330678,3.9898765898828445e-05,0.0018905164631285234
r8-742953bd22b341c38ebb67af89ccc76e,R8_R6_ATC_M3_AL24477_B0_WFS_MONO_EPD5,R6_ATC_M3_AL24477_B0_WFS_EPD5,ATC_M3_AL24477,B0,WFS,MONO,5.0,0.5,0.5,0.06707926570787624,0.10413069126295928,0.049974124631160535,0.021781470936810474,0.009169947040940454,0.004623117215761226,9.706631247502742e-05
r8-742953bd22b341c38ebb67af89ccc76e,R8_R6_ATC_M3_AL24477_B0_WFS_MONO_EPD5,R6_ATC_M3_AL24477_B0_WFS_EPD5,ATC_M3_AL24477,B0,WFS,MONO,5.0,0.25,0.25,0.12339437950969097,0.17053775382731123,0.11673334220679463,0.08584336125296309,0.062237024424799,0.03311086811642716,0.013982999770133807
r8-742953bd22b341c38ebb67af89ccc76e,R8_R6_ATC_M3_AL24477_B0_WFS_MONO_EPD5,R6_ATC_M3_AL24477_B0_WFS_EPD5,ATC_M3_AL24477,B0,WFS,MONO,5.0,0.0,0.0,0.1936850943439535,0.2646076409245469,0.1897927418779775,0.1463418197786554,0.12495255375003204,0.10613899567633181,0.08631964124129948
r8-742953bd22b341c38ebb67af89ccc76e,R8_R6_ATC_M3_AL24477_B0_WFS_MONO_EPD5,R6_ATC_M3_AL24477_B0_WFS_EPD5,ATC_M3_AL24477,B0,WFS,MONO,5.0,-0.25,-0.25,0.1423787474928897,0.3037358881689328,0.1480956367353527,0.04570815492126366,0.016260383491179663,0.011533271184150122,0.01810025874539682
r8-742953bd22b341c38ebb67af89ccc76e,R8_R6_ATC_M3_AL24477_B0_WFS_MONO_EPD5,R6_ATC_M3_AL24477_B0_WFS_EPD5,ATC_M3_AL24477,B0,WFS,MONO,5.0,-0.5,-0.5,0.13418304024751254,0.25073745814233384,0.01005752389526606,0.020935871112000955,0.06153189348689958,0.058901901199991696,0.054049957018715775
r8-742953bd22b341c38ebb67af89ccc76e,R8_R6_ATC_M3_AL24477_B0_WFS_MONO_EPD5,R6_ATC_M3_AL24477_B0_WFS_EPD5,ATC_M3_AL24477,B0,WFS,MONO,5.0,-0.75,-0.75,0.11263384489936254,0.1405045389236932,0.039251418171635216,0.07133843132480167,0.004323924689648954,0.015992641477671085,0.028439400469044043
r8-742953bd22b341c38ebb67af89ccc76e,R8_R6_ATC_M3_AL24477_B0_WFS_MONO_EPD5,R6_ATC_M3_AL24477_B0_WFS_EPD5,ATC_M3_AL24477,B0,WFS,MONO,5.0,-1.0,-1.0,0.10775736552408026,0.001894062670501804,0.11829857971265757,0.020989870124175136,0.05103254302883892,0.0016008341624739943,0.02097145261237115
r8-742953bd22b341c38ebb67af89ccc76e,R8_R6_ATC_M3_AL24477_B0_WFS_MONO_EPD5,R6_ATC_M3_AL24477_B0_WFS_EPD5,ATC_M3_AL24477,B0,WFS,MONO,5.0,-1.25,-1.25,0.09438472535603065,0.011997155173651575,0.010565479546345423,0.042968042112019905,0.040744798491345637,0.0024095168153779756,0.01578270978768003
r8-742953bd22b341c38ebb67af89ccc76e,R8_R6_ATC_M3_AL24477_B0_WFS_MONO_EPD5,R6_ATC_M3_AL24477_B0_WFS_EPD5,ATC_M3_AL24477,B0,WFS,MONO,5.0,-1.5,-1.5,0.09876839154099441,0.159848012499694,0.08778971425369247,0.053664407162355585,0.017468935459193008,0.011399333934973058,0.0340721645080527
r8-742953bd22b341c38ebb67af89ccc76e,R8_R6_ATC_M3_AL24477_B0_WFS_MONO_EPD5,R6_ATC_M3_AL24477_B0_WFS_EPD5,ATC_M3_AL24477,B0,WFS,MONO,5.0,-1.75,-1.75,0.07019958015224667,0.14158315550056838,0.020995193013113426,0.008476122604084422,0.00933061367398916,0.0047878587933030126,0.021603112844008555
r8-742953bd22b341c38ebb67af89ccc76e,R8_R6_ATC_M3_AL24477_B0_WFS_MONO_EPD5,R6_ATC_M3_AL24477_B0_WFS_EPD5,ATC_M3_AL24477,B0,WFS,MONO,5.0,-2.0,-2.0,0.05915165839331108,0.008678665917313918,0.007721864336757171,0.024060745686754016,0.0141909996451959,0.011039992072391886,0.009995131238394005
r8-742953bd22b341c38ebb67af89ccc76e,R8_R6_ATC_M3_AL24477_B0_WFS_MONO_EPD5,R6_ATC_M3_AL24477_B0_WFS_EPD5,ATC_M3_AL24477,B0,WFS,MONO,5.0,-2.25,-2.25,0.052396697968367136,0.05914500778598937,0.0007958099050457508,0.022972559543568964,0.010807263587082385,0.006402797256442811,0.005228936508950821
r8-742953bd22b341c38ebb67af89ccc76e,R8_R6_ATC_M3_AL24477_B0_WFS_MONO_EPD5,R6_ATC_M3_AL24477_B0_WFS_EPD5,ATC_M3_AL24477,B0,WFS,MONO,5.0,-2.5,-2.5,0.04901297757883896,0.006284393919845788,0.0064563479887789306,0.013872805575021963,0.011696510544090044,0.016364730373872503,0.00020767750800536076
r8-742953bd22b341c38ebb67af89ccc76e,R8_R6_ATC_M3_AL24477_B0_WFS_MONO_EPD5,R6_ATC_M3_AL24477_B0_WFS_EPD5,ATC_M3_AL24477,B0,WFS,MONO,5.0,-2.75,-2.75,0.04472227183901266,0.06612273765053212,0.006672080003812745,0.01919385244050857,0.017196777136892567,0.0015934249999399212,9.292506054957422e-05
r8-742953bd22b341c38ebb67af89ccc76e,R8_R6_ATC_M3_AL24477_B0_WFS_MONO_EPD5,R6_ATC_M3_AL24477_B0_WFS_EPD5,ATC_M3_AL24477,B0,WFS,MONO,5.0,-3.0,-3.0,0.04126710236988245,0.01604016209999252,0.014104081440117482,0.0017603409835616633,0.017790454060177156,0.008551754319674965,0.0006524429331594964
r8-742953bd22b341c38ebb67af89ccc76e,R8_R6_ATC_M3_AL24477_B0_WFS_EDOF_EPD5,R6_ATC_M3_AL24477_B0_WFS_EPD5,ATC_M3_AL24477,B0,WFS,EDOF,5.0,0.5,1.0,0.07332320602118006,0.06576660525429306,0.08278038684501346,0.04039987486737863,0.023308026729195408,0.012406700828355734,0.007995663646466774
r8-742953bd22b341c38ebb67af89ccc76e,R8_R6_ATC_M3_AL24477_B0_WFS_EDOF_EPD5,R6_ATC_M3_AL24477_B0_WFS_EPD5,ATC_M3_AL24477,B0,WFS,EDOF,5.0,0.25,0.75,0.09355468995990542,0.11022654300420792,0.05429604401706978,0.058368142874479494,0.04291260316512166,0.02894652869864008,0.0077384224551317275
r8-742953bd22b341c38ebb67af89ccc76e,R8_R6_ATC_M3_AL24477_B0_WFS_EDOF_EPD5,R6_ATC_M3_AL24477_B0_WFS_EPD5,ATC_M3_AL24477,B0,WFS,EDOF,5.0,0.0,0.5,0.12727270475654542,0.21446452709146208,0.08090487090404526,0.04224673923962544,0.04852047312358167,0.06048212921306631,0.0684435349079615
r8-742953bd22b341c38ebb67af89ccc76e,R8_R6_ATC_M3_AL24477_B0_WFS_EDOF_EPD5,R6_ATC_M3_AL24477_B0_WFS_EPD5,ATC_M3_AL24477,B0,WFS,EDOF,5.0,-0.25,0.25,0.14774189199927892,0.2836394156544552,0.1543094460893153,0.05735973934282098,0.023096389150228457,0.02768579161260889,0.04149381651553709
r8-742953bd22b341c38ebb67af89ccc76e,R8_R6_ATC_M3_AL24477_B0_WFS_EDOF_EPD5,R6_ATC_M3_AL24477_B0_WFS_EPD5,ATC_M3_AL24477,B0,WFS,EDOF,5.0,-0.5,0.0,0.14810537229445983,0.25617173536749066,0.049343922610651965,0.05593560566307687,0.0710402109292417,0.06073291047770045,0.05120510489341215
r8-742953bd22b341c38ebb67af89ccc76e,R8_R6_ATC_M3_AL24477_B0_WFS_EDOF_EPD5,R6_ATC_M3_AL24477_B0_WFS_EPD5,ATC_M3_AL24477,B0,WFS,EDOF,5.0,-0.75,-0.25,0.12627723921848902,0.15131974243003213,0.03733165762099988,0.07959884249005689,0.020651445292291612,0.05341646147213454,0.05122814859293906
r8-742953bd22b341c38ebb67af89ccc76e,R8_R6_ATC_M3_AL24477_B0_WFS_EDOF_EPD5,R6_ATC_M3_AL24477_B0_WFS_EPD5,ATC_M3_AL24477,B0,WFS,EDOF,5.0,-1.0,-0.5,0.10806888203350919,0.0029794176605441643,0.14968929212480797,0.00599236679929694,0.027746842443978723,0.010355143852051114,0.0303130109409818
r8-742953bd22b341c38ebb67af89ccc76e,R8_R6_ATC_M3_AL24477_B0_WFS_EDOF_EPD5,R6_ATC_M3_AL24477_B0_WFS_EPD5,ATC_M3_AL24477,B0,WFS,EDOF,5.0,-1.25,-0.75,0.0978539549258727,0.006231658344482507,0.014992129162779953,0.06523126840027035,0.026720361183487223,0.0027289612334415484,0.0308074579515482
r8-742953bd22b341c38ebb67af89ccc76e,R8_R6_ATC_M3_AL24477_B0_WFS_EDOF_EPD5,R6_ATC_M3_AL24477_B0_WFS_EPD5,ATC_M3_AL24477,B0,WFS,EDOF,5.0,-1.5,-1.0,0.1001329468147104,0.16188881051010706,0.06623352319788461,0.0399752963680237,0.008578729926692117,0.012465663200220608,0.039582454939668194
r8-742953bd22b341c38ebb67af89ccc76e,R8_R6_ATC_M3_AL24477_B0_WFS_EDOF_EPD5,R6_ATC_M3_AL24477_B0_WFS_EPD5,ATC_M3_AL24477,B0,WFS,EDOF,5.0,-1.75,-1.25,0.07161224152072969,0.15988787692700948,0.03833178311396755,0.005365412432624724,0.012907522602892987,0.0005777986068704338,0.007718679790204686
r8-742953bd22b341c38ebb67af89ccc76e,R8_R6_ATC_M3_AL24477_B0_WFS_EDOF_EPD5,R6_ATC_M3_AL24477_B0_WFS_EPD5,ATC_M3_AL24477,B0,WFS,EDOF,5.0,-2.0,-1.5,0.05781259783206457,0.017461029327429597,0.0026703840236227965,0.029461573337351308,0.007622426945961406,0.007087032647017946,0.004673821782483382
r8-742953bd22b341c38ebb67af89ccc76e,R8_R6_ATC_M3_AL24477_B0_WFS_EDOF_EPD5,R6_ATC_M3_AL24477_B0_WFS_EPD5,ATC_M3_AL24477,B0,WFS,EDOF,5.0,-2.25,-1.75,0.05097132327334173,0.043491286913201754,0.005133969319377759,0.015413564221580769,0.00017126124722941633,0.01812832407837596,0.0030752623930599813
r8-742953bd22b341c38ebb67af89ccc76e,R8_R6_ATC_M3_AL24477_B0_WFS_EDOF_EPD5,R6_ATC_M3_AL24477_B0_WFS_EPD5,ATC_M3_AL24477,B0,WFS,EDOF,5.0,-2.5,-2.0,0.048235738813355876,0.00037044697019241856,0.010162270766135555,0.011192030907246311,0.004005453543201906,0.009440203072578299,0.0023796623539834626
r8-742953bd22b341c38ebb67af89ccc76e,R8_R6_ATC_M3_AL24477_B0_WFS_EDOF_EPD5,R6_ATC_M3_AL24477_B0_WFS_EPD5,ATC_M3_AL24477,B0,WFS,EDOF,5.0,-2.75,-2.25,0.04445073986886753,0.04464789366088275,0.007154499168061222,0.01886397826549132,0.01428513422977065,0.012602638976876752,0.0035976468863272337
r8-742953bd22b341c38ebb67af89ccc76e,R8_R6_ATC_M3_AL24477_B0_WFS_EDOF_EPD5,R6_ATC_M3_AL24477_B0_WFS_EPD5,ATC_M3_AL24477,B0,WFS,EDOF,5.0,-3.0,-2.5,0.040844348961944985,0.03638536285988594,0.014857319005778502,0.0015267978805749184,0.01698753727059204,0.00792916014024531,0.003262469049368733
r8-742953bd22b341c38ebb67af89ccc76e,R8_R6_ATC_M3_AL24477_B0_RAD_MONO_EPD3,R6_ATC_M3_AL24477_B0_RAD_EPD3,ATC_M3_AL24477,B0,RAD,MONO,3.0,0.5,0.5,0.15080855638535945,0.25401685876121644,0.06074217812243414,0.04759683506166519,0.03427115448374709,0.024947317519512707,0.018703048691345415
r8-742953bd22b341c38ebb67af89ccc76e,R8_R6_ATC_M3_AL24477_B0_RAD_MONO_EPD3,R6_ATC_M3_AL24477_B0_RAD_EPD3,ATC_M3_AL24477,B0,RAD,MONO,3.0,0.25,0.25,0.2832955292982213,0.5876959317311803,0.3097928466000003,0.18045139085123502,0.09737034894400268,0.03762914420891825,0.0004777259741400348
r8-742953bd22b341c38ebb67af89ccc76e,R8_R6_ATC_M3_AL24477_B0_RAD_MONO_EPD3,R6_ATC_M3_AL24477_B0_RAD_EPD3,ATC_M3_AL24477,B0,RAD,MONO,3.0,0.0,0.0,0.5816329820867846,0.8193976017301211,0.6642438692439434,0.5458613217198349,0.4501503368518275,0.3700650978844656,0.28843697220279957
r8-742953bd22b341c38ebb67af89ccc76e,R8_R6_ATC_M3_AL24477_B0_RAD_MONO_EPD3,R6_ATC_M3_AL24477_B0_RAD_EPD3,ATC_M3_AL24477,B0,RAD,MONO,3.0,-0.25,-0.25,0.2686431543057316,0.7255678843595896,0.3149105319173575,0.05448039752136896,0.014941909887561014,0.004032723306701533,0.03074209366119007
r8-742953bd22b341c38ebb67af89ccc76e,R8_R6_ATC_M3_AL24477_B0_RAD_MONO_EPD3,R6_ATC_M3_AL24477_B0_RAD_EPD3,ATC_M3_AL24477,B0,RAD,MONO,3.0,-0.5,-0.5,0.18030121701216828,0.33668286907635814,0.15062294310833874,0.02346095573102877,0.05396070773212357,0.046197487799542185,0.02684613057815742
r8-742953bd22b341c38ebb67af89ccc76e,R8_R6_ATC_M3_AL24477_B0_RAD_MONO_EPD3,R6_ATC_M3_AL24477_B0_RAD_EPD3,ATC_M3_AL24477,B0,RAD,MONO,3.0,-0.75,-0.75,0.12882370574421936,0.060429501841361886,0.013599799901073899,0.04527564041623797,0.024615527517736643,0.0171184223792704,0.010247399304858403
r8-742953bd22b341c38ebb67af89ccc76e,R8_R6_ATC_M3_AL24477_B0_RAD_MONO_EPD3,R6_ATC_M3_AL24477_B0_RAD_EPD3,ATC_M3_AL24477,B0,RAD,MONO,3.0,-1.0,-1.0,0.09992262551157279,0.19719360370702352,0.06929046766855243,0.025167336817823276,0.022975912660348465,0.01088853254543607,0.009532885097127942
r8-742953bd22b341c38ebb67af89ccc76e,R8_R6_ATC_M3_AL24477_B0_RAD_MONO_EPD3,R6_ATC_M3_AL24477_B0_RAD_EPD3,ATC_M3_AL24477,B0,RAD,MONO,3.0,-1.25,-1.25,0.07832186238389299,0.07670925414660419,0.053026649149008204,0.020556945242174583,0.01239736352754764,0.001313127167684202,0.0027826709195787423
r8-742953bd22b341c38ebb67af89ccc76e,R8_R6_ATC_M3_AL24477_B0_RAD_MONO_EPD3,R6_ATC_M3_AL24477_B0_RAD_EPD3,ATC_M3_AL24477,B0,RAD,MONO,3.0,-1.5,-1.5,0.06547001653800316,0.07560371545078544,0.022391489264899853,0.011792009916328911,0.005928328508377195,0.0049849781904812585,0.0009486399215314743
r8-742953bd22b341c38ebb67af89ccc76e,R8_R6_ATC_M3_AL24477_B0_RAD_MONO_EPD3,R6_ATC_M3_AL24477_B0_RAD_EPD3,ATC_M3_AL24477,B0,RAD,MONO,3.0,-1.75,-1.75,0.05681943538477919,0.08537917097010733,0.00609504758657535,0.009865395462445099,0.0013690962547935575,0.005505893213891674,0.002775650523768153
r8-742953bd22b341c38ebb67af89ccc76e,R8_R6_ATC_M3_AL24477_B0_RAD_MONO_EPD3,R6_ATC_M3_AL24477_B0_RAD_EPD3,ATC_M3_AL24477,B0,RAD,MONO,3.0,-2.0,-2.0,0.04886110259669664,0.006531771343670582,0.01745359689680693,0.005044391425141287,0.003410566773069278,0.0025747129618232042,0.0026016078533964773
r8-742953bd22b341c38ebb67af89ccc76e,R8_R6_ATC_M3_AL24477_B0_RAD_MONO_EPD3,R6_ATC_M3_AL24477_B0_RAD_EPD3,ATC_M3_AL24477,B0,RAD,MONO,3.0,-2.25,-2.25,0.04270725539006147,0.055674302219962835,0.018528287219563587,0.0029654188196583256,0.004969726391487872,0.00021543910054135356,0.0015471362366141373
r8-742953bd22b341c38ebb67af89ccc76e,R8_R6_ATC_M3_AL24477_B0_RAD_MONO_EPD3,R6_ATC_M3_AL24477_B0_RAD_EPD3,ATC_M3_AL24477,B0,RAD,MONO,3.0,-2.5,-2.5,0.038270459792119293,0.015493010975122217,0.012020804929076154,0.0016585840503027904,0.0035662465627699894,0.001171370574497426,0.001068949664045255
r8-742953bd22b341c38ebb67af89ccc76e,R8_R6_ATC_M3_AL24477_B0_RAD_MONO_EPD3,R6_ATC_M3_AL24477_B0_RAD_EPD3,ATC_M3_AL24477,B0,RAD,MONO,3.0,-2.75,-2.75,0.03493047396072704,0.03332894316931251,0.002985673555429606,0.0012822052753211808,0.002451855072708675,0.0026572919249980217,0.00016949848242641996
r8-742953bd22b341c38ebb67af89ccc76e,R8_R6_ATC_M3_AL24477_B0_RAD_MONO_EPD3,R6_ATC_M3_AL24477_B0_RAD_EPD3,ATC_M3_AL24477,B0,RAD,MONO,3.0,-3.0,-3.0,0.03087845416131162,0.022216524685025486,0.004168624952935781,0.00034844177212007616,0.0008569280319157999,0.0018094569026230677,0.0011366766393964378
r8-742953bd22b341c38ebb67af89ccc76e,R8_R6_ATC_M3_AL24477_B0_RAD_EDOF_EPD3,R6_ATC_M3_AL24477_B0_RAD_EPD3,ATC_M3_AL24477,B0,RAD,EDOF,3.0,0.5,0.25,0.19212095012758118,0.44752315139218735,0.18263158932347173,0.08559895796958178,0.028813166370875005,0.011403075121535702,0.04330602442736867
r8-742953bd22b341c38ebb67af89ccc76e,R8_R6_ATC_M3_AL24477_B0_RAD_EDOF_EPD3,R6_ATC_M3_AL24477_B0_RAD_EPD3,ATC_M3_AL24477,B0,RAD,EDOF,3.0,0.25,0.0,0.2866085047537246,0.36735874036360816,0.2938893805580011,0.2627987977340258,0.19389162631068618,0.16393514367189366,0.11733624294713614
r8-742953bd22b341c38ebb67af89ccc76e,R8_R6_ATC_M3_AL24477_B0_RAD_EDOF_EPD3,R6_ATC_M3_AL24477_B0_RAD_EPD3,ATC_M3_AL24477,B0,RAD,EDOF,3.0,0.0,-0.25,0.13368119438251078,0.2327076920185719,0.08912432681808952,0.0667895781609592,0.047809012464410605,0.00012347484392899864,0.006515153275779041
r8-742953bd22b341c38ebb67af89ccc76e,R8_R6_ATC_M3_AL24477_B0_RAD_EDOF_EPD3,R6_ATC_M3_AL24477_B0_RAD_EPD3,ATC_M3_AL24477,B0,RAD,EDOF,3.0,-0.25,-0.5,0.08825486051690835,0.10680085808129461,0.0958796631754391,0.0015916551688944154,0.009957166715612606,0.004564456354768757,0.010418683106111113
r8-742953bd22b341c38ebb67af89ccc76e,R8_R6_ATC_M3_AL24477_B0_RAD_EDOF_EPD3,R6_ATC_M3_AL24477_B0_RAD_EPD3,ATC_M3_AL24477,B0,RAD,EDOF,3.0,-0.5,-0.75,0.06939200809540005,0.021654361640255398,0.016785030748615565,0.0006726271042788923,0.0010508772220209738,0.005548867049901124,0.027404484588814074
r8-742953bd22b341c38ebb67af89ccc76e,R8_R6_ATC_M3_AL24477_B0_RAD_EDOF_EPD3,R6_ATC_M3_AL24477_B0_RAD_EPD3,ATC_M3_AL24477,B0,RAD,EDOF,3.0,-0.75,-1.0,0.060999243681349166,0.02100066255463152,0.046141720577610235,0.031408715070257,0.004037070660336147,0.017913350253053056,0.004090200076133585
r8-742953bd22b341c38ebb67af89ccc76e,R8_R6_ATC_M3_AL24477_B0_RAD_EDOF_EPD3,R6_ATC_M3_AL24477_B0_RAD_EPD3,ATC_M3_AL24477,B0,RAD,EDOF,3.0,-1.0,-1.25,0.06619145398517126,0.023840932063855957,0.030342761303813737,0.01639115206855451,0.034780858537700465,0.02893865590305093,0.015559983577070337
r8-742953bd22b341c38ebb67af89ccc76e,R8_R6_ATC_M3_AL24477_B0_RAD_EDOF_EPD3,R6_ATC_M3_AL24477_B0_RAD_EPD3,ATC_M3_AL24477,B0,RAD,EDOF,3.0,-1.25,-1.5,0.047711230962779266,0.009325413662125127,0.018772510581804173,0.0027404261519544323,0.018093415553394696,0.00780790232868061,0.011371295247275606
r8-742953bd22b341c38ebb67af89ccc76e,R8_R6_ATC_M3_AL24477_B0_RAD_EDOF_EPD3,R6_ATC_M3_AL24477_B0_RAD_EPD3,ATC_M3_AL24477,B0,RAD,EDOF,3.0,-1.5,-1.75,0.0400735213472886,0.053848850064031256,0.014690415779855796,0.012204594635008448,0.0054917267845627,0.0029203189746840287,0.007878848496647817
r8-742953bd22b341c38ebb67af89ccc76e,R8_R6_ATC_M3_AL24477_B0_RAD_EDOF_EPD3,R6_ATC_M3_AL24477_B0_RAD_EPD3,ATC_M3_AL24477,B0,RAD,EDOF,3.0,-1.75,-2.0,0.041090950732795756,0.06870229824410806,0.002379299743739516,0.032833098731283275,0.010303303868563086,0.007756760886658859,0.008982757712919426
r8-742953bd22b341c38ebb67af89ccc76e,R8_R6_ATC_M3_AL24477_B0_RAD_EDOF_EPD3,R6_ATC_M3_AL24477_B0_RAD_EPD3,ATC_M3_AL24477,B0,RAD,EDOF,3.0,-2.0,-2.25,0.035993667278457896,0.03652168043121651,0.0026709029742756954,0.010014517789954437,0.0008591757592133584,0.013825486710092306,0.01912884923243968
r8-742953bd22b341c38ebb67af89ccc76e,R8_R6_ATC_M3_AL24477_B0_RAD_EDOF_EPD3,R6_ATC_M3_AL24477_B0_RAD_EPD3,ATC_M3_AL24477,B0,RAD,EDOF,3.0,-2.25,-2.5,0.03730627047048834,0.012438441354022878,0.013861318926049079,0.0027522958108633674,0.003634888446170821,0.0050038322926109075,0.0014384259564194611
r8-742953bd22b341c38ebb67af89ccc76e,R8_R6_ATC_M3_AL24477_B0_RAD_EDOF_EPD3,R6_ATC_M3_AL24477_B0_RAD_EPD3,ATC_M3_AL24477,B0,RAD,EDOF,3.0,-2.5,-2.75,0.03758928237961927,0.03214884485238065,0.004934313692387752,0.0034710647793198433,0.0137323376583596,0.02224228676904368,0.01167914899498395
r8-742953bd22b341c38ebb67af89ccc76e,R8_R6_ATC_M3_AL24477_B0_RAD_EDOF_EPD3,R6_ATC_M3_AL24477_B0_RAD_EPD3,ATC_M3_AL24477,B0,RAD,EDOF,3.0,-2.75,-3.0,0.037022203438483996,0.011465580320315796,0.021120472523583934,0.006932271610228656,0.016021958016361727,0.010087182192531522,0.011221980347102154
r8-742953bd22b341c38ebb67af89ccc76e,R8_R6_ATC_M3_AL24477_B0_RAD_EDOF_EPD3,R6_ATC_M3_AL24477_B0_RAD_EPD3,ATC_M3_AL24477,B0,RAD,EDOF,3.0,-3.0,-3.25,0.04122809296400218,0.021211818508835422,0.024102857169862792,0.011492475671771835,0.017500007319940978,0.00486437665177003,0.010898668192620933
r8-742953bd22b341c38ebb67af89ccc76e,R8_R6_ATC_M3_AL24477_B0_RAD_MONO_EPD5,R6_ATC_M3_AL24477_B0_RAD_EPD5,ATC_M3_AL24477,B0,RAD,MONO,5.0,0.5,0.5,0.061180189289831495,0.08065555841492056,0.027945985299282147,0.013527051948931864,0.0036734486685049217,0.0016902534086640575,0.0015870217000241989
r8-742953bd22b341c38ebb67af89ccc76e,R8_R6_ATC_M3_AL24477_B0_RAD_MONO_EPD5,R6_ATC_M3_AL24477_B0_RAD_EPD5,ATC_M3_AL24477,B0,RAD,MONO,5.0,0.25,0.25,0.1160859496870457,0.17745416312217388,0.10882662095459456,0.07464282033416827,0.04286340383695375,0.02486237691306136,0.013041422457285937
r8-742953bd22b341c38ebb67af89ccc76e,R8_R6_ATC_M3_AL24477_B0_RAD_MONO_EPD5,R6_ATC_M3_AL24477_B0_RAD_EPD5,ATC_M3_AL24477,B0,RAD,MONO,5.0,0.0,0.0,0.21094658072836223,0.27987643752877733,0.21278827288020868,0.1712598581591454,0.1405431752176284,0.11363795942411514,0.0849408504875797
r8-742953bd22b341c38ebb67af89ccc76e,R8_R6_ATC_M3_AL24477_B0_RAD_MONO_EPD5,R6_ATC_M3_AL24477_B0_RAD_EPD5,ATC_M3_AL24477,B0,RAD,MONO,5.0,-0.25,-0.25,0.17399955976645223,0.33565881919243756,0.18121954947683655,0.08493947699154719,0.0387853025164471,0.026551788845422638,0.03282516979963515
r8-742953bd22b341c38ebb67af89ccc76e,R8_R6_ATC_M3_AL24477_B0_RAD_MONO_EPD5,R6_ATC_M3_AL24477_B0_RAD_EPD5,ATC_M3_AL24477,B0,RAD,MONO,5.0,-0.5,-0.5,0.15171393528616298,0.31104222156749517,0.01753529144040724,0.02408819375171278,0.07364714967607339,0.07296759945122282,0.06274366477619792
r8-742953bd22b341c38ebb67af89ccc76e,R8_R6_ATC_M3_AL24477_B0_RAD_MONO_EPD5,R6_ATC_M3_AL24477_B0_RAD_EPD5,ATC_M3_AL24477,B0,RAD,MONO,5.0,-0.75,-0.75,0.12889020391742187,0.13361953100297586,0.057804692755234394,0.08814928027548813,0.0032210641493015603,0.028911670661316613,0.04748180455269931
r8-742953bd22b341c38ebb67af89ccc76e,R8_R6_ATC_M3_AL24477_B0_RAD_MONO_EPD5,R6_ATC_M3_AL24477_B0_RAD_EPD5,ATC_M3_AL24477,B0,RAD,MONO,5.0,-1.0,-1.0,0.10848729174716847,0.006098064591554981,0.09433493861041994,0.017387830576393135,0.03241358169039345,0.0004664913443880241,0.035091778058243456
r8-742953bd22b341c38ebb67af89ccc76e,R8_R6_ATC_M3_AL24477_B0_RAD_MONO_EPD5,R6_ATC_M3_AL24477_B0_RAD_EPD5,ATC_M3_AL24477,B0,RAD,MONO,5.0,-1.25,-1.25,0.1122933265977828,0.062227244802823975,0.016038884640230268,0.03656270481413946,0.06276602987776275,0.005472999635109586,0.04147526839715747
r8-742953bd22b341c38ebb67af89ccc76e,R8_R6_ATC_M3_AL24477_B0_RAD_MONO_EPD5,R6_ATC_M3_AL24477_B0_RAD_EPD5,ATC_M3_AL24477,B0,RAD,MONO,5.0,-1.5,-1.5,0.07977653437519239,0.12862380938016368,0.08120517819684014,0.05444705443086403,0.03350159140393158,0.0008875779205206231,0.01662619230858055
r8-742953bd22b341c38ebb67af89ccc76e,R8_R6_ATC_M3_AL24477_B0_RAD_MONO_EPD5,R6_ATC_M3_AL24477_B0_RAD_EPD5,ATC_M3_AL24477,B0,RAD,MONO,5.0,-1.75,-1.75,0.0646900616728791,0.07597864128786516,0.037639216838554035,0.009892568277158974,0.008196486617394534,0.0009951853385979838,0.014916993374523953
r8-742953bd22b341c38ebb67af89ccc76e,R8_R6_ATC_M3_AL24477_B0_RAD_MONO_EPD5,R6_ATC_M3_AL24477_B0_RAD_EPD5,ATC_M3_AL24477,B0,RAD,MONO,5.0,-2.0,-2.0,0.057940957684726443,0.03364748840002576,0.04016925925975636,0.019727698635411815,0.0016113682500922696,0.021218990027532803,0.016840853615128916
r8-742953bd22b341c38ebb67af89ccc76e,R8_R6_ATC_M3_AL24477_B0_RAD_MONO_EPD5,R6_ATC_M3_AL24477_B0_RAD_EPD5,ATC_M3_AL24477,B0,RAD,MONO,5.0,-2.25,-2.25,0.054557680764974865,0.06531387891878337,0.032036651867638294,0.012569756476924092,0.004493207200484918,0.0022550412754601835,0.009548581566997848
r8-742953bd22b341c38ebb67af89ccc76e,R8_R6_ATC_M3_AL24477_B0_RAD_MONO_EPD5,R6_ATC_M3_AL24477_B0_RAD_EPD5,ATC_M3_AL24477,B0,RAD,MONO,5.0,-2.5,-2.5,0.050076244569476076,0.058479308718828685,0.03686826608077628,0.029307840265661377,0.01755832969020457,0.012508825343215391,0.006989945275772399
r8-742953bd22b341c38ebb67af89ccc76e,R8_R6_ATC_M3_AL24477_B0_RAD_MONO_EPD5,R6_ATC_M3_AL24477_B0_RAD_EPD5,ATC_M3_AL24477,B0,RAD,MONO,5.0,-2.75,-2.75,0.04383222613014843,0.041039732487305115,0.03353114542063716,0.020517316796402604,0.018237278574209606,0.009328295154145785,0.0047617511627325885
r8-742953bd22b341c38ebb67af89ccc76e,R8_R6_ATC_M3_AL24477_B0_RAD_MONO_EPD5,R6_ATC_M3_AL24477_B0_RAD_EPD5,ATC_M3_AL24477,B0,RAD,MONO,5.0,-3.0,-3.0,0.040737390671622985,0.07425411580837188,0.014905378713941559,0.006156327170993261,0.004665013327155817,0.002847342973962182,0.003604761174753334
r8-742953bd22b341c38ebb67af89ccc76e,R8_R6_ATC_M3_AL24477_B0_RAD_EDOF_EPD5,R6_ATC_M3_AL24477_B0_RAD_EPD5,ATC_M3_AL24477,B0,RAD,EDOF,5.0,0.5,0.25,0.08541257589486845,0.17837682431418173,0.07505713006394207,0.03128071926249574,0.004407623627563448,0.014654830965490702,0.023041238473799998
r8-742953bd22b341c38ebb67af89ccc76e,R8_R6_ATC_M3_AL24477_B0_RAD_EDOF_EPD5,R6_ATC_M3_AL24477_B0_RAD_EPD5,ATC_M3_AL24477,B0,RAD,EDOF,5.0,0.25,0.0,0.13988469648302074,0.1715696160367779,0.11929313441535708,0.11241316481539068,0.08631395821643956,0.08567652476942608,0.0647896748854481
r8-742953bd22b341c38ebb67af89ccc76e,R8_R6_ATC_M3_AL24477_B0_RAD_EDOF_EPD5,R6_ATC_M3_AL24477_B0_RAD_EPD5,ATC_M3_AL24477,B0,RAD,EDOF,5.0,0.0,-0.25,0.07593879385343026,0.09959960701964637,0.05601469099359295,0.025419513508112553,0.02092962621295304,0.004256847191768253,0.001074932123580575
r8-742953bd22b341c38ebb67af89ccc76e,R8_R6_ATC_M3_AL24477_B0_RAD_EDOF_EPD5,R6_ATC_M3_AL24477_B0_RAD_EPD5,ATC_M3_AL24477,B0,RAD,EDOF,5.0,-0.25,-0.5,0.07023171546073362,0.04999501702852016,0.03453994776669593,0.041801855337518457,0.010774738789849551,0.0010918028925950088,0.0032562426598610823
r8-742953bd22b341c38ebb67af89ccc76e,R8_R6_ATC_M3_AL24477_B0_RAD_EDOF_EPD5,R6_ATC_M3_AL24477_B0_RAD_EPD5,ATC_M3_AL24477,B0,RAD,EDOF,5.0,-0.5,-0.75,0.09610457782048619,0.11777693309500464,0.056934564930790514,0.005160113040570652,0.02945278288526576,0.03983602158807769,0.04081792895573035
r8-742953bd22b341c38ebb67af89ccc76e,R8_R6_ATC_M3_AL24477_B0_RAD_EDOF_EPD5,R6_ATC_M3_AL24477_B0_RAD_EPD5,ATC_M3_AL24477,B0,RAD,EDOF,5.0,-0.75,-1.0,0.14562480502564526,0.15319198142321244,0.1091404175553698,0.09869233011466438,0.07081207083204372,0.061261066939151995,0.07902653145104303
r8-742953bd22b341c38ebb67af89ccc76e,R8_R6_ATC_M3_AL24477_B0_RAD_EDOF_EPD5,R6_ATC_M3_AL24477_B0_RAD_EPD5,ATC_M3_AL24477,B0,RAD,EDOF,5.0,-1.0,-1.25,0.11574952530061315,0.11878712747694076,0.0414245342025004,0.02024142665585528,0.07248906604988425,0.03119944446185616,0.048281513004277354
r8-742953bd22b341c38ebb67af89ccc76e,R8_R6_ATC_M3_AL24477_B0_RAD_EDOF_EPD5,R6_ATC_M3_AL24477_B0_RAD_EPD5,ATC_M3_AL24477,B0,RAD,EDOF,5.0,-1.25,-1.5,0.12559565755108112,0.10794397425029945,0.09180583329482939,0.06863707066456545,0.07136757221750223,0.04843234201210489,0.06592067706823053
r8-742953bd22b341c38ebb67af89ccc76e,R8_R6_ATC_M3_AL24477_B0_RAD_EDOF_EPD5,R6_ATC_M3_AL24477_B0_RAD_EPD5,ATC_M3_AL24477,B0,RAD,EDOF,5.0,-1.5,-1.75,0.07811163966757999,0.07675299617701617,0.02218401089398908,0.016676494216805185,0.018851547137706474,0.012775859217671751,0.01753868451926737
r8-742953bd22b341c38ebb67af89ccc76e,R8_R6_ATC_M3_AL24477_B0_RAD_EDOF_EPD5,R6_ATC_M3_AL24477_B0_RAD_EPD5,ATC_M3_AL24477,B0,RAD,EDOF,5.0,-1.75,-2.0,0.05012890999329709,0.05440561196394225,0.009421254295962708,0.007174733205536554,0.007993924934872543,0.01973782027529839,0.019041422970265107
r8-742953bd22b341c38ebb67af89ccc76e,R8_R6_ATC_M3_AL24477_B0_RAD_EDOF_EPD5,R6_ATC_M3_AL24477_B0_RAD_EPD5,ATC_M3_AL24477,B0,RAD,EDOF,5.0,-2.0,-2.25,0.04378476001480048,0.02166590150937934,0.0032431770119227053,0.01650039417315645,0.01130220652431482,0.004224739892674937,0.011949647699543564
r8-742953bd22b341c38ebb67af89ccc76e,R8_R6_ATC_M3_AL24477_B0_RAD_EDOF_EPD5,R6_ATC_M3_AL24477_B0_RAD_EPD5,ATC_M3_AL24477,B0,RAD,EDOF,5.0,-2.25,-2.5,0.04037018081074972,0.03167814071016754,0.012377330419195373,0.002727658198742006,0.010002282457222414,0.025019905691339085,0.002500731508648619
r8-742953bd22b341c38ebb67af89ccc76e,R8_R6_ATC_M3_AL24477_B0_RAD_EDOF_EPD5,R6_ATC_M3_AL24477_B0_RAD_EPD5,ATC_M3_AL24477,B0,RAD,EDOF,5.0,-2.5,-2.75,0.034560038407941265,0.019721696089776107,0.006483725156311161,0.0062190485666082825,0.009860730080580913,0.005016882692123582,0.007356306281254466
r8-742953bd22b341c38ebb67af89ccc76e,R8_R6_ATC_M3_AL24477_B0_RAD_EDOF_EPD5,R6_ATC_M3_AL24477_B0_RAD_EPD5,ATC_M3_AL24477,B0,RAD,EDOF,5.0,-2.75,-3.0,0.031532999764324485,0.010817736175117125,0.015044138247193386,0.0017108137159929405,0.004246575154518262,0.011132579234996411,0.001251981441271942
r8-742953bd22b341c38ebb67af89ccc76e,R8_R6_ATC_M3_AL24477_B0_RAD_EDOF_EPD5,R6_ATC_M3_AL24477_B0_RAD_EPD5,ATC_M3_AL24477,B0,RAD,EDOF,5.0,-3.0,-3.25,0.032254174040774485,0.04738584275289518,0.00781581424859495,0.0014205537850212149,0.008890858755591563,0.006546848084305945,0.005444516909026583
r8-742953bd22b341c38ebb67af89ccc76e,R8_R6_ATC_M3_AL24477_B0_HOA_MONO_EPD3,R6_ATC_M3_AL24477_B0_HOA_EPD3,ATC_M3_AL24477,B0,HOA,MONO,3.0,0.5,0.5,0.21268150371043884,0.30123572210853067,0.20624023448074147,0.15247309665787004,0.09502262222385291,0.05030640851650535,0.025726240574241832
r8-742953bd22b341c38ebb67af89ccc76e,R8_R6_ATC_M3_AL24477_B0_HOA_MONO_EPD3,R6_ATC_M3_AL24477_B0_HOA_EPD3,ATC_M3_AL24477,B0,HOA,MONO,3.0,0.25,0.25,0.3187534080524974,0.526650144485415,0.3328594681587378,0.25000315238466786,0.18530351766555744,0.11541647886675784,0.038974251617719356
r8-742953bd22b341c38ebb67af89ccc76e,R8_R6_ATC_M3_AL24477_B0_HOA_MONO_EPD3,R6_ATC_M3_AL24477_B0_HOA_EPD3,ATC_M3_AL24477,B0,HOA,MONO,3.0,0.0,0.0,0.4339829640941664,0.7035448266235453,0.4662966328031848,0.32738232071422446,0.25909104799359695,0.24266345017470514,0.23445470306015462
r8-742953bd22b341c38ebb67af89ccc76e,R8_R6_ATC_M3_AL24477_B0_HOA_MONO_EPD3,R6_ATC_M3_AL24477_B0_HOA_EPD3,ATC_M3_AL24477,B0,HOA,MONO,3.0,-0.25,-0.25,0.22846324497268702,0.6442290558967428,0.19438825534290802,0.010592539910330675,0.02149404535478574,0.0033565358881853897,0.01734416802063562
r8-742953bd22b341c38ebb67af89ccc76e,R8_R6_ATC_M3_AL24477_B0_HOA_MONO_EPD3,R6_ATC_M3_AL24477_B0_HOA_EPD3,ATC_M3_AL24477,B0,HOA,MONO,3.0,-0.5,-0.5,0.18974671760004236,0.3195940232247769,0.12526558187656653,0.06431723237435663,0.09881222562380235,0.06614200848479151,0.04958056268071228
r8-742953bd22b341c38ebb67af89ccc76e,R8_R6_ATC_M3_AL24477_B0_HOA_MONO_EPD3,R6_ATC_M3_AL24477_B0_HOA_EPD3,ATC_M3_AL24477,B0,HOA,MONO,3.0,-0.75,-0.75,0.1343959126591225,0.06031038349437014,0.05381903989142303,0.03096017868428899,0.03546755579283341,0.010462908206612557,0.008322141747585953
r8-742953bd22b341c38ebb67af89ccc76e,R8_R6_ATC_M3_AL24477_B0_HOA_MONO_EPD3,R6_ATC_M3_AL24477_B0_HOA_EPD3,ATC_M3_AL24477,B0,HOA,MONO,3.0,-1.0,-1.0,0.10983501668897094,0.22613401028698882,0.09268293179955828,0.024666287698518457,0.031854498651853885,0.007201383453120925,0.010267768979610379
r8-742953bd22b341c38ebb67af89ccc76e,R8_R6_ATC_M3_AL24477_B0_HOA_MONO_EPD3,R6_ATC_M3_AL24477_B0_HOA_EPD3,ATC_M3_AL24477,B0,HOA,MONO,3.0,-1.25,-1.25,0.08964157081130787,0.115198924512345,0.07669597453413908,0.030227172902694645,0.0132046992420151,0.006753439169636843,0.0008796592131507139
r8-742953bd22b341c38ebb67af89ccc76e,R8_R6_ATC_M3_AL24477_B0_HOA_MONO_EPD3,R6_ATC_M3_AL24477_B0_HOA_EPD3,ATC_M3_AL24477,B0,HOA,MONO,3.0,-1.5,-1.5,0.07617045743393781,0.07886853757942641,0.020027421670214204,0.02020614685683983,0.0056260631826665275,0.00652297512529984,0.000493351140897204
r8-742953bd22b341c38ebb67af89ccc76e,R8_R6_ATC_M3_AL24477_B0_HOA_MONO_EPD3,R6_ATC_M3_AL24477_B0_HOA_EPD3,ATC_M3_AL24477,B0,HOA,MONO,3.0,-1.75,-1.75,0.06531302196865231,0.13308670595917438,0.02866804084069173,0.01740203766704448,0.0023197636909048267,0.005476583139794591,0.004040842678573435
r8-742953bd22b341c38ebb67af89ccc76e,R8_R6_ATC_M3_AL24477_B0_HOA_MONO_EPD3,R6_ATC_M3_AL24477_B0_HOA_EPD3,ATC_M3_AL24477,B0,HOA,MONO,3.0,-2.0,-2.0,0.056364760662956974,0.02940120395520323,0.036473582197254606,0.010485811978610454,0.003974180282148152,0.0014761666472302487,0.002390058450980976
r8-742953bd22b341c38ebb67af89ccc76e,R8_R6_ATC_M3_AL24477_B0_HOA_MONO_EPD3,R6_ATC_M3_AL24477_B0_HOA_EPD3,ATC_M3_AL24477,B0,HOA,MONO,3.0,-2.25,-2.25,0.04854200902154539,0.0717792307189323,0.023855583189749147,0.008652817506582868,0.005840346761917963,0.0007294371767159395,0.0013777418767344572
r8-742953bd22b341c38ebb67af89ccc76e,R8_R6_ATC_M3_AL24477_B0_HOA_MONO_EPD3,R6_ATC_M3_AL24477_B0_HOA_EPD3,ATC_M3_AL24477,B0,HOA,MONO,3.0,-2.5,-2.5,0.04434046980540378,0.05498821165592299,0.004158217717463223,0.006593966347541971,0.004191535726986544,0.0023805086215939668,0.0006277475349331107
r8-742953bd22b341c38ebb67af89ccc76e,R8_R6_ATC_M3_AL24477_B0_HOA_MONO_EPD3,R6_ATC_M3_AL24477_B0_HOA_EPD3,ATC_M3_AL24477,B0,HOA,MONO,3.0,-2.75,-2.75,0.040101763701106345,0.024808363769559173,0.009648613811716309,0.005247109968186854,0.0030107271441264637,0.0031507660200300698,0.0010001992606702178
r8-742953bd22b341c38ebb67af89ccc76e,R8_R6_ATC_M3_AL24477_B0_HOA_MONO_EPD3,R6_ATC_M3_AL24477_B0_HOA_EPD3,ATC_M3_AL24477,B0,HOA,MONO,3.0,-3.0,-3.0,0.03541057031561881,0.04990504075711938,0.01403803611599827,0.00326651688535451,0.00032021294946260636,0.0011893862417746036,0.0017971578430321339
r8-742953bd22b341c38ebb67af89ccc76e,R8_R6_ATC_M3_AL24477_B0_HOA_EDOF_EPD3,R6_ATC_M3_AL24477_B0_HOA_EPD3,ATC_M3_AL24477,B0,HOA,EDOF,3.0,0.5,0.75,0.061154161231530106,0.05329451118464912,0.018602269391954338,0.017535255871443087,0.007953655596833413,0.013379201896664708,0.00996299125239373
r8-742953bd22b341c38ebb67af89ccc76e,R8_R6_ATC_M3_AL24477_B0_HOA_EDOF_EPD3,R6_ATC_M3_AL24477_B0_HOA_EPD3,ATC_M3_AL24477,B0,HOA,EDOF,3.0,0.25,0.5,0.06956379963129754,0.01819175082315347,0.009604232481235328,0.010696676636547754,0.010201801177368085,0.0007118033862795986,0.016496740290715857
r8-742953bd22b341c38ebb67af89ccc76e,R8_R6_ATC_M3_AL24477_B0_HOA_EDOF_EPD3,R6_ATC_M3_AL24477_B0_HOA_EPD3,ATC_M3_AL24477,B0,HOA,EDOF,3.0,0.0,0.25,0.12894085871156225,0.20021377796198847,0.0976770776461113,0.0663297580860115,0.03760016030013647,0.04398011482741948,0.051858730962730165
r8-742953bd22b341c38ebb67af89ccc76e,R8_R6_ATC_M3_AL24477_B0_HOA_EDOF_EPD3,R6_ATC_M3_AL24477_B0_HOA_EPD3,ATC_M3_AL24477,B0,HOA,EDOF,3.0,-0.25,0.0,0.20865045824969652,0.3260982440770376,0.19160649464405607,0.15851836980347916,0.11767063837063112,0.08399756410243056,0.10721177499316656
r8-742953bd22b341c38ebb67af89ccc76e,R8_R6_ATC_M3_AL24477_B0_HOA_EDOF_EPD3,R6_ATC_M3_AL24477_B0_HOA_EPD3,ATC_M3_AL24477,B0,HOA,EDOF,3.0,-0.5,-0.25,0.13842394643588546,0.2709123913793329,0.10810525115400954,0.029186400251520063,0.05938895077110437,0.018579955994416267,0.01861062620372523
r8-742953bd22b341c38ebb67af89ccc76e,R8_R6_ATC_M3_AL24477_B0_HOA_EDOF_EPD3,R6_ATC_M3_AL24477_B0_HOA_EPD3,ATC_M3_AL24477,B0,HOA,EDOF,3.0,-0.75,-0.5,0.09803317972123972,0.09445745124918031,0.028186566009350284,0.05389322089150264,0.052442431004697095,0.024388082192686775,0.03263241777912817
r8-742953bd22b341c38ebb67af89ccc76e,R8_R6_ATC_M3_AL24477_B0_HOA_EDOF_EPD3,R6_ATC_M3_AL24477_B0_HOA_EPD3,ATC_M3_AL24477,B0,HOA,EDOF,3.0,-1.0,-0.75,0.06586754181238394,0.029771516607236398,0.04899371334320786,0.007874117516565339,0.01199491016143701,0.005542880364024644,0.001324801626141347
r8-742953bd22b341c38ebb67af89ccc76e,R8_R6_ATC_M3_AL24477_B0_HOA_EDOF_EPD3,R6_ATC_M3_AL24477_B0_HOA_EPD3,ATC_M3_AL24477,B0,HOA,EDOF,3.0,-1.25,-1.0,0.08872650519517822,0.012608122797674428,0.09537941808155381,0.0584125520429762,0.0436581634904866,0.04926443057077897,0.004262971973450331
r8-742953bd22b341c38ebb67af89ccc76e,R8_R6_ATC_M3_AL24477_B0_HOA_EDOF_EPD3,R6_ATC_M3_AL24477_B0_HOA_EPD3,ATC_M3_AL24477,B0,HOA,EDOF,3.0,-1.5,-1.25,0.05240574715025521,0.06831886943294718,0.004916499650947452,0.0007640633444716897,0.0016545733262840956,0.008692397014887825,0.014861018380925729
r8-742953bd22b341c38ebb67af89ccc76e,R8_R6_ATC_M3_AL24477_B0_HOA_EDOF_EPD3,R6_ATC_M3_AL24477_B0_HOA_EPD3,ATC_M3_AL24477,B0,HOA,EDOF,3.0,-1.75,-1.5,0.04909897216416175,0.08993470599611006,0.0022736557025933935,0.014598425672158771,0.0005271071838012353,0.0004603973700014502,0.004382144097708356
r8-742953bd22b341c38ebb67af89ccc76e,R8_R6_ATC_M3_AL24477_B0_HOA_EDOF_EPD3,R6_ATC_M3_AL24477_B0_HOA_EPD3,ATC_M3_AL24477,B0,HOA,EDOF,3.0,-2.0,-1.75,0.0441810102385373,0.03649877295832857,0.027870241000766606,0.009457633882268578,0.004751835074838624,0.01680223309281601,0.009050195367377736
r8-742953bd22b341c38ebb67af89ccc76e,R8_R6_ATC_M3_AL24477_B0_HOA_EDOF_EPD3,R6_ATC_M3_AL24477_B0_HOA_EPD3,ATC_M3_AL24477,B0,HOA,EDOF,3.0,-2.25,-2.0,0.048733107475596886,0.008954123302343093,0.014087797359798218,0.03226894170992192,0.006927633970917982,0.01899907360408707,0.002815724828922694
r8-742953bd22b341c38ebb67af89ccc76e,R8_R6_ATC_M3_AL24477_B0_HOA_EDOF_EPD3,R6_ATC_M3_AL24477_B0_HOA_EPD3,ATC_M3_AL24477,B0,HOA,EDOF,3.0,-2.5,-2.25,0.0448145199507104,0.005105038515953836,0.03641793572955045,0.011198222138413113,0.009616460688461448,0.03119921939937714,0.007516246696115154
r8-742953bd22b341c38ebb67af89ccc76e,R8_R6_ATC_M3_AL24477_B0_HOA_EDOF_EPD3,R6_ATC_M3_AL24477_B0_HOA_EPD3,ATC_M3_AL24477,B0,HOA,EDOF,3.0,-2.75,-2.5,0.03581583777704943,0.03911880809723477,0.02425938496250961,0.014550616226358937,0.013541301227410294,0.009469787902501931,0.00027610880796155265
r8-742953bd22b341c38ebb67af89ccc76e,R8_R6_ATC_M3_AL24477_B0_HOA_EDOF_EPD3,R6_ATC_M3_AL24477_B0_HOA_EPD3,ATC_M3_AL24477,B0,HOA,EDOF,3.0,-3.0,-2.75,0.03294936506667269,0.03857547815896315,0.027467093378892284,0.008959859886868055,0.006246767596392146,0.013797911774326991,0.006183400366634666
r8-742953bd22b341c38ebb67af89ccc76e,R8_R6_ATC_M3_AL24477_B0_HOA_MONO_EPD5,R6_ATC_M3_AL24477_B0_HOA_EPD5,ATC_M3_AL24477,B0,HOA,MONO,5.0,0.5,0.5,0.07994668562510582,0.12241993155486523,0.07450007649913268,0.04721554920477035,0.025573761304335082,0.011591611035593703,0.0011400534975105968
r8-742953bd22b341c38ebb67af89ccc76e,R8_R6_ATC_M3_AL24477_B0_HOA_MONO_EPD5,R6_ATC_M3_AL24477_B0_HOA_EPD5,ATC_M3_AL24477,B0,HOA,MONO,5.0,0.25,0.25,0.13077390626245894,0.17303106855502504,0.1323780538626142,0.10254660081825459,0.07943362435225394,0.055631948595759886,0.0288837195378731
r8-742953bd22b341c38ebb67af89ccc76e,R8_R6_ATC_M3_AL24477_B0_HOA_MONO_EPD5,R6_ATC_M3_AL24477_B0_HOA_EPD5,ATC_M3_AL24477,B0,HOA,MONO,5.0,0.0,0.0,0.1495270969292132,0.22744675602641024,0.14494065502549733,0.09558084721369631,0.07643462481358013,0.06950543593357819,0.06858299415546762
r8-742953bd22b341c38ebb67af89ccc76e,R8_R6_ATC_M3_AL24477_B0_HOA_MONO_EPD5,R6_ATC_M3_AL24477_B0_HOA_EPD5,ATC_M3_AL24477,B0,HOA,MONO,5.0,-0.25,-0.25,0.10087232767628684,0.23441495382255653,0.07572536300928265,0.00936221091155477,0.002517181394271993,0.0016861877934695505,0.007859186714211295
r8-742953bd22b341c38ebb67af89ccc76e,R8_R6_ATC_M3_AL24477_B0_HOA_MONO_EPD5,R6_ATC_M3_AL24477_B0_HOA_EPD5,ATC_M3_AL24477,B0,HOA,MONO,5.0,-0.5,-0.5,0.10969656954488777,0.1824769673030141,0.0037497805705783032,0.03417521189283014,0.057906666646724,0.050611812264486675,0.04449334024524004
r8-742953bd22b341c38ebb67af89ccc76e,R8_R6_ATC_M3_AL24477_B0_HOA_MONO_EPD5,R6_ATC_M3_AL24477_B0_HOA_EPD5,ATC_M3_AL24477,B0,HOA,MONO,5.0,-0.75,-0.75,0.08975006577547233,0.10076898704246565,0.04265966115793814,0.0530885965859382,0.001880799938132843,0.006966313507629081,0.010518833536014842
r8-742953bd22b341c38ebb67af89ccc76e,R8_R6_ATC_M3_AL24477_B0_HOA_MONO_EPD5,R6_ATC_M3_AL24477_B0_HOA_EPD5,ATC_M3_AL24477,B0,HOA,MONO,5.0,-1.0,-1.0,0.08751259066709396,0.009690892372353429,0.0843700733128499,0.006605739538906473,0.045298784636734854,0.010190464323388212,0.0003137539072287093
r8-742953bd22b341c38ebb67af89ccc76e,R8_R6_ATC_M3_AL24477_B0_HOA_MONO_EPD5,R6_ATC_M3_AL24477_B0_HOA_EPD5,ATC_M3_AL24477,B0,HOA,MONO,5.0,-1.25,-1.25,0.08703200113662639,0.004597513911401482,0.019302918980178822,0.0598687485269888,0.011845635408080184,0.03411457189092622,0.008252177371415051
r8-742953bd22b341c38ebb67af89ccc76e,R8_R6_ATC_M3_AL24477_B0_HOA_MONO_EPD5,R6_ATC_M3_AL24477_B0_HOA_EPD5,ATC_M3_AL24477,B0,HOA,MONO,5.0,-1.5,-1.5,0.08082375576657139,0.08568565847906082,0.029576551062055104,0.0077474872773708285,0.010149453763068684,0.031344547676071394,0.01041790774323783
r8-742953bd22b341c38ebb67af89ccc76e,R8_R6_ATC_M3_AL24477_B0_HOA_MONO_EPD5,R6_ATC_M3_AL24477_B0_HOA_EPD5,ATC_M3_AL24477,B0,HOA,MONO,5.0,-1.75,-1.75,0.07248820149939768,0.1263647071376369,0.05973323586889916,0.03641409686538541,0.03332862066030471,0.016820757705376197,0.005101402461084464
r8-742953bd22b341c38ebb67af89ccc76e,R8_R6_ATC_M3_AL24477_B0_HOA_MONO_EPD5,R6_ATC_M3_AL24477_B0_HOA_EPD5,ATC_M3_AL24477,B0,HOA,MONO,5.0,-2.0,-2.0,0.0745372734386369,0.11407031017526743,0.008232355386527406,0.02585061370558565,0.028809987662528933,0.015184818827546475,0.0036175060078624624
r8-742953bd22b341c38ebb67af89ccc76e,R8_R6_ATC_M3_AL24477_B0_HOA_MONO_EPD5,R6_ATC_M3_AL24477_B0_HOA_EPD5,ATC_M3_AL24477,B0,HOA,MONO,5.0,-2.25,-2.25,0.07237706100687304,0.05095655942056096,0.06656711581272973,0.014264255557192108,0.010056316066152864,0.016943130156015222,0.00373343184571451
r8-742953bd22b341c38ebb67af89ccc76e,R8_R6_ATC_M3_AL24477_B0_HOA_MONO_EPD5,R6_ATC_M3_AL24477_B0_HOA_EPD5,ATC_M3_AL24477,B0,HOA,MONO,5.0,-2.5,-2.5,0.05267937107466154,0.01960298808922633,2.9984179846302608e-05,0.035816906786242955,0.005716657783177393,0.010948889911218784,0.010001978982689598
r8-742953bd22b341c38ebb67af89ccc76e,R8_R6_ATC_M3_AL24477_B0_HOA_MONO_EPD5,R6_ATC_M3_AL24477_B0_HOA_EPD5,ATC_M3_AL24477,B0,HOA,MONO,5.0,-2.75,-2.75,0.04529968893266204,0.02862505133029785,0.020528690802918824,0.00135666970395375,0.006505621193507321,0.013462482308356578,0.012358868345510553
r8-742953bd22b341c38ebb67af89ccc76e,R8_R6_ATC_M3_AL24477_B0_HOA_MONO_EPD5,R6_ATC_M3_AL24477_B0_HOA_EPD5,ATC_M3_AL24477,B0,HOA,MONO,5.0,-3.0,-3.0,0.041590137963107746,0.06849708338368586,0.0016307785554964037,0.011453678143945843,0.0050513990475148035,0.012167185596786997,0.008862708139740137
r8-742953bd22b341c38ebb67af89ccc76e,R8_R6_ATC_M3_AL24477_B0_HOA_EDOF_EPD5,R6_ATC_M3_AL24477_B0_HOA_EPD5,ATC_M3_AL24477,B0,HOA,EDOF,5.0,0.5,1.0,0.030813408283572496,0.010975880821625188,0.01612874483627641,0.010905026768373325,0.007746191039035243,0.00225250418366701,0.0043478446624707606
r8-742953bd22b341c38ebb67af89ccc76e,R8_R6_ATC_M3_AL24477_B0_HOA_EDOF_EPD5,R6_ATC_M3_AL24477_B0_HOA_EPD5,ATC_M3_AL24477,B0,HOA,EDOF,5.0,0.25,0.75,0.034304259709631295,0.012599610404782361,0.012885716458075642,0.006325830038484446,0.0032002437164105084,0.0010291779931289684,0.009801890677311739
r8-742953bd22b341c38ebb67af89ccc76e,R8_R6_ATC_M3_AL24477_B0_HOA_EDOF_EPD5,R6_ATC_M3_AL24477_B0_HOA_EPD5,ATC_M3_AL24477,B0,HOA,EDOF,5.0,0.0,0.5,0.04788067253600122,0.04710606023233305,0.011118077728479373,0.006650306211355468,0.01096831988616626,0.014264954537601515,0.004540198584209102
r8-742953bd22b341c38ebb67af89ccc76e,R8_R6_ATC_M3_AL24477_B0_HOA_EDOF_EPD5,R6_ATC_M3_AL24477_B0_HOA_EPD5,ATC_M3_AL24477,B0,HOA,EDOF,5.0,-0.25,0.25,0.0933646679682673,0.1209648729540947,0.06713060912492466,0.061835569468303,0.04577151106526546,0.042385048796542965,0.033743957303029024
r8-742953bd22b341c38ebb67af89ccc76e,R8_R6_ATC_M3_AL24477_B0_HOA_EDOF_EPD5,R6_ATC_M3_AL24477_B0_HOA_EPD5,ATC_M3_AL24477,B0,HOA,EDOF,5.0,-0.5,0.0,0.1077096360157276,0.16415499795179167,0.0984585909514883,0.047746482535895224,0.026727946413678656,0.03106414511475377,0.021590545224293115
r8-742953bd22b341c38ebb67af89ccc76e,R8_R6_ATC_M3_AL24477_B0_HOA_EDOF_EPD5,R6_ATC_M3_AL24477_B0_HOA_EPD5,ATC_M3_AL24477,B0,HOA,EDOF,5.0,-0.75,-0.25,0.0932536729476576,0.15367753624703018,0.013498077110032002,0.02078471613038267,0.03826051160721407,0.03189116124948682,0.027006289520002454
r8-742953bd22b341c38ebb67af89ccc76e,R8_R6_ATC_M3_AL24477_B0_HOA_EDOF_EPD5,R6_ATC_M3_AL24477_B0_HOA_EPD5,ATC_M3_AL24477,B0,HOA,EDOF,5.0,-1.0,-0.5,0.10284996796375476,0.07885497318690368,0.06370598073851791,0.06234196058612468,0.042290925330097026,0.034904819233384426,0.03637132397291315
r8-742953bd22b341c38ebb67af89ccc76e,R8_R6_ATC_M3_AL24477_B0_HOA_EDOF_EPD5,R6_ATC_M3_AL24477_B0_HOA_EPD5,ATC_M3_AL24477,B0,HOA,EDOF,5.0,-1.25,-0.75,0.08220136797893358,0.04494752188861681,0.08825387501150998,0.02593028038680269,0.0057269001535150904,0.0021359635980181153,0.012688976219546875
r8-742953bd22b341c38ebb67af89ccc76e,R8_R6_ATC_M3_AL24477_B0_HOA_EDOF_EPD5,R6_ATC_M3_AL24477_B0_HOA_EPD5,ATC_M3_AL24477,B0,HOA,EDOF,5.0,-1.5,-1.0,0.08150141553806796,0.08697619591597525,0.01834878758842242,0.03495769152962819,0.016071816448856663,0.0022463614690675193,0.00301838097348965
r8-742953bd22b341c38ebb67af89ccc76e,R8_R6_ATC_M3_AL24477_B0_HOA_EDOF_EPD5,R6_ATC_M3_AL24477_B0_HOA_EPD5,ATC_M3_AL24477,B0,HOA,EDOF,5.0,-1.75,-1.25,0.0735317748351562,0.11300266674045609,0.045813192004011224,0.040310343679755986,0.026431014037099458,0.008792179573471042,0.015082419945059485
r8-742953bd22b341c38ebb67af89ccc76e,R8_R6_ATC_M3_AL24477_B0_HOA_EDOF_EPD5,R6_ATC_M3_AL24477_B0_HOA_EPD5,ATC_M3_AL24477,B0,HOA,EDOF,5.0,-2.0,-1.5,0.08011532661564803,0.11528536597394198,0.03468706976510415,0.010586994698051747,0.027639928910564254,0.013445994857552176,0.024262985460548964
r8-742953bd22b341c38ebb67af89ccc76e,R8_R6_ATC_M3_AL24477_B0_HOA_EDOF_EPD5,R6_ATC_M3_AL24477_B0_HOA_EPD5,ATC_M3_AL24477,B0,HOA,EDOF,5.0,-2.25,-1.75,0.07756496100297636,0.07066984220040602,0.06056795535811681,0.04694696989719557,0.02510370215641145,0.004546478917754708,0.016338401598616763
r8-742953bd22b341c38ebb67af89ccc76e,R8_R6_ATC_M3_AL24477_B0_HOA_EDOF_EPD5,R6_ATC_M3_AL24477_B0_HOA_EPD5,ATC_M3_AL24477,B0,HOA,EDOF,5.0,-2.5,-2.0,0.054418051788799195,0.002897773922592271,0.01636876867759763,0.02783673223092363,0.02045373211232805,0.008764553652265878,0.006714225452666657
r8-742953bd22b341c38ebb67af89ccc76e,R8_R6_ATC_M3_AL24477_B0_HOA_EDOF_EPD5,R6_ATC_M3_AL24477_B0_HOA_EPD5,ATC_M3_AL24477,B0,HOA,EDOF,5.0,-2.75,-2.25,0.041418004470694436,0.037921103520933475,0.02663919955557449,0.006222528162619839,0.02058678749247571,0.01801206901261055,0.01082483285507983
r8-742953bd22b341c38ebb67af89ccc76e,R8_R6_ATC_M3_AL24477_B0_HOA_EDOF_EPD5,R6_ATC_M3_AL24477_B0_HOA_EPD5,ATC_M3_AL24477,B0,HOA,EDOF,5.0,-3.0,-2.5,0.03756522133996266,0.06330947012208418,0.01067730305922318,0.009391286307015446,0.010040420234433389,0.00948706480406855,0.004234552029239294
r8-742953bd22b341c38ebb67af89ccc76e,R8_R6_ATC_M3_AL24477_C0_WFS_MONO_EPD3,R6_ATC_M3_AL24477_C0_WFS_EPD3,ATC_M3_AL24477,C0,WFS,MONO,3.0,0.5,0.5,0.1356253674616421,0.2492471928452072,0.026288367065711332,0.007834694261969559,0.025913629852253366,0.02514409190654053,0.019895450493778354
r8-742953bd22b341c38ebb67af89ccc76e,R8_R6_ATC_M3_AL24477_C0_WFS_MONO_EPD3,R6_ATC_M3_AL24477_C0_WFS_EPD3,ATC_M3_AL24477,C0,WFS,MONO,3.0,0.25,0.25,0.2667177932054598,0.6392901853753574,0.2987859644381372,0.12444461772207957,0.041403073623954983,0.0045941643108915586,0.007067424438382829
r8-742953bd22b341c38ebb67af89ccc76e,R8_R6_ATC_M3_AL24477_C0_WFS_MONO_EPD3,R6_ATC_M3_AL24477_C0_WFS_EPD3,ATC_M3_AL24477,C0,WFS,MONO,3.0,0.0,0.0,0.6347517034751761,0.8670835355369557,0.7394604795780869,0.6232210874113653,0.5138546454084589,0.41100429284399953,0.3116761741597144
r8-742953bd22b341c38ebb67af89ccc76e,R8_R6_ATC_M3_AL24477_C0_WFS_MONO_EPD3,R6_ATC_M3_AL24477_C0_WFS_EPD3,ATC_M3_AL24477,C0,WFS,MONO,3.0,-0.25,-0.25,0.27375131386171303,0.7208738527443773,0.3307227490456103,0.08551527311202016,0.0038072012648551093,0.0002890797788991283,0.020945090214311513
r8-742953bd22b341c38ebb67af89ccc76e,R8_R6_ATC_M3_AL24477_C0_WFS_MONO_EPD3,R6_ATC_M3_AL24477_C0_WFS_EPD3,ATC_M3_AL24477,C0,WFS,MONO,3.0,-0.5,-0.5,0.16516118560257353,0.3019850866559881,0.13168926734061406,0.03410825413306346,0.030702520672644958,0.030827597753524838,0.018668765707916188
r8-742953bd22b341c38ebb67af89ccc76e,R8_R6_ATC_M3_AL24477_C0_WFS_MONO_EPD3,R6_ATC_M3_AL24477_C0_WFS_EPD3,ATC_M3_AL24477,C0,WFS,MONO,3.0,-0.75,-0.75,0.11534198441385507,0.06407059071006829,0.018315120848831887,0.027450046280895757,0.019480985961578906,0.01402469234610169,0.010199333493980365
r8-742953bd22b341c38ebb67af89ccc76e,R8_R6_ATC_M3_AL24477_C0_WFS_MONO_EPD3,R6_ATC_M3_AL24477_C0_WFS_EPD3,ATC_M3_AL24477,C0,WFS,MONO,3.0,-1.0,-1.0,0.08756206849183532,0.15259620035794674,0.03496343486459996,0.011523793258934578,0.016150684926413854,0.006473850932928972,0.00634283855473324
r8-742953bd22b341c38ebb67af89ccc76e,R8_R6_ATC_M3_AL24477_C0_WFS_MONO_EPD3,R6_ATC_M3_AL24477_C0_WFS_EPD3,ATC_M3_AL24477,C0,WFS,MONO,3.0,-1.25,-1.25,0.06923699135987002,0.034329602694864236,0.03521381076358849,0.00796761581846088,0.0076828600244468765,0.002620925417106346,0.0002966012565070562
r8-742953bd22b341c38ebb67af89ccc76e,R8_R6_ATC_M3_AL24477_C0_WFS_MONO_EPD3,R6_ATC_M3_AL24477_C0_WFS_EPD3,ATC_M3_AL24477,C0,WFS,MONO,3.0,-1.5,-1.5,0.0584515347446662,0.06918383585322377,0.023724670435169296,0.0023059679735843394,0.00190738712763717,0.0056834285665105545,0.0016766873384524493
r8-742953bd22b341c38ebb67af89ccc76e,R8_R6_ATC_M3_AL24477_C0_WFS_MONO_EPD3,R6_ATC_M3_AL24477_C0_WFS_EPD3,ATC_M3_AL24477,C0,WFS,MONO,3.0,-1.75,-1.75,0.05011959597687752,0.04628353529101442,0.008199563846399215,0.0015788627787087024,0.004181789326518941,0.0047247597982262995,0.003131525277605205
r8-742953bd22b341c38ebb67af89ccc76e,R8_R6_ATC_M3_AL24477_C0_WFS_MONO_EPD3,R6_ATC_M3_AL24477_C0_WFS_EPD3,ATC_M3_AL24477,C0,WFS,MONO,3.0,-2.0,-2.0,0.043180225754182344,0.02510468016766799,0.0025986251277415142,0.0006958053321333125,0.005162280837045986,0.0010629023255288765,0.0027014071848396864
r8-742953bd22b341c38ebb67af89ccc76e,R8_R6_ATC_M3_AL24477_C0_WFS_MONO_EPD3,R6_ATC_M3_AL24477_C0_WFS_EPD3,ATC_M3_AL24477,C0,WFS,MONO,3.0,-2.25,-2.25,0.03816295310416177,0.03614766263047704,0.008993837652353178,0.002521718276054775,0.004791165097726131,0.0019128287765709149,0.00017212019588660555
r8-742953bd22b341c38ebb67af89ccc76e,R8_R6_ATC_M3_AL24477_C0_WFS_MONO_EPD3,R6_ATC_M3_AL24477_C0_WFS_EPD3,ATC_M3_AL24477,C0,WFS,MONO,3.0,-2.5,-2.5,0.03493001035141543,0.007117771347678785,0.010797332511349733,0.003629742755905917,0.0020220249465546162,0.0017178714163371303,0.0008711788546517294
r8-742953bd22b341c38ebb67af89ccc76e,R8_R6_ATC_M3_AL24477_C0_WFS_MONO_EPD3,R6_ATC_M3_AL24477_C0_WFS_EPD3,ATC_M3_AL24477,C0,WFS,MONO,3.0,-2.75,-2.75,0.03154972412759998,0.02743687831743066,0.00840513599246104,0.003463733198113114,0.0004008283570757005,0.0012039974050855771,0.0015920710100856069
r8-742953bd22b341c38ebb67af89ccc76e,R8_R6_ATC_M3_AL24477_C0_WFS_MONO_EPD3,R6_ATC_M3_AL24477_C0_WFS_EPD3,ATC_M3_AL24477,C0,WFS,MONO,3.0,-3.0,-3.0,0.026881814137574747,0.0022786399605319425,0.0031431684850202705,0.00350652109646758,0.0012256498170115679,0.00016215076770480545,0.001275329120556449
r8-742953bd22b341c38ebb67af89ccc76e,R8_R6_ATC_M3_AL24477_C0_WFS_EDOF_EPD3,R6_ATC_M3_AL24477_C0_WFS_EPD3,ATC_M3_AL24477,C0,WFS,EDOF,3.0,0.5,0.5,0.1820132694045572,0.18349886999859727,0.16820760680653618,0.11228532032560218,0.08673382334629993,0.05416759286441923,0.010361322337009267
r8-742953bd22b341c38ebb67af89ccc76e,R8_R6_ATC_M3_AL24477_C0_WFS_EDOF_EPD3,R6_ATC_M3_AL24477_C0_WFS_EPD3,ATC_M3_AL24477,C0,WFS,EDOF,3.0,0.25,0.25,0.2338873908579674,0.4996247671770315,0.19406716868207707,0.14014383754479456,0.05893484470036313,0.01414396969574206,0.041780338998449275
r8-742953bd22b341c38ebb67af89ccc76e,R8_R6_ATC_M3_AL24477_C0_WFS_EDOF_EPD3,R6_ATC_M3_AL24477_C0_WFS_EPD3,ATC_M3_AL24477,C0,WFS,EDOF,3.0,0.0,0.0,0.4804699366462558,0.7406626823105136,0.4882982515616531,0.3902339304257333,0.332020720063485,0.3085728120745148,0.2601142698487218
r8-742953bd22b341c38ebb67af89ccc76e,R8_R6_ATC_M3_AL24477_C0_WFS_EDOF_EPD3,R6_ATC_M3_AL24477_C0_WFS_EPD3,ATC_M3_AL24477,C0,WFS,EDOF,3.0,-0.25,-0.25,0.2618913112288097,0.6634149948652273,0.29846629533567626,0.01448291037228146,0.036830671143775695,0.020077731367739,0.09006374066025798
r8-742953bd22b341c38ebb67af89ccc76e,R8_R6_ATC_M3_AL24477_C0_WFS_EDOF_EPD3,R6_ATC_M3_AL24477_C0_WFS_EPD3,ATC_M3_AL24477,C0,WFS,EDOF,3.0,-0.5,-0.5,0.17296852899343385,0.30106589196442907,0.14184884057802882,0.012065315409518978,0.050311784635694856,0.04937262576849874,0.047071404234681875
r8-742953bd22b341c38ebb67af89ccc76e,R8_R6_ATC_M3_AL24477_C0_WFS_EDOF_EPD3,R6_ATC_M3_AL24477_C0_WFS_EPD3,ATC_M3_AL24477,C0,WFS,EDOF,3.0,-0.75,-0.75,0.1227884004208517,0.06119221014926607,0.029174986262586786,0.05037037482384339,0.008500342642880548,0.0044062724685557195,0.01131650602445305
r8-742953bd22b341c38ebb67af89ccc76e,R8_R6_ATC_M3_AL24477_C0_WFS_EDOF_EPD3,R6_ATC_M3_AL24477_C0_WFS_EPD3,ATC_M3_AL24477,C0,WFS,EDOF,3.0,-1.0,-1.0,0.0990748599624804,0.17792944228012833,0.1420611142753748,0.010884350243197834,0.01330599516046116,0.008400416435828298,8.777130593156687e-05
r8-742953bd22b341c38ebb67af89ccc76e,R8_R6_ATC_M3_AL24477_C0_WFS_EDOF_EPD3,R6_ATC_M3_AL24477_C0_WFS_EPD3,ATC_M3_AL24477,C0,WFS,EDOF,3.0,-1.25,-1.25,0.07919887198704571,0.06740636732480909,0.0436879901892739,0.0029693306465342663,0.005421445213412741,0.0063687520676936945,0.003002852372729216
r8-742953bd22b341c38ebb67af89ccc76e,R8_R6_ATC_M3_AL24477_C0_WFS_EDOF_EPD3,R6_ATC_M3_AL24477_C0_WFS_EPD3,ATC_M3_AL24477,C0,WFS,EDOF,3.0,-1.5,-1.5,0.0669706410698384,0.07408201069807448,0.010070989321842586,0.0069456410058236495,0.0019023573052369992,0.00753151699882537,0.0029080618356430417
r8-742953bd22b341c38ebb67af89ccc76e,R8_R6_ATC_M3_AL24477_C0_WFS_EDOF_EPD3,R6_ATC_M3_AL24477_C0_WFS_EPD3,ATC_M3_AL24477,C0,WFS,EDOF,3.0,-1.75,-1.75,0.0561333099124746,0.10670400938591579,0.02177667787504501,0.003945174847111756,0.009955815211312051,0.0041043837808969474,0.003621392127592064
r8-742953bd22b341c38ebb67af89ccc76e,R8_R6_ATC_M3_AL24477_C0_WFS_EDOF_EPD3,R6_ATC_M3_AL24477_C0_WFS_EPD3,ATC_M3_AL24477,C0,WFS,EDOF,3.0,-2.0,-2.0,0.04606008769633108,0.05654046314917009,0.0160894979892161,0.0001348503767143793,0.005272450965271312,0.0005842055807987947,0.0020905739683418426
r8-742953bd22b341c38ebb67af89ccc76e,R8_R6_ATC_M3_AL24477_C0_WFS_EDOF_EPD3,R6_ATC_M3_AL24477_C0_WFS_EPD3,ATC_M3_AL24477,C0,WFS,EDOF,3.0,-2.25,-2.25,0.04044904068150477,0.010536754814955774,0.00046287919359180765,0.005406264874697319,0.004580095214596504,0.0029656104588960696,0.0010632786627018252
r8-742953bd22b341c38ebb67af89ccc76e,R8_R6_ATC_M3_AL24477_C0_WFS_EDOF_EPD3,R6_ATC_M3_AL24477_C0_WFS_EPD3,ATC_M3_AL24477,C0,WFS,EDOF,3.0,-2.5,-2.5,0.03665071033267835,0.008432290913203279,0.006288903993750976,0.004427298008010901,7.361003605211975e-05,0.0017843595740733077,0.0011788136967028915
r8-742953bd22b341c38ebb67af89ccc76e,R8_R6_ATC_M3_AL24477_C0_WFS_EDOF_EPD3,R6_ATC_M3_AL24477_C0_WFS_EPD3,ATC_M3_AL24477,C0,WFS,EDOF,3.0,-2.75,-2.75,0.03317826384886911,0.02829834551784534,0.0038286946184422042,0.004520638017060749,0.0019784844292909535,0.00012871737847214317,0.0015263766594388094
r8-742953bd22b341c38ebb67af89ccc76e,R8_R6_ATC_M3_AL24477_C0_WFS_EDOF_EPD3,R6_ATC_M3_AL24477_C0_WFS_EPD3,ATC_M3_AL24477,C0,WFS,EDOF,3.0,-3.0,-3.0,0.029572179364058895,0.047609856019261106,0.001150161126055913,0.0036238526010881522,0.0022471009752250324,0.0009599760369000915,0.0009926326245488651
r8-742953bd22b341c38ebb67af89ccc76e,R8_R6_ATC_M3_AL24477_C0_WFS_MONO_EPD5,R6_ATC_M3_AL24477_C0_WFS_EPD5,ATC_M3_AL24477,C0,WFS,MONO,5.0,0.5,0.5,0.09262718505645516,0.2060181422643943,0.023683268226129726,0.03337608956510399,0.028873555961456063,0.02525892516474526,0.019362424354312534
r8-742953bd22b341c38ebb67af89ccc76e,R8_R6_ATC_M3_AL24477_C0_WFS_MONO_EPD5,R6_ATC_M3_AL24477_C0_WFS_EPD5,ATC_M3_AL24477,C0,WFS,MONO,5.0,0.25,0.25,0.1301202084098487,0.24959901920323732,0.1201790044014403,0.025152154014904837,0.009159667237967836,0.029094632274799748,0.03073178129711371
r8-742953bd22b341c38ebb67af89ccc76e,R8_R6_ATC_M3_AL24477_C0_WFS_MONO_EPD5,R6_ATC_M3_AL24477_C0_WFS_EPD5,ATC_M3_AL24477,C0,WFS,MONO,5.0,0.0,0.0,0.29104322187098286,0.34202047192701684,0.30030064538585566,0.27370641689130537,0.23723805825208377,0.1939891057802851,0.15449541486943022
r8-742953bd22b341c38ebb67af89ccc76e,R8_R6_ATC_M3_AL24477_C0_WFS_MONO_EPD5,R6_ATC_M3_AL24477_C0_WFS_EPD5,ATC_M3_AL24477,C0,WFS,MONO,5.0,-0.25,-0.25,0.10856629067360281,0.3236310418203203,0.10822696243171513,0.005595539245279171,0.010401732769155432,0.008891429093039235,0.0038423166072414864
r8-742953bd22b341c38ebb67af89ccc76e,R8_R6_ATC_M3_AL24477_C0_WFS_MONO_EPD5,R6_ATC_M3_AL24477_C0_WFS_EPD5,ATC_M3_AL24477,C0,WFS,MONO,5.0,-0.5,-0.5,0.0658759645587535,0.0416899295818744,0.042527013841907074,0.003760899326296308,0.007387368287767643,0.0037617076158757445,0.004477337176755913
r8-742953bd22b341c38ebb67af89ccc76e,R8_R6_ATC_M3_AL24477_C0_WFS_MONO_EPD5,R6_ATC_M3_AL24477_C0_WFS_EPD5,ATC_M3_AL24477,C0,WFS,MONO,5.0,-0.75,-0.75,0.04589981863645322,0.04220473025793049,0.004126929967862477,0.0010607140138055955,0.0051769831915024,0.001019511108555208,0.002359225291406591
r8-742953bd22b341c38ebb67af89ccc76e,R8_R6_ATC_M3_AL24477_C0_WFS_MONO_EPD5,R6_ATC_M3_AL24477_C0_WFS_EPD5,ATC_M3_AL24477,C0,WFS,MONO,5.0,-1.0,-1.0,0.034449299856069496,0.01458764105994051,0.001997686609052315,0.00047634435471259043,0.0022118714557118947,0.0013256795456555045,0.0008712544435646949
r8-742953bd22b341c38ebb67af89ccc76e,R8_R6_ATC_M3_AL24477_C0_WFS_MONO_EPD5,R6_ATC_M3_AL24477_C0_WFS_EPD5,ATC_M3_AL24477,C0,WFS,MONO,5.0,-1.25,-1.25,0.027529648512711755,0.02166720829793619,0.0024442832113073607,0.0009585828297569471,0.0018917175308154136,0.0022232346141258007,0.00043576371642464154
r8-742953bd22b341c38ebb67af89ccc76e,R8_R6_ATC_M3_AL24477_C0_WFS_MONO_EPD5,R6_ATC_M3_AL24477_C0_WFS_EPD5,ATC_M3_AL24477,C0,WFS,MONO,5.0,-1.5,-1.5,0.025090186680539275,0.00903332375915119,0.003123240865573473,0.0009819091365284626,0.00020012906646163037,0.0007743105864520077,0.001599574362513395
r8-742953bd22b341c38ebb67af89ccc76e,R8_R6_ATC_M3_AL24477_C0_WFS_MONO_EPD5,R6_ATC_M3_AL24477_C0_WFS_EPD5,ATC_M3_AL24477,C0,WFS,MONO,5.0,-1.75,-1.75,0.022039092021713357,0.027771696505753535,0.001078313115290706,0.0008263116834896941,9.4862974957669e-05,0.0013990146498448941,0.0012104211096573367
r8-742953bd22b341c38ebb67af89ccc76e,R8_R6_ATC_M3_AL24477_C0_WFS_MONO_EPD5,R6_ATC_M3_AL24477_C0_WFS_EPD5,ATC_M3_AL24477,C0,WFS,MONO,5.0,-2.0,-2.0,0.0188232334022498,0.01876099873042738,0.0025252038380338395,0.0017018254360154947,0.0016016105124922431,0.0008737544291171614,0.0007175754405441055
r8-742953bd22b341c38ebb67af89ccc76e,R8_R6_ATC_M3_AL24477_C0_WFS_MONO_EPD5,R6_ATC_M3_AL24477_C0_WFS_EPD5,ATC_M3_AL24477,C0,WFS,MONO,5.0,-2.25,-2.25,0.016273811830623024,0.012221263105314321,0.0014579705417258773,0.002309615196125276,0.0002982072607073088,0.00014981398961172888,0.0007994165985725832
r8-742953bd22b341c38ebb67af89ccc76e,R8_R6_ATC_M3_AL24477_C0_WFS_MONO_EPD5,R6_ATC_M3_AL24477_C0_WFS_EPD5,ATC_M3_AL24477,C0,WFS,MONO,5.0,-2.5,-2.5,0.018618031752893616,0.015478415416438247,0.003143518101539966,0.0015993555757688404,0.0011329624396597304,0.0017556808969258827,0.0006410413431416919
r8-742953bd22b341c38ebb67af89ccc76e,R8_R6_ATC_M3_AL24477_C0_WFS_MONO_EPD5,R6_ATC_M3_AL24477_C0_WFS_EPD5,ATC_M3_AL24477,C0,WFS,MONO,5.0,-2.75,-2.75,0.018872562643286857,0.007833784083296526,0.00018029392628475448,0.0017728702842557845,0.00016932171059956584,0.0014491166899418871,0.0014433817218766356
r8-742953bd22b341c38ebb67af89ccc76e,R8_R6_ATC_M3_AL24477_C0_WFS_MONO_EPD5,R6_ATC_M3_AL24477_C0_WFS_EPD5,ATC_M3_AL24477,C0,WFS,MONO,5.0,-3.0,-3.0,0.018122097485970375,0.0038261047757016118,0.0029219901784475295,0.0009657116464671996,0.001227288523141991,0.0006904049256386952,0.0011551395586998536
r8-742953bd22b341c38ebb67af89ccc76e,R8_R6_ATC_M3_AL24477_C0_WFS_EDOF_EPD5,R6_ATC_M3_AL24477_C0_WFS_EPD5,ATC_M3_AL24477,C0,WFS,EDOF,5.0,0.5,0.5,0.11136771514511512,0.18330585479568468,0.09828099764330425,0.06223766495171184,0.056746838017182596,0.04820919894561122,0.02589971236568283
r8-742953bd22b341c38ebb67af89ccc76e,R8_R6_ATC_M3_AL24477_C0_WFS_EDOF_EPD5,R6_ATC_M3_AL24477_C0_WFS_EPD5,ATC_M3_AL24477,C0,WFS,EDOF,5.0,0.25,0.25,0.11715655057007844,0.20001737253711738,0.08284832950901608,0.03631688136404897,0.006546326180843103,0.025958406863095362,0.04233827796313723
r8-742953bd22b341c38ebb67af89ccc76e,R8_R6_ATC_M3_AL24477_C0_WFS_EDOF_EPD5,R6_ATC_M3_AL24477_C0_WFS_EPD5,ATC_M3_AL24477,C0,WFS,EDOF,5.0,0.0,0.0,0.23252839881981519,0.2970547587846493,0.20733925626075098,0.18775835748903558,0.16643513969201745,0.15046501216852365,0.12674066074296697
r8-742953bd22b341c38ebb67af89ccc76e,R8_R6_ATC_M3_AL24477_C0_WFS_EDOF_EPD5,R6_ATC_M3_AL24477_C0_WFS_EPD5,ATC_M3_AL24477,C0,WFS,EDOF,5.0,-0.25,-0.25,0.10803393452892239,0.30334465500221963,0.10291647765227675,0.018035344057507723,0.016886027682475078,0.006528000097457728,0.029231224221752197
r8-742953bd22b341c38ebb67af89ccc76e,R8_R6_ATC_M3_AL24477_C0_WFS_EDOF_EPD5,R6_ATC_M3_AL24477_C0_WFS_EPD5,ATC_M3_AL24477,C0,WFS,EDOF,5.0,-0.5,-0.5,0.06877383295047923,0.04139192755236543,0.053024700548239906,0.011812225980162284,0.009760856109758981,0.006608907115352948,0.010749712872106576
r8-742953bd22b341c38ebb67af89ccc76e,R8_R6_ATC_M3_AL24477_C0_WFS_EDOF_EPD5,R6_ATC_M3_AL24477_C0_WFS_EPD5,ATC_M3_AL24477,C0,WFS,EDOF,5.0,-0.75,-0.75,0.051274424387208646,0.04162123498211506,0.012317979534574993,0.008756561753646062,0.0009620404609127247,0.006967886255074175,0.002826176238442504
r8-742953bd22b341c38ebb67af89ccc76e,R8_R6_ATC_M3_AL24477_C0_WFS_EDOF_EPD5,R6_ATC_M3_AL24477_C0_WFS_EPD5,ATC_M3_AL24477,C0,WFS,EDOF,5.0,-1.0,-1.0,0.03851844126064025,0.024335059526778766,0.03973838018301272,0.009604962927461859,0.0013115598994526195,0.0008245302167626698,0.000666386144037544
r8-742953bd22b341c38ebb67af89ccc76e,R8_R6_ATC_M3_AL24477_C0_WFS_EDOF_EPD5,R6_ATC_M3_AL24477_C0_WFS_EPD5,ATC_M3_AL24477,C0,WFS,EDOF,5.0,-1.25,-1.25,0.03105438990455377,0.03377641681189019,0.009217247359101437,0.005078099551065115,0.0005334423014944337,0.002198999076808451,0.0018255527022846426
r8-742953bd22b341c38ebb67af89ccc76e,R8_R6_ATC_M3_AL24477_C0_WFS_EDOF_EPD5,R6_ATC_M3_AL24477_C0_WFS_EPD5,ATC_M3_AL24477,C0,WFS,EDOF,5.0,-1.5,-1.5,0.02787136495788662,0.011293293568077921,0.004307489001236658,0.006517525565401866,0.0004353272908395649,0.001096490247903484,0.0003965507350125002
r8-742953bd22b341c38ebb67af89ccc76e,R8_R6_ATC_M3_AL24477_C0_WFS_EDOF_EPD5,R6_ATC_M3_AL24477_C0_WFS_EPD5,ATC_M3_AL24477,C0,WFS,EDOF,5.0,-1.75,-1.75,0.023757258733722864,0.050072744174868164,0.008009376780051411,0.0005181588506570657,0.0009824683646301427,0.0015374691756135021,0.0008511350262516137
r8-742953bd22b341c38ebb67af89ccc76e,R8_R6_ATC_M3_AL24477_C0_WFS_EDOF_EPD5,R6_ATC_M3_AL24477_C0_WFS_EPD5,ATC_M3_AL24477,C0,WFS,EDOF,5.0,-2.0,-2.0,0.02015313564976991,0.010374290593686903,0.005420603830815917,0.0030208604443664583,0.001817676272944589,0.0007439142630569555,0.00016065936547094085
r8-742953bd22b341c38ebb67af89ccc76e,R8_R6_ATC_M3_AL24477_C0_WFS_EDOF_EPD5,R6_ATC_M3_AL24477_C0_WFS_EPD5,ATC_M3_AL24477,C0,WFS,EDOF,5.0,-2.25,-2.25,0.017487300396353093,0.003555295903855757,0.0047654873886595825,0.00021085760932678624,0.0003405003577819747,0.0001519981541675204,0.0015284391416681784
r8-742953bd22b341c38ebb67af89ccc76e,R8_R6_ATC_M3_AL24477_C0_WFS_EDOF_EPD5,R6_ATC_M3_AL24477_C0_WFS_EPD5,ATC_M3_AL24477,C0,WFS,EDOF,5.0,-2.5,-2.5,0.018242632203000392,0.009112689472944382,0.003964451954152774,0.0025008991507922624,0.001301459607155244,0.0013093943855493548,0.0006400297585466286
r8-742953bd22b341c38ebb67af89ccc76e,R8_R6_ATC_M3_AL24477_C0_WFS_EDOF_EPD5,R6_ATC_M3_AL24477_C0_WFS_EPD5,ATC_M3_AL24477,C0,WFS,EDOF,5.0,-2.75,-2.75,0.020760240751844652,0.02758320421812248,3.120251700730351e-05,0.0011326895412617824,0.00027499150006807466,0.0010647198999551748,0.0004568336238382429
r8-742953bd22b341c38ebb67af89ccc76e,R8_R6_ATC_M3_AL24477_C0_WFS_EDOF_EPD5,R6_ATC_M3_AL24477_C0_WFS_EPD5,ATC_M3_AL24477,C0,WFS,EDOF,5.0,-3.0,-3.0,0.019193081566892336,0.013258129502468165,0.0033078100534677237,0.0011854609305928707,0.001588473576810038,0.00046467608168113876,0.0011781494813217297
r8-742953bd22b341c38ebb67af89ccc76e,R8_R6_ATC_M3_AL24477_C0_RAD_MONO_EPD3,R6_ATC_M3_AL24477_C0_RAD_EPD3,ATC_M3_AL24477,C0,RAD,MONO,3.0,0.5,0.5,0.14097382924188892,0.23413263802522843,0.06875174588424582,6.85700327307088e-06,0.028992789567047553,0.026563319991968495,0.020634403461764088
r8-742953bd22b341c38ebb67af89ccc76e,R8_R6_ATC_M3_AL24477_C0_RAD_MONO_EPD3,R6_ATC_M3_AL24477_C0_RAD_EPD3,ATC_M3_AL24477,C0,RAD,MONO,3.0,0.25,0.25,0.2495934425861329,0.6434727516470099,0.263307560522489,0.06979201583784533,0.0012279226165574574,0.018016289641343927,0.014402135408778168
r8-742953bd22b341c38ebb67af89ccc76e,R8_R6_ATC_M3_AL24477_C0_RAD_MONO_EPD3,R6_ATC_M3_AL24477_C0_RAD_EPD3,ATC_M3_AL24477,C0,RAD,MONO,3.0,0.0,0.0,0.6422762682058869,0.8754844239645365,0.7525440799252798,0.635420609288935,0.522206058513636,0.4140662256664043,0.3114825340271844
r8-742953bd22b341c38ebb67af89ccc76e,R8_R6_ATC_M3_AL24477_C0_RAD_MONO_EPD3,R6_ATC_M3_AL24477_C0_RAD_EPD3,ATC_M3_AL24477,C0,RAD,MONO,3.0,-0.25,-0.25,0.30130739095712455,0.7248165420098877,0.3690600692378009,0.1411298069862683,0.04603982677110545,0.023429553242704758,0.03079713915298657
r8-742953bd22b341c38ebb67af89ccc76e,R8_R6_ATC_M3_AL24477_C0_RAD_MONO_EPD3,R6_ATC_M3_AL24477_C0_RAD_EPD3,ATC_M3_AL24477,C0,RAD,MONO,3.0,-0.5,-0.5,0.15792374271060844,0.310102048212089,0.10083861554153573,0.04092087170811329,0.01576040827245399,0.022308639620170056,0.013411144239343243
r8-742953bd22b341c38ebb67af89ccc76e,R8_R6_ATC_M3_AL24477_C0_RAD_MONO_EPD3,R6_ATC_M3_AL24477_C0_RAD_EPD3,ATC_M3_AL24477,C0,RAD,MONO,3.0,-0.75,-0.75,0.10967578783859606,0.04183552880649871,0.014331393163179563,0.024822201015884504,0.015307085784438935,0.01360044976956929,0.009915199127817947
r8-742953bd22b341c38ebb67af89ccc76e,R8_R6_ATC_M3_AL24477_C0_RAD_MONO_EPD3,R6_ATC_M3_AL24477_C0_RAD_EPD3,ATC_M3_AL24477,C0,RAD,MONO,3.0,-1.0,-1.0,0.0831610483904071,0.12453633361688134,0.025125295177604055,0.009684559414824372,0.014484743469599699,0.007466836667377982,0.00684629981513322
r8-742953bd22b341c38ebb67af89ccc76e,R8_R6_ATC_M3_AL24477_C0_RAD_MONO_EPD3,R6_ATC_M3_AL24477_C0_RAD_EPD3,ATC_M3_AL24477,C0,RAD,MONO,3.0,-1.25,-1.25,0.06561282058402006,0.020451290291123813,0.02775759580588723,0.006299353739282643,0.007662101508980222,0.001183984529705898,0.00045865380005721297
r8-742953bd22b341c38ebb67af89ccc76e,R8_R6_ATC_M3_AL24477_C0_RAD_MONO_EPD3,R6_ATC_M3_AL24477_C0_RAD_EPD3,ATC_M3_AL24477,C0,RAD,MONO,3.0,-1.5,-1.5,0.05557129393741699,0.06163930932950389,0.02141766198307128,0.0011669659852406584,0.0025030885595251472,0.005103127035144482,0.001287542546351563
r8-742953bd22b341c38ebb67af89ccc76e,R8_R6_ATC_M3_AL24477_C0_RAD_MONO_EPD3,R6_ATC_M3_AL24477_C0_RAD_EPD3,ATC_M3_AL24477,C0,RAD,MONO,3.0,-1.75,-1.75,0.04790825849845309,0.03237586129737609,0.01002871035967666,0.0005987710851961376,0.0035054376676637924,0.004971276710436129,0.0029218772864727733
r8-742953bd22b341c38ebb67af89ccc76e,R8_R6_ATC_M3_AL24477_C0_RAD_MONO_EPD3,R6_ATC_M3_AL24477_C0_RAD_EPD3,ATC_M3_AL24477,C0,RAD,MONO,3.0,-2.0,-2.0,0.04140081839963003,0.02747904509280112,0.0007895890102879288,0.00113517710171189,0.004911444697267912,0.0017467425361932883,0.00295368067079478
r8-742953bd22b341c38ebb67af89ccc76e,R8_R6_ATC_M3_AL24477_C0_RAD_MONO_EPD3,R6_ATC_M3_AL24477_C0_RAD_EPD3,ATC_M3_AL24477,C0,RAD,MONO,3.0,-2.25,-2.25,0.03654339204864072,0.02767233115583275,0.005806830319721401,0.0028009991416904304,0.00483067308444356,0.0015224639663012076,0.0006061840131109143
r8-742953bd22b341c38ebb67af89ccc76e,R8_R6_ATC_M3_AL24477_C0_RAD_MONO_EPD3,R6_ATC_M3_AL24477_C0_RAD_EPD3,ATC_M3_AL24477,C0,RAD,MONO,3.0,-2.5,-2.5,0.03363180883540103,0.012237650858179693,0.00903400685916729,0.003965548344369742,0.0023043700899106623,0.0016960416161918815,0.0005760764723213699
r8-742953bd22b341c38ebb67af89ccc76e,R8_R6_ATC_M3_AL24477_C0_RAD_MONO_EPD3,R6_ATC_M3_AL24477_C0_RAD_EPD3,ATC_M3_AL24477,C0,RAD,MONO,3.0,-2.75,-2.75,0.030528785198028117,0.023074450245950204,0.008484790095741808,0.00382397809243867,0.00025050917622089356,0.0013419215362927468,0.0014253350213597215
r8-742953bd22b341c38ebb67af89ccc76e,R8_R6_ATC_M3_AL24477_C0_RAD_MONO_EPD3,R6_ATC_M3_AL24477_C0_RAD_EPD3,ATC_M3_AL24477,C0,RAD,MONO,3.0,-3.0,-3.0,0.026493775024575946,0.003077512206247212,0.004194382666434299,0.0038042259845670777,0.0011949797840256006,0.0004881620512707316,0.001281927144261713
r8-742953bd22b341c38ebb67af89ccc76e,R8_R6_ATC_M3_AL24477_C0_RAD_EDOF_EPD3,R6_ATC_M3_AL24477_C0_RAD_EPD3,ATC_M3_AL24477,C0,RAD,EDOF,3.0,0.5,0.25,0.1913512185744911,0.41663603499463137,0.19574849049187062,0.07491208754474252,0.004009354282481885,0.0424942167470587,0.06363123330577472
r8-742953bd22b341c38ebb67af89ccc76e,R8_R6_ATC_M3_AL24477_C0_RAD_EDOF_EPD3,R6_ATC_M3_AL24477_C0_RAD_EPD3,ATC_M3_AL24477,C0,RAD,EDOF,3.0,0.25,0.0,0.2994238473126095,0.3566730981299493,0.32402370792992463,0.2974463597900898,0.22158468019988117,0.1697182410613694,0.10731299580514778
r8-742953bd22b341c38ebb67af89ccc76e,R8_R6_ATC_M3_AL24477_C0_RAD_EDOF_EPD3,R6_ATC_M3_AL24477_C0_RAD_EPD3,ATC_M3_AL24477,C0,RAD,EDOF,3.0,0.0,-0.25,0.1315790063872531,0.2667000615756029,0.1488723607405222,0.009731327080395678,0.005702865142145709,0.012486009097850255,0.006933689740880791
r8-742953bd22b341c38ebb67af89ccc76e,R8_R6_ATC_M3_AL24477_C0_RAD_EDOF_EPD3,R6_ATC_M3_AL24477_C0_RAD_EPD3,ATC_M3_AL24477,C0,RAD,EDOF,3.0,-0.25,-0.5,0.09067919728744098,0.17050369764151685,0.03938013008390541,0.012707271024765961,0.017591972374390273,0.008679664483641611,0.011508874626609003
r8-742953bd22b341c38ebb67af89ccc76e,R8_R6_ATC_M3_AL24477_C0_RAD_EDOF_EPD3,R6_ATC_M3_AL24477_C0_RAD_EPD3,ATC_M3_AL24477,C0,RAD,EDOF,3.0,-0.5,-0.75,0.07160028668390449,0.07414643973680674,0.01768083730289524,0.020736615437685686,0.010169495990380507,0.009459934014216492,0.024265150680335003
r8-742953bd22b341c38ebb67af89ccc76e,R8_R6_ATC_M3_AL24477_C0_RAD_EDOF_EPD3,R6_ATC_M3_AL24477_C0_RAD_EPD3,ATC_M3_AL24477,C0,RAD,EDOF,3.0,-0.75,-1.0,0.06102820635382367,0.003812487218237675,0.024566378877627592,0.02421553067395965,0.007896899302348673,0.020829939245437107,0.01062919397860472
r8-742953bd22b341c38ebb67af89ccc76e,R8_R6_ATC_M3_AL24477_C0_RAD_EDOF_EPD3,R6_ATC_M3_AL24477_C0_RAD_EPD3,ATC_M3_AL24477,C0,RAD,EDOF,3.0,-1.0,-1.25,0.0693282682381131,0.031033214925375995,0.04867398553226146,0.028731162730882824,0.04148678194863856,0.020242833727475817,0.013900775048481102
r8-742953bd22b341c38ebb67af89ccc76e,R8_R6_ATC_M3_AL24477_C0_RAD_EDOF_EPD3,R6_ATC_M3_AL24477_C0_RAD_EPD3,ATC_M3_AL24477,C0,RAD,EDOF,3.0,-1.25,-1.5,0.04987080326299815,0.0006053850065084834,0.019971442688939432,0.011038966898012544,0.00671346551369369,0.013772820804774464,0.009668599819846174
r8-742953bd22b341c38ebb67af89ccc76e,R8_R6_ATC_M3_AL24477_C0_RAD_EDOF_EPD3,R6_ATC_M3_AL24477_C0_RAD_EPD3,ATC_M3_AL24477,C0,RAD,EDOF,3.0,-1.5,-1.75,0.04272721389760691,0.051063601547288257,0.002500545716224726,0.02010354397711605,0.007049928414572481,0.003169350338636575,0.01091210101737828
r8-742953bd22b341c38ebb67af89ccc76e,R8_R6_ATC_M3_AL24477_C0_RAD_EDOF_EPD3,R6_ATC_M3_AL24477_C0_RAD_EPD3,ATC_M3_AL24477,C0,RAD,EDOF,3.0,-1.75,-2.0,0.04249769676991588,0.06576762637924252,0.0028896201839585765,0.025416827069311206,0.012691088395326903,0.010398771597529891,0.006932472346911696
r8-742953bd22b341c38ebb67af89ccc76e,R8_R6_ATC_M3_AL24477_C0_RAD_EDOF_EPD3,R6_ATC_M3_AL24477_C0_RAD_EPD3,ATC_M3_AL24477,C0,RAD,EDOF,3.0,-2.0,-2.25,0.038722296602740486,0.033807472815951964,0.012461521505831923,0.004134569948536544,0.0023068706779448165,0.012658927813910113,0.02066384508587637
r8-742953bd22b341c38ebb67af89ccc76e,R8_R6_ATC_M3_AL24477_C0_RAD_EDOF_EPD3,R6_ATC_M3_AL24477_C0_RAD_EPD3,ATC_M3_AL24477,C0,RAD,EDOF,3.0,-2.25,-2.5,0.039416600633198094,0.0056607107817061835,0.023224784217089678,0.00972280190163638,0.007742787270421044,0.0038123126224784186,0.0005140260634685801
r8-742953bd22b341c38ebb67af89ccc76e,R8_R6_ATC_M3_AL24477_C0_RAD_EDOF_EPD3,R6_ATC_M3_AL24477_C0_RAD_EPD3,ATC_M3_AL24477,C0,RAD,EDOF,3.0,-2.5,-2.75,0.037732787776698924,0.01613634899020422,0.005976343028012126,0.0032752487875264144,0.012021277418272455,0.024882175642487923,0.01259250456921194
r8-742953bd22b341c38ebb67af89ccc76e,R8_R6_ATC_M3_AL24477_C0_RAD_EDOF_EPD3,R6_ATC_M3_AL24477_C0_RAD_EPD3,ATC_M3_AL24477,C0,RAD,EDOF,3.0,-2.75,-3.0,0.03709377115107211,0.00016543362930113782,0.01523182037348994,0.006111788928494109,0.006669149637662295,0.0009508343881737507,0.01301980317504727
r8-742953bd22b341c38ebb67af89ccc76e,R8_R6_ATC_M3_AL24477_C0_RAD_EDOF_EPD3,R6_ATC_M3_AL24477_C0_RAD_EPD3,ATC_M3_AL24477,C0,RAD,EDOF,3.0,-3.0,-3.25,0.043343848020982394,0.01754384650499745,0.017801764807979584,0.016994199567324605,0.027902422452727366,0.009527131443984923,0.011550587296689157
r8-742953bd22b341c38ebb67af89ccc76e,R8_R6_ATC_M3_AL24477_C0_RAD_MONO_EPD5,R6_ATC_M3_AL24477_C0_RAD_EPD5,ATC_M3_AL24477,C0,RAD,MONO,5.0,0.5,0.5,0.08610970417757283,0.10716042516733981,0.04313768786742235,0.01937532055781408,0.030111764467837844,0.02348152851525178,0.015236499557541
r8-742953bd22b341c38ebb67af89ccc76e,R8_R6_ATC_M3_AL24477_C0_RAD_MONO_EPD5,R6_ATC_M3_AL24477_C0_RAD_EPD5,ATC_M3_AL24477,C0,RAD,MONO,5.0,0.25,0.25,0.12756321811623303,0.24486691371097408,0.10653735407258494,0.014790994108188503,0.021595816339145847,0.028664033023909283,0.02317620984796401
r8-742953bd22b341c38ebb67af89ccc76e,R8_R6_ATC_M3_AL24477_C0_RAD_MONO_EPD5,R6_ATC_M3_AL24477_C0_RAD_EPD5,ATC_M3_AL24477,C0,RAD,MONO,5.0,0.0,0.0,0.2795929802378705,0.4128536697250421,0.3278034935129231,0.2639961515102873,0.22287028909929502,0.1811865636449594,0.13989254030410453
r8-742953bd22b341c38ebb67af89ccc76e,R8_R6_ATC_M3_AL24477_C0_RAD_MONO_EPD5,R6_ATC_M3_AL24477_C0_RAD_EPD5,ATC_M3_AL24477,C0,RAD,MONO,5.0,-0.25,-0.25,0.10698562922302486,0.23290398483502078,0.10792259407031782,0.02196417354756781,0.0027605631185886,0.0014618229489276112,0.0025826668832964177
r8-742953bd22b341c38ebb67af89ccc76e,R8_R6_ATC_M3_AL24477_C0_RAD_MONO_EPD5,R6_ATC_M3_AL24477_C0_RAD_EPD5,ATC_M3_AL24477,C0,RAD,MONO,5.0,-0.5,-0.5,0.06002334818203539,0.0695321914425569,0.04412322495913151,0.009319066665003841,0.0066642380268312,0.001716083351846297,0.0026095424843696107
r8-742953bd22b341c38ebb67af89ccc76e,R8_R6_ATC_M3_AL24477_C0_RAD_MONO_EPD5,R6_ATC_M3_AL24477_C0_RAD_EPD5,ATC_M3_AL24477,C0,RAD,MONO,5.0,-0.75,-0.75,0.04181520012417542,0.003833799122237684,0.010904394945251385,0.0007021816157528504,0.004510816476715329,0.0017196250839351965,0.0027726457221265554
r8-742953bd22b341c38ebb67af89ccc76e,R8_R6_ATC_M3_AL24477_C0_RAD_MONO_EPD5,R6_ATC_M3_AL24477_C0_RAD_EPD5,ATC_M3_AL24477,C0,RAD,MONO,5.0,-1.0,-1.0,0.03198202975317616,0.04542025077226465,0.0040682125421685235,0.004494775723270017,0.0005902261318371134,0.0015628092384287228,0.0018767037845134754
r8-742953bd22b341c38ebb67af89ccc76e,R8_R6_ATC_M3_AL24477_C0_RAD_MONO_EPD5,R6_ATC_M3_AL24477_C0_RAD_EPD5,ATC_M3_AL24477,C0,RAD,MONO,5.0,-1.25,-1.25,0.025648426282752372,0.01273246469231054,0.003652174604063624,0.0012466102981359465,0.0030141143915147477,0.0017444666288622445,0.0010486451134813879
r8-742953bd22b341c38ebb67af89ccc76e,R8_R6_ATC_M3_AL24477_C0_RAD_MONO_EPD5,R6_ATC_M3_AL24477_C0_RAD_EPD5,ATC_M3_AL24477,C0,RAD,MONO,5.0,-1.5,-1.5,0.02294038179424379,0.03084773371528622,0.002410926616253732,0.0012532354650783475,0.002295189856349039,0.00016058461719552496,0.0001597300133372468
r8-742953bd22b341c38ebb67af89ccc76e,R8_R6_ATC_M3_AL24477_C0_RAD_MONO_EPD5,R6_ATC_M3_AL24477_C0_RAD_EPD5,ATC_M3_AL24477,C0,RAD,MONO,5.0,-1.75,-1.75,0.020097880921965773,0.0018598301946227472,0.0034659134276270906,0.00045661838114099094,0.0009326886430462943,0.0005748396774217214,0.0019215197846120208
r8-742953bd22b341c38ebb67af89ccc76e,R8_R6_ATC_M3_AL24477_C0_RAD_MONO_EPD5,R6_ATC_M3_AL24477_C0_RAD_EPD5,ATC_M3_AL24477,C0,RAD,MONO,5.0,-2.0,-2.0,0.017026505326441992,0.014936772812167876,0.0012336554894008629,0.0005930714148108669,0.000544056468445054,0.0007405014310341894,0.0007888421964940596
r8-742953bd22b341c38ebb67af89ccc76e,R8_R6_ATC_M3_AL24477_C0_RAD_MONO_EPD5,R6_ATC_M3_AL24477_C0_RAD_EPD5,ATC_M3_AL24477,C0,RAD,MONO,5.0,-2.25,-2.25,0.016392870349578658,0.007692984522157715,0.0023450483147212653,0.0001289582566790315,0.0009201595660822974,4.1314225478604054e-05,0.001106853356586125
r8-742953bd22b341c38ebb67af89ccc76e,R8_R6_ATC_M3_AL24477_C0_RAD_MONO_EPD5,R6_ATC_M3_AL24477_C0_RAD_EPD5,ATC_M3_AL24477,C0,RAD,MONO,5.0,-2.5,-2.5,0.018393654819642235,0.005942793868393184,0.0022909689320712587,0.0006612647739180329,2.1946436065112543e-05,0.0001046096481136784,0.0003102108891678048
r8-742953bd22b341c38ebb67af89ccc76e,R8_R6_ATC_M3_AL24477_C0_RAD_MONO_EPD5,R6_ATC_M3_AL24477_C0_RAD_EPD5,ATC_M3_AL24477,C0,RAD,MONO,5.0,-2.75,-2.75,0.017985960523420743,0.004733018728090723,0.00200948607352503,0.00012975262159534067,0.00017166163858043108,0.00022005968622564663,0.0007071242740798609
r8-742953bd22b341c38ebb67af89ccc76e,R8_R6_ATC_M3_AL24477_C0_RAD_MONO_EPD5,R6_ATC_M3_AL24477_C0_RAD_EPD5,ATC_M3_AL24477,C0,RAD,MONO,5.0,-3.0,-3.0,0.01752439113941795,0.002211745902899266,0.0029696029545658864,0.0005949374729902783,0.0017756528870342817,0.00021923602517176895,0.00221317671931528
r8-742953bd22b341c38ebb67af89ccc76e,R8_R6_ATC_M3_AL24477_C0_RAD_EDOF_EPD5,R6_ATC_M3_AL24477_C0_RAD_EPD5,ATC_M3_AL24477,C0,RAD,EDOF,5.0,0.5,0.25,0.10803185463423555,0.22442671661069125,0.07646891005374987,0.04081339079575483,0.011397842553592927,0.003986125733653419,0.012821972328877784
r8-742953bd22b341c38ebb67af89ccc76e,R8_R6_ATC_M3_AL24477_C0_RAD_EDOF_EPD5,R6_ATC_M3_AL24477_C0_RAD_EPD5,ATC_M3_AL24477,C0,RAD,EDOF,5.0,0.25,0.0,0.11022270633823202,0.06453099850831577,0.10461752754825963,0.09311612335864,0.052517268820462135,0.03690054794710047,0.016792527408275366
r8-742953bd22b341c38ebb67af89ccc76e,R8_R6_ATC_M3_AL24477_C0_RAD_EDOF_EPD5,R6_ATC_M3_AL24477_C0_RAD_EPD5,ATC_M3_AL24477,C0,RAD,EDOF,5.0,0.0,-0.25,0.06583265572683662,0.11112016585647218,0.06638838031360945,0.008097826283256813,0.019191909245036616,0.020980227065894294,0.013291684453171594
r8-742953bd22b341c38ebb67af89ccc76e,R8_R6_ATC_M3_AL24477_C0_RAD_EDOF_EPD5,R6_ATC_M3_AL24477_C0_RAD_EPD5,ATC_M3_AL24477,C0,RAD,EDOF,5.0,-0.25,-0.5,0.04472660356682368,0.04884987587797377,0.007540341590517966,0.017877360147375003,0.012551148516467133,0.0009803280018005484,0.004257119681524902
r8-742953bd22b341c38ebb67af89ccc76e,R8_R6_ATC_M3_AL24477_C0_RAD_EDOF_EPD5,R6_ATC_M3_AL24477_C0_RAD_EPD5,ATC_M3_AL24477,C0,RAD,EDOF,5.0,-0.5,-0.75,0.03544846423866575,0.0388988976074358,0.0208412433971073,0.0041922457212699195,0.00636315099201433,0.00023507942559331885,0.005366038609359282
r8-742953bd22b341c38ebb67af89ccc76e,R8_R6_ATC_M3_AL24477_C0_RAD_EDOF_EPD5,R6_ATC_M3_AL24477_C0_RAD_EPD5,ATC_M3_AL24477,C0,RAD,EDOF,5.0,-0.75,-1.0,0.02935990722064091,0.021266880780549564,0.013746957098556091,0.0019562595270846256,0.0016193007425980084,0.004998045736029806,0.008448982952062738
r8-742953bd22b341c38ebb67af89ccc76e,R8_R6_ATC_M3_AL24477_C0_RAD_EDOF_EPD5,R6_ATC_M3_AL24477_C0_RAD_EPD5,ATC_M3_AL24477,C0,RAD,EDOF,5.0,-1.0,-1.25,0.031238209520925184,0.04298109115133249,0.01835597535096512,0.01431604882678271,0.012137385294320523,0.00789512971872769,0.002459695435653841
r8-742953bd22b341c38ebb67af89ccc76e,R8_R6_ATC_M3_AL24477_C0_RAD_EDOF_EPD5,R6_ATC_M3_AL24477_C0_RAD_EPD5,ATC_M3_AL24477,C0,RAD,EDOF,5.0,-1.25,-1.5,0.026998536805756635,0.00637356407949943,0.010550047189410255,7.620642285952652e-05,0.0007785214168594205,0.008272024057219697,0.00542223170266476
r8-742953bd22b341c38ebb67af89ccc76e,R8_R6_ATC_M3_AL24477_C0_RAD_EDOF_EPD5,R6_ATC_M3_AL24477_C0_RAD_EPD5,ATC_M3_AL24477,C0,RAD,EDOF,5.0,-1.5,-1.75,0.021842168928939535,0.05385569964959295,0.0030516482037208532,0.005259612652994548,0.00046555001865542374,0.00037248592217843754,0.005708933714027901
r8-742953bd22b341c38ebb67af89ccc76e,R8_R6_ATC_M3_AL24477_C0_RAD_EDOF_EPD5,R6_ATC_M3_AL24477_C0_RAD_EPD5,ATC_M3_AL24477,C0,RAD,EDOF,5.0,-1.75,-2.0,0.01993214238021145,0.016086998315410755,0.007906098153453119,0.0052397374109212635,0.005931421603734209,0.0035784547294002537,0.0033691859256781156
r8-742953bd22b341c38ebb67af89ccc76e,R8_R6_ATC_M3_AL24477_C0_RAD_EDOF_EPD5,R6_ATC_M3_AL24477_C0_RAD_EPD5,ATC_M3_AL24477,C0,RAD,EDOF,5.0,-2.0,-2.25,0.021850514163418957,0.013724044431973658,0.0014816051504702192,0.002979925122869257,0.002610890770694393,0.005802288847557351,0.005761076293655262
r8-742953bd22b341c38ebb67af89ccc76e,R8_R6_ATC_M3_AL24477_C0_RAD_EDOF_EPD5,R6_ATC_M3_AL24477_C0_RAD_EPD5,ATC_M3_AL24477,C0,RAD,EDOF,5.0,-2.25,-2.5,0.019192704860226797,0.006639050961862766,0.008768098176368335,0.005148449640115088,0.0005881168359723677,0.0014571412290356025,6.677707207687008e-05
r8-742953bd22b341c38ebb67af89ccc76e,R8_R6_ATC_M3_AL24477_C0_RAD_EDOF_EPD5,R6_ATC_M3_AL24477_C0_RAD_EPD5,ATC_M3_AL24477,C0,RAD,EDOF,5.0,-2.5,-2.75,0.018040495108654023,0.002378088616635965,0.001364688739934658,0.004189247144702122,0.0053378415451958705,0.010321513372820858,0.005350171050553677
r8-742953bd22b341c38ebb67af89ccc76e,R8_R6_ATC_M3_AL24477_C0_RAD_EDOF_EPD5,R6_ATC_M3_AL24477_C0_RAD_EPD5,ATC_M3_AL24477,C0,RAD,EDOF,5.0,-2.75,-3.0,0.018850002863321356,0.008579864835886178,0.006890665022060401,0.0028142099099302425,0.0014137124366974587,0.0020200276410666023,0.006625159599777221
r8-742953bd22b341c38ebb67af89ccc76e,R8_R6_ATC_M3_AL24477_C0_RAD_EDOF_EPD5,R6_ATC_M3_AL24477_C0_RAD_EPD5,ATC_M3_AL24477,C0,RAD,EDOF,5.0,-3.0,-3.25,0.020310670554476336,0.007442964983140982,0.008366830911856506,0.0025954584728888528,0.002966678826148231,0.001058993153546216,0.0034670598929270784
r8-742953bd22b341c38ebb67af89ccc76e,R8_R6_ATC_M3_AL24477_C0_HOA_MONO_EPD3,R6_ATC_M3_AL24477_C0_HOA_EPD3,ATC_M3_AL24477,C0,HOA,MONO,3.0,0.5,0.5,0.16265952086985902,0.27554057694144835,0.08190896205417525,0.06116567003185417,0.04195479681392908,0.028934308097698865,0.02063838693394001
r8-742953bd22b341c38ebb67af89ccc76e,R8_R6_ATC_M3_AL24477_C0_HOA_MONO_EPD3,R6_ATC_M3_AL24477_C0_HOA_EPD3,ATC_M3_AL24477,C0,HOA,MONO,3.0,0.25,0.25,0.30905932163219774,0.6061342433224342,0.3412038613530225,0.2166140066772579,0.13147771261754104,0.06310138504204943,0.013924052683017163
r8-742953bd22b341c38ebb67af89ccc76e,R8_R6_ATC_M3_AL24477_C0_HOA_MONO_EPD3,R6_ATC_M3_AL24477_C0_HOA_EPD3,ATC_M3_AL24477,C0,HOA,MONO,3.0,0.0,0.0,0.5702835828951691,0.8197953407076836,0.6538720916889421,0.524457340473953,0.42636456613939594,0.3564296221009868,0.29097295030802406
r8-742953bd22b341c38ebb67af89ccc76e,R8_R6_ATC_M3_AL24477_C0_HOA_MONO_EPD3,R6_ATC_M3_AL24477_C0_HOA_EPD3,ATC_M3_AL24477,C0,HOA,MONO,3.0,-0.25,-0.25,0.25455259969480104,0.6995416363417253,0.2532009226206595,0.0006031824873761113,0.042377799813664366,0.021255862904826194,0.010593418787561065
r8-742953bd22b341c38ebb67af89ccc76e,R8_R6_ATC_M3_AL24477_C0_HOA_MONO_EPD3,R6_ATC_M3_AL24477_C0_HOA_EPD3,ATC_M3_AL24477,C0,HOA,MONO,3.0,-0.5,-0.5,0.1787644847283385,0.2956126758134822,0.16248540071008105,0.007189454990807529,0.06622364623316887,0.04737526424334737,0.031128376923183015
r8-742953bd22b341c38ebb67af89ccc76e,R8_R6_ATC_M3_AL24477_C0_HOA_MONO_EPD3,R6_ATC_M3_AL24477_C0_HOA_EPD3,ATC_M3_AL24477,C0,HOA,MONO,3.0,-0.75,-0.75,0.12617678923754583,0.09140527717972016,0.03763693115449879,0.027489255629855873,0.028987666486035,0.012939845743932785,0.009834412920774478
r8-742953bd22b341c38ebb67af89ccc76e,R8_R6_ATC_M3_AL24477_C0_HOA_MONO_EPD3,R6_ATC_M3_AL24477_C0_HOA_EPD3,ATC_M3_AL24477,C0,HOA,MONO,3.0,-1.0,-1.0,0.09758057332400627,0.20232610001123114,0.05791600849725251,0.015390775183672717,0.020843190754982005,0.004405955028950073,0.00570852032212296
r8-742953bd22b341c38ebb67af89ccc76e,R8_R6_ATC_M3_AL24477_C0_HOA_MONO_EPD3,R6_ATC_M3_AL24477_C0_HOA_EPD3,ATC_M3_AL24477,C0,HOA,MONO,3.0,-1.25,-1.25,0.07821202752007128,0.06591339451997764,0.05535182087531794,0.013585615785082453,0.008225741561591279,0.005493883827243222,0.001410333920231516
r8-742953bd22b341c38ebb67af89ccc76e,R8_R6_ATC_M3_AL24477_C0_HOA_MONO_EPD3,R6_ATC_M3_AL24477_C0_HOA_EPD3,ATC_M3_AL24477,C0,HOA,MONO,3.0,-1.5,-1.5,0.06577090284672242,0.08396119864339072,0.02792807305643137,0.006620788358890647,0.001136342166843599,0.006506624559329219,0.0020941055583588025
r8-742953bd22b341c38ebb67af89ccc76e,R8_R6_ATC_M3_AL24477_C0_HOA_MONO_EPD3,R6_ATC_M3_AL24477_C0_HOA_EPD3,ATC_M3_AL24477,C0,HOA,MONO,3.0,-1.75,-1.75,0.05637649421604633,0.08284726057613753,0.00030002253320561843,0.005207612465651207,0.005217768323416552,0.00414361565568752,0.003447541570563894
r8-742953bd22b341c38ebb67af89ccc76e,R8_R6_ATC_M3_AL24477_C0_HOA_MONO_EPD3,R6_ATC_M3_AL24477_C0_HOA_EPD3,ATC_M3_AL24477,C0,HOA,MONO,3.0,-2.0,-2.0,0.04780134807167836,0.012682668917884233,0.013977297286446876,0.0013727661860519595,0.005495369693052893,8.982760079881587e-05,0.002081657944113049
r8-742953bd22b341c38ebb67af89ccc76e,R8_R6_ATC_M3_AL24477_C0_HOA_MONO_EPD3,R6_ATC_M3_AL24477_C0_HOA_EPD3,ATC_M3_AL24477,C0,HOA,MONO,3.0,-2.25,-2.25,0.04258226197483047,0.05628226484686018,0.01728509167921024,0.0007116709280988899,0.004882326852642815,0.002297716455424069,0.0005286598130102179
r8-742953bd22b341c38ebb67af89ccc76e,R8_R6_ATC_M3_AL24477_C0_HOA_MONO_EPD3,R6_ATC_M3_AL24477_C0_HOA_EPD3,ATC_M3_AL24477,C0,HOA,MONO,3.0,-2.5,-2.5,0.03808345663492109,0.01179624205098612,0.013189069584900695,0.0017910418798243483,0.0018325006115250332,0.0016753438516852494,0.001216544335060115
r8-742953bd22b341c38ebb67af89ccc76e,R8_R6_ATC_M3_AL24477_C0_HOA_MONO_EPD3,R6_ATC_M3_AL24477_C0_HOA_EPD3,ATC_M3_AL24477,C0,HOA,MONO,3.0,-2.75,-2.75,0.034394632385240695,0.034377211739025325,0.005573810296624157,0.0018273987627222866,0.00022398485405413431,0.0010794898052763659,0.0017405525794488219
r8-742953bd22b341c38ebb67af89ccc76e,R8_R6_ATC_M3_AL24477_C0_HOA_MONO_EPD3,R6_ATC_M3_AL24477_C0_HOA_EPD3,ATC_M3_AL24477,C0,HOA,MONO,3.0,-3.0,-3.0,0.029816717782273405,0.01946154216019444,0.0015223628880413668,0.0022986941018164784,0.0011629225770147533,0.0002899454717875228,0.0012215373145270396
r8-742953bd22b341c38ebb67af89ccc76e,R8_R6_ATC_M3_AL24477_C0_HOA_EDOF_EPD3,R6_ATC_M3_AL24477_C0_HOA_EPD3,ATC_M3_AL24477,C0,HOA,EDOF,3.0,0.5,0.75,0.0712928911522571,0.0385289882358889,0.011333405380454284,0.035133850105355836,0.019145645344203592,0.016250630258149296,0.0008147237522781884
r8-742953bd22b341c38ebb67af89ccc76e,R8_R6_ATC_M3_AL24477_C0_HOA_EDOF_EPD3,R6_ATC_M3_AL24477_C0_HOA_EPD3,ATC_M3_AL24477,C0,HOA,EDOF,3.0,0.25,0.5,0.07942413166243062,0.09439603640978758,0.0009746390297124737,0.010330230060861768,0.014596220252593928,0.0036572342332146703,0.01608325505293097
r8-742953bd22b341c38ebb67af89ccc76e,R8_R6_ATC_M3_AL24477_C0_HOA_EDOF_EPD3,R6_ATC_M3_AL24477_C0_HOA_EPD3,ATC_M3_AL24477,C0,HOA,EDOF,3.0,0.0,0.25,0.15671623711992166,0.2763281112682236,0.1128841711630109,0.07929384500787215,0.059239399210764904,0.061509932691099674,0.05702822614099252
r8-742953bd22b341c38ebb67af89ccc76e,R8_R6_ATC_M3_AL24477_C0_HOA_EDOF_EPD3,R6_ATC_M3_AL24477_C0_HOA_EPD3,ATC_M3_AL24477,C0,HOA,EDOF,3.0,-0.25,0.0,0.2182880693408781,0.32815198133535217,0.22788623095656257,0.16995515415232432,0.11416548678909419,0.09254542184527602,0.11746020519191103
r8-742953bd22b341c38ebb67af89ccc76e,R8_R6_ATC_M3_AL24477_C0_HOA_EDOF_EPD3,R6_ATC_M3_AL24477_C0_HOA_EPD3,ATC_M3_AL24477,C0,HOA,EDOF,3.0,-0.5,-0.25,0.11170059283941206,0.1997958208793063,0.07027952844991403,0.018614794048183222,0.0373469787645139,0.009307606576774277,0.010182367594161485
r8-742953bd22b341c38ebb67af89ccc76e,R8_R6_ATC_M3_AL24477_C0_HOA_EDOF_EPD3,R6_ATC_M3_AL24477_C0_HOA_EPD3,ATC_M3_AL24477,C0,HOA,EDOF,3.0,-0.75,-0.5,0.0775238004085604,0.026485552408262225,0.06788245587651312,0.021779218172330417,0.03468455372532463,0.001081155125051101,0.010605383222416071
r8-742953bd22b341c38ebb67af89ccc76e,R8_R6_ATC_M3_AL24477_C0_HOA_EDOF_EPD3,R6_ATC_M3_AL24477_C0_HOA_EPD3,ATC_M3_AL24477,C0,HOA,EDOF,3.0,-1.0,-0.75,0.06560565652123364,0.03463514658784009,0.0586045075007809,0.005556582505139372,0.02505978075093226,0.010132970531043674,0.010931427059815254
r8-742953bd22b341c38ebb67af89ccc76e,R8_R6_ATC_M3_AL24477_C0_HOA_EDOF_EPD3,R6_ATC_M3_AL24477_C0_HOA_EPD3,ATC_M3_AL24477,C0,HOA,EDOF,3.0,-1.25,-1.0,0.08232758879319868,0.02184326850876144,0.08188629477834475,0.05028280092076935,0.04364667310288266,0.04464098255863408,0.0028818695397151662
r8-742953bd22b341c38ebb67af89ccc76e,R8_R6_ATC_M3_AL24477_C0_HOA_EDOF_EPD3,R6_ATC_M3_AL24477_C0_HOA_EPD3,ATC_M3_AL24477,C0,HOA,EDOF,3.0,-1.5,-1.25,0.05125769282116353,0.0796569398394684,0.001184936795867402,0.0017691628185438316,0.008568955271984868,0.0005680887862279247,0.00950267227556559
r8-742953bd22b341c38ebb67af89ccc76e,R8_R6_ATC_M3_AL24477_C0_HOA_EDOF_EPD3,R6_ATC_M3_AL24477_C0_HOA_EPD3,ATC_M3_AL24477,C0,HOA,EDOF,3.0,-1.75,-1.5,0.045028521977683554,0.062363506649181055,0.01186364816135953,0.012192356399231524,0.0003664047873620383,0.0016172842966968937,0.008342933095843916
r8-742953bd22b341c38ebb67af89ccc76e,R8_R6_ATC_M3_AL24477_C0_HOA_EDOF_EPD3,R6_ATC_M3_AL24477_C0_HOA_EPD3,ATC_M3_AL24477,C0,HOA,EDOF,3.0,-2.0,-1.75,0.039853096854258516,0.012696352510556771,0.015516014910569222,0.006874099024701966,0.005228003044746361,0.01231690718600059,0.006875088156439705
r8-742953bd22b341c38ebb67af89ccc76e,R8_R6_ATC_M3_AL24477_C0_HOA_EDOF_EPD3,R6_ATC_M3_AL24477_C0_HOA_EPD3,ATC_M3_AL24477,C0,HOA,EDOF,3.0,-2.25,-2.0,0.04214125756077107,0.002401861991604054,0.008339075648161949,0.024853064240351552,0.004136460819676846,0.0003567168983848825,0.0002320100023184149
r8-742953bd22b341c38ebb67af89ccc76e,R8_R6_ATC_M3_AL24477_C0_HOA_EDOF_EPD3,R6_ATC_M3_AL24477_C0_HOA_EPD3,ATC_M3_AL24477,C0,HOA,EDOF,3.0,-2.5,-2.25,0.04656088114975792,0.026197043435409337,0.03939116007095073,0.022388985169260238,0.0090383481052222,0.03824226371307371,0.010113298540923141
r8-742953bd22b341c38ebb67af89ccc76e,R8_R6_ATC_M3_AL24477_C0_HOA_EDOF_EPD3,R6_ATC_M3_AL24477_C0_HOA_EPD3,ATC_M3_AL24477,C0,HOA,EDOF,3.0,-2.75,-2.5,0.03459659214537532,0.03148657274887546,0.03174790913385969,0.012216320674934928,0.010077563874353903,0.002345875425178507,0.001978243608224758
r8-742953bd22b341c38ebb67af89ccc76e,R8_R6_ATC_M3_AL24477_C0_HOA_EDOF_EPD3,R6_ATC_M3_AL24477_C0_HOA_EPD3,ATC_M3_AL24477,C0,HOA,EDOF,3.0,-3.0,-2.75,0.031165669656733373,0.011465937623945401,0.027270226564930722,0.004002058068273572,0.0002825514531750998,0.015260472697636763,0.0053692970588511925
r8-742953bd22b341c38ebb67af89ccc76e,R8_R6_ATC_M3_AL24477_C0_HOA_MONO_EPD5,R6_ATC_M3_AL24477_C0_HOA_EPD5,ATC_M3_AL24477,C0,HOA,MONO,5.0,0.5,0.5,0.16353698708852443,0.17113597049228552,0.0895669441229195,0.12157857464910363,0.054437920153842786,0.04992870370947272,0.0043771881912006575
r8-742953bd22b341c38ebb67af89ccc76e,R8_R6_ATC_M3_AL24477_C0_HOA_MONO_EPD5,R6_ATC_M3_AL24477_C0_HOA_EPD5,ATC_M3_AL24477,C0,HOA,MONO,5.0,0.25,0.25,0.14141036629867995,0.22860215533313683,0.08421545525134808,0.041025009082125405,0.005985993922458426,0.01818526713814442,0.016018291115363955
r8-742953bd22b341c38ebb67af89ccc76e,R8_R6_ATC_M3_AL24477_C0_HOA_MONO_EPD5,R6_ATC_M3_AL24477_C0_HOA_EPD5,ATC_M3_AL24477,C0,HOA,MONO,5.0,0.0,0.0,0.28454299296936975,0.43792167179729713,0.3428436236926621,0.24541055578035018,0.21305093989001675,0.16992349684923366,0.13650677798623723
r8-742953bd22b341c38ebb67af89ccc76e,R8_R6_ATC_M3_AL24477_C0_HOA_MONO_EPD5,R6_ATC_M3_AL24477_C0_HOA_EPD5,ATC_M3_AL24477,C0,HOA,MONO,5.0,-0.25,-0.25,0.12468535028208814,0.28520189761274506,0.09458414738673325,0.02259437779821825,0.020828446570853948,0.001537193763937841,0.01244230923149835
r8-742953bd22b341c38ebb67af89ccc76e,R8_R6_ATC_M3_AL24477_C0_HOA_MONO_EPD5,R6_ATC_M3_AL24477_C0_HOA_EPD5,ATC_M3_AL24477,C0,HOA,MONO,5.0,-0.5,-0.5,0.08387027968310493,0.05140864431847288,0.09836113561488136,0.006940942873681424,0.03226167471836251,0.007992153546532155,0.004385632710658338
r8-742953bd22b341c38ebb67af89ccc76e,R8_R6_ATC_M3_AL24477_C0_HOA_MONO_EPD5,R6_ATC_M3_AL24477_C0_HOA_EPD5,ATC_M3_AL24477,C0,HOA,MONO,5.0,-0.75,-0.75,0.058282672732625586,9.512394330186708e-05,0.049748743531882245,0.007172753754887937,0.008789708247309099,0.0002354175696505521,0.0015992685296731344
r8-742953bd22b341c38ebb67af89ccc76e,R8_R6_ATC_M3_AL24477_C0_HOA_MONO_EPD5,R6_ATC_M3_AL24477_C0_HOA_EPD5,ATC_M3_AL24477,C0,HOA,MONO,5.0,-1.0,-1.0,0.04535630116527033,0.09867129004725883,0.007987134061564469,0.0030730775406778996,0.0017816643999706433,0.00034622299988036826,0.0018072647597451447
r8-742953bd22b341c38ebb67af89ccc76e,R8_R6_ATC_M3_AL24477_C0_HOA_MONO_EPD5,R6_ATC_M3_AL24477_C0_HOA_EPD5,ATC_M3_AL24477,C0,HOA,MONO,5.0,-1.25,-1.25,0.03717420249347636,0.04213255935225281,0.02915150213821425,0.0037929685689714705,0.0008725422500293534,0.0006512041065312916,0.0016427375475261542
r8-742953bd22b341c38ebb67af89ccc76e,R8_R6_ATC_M3_AL24477_C0_HOA_MONO_EPD5,R6_ATC_M3_AL24477_C0_HOA_EPD5,ATC_M3_AL24477,C0,HOA,MONO,5.0,-1.5,-1.5,0.03052145344928681,0.08152995055222431,0.02027061822578564,0.0028042553193131743,0.002779821306184629,0.0017648022132682349,0.0007783165068401303
r8-742953bd22b341c38ebb67af89ccc76e,R8_R6_ATC_M3_AL24477_C0_HOA_MONO_EPD5,R6_ATC_M3_AL24477_C0_HOA_EPD5,ATC_M3_AL24477,C0,HOA,MONO,5.0,-1.75,-1.75,0.024862003006902788,0.008461997787051903,0.004417698693254127,0.0014649191002022595,0.0010846656145566645,0.0004656039359630139,0.0005959222108532299
r8-742953bd22b341c38ebb67af89ccc76e,R8_R6_ATC_M3_AL24477_C0_HOA_MONO_EPD5,R6_ATC_M3_AL24477_C0_HOA_EPD5,ATC_M3_AL24477,C0,HOA,MONO,5.0,-2.0,-2.0,0.02385368930306839,0.04306678008206195,0.0009913697895267044,0.0008258259933245518,0.0012756869473780803,0.001815502677059501,0.0002943906771951685
r8-742953bd22b341c38ebb67af89ccc76e,R8_R6_ATC_M3_AL24477_C0_HOA_MONO_EPD5,R6_ATC_M3_AL24477_C0_HOA_EPD5,ATC_M3_AL24477,C0,HOA,MONO,5.0,-2.25,-2.25,0.02176995302984274,0.016300642498088325,0.003607987775378539,0.0004860260051629531,0.00161468846776866,0.0015829053029555956,0.001459989222007575
r8-742953bd22b341c38ebb67af89ccc76e,R8_R6_ATC_M3_AL24477_C0_HOA_MONO_EPD5,R6_ATC_M3_AL24477_C0_HOA_EPD5,ATC_M3_AL24477,C0,HOA,MONO,5.0,-2.5,-2.5,0.019477970844588743,0.0060717540140729775,0.006544998893075532,0.00014670634405191546,0.0011829836131341193,0.0009494660384028863,0.000501551106233252
r8-742953bd22b341c38ebb67af89ccc76e,R8_R6_ATC_M3_AL24477_C0_HOA_MONO_EPD5,R6_ATC_M3_AL24477_C0_HOA_EPD5,ATC_M3_AL24477,C0,HOA,MONO,5.0,-2.75,-2.75,0.0181226617846509,0.023044337252358278,0.0032477434921962286,0.0014627019138758444,0.0009379738572875925,0.0014383474933997776,0.0018779519980843154
r8-742953bd22b341c38ebb67af89ccc76e,R8_R6_ATC_M3_AL24477_C0_HOA_MONO_EPD5,R6_ATC_M3_AL24477_C0_HOA_EPD5,ATC_M3_AL24477,C0,HOA,MONO,5.0,-3.0,-3.0,0.02151741728482601,0.02502270806836817,0.004266661144468635,0.0014616583743699862,0.000412740253754389,0.00011067057129939358,0.0002955833942399988
r8-742953bd22b341c38ebb67af89ccc76e,R8_R6_ATC_M3_AL24477_C0_HOA_EDOF_EPD5,R6_ATC_M3_AL24477_C0_HOA_EPD5,ATC_M3_AL24477,C0,HOA,EDOF,5.0,0.5,0.75,0.11451856822243582,0.051286208565422486,0.05558876117094197,0.06600463326973954,0.026470422100320787,0.0418085097125378,0.014894948987542974
r8-742953bd22b341c38ebb67af89ccc76e,R8_R6_ATC_M3_AL24477_C0_HOA_EDOF_EPD5,R6_ATC_M3_AL24477_C0_HOA_EPD5,ATC_M3_AL24477,C0,HOA,EDOF,5.0,0.25,0.5,0.08446049470240388,0.04501326872606081,0.029442754427495173,0.012106661533192564,0.025929796743730985,0.004595851592998227,0.008504283870723117
r8-742953bd22b341c38ebb67af89ccc76e,R8_R6_ATC_M3_AL24477_C0_HOA_EDOF_EPD5,R6_ATC_M3_AL24477_C0_HOA_EPD5,ATC_M3_AL24477,C0,HOA,EDOF,5.0,0.0,0.25,0.1122030653669427,0.24407506537579124,0.1386301622675579,0.046283461481515756,0.05390579636925544,0.040620644990999946,0.035833905672945865
r8-742953bd22b341c38ebb67af89ccc76e,R8_R6_ATC_M3_AL24477_C0_HOA_EDOF_EPD5,R6_ATC_M3_AL24477_C0_HOA_EPD5,ATC_M3_AL24477,C0,HOA,EDOF,5.0,-0.25,0.0,0.1209174241078999,0.1503862418862498,0.0901229489236842,0.07042756476018863,0.06632944367850402,0.051199316695435086,0.056611916342702816
r8-742953bd22b341c38ebb67af89ccc76e,R8_R6_ATC_M3_AL24477_C0_HOA_EDOF_EPD5,R6_ATC_M3_AL24477_C0_HOA_EPD5,ATC_M3_AL24477,C0,HOA,EDOF,5.0,-0.5,-0.25,0.05541193114325356,0.019903505375667294,0.008171951061227131,0.006831361795199809,0.015113482153124476,0.013346812965153425,0.00021428891884271934
r8-742953bd22b341c38ebb67af89ccc76e,R8_R6_ATC_M3_AL24477_C0_HOA_EDOF_EPD5,R6_ATC_M3_AL24477_C0_HOA_EPD5,ATC_M3_AL24477,C0,HOA,EDOF,5.0,-0.75,-0.5,0.043496902024281435,0.04298103453827254,0.001093719993870202,0.005909691078611617,0.002718132079202189,0.005287741205519083,0.0007461909154807178
r8-742953bd22b341c38ebb67af89ccc76e,R8_R6_ATC_M3_AL24477_C0_HOA_EDOF_EPD5,R6_ATC_M3_AL24477_C0_HOA_EPD5,ATC_M3_AL24477,C0,HOA,EDOF,5.0,-1.0,-0.75,0.03991490834676778,0.04107109807913176,0.02372394830064363,0.008732504814867592,0.0038134119495316283,0.009549485702505085,0.006522953225492607
r8-742953bd22b341c38ebb67af89ccc76e,R8_R6_ATC_M3_AL24477_C0_HOA_EDOF_EPD5,R6_ATC_M3_AL24477_C0_HOA_EPD5,ATC_M3_AL24477,C0,HOA,EDOF,5.0,-1.25,-1.0,0.03683730736458701,0.009968779047740252,0.008962782795391474,0.020789996950919175,0.011176835979523816,0.008769022339291476,0.002098142122441417
r8-742953bd22b341c38ebb67af89ccc76e,R8_R6_ATC_M3_AL24477_C0_HOA_EDOF_EPD5,R6_ATC_M3_AL24477_C0_HOA_EPD5,ATC_M3_AL24477,C0,HOA,EDOF,5.0,-1.5,-1.25,0.030003672162252717,0.07987787130578133,0.013249371378346177,0.0032377942874590843,0.00600542755630324,0.003836532264288474,0.0019929267418314846
r8-742953bd22b341c38ebb67af89ccc76e,R8_R6_ATC_M3_AL24477_C0_HOA_EDOF_EPD5,R6_ATC_M3_AL24477_C0_HOA_EPD5,ATC_M3_AL24477,C0,HOA,EDOF,5.0,-1.75,-1.5,0.023381124926738956,0.0006550703870594407,0.0037198880839360996,0.0020030950450877286,0.0021040251502289407,0.00020448440608380054,0.004742056352985465
r8-742953bd22b341c38ebb67af89ccc76e,R8_R6_ATC_M3_AL24477_C0_HOA_EDOF_EPD5,R6_ATC_M3_AL24477_C0_HOA_EPD5,ATC_M3_AL24477,C0,HOA,EDOF,5.0,-2.0,-1.75,0.023491510871583608,0.03186122439999346,0.0004415396762535527,0.01056090323266786,0.0011855958426984837,0.0037146787918502355,0.0015170863757700348
r8-742953bd22b341c38ebb67af89ccc76e,R8_R6_ATC_M3_AL24477_C0_HOA_EDOF_EPD5,R6_ATC_M3_AL24477_C0_HOA_EPD5,ATC_M3_AL24477,C0,HOA,EDOF,5.0,-2.25,-2.0,0.023351436041702207,0.03831802018032546,0.010302658088628874,0.0005922329392529658,0.0033413765924430114,0.0018578017978140935,0.0002726189723298301
r8-742953bd22b341c38ebb67af89ccc76e,R8_R6_ATC_M3_AL24477_C0_HOA_EDOF_EPD5,R6_ATC_M3_AL24477_C0_HOA_EPD5,ATC_M3_AL24477,C0,HOA,EDOF,5.0,-2.5,-2.25,0.02320050732327149,0.01753556370598492,0.004297793964211613,0.011937090417982518,0.0017395781666712266,0.013560157616404604,0.0043731460151481254
r8-742953bd22b341c38ebb67af89ccc76e,R8_R6_ATC_M3_AL24477_C0_HOA_EDOF_EPD5,R6_ATC_M3_AL24477_C0_HOA_EPD5,ATC_M3_AL24477,C0,HOA,EDOF,5.0,-2.75,-2.5,0.022816661813121027,0.024279022367778624,0.01324516223091591,0.005647775360002005,0.003219609343937584,0.001190178769071992,0.0009221984912386527
r8-742953bd22b341c38ebb67af89ccc76e,R8_R6_ATC_M3_AL24477_C0_HOA_EDOF_EPD5,R6_ATC_M3_AL24477_C0_HOA_EPD5,ATC_M3_AL24477,C0,HOA,EDOF,5.0,-3.0,-2.75,0.02200595222548578,0.021955055184712073,0.0032577326505279437,0.0015563001061717052,0.0007992531591920283,0.006161648134985884,0.0032098953376011327
