run_id,config_id,pair_key,base_id,cornea_id,platform_id,optic_state,pupil_mm,defocus_retina_d,defocus_shape_d,mtfa,mtf10,mtf20,mtf30,mtf40,mtf50,mtf60
supplemental-2-8164d718635644c8aa3ce34f5e09a59e,S2_R6_LB_AL2395_C0_WFS_MONO_EPD3,S2_R6_LB_AL2395_C0_WFS_EPD3,LB_AL2395,C0,WFS,MONO,3.0,1.0,2.0,0.02791189769477669,0.007534516369044651,0.006609122529583526,0.005150529160906696,0.0015345646839388146,0.00010403614340377914,0.0007490256273615096
supplemental-2-8164d718635644c8aa3ce34f5e09a59e,S2_R6_LB_AL2395_C0_WFS_MONO_EPD3,S2_R6_LB_AL2395_C0_WFS_EPD3,LB_AL2395,C0,WFS,MONO,3.0,0.875,1.875,0.029640978668472186,0.01737362447575337,0.007634999400877235,0.00028109697805964894,0.0032456878716064608,0.0009941542632438715,0.0010984515756011937
supplemental-2-8164d718635644c8aa3ce34f5e09a59e,S2_R6_LB_AL2395_C0_WFS_MONO_EPD3,S2_R6_LB_AL2395_C0_WFS_EPD3,LB_AL2395,C0,WFS,MONO,3.0,0.75,1.75,0.031204590175846196,0.02028404471391307,0.0009561581175998021,0.005531827735266313,0.0006956917130095475,0.003312135432656516,0.0019503629104975124
supplemental-2-8164d718635644c8aa3ce34f5e09a59e,S2_R6_LB_AL2395_C0_WFS_MONO_EPD3,S2_R6_LB_AL2395_C0_WFS_EPD3,LB_AL2395,C0,WFS,MONO,3.0,0.625,1.625,0.03177100465246929,0.014163318083749096,0.00899064027463947,0.000315285143276804,0.004020374807876894,0.0006175651386451575,0.0003833071342440547
supplemental-2-8164d718635644c8aa3ce34f5e09a59e,S2_R6_LB_AL2395_C0_WFS_MONO_EPD3,S2_R6_LB_AL2395_C0_WFS_EPD3,LB_AL2395,C0,WFS,MONO,3.0,0.5,1.5,0.033159038066973144,0.0006938515370026179,0.005659892175362028,0.005104903346299717,0.003209977792985819,0.002947006807251003,0.000947883613249597
supplemental-2-8164d718635644c8aa3ce34f5e09a59e,S2_R6_LB_AL2395_C0_WFS_MONO_EPD3,S2_R6_LB_AL2395_C0_WFS_EPD3,LB_AL2395,C0,WFS,MONO,3.0,0.375,1.375,0.035100171556764925,0.014764755884254712,0.005765899458347304,0.0018897116404811719,0.0036608718156073087,0.002374961951663364,0.002747856623510607
supplemental-2-8164d718635644c8aa3ce34f5e09a59e,S2_R6_LB_AL2395_C0_WFS_MONO_EPD3,S2_R6_LB_AL2395_C0_WFS_EPD3,LB_AL2395,C0,WFS,MONO,3.0,0.25,1.25,0.036931314028053525,0.025120727932790066,0.010546360440779615,0.005980194974599733,0.004517147610999357,0.0009417837752538523,0.0005948958716070093
supplemental-2-8164d718635644c8aa3ce34f5e09a59e,S2_R6_LB_AL2395_C0_WFS_MONO_EPD3,S2_R6_LB_AL2395_C0_WFS_EPD3,LB_AL2395,C0,WFS,MONO,3.0,0.125,1.125,0.039578489643536545,0.02467316200455322,0.001105859809482809,0.003272207589634869,0.0005939765131875218,0.004721182581657375,0.003157702817504208
supplemental-2-8164d718635644c8aa3ce34f5e09a59e,S2_R6_LB_AL2395_C0_WFS_MONO_EPD3,S2_R6_LB_AL2395_C0_WFS_EPD3,LB_AL2395,C0,WFS,MONO,3.0,0.0,1.0,0.04180574519151581,0.011756269607508685,0.01129954731268862,0.007353845270699628,0.0055707630371850765,0.0022425654051170265,0.0026689026253401294
supplemental-2-8164d718635644c8aa3ce34f5e09a59e,S2_R6_LB_AL2395_C0_WFS_MONO_EPD3,S2_R6_LB_AL2395_C0_WFS_EPD3,LB_AL2395,C0,WFS,MONO,3.0,-0.125,0.875,0.04404711723065049,0.009628958479179706,0.009374744848264399,0.0045005019678670665,0.0027762750377022505,0.004176120388632364,0.0006987625865417073
supplemental-2-8164d718635644c8aa3ce34f5e09a59e,S2_R6_LB_AL2395_C0_WFS_MONO_EPD3,S2_R6_LB_AL2395_C0_WFS_EPD3,LB_AL2395,C0,WFS,MONO,3.0,-0.25,0.75,0.048031158715455,0.030866692294538683,0.006855638492236886,0.009005982549008633,0.0033236695620796233,0.004687684386887846,0.005013933307083109
supplemental-2-8164d718635644c8aa3ce34f5e09a59e,S2_R6_LB_AL2395_C0_WFS_MONO_EPD3,S2_R6_LB_AL2395_C0_WFS_EPD3,LB_AL2395,C0,WFS,MONO,3.0,-0.375,0.625,0.050808615628583166,0.04207997118471033,0.016819462933876324,0.004953351593965624,0.008304883629061349,0.0008025882278107609,0.002439521104806239
supplemental-2-8164d718635644c8aa3ce34f5e09a59e,S2_R6_LB_AL2395_C0_WFS_MONO_EPD3,S2_R6_LB_AL2395_C0_WFS_EPD3,LB_AL2395,C0,WFS,MONO,3.0,-0.5,0.5,0.05566687611015918,0.036772682446618445,0.004752171971663946,0.008401174656488538,0.0012706986054852412,0.005549618430014503,0.004404048762458201
supplemental-2-8164d718635644c8aa3ce34f5e09a59e,S2_R6_LB_AL2395_C0_WFS_MONO_EPD3,S2_R6_LB_AL2395_C0_WFS_EPD3,LB_AL2395,C0,WFS,MONO,3.0,-0.625,0.375,0.06143068221925709,0.016133914419512462,0.01635509852862751,0.009556896506328589,0.00920468572807159,0.0066709769143453385,0.005109385244187196
supplemental-2-8164d718635644c8aa3ce34f5e09a59e,S2_R6_LB_AL2395_C0_WFS_MONO_EPD3,S2_R6_LB_AL2395_C0_WFS_EPD3,LB_AL2395,C0,WFS,MONO,3.0,-0.75,0.25,0.0662488628390958,0.009081918314829952,0.01653969991977062,0.011796902050066041,0.006470854076561151,0.001047071459858402,0.00163935766198586
supplemental-2-8164d718635644c8aa3ce34f5e09a59e,S2_R6_LB_AL2395_C0_WFS_MONO_EPD3,S2_R6_LB_AL2395_C0_WFS_EPD3,LB_AL2395,C0,WFS,MONO,3.0,-0.875,0.125,0.07675204099366867,0.020156422949827744,0.012042105741544766,0.01172824010948911,0.009072328037808369,0.011311892620551219,0.00862586579155534
supplemental-2-8164d718635644c8aa3ce34f5e09a59e,S2_R6_LB_AL2395_C0_WFS_MONO_EPD3,S2_R6_LB_AL2395_C0_WFS_EPD3,LB_AL2395,C0,WFS,MONO,3.0,-1.0,0.0,0.08777012334277642,0.004264759555526548,0.03858030379586749,0.010523835312995652,0.014060749972397769,0.007239872350295516,0.007711937536737505
supplemental-2-8164d718635644c8aa3ce34f5e09a59e,S2_R6_LB_AL2395_C0_WFS_MONO_EPD3,S2_R6_LB_AL2395_C0_WFS_EPD3,LB_AL2395,C0,WFS,MONO,3.0,-1.125,-0.125,0.10267844803461464,0.08124951669109456,0.031134110052508098,0.02621878259035732,0.000863486158059218,0.005919553362312369,0.0037553733941105305
supplemental-2-8164d718635644c8aa3ce34f5e09a59e,S2_R6_LB_AL2395_C0_WFS_MONO_EPD3,S2_R6_LB_AL2395_C0_WFS_EPD3,LB_AL2395,C0,WFS,MONO,3.0,-1.25,-0.25,0.13332782592264186,0.21341911139868908,0.014004090447290023,0.03123836000745121,0.029903325972440317,0.024119254274272556,0.019474189190945266
supplemental-2-8164d718635644c8aa3ce34f5e09a59e,S2_R6_LB_AL2395_C0_WFS_MONO_EPD3,S2_R6_LB_AL2395_C0_WFS_EPD3,LB_AL2395,C0,WFS,MONO,3.0,-1.375,-0.375,0.1596472742103015,0.3881316629497395,0.06815868087230012,0.010759661992230435,0.00014464656187673897,0.0034810545513781544,0.0075712099723673956
supplemental-2-8164d718635644c8aa3ce34f5e09a59e,S2_R6_LB_AL2395_C0_WFS_MONO_EPD3,S2_R6_LB_AL2395_C0_WFS_EPD3,LB_AL2395,C0,WFS,MONO,3.0,-1.5,-0.5,0.24533007560880066,0.5763013448619323,0.25207689992313714,0.10826976252405277,0.034986360552359014,0.0036402684012758826,0.019142889529288873
supplemental-2-8164d718635644c8aa3ce34f5e09a59e,S2_R6_LB_AL2395_C0_WFS_MONO_EPD3,S2_R6_LB_AL2395_C0_WFS_EPD3,LB_AL2395,C0,WFS,MONO,3.0,-1.625,-0.625,0.439724683489825,0.7389122467438823,0.5133499275349355,0.37439593013277,0.2724146384349637,0.18726768030800509,0.11738978122642507
supplemental-2-8164d718635644c8aa3ce34f5e09a59e,S2_R6_LB_AL2395_C0_WFS_MONO_EPD3,S2_R6_LB_AL2395_C0_WFS_EPD3,LB_AL2395,C0,WFS,MONO,3.0,-1.75,-0.75,0.6020767961186313,0.8371960596983646,0.6939587603893222,0.5808392377668978,0.479400748345449,0.38200401809413953,0.282796952793811
supplemental-2-8164d718635644c8aa3ce34f5e09a59e,S2_R6_LB_AL2395_C0_WFS_MONO_EPD3,S2_R6_LB_AL2395_C0_WFS_EPD3,LB_AL2395,C0,WFS,MONO,3.0,-1.875,-0.875,0.5334256795153903,0.8438796702659606,0.6500447757582433,0.46893556484262944,0.3444301276090661,0.27949905141294434,0.2417815405730644
supplemental-2-8164d718635644c8aa3ce34f5e09a59e,S2_R6_LB_AL2395_C0_WFS_MONO_EPD3,S2_R6_LB_AL2395_C0_WFS_EPD3,LB_AL2395,C0,WFS,MONO,3.0,-2.0,-1.0,0.30819415075293966,0.7518745957948381,0.3842075218485267,0.12829873774882586,0.03612976841983565,0.03191886856892739,0.05949095617758881
supplemental-2-8164d718635644c8aa3ce34f5e09a59e,S2_R6_LB_AL2395_C0_WFS_MONO_EPD3,S2_R6_LB_AL2395_C0_WFS_EPD3,LB_AL2395,C0,WFS,MONO,3.0,-2.125,-1.125,0.22273791897789494,0.5774216008286752,0.058788823362030125,0.09466383459200435,0.06315788235244109,0.032629211568993115,0.020709363549975702
supplemental-2-8164d718635644c8aa3ce34f5e09a59e,S2_R6_LB_AL2395_C0_WFS_MONO_EPD3,S2_R6_LB_AL2395_C0_WFS_EPD3,LB_AL2395,C0,WFS,MONO,3.0,-2.25,-1.25,0.1747838955323856,0.35638561989144624,0.13341460394923757,0.05394647408352733,0.026094645046893496,0.029903875904996956,0.0133748773837152
supplemental-2-8164d718635644c8aa3ce34f5e09a59e,S2_R6_LB_AL2395_C0_WFS_MONO_EPD3,S2_R6_LB_AL2395_C0_WFS_EPD3,LB_AL2395,C0,WFS,MONO,3.0,-2.375,-1.375,0.15062303250961764,0.13464345831891503,0.12370004159341139,0.05717368736764844,0.04327096319396714,0.02035916669277076,0.019329187903031078
supplemental-2-8164d718635644c8aa3ce34f5e09a59e,S2_R6_LB_AL2395_C0_WFS_MONO_EPD3,S2_R6_LB_AL2395_C0_WFS_EPD3,LB_AL2395,C0,WFS,MONO,3.0,-2.5,-1.5,0.12432927240102686,0.04450784957047983,0.003998855781675612,0.04830144182481352,0.015288845390646944,0.015122561118127074,0.007363852930371204
supplemental-2-8164d718635644c8aa3ce34f5e09a59e,S2_R6_LB_AL2395_C0_WFS_MONO_EPD3,S2_R6_LB_AL2395_C0_WFS_EPD3,LB_AL2395,C0,WFS,MONO,3.0,-2.625,-1.625,0.10515380496565357,0.15195948483434935,0.07942547609812409,0.021845591191289367,0.01230861351671387,0.002851829707270545,0.002686842244017916
supplemental-2-8164d718635644c8aa3ce34f5e09a59e,S2_R6_LB_AL2395_C0_WFS_MONO_EPD3,S2_R6_LB_AL2395_C0_WFS_EPD3,LB_AL2395,C0,WFS,MONO,3.0,-2.75,-1.75,0.09540082652801506,0.1797690166310593,0.06120881324814099,0.02465755608778503,0.018098148892286295,0.011667172420225096,0.008665176522264373
supplemental-2-8164d718635644c8aa3ce34f5e09a59e,S2_R6_LB_AL2395_C0_WFS_MONO_EPD3,S2_R6_LB_AL2395_C0_WFS_EPD3,LB_AL2395,C0,WFS,MONO,3.0,-2.875,-1.875,0.08278623206240122,0.14143876973439268,0.00850178701583187,0.017516755637816763,0.002252619614107863,0.005805492742453232,0.0015603140541117116
supplemental-2-8164d718635644c8aa3ce34f5e09a59e,S2_R6_LB_AL2395_C0_WFS_MONO_EPD3,S2_R6_LB_AL2395_C0_WFS_EPD3,LB_AL2395,C0,WFS,MONO,3.0,-3.0,-2.0,0.07461839482342934,0.06569704643737585,0.044359370201977645,0.01788144590662587,0.011528834151148594,0.001371576486781141,0.003994437433103421
supplemental-2-8164d718635644c8aa3ce34f5e09a59e,S2_R6_LB_AL2395_C0_WFS_MONO_EPD3,S2_R6_LB_AL2395_C0_WFS_EPD3,LB_AL2395,C0,WFS,MONO,3.0,-3.125,-2.125,0.06857193147869495,0.013837357001380845,0.020062490463423188,0.011240522439453839,0.005051680305169213,0.00694958720886662,0.005197458861504839
supplemental-2-8164d718635644c8aa3ce34f5e09a59e,S2_R6_LB_AL2395_C0_WFS_MONO_EPD3,S2_R6_LB_AL2395_C0_WFS_EPD3,LB_AL2395,C0,WFS,MONO,3.0,-3.25,-2.25,0.061839343787376246,0.0694791266057952,0.020339277417440585,0.009797453138943151,0.006030210593155163,0.0033345731478421677,0.0024006608083171088
supplemental-2-8164d718635644c8aa3ce34f5e09a59e,S2_R6_LB_AL2395_C0_WFS_MONO_EPD3,S2_R6_LB_AL2395_C0_WFS_EPD3,LB_AL2395,C0,WFS,MONO,3.0,-3.375,-2.375,0.05668237355568816,0.08715200306915798,0.02731872325131038,0.01103063432807858,0.00630082548065199,0.0036250014474093224,0.0030830829302503386
supplemental-2-8164d718635644c8aa3ce34f5e09a59e,S2_R6_LB_AL2395_C0_WFS_MONO_EPD3,S2_R6_LB_AL2395_C0_WFS_EPD3,LB_AL2395,C0,WFS,MONO,3.0,-3.5,-2.5,0.05334328970963717,0.06868447323291078,0.0013866383497570772,0.007789654016564236,0.0005673454621168674,0.004808441646215151,0.0015937728919158142
supplemental-2-8164d718635644c8aa3ce34f5e09a59e,S2_R6_LB_AL2395_C0_WFS_MONO_EPD3,S2_R6_LB_AL2395_C0_WFS_EPD3,LB_AL2395,C0,WFS,MONO,3.0,-3.625,-2.625,0.04914185897072132,0.02839726206393717,0.01939481495523329,0.0077869861297964445,0.006853086270952035,0.00019310300145744226,0.0026968138003569827
supplemental-2-8164d718635644c8aa3ce34f5e09a59e,S2_R6_LB_AL2395_C0_WFS_MONO_EPD3,S2_R6_LB_AL2395_C0_WFS_EPD3,LB_AL2395,C0,WFS,MONO,3.0,-3.75,-2.75,0.046128981500185115,0.014079399252324562,0.011631333034886572,0.0037225100771165246,0.0028475277188460195,0.0028034785950499306,0.0019474626761065586
supplemental-2-8164d718635644c8aa3ce34f5e09a59e,S2_R6_LB_AL2395_C0_WFS_MONO_EPD3,S2_R6_LB_AL2395_C0_WFS_EPD3,LB_AL2395,C0,WFS,MONO,3.0,-3.875,-2.875,0.04182024922747115,0.041882521530130744,0.009059328780586663,0.007144836930331303,0.003632642607692174,0.0028501075694410748,0.00047177285848656067
supplemental-2-8164d718635644c8aa3ce34f5e09a59e,S2_R6_LB_AL2395_C0_WFS_MONO_EPD3,S2_R6_LB_AL2395_C0_WFS_EPD3,LB_AL2395,C0,WFS,MONO,3.0,-4.0,-3.0,0.04063386434714898,0.04684584338916796,0.014559181587554561,0.001367758455034349,0.004402042708281833,0.0008753888580957862,0.001829081617065213
supplemental-2-8164d718635644c8aa3ce34f5e09a59e,S2_R6_LB_AL2395_C0_WFS_MONO_EPD3,S2_R6_LB_AL2395_C0_WFS_EPD3,LB_AL2395,C0,WFS,MONO,3.0,-4.125,-3.125,0.03857189212334473,0.031119662747878078,0.0007650187752607944,0.006868892963524051,0.001042284082017915,0.002970781791062068,0.0014920685081149113
supplemental-2-8164d718635644c8aa3ce34f5e09a59e,S2_R6_LB_AL2395_C0_WFS_MONO_EPD3,S2_R6_LB_AL2395_C0_WFS_EPD3,LB_AL2395,C0,WFS,MONO,3.0,-4.25,-3.25,0.03607589774663592,0.004882598516696609,0.011720292211542516,0.00011080171397342448,0.0031450319092409017,0.0006069934223909005,0.0016357013652810737
supplemental-2-8164d718635644c8aa3ce34f5e09a59e,S2_R6_LB_AL2395_C0_WFS_MONO_EPD3,S2_R6_LB_AL2395_C0_WFS_EPD3,LB_AL2395,C0,WFS,MONO,3.0,-4.375,-3.375,0.03492627761833749,0.019052398095761487,0.007398545984297878,0.006536024379444067,0.0021206565168730555,0.0005014667372895377,0.0019569026607892505
supplemental-2-8164d718635644c8aa3ce34f5e09a59e,S2_R6_LB_AL2395_C0_WFS_MONO_EPD3,S2_R6_LB_AL2395_C0_WFS_EPD3,LB_AL2395,C0,WFS,MONO,3.0,-4.5,-3.5,0.033022935321799,0.030871009030036763,0.005547782235902583,0.0002035477454699499,0.002131089939942645,0.0024095561091858706,0.0006873126683363828
supplemental-2-8164d718635644c8aa3ce34f5e09a59e,S2_R6_LB_AL2395_C0_WFS_MONO_EPD3,S2_R6_LB_AL2395_C0_WFS_EPD3,LB_AL2395,C0,WFS,MONO,3.0,-4.625,-3.625,0.031065313552773675,0.027336641694916588,0.009325495998583852,0.005380610743252208,0.0030925469100772903,0.0008734483753627876,0.0015556067589453373
supplemental-2-8164d718635644c8aa3ce34f5e09a59e,S2_R6_LB_AL2395_C0_WFS_MONO_EPD3,S2_R6_LB_AL2395_C0_WFS_EPD3,LB_AL2395,C0,WFS,MONO,3.0,-4.75,-3.75,0.028875674264791984,0.012305322354964171,0.0007940114767450719,0.0008125958000061244,0.0007998691928773965,0.0019926210253729372,0.000650302684292581
supplemental-2-8164d718635644c8aa3ce34f5e09a59e,S2_R6_LB_AL2395_C0_WFS_MONO_EPD3,S2_R6_LB_AL2395_C0_WFS_EPD3,LB_AL2395,C0,WFS,MONO,3.0,-4.875,-3.875,0.027021168114539987,0.005927773314614842,0.006716131678837609,0.004404483411872134,0.0019033533346548524,0.0017092362375338115,0.0009308814246060715
supplemental-2-8164d718635644c8aa3ce34f5e09a59e,S2_R6_LB_AL2395_C0_WFS_MONO_EPD3,S2_R6_LB_AL2395_C0_WFS_EPD3,LB_AL2395,C0,WFS,MONO,3.0,-5.0,-4.0,0.02726700914399879,0.018732075227243263,0.0031626391191007207,0.0010675891773368614,0.0012031248051787614,0.00038672689337782994,0.0018213934436603588
supplemental-2-8164d718635644c8aa3ce34f5e09a59e,S2_R6_LB_AL2395_C0_WFS_EDOF_EPD3,S2_R6_LB_AL2395_C0_WFS_EPD3,LB_AL2395,C0,WFS,EDOF,3.0,1.0,2.0,0.031801129824231084,0.0019906738987895446,0.007613184254604697,0.0010146494716096724,0.0015294268838812073,0.0021450770698190893,0.0011345396251361667
supplemental-2-8164d718635644c8aa3ce34f5e09a59e,S2_R6_LB_AL2395_C0_WFS_EDOF_EPD3,S2_R6_LB_AL2395_C0_WFS_EPD3,LB_AL2395,C0,WFS,EDOF,3.0,0.875,1.875,0.03352426226371007,0.00028423446046636465,0.01167445782003817,0.001516740329462706,0.0039027989185050735,0.0012377823316197002,0.0005452429528756575
supplemental-2-8164d718635644c8aa3ce34f5e09a59e,S2_R6_LB_AL2395_C0_WFS_EDOF_EPD3,S2_R6_LB_AL2395_C0_WFS_EPD3,LB_AL2395,C0,WFS,EDOF,3.0,0.75,1.75,0.03452090686905699,0.008458657595148855,0.00750887710690678,0.0035204070220488082,0.000531435593994709,0.003287126964731992,0.0015018916088698246
supplemental-2-8164d718635644c8aa3ce34f5e09a59e,S2_R6_LB_AL2395_C0_WFS_EDOF_EPD3,S2_R6_LB_AL2395_C0_WFS_EPD3,LB_AL2395,C0,WFS,EDOF,3.0,0.625,1.625,0.034710355725870695,0.026803399119049432,0.0024684736286767306,0.001232498881499872,0.0009352796023077144,0.0011159890040745165,0.0009001471122871718
supplemental-2-8164d718635644c8aa3ce34f5e09a59e,S2_R6_LB_AL2395_C0_WFS_EDOF_EPD3,S2_R6_LB_AL2395_C0_WFS_EPD3,LB_AL2395,C0,WFS,EDOF,3.0,0.5,1.5,0.03822967344400018,0.05044596785274136,0.007057420962973441,0.006255495632319811,0.007977873916575399,0.0036862703845931444,0.00045285851642105446
supplemental-2-8164d718635644c8aa3ce34f5e09a59e,S2_R6_LB_AL2395_C0_WFS_EDOF_EPD3,S2_R6_LB_AL2395_C0_WFS_EPD3,LB_AL2395,C0,WFS,EDOF,3.0,0.375,1.375,0.040520059173513506,0.07001410107192521,0.0013848421357959884,0.006007339001976288,0.005108428526912951,0.00036507806423781875,0.0029337827969627525
supplemental-2-8164d718635644c8aa3ce34f5e09a59e,S2_R6_LB_AL2395_C0_WFS_EDOF_EPD3,S2_R6_LB_AL2395_C0_WFS_EPD3,LB_AL2395,C0,WFS,EDOF,3.0,0.25,1.25,0.04224844649963121,0.07456048580558967,0.004331354816933638,0.0016975057332644778,0.0023412689578232453,0.0032400159152766073,0.0009493435577670812
supplemental-2-8164d718635644c8aa3ce34f5e09a59e,S2_R6_LB_AL2395_C0_WFS_EDOF_EPD3,S2_R6_LB_AL2395_C0_WFS_EPD3,LB_AL2395,C0,WFS,EDOF,3.0,0.125,1.125,0.04680863900469468,0.05575064420335658,0.003752312573101749,0.005464252804897371,0.010738502322769596,0.0059611307587780615,0.0009285414293775287
supplemental-2-8164d718635644c8aa3ce34f5e09a59e,S2_R6_LB_AL2395_C0_WFS_EDOF_EPD3,S2_R6_LB_AL2395_C0_WFS_EPD3,LB_AL2395,C0,WFS,EDOF,3.0,0.0,1.0,0.04994249644090122,0.011701859174616275,0.023282994470735136,0.009551047680149258,0.010555039955092443,0.00012124234604455166,0.0019243555051496864
supplemental-2-8164d718635644c8aa3ce34f5e09a59e,S2_R6_LB_AL2395_C0_WFS_EDOF_EPD3,S2_R6_LB_AL2395_C0_WFS_EPD3,LB_AL2395,C0,WFS,EDOF,3.0,-0.125,0.875,0.05120769867124287,0.050826346966963754,0.033805494555128754,0.0010728823418183974,0.0028654709930228373,0.003019028583759878,0.003933508874841768
supplemental-2-8164d718635644c8aa3ce34f5e09a59e,S2_R6_LB_AL2395_C0_WFS_EDOF_EPD3,S2_R6_LB_AL2395_C0_WFS_EPD3,LB_AL2395,C0,WFS,EDOF,3.0,-0.25,0.75,0.05880578861649565,0.1175343827283548,0.019636587887018647,0.00737992464277427,0.013476817989863311,0.006626168244187429,0.00450953755751714
supplemental-2-8164d718635644c8aa3ce34f5e09a59e,S2_R6_LB_AL2395_C0_WFS_EDOF_EPD3,S2_R6_LB_AL2395_C0_WFS_EPD3,LB_AL2395,C0,WFS,EDOF,3.0,-0.375,0.625,0.06357547461654552,0.17063594136620638,0.008640593790746418,0.0007687178758355944,0.02255918036313299,0.0014977507261496692,0.004006543224260085
supplemental-2-8164d718635644c8aa3ce34f5e09a59e,S2_R6_LB_AL2395_C0_WFS_EDOF_EPD3,S2_R6_LB_AL2395_C0_WFS_EPD3,LB_AL2395,C0,WFS,EDOF,3.0,-0.5,0.5,0.06550242182530898,0.19513654616008722,0.024121001709491358,0.002677071141114001,0.006387733602380825,0.0032269245710533005,0.00028901568747159457
supplemental-2-8164d718635644c8aa3ce34f5e09a59e,S2_R6_LB_AL2395_C0_WFS_EDOF_EPD3,S2_R6_LB_AL2395_C0_WFS_EPD3,LB_AL2395,C0,WFS,EDOF,3.0,-0.625,0.375,0.07773106840756754,0.18491473671322506,0.018380980917221186,0.017122531905458944,0.007674316138208778,0.010102989731963195,0.0021176436519960763
supplemental-2-8164d718635644c8aa3ce34f5e09a59e,S2_R6_LB_AL2395_C0_WFS_EDOF_EPD3,S2_R6_LB_AL2395_C0_WFS_EPD3,LB_AL2395,C0,WFS,EDOF,3.0,-0.75,0.25,0.09978364824155937,0.14645471992128653,0.018784823706198828,0.04066841484698331,0.038878229794029946,0.012588819750073019,0.016969910113506913
supplemental-2-8164d718635644c8aa3ce34f5e09a59e,S2_R6_LB_AL2395_C0_WFS_EDOF_EPD3,S2_R6_LB_AL2395_C0_WFS_EPD3,LB_AL2395,C0,WFS,EDOF,3.0,-0.875,0.125,0.11453181552419446,0.09851075587871261,0.059959599282541895,0.04856178383109838,0.039322431964789156,0.020682470465463752,0.014762297727611298
supplemental-2-8164d718635644c8aa3ce34f5e09a59e,S2_R6_LB_AL2395_C0_WFS_EDOF_EPD3,S2_R6_LB_AL2395_C0_WFS_EPD3,LB_AL2395,C0,WFS,EDOF,3.0,-1.0,0.0,0.1273374278150791,0.0672033247328443,0.13664387492129768,0.06578429781266437,0.0239776123744167,0.001551252618580661,0.012370634665256851
supplemental-2-8164d718635644c8aa3ce34f5e09a59e,S2_R6_LB_AL2395_C0_WFS_EDOF_EPD3,S2_R6_LB_AL2395_C0_WFS_EPD3,LB_AL2395,C0,WFS,EDOF,3.0,-1.125,-0.125,0.1557552038193979,0.07779596518093694,0.19741447601936446,0.10604511515151878,0.06251931037196555,0.020628496164525507,0.0029313187590474703
supplemental-2-8164d718635644c8aa3ce34f5e09a59e,S2_R6_LB_AL2395_C0_WFS_EDOF_EPD3,S2_R6_LB_AL2395_C0_WFS_EPD3,LB_AL2395,C0,WFS,EDOF,3.0,-1.25,-0.25,0.18145478802793497,0.14538997998666758,0.19620932220266177,0.12328461829388539,0.08946517157352478,0.05212498626490406,0.011410812849226602
supplemental-2-8164d718635644c8aa3ce34f5e09a59e,S2_R6_LB_AL2395_C0_WFS_EDOF_EPD3,S2_R6_LB_AL2395_C0_WFS_EPD3,LB_AL2395,C0,WFS,EDOF,3.0,-1.375,-0.375,0.17770805432004855,0.26753873798254835,0.1575002241329642,0.10071392156979182,0.034938089314352355,0.003230456709572798,0.04131826446006658
supplemental-2-8164d718635644c8aa3ce34f5e09a59e,S2_R6_LB_AL2395_C0_WFS_EDOF_EPD3,S2_R6_LB_AL2395_C0_WFS_EPD3,LB_AL2395,C0,WFS,EDOF,3.0,-1.5,-0.5,0.21041361759628305,0.42360232337870624,0.16204962504568063,0.12086135270448098,0.043232697544298496,0.002580745529777565,0.057064124953035415
supplemental-2-8164d718635644c8aa3ce34f5e09a59e,S2_R6_LB_AL2395_C0_WFS_EDOF_EPD3,S2_R6_LB_AL2395_C0_WFS_EPD3,LB_AL2395,C0,WFS,EDOF,3.0,-1.625,-0.625,0.33097444247764235,0.5787138796909063,0.26153199417108985,0.23600317095066997,0.2057690486735146,0.16963649278030102,0.0811120806599009
supplemental-2-8164d718635644c8aa3ce34f5e09a59e,S2_R6_LB_AL2395_C0_WFS_EDOF_EPD3,S2_R6_LB_AL2395_C0_WFS_EPD3,LB_AL2395,C0,WFS,EDOF,3.0,-1.75,-0.75,0.435067340384634,0.693003454018813,0.4032073989855544,0.3274736025035321,0.2942280545394497,0.2845568190767621,0.2296273857706645
supplemental-2-8164d718635644c8aa3ce34f5e09a59e,S2_R6_LB_AL2395_C0_WFS_EDOF_EPD3,S2_R6_LB_AL2395_C0_WFS_EPD3,LB_AL2395,C0,WFS,EDOF,3.0,-1.875,-0.875,0.390657680451964,0.733285025603126,0.4574914938690671,0.24519827286045248,0.14494737899634924,0.17091639691092902,0.21164412321821358
supplemental-2-8164d718635644c8aa3ce34f5e09a59e,S2_R6_LB_AL2395_C0_WFS_EDOF_EPD3,S2_R6_LB_AL2395_C0_WFS_EPD3,LB_AL2395,C0,WFS,EDOF,3.0,-2.0,-1.0,0.277117222478295,0.6832909043383305,0.33838515600996955,0.05207021886012469,0.01621388830690389,0.040716196313697585,0.11612854688790697
supplemental-2-8164d718635644c8aa3ce34f5e09a59e,S2_R6_LB_AL2395_C0_WFS_EDOF_EPD3,S2_R6_LB_AL2395_C0_WFS_EPD3,LB_AL2395,C0,WFS,EDOF,3.0,-2.125,-1.125,0.2131534782992036,0.5491539635175318,0.10014128941422254,0.04090721609544263,0.011811309025834917,0.058635760231461685,0.08237837080543911
supplemental-2-8164d718635644c8aa3ce34f5e09a59e,S2_R6_LB_AL2395_C0_WFS_EDOF_EPD3,S2_R6_LB_AL2395_C0_WFS_EPD3,LB_AL2395,C0,WFS,EDOF,3.0,-2.25,-1.25,0.18643855985924151,0.3582152490728229,0.09588624876566032,0.024278707047777515,0.07412603581012037,0.07239056628127753,0.06290998792003816
supplemental-2-8164d718635644c8aa3ce34f5e09a59e,S2_R6_LB_AL2395_C0_WFS_EDOF_EPD3,S2_R6_LB_AL2395_C0_WFS_EPD3,LB_AL2395,C0,WFS,EDOF,3.0,-2.375,-1.375,0.1467456817538181,0.15143696497213324,0.12213989824702835,0.09358446141342856,0.02574611037355391,0.008925622232687593,0.006692193037360197
supplemental-2-8164d718635644c8aa3ce34f5e09a59e,S2_R6_LB_AL2395_C0_WFS_EDOF_EPD3,S2_R6_LB_AL2395_C0_WFS_EPD3,LB_AL2395,C0,WFS,EDOF,3.0,-2.5,-1.5,0.13030313432313534,0.028175938621408197,0.00226127024052857,0.05975242717582822,0.018476478479457072,0.007472508753412502,0.018916268626805708
supplemental-2-8164d718635644c8aa3ce34f5e09a59e,S2_R6_LB_AL2395_C0_WFS_EDOF_EPD3,S2_R6_LB_AL2395_C0_WFS_EPD3,LB_AL2395,C0,WFS,EDOF,3.0,-2.625,-1.625,0.11724625634852591,0.1474402948802115,0.1376374717448757,0.0008298965107493379,0.013378426276224039,0.02644819832331961,0.0028654530790528164
supplemental-2-8164d718635644c8aa3ce34f5e09a59e,S2_R6_LB_AL2395_C0_WFS_EDOF_EPD3,S2_R6_LB_AL2395_C0_WFS_EPD3,LB_AL2395,C0,WFS,EDOF,3.0,-2.75,-1.75,0.10699729222404317,0.19138696994203025,0.15937652679085038,0.0006645435035477151,0.022533086517389233,0.01713916431297696,0.00749833421082778
supplemental-2-8164d718635644c8aa3ce34f5e09a59e,S2_R6_LB_AL2395_C0_WFS_EDOF_EPD3,S2_R6_LB_AL2395_C0_WFS_EPD3,LB_AL2395,C0,WFS,EDOF,3.0,-2.875,-1.875,0.0943384288265416,0.1657735683238372,0.06576718315524545,0.024720515149409816,0.01230639901479983,0.006952120355188289,0.007101214086125987
supplemental-2-8164d718635644c8aa3ce34f5e09a59e,S2_R6_LB_AL2395_C0_WFS_EDOF_EPD3,S2_R6_LB_AL2395_C0_WFS_EPD3,LB_AL2395,C0,WFS,EDOF,3.0,-3.0,-2.0,0.08438321921086009,0.09309519042815433,0.042107258038684675,0.010529904143854638,0.013057421997657406,0.0020780276147965354,0.0018804833625491596
supplemental-2-8164d718635644c8aa3ce34f5e09a59e,S2_R6_LB_AL2395_C0_WFS_EDOF_EPD3,S2_R6_LB_AL2395_C0_WFS_EPD3,LB_AL2395,C0,WFS,EDOF,3.0,-3.125,-2.125,0.07703883053417161,0.0040827316728095095,0.07267778838939523,0.011928931773311448,0.009188678971315156,0.005070720211115028,0.007568642620527856
supplemental-2-8164d718635644c8aa3ce34f5e09a59e,S2_R6_LB_AL2395_C0_WFS_EDOF_EPD3,S2_R6_LB_AL2395_C0_WFS_EPD3,LB_AL2395,C0,WFS,EDOF,3.0,-3.25,-2.25,0.07128373004230201,0.07235467248352989,0.02606850249637948,0.0007006406213051715,0.0025276433278110353,0.007097389565705823,0.0005905277354137508
supplemental-2-8164d718635644c8aa3ce34f5e09a59e,S2_R6_LB_AL2395_C0_WFS_EDOF_EPD3,S2_R6_LB_AL2395_C0_WFS_EPD3,LB_AL2395,C0,WFS,EDOF,3.0,-3.375,-2.375,0.06384088531928608,0.11723318470863896,0.02820174353696058,0.01976960303832235,0.006047777832981356,0.0025422172502118008,0.0025146293235104476
supplemental-2-8164d718635644c8aa3ce34f5e09a59e,S2_R6_LB_AL2395_C0_WFS_EDOF_EPD3,S2_R6_LB_AL2395_C0_WFS_EPD3,LB_AL2395,C0,WFS,EDOF,3.0,-3.5,-2.5,0.059860773576459324,0.12526703894945135,0.035366340990801826,0.009176896802089461,0.006534980663873283,0.004900208028276346,0.0035528320116624927
supplemental-2-8164d718635644c8aa3ce34f5e09a59e,S2_R6_LB_AL2395_C0_WFS_EDOF_EPD3,S2_R6_LB_AL2395_C0_WFS_EPD3,LB_AL2395,C0,WFS,EDOF,3.0,-3.625,-2.625,0.0541803739542706,0.10353036409697837,0.004062100508289737,0.007720833223397045,0.007664370887607857,0.0006989911133127762,0.0017867089239626593
supplemental-2-8164d718635644c8aa3ce34f5e09a59e,S2_R6_LB_AL2395_C0_WFS_EDOF_EPD3,S2_R6_LB_AL2395_C0_WFS_EPD3,LB_AL2395,C0,WFS,EDOF,3.0,-3.75,-2.75,0.04981774224676451,0.06633644143847817,0.021400170212416622,0.002897409543007711,0.004108286885207164,0.00098918668093124,0.002615381815005918
supplemental-2-8164d718635644c8aa3ce34f5e09a59e,S2_R6_LB_AL2395_C0_WFS_EDOF_EPD3,S2_R6_LB_AL2395_C0_WFS_EPD3,LB_AL2395,C0,WFS,EDOF,3.0,-3.875,-2.875,0.045203504893035554,0.02862326132904462,0.01761291195606451,0.005011549499900322,0.0011982147369278297,0.0027004195645315868,0.0004255434688582367
supplemental-2-8164d718635644c8aa3ce34f5e09a59e,S2_R6_LB_AL2395_C0_WFS_EDOF_EPD3,S2_R6_LB_AL2395_C0_WFS_EPD3,LB_AL2395,C0,WFS,EDOF,3.0,-4.0,-3.0,0.04224993120405884,0.0004949236947074834,0.0001591387171031417,0.0023139024922627493,0.005221008791568652,0.001322391815065902,0.0012149970631981704
supplemental-2-8164d718635644c8aa3ce34f5e09a59e,S2_R6_LB_AL2395_C0_WFS_EDOF_EPD3,S2_R6_LB_AL2395_C0_WFS_EPD3,LB_AL2395,C0,WFS,EDOF,3.0,-4.125,-3.125,0.0403010938499353,0.015041834511915328,0.006190985944873274,0.007163884150857945,0.00023566969115586356,0.0019405734515662797,0.0024963056678596737
supplemental-2-8164d718635644c8aa3ce34f5e09a59e,S2_R6_LB_AL2395_C0_WFS_EDOF_EPD3,S2_R6_LB_AL2395_C0_WFS_EPD3,LB_AL2395,C0,WFS,EDOF,3.0,-4.25,-3.25,0.03754372652032335,0.02113244056199418,0.001353511294803075,0.001596529164579284,0.0016813189524686033,0.0019900320483233285,0.0010549273607076157
supplemental-2-8164d718635644c8aa3ce34f5e09a59e,S2_R6_LB_AL2395_C0_WFS_EDOF_EPD3,S2_R6_LB_AL2395_C0_WFS_EPD3,LB_AL2395,C0,WFS,EDOF,3.0,-4.375,-3.375,0.035654189384895986,0.023762657414323547,0.007111671260980551,0.0057420846350797515,0.0031548365798359534,0.0006675618362011532,0.001916045583963322
supplemental-2-8164d718635644c8aa3ce34f5e09a59e,S2_R6_LB_AL2395_C0_WFS_EDOF_EPD3,S2_R6_LB_AL2395_C0_WFS_EPD3,LB_AL2395,C0,WFS,EDOF,3.0,-4.5,-3.5,0.03417101028194848,0.02768959599137417,0.0022605641818351993,0.0021526951038622366,0.0003523751642839322,0.002278664668983266,9.603506825502762e-05
supplemental-2-8164d718635644c8aa3ce34f5e09a59e,S2_R6_LB_AL2395_C0_WFS_EDOF_EPD3,S2_R6_LB_AL2395_C0_WFS_EPD3,LB_AL2395,C0,WFS,EDOF,3.0,-4.625,-3.625,0.03225874725130716,0.034030363756925246,0.0052060969301574835,0.004965056377002301,0.0028140140200565546,0.001820412278665119,0.0007425442557033116
supplemental-2-8164d718635644c8aa3ce34f5e09a59e,S2_R6_LB_AL2395_C0_WFS_EDOF_EPD3,S2_R6_LB_AL2395_C0_WFS_EPD3,LB_AL2395,C0,WFS,EDOF,3.0,-4.75,-3.75,0.030492268247747884,0.03998111001394267,0.0052232725480695985,0.0017875438127566015,0.0012089221538875642,0.0009078362254108232,0.0015342909707052332
supplemental-2-8164d718635644c8aa3ce34f5e09a59e,S2_R6_LB_AL2395_C0_WFS_EDOF_EPD3,S2_R6_LB_AL2395_C0_WFS_EPD3,LB_AL2395,C0,WFS,EDOF,3.0,-4.875,-3.875,0.028449326840826742,0.04081131185046506,0.000345454654743122,0.0032361836095210483,0.0013268409608236528,0.0020223862862559683,0.0
supplemental-2-8164d718635644c8aa3ce34f5e09a59e,S2_R6_LB_AL2395_C0_WFS_EDOF_EPD3,S2_R6_LB_AL2395_C0_WFS_EPD3,LB_AL2395,C0,WFS,EDOF,3.0,-5.0,-4.0,0.02821741275087162,0.032932374951575194,0.00017311982758528105,0.0019964739200215467,0.0019950309501351017,0.000579652038268835,0.0023089691904555
supplemental-2-8164d718635644c8aa3ce34f5e09a59e,S2_R6_LB_AL2395_C0_WFS_MONO_EPD5,S2_R6_LB_AL2395_C0_WFS_EPD5,LB_AL2395,C0,WFS,MONO,5.0,1.0,1.75,0.02964596254789837,0.004783666130867785,6.480159602599274e-05,0.015111009998825892,0.004575749281980093,0.00019189720495809746,0.0009136606259733147
supplemental-2-8164d718635644c8aa3ce34f5e09a59e,S2_R6_LB_AL2395_C0_WFS_MONO_EPD5,S2_R6_LB_AL2395_C0_WFS_EPD5,LB_AL2395,C0,WFS,MONO,5.0,0.875,1.625,0.031138257872968714,0.0023520103649616667,0.0025680316765861015,0.03699493470035453,0.0028309374532342543,0.0026303517019899284,0.0017917704527149376
supplemental-2-8164d718635644c8aa3ce34f5e09a59e,S2_R6_LB_AL2395_C0_WFS_MONO_EPD5,S2_R6_LB_AL2395_C0_WFS_EPD5,LB_AL2395,C0,WFS,MONO,5.0,0.75,1.5,0.03463716715445141,0.001890523530218933,0.012875142956942375,0.041463867465035005,0.002828774693907428,0.0008953333491141461,0.0013885468893117495
supplemental-2-8164d718635644c8aa3ce34f5e09a59e,S2_R6_LB_AL2395_C0_WFS_MONO_EPD5,S2_R6_LB_AL2395_C0_WFS_EPD5,LB_AL2395,C0,WFS,MONO,5.0,0.625,1.375,0.03788062222512274,0.0032034499714895257,0.005078168166637598,0.025732018231040436,0.01006905879174372,0.001355817489386521,0.0026597253658521888
supplemental-2-8164d718635644c8aa3ce34f5e09a59e,S2_R6_LB_AL2395_C0_WFS_MONO_EPD5,S2_R6_LB_AL2395_C0_WFS_EPD5,LB_AL2395,C0,WFS,MONO,5.0,0.5,1.25,0.04050669739612868,0.0015537978504500624,0.027687482864619493,0.00533349583220853,0.02023211427980871,0.002252712859939581,6.72625617373365e-05
supplemental-2-8164d718635644c8aa3ce34f5e09a59e,S2_R6_LB_AL2395_C0_WFS_MONO_EPD5,S2_R6_LB_AL2395_C0_WFS_EPD5,LB_AL2395,C0,WFS,MONO,5.0,0.375,1.125,0.045204282580050756,0.012227304881982867,0.014283273985456622,0.0020835256394006463,0.02950081603225382,0.0015847858424570043,0.0023404214617730227
supplemental-2-8164d718635644c8aa3ce34f5e09a59e,S2_R6_LB_AL2395_C0_WFS_MONO_EPD5,S2_R6_LB_AL2395_C0_WFS_EPD5,LB_AL2395,C0,WFS,MONO,5.0,0.25,1.0,0.04812521973185375,0.021570014783646396,0.03530256897467976,0.009529101097962133,0.03733920402743345,0.0019512775022743306,0.0008778071341080147
supplemental-2-8164d718635644c8aa3ce34f5e09a59e,S2_R6_LB_AL2395_C0_WFS_MONO_EPD5,S2_R6_LB_AL2395_C0_WFS_EPD5,LB_AL2395,C0,WFS,MONO,5.0,0.125,0.875,0.051728689242094415,0.015283674400925625,0.03282494489348166,0.023650850298868053,0.03900418512908359,0.004887233937640436,0.0019256163246520947
supplemental-2-8164d718635644c8aa3ce34f5e09a59e,S2_R6_LB_AL2395_C0_WFS_MONO_EPD5,S2_R6_LB_AL2395_C0_WFS_EPD5,LB_AL2395,C0,WFS,MONO,5.0,0.0,0.75,0.05755963073393621,0.015570462450117058,0.02585316420577353,0.024840445356886523,0.036265195133799485,0.013557512575370186,0.004139748532937103
supplemental-2-8164d718635644c8aa3ce34f5e09a59e,S2_R6_LB_AL2395_C0_WFS_MONO_EPD5,S2_R6_LB_AL2395_C0_WFS_EPD5,LB_AL2395,C0,WFS,MONO,5.0,-0.125,0.625,0.06148120205316136,0.05533595591236287,0.03963893164826523,0.0060307141356476576,0.025366408054676166,0.008264742394818335,0.002892371852726686
supplemental-2-8164d718635644c8aa3ce34f5e09a59e,S2_R6_LB_AL2395_C0_WFS_MONO_EPD5,S2_R6_LB_AL2395_C0_WFS_EPD5,LB_AL2395,C0,WFS,MONO,5.0,-0.25,0.5,0.06554118016418105,0.05910566318993317,0.00970913270970067,0.009474078151580165,0.009578733088901071,0.010751774940431847,0.004931343446227447
supplemental-2-8164d718635644c8aa3ce34f5e09a59e,S2_R6_LB_AL2395_C0_WFS_MONO_EPD5,S2_R6_LB_AL2395_C0_WFS_EPD5,LB_AL2395,C0,WFS,MONO,5.0,-0.375,0.375,0.07743982158174366,0.015930196565535907,0.024280112918858447,0.017511414788887725,0.017350462031021373,0.037104294655270924,0.02182986571065333
supplemental-2-8164d718635644c8aa3ce34f5e09a59e,S2_R6_LB_AL2395_C0_WFS_MONO_EPD5,S2_R6_LB_AL2395_C0_WFS_EPD5,LB_AL2395,C0,WFS,MONO,5.0,-0.5,0.25,0.09428905479237816,0.16196355901969034,0.0017753514846131058,0.03260885309840574,0.008500805803010974,0.0149855128319169,0.06349584843051741
supplemental-2-8164d718635644c8aa3ce34f5e09a59e,S2_R6_LB_AL2395_C0_WFS_MONO_EPD5,S2_R6_LB_AL2395_C0_WFS_EPD5,LB_AL2395,C0,WFS,MONO,5.0,-0.625,0.125,0.16619180227318658,0.3030855245104843,0.156545742906957,0.046522081018684235,0.08314751173884206,0.04999739990303634,0.004631583728741386
supplemental-2-8164d718635644c8aa3ce34f5e09a59e,S2_R6_LB_AL2395_C0_WFS_MONO_EPD5,S2_R6_LB_AL2395_C0_WFS_EPD5,LB_AL2395,C0,WFS,MONO,5.0,-0.75,0.0,0.2301506714137969,0.341587746779297,0.21558588672937648,0.16021021809631217,0.0942020601145398,0.11161527585395187,0.07817066541497512
supplemental-2-8164d718635644c8aa3ce34f5e09a59e,S2_R6_LB_AL2395_C0_WFS_MONO_EPD5,S2_R6_LB_AL2395_C0_WFS_EPD5,LB_AL2395,C0,WFS,MONO,5.0,-0.875,-0.125,0.1357651254203738,0.24170629169466498,0.020975055661167287,0.052404841678192746,0.024222110497860754,0.004587434632835429,0.016596079966548306
supplemental-2-8164d718635644c8aa3ce34f5e09a59e,S2_R6_LB_AL2395_C0_WFS_MONO_EPD5,S2_R6_LB_AL2395_C0_WFS_EPD5,LB_AL2395,C0,WFS,MONO,5.0,-1.0,-0.25,0.10816759581804601,0.07470273894408283,0.014265325183115496,0.006410341931470366,0.03598145540054855,0.027496885266598135,0.03410388999331704
supplemental-2-8164d718635644c8aa3ce34f5e09a59e,S2_R6_LB_AL2395_C0_WFS_MONO_EPD5,S2_R6_LB_AL2395_C0_WFS_EPD5,LB_AL2395,C0,WFS,MONO,5.0,-1.125,-0.375,0.11446550089607178,0.027967368147370397,0.12493937607924502,0.03872213331803903,0.004789865303330913,0.024343185298826703,0.008993640432089934
supplemental-2-8164d718635644c8aa3ce34f5e09a59e,S2_R6_LB_AL2395_C0_WFS_MONO_EPD5,S2_R6_LB_AL2395_C0_WFS_EPD5,LB_AL2395,C0,WFS,MONO,5.0,-1.25,-0.5,0.09532957641959487,0.018254803066559216,0.026071404746396985,0.027065325760627847,0.009652238593775914,0.008742089325223464,0.0185185104872817
supplemental-2-8164d718635644c8aa3ce34f5e09a59e,S2_R6_LB_AL2395_C0_WFS_MONO_EPD5,S2_R6_LB_AL2395_C0_WFS_EPD5,LB_AL2395,C0,WFS,MONO,5.0,-1.375,-0.625,0.12070920798376948,0.17955504823209714,0.008753699832702954,0.04922034088729476,0.05449821619673914,0.04226088698428218,0.04577120867317039
supplemental-2-8164d718635644c8aa3ce34f5e09a59e,S2_R6_LB_AL2395_C0_WFS_MONO_EPD5,S2_R6_LB_AL2395_C0_WFS_EPD5,LB_AL2395,C0,WFS,MONO,5.0,-1.5,-0.75,0.12254461830280669,0.3373777727921834,0.11338637062530454,0.0031911844202418137,0.025284232624191837,0.022769404183499847,0.020902025083704458
supplemental-2-8164d718635644c8aa3ce34f5e09a59e,S2_R6_LB_AL2395_C0_WFS_MONO_EPD5,S2_R6_LB_AL2395_C0_WFS_EPD5,LB_AL2395,C0,WFS,MONO,5.0,-1.625,-0.875,0.19883324594540303,0.3956942632157016,0.19545167067717956,0.148891991552791,0.10284595884769104,0.06799131871723299,0.03941461311426803
supplemental-2-8164d718635644c8aa3ce34f5e09a59e,S2_R6_LB_AL2395_C0_WFS_MONO_EPD5,S2_R6_LB_AL2395_C0_WFS_EPD5,LB_AL2395,C0,WFS,MONO,5.0,-1.75,-1.0,0.28636784171846413,0.356466315693668,0.2999646766615517,0.2590326152528148,0.2216354353751653,0.1777376876378481,0.1343516025657438
supplemental-2-8164d718635644c8aa3ce34f5e09a59e,S2_R6_LB_AL2395_C0_WFS_MONO_EPD5,S2_R6_LB_AL2395_C0_WFS_EPD5,LB_AL2395,C0,WFS,MONO,5.0,-1.875,-1.125,0.24541329750921853,0.29359250399305153,0.31406779908630517,0.21695760258833924,0.15164750951996897,0.12020466121519478,0.10320431513041424
supplemental-2-8164d718635644c8aa3ce34f5e09a59e,S2_R6_LB_AL2395_C0_WFS_MONO_EPD5,S2_R6_LB_AL2395_C0_WFS_EPD5,LB_AL2395,C0,WFS,MONO,5.0,-2.0,-1.25,0.12725793938402094,0.2610539124046456,0.12841495448209303,0.023540821053308677,0.004402615149282844,0.0034935150189438643,0.01774333333266343
supplemental-2-8164d718635644c8aa3ce34f5e09a59e,S2_R6_LB_AL2395_C0_WFS_MONO_EPD5,S2_R6_LB_AL2395_C0_WFS_EPD5,LB_AL2395,C0,WFS,MONO,5.0,-2.125,-1.375,0.09809030933102406,0.23887284972979564,0.010141429016986626,0.0437808997977968,0.02502534973852462,0.013430696824708443,0.004713933812484515
supplemental-2-8164d718635644c8aa3ce34f5e09a59e,S2_R6_LB_AL2395_C0_WFS_MONO_EPD5,S2_R6_LB_AL2395_C0_WFS_EPD5,LB_AL2395,C0,WFS,MONO,5.0,-2.25,-1.5,0.07708566548549098,0.17172739909689527,0.04939827276518818,0.01497936212800019,0.018947233300529755,0.00996722981980899,0.001688020774985136
supplemental-2-8164d718635644c8aa3ce34f5e09a59e,S2_R6_LB_AL2395_C0_WFS_MONO_EPD5,S2_R6_LB_AL2395_C0_WFS_EPD5,LB_AL2395,C0,WFS,MONO,5.0,-2.375,-1.625,0.06298693021419793,0.04888740034919976,0.053608883214834195,0.028090045754954912,0.00273074079979277,0.003471897780811255,0.0009216195811201342
supplemental-2-8164d718635644c8aa3ce34f5e09a59e,S2_R6_LB_AL2395_C0_WFS_MONO_EPD5,S2_R6_LB_AL2395_C0_WFS_EPD5,LB_AL2395,C0,WFS,MONO,5.0,-2.5,-1.75,0.05298257576656689,0.07109769752553137,0.01460374170517259,0.000546672672903746,0.005142139108885437,0.0026071242923265546,0.0004991554825822468
supplemental-2-8164d718635644c8aa3ce34f5e09a59e,S2_R6_LB_AL2395_C0_WFS_MONO_EPD5,S2_R6_LB_AL2395_C0_WFS_EPD5,LB_AL2395,C0,WFS,MONO,5.0,-2.625,-1.875,0.04566343450829491,0.11856714488497772,0.036937964468228224,0.004590246348341341,0.002048518926447505,0.0015402628489593056,0.0028147534296078533
supplemental-2-8164d718635644c8aa3ce34f5e09a59e,S2_R6_LB_AL2395_C0_WFS_MONO_EPD5,S2_R6_LB_AL2395_C0_WFS_EPD5,LB_AL2395,C0,WFS,MONO,5.0,-2.75,-2.0,0.040525289699605734,0.08327658777084823,0.002700245929868595,0.005314554130920067,0.0008329222691716145,0.0021070770681535077,0.00024864015536542826
supplemental-2-8164d718635644c8aa3ce34f5e09a59e,S2_R6_LB_AL2395_C0_WFS_MONO_EPD5,S2_R6_LB_AL2395_C0_WFS_EPD5,LB_AL2395,C0,WFS,MONO,5.0,-2.875,-2.125,0.03606552868779521,0.01733102246108749,0.003042310169702012,0.006849268103550128,0.001753984361640806,0.002477182090225368,0.0018889149805141467
supplemental-2-8164d718635644c8aa3ce34f5e09a59e,S2_R6_LB_AL2395_C0_WFS_MONO_EPD5,S2_R6_LB_AL2395_C0_WFS_EPD5,LB_AL2395,C0,WFS,MONO,5.0,-3.0,-2.25,0.033137759584861114,0.025194333984823968,0.007555550449322648,0.002732903517839474,0.0008146701776551391,0.0011874311065063297,0.0009723268882797462
supplemental-2-8164d718635644c8aa3ce34f5e09a59e,S2_R6_LB_AL2395_C0_WFS_MONO_EPD5,S2_R6_LB_AL2395_C0_WFS_EPD5,LB_AL2395,C0,WFS,MONO,5.0,-3.125,-2.375,0.03013953674979614,0.03188958078224737,0.006946885430395026,0.0012808734719096716,0.0019517694220877494,0.000445171188665365,0.0006790542400055743
supplemental-2-8164d718635644c8aa3ce34f5e09a59e,S2_R6_LB_AL2395_C0_WFS_MONO_EPD5,S2_R6_LB_AL2395_C0_WFS_EPD5,LB_AL2395,C0,WFS,MONO,5.0,-3.25,-2.5,0.02664183049181823,0.01976311058022533,0.011215942509853282,0.0033576168148236455,0.0029985885988311626,0.0024632832282083777,0.0014687585308038361
supplemental-2-8164d718635644c8aa3ce34f5e09a59e,S2_R6_LB_AL2395_C0_WFS_MONO_EPD5,S2_R6_LB_AL2395_C0_WFS_EPD5,LB_AL2395,C0,WFS,MONO,5.0,-3.375,-2.625,0.026846967843109516,0.003779175428239266,0.00021878619455240327,0.0025259751365320593,0.0016458016386804155,4.692975675934857e-05,0.00012168391260404787
supplemental-2-8164d718635644c8aa3ce34f5e09a59e,S2_R6_LB_AL2395_C0_WFS_MONO_EPD5,S2_R6_LB_AL2395_C0_WFS_EPD5,LB_AL2395,C0,WFS,MONO,5.0,-3.5,-2.75,0.024719657247418075,0.008661265264133581,0.0017288148675009016,0.0011152803157547535,0.0012865163823933955,0.0005779498023575965,0.0008887393002222954
supplemental-2-8164d718635644c8aa3ce34f5e09a59e,S2_R6_LB_AL2395_C0_WFS_MONO_EPD5,S2_R6_LB_AL2395_C0_WFS_EPD5,LB_AL2395,C0,WFS,MONO,5.0,-3.625,-2.875,0.02356649289573157,0.009490880690650875,0.000534361774011722,0.0008259187878936863,0.0016693193394878001,0.0006392070980264033,0.0007357881248870141
supplemental-2-8164d718635644c8aa3ce34f5e09a59e,S2_R6_LB_AL2395_C0_WFS_MONO_EPD5,S2_R6_LB_AL2395_C0_WFS_EPD5,LB_AL2395,C0,WFS,MONO,5.0,-3.75,-3.0,0.022153121603881963,0.0026880706232605576,0.005665724824762063,0.0012402676924350893,4.701136993842217e-05,0.001454379426028723,6.264217726898484e-05
supplemental-2-8164d718635644c8aa3ce34f5e09a59e,S2_R6_LB_AL2395_C0_WFS_MONO_EPD5,S2_R6_LB_AL2395_C0_WFS_EPD5,LB_AL2395,C0,WFS,MONO,5.0,-3.875,-3.125,0.021073564290665227,0.01284358283222483,0.005922222122836433,0.000276143351131562,0.001338489049567689,0.0007556571455193613,0.0005756531247800992
supplemental-2-8164d718635644c8aa3ce34f5e09a59e,S2_R6_LB_AL2395_C0_WFS_MONO_EPD5,S2_R6_LB_AL2395_C0_WFS_EPD5,LB_AL2395,C0,WFS,MONO,5.0,-4.0,-3.25,0.019066125245520003,0.004827362758336033,0.002051712750070165,0.0013917504614613376,0.0011269933130772837,0.0015703150931984748,0.00046958913343575904
supplemental-2-8164d718635644c8aa3ce34f5e09a59e,S2_R6_LB_AL2395_C0_WFS_MONO_EPD5,S2_R6_LB_AL2395_C0_WFS_EPD5,LB_AL2395,C0,WFS,MONO,5.0,-4.125,-3.375,0.017934961196072567,0.015095600254996268,0.005078184803138885,0.0008633523005880326,0.000709022045067327,0.000657774221159635,0.000550775440218978
supplemental-2-8164d718635644c8aa3ce34f5e09a59e,S2_R6_LB_AL2395_C0_WFS_MONO_EPD5,S2_R6_LB_AL2395_C0_WFS_EPD5,LB_AL2395,C0,WFS,MONO,5.0,-4.25,-3.5,0.01703373007186508,0.022686324512127393,0.003185522167129124,0.0003347859485363672,0.0011849798021931412,0.001334602418766765,0.0003570105109746297
supplemental-2-8164d718635644c8aa3ce34f5e09a59e,S2_R6_LB_AL2395_C0_WFS_MONO_EPD5,S2_R6_LB_AL2395_C0_WFS_EPD5,LB_AL2395,C0,WFS,MONO,5.0,-4.375,-3.625,0.017418761250312362,0.00604535789678887,0.0024719505576384364,0.0014466797159765124,0.0001651211875499393,0.00018619315708656492,0.000824990328634089
supplemental-2-8164d718635644c8aa3ce34f5e09a59e,S2_R6_LB_AL2395_C0_WFS_MONO_EPD5,S2_R6_LB_AL2395_C0_WFS_EPD5,LB_AL2395,C0,WFS,MONO,5.0,-4.5,-3.75,0.01938551577167681,0.0176298634682359,0.0017222555881833647,0.0006304747459507166,0.0010053705692255387,0.001797334985710814,0.0022451085687534827
supplemental-2-8164d718635644c8aa3ce34f5e09a59e,S2_R6_LB_AL2395_C0_WFS_MONO_EPD5,S2_R6_LB_AL2395_C0_WFS_EPD5,LB_AL2395,C0,WFS,MONO,5.0,-4.625,-3.875,0.020073632263212227,0.0222664997036293,0.0047416479222006985,0.001230451649547031,0.0005528921495227648,0.0001923824113916638,7.765198867532231e-05
supplemental-2-8164d718635644c8aa3ce34f5e09a59e,S2_R6_LB_AL2395_C0_WFS_MONO_EPD5,S2_R6_LB_AL2395_C0_WFS_EPD5,LB_AL2395,C0,WFS,MONO,5.0,-4.75,-4.0,0.019849322942728422,0.003486847975370467,0.0034288274403686137,0.001122959636340916,0.00015323108424484177,0.0008702233944999422,0.0012295407165000285
supplemental-2-8164d718635644c8aa3ce34f5e09a59e,S2_R6_LB_AL2395_C0_WFS_MONO_EPD5,S2_R6_LB_AL2395_C0_WFS_EPD5,LB_AL2395,C0,WFS,MONO,5.0,-4.875,-4.125,0.01929463810909952,0.016843379223251752,0.00030079331732607914,0.0006996731212397022,0.0008190675348775127,0.0007327692690697321,0.0015664061575753068
supplemental-2-8164d718635644c8aa3ce34f5e09a59e,S2_R6_LB_AL2395_C0_WFS_MONO_EPD5,S2_R6_LB_AL2395_C0_WFS_EPD5,LB_AL2395,C0,WFS,MONO,5.0,-5.0,-4.25,0.01908461445223752,0.016993201708175844,0.0031363633565323016,0.00025730403204354157,0.0011295491563122545,0.00031477386296356255,0.0011413046723900877
supplemental-2-8164d718635644c8aa3ce34f5e09a59e,S2_R6_LB_AL2395_C0_WFS_EDOF_EPD5,S2_R6_LB_AL2395_C0_WFS_EPD5,LB_AL2395,C0,WFS,EDOF,5.0,1.0,1.75,0.030851567749929684,0.001197373150238829,0.0020038386995016853,0.0211452372298934,4.5930120030721625e-05,0.0007727315585119465,0.0011014397619963936
supplemental-2-8164d718635644c8aa3ce34f5e09a59e,S2_R6_LB_AL2395_C0_WFS_EDOF_EPD5,S2_R6_LB_AL2395_C0_WFS_EPD5,LB_AL2395,C0,WFS,EDOF,5.0,0.875,1.625,0.03262204875398115,0.004153939284864028,0.0027897501955374,0.03754779257429448,0.0034513557326258638,0.00401746126627393,0.00030073532960887427
supplemental-2-8164d718635644c8aa3ce34f5e09a59e,S2_R6_LB_AL2395_C0_WFS_EDOF_EPD5,S2_R6_LB_AL2395_C0_WFS_EPD5,LB_AL2395,C0,WFS,EDOF,5.0,0.75,1.5,0.03597213699287234,0.012355113448295579,0.012847777217416093,0.03596862857451341,0.013338800612234396,0.0031330968054608084,0.0021847622299596284
supplemental-2-8164d718635644c8aa3ce34f5e09a59e,S2_R6_LB_AL2395_C0_WFS_EDOF_EPD5,S2_R6_LB_AL2395_C0_WFS_EPD5,LB_AL2395,C0,WFS,EDOF,5.0,0.625,1.375,0.039909494876399686,0.018022027228536835,0.007374778078078294,0.01951382196569474,0.021034810256716996,0.0001278123921691075,0.001847421022954778
supplemental-2-8164d718635644c8aa3ce34f5e09a59e,S2_R6_LB_AL2395_C0_WFS_EDOF_EPD5,S2_R6_LB_AL2395_C0_WFS_EPD5,LB_AL2395,C0,WFS,EDOF,5.0,0.5,1.25,0.042818904762791904,0.016889660065671,0.030617268496479166,0.003706560826568976,0.03363992728335926,0.0008094763197626347,0.0013482163417756542
supplemental-2-8164d718635644c8aa3ce34f5e09a59e,S2_R6_LB_AL2395_C0_WFS_EDOF_EPD5,S2_R6_LB_AL2395_C0_WFS_EPD5,LB_AL2395,C0,WFS,EDOF,5.0,0.375,1.125,0.04603632567830974,0.007694209362168777,0.014593197670145422,0.007535025138449902,0.037357737680413686,0.006232698538636444,0.0027709769112970344
supplemental-2-8164d718635644c8aa3ce34f5e09a59e,S2_R6_LB_AL2395_C0_WFS_EDOF_EPD5,S2_R6_LB_AL2395_C0_WFS_EPD5,LB_AL2395,C0,WFS,EDOF,5.0,0.25,1.0,0.04764509404700865,0.00369847530767528,0.04002969638413739,0.016102125434162465,0.04389524713407399,0.011914148519826435,0.0019202723742290726
supplemental-2-8164d718635644c8aa3ce34f5e09a59e,S2_R6_LB_AL2395_C0_WFS_EDOF_EPD5,S2_R6_LB_AL2395_C0_WFS_EPD5,LB_AL2395,C0,WFS,EDOF,5.0,0.125,0.875,0.050056459268867474,0.003925978393340709,0.02682992118466529,0.025022922520220217,0.034386981358660695,0.004514039689482388,0.004126601653463571
supplemental-2-8164d718635644c8aa3ce34f5e09a59e,S2_R6_LB_AL2395_C0_WFS_EDOF_EPD5,S2_R6_LB_AL2395_C0_WFS_EPD5,LB_AL2395,C0,WFS,EDOF,5.0,0.0,0.75,0.05243812626440161,0.015843654892518634,0.021578533666974514,0.011745764737622372,0.0306295934777704,0.007072029727178174,0.0014824031393891387
supplemental-2-8164d718635644c8aa3ce34f5e09a59e,S2_R6_LB_AL2395_C0_WFS_EDOF_EPD5,S2_R6_LB_AL2395_C0_WFS_EPD5,LB_AL2395,C0,WFS,EDOF,5.0,-0.125,0.625,0.055764590258695505,0.040903563005904635,0.04369369583914375,0.004053779063695132,0.009514564962475375,0.013507561956684656,0.01140684699809435
supplemental-2-8164d718635644c8aa3ce34f5e09a59e,S2_R6_LB_AL2395_C0_WFS_EDOF_EPD5,S2_R6_LB_AL2395_C0_WFS_EPD5,LB_AL2395,C0,WFS,EDOF,5.0,-0.25,0.5,0.06197855818252003,0.028389035052314618,0.0031898428647148614,0.004739376183851134,0.00018274866438290909,0.0018271256423506505,0.014316240911810215
supplemental-2-8164d718635644c8aa3ce34f5e09a59e,S2_R6_LB_AL2395_C0_WFS_EDOF_EPD5,S2_R6_LB_AL2395_C0_WFS_EPD5,LB_AL2395,C0,WFS,EDOF,5.0,-0.375,0.375,0.08033721420413802,0.06172522031827714,0.018001151858363162,0.00023868858627514315,0.03443152758398132,0.03105811251282663,0.018699195629766838
supplemental-2-8164d718635644c8aa3ce34f5e09a59e,S2_R6_LB_AL2395_C0_WFS_EDOF_EPD5,S2_R6_LB_AL2395_C0_WFS_EPD5,LB_AL2395,C0,WFS,EDOF,5.0,-0.5,0.25,0.10116031506668549,0.2185886623729664,0.0003667042457231024,0.04306833222621336,0.014773218752495782,0.02705597378083514,0.05414965379973039
supplemental-2-8164d718635644c8aa3ce34f5e09a59e,S2_R6_LB_AL2395_C0_WFS_EDOF_EPD5,S2_R6_LB_AL2395_C0_WFS_EPD5,LB_AL2395,C0,WFS,EDOF,5.0,-0.625,0.125,0.18120003184907774,0.3636606950706177,0.16910515188239902,0.06638151073643063,0.09736601913537726,0.07488860415140175,0.009860824683678528
supplemental-2-8164d718635644c8aa3ce34f5e09a59e,S2_R6_LB_AL2395_C0_WFS_EDOF_EPD5,S2_R6_LB_AL2395_C0_WFS_EPD5,LB_AL2395,C0,WFS,EDOF,5.0,-0.75,0.0,0.23517292078954036,0.3976580535655912,0.2345312825193591,0.1494731316059736,0.0996815419802742,0.08825047334183417,0.07005066768108821
supplemental-2-8164d718635644c8aa3ce34f5e09a59e,S2_R6_LB_AL2395_C0_WFS_EDOF_EPD5,S2_R6_LB_AL2395_C0_WFS_EPD5,LB_AL2395,C0,WFS,EDOF,5.0,-0.875,-0.125,0.15301384000989043,0.28477782998119905,0.04223223717691476,0.06705205406143343,0.030301011277387394,0.005643862680722443,0.03906137095839696
supplemental-2-8164d718635644c8aa3ce34f5e09a59e,S2_R6_LB_AL2395_C0_WFS_EDOF_EPD5,S2_R6_LB_AL2395_C0_WFS_EPD5,LB_AL2395,C0,WFS,EDOF,5.0,-1.0,-0.25,0.13400376358714197,0.09793078179349557,0.0454158077522923,0.04932571988392052,0.06521786695547917,0.04753115653355078,0.03717977681867038
supplemental-2-8164d718635644c8aa3ce34f5e09a59e,S2_R6_LB_AL2395_C0_WFS_EDOF_EPD5,S2_R6_LB_AL2395_C0_WFS_EPD5,LB_AL2395,C0,WFS,EDOF,5.0,-1.125,-0.375,0.12543748493111442,0.02829296038923876,0.17759657157479986,0.0636103274088307,0.020265543356075062,0.014575321522262622,0.021497413638258467
supplemental-2-8164d718635644c8aa3ce34f5e09a59e,S2_R6_LB_AL2395_C0_WFS_EDOF_EPD5,S2_R6_LB_AL2395_C0_WFS_EPD5,LB_AL2395,C0,WFS,EDOF,5.0,-1.25,-0.5,0.10378718606929412,0.005337776988483693,0.0915061854872921,0.030906102206033518,0.01763339289523509,0.00011862535610166329,0.006777336595801082
supplemental-2-8164d718635644c8aa3ce34f5e09a59e,S2_R6_LB_AL2395_C0_WFS_EDOF_EPD5,S2_R6_LB_AL2395_C0_WFS_EPD5,LB_AL2395,C0,WFS,EDOF,5.0,-1.375,-0.625,0.13117999510583075,0.13697633501964296,0.030895340750816676,0.093444249958919,0.08002557186260781,0.055393346665959735,0.047593141929129654
supplemental-2-8164d718635644c8aa3ce34f5e09a59e,S2_R6_LB_AL2395_C0_WFS_EDOF_EPD5,S2_R6_LB_AL2395_C0_WFS_EPD5,LB_AL2395,C0,WFS,EDOF,5.0,-1.5,-0.75,0.1122767294013748,0.2831811688834902,0.08648573833950299,0.028547114441032174,0.018959604573356485,0.02516340611707708,0.04515770073113349
supplemental-2-8164d718635644c8aa3ce34f5e09a59e,S2_R6_LB_AL2395_C0_WFS_EDOF_EPD5,S2_R6_LB_AL2395_C0_WFS_EPD5,LB_AL2395,C0,WFS,EDOF,5.0,-1.625,-0.875,0.1571772753924642,0.3387349578588359,0.1015740396892056,0.08473505231625335,0.0773625830849403,0.06799612870399213,0.02455065301147422
supplemental-2-8164d718635644c8aa3ce34f5e09a59e,S2_R6_LB_AL2395_C0_WFS_EDOF_EPD5,S2_R6_LB_AL2395_C0_WFS_EPD5,LB_AL2395,C0,WFS,EDOF,5.0,-1.75,-1.0,0.21881778120564485,0.30518854232422454,0.18883549010528636,0.14622870483539568,0.14839508649190908,0.1334115474648115,0.11114931956942703
supplemental-2-8164d718635644c8aa3ce34f5e09a59e,S2_R6_LB_AL2395_C0_WFS_EDOF_EPD5,S2_R6_LB_AL2395_C0_WFS_EPD5,LB_AL2395,C0,WFS,EDOF,5.0,-1.875,-1.125,0.1967729190206591,0.2542969770019793,0.24506618308641645,0.15148791195836392,0.07773335266922589,0.07998086579775852,0.09670447089478601
supplemental-2-8164d718635644c8aa3ce34f5e09a59e,S2_R6_LB_AL2395_C0_WFS_EDOF_EPD5,S2_R6_LB_AL2395_C0_WFS_EPD5,LB_AL2395,C0,WFS,EDOF,5.0,-2.0,-1.25,0.1269719671681097,0.23673710038742213,0.11923950549126593,0.012852553233860711,0.008812523603414262,0.020117858759661305,0.04809324534770747
supplemental-2-8164d718635644c8aa3ce34f5e09a59e,S2_R6_LB_AL2395_C0_WFS_EDOF_EPD5,S2_R6_LB_AL2395_C0_WFS_EPD5,LB_AL2395,C0,WFS,EDOF,5.0,-2.125,-1.375,0.09253053599501694,0.22889845330603434,0.009140799199063715,0.03623852457399026,0.0005385083227137914,0.015080935193410834,0.024507235774265095
supplemental-2-8164d718635644c8aa3ce34f5e09a59e,S2_R6_LB_AL2395_C0_WFS_EDOF_EPD5,S2_R6_LB_AL2395_C0_WFS_EPD5,LB_AL2395,C0,WFS,EDOF,5.0,-2.25,-1.5,0.07936481005113984,0.17239184120091577,0.040490953088601365,0.0023238585459527243,0.02521056833778487,0.016951772784554984,0.011220208223539927
supplemental-2-8164d718635644c8aa3ce34f5e09a59e,S2_R6_LB_AL2395_C0_WFS_EDOF_EPD5,S2_R6_LB_AL2395_C0_WFS_EPD5,LB_AL2395,C0,WFS,EDOF,5.0,-2.375,-1.625,0.06506405050071097,0.05472260390549994,0.06042129452120309,0.04925121854111371,0.0003356814473913542,0.003761033231313117,0.001532828229548737
supplemental-2-8164d718635644c8aa3ce34f5e09a59e,S2_R6_LB_AL2395_C0_WFS_EDOF_EPD5,S2_R6_LB_AL2395_C0_WFS_EPD5,LB_AL2395,C0,WFS,EDOF,5.0,-2.5,-1.75,0.056450132035032595,0.06563912256020363,0.01648699101929611,0.0101021639966481,0.0006201305435484498,0.0030591396267565032,0.0010449050447550545
supplemental-2-8164d718635644c8aa3ce34f5e09a59e,S2_R6_LB_AL2395_C0_WFS_EDOF_EPD5,S2_R6_LB_AL2395_C0_WFS_EPD5,LB_AL2395,C0,WFS,EDOF,5.0,-2.625,-1.875,0.04932777029107525,0.11751553441997781,0.06436530607234817,0.00297041858617715,0.007983240624162582,0.0032422767955217996,0.0005219112566309662
supplemental-2-8164d718635644c8aa3ce34f5e09a59e,S2_R6_LB_AL2395_C0_WFS_EDOF_EPD5,S2_R6_LB_AL2395_C0_WFS_EPD5,LB_AL2395,C0,WFS,EDOF,5.0,-2.75,-2.0,0.04505055511030675,0.08807770470365077,0.03650792806858828,0.0014660641561406126,0.0016777828893142818,0.004700163011407227,0.0028688168510205988
supplemental-2-8164d718635644c8aa3ce34f5e09a59e,S2_R6_LB_AL2395_C0_WFS_EDOF_EPD5,S2_R6_LB_AL2395_C0_WFS_EPD5,LB_AL2395,C0,WFS,EDOF,5.0,-2.875,-2.125,0.03991194422096446,0.026631068192387943,0.019661096069365638,0.013300275740357687,0.00023958703171636785,0.0030555612559804227,0.0017549881614957838
supplemental-2-8164d718635644c8aa3ce34f5e09a59e,S2_R6_LB_AL2395_C0_WFS_EDOF_EPD5,S2_R6_LB_AL2395_C0_WFS_EPD5,LB_AL2395,C0,WFS,EDOF,5.0,-3.0,-2.25,0.03621698718679802,0.014993117304180462,0.012932367650323092,0.005844536435381328,0.001780119488523531,0.0017129281099747618,0.0003039243583509011
supplemental-2-8164d718635644c8aa3ce34f5e09a59e,S2_R6_LB_AL2395_C0_WFS_EDOF_EPD5,S2_R6_LB_AL2395_C0_WFS_EPD5,LB_AL2395,C0,WFS,EDOF,5.0,-3.125,-2.375,0.03214123639819003,0.025319422223813066,0.026155045826643096,0.0021156188203797503,0.0025715129698355406,0.000520684057641022,0.0014909048601537986
supplemental-2-8164d718635644c8aa3ce34f5e09a59e,S2_R6_LB_AL2395_C0_WFS_EDOF_EPD5,S2_R6_LB_AL2395_C0_WFS_EPD5,LB_AL2395,C0,WFS,EDOF,5.0,-3.25,-2.5,0.029144827815903027,0.02087466668751871,0.0004181321186960557,0.0018335081425785253,0.0035833445496721537,0.002103688071504662,0.0009317464790405066
supplemental-2-8164d718635644c8aa3ce34f5e09a59e,S2_R6_LB_AL2395_C0_WFS_EDOF_EPD5,S2_R6_LB_AL2395_C0_WFS_EPD5,LB_AL2395,C0,WFS,EDOF,5.0,-3.375,-2.625,0.02867115233100573,0.014796980956793247,0.003362197064479172,0.007641632958948785,0.0009066852999656957,0.0005095911327052454,0.0009373283511454729
supplemental-2-8164d718635644c8aa3ce34f5e09a59e,S2_R6_LB_AL2395_C0_WFS_EDOF_EPD5,S2_R6_LB_AL2395_C0_WFS_EPD5,LB_AL2395,C0,WFS,EDOF,5.0,-3.5,-2.75,0.026421624978124163,0.01188922454979012,0.00747203088827479,0.0024644483863952124,0.0020240631718630273,0.0004674821643077962,0.0009636925467585673
supplemental-2-8164d718635644c8aa3ce34f5e09a59e,S2_R6_LB_AL2395_C0_WFS_EDOF_EPD5,S2_R6_LB_AL2395_C0_WFS_EPD5,LB_AL2395,C0,WFS,EDOF,5.0,-3.625,-2.875,0.02469689469526559,0.017614114807815693,0.00481735652304226,0.0004637029193081578,0.002278027819250069,0.0001894393543673167,0.00035683416692546905
supplemental-2-8164d718635644c8aa3ce34f5e09a59e,S2_R6_LB_AL2395_C0_WFS_EDOF_EPD5,S2_R6_LB_AL2395_C0_WFS_EPD5,LB_AL2395,C0,WFS,EDOF,5.0,-3.75,-3.0,0.023022518678762018,0.0315066931310322,0.008878992628503437,0.00039124795907568573,7.072109613666348e-05,0.0015313376904472298,0.0007378371550525566
supplemental-2-8164d718635644c8aa3ce34f5e09a59e,S2_R6_LB_AL2395_C0_WFS_EDOF_EPD5,S2_R6_LB_AL2395_C0_WFS_EPD5,LB_AL2395,C0,WFS,EDOF,5.0,-3.875,-3.125,0.021953615854342308,0.03792246152716266,6.870048041912027e-05,2.627312695696087e-05,0.0015566078892905483,6.894069797004567e-05,9.354260284476404e-05
supplemental-2-8164d718635644c8aa3ce34f5e09a59e,S2_R6_LB_AL2395_C0_WFS_EDOF_EPD5,S2_R6_LB_AL2395_C0_WFS_EPD5,LB_AL2395,C0,WFS,EDOF,5.0,-4.0,-3.25,0.01958687029650476,0.021488321710629518,0.0016905506491541717,0.0037797583961525923,0.0013256680322370625,0.001275682027040775,0.0007108296204647778
supplemental-2-8164d718635644c8aa3ce34f5e09a59e,S2_R6_LB_AL2395_C0_WFS_EDOF_EPD5,S2_R6_LB_AL2395_C0_WFS_EPD5,LB_AL2395,C0,WFS,EDOF,5.0,-4.125,-3.375,0.01869551384559747,0.009614240861227082,0.005399623518195742,0.0006836719487548999,0.0007038391589636031,0.0013187342213560086,0.0010521468729244934
supplemental-2-8164d718635644c8aa3ce34f5e09a59e,S2_R6_LB_AL2395_C0_WFS_EDOF_EPD5,S2_R6_LB_AL2395_C0_WFS_EPD5,LB_AL2395,C0,WFS,EDOF,5.0,-4.25,-3.5,0.017733840207042044,0.028633304129702518,0.004493179014666041,0.0010151218290439122,0.0014052273420958317,0.0008761218286028964,0.0008688387490808736
supplemental-2-8164d718635644c8aa3ce34f5e09a59e,S2_R6_LB_AL2395_C0_WFS_EDOF_EPD5,S2_R6_LB_AL2395_C0_WFS_EPD5,LB_AL2395,C0,WFS,EDOF,5.0,-4.375,-3.625,0.01823354429376639,0.02124322152747884,0.001573589710862462,0.0009625989163680184,7.258752057251615e-05,0.00042708748545135136,0.0016380782922347814
supplemental-2-8164d718635644c8aa3ce34f5e09a59e,S2_R6_LB_AL2395_C0_WFS_EDOF_EPD5,S2_R6_LB_AL2395_C0_WFS_EPD5,LB_AL2395,C0,WFS,EDOF,5.0,-4.5,-3.75,0.019087824576283167,0.0029229156267009237,0.002011387708424749,0.0005545197827487957,0.00081285665961787,0.001693499025661701,0.001606227745510589
supplemental-2-8164d718635644c8aa3ce34f5e09a59e,S2_R6_LB_AL2395_C0_WFS_EDOF_EPD5,S2_R6_LB_AL2395_C0_WFS_EPD5,LB_AL2395,C0,WFS,EDOF,5.0,-4.625,-3.875,0.01870021195421031,0.0008898040708019435,0.003803338108750224,0.0015345311561498526,0.0007861022537225457,0.0003156858619166565,0.0012932843282440504
supplemental-2-8164d718635644c8aa3ce34f5e09a59e,S2_R6_LB_AL2395_C0_WFS_EDOF_EPD5,S2_R6_LB_AL2395_C0_WFS_EPD5,LB_AL2395,C0,WFS,EDOF,5.0,-4.75,-4.0,0.020710579105912025,0.01462865987883913,0.003957783150746374,0.00155417517944794,3.208352965618146e-06,0.0001678381757644372,0.0011563085933259862
supplemental-2-8164d718635644c8aa3ce34f5e09a59e,S2_R6_LB_AL2395_C0_WFS_EDOF_EPD5,S2_R6_LB_AL2395_C0_WFS_EPD5,LB_AL2395,C0,WFS,EDOF,5.0,-4.875,-4.125,0.020971564775588755,0.029013344746781494,0.00043867360626957837,0.0004066542495203838,0.00037223878400668054,0.0009333217011190559,0.0005436932846066158
supplemental-2-8164d718635644c8aa3ce34f5e09a59e,S2_R6_LB_AL2395_C0_WFS_EDOF_EPD5,S2_R6_LB_AL2395_C0_WFS_EPD5,LB_AL2395,C0,WFS,EDOF,5.0,-5.0,-4.25,0.020169550351302096,0.022199955693245857,0.005012907491200511,0.00023867345096642326,0.0010679080060135397,0.0001056248815902513,0.0018258861318720938
supplemental-2-8164d718635644c8aa3ce34f5e09a59e,S2_R6_LB_AL2395_C0_RAD_MONO_EPD3,S2_R6_LB_AL2395_C0_RAD_EPD3,LB_AL2395,C0,RAD,MONO,3.0,1.0,2.0,0.028793175104380835,0.01211556996903978,0.007908668799853776,0.005299669512807428,0.0016837486133641914,0.00022776625400254828,0.0009070401579616239
supplemental-2-8164d718635644c8aa3ce34f5e09a59e,S2_R6_LB_AL2395_C0_RAD_MONO_EPD3,S2_R6_LB_AL2395_C0_RAD_EPD3,LB_AL2395,C0,RAD,MONO,3.0,0.875,1.875,0.03043014322583953,0.020575703717533048,0.00675093533160604,0.0011187424272225915,0.003220045868584749,0.0009726591926193576,0.0011523941507516284
supplemental-2-8164d718635644c8aa3ce34f5e09a59e,S2_R6_LB_AL2395_C0_RAD_MONO_EPD3,S2_R6_LB_AL2395_C0_RAD_EPD3,LB_AL2395,C0,RAD,MONO,3.0,0.75,1.75,0.032009472851376265,0.020454594656899458,0.003264093275321543,0.005783264938773092,0.0007067909021299089,0.003123211152006976,0.0020611149336388084
supplemental-2-8164d718635644c8aa3ce34f5e09a59e,S2_R6_LB_AL2395_C0_RAD_MONO_EPD3,S2_R6_LB_AL2395_C0_RAD_EPD3,LB_AL2395,C0,RAD,MONO,3.0,0.625,1.625,0.03264598252639007,0.01079395324270834,0.009918339501795416,0.0010876894787516232,0.003866770050393868,0.0005255042236760304,0.00027803285503603573
supplemental-2-8164d718635644c8aa3ce34f5e09a59e,S2_R6_LB_AL2395_C0_RAD_MONO_EPD3,S2_R6_LB_AL2395_C0_RAD_EPD3,LB_AL2395,C0,RAD,MONO,3.0,0.5,1.5,0.03417866614803868,0.0051769818677008415,0.003823100138836486,0.005280815105614954,0.003490805575682103,0.0031619304208215177,0.0010310561290795765
supplemental-2-8164d718635644c8aa3ce34f5e09a59e,S2_R6_LB_AL2395_C0_RAD_MONO_EPD3,S2_R6_LB_AL2395_C0_RAD_EPD3,LB_AL2395,C0,RAD,MONO,3.0,0.375,1.375,0.035809791131191836,0.020794087514335896,0.008224348833289699,0.0026166167978779993,0.00358059168002169,0.002174376034280347,0.0025220538172609284
supplemental-2-8164d718635644c8aa3ce34f5e09a59e,S2_R6_LB_AL2395_C0_RAD_MONO_EPD3,S2_R6_LB_AL2395_C0_RAD_EPD3,LB_AL2395,C0,RAD,MONO,3.0,0.25,1.25,0.03787450602776806,0.028502703884152415,0.010345551373570976,0.005853948195939924,0.004862331007923966,0.001054918494542282,0.00073394365096103
supplemental-2-8164d718635644c8aa3ce34f5e09a59e,S2_R6_LB_AL2395_C0_RAD_MONO_EPD3,S2_R6_LB_AL2395_C0_RAD_EPD3,LB_AL2395,C0,RAD,MONO,3.0,0.125,1.125,0.04068732749814865,0.02332218843754493,0.0018549428951781515,0.004265234209595292,0.000496778252943727,0.004587522379066296,0.0031477519696791645
supplemental-2-8164d718635644c8aa3ce34f5e09a59e,S2_R6_LB_AL2395_C0_RAD_MONO_EPD3,S2_R6_LB_AL2395_C0_RAD_EPD3,LB_AL2395,C0,RAD,MONO,3.0,0.0,1.0,0.04319380301786747,0.005421698375322087,0.013264779743092646,0.007005615939872313,0.0059385608629624305,0.002362661644621525,0.002662534010288214
supplemental-2-8164d718635644c8aa3ce34f5e09a59e,S2_R6_LB_AL2395_C0_RAD_MONO_EPD3,S2_R6_LB_AL2395_C0_RAD_EPD3,LB_AL2395,C0,RAD,MONO,3.0,-0.125,0.875,0.04506611614667779,0.01885542633034092,0.007269237730683212,0.006031086746731727,0.0027811841302339073,0.004390151034253806,0.0006686718729928648
supplemental-2-8164d718635644c8aa3ce34f5e09a59e,S2_R6_LB_AL2395_C0_RAD_MONO_EPD3,S2_R6_LB_AL2395_C0_RAD_EPD3,LB_AL2395,C0,RAD,MONO,3.0,-0.25,0.75,0.049568985214434605,0.038886161604296164,0.010960128892789524,0.008859952499837636,0.0033183257148352596,0.004889780411033086,0.0048381662919196105
supplemental-2-8164d718635644c8aa3ce34f5e09a59e,S2_R6_LB_AL2395_C0_RAD_MONO_EPD3,S2_R6_LB_AL2395_C0_RAD_EPD3,LB_AL2395,C0,RAD,MONO,3.0,-0.375,0.625,0.052470843517106305,0.043999287896060675,0.017520551965026977,0.006540992572396049,0.00855269392129003,0.0004337563447900003,0.0027795273916510817
supplemental-2-8164d718635644c8aa3ce34f5e09a59e,S2_R6_LB_AL2395_C0_RAD_MONO_EPD3,S2_R6_LB_AL2395_C0_RAD_EPD3,LB_AL2395,C0,RAD,MONO,3.0,-0.5,0.5,0.05728901156577218,0.02861140933646211,0.00023993374808896952,0.00790598839572886,0.0009870750770763592,0.005800687748416977,0.0046094441390595025
supplemental-2-8164d718635644c8aa3ce34f5e09a59e,S2_R6_LB_AL2395_C0_RAD_MONO_EPD3,S2_R6_LB_AL2395_C0_RAD_EPD3,LB_AL2395,C0,RAD,MONO,3.0,-0.625,0.375,0.06318006257966238,0.0035548707148190793,0.020780125498648237,0.011691213342920717,0.009632469975978799,0.0064455556817645,0.005094066118014079
supplemental-2-8164d718635644c8aa3ce34f5e09a59e,S2_R6_LB_AL2395_C0_RAD_MONO_EPD3,S2_R6_LB_AL2395_C0_RAD_EPD3,LB_AL2395,C0,RAD,MONO,3.0,-0.75,0.25,0.06851808501914675,0.038307525955270046,0.014287069869177148,0.011054669562499828,0.007002987354363138,0.001190198737242989,0.0015953082367317353
supplemental-2-8164d718635644c8aa3ce34f5e09a59e,S2_R6_LB_AL2395_C0_RAD_MONO_EPD3,S2_R6_LB_AL2395_C0_RAD_EPD3,LB_AL2395,C0,RAD,MONO,3.0,-0.875,0.125,0.07881952843989314,0.05370765043941499,0.018896879646076215,0.014482010101810404,0.00938088857107715,0.011760158177143388,0.008549187736307223
supplemental-2-8164d718635644c8aa3ce34f5e09a59e,S2_R6_LB_AL2395_C0_RAD_MONO_EPD3,S2_R6_LB_AL2395_C0_RAD_EPD3,LB_AL2395,C0,RAD,MONO,3.0,-1.0,0.0,0.0893379032153684,0.02657415707728794,0.03727337151385373,0.00923444364414785,0.014779977139811351,0.006857463563646027,0.007686213367823353
supplemental-2-8164d718635644c8aa3ce34f5e09a59e,S2_R6_LB_AL2395_C0_RAD_MONO_EPD3,S2_R6_LB_AL2395_C0_RAD_EPD3,LB_AL2395,C0,RAD,MONO,3.0,-1.125,-0.125,0.1026973174403715,0.059996131336493175,0.00907960934921382,0.0281818101412248,0.0013230740208339548,0.006292646210015991,0.0034830722125480966
supplemental-2-8164d718635644c8aa3ce34f5e09a59e,S2_R6_LB_AL2395_C0_RAD_MONO_EPD3,S2_R6_LB_AL2395_C0_RAD_EPD3,LB_AL2395,C0,RAD,MONO,3.0,-1.25,-0.25,0.1294540957563065,0.2058739560530707,0.02635765288491067,0.018090183947153206,0.02843071571147346,0.02394136862687521,0.019374598408364186
supplemental-2-8164d718635644c8aa3ce34f5e09a59e,S2_R6_LB_AL2395_C0_RAD_MONO_EPD3,S2_R6_LB_AL2395_C0_RAD_EPD3,LB_AL2395,C0,RAD,MONO,3.0,-1.375,-0.375,0.1600226983345455,0.39464921801659725,0.02841469579622745,0.02374847677872365,0.014895924648734472,0.00776797053840226,0.009144867796362505
supplemental-2-8164d718635644c8aa3ce34f5e09a59e,S2_R6_LB_AL2395_C0_RAD_MONO_EPD3,S2_R6_LB_AL2395_C0_RAD_EPD3,LB_AL2395,C0,RAD,MONO,3.0,-1.5,-0.5,0.23721603358913734,0.5932536247272884,0.2342209968888585,0.07202205899578382,0.005923055575519563,0.01775089243039721,0.0214636180391187
supplemental-2-8164d718635644c8aa3ce34f5e09a59e,S2_R6_LB_AL2395_C0_RAD_MONO_EPD3,S2_R6_LB_AL2395_C0_RAD_EPD3,LB_AL2395,C0,RAD,MONO,3.0,-1.625,-0.625,0.4381489546397065,0.7599510350724991,0.5237788940145764,0.36472126361564844,0.2541868998371268,0.1745232468289083,0.11778312337380027
supplemental-2-8164d718635644c8aa3ce34f5e09a59e,S2_R6_LB_AL2395_C0_RAD_MONO_EPD3,S2_R6_LB_AL2395_C0_RAD_EPD3,LB_AL2395,C0,RAD,MONO,3.0,-1.75,-0.75,0.6182690178720828,0.8554671983001458,0.7209449046596228,0.6048976665664074,0.49588128465207265,0.39047942901471494,0.2879374762433888
supplemental-2-8164d718635644c8aa3ce34f5e09a59e,S2_R6_LB_AL2395_C0_RAD_MONO_EPD3,S2_R6_LB_AL2395_C0_RAD_EPD3,LB_AL2395,C0,RAD,MONO,3.0,-1.875,-0.875,0.557457496303474,0.8544077908206752,0.6768225555650678,0.5084808486085113,0.383171569628217,0.3037009473784409,0.2478388327887817
supplemental-2-8164d718635644c8aa3ce34f5e09a59e,S2_R6_LB_AL2395_C0_RAD_MONO_EPD3,S2_R6_LB_AL2395_C0_RAD_EPD3,LB_AL2395,C0,RAD,MONO,3.0,-2.0,-1.0,0.32343652907699094,0.7532486902179755,0.40374575843079163,0.16029736921738483,0.06096765999409342,0.044388723322986566,0.06038861611244012
supplemental-2-8164d718635644c8aa3ce34f5e09a59e,S2_R6_LB_AL2395_C0_RAD_MONO_EPD3,S2_R6_LB_AL2395_C0_RAD_EPD3,LB_AL2395,C0,RAD,MONO,3.0,-2.125,-1.125,0.2228381188919823,0.5721521035460218,0.07510940127265957,0.08178791891374063,0.06681789053326721,0.039827371481766724,0.02528632371070906
supplemental-2-8164d718635644c8aa3ce34f5e09a59e,S2_R6_LB_AL2395_C0_RAD_MONO_EPD3,S2_R6_LB_AL2395_C0_RAD_EPD3,LB_AL2395,C0,RAD,MONO,3.0,-2.25,-1.25,0.16853782358935854,0.3497969041741314,0.11630017283290238,0.05893759009162399,0.01255266380680322,0.021088695510910208,0.008745040073963537
supplemental-2-8164d718635644c8aa3ce34f5e09a59e,S2_R6_LB_AL2395_C0_RAD_MONO_EPD3,S2_R6_LB_AL2395_C0_RAD_EPD3,LB_AL2395,C0,RAD,MONO,3.0,-2.375,-1.375,0.14436453996362714,0.13271363713652973,0.11029245616225979,0.04477676096255881,0.039192866747178305,0.020109507620712862,0.017922298849524454
supplemental-2-8164d718635644c8aa3ce34f5e09a59e,S2_R6_LB_AL2395_C0_RAD_MONO_EPD3,S2_R6_LB_AL2395_C0_RAD_EPD3,LB_AL2395,C0,RAD,MONO,3.0,-2.5,-1.5,0.11839482900503749,0.03754240142951726,0.0026841456031536687,0.0414676186105386,0.012135124191815448,0.013853194278505369,0.00729371610631422
supplemental-2-8164d718635644c8aa3ce34f5e09a59e,S2_R6_LB_AL2395_C0_RAD_MONO_EPD3,S2_R6_LB_AL2395_C0_RAD_EPD3,LB_AL2395,C0,RAD,MONO,3.0,-2.625,-1.625,0.09983930185156624,0.13532247856900212,0.0679288979203524,0.018935981129245282,0.01177577209767757,0.0015702774523253514,0.0030847388293798175
supplemental-2-8164d718635644c8aa3ce34f5e09a59e,S2_R6_LB_AL2395_C0_RAD_MONO_EPD3,S2_R6_LB_AL2395_C0_RAD_EPD3,LB_AL2395,C0,RAD,MONO,3.0,-2.75,-1.75,0.09029097228310339,0.15652923492938606,0.04739423634486094,0.019973690308537035,0.01586338346549883,0.011120411963843736,0.008272089912984596
supplemental-2-8164d718635644c8aa3ce34f5e09a59e,S2_R6_LB_AL2395_C0_RAD_MONO_EPD3,S2_R6_LB_AL2395_C0_RAD_EPD3,LB_AL2395,C0,RAD,MONO,3.0,-2.875,-1.875,0.07829526324720809,0.11741584229191085,0.01263601687745787,0.016307127403558375,0.001859024752981091,0.00533472923725683,0.001423376518216978
supplemental-2-8164d718635644c8aa3ce34f5e09a59e,S2_R6_LB_AL2395_C0_RAD_MONO_EPD3,S2_R6_LB_AL2395_C0_RAD_EPD3,LB_AL2395,C0,RAD,MONO,3.0,-3.0,-2.0,0.0709613344945157,0.047317048676560836,0.03735794358163946,0.014046625925232613,0.010580952675758057,0.0017731458074401183,0.0038227650682604378
supplemental-2-8164d718635644c8aa3ce34f5e09a59e,S2_R6_LB_AL2395_C0_RAD_MONO_EPD3,S2_R6_LB_AL2395_C0_RAD_EPD3,LB_AL2395,C0,RAD,MONO,3.0,-3.125,-2.125,0.06500091008597933,0.021910586631608414,0.011528299960970113,0.011066378379127068,0.0048389974703674865,0.006453494638565077,0.005185295950497874
supplemental-2-8164d718635644c8aa3ce34f5e09a59e,S2_R6_LB_AL2395_C0_RAD_MONO_EPD3,S2_R6_LB_AL2395_C0_RAD_EPD3,LB_AL2395,C0,RAD,MONO,3.0,-3.25,-2.25,0.05891681345633804,0.06602051308563611,0.02105642684783706,0.007072415406609299,0.005547349786951971,0.0031660307581685525,0.0023658730156805503
supplemental-2-8164d718635644c8aa3ce34f5e09a59e,S2_R6_LB_AL2395_C0_RAD_MONO_EPD3,S2_R6_LB_AL2395_C0_RAD_EPD3,LB_AL2395,C0,RAD,MONO,3.0,-3.375,-2.375,0.053921264277197435,0.07474023251367685,0.020955413550037636,0.010931456354383787,0.0057893992060789766,0.0035082624276371087,0.0031901541319807967
supplemental-2-8164d718635644c8aa3ce34f5e09a59e,S2_R6_LB_AL2395_C0_RAD_MONO_EPD3,S2_R6_LB_AL2395_C0_RAD_EPD3,LB_AL2395,C0,RAD,MONO,3.0,-3.5,-2.5,0.050693051515840776,0.0526350387799747,0.003669074362181403,0.005609447575721898,0.0008540531825979251,0.004844070923292634,0.0014722755115793142
supplemental-2-8164d718635644c8aa3ce34f5e09a59e,S2_R6_LB_AL2395_C0_RAD_MONO_EPD3,S2_R6_LB_AL2395_C0_RAD_EPD3,LB_AL2395,C0,RAD,MONO,3.0,-3.625,-2.625,0.046846381510846004,0.014714436318786323,0.017723016741672246,0.007842587057682246,0.0062579742590000605,0.0003480962793326598,0.0027088471691533
supplemental-2-8164d718635644c8aa3ce34f5e09a59e,S2_R6_LB_AL2395_C0_RAD_MONO_EPD3,S2_R6_LB_AL2395_C0_RAD_EPD3,LB_AL2395,C0,RAD,MONO,3.0,-3.75,-2.75,0.04413649215692994,0.020900614626031176,0.006488025659411337,0.002307087347506512,0.003120848994328329,0.0028921317936544517,0.001980762390891543
supplemental-2-8164d718635644c8aa3ce34f5e09a59e,S2_R6_LB_AL2395_C0_RAD_MONO_EPD3,S2_R6_LB_AL2395_C0_RAD_EPD3,LB_AL2395,C0,RAD,MONO,3.0,-3.875,-2.875,0.04005947575148327,0.040366322727815124,0.01090074665133541,0.006740069228986266,0.003279969828678847,0.0026660132213988845,0.0006531550646875554
supplemental-2-8164d718635644c8aa3ce34f5e09a59e,S2_R6_LB_AL2395_C0_RAD_MONO_EPD3,S2_R6_LB_AL2395_C0_RAD_EPD3,LB_AL2395,C0,RAD,MONO,3.0,-4.0,-3.0,0.03891849649842335,0.0388013881543375,0.011365122584434395,6.31600603453716e-05,0.0044978225967399685,0.0008696306355786264,0.0017704118211404366
supplemental-2-8164d718635644c8aa3ce34f5e09a59e,S2_R6_LB_AL2395_C0_RAD_MONO_EPD3,S2_R6_LB_AL2395_C0_RAD_EPD3,LB_AL2395,C0,RAD,MONO,3.0,-4.125,-3.125,0.03718725798497724,0.020616036482897192,0.0028278695828105765,0.006295698022362013,0.0008997307612948322,0.003092436594334484,0.0013630054301647415
supplemental-2-8164d718635644c8aa3ce34f5e09a59e,S2_R6_LB_AL2395_C0_RAD_MONO_EPD3,S2_R6_LB_AL2395_C0_RAD_EPD3,LB_AL2395,C0,RAD,MONO,3.0,-4.25,-3.25,0.03487812078753903,0.0035507882405940404,0.0112559265194306,0.00117620215494279,0.003068608278868496,0.00045124806611397623,0.0015491806433931424
supplemental-2-8164d718635644c8aa3ce34f5e09a59e,S2_R6_LB_AL2395_C0_RAD_MONO_EPD3,S2_R6_LB_AL2395_C0_RAD_EPD3,LB_AL2395,C0,RAD,MONO,3.0,-4.375,-3.375,0.033647111901816525,0.022269667394723927,0.004044063675501425,0.006020558152380123,0.0020899303801739915,0.0006797382555564552,0.001992511225965229
supplemental-2-8164d718635644c8aa3ce34f5e09a59e,S2_R6_LB_AL2395_C0_RAD_MONO_EPD3,S2_R6_LB_AL2395_C0_RAD_EPD3,LB_AL2395,C0,RAD,MONO,3.0,-4.5,-3.5,0.03189520029034307,0.02822392528403967,0.0072412990060208285,0.0013567836575073757,0.001834086584727728,0.0021838705435092798,0.000745024566335266
supplemental-2-8164d718635644c8aa3ce34f5e09a59e,S2_R6_LB_AL2395_C0_RAD_MONO_EPD3,S2_R6_LB_AL2395_C0_RAD_EPD3,LB_AL2395,C0,RAD,MONO,3.0,-4.625,-3.625,0.029815161035949295,0.02067965597909879,0.007590583138250687,0.00497047828885627,0.0031930240873557954,0.0008539109049789172,0.0016061486781030671
supplemental-2-8164d718635644c8aa3ce34f5e09a59e,S2_R6_LB_AL2395_C0_RAD_MONO_EPD3,S2_R6_LB_AL2395_C0_RAD_EPD3,LB_AL2395,C0,RAD,MONO,3.0,-4.75,-3.75,0.02751170579523533,0.004973429036797058,0.0014921858294954713,0.0017119080243550658,0.0006625183748212845,0.001967888174114413,0.0005070250712813859
supplemental-2-8164d718635644c8aa3ce34f5e09a59e,S2_R6_LB_AL2395_C0_RAD_MONO_EPD3,S2_R6_LB_AL2395_C0_RAD_EPD3,LB_AL2395,C0,RAD,MONO,3.0,-4.875,-3.875,0.026506128968550754,0.010690256786237608,0.006379853995107468,0.004050550192297018,0.0020212174415093253,0.0016873005447355196,0.0009206942704101155
supplemental-2-8164d718635644c8aa3ce34f5e09a59e,S2_R6_LB_AL2395_C0_RAD_MONO_EPD3,S2_R6_LB_AL2395_C0_RAD_EPD3,LB_AL2395,C0,RAD,MONO,3.0,-5.0,-4.0,0.026317322046650417,0.01914120735923738,0.0009541880897909527,0.0016428318914583802,0.0010209424671911772,0.0004088314202430174,0.0017128819060352068
supplemental-2-8164d718635644c8aa3ce34f5e09a59e,S2_R6_LB_AL2395_C0_RAD_EDOF_EPD3,S2_R6_LB_AL2395_C0_RAD_EPD3,LB_AL2395,C0,RAD,EDOF,3.0,1.0,1.875,0.03186889401193822,0.005893493632803183,0.02444726957771996,0.0014180399532398866,0.004189483287080354,0.001871895645254728,0.0023192931642667214
supplemental-2-8164d718635644c8aa3ce34f5e09a59e,S2_R6_LB_AL2395_C0_RAD_EDOF_EPD3,S2_R6_LB_AL2395_C0_RAD_EPD3,LB_AL2395,C0,RAD,EDOF,3.0,0.875,1.75,0.033846353159404534,0.020413249766448236,0.0027807018967571455,0.001498485058067324,0.00874298546485097,0.0009946856795115915,0.0013984372330714111
supplemental-2-8164d718635644c8aa3ce34f5e09a59e,S2_R6_LB_AL2395_C0_RAD_EDOF_EPD3,S2_R6_LB_AL2395_C0_RAD_EPD3,LB_AL2395,C0,RAD,EDOF,3.0,0.75,1.625,0.03691899935828469,0.03281853897727409,0.0372869977912708,0.004530127027509357,0.0076200673238852375,0.006303545818526511,0.003481846203929169
supplemental-2-8164d718635644c8aa3ce34f5e09a59e,S2_R6_LB_AL2395_C0_RAD_EDOF_EPD3,S2_R6_LB_AL2395_C0_RAD_EPD3,LB_AL2395,C0,RAD,EDOF,3.0,0.625,1.5,0.037569326651839825,0.0410816712537834,0.03817412387738026,0.0031100631174183486,0.0005825480727397916,0.0006382552410438856,0.0018876265868536834
supplemental-2-8164d718635644c8aa3ce34f5e09a59e,S2_R6_LB_AL2395_C0_RAD_EDOF_EPD3,S2_R6_LB_AL2395_C0_RAD_EPD3,LB_AL2395,C0,RAD,EDOF,3.0,0.5,1.375,0.04148828655030499,0.04446482044838806,0.003322772056743181,0.010582891551307335,0.0024517951566184405,0.004854513274943011,0.0029403637830609348
supplemental-2-8164d718635644c8aa3ce34f5e09a59e,S2_R6_LB_AL2395_C0_RAD_EDOF_EPD3,S2_R6_LB_AL2395_C0_RAD_EPD3,LB_AL2395,C0,RAD,EDOF,3.0,0.375,1.25,0.04621094661716876,0.043095112886139535,0.04587710941507499,0.005375615736135489,0.0008501783051420628,0.005263323254967989,0.004802088732816801
supplemental-2-8164d718635644c8aa3ce34f5e09a59e,S2_R6_LB_AL2395_C0_RAD_EDOF_EPD3,S2_R6_LB_AL2395_C0_RAD_EPD3,LB_AL2395,C0,RAD,EDOF,3.0,0.25,1.125,0.05050825109960574,0.03650873075307155,0.03921699537322604,0.020672999352640893,0.003639628506831831,0.00573091775239528,0.004525948146100782
supplemental-2-8164d718635644c8aa3ce34f5e09a59e,S2_R6_LB_AL2395_C0_RAD_EDOF_EPD3,S2_R6_LB_AL2395_C0_RAD_EPD3,LB_AL2395,C0,RAD,EDOF,3.0,0.125,1.0,0.058161645687463376,0.024964681802535884,0.016066270900412117,0.00603764925576672,0.011842528219816214,0.0032266919199652657,0.0074071231796166235
supplemental-2-8164d718635644c8aa3ce34f5e09a59e,S2_R6_LB_AL2395_C0_RAD_EDOF_EPD3,S2_R6_LB_AL2395_C0_RAD_EPD3,LB_AL2395,C0,RAD,EDOF,3.0,0.0,0.875,0.06357944187766428,0.006322205184636247,0.05871000111563923,0.040008760720546,0.013924659638718759,0.00010658661475862863,0.003946895264983001
supplemental-2-8164d718635644c8aa3ce34f5e09a59e,S2_R6_LB_AL2395_C0_RAD_EDOF_EPD3,S2_R6_LB_AL2395_C0_RAD_EPD3,LB_AL2395,C0,RAD,EDOF,3.0,-0.125,0.75,0.07172650096186742,0.022330294530506452,0.030583208382633988,0.005669604090400303,0.014554311362304258,0.0031093938116823917,0.0055255663542480805
supplemental-2-8164d718635644c8aa3ce34f5e09a59e,S2_R6_LB_AL2395_C0_RAD_EDOF_EPD3,S2_R6_LB_AL2395_C0_RAD_EPD3,LB_AL2395,C0,RAD,EDOF,3.0,-0.25,0.625,0.08347863842849414,0.06312224305400738,0.05270111815085906,0.06094970340127734,0.0004078817048259789,0.005204133321050625,0.006303040829235045
supplemental-2-8164d718635644c8aa3ce34f5e09a59e,S2_R6_LB_AL2395_C0_RAD_EDOF_EPD3,S2_R6_LB_AL2395_C0_RAD_EPD3,LB_AL2395,C0,RAD,EDOF,3.0,-0.375,0.5,0.1067534304780875,0.11689127964389466,0.10222431475705455,0.038394017534763854,0.05378540021760867,0.02372370815914699,0.015237262178038275
supplemental-2-8164d718635644c8aa3ce34f5e09a59e,S2_R6_LB_AL2395_C0_RAD_EDOF_EPD3,S2_R6_LB_AL2395_C0_RAD_EPD3,LB_AL2395,C0,RAD,EDOF,3.0,-0.5,0.375,0.11613474598752013,0.1803363497282832,0.041928698129514996,0.0574853493288068,0.02542866620607787,0.019449104274300764,0.006313777803588697
supplemental-2-8164d718635644c8aa3ce34f5e09a59e,S2_R6_LB_AL2395_C0_RAD_EDOF_EPD3,S2_R6_LB_AL2395_C0_RAD_EPD3,LB_AL2395,C0,RAD,EDOF,3.0,-0.625,0.25,0.14293070045919273,0.2501914812947803,0.10802082674112518,0.044888708726953025,0.0408961198501941,0.029065580098668175,0.02561612171885783
supplemental-2-8164d718635644c8aa3ce34f5e09a59e,S2_R6_LB_AL2395_C0_RAD_EDOF_EPD3,S2_R6_LB_AL2395_C0_RAD_EPD3,LB_AL2395,C0,RAD,EDOF,3.0,-0.75,0.125,0.1948666136277179,0.3179863288343841,0.2437642246346425,0.13240429168343834,0.04883899390589869,0.02637386699007932,0.04960999560868225
supplemental-2-8164d718635644c8aa3ce34f5e09a59e,S2_R6_LB_AL2395_C0_RAD_EDOF_EPD3,S2_R6_LB_AL2395_C0_RAD_EPD3,LB_AL2395,C0,RAD,EDOF,3.0,-0.875,0.0,0.29114883234532657,0.37521093658662963,0.276630830716673,0.2653179737704773,0.21398737746282837,0.16424812977247036,0.137538415830838
supplemental-2-8164d718635644c8aa3ce34f5e09a59e,S2_R6_LB_AL2395_C0_RAD_EDOF_EPD3,S2_R6_LB_AL2395_C0_RAD_EPD3,LB_AL2395,C0,RAD,EDOF,3.0,-1.0,-0.125,0.258023161114289,0.41399496172143474,0.2197009871219331,0.18641119389852995,0.17463203272013678,0.1316511564039718,0.06589877402218139
supplemental-2-8164d718635644c8aa3ce34f5e09a59e,S2_R6_LB_AL2395_C0_RAD_EDOF_EPD3,S2_R6_LB_AL2395_C0_RAD_EPD3,LB_AL2395,C0,RAD,EDOF,3.0,-1.125,-0.25,0.1848145740176525,0.43000821624872454,0.16734641454491017,0.04571419214565582,0.0019425168608389026,0.03979398450077258,0.07497022924419065
supplemental-2-8164d718635644c8aa3ce34f5e09a59e,S2_R6_LB_AL2395_C0_RAD_EDOF_EPD3,S2_R6_LB_AL2395_C0_RAD_EPD3,LB_AL2395,C0,RAD,EDOF,3.0,-1.25,-0.375,0.19173751147095694,0.4224716720372411,0.1932536966479337,0.08193412960055815,0.00987778948017307,0.03534149488806215,0.05504105250515786
supplemental-2-8164d718635644c8aa3ce34f5e09a59e,S2_R6_LB_AL2395_C0_RAD_EDOF_EPD3,S2_R6_LB_AL2395_C0_RAD_EPD3,LB_AL2395,C0,RAD,EDOF,3.0,-1.375,-0.5,0.27432090339528714,0.39493370479980405,0.27448085064515226,0.24616785456878823,0.18400752777053925,0.13201434871276022,0.07646708611745345
supplemental-2-8164d718635644c8aa3ce34f5e09a59e,S2_R6_LB_AL2395_C0_RAD_EDOF_EPD3,S2_R6_LB_AL2395_C0_RAD_EPD3,LB_AL2395,C0,RAD,EDOF,3.0,-1.5,-0.625,0.29407319907991897,0.3532415381114988,0.3186061815494439,0.28696890018656845,0.2130059720722863,0.16558719581771378,0.10316759423277423
supplemental-2-8164d718635644c8aa3ce34f5e09a59e,S2_R6_LB_AL2395_C0_RAD_EDOF_EPD3,S2_R6_LB_AL2395_C0_RAD_EPD3,LB_AL2395,C0,RAD,EDOF,3.0,-1.625,-0.75,0.2025725778425159,0.3037666486861157,0.26021365732299273,0.1385107540654074,0.07203063738016607,0.05820351112733116,0.03260985553922279
supplemental-2-8164d718635644c8aa3ce34f5e09a59e,S2_R6_LB_AL2395_C0_RAD_EDOF_EPD3,S2_R6_LB_AL2395_C0_RAD_EPD3,LB_AL2395,C0,RAD,EDOF,3.0,-1.75,-0.875,0.12722325142526678,0.2516844182780024,0.12435868892807807,0.015520108758150835,0.018812174674878793,0.009995858212853764,0.004945713695899463
supplemental-2-8164d718635644c8aa3ce34f5e09a59e,S2_R6_LB_AL2395_C0_RAD_EDOF_EPD3,S2_R6_LB_AL2395_C0_RAD_EPD3,LB_AL2395,C0,RAD,EDOF,3.0,-1.875,-1.0,0.1100671326678051,0.20009312254335893,0.0033002506036097666,0.0440575358253638,0.015860603516854043,0.02171403397127775,0.01678281952878426
supplemental-2-8164d718635644c8aa3ce34f5e09a59e,S2_R6_LB_AL2395_C0_RAD_EDOF_EPD3,S2_R6_LB_AL2395_C0_RAD_EPD3,LB_AL2395,C0,RAD,EDOF,3.0,-2.0,-1.125,0.08934972703583453,0.15007317097830258,0.05854513812903803,0.013095033504951682,0.016396501063430786,0.010160541774700882,0.007782645843715106
supplemental-2-8164d718635644c8aa3ce34f5e09a59e,S2_R6_LB_AL2395_C0_RAD_EDOF_EPD3,S2_R6_LB_AL2395_C0_RAD_EPD3,LB_AL2395,C0,RAD,EDOF,3.0,-2.125,-1.25,0.07739218607385576,0.10230487968890738,0.04475337713775279,0.009989835100250082,0.0222363908767178,0.004444643246587702,0.003567880660695928
supplemental-2-8164d718635644c8aa3ce34f5e09a59e,S2_R6_LB_AL2395_C0_RAD_EDOF_EPD3,S2_R6_LB_AL2395_C0_RAD_EPD3,LB_AL2395,C0,RAD,EDOF,3.0,-2.25,-1.375,0.06965517667856004,0.057737621947300824,0.008558725081865339,0.015715063748345387,0.008216652760269786,0.01104003650436551,0.019681603785384548
supplemental-2-8164d718635644c8aa3ce34f5e09a59e,S2_R6_LB_AL2395_C0_RAD_EDOF_EPD3,S2_R6_LB_AL2395_C0_RAD_EPD3,LB_AL2395,C0,RAD,EDOF,3.0,-2.375,-1.5,0.06050457953609279,0.01853714238708743,0.015974431216575186,0.004208322638797851,0.005783102367863182,0.00852394802974393,0.021531018996492162
supplemental-2-8164d718635644c8aa3ce34f5e09a59e,S2_R6_LB_AL2395_C0_RAD_EDOF_EPD3,S2_R6_LB_AL2395_C0_RAD_EPD3,LB_AL2395,C0,RAD,EDOF,3.0,-2.5,-1.625,0.06024126390481685,0.011774824697212635,0.027885809700835915,0.025101186820556877,0.007007132535079694,0.021408274081758594,0.01195844083736806
supplemental-2-8164d718635644c8aa3ce34f5e09a59e,S2_R6_LB_AL2395_C0_RAD_EDOF_EPD3,S2_R6_LB_AL2395_C0_RAD_EPD3,LB_AL2395,C0,RAD,EDOF,3.0,-2.625,-1.75,0.06212646245200258,0.029277927279423688,0.038149797862559585,0.026491061145008772,0.020754167819212542,0.0014708141769829589,0.015164791400068602
supplemental-2-8164d718635644c8aa3ce34f5e09a59e,S2_R6_LB_AL2395_C0_RAD_EDOF_EPD3,S2_R6_LB_AL2395_C0_RAD_EPD3,LB_AL2395,C0,RAD,EDOF,3.0,-2.75,-1.875,0.06817859807461131,0.03173993278406112,0.045718812498429934,0.027381696274211012,0.04107875600742571,0.01863890495970598,0.016720023639117038
supplemental-2-8164d718635644c8aa3ce34f5e09a59e,S2_R6_LB_AL2395_C0_RAD_EDOF_EPD3,S2_R6_LB_AL2395_C0_RAD_EPD3,LB_AL2395,C0,RAD,EDOF,3.0,-2.875,-2.0,0.05868500507279042,0.019511118410738926,0.03938694705877957,0.028788599058183876,0.01917758569863726,0.015364062979727712,0.0071030744617695245
supplemental-2-8164d718635644c8aa3ce34f5e09a59e,S2_R6_LB_AL2395_C0_RAD_EDOF_EPD3,S2_R6_LB_AL2395_C0_RAD_EPD3,LB_AL2395,C0,RAD,EDOF,3.0,-3.0,-2.125,0.04853151002957781,0.0036549081690532047,0.020034319666904932,0.008734363218478761,0.0071542158046991825,0.013824771548208043,0.007546945792468209
supplemental-2-8164d718635644c8aa3ce34f5e09a59e,S2_R6_LB_AL2395_C0_RAD_EDOF_EPD3,S2_R6_LB_AL2395_C0_RAD_EPD3,LB_AL2395,C0,RAD,EDOF,3.0,-3.125,-2.25,0.045850832655939464,0.031136781075575472,0.00248651075080607,0.020252612615046794,0.009875911631774157,0.008420316485998598,0.017755646782742336
supplemental-2-8164d718635644c8aa3ce34f5e09a59e,S2_R6_LB_AL2395_C0_RAD_EDOF_EPD3,S2_R6_LB_AL2395_C0_RAD_EPD3,LB_AL2395,C0,RAD,EDOF,3.0,-3.25,-2.375,0.041724173216962285,0.05509398992872846,0.0020653774206982247,0.01904458574655206,0.0057391931414596305,0.0010669298054855666,0.018669099507301556
supplemental-2-8164d718635644c8aa3ce34f5e09a59e,S2_R6_LB_AL2395_C0_RAD_EDOF_EPD3,S2_R6_LB_AL2395_C0_RAD_EPD3,LB_AL2395,C0,RAD,EDOF,3.0,-3.375,-2.5,0.0387015047503307,0.06884604633967542,0.0006489395205498357,0.009960573798962407,0.001245930051639658,0.004389593576724695,0.012842652155125254
supplemental-2-8164d718635644c8aa3ce34f5e09a59e,S2_R6_LB_AL2395_C0_RAD_EDOF_EPD3,S2_R6_LB_AL2395_C0_RAD_EPD3,LB_AL2395,C0,RAD,EDOF,3.0,-3.5,-2.625,0.04145805054231063,0.06887184178689065,0.0018565707505344017,0.02642680158225326,0.01236167442678674,0.012183265074420939,0.00717654314893471
supplemental-2-8164d718635644c8aa3ce34f5e09a59e,S2_R6_LB_AL2395_C0_RAD_EDOF_EPD3,S2_R6_LB_AL2395_C0_RAD_EPD3,LB_AL2395,C0,RAD,EDOF,3.0,-3.625,-2.75,0.04012660015524651,0.055783360563254114,0.009666709220774602,0.01724596387741949,0.009916214938031694,0.0026159541174492445,0.004646509929466846
supplemental-2-8164d718635644c8aa3ce34f5e09a59e,S2_R6_LB_AL2395_C0_RAD_EDOF_EPD3,S2_R6_LB_AL2395_C0_RAD_EPD3,LB_AL2395,C0,RAD,EDOF,3.0,-3.75,-2.875,0.03785169709550588,0.034016996499295106,0.009708709016111376,0.0034959428742583924,0.001348144974508928,0.010489742808285421,0.017641346943926592
supplemental-2-8164d718635644c8aa3ce34f5e09a59e,S2_R6_LB_AL2395_C0_RAD_EDOF_EPD3,S2_R6_LB_AL2395_C0_RAD_EPD3,LB_AL2395,C0,RAD,EDOF,3.0,-3.875,-3.0,0.0375186978698688,0.010095923352765698,0.005062475101465957,0.003970621399173811,0.0013248276718679046,0.014434988499693472,0.0191160334087624
supplemental-2-8164d718635644c8aa3ce34f5e09a59e,S2_R6_LB_AL2395_C0_RAD_EDOF_EPD3,S2_R6_LB_AL2395_C0_RAD_EPD3,LB_AL2395,C0,RAD,EDOF,3.0,-4.0,-3.125,0.03865802624341008,0.009567774409736158,0.022565728163510455,0.00913463099838424,0.008004102529928505,0.011186794584804323,0.013682061786327589
supplemental-2-8164d718635644c8aa3ce34f5e09a59e,S2_R6_LB_AL2395_C0_RAD_EDOF_EPD3,S2_R6_LB_AL2395_C0_RAD_EPD3,LB_AL2395,C0,RAD,EDOF,3.0,-4.125,-3.25,0.03752066876386476,0.02055705314640523,0.023588358747380984,0.007586747767816482,0.0007157649591965743,0.0032803589870128358,0.009356115965877926
supplemental-2-8164d718635644c8aa3ce34f5e09a59e,S2_R6_LB_AL2395_C0_RAD_EDOF_EPD3,S2_R6_LB_AL2395_C0_RAD_EPD3,LB_AL2395,C0,RAD,EDOF,3.0,-4.25,-3.375,0.03720672483048666,0.02177368943268625,0.004885891035280863,0.0031587326259848087,0.012080804778002188,0.02128593193349553,0.0018971595073977486
supplemental-2-8164d718635644c8aa3ce34f5e09a59e,S2_R6_LB_AL2395_C0_RAD_EDOF_EPD3,S2_R6_LB_AL2395_C0_RAD_EPD3,LB_AL2395,C0,RAD,EDOF,3.0,-4.375,-3.5,0.035769554105599115,0.01510801334110985,0.015603084515741588,0.009533677959194136,0.00983264918672731,0.022633507469714945,0.007804107508518674
supplemental-2-8164d718635644c8aa3ce34f5e09a59e,S2_R6_LB_AL2395_C0_RAD_EDOF_EPD3,S2_R6_LB_AL2395_C0_RAD_EPD3,LB_AL2395,C0,RAD,EDOF,3.0,-4.5,-3.625,0.03606933504037208,0.004254184190887865,0.018117486600173777,0.005510944477831565,0.0025182414072620783,0.009463734263037723,0.011745482646576596
supplemental-2-8164d718635644c8aa3ce34f5e09a59e,S2_R6_LB_AL2395_C0_RAD_EDOF_EPD3,S2_R6_LB_AL2395_C0_RAD_EPD3,LB_AL2395,C0,RAD,EDOF,3.0,-4.625,-3.75,0.03866406660165511,0.006989971432831376,0.001424377836282702,0.005626604035398794,0.01907020003070043,0.0025584723404962467,0.012326183583089675
supplemental-2-8164d718635644c8aa3ce34f5e09a59e,S2_R6_LB_AL2395_C0_RAD_EDOF_EPD3,S2_R6_LB_AL2395_C0_RAD_EPD3,LB_AL2395,C0,RAD,EDOF,3.0,-4.75,-3.875,0.04155875124428595,0.016103103813619204,0.018627802447120156,0.015500834303366809,0.028691010719134834,0.009365640715885463,0.014636560780170404
supplemental-2-8164d718635644c8aa3ce34f5e09a59e,S2_R6_LB_AL2395_C0_RAD_EDOF_EPD3,S2_R6_LB_AL2395_C0_RAD_EPD3,LB_AL2395,C0,RAD,EDOF,3.0,-4.875,-4.0,0.04115635107952072,0.022247026185692315,0.02802613259611539,0.018798879485341743,0.016649753477904292,0.007156108197083651,0.014390795366740481
supplemental-2-8164d718635644c8aa3ce34f5e09a59e,S2_R6_LB_AL2395_C0_RAD_EDOF_EPD3,S2_R6_LB_AL2395_C0_RAD_EPD3,LB_AL2395,C0,RAD,EDOF,3.0,-5.0,-4.125,0.040267390326134904,0.027603173316832062,0.02686888011272239,0.0078074124646840696,0.005745048114770066,0.007065656004101526,0.010835670210184185
supplemental-2-8164d718635644c8aa3ce34f5e09a59e,S2_R6_LB_AL2395_C0_RAD_MONO_EPD5,S2_R6_LB_AL2395_C0_RAD_EPD5,LB_AL2395,C0,RAD,MONO,5.0,1.0,1.5,0.033198292479256285,0.0002692755187804842,0.004233174620158554,0.01948961638324516,0.011778953750407753,0.0016991914914191509,0.001940252155302573
supplemental-2-8164d718635644c8aa3ce34f5e09a59e,S2_R6_LB_AL2395_C0_RAD_MONO_EPD5,S2_R6_LB_AL2395_C0_RAD_EPD5,LB_AL2395,C0,RAD,MONO,5.0,0.875,1.375,0.03739364023482145,0.008919437153235893,0.030404014883000444,0.009998489997167022,0.022574541274889077,0.0031859316457193533,0.001235309083049784
supplemental-2-8164d718635644c8aa3ce34f5e09a59e,S2_R6_LB_AL2395_C0_RAD_MONO_EPD5,S2_R6_LB_AL2395_C0_RAD_EPD5,LB_AL2395,C0,RAD,MONO,5.0,0.75,1.25,0.04142655423163325,0.014734268065513947,0.00479174861720911,0.0040173120009842815,0.03218691196577388,0.004988542502621529,0.002599176482650937
supplemental-2-8164d718635644c8aa3ce34f5e09a59e,S2_R6_LB_AL2395_C0_RAD_MONO_EPD5,S2_R6_LB_AL2395_C0_RAD_EPD5,LB_AL2395,C0,RAD,MONO,5.0,0.625,1.125,0.04529476374382559,0.0038867643250717577,0.04045374799607961,0.006367546122268979,0.04055676423356506,0.0022616632379366883,0.0006678211183214613
supplemental-2-8164d718635644c8aa3ce34f5e09a59e,S2_R6_LB_AL2395_C0_RAD_MONO_EPD5,S2_R6_LB_AL2395_C0_RAD_EPD5,LB_AL2395,C0,RAD,MONO,5.0,0.5,1.0,0.048629238879012396,0.025134868038514172,0.022072828908245176,0.0053197747537105655,0.04310453887480554,0.0022336783256361736,0.0012872259440554045
supplemental-2-8164d718635644c8aa3ce34f5e09a59e,S2_R6_LB_AL2395_C0_RAD_MONO_EPD5,S2_R6_LB_AL2395_C0_RAD_EPD5,LB_AL2395,C0,RAD,MONO,5.0,0.375,0.875,0.05014567575350216,0.0486152208376185,0.025603631306654488,0.0213302681888555,0.039556709256578976,0.0040614493282589564,0.003702906298136552
supplemental-2-8164d718635644c8aa3ce34f5e09a59e,S2_R6_LB_AL2395_C0_RAD_MONO_EPD5,S2_R6_LB_AL2395_C0_RAD_EPD5,LB_AL2395,C0,RAD,MONO,5.0,0.25,0.75,0.053356473182040176,0.0313810902364326,0.03080795916525136,0.02130130960743725,0.026237490842778658,0.02232848121553092,0.004068986229459284
supplemental-2-8164d718635644c8aa3ce34f5e09a59e,S2_R6_LB_AL2395_C0_RAD_MONO_EPD5,S2_R6_LB_AL2395_C0_RAD_EPD5,LB_AL2395,C0,RAD,MONO,5.0,0.125,0.625,0.05674212712749309,0.03331491583203943,0.008271929641714736,0.006907354056166228,0.009382425657310789,0.04094164257001468,0.0004086010963880872
supplemental-2-8164d718635644c8aa3ce34f5e09a59e,S2_R6_LB_AL2395_C0_RAD_MONO_EPD5,S2_R6_LB_AL2395_C0_RAD_EPD5,LB_AL2395,C0,RAD,MONO,5.0,0.0,0.5,0.06157681325766657,0.09622557910064114,0.0015617380635070557,0.006264893608017856,0.007298487211716429,0.04215236733691318,0.013595121711722752
supplemental-2-8164d718635644c8aa3ce34f5e09a59e,S2_R6_LB_AL2395_C0_RAD_MONO_EPD5,S2_R6_LB_AL2395_C0_RAD_EPD5,LB_AL2395,C0,RAD,MONO,5.0,-0.125,0.375,0.06837052874750028,0.07789846262310181,0.0376954010416662,0.004439191800026933,0.01580375884390564,0.028965963227268375,0.0302218749348622
supplemental-2-8164d718635644c8aa3ce34f5e09a59e,S2_R6_LB_AL2395_C0_RAD_MONO_EPD5,S2_R6_LB_AL2395_C0_RAD_EPD5,LB_AL2395,C0,RAD,MONO,5.0,-0.25,0.25,0.08128957212338277,0.05950966062553154,0.04425561809714887,0.009881686786542252,0.027722594343090483,0.002573034853563107,0.026450062538329093
supplemental-2-8164d718635644c8aa3ce34f5e09a59e,S2_R6_LB_AL2395_C0_RAD_MONO_EPD5,S2_R6_LB_AL2395_C0_RAD_EPD5,LB_AL2395,C0,RAD,MONO,5.0,-0.375,0.125,0.1241224329100561,0.25624616489108215,0.04902427629976073,0.06053026720595162,0.01668400791274818,0.02929984586288603,0.03202074625294262
supplemental-2-8164d718635644c8aa3ce34f5e09a59e,S2_R6_LB_AL2395_C0_RAD_MONO_EPD5,S2_R6_LB_AL2395_C0_RAD_EPD5,LB_AL2395,C0,RAD,MONO,5.0,-0.5,0.0,0.22253528699907354,0.3818373739303253,0.27582902492581174,0.13057466514796442,0.10080685158768336,0.07407533206128324,0.05924224202579026
supplemental-2-8164d718635644c8aa3ce34f5e09a59e,S2_R6_LB_AL2395_C0_RAD_MONO_EPD5,S2_R6_LB_AL2395_C0_RAD_EPD5,LB_AL2395,C0,RAD,MONO,5.0,-0.625,-0.125,0.19300977333465488,0.3384672022658691,0.1494607665358977,0.09956057613587635,0.09871104135518514,0.07562460621954964,0.044163985791552486
supplemental-2-8164d718635644c8aa3ce34f5e09a59e,S2_R6_LB_AL2395_C0_RAD_MONO_EPD5,S2_R6_LB_AL2395_C0_RAD_EPD5,LB_AL2395,C0,RAD,MONO,5.0,-0.75,-0.25,0.10711150634083387,0.1519026419747212,0.052362606906887876,0.007506018853334466,0.025537977671356623,0.0018754636211250632,0.019190442397459734
supplemental-2-8164d718635644c8aa3ce34f5e09a59e,S2_R6_LB_AL2395_C0_RAD_MONO_EPD5,S2_R6_LB_AL2395_C0_RAD_EPD5,LB_AL2395,C0,RAD,MONO,5.0,-0.875,-0.375,0.10363766329885576,0.03986434785320646,0.04044946124514382,0.06637785647825362,0.04034594712434793,0.005113098826679891,0.008090273482704052
supplemental-2-8164d718635644c8aa3ce34f5e09a59e,S2_R6_LB_AL2395_C0_RAD_MONO_EPD5,S2_R6_LB_AL2395_C0_RAD_EPD5,LB_AL2395,C0,RAD,MONO,5.0,-1.0,-0.5,0.10056323935548851,0.09944623083302886,0.07657920916478474,0.025934814794092296,0.019502133758300906,0.029943448808742685,0.02130479954087372
supplemental-2-8164d718635644c8aa3ce34f5e09a59e,S2_R6_LB_AL2395_C0_RAD_MONO_EPD5,S2_R6_LB_AL2395_C0_RAD_EPD5,LB_AL2395,C0,RAD,MONO,5.0,-1.125,-0.625,0.08011089712462158,0.0023733438788853243,0.00615835023365943,0.022756445414460168,0.016097134879598723,0.0038615804610632456,0.009685651416919907
supplemental-2-8164d718635644c8aa3ce34f5e09a59e,S2_R6_LB_AL2395_C0_RAD_MONO_EPD5,S2_R6_LB_AL2395_C0_RAD_EPD5,LB_AL2395,C0,RAD,MONO,5.0,-1.25,-0.75,0.0928546537309085,0.1561584436955556,0.02537294847527726,0.037859066257998966,0.030951442272077544,0.00577592303424768,0.005483770387997167
supplemental-2-8164d718635644c8aa3ce34f5e09a59e,S2_R6_LB_AL2395_C0_RAD_MONO_EPD5,S2_R6_LB_AL2395_C0_RAD_EPD5,LB_AL2395,C0,RAD,MONO,5.0,-1.375,-0.875,0.09829134277368262,0.26176920542763665,0.00807600045867395,0.00548306165105928,0.01927581430246972,0.027318553430789237,0.03238412359803344
supplemental-2-8164d718635644c8aa3ce34f5e09a59e,S2_R6_LB_AL2395_C0_RAD_MONO_EPD5,S2_R6_LB_AL2395_C0_RAD_EPD5,LB_AL2395,C0,RAD,MONO,5.0,-1.5,-1.0,0.12107942128169556,0.2839745791907816,0.05537321653229063,0.0007394431087605852,0.023052970038123677,0.0224094924222996,0.02440619745668166
supplemental-2-8164d718635644c8aa3ce34f5e09a59e,S2_R6_LB_AL2395_C0_RAD_MONO_EPD5,S2_R6_LB_AL2395_C0_RAD_EPD5,LB_AL2395,C0,RAD,MONO,5.0,-1.625,-1.125,0.200745434361434,0.2806221796269119,0.24688372740632325,0.15215786530354802,0.10493744195346659,0.06642335510846163,0.0423635597075677
supplemental-2-8164d718635644c8aa3ce34f5e09a59e,S2_R6_LB_AL2395_C0_RAD_MONO_EPD5,S2_R6_LB_AL2395_C0_RAD_EPD5,LB_AL2395,C0,RAD,MONO,5.0,-1.75,-1.25,0.28785493344112295,0.3099339257968583,0.32129867809283313,0.2743254985091761,0.22475194511201832,0.18231924554460868,0.14013879178277316
supplemental-2-8164d718635644c8aa3ce34f5e09a59e,S2_R6_LB_AL2395_C0_RAD_MONO_EPD5,S2_R6_LB_AL2395_C0_RAD_EPD5,LB_AL2395,C0,RAD,MONO,5.0,-1.875,-1.375,0.2385180579079732,0.3551424079645287,0.26167616556230255,0.20570424117929298,0.1544990928894449,0.12023331388137129,0.10001298406199198
supplemental-2-8164d718635644c8aa3ce34f5e09a59e,S2_R6_LB_AL2395_C0_RAD_MONO_EPD5,S2_R6_LB_AL2395_C0_RAD_EPD5,LB_AL2395,C0,RAD,MONO,5.0,-2.0,-1.5,0.12120478400734876,0.34509792561498,0.15188516482883102,0.031794733931035934,0.003893079587455597,0.00019110886488645653,0.010995364828488851
supplemental-2-8164d718635644c8aa3ce34f5e09a59e,S2_R6_LB_AL2395_C0_RAD_MONO_EPD5,S2_R6_LB_AL2395_C0_RAD_EPD5,LB_AL2395,C0,RAD,MONO,5.0,-2.125,-1.625,0.09107432581564773,0.24136807972214727,0.0058039979073946715,0.03707288390401853,0.019013952844538936,0.012879632774349887,0.007761730249404544
supplemental-2-8164d718635644c8aa3ce34f5e09a59e,S2_R6_LB_AL2395_C0_RAD_MONO_EPD5,S2_R6_LB_AL2395_C0_RAD_EPD5,LB_AL2395,C0,RAD,MONO,5.0,-2.25,-1.75,0.07015094989494394,0.08873552269532346,0.05983631634109477,0.013834809646538306,0.010100985705860283,0.008147000387357783,0.000574034149634807
supplemental-2-8164d718635644c8aa3ce34f5e09a59e,S2_R6_LB_AL2395_C0_RAD_MONO_EPD5,S2_R6_LB_AL2395_C0_RAD_EPD5,LB_AL2395,C0,RAD,MONO,5.0,-2.375,-1.875,0.05684467534284215,0.02751795614365945,0.017451378442828715,0.017644132044452504,0.0011489926882331414,0.002446263407225947,0.0005549527275620082
supplemental-2-8164d718635644c8aa3ce34f5e09a59e,S2_R6_LB_AL2395_C0_RAD_MONO_EPD5,S2_R6_LB_AL2395_C0_RAD_EPD5,LB_AL2395,C0,RAD,MONO,5.0,-2.5,-2.0,0.04813809036611421,0.06347598392184402,6.969294718444643e-05,0.002655108683640775,0.0009098211067868964,0.0027268331655905666,0.0017310139250492377
supplemental-2-8164d718635644c8aa3ce34f5e09a59e,S2_R6_LB_AL2395_C0_RAD_MONO_EPD5,S2_R6_LB_AL2395_C0_RAD_EPD5,LB_AL2395,C0,RAD,MONO,5.0,-2.625,-2.125,0.04160240828048555,0.044425208808987676,0.018939050703056896,0.004284277691786909,0.00018294181233256352,0.000472310188249363,0.0013640162858759102
supplemental-2-8164d718635644c8aa3ce34f5e09a59e,S2_R6_LB_AL2395_C0_RAD_MONO_EPD5,S2_R6_LB_AL2395_C0_RAD_EPD5,LB_AL2395,C0,RAD,MONO,5.0,-2.75,-2.25,0.03658330344372104,0.019138790863403185,0.012718244257573792,0.004027375915162348,0.0005498683245422465,0.003042752367289391,0.0017158056503110007
supplemental-2-8164d718635644c8aa3ce34f5e09a59e,S2_R6_LB_AL2395_C0_RAD_MONO_EPD5,S2_R6_LB_AL2395_C0_RAD_EPD5,LB_AL2395,C0,RAD,MONO,5.0,-2.875,-2.375,0.03199141659169872,0.00831862911050579,0.014314105066172925,0.005652575007327879,0.0019228780251574502,0.001218293396769163,0.0018722408080696622
supplemental-2-8164d718635644c8aa3ce34f5e09a59e,S2_R6_LB_AL2395_C0_RAD_MONO_EPD5,S2_R6_LB_AL2395_C0_RAD_EPD5,LB_AL2395,C0,RAD,MONO,5.0,-3.0,-2.5,0.028477508234498516,0.00445987454978848,0.0031959663174169106,0.002435810789901554,0.0018588102505894778,0.001328350899304062,0.00101618181845388
supplemental-2-8164d718635644c8aa3ce34f5e09a59e,S2_R6_LB_AL2395_C0_RAD_MONO_EPD5,S2_R6_LB_AL2395_C0_RAD_EPD5,LB_AL2395,C0,RAD,MONO,5.0,-3.125,-2.625,0.026332741883328688,0.0005939346177380282,0.001589235271787752,0.00041236250594285813,0.00029542119437538843,0.0006974075084738814,0.0003734117475398567
supplemental-2-8164d718635644c8aa3ce34f5e09a59e,S2_R6_LB_AL2395_C0_RAD_MONO_EPD5,S2_R6_LB_AL2395_C0_RAD_EPD5,LB_AL2395,C0,RAD,MONO,5.0,-3.25,-2.75,0.0258557450518953,0.0017281083228642717,0.0008119422391482567,0.0014949128046500386,0.0018904405888271808,0.0015014514636482144,0.0011960381256534462
supplemental-2-8164d718635644c8aa3ce34f5e09a59e,S2_R6_LB_AL2395_C0_RAD_MONO_EPD5,S2_R6_LB_AL2395_C0_RAD_EPD5,LB_AL2395,C0,RAD,MONO,5.0,-3.375,-2.875,0.024648467517237482,0.004447470463337667,0.005812235835747882,0.0023532168457002277,0.0012504744446993538,0.0001327898224260686,0.0009189967834628995
supplemental-2-8164d718635644c8aa3ce34f5e09a59e,S2_R6_LB_AL2395_C0_RAD_MONO_EPD5,S2_R6_LB_AL2395_C0_RAD_EPD5,LB_AL2395,C0,RAD,MONO,5.0,-3.5,-3.0,0.02281860299288144,0.01171262087287524,0.005708398966691684,0.0018188608603802768,0.0025241873466683665,0.0012430147544052318,0.0012984136912534362
supplemental-2-8164d718635644c8aa3ce34f5e09a59e,S2_R6_LB_AL2395_C0_RAD_MONO_EPD5,S2_R6_LB_AL2395_C0_RAD_EPD5,LB_AL2395,C0,RAD,MONO,5.0,-3.625,-3.125,0.021946256229448388,0.01687841261997684,0.0007590321876973161,0.0009573787093507116,0.0009217248916293985,0.0008622579538439706,0.0009244422424005858
supplemental-2-8164d718635644c8aa3ce34f5e09a59e,S2_R6_LB_AL2395_C0_RAD_MONO_EPD5,S2_R6_LB_AL2395_C0_RAD_EPD5,LB_AL2395,C0,RAD,MONO,5.0,-3.75,-3.25,0.01995341186191111,0.00750390305106738,0.004470474443229088,0.0018469009937883093,0.0003937094355833794,0.0012231703596727336,0.0010878127611789986
supplemental-2-8164d718635644c8aa3ce34f5e09a59e,S2_R6_LB_AL2395_C0_RAD_MONO_EPD5,S2_R6_LB_AL2395_C0_RAD_EPD5,LB_AL2395,C0,RAD,MONO,5.0,-3.875,-3.375,0.018360058162054826,0.013616156604222085,0.0037967252453535425,0.00164331205176514,0.0022143111161643083,0.0007284826372809342,0.001369967717799278
supplemental-2-8164d718635644c8aa3ce34f5e09a59e,S2_R6_LB_AL2395_C0_RAD_MONO_EPD5,S2_R6_LB_AL2395_C0_RAD_EPD5,LB_AL2395,C0,RAD,MONO,5.0,-4.0,-3.5,0.017448050130526496,0.025606783240921985,0.0023263076703030523,0.0018169438498606887,0.0004077099186183559,0.0003086889498367306,0.00028600931510124104
supplemental-2-8164d718635644c8aa3ce34f5e09a59e,S2_R6_LB_AL2395_C0_RAD_MONO_EPD5,S2_R6_LB_AL2395_C0_RAD_EPD5,LB_AL2395,C0,RAD,MONO,5.0,-4.125,-3.625,0.01620030403511747,0.013962887093757651,0.00048795836163582185,0.00196181012784162,0.0003616327761539583,0.0008158720844154484,0.0014560427676768581
supplemental-2-8164d718635644c8aa3ce34f5e09a59e,S2_R6_LB_AL2395_C0_RAD_MONO_EPD5,S2_R6_LB_AL2395_C0_RAD_EPD5,LB_AL2395,C0,RAD,MONO,5.0,-4.25,-3.75,0.017109191039154738,0.009670788754636169,0.004031021553638513,9.405711152722711e-05,0.0011566787435837698,9.31977092978549e-05,0.00044572168404277213
supplemental-2-8164d718635644c8aa3ce34f5e09a59e,S2_R6_LB_AL2395_C0_RAD_MONO_EPD5,S2_R6_LB_AL2395_C0_RAD_EPD5,LB_AL2395,C0,RAD,MONO,5.0,-4.375,-3.875,0.018969417254160306,0.02038170506280942,0.0029400091565285123,0.0016325791457452638,0.001356687452042977,0.0019486964480336009,0.0015314824491182173
supplemental-2-8164d718635644c8aa3ce34f5e09a59e,S2_R6_LB_AL2395_C0_RAD_MONO_EPD5,S2_R6_LB_AL2395_C0_RAD_EPD5,LB_AL2395,C0,RAD,MONO,5.0,-4.5,-4.0,0.01925296173546368,0.008886592899430189,0.0010021144705864,0.0007203116727504897,0.0002487844382504936,0.0007880900685985277,0.000989040049318128
supplemental-2-8164d718635644c8aa3ce34f5e09a59e,S2_R6_LB_AL2395_C0_RAD_MONO_EPD5,S2_R6_LB_AL2395_C0_RAD_EPD5,LB_AL2395,C0,RAD,MONO,5.0,-4.625,-4.125,0.018709931141532056,0.009067698869250861,0.002018660405180101,0.0008114432440712667,0.0012390264014712216,0.0017690364571830725,0.000781273345328501
supplemental-2-8164d718635644c8aa3ce34f5e09a59e,S2_R6_LB_AL2395_C0_RAD_MONO_EPD5,S2_R6_LB_AL2395_C0_RAD_EPD5,LB_AL2395,C0,RAD,MONO,5.0,-4.75,-4.25,0.01885306237867991,0.013190469644852099,0.003765320262578805,0.0006944499014441651,0.0018921708563973622,0.0008442321654669597,0.0017118352774045124
supplemental-2-8164d718635644c8aa3ce34f5e09a59e,S2_R6_LB_AL2395_C0_RAD_MONO_EPD5,S2_R6_LB_AL2395_C0_RAD_EPD5,LB_AL2395,C0,RAD,MONO,5.0,-4.875,-4.375,0.018116379443758275,0.001712665154945465,0.0025386453831843852,0.0006403519816193971,0.0008762915641688675,0.0014518551136675564,0.0003578288377084417
supplemental-2-8164d718635644c8aa3ce34f5e09a59e,S2_R6_LB_AL2395_C0_RAD_MONO_EPD5,S2_R6_LB_AL2395_C0_RAD_EPD5,LB_AL2395,C0,RAD,MONO,5.0,-5.0,-4.5,0.01825229363258888,0.00896864581419224,0.0011385385750863962,3.417237312076479e-05,0.0020529304336930057,0.000386132877704055,0.0016050400725008797
supplemental-2-8164d718635644c8aa3ce34f5e09a59e,S2_R6_LB_AL2395_C0_RAD_EDOF_EPD5,S2_R6_LB_AL2395_C0_RAD_EPD5,LB_AL2395,C0,RAD,EDOF,5.0,1.0,1.5,0.035283851540071826,0.026126918322871846,0.03028621313805619,0.02046745983324267,0.005789508611629673,0.0002468672885760319,0.00069501537027912
supplemental-2-8164d718635644c8aa3ce34f5e09a59e,S2_R6_LB_AL2395_C0_RAD_EDOF_EPD5,S2_R6_LB_AL2395_C0_RAD_EPD5,LB_AL2395,C0,RAD,EDOF,5.0,0.875,1.375,0.03906852224071265,0.006033334073961875,0.027457248510138373,0.020370587027289406,0.0030100301319245593,0.0031026833342223045,0.000459650453589807
supplemental-2-8164d718635644c8aa3ce34f5e09a59e,S2_R6_LB_AL2395_C0_RAD_EDOF_EPD5,S2_R6_LB_AL2395_C0_RAD_EPD5,LB_AL2395,C0,RAD,EDOF,5.0,0.75,1.25,0.04305155857986895,0.044409943362364805,0.015012884951343735,0.01877639812879005,0.0029463171719308844,0.004461092521321143,0.004671376596463191
supplemental-2-8164d718635644c8aa3ce34f5e09a59e,S2_R6_LB_AL2395_C0_RAD_EDOF_EPD5,S2_R6_LB_AL2395_C0_RAD_EPD5,LB_AL2395,C0,RAD,EDOF,5.0,0.625,1.125,0.0470635087880282,0.06009451305691605,0.05434739089093611,0.009516857883642668,0.0026947192832796956,0.006869037028476758,0.006024721036147951
supplemental-2-8164d718635644c8aa3ce34f5e09a59e,S2_R6_LB_AL2395_C0_RAD_EDOF_EPD5,S2_R6_LB_AL2395_C0_RAD_EPD5,LB_AL2395,C0,RAD,EDOF,5.0,0.5,1.0,0.04794194562663405,0.036810912995261263,0.00379272425604443,0.007210696583520441,0.0005668613778468442,3.8533664840653334e-05,0.0030911453792023137
supplemental-2-8164d718635644c8aa3ce34f5e09a59e,S2_R6_LB_AL2395_C0_RAD_EDOF_EPD5,S2_R6_LB_AL2395_C0_RAD_EPD5,LB_AL2395,C0,RAD,EDOF,5.0,0.375,0.875,0.050144009687625044,0.008214263945081854,0.04711185891774085,0.016310709858703257,0.002352716852574716,0.0020222838004661232,0.0006268345172514857
supplemental-2-8164d718635644c8aa3ce34f5e09a59e,S2_R6_LB_AL2395_C0_RAD_EDOF_EPD5,S2_R6_LB_AL2395_C0_RAD_EPD5,LB_AL2395,C0,RAD,EDOF,5.0,0.25,0.75,0.05067603674243329,0.0318903483974486,0.0027434557594002017,0.010777286161804485,0.0029824551562760383,0.001289707625462445,0.003328558983951099
supplemental-2-8164d718635644c8aa3ce34f5e09a59e,S2_R6_LB_AL2395_C0_RAD_EDOF_EPD5,S2_R6_LB_AL2395_C0_RAD_EPD5,LB_AL2395,C0,RAD,EDOF,5.0,0.125,0.625,0.05261790006837461,0.007996127894348169,0.004923441325156463,0.02580767031704865,0.002457768361189912,0.014046103908505986,0.010785520188744296
supplemental-2-8164d718635644c8aa3ce34f5e09a59e,S2_R6_LB_AL2395_C0_RAD_EDOF_EPD5,S2_R6_LB_AL2395_C0_RAD_EPD5,LB_AL2395,C0,RAD,EDOF,5.0,0.0,0.5,0.06437718616557951,0.03615037637337413,0.028446842848615077,0.05750979876253724,0.01465375915076899,0.03263155767338943,0.0023702546776058243
supplemental-2-8164d718635644c8aa3ce34f5e09a59e,S2_R6_LB_AL2395_C0_RAD_EDOF_EPD5,S2_R6_LB_AL2395_C0_RAD_EPD5,LB_AL2395,C0,RAD,EDOF,5.0,-0.125,0.375,0.07902095711583915,0.030646952489294336,0.038184557105350125,0.062063980633255765,0.01859771931459347,0.050006795678809175,0.010065496360087689
supplemental-2-8164d718635644c8aa3ce34f5e09a59e,S2_R6_LB_AL2395_C0_RAD_EDOF_EPD5,S2_R6_LB_AL2395_C0_RAD_EPD5,LB_AL2395,C0,RAD,EDOF,5.0,-0.25,0.25,0.09832094893196523,0.07143996553433851,0.06738483529610778,0.028422853358241067,0.02501260384760318,0.05323112053994884,0.019160066569985795
supplemental-2-8164d718635644c8aa3ce34f5e09a59e,S2_R6_LB_AL2395_C0_RAD_EDOF_EPD5,S2_R6_LB_AL2395_C0_RAD_EPD5,LB_AL2395,C0,RAD,EDOF,5.0,-0.375,0.125,0.1431620504434132,0.23514119532147318,0.022242783941032615,0.05782700375578491,0.01596040779241668,0.07334862244346539,0.045381790468110854
supplemental-2-8164d718635644c8aa3ce34f5e09a59e,S2_R6_LB_AL2395_C0_RAD_EDOF_EPD5,S2_R6_LB_AL2395_C0_RAD_EPD5,LB_AL2395,C0,RAD,EDOF,5.0,-0.5,0.0,0.247898109189185,0.35749516870231246,0.2630301712016802,0.16524629832420015,0.15863529624930028,0.08449140388042652,0.034921159475526806
supplemental-2-8164d718635644c8aa3ce34f5e09a59e,S2_R6_LB_AL2395_C0_RAD_EDOF_EPD5,S2_R6_LB_AL2395_C0_RAD_EPD5,LB_AL2395,C0,RAD,EDOF,5.0,-0.625,-0.125,0.1841464049405784,0.3551147204319731,0.16887499407639459,0.05230019214686654,0.029623286684216623,0.041502196091864584,0.04765791614750896
supplemental-2-8164d718635644c8aa3ce34f5e09a59e,S2_R6_LB_AL2395_C0_RAD_EDOF_EPD5,S2_R6_LB_AL2395_C0_RAD_EPD5,LB_AL2395,C0,RAD,EDOF,5.0,-0.75,-0.25,0.12282151021670065,0.24628327759424418,0.006350355461186801,0.007823496077991106,0.009481286888846585,0.008553407648226142,0.03799805738396301
supplemental-2-8164d718635644c8aa3ce34f5e09a59e,S2_R6_LB_AL2395_C0_RAD_EDOF_EPD5,S2_R6_LB_AL2395_C0_RAD_EPD5,LB_AL2395,C0,RAD,EDOF,5.0,-0.875,-0.375,0.16588783716964048,0.1415796711977347,0.13345095240583688,0.151313373333529,0.06934223250436618,0.043609469931850324,0.015085605213839344
supplemental-2-8164d718635644c8aa3ce34f5e09a59e,S2_R6_LB_AL2395_C0_RAD_EDOF_EPD5,S2_R6_LB_AL2395_C0_RAD_EPD5,LB_AL2395,C0,RAD,EDOF,5.0,-1.0,-0.5,0.199442402221447,0.14221039289522105,0.1760425015349651,0.11677925795888731,0.14734545583190836,0.12204293924260488,0.08355758161621207
supplemental-2-8164d718635644c8aa3ce34f5e09a59e,S2_R6_LB_AL2395_C0_RAD_EDOF_EPD5,S2_R6_LB_AL2395_C0_RAD_EPD5,LB_AL2395,C0,RAD,EDOF,5.0,-1.125,-0.625,0.13263492446925995,0.24189474418411344,0.09766437374963606,0.0420817278538956,0.0003754739839808712,0.01388945430673493,0.02190138148165205
supplemental-2-8164d718635644c8aa3ce34f5e09a59e,S2_R6_LB_AL2395_C0_RAD_EDOF_EPD5,S2_R6_LB_AL2395_C0_RAD_EPD5,LB_AL2395,C0,RAD,EDOF,5.0,-1.25,-0.75,0.12928405695877987,0.33201335304738994,0.14067869878046363,0.041774226046631245,0.0022061697102769627,0.011676349368107722,0.01088528497389371
supplemental-2-8164d718635644c8aa3ce34f5e09a59e,S2_R6_LB_AL2395_C0_RAD_EDOF_EPD5,S2_R6_LB_AL2395_C0_RAD_EPD5,LB_AL2395,C0,RAD,EDOF,5.0,-1.375,-0.875,0.1739111570294946,0.3086990178278972,0.13473162923812346,0.14434584956443644,0.1434492634985755,0.10821467596014542,0.08175426305023459
supplemental-2-8164d718635644c8aa3ce34f5e09a59e,S2_R6_LB_AL2395_C0_RAD_EDOF_EPD5,S2_R6_LB_AL2395_C0_RAD_EPD5,LB_AL2395,C0,RAD,EDOF,5.0,-1.5,-1.0,0.12393077456899926,0.17538574343920255,0.08902829437211529,0.10972479346671368,0.04750396261152316,0.038576346363078724,0.012737885425510062
supplemental-2-8164d718635644c8aa3ce34f5e09a59e,S2_R6_LB_AL2395_C0_RAD_EDOF_EPD5,S2_R6_LB_AL2395_C0_RAD_EPD5,LB_AL2395,C0,RAD,EDOF,5.0,-1.625,-1.125,0.07676088686813407,0.03446672551148354,0.10607538620441541,0.016491295773291437,0.0090785330275089,0.005250344638428117,0.004234687586010877
supplemental-2-8164d718635644c8aa3ce34f5e09a59e,S2_R6_LB_AL2395_C0_RAD_EDOF_EPD5,S2_R6_LB_AL2395_C0_RAD_EPD5,LB_AL2395,C0,RAD,EDOF,5.0,-1.75,-1.25,0.06503574078236815,0.01359384993892034,0.04425979195040785,0.005612575291012296,0.01411515676613872,0.020310668555038516,0.021314425209543686
supplemental-2-8164d718635644c8aa3ce34f5e09a59e,S2_R6_LB_AL2395_C0_RAD_EDOF_EPD5,S2_R6_LB_AL2395_C0_RAD_EPD5,LB_AL2395,C0,RAD,EDOF,5.0,-1.875,-1.375,0.05246353843293302,0.03407333193365379,0.01485902140675753,0.010944818697101904,0.007989357146404712,0.004510758408655899,0.007385074517953451
supplemental-2-8164d718635644c8aa3ce34f5e09a59e,S2_R6_LB_AL2395_C0_RAD_EDOF_EPD5,S2_R6_LB_AL2395_C0_RAD_EPD5,LB_AL2395,C0,RAD,EDOF,5.0,-2.0,-1.5,0.04796521414713025,0.09534712547319499,0.004914060685615066,0.00601362281196207,0.007133692252526995,0.0016613195862546838,0.0017104915134965597
supplemental-2-8164d718635644c8aa3ce34f5e09a59e,S2_R6_LB_AL2395_C0_RAD_EDOF_EPD5,S2_R6_LB_AL2395_C0_RAD_EPD5,LB_AL2395,C0,RAD,EDOF,5.0,-2.125,-1.625,0.04470094321024769,0.09699309454544948,0.015143681859409562,0.018612374850655936,0.0037724611802795864,0.008171030426518249,0.0035242693327942683
supplemental-2-8164d718635644c8aa3ce34f5e09a59e,S2_R6_LB_AL2395_C0_RAD_EDOF_EPD5,S2_R6_LB_AL2395_C0_RAD_EPD5,LB_AL2395,C0,RAD,EDOF,5.0,-2.25,-1.75,0.03818943994517072,0.04306745913164148,0.016926604114921168,0.004176178147975171,0.005862417680895514,0.0008826447255892854,0.005329859879803735
supplemental-2-8164d718635644c8aa3ce34f5e09a59e,S2_R6_LB_AL2395_C0_RAD_EDOF_EPD5,S2_R6_LB_AL2395_C0_RAD_EPD5,LB_AL2395,C0,RAD,EDOF,5.0,-2.375,-1.875,0.03590920575775865,0.009115308232831826,0.012424970459726618,0.013854209469664312,0.0022760102551879595,0.006107900521545656,0.010330833810551289
supplemental-2-8164d718635644c8aa3ce34f5e09a59e,S2_R6_LB_AL2395_C0_RAD_EDOF_EPD5,S2_R6_LB_AL2395_C0_RAD_EPD5,LB_AL2395,C0,RAD,EDOF,5.0,-2.5,-2.0,0.0330016842881827,0.02228434334819773,0.00475333751883831,0.00015527074052781357,0.0025405789068077824,0.0010132028739771343,0.009184358151882647
supplemental-2-8164d718635644c8aa3ce34f5e09a59e,S2_R6_LB_AL2395_C0_RAD_EDOF_EPD5,S2_R6_LB_AL2395_C0_RAD_EPD5,LB_AL2395,C0,RAD,EDOF,5.0,-2.625,-2.125,0.03209084490766735,0.010611595111988845,0.015869461927217374,0.006519714400633781,0.011704228619030914,0.002374251553612609,0.003358274491456569
supplemental-2-8164d718635644c8aa3ce34f5e09a59e,S2_R6_LB_AL2395_C0_RAD_EDOF_EPD5,S2_R6_LB_AL2395_C0_RAD_EPD5,LB_AL2395,C0,RAD,EDOF,5.0,-2.75,-2.25,0.03176238920869836,0.004082188789831597,0.02152161547345053,0.013481317770307208,0.011023572430689957,0.0058612282612653,0.0009792470015534342
supplemental-2-8164d718635644c8aa3ce34f5e09a59e,S2_R6_LB_AL2395_C0_RAD_EDOF_EPD5,S2_R6_LB_AL2395_C0_RAD_EPD5,LB_AL2395,C0,RAD,EDOF,5.0,-2.875,-2.375,0.03132536892921755,0.0076603906591386104,0.005333214351707461,0.016920037802018326,0.005314267932406476,0.011349645762850002,0.005010262825110595
supplemental-2-8164d718635644c8aa3ce34f5e09a59e,S2_R6_LB_AL2395_C0_RAD_EDOF_EPD5,S2_R6_LB_AL2395_C0_RAD_EPD5,LB_AL2395,C0,RAD,EDOF,5.0,-3.0,-2.5,0.02664509595342877,0.0056147627934797825,0.01336674885013854,0.003200856040459438,0.004083149299800505,0.008382313785045404,0.008479082185979647
supplemental-2-8164d718635644c8aa3ce34f5e09a59e,S2_R6_LB_AL2395_C0_RAD_EDOF_EPD5,S2_R6_LB_AL2395_C0_RAD_EPD5,LB_AL2395,C0,RAD,EDOF,5.0,-3.125,-2.625,0.0253458308884899,0.007276527811379904,0.007407031444327066,0.004025813261405033,0.005951476185156538,0.0017756264936763838,0.005901117794934558
supplemental-2-8164d718635644c8aa3ce34f5e09a59e,S2_R6_LB_AL2395_C0_RAD_EDOF_EPD5,S2_R6_LB_AL2395_C0_RAD_EPD5,LB_AL2395,C0,RAD,EDOF,5.0,-3.25,-2.75,0.024264905440158895,0.021966195242214704,0.0012321688637860358,0.0027346840238396102,0.0039165669574035885,0.0029224185141432575,0.006449861282247101
supplemental-2-8164d718635644c8aa3ce34f5e09a59e,S2_R6_LB_AL2395_C0_RAD_EDOF_EPD5,S2_R6_LB_AL2395_C0_RAD_EPD5,LB_AL2395,C0,RAD,EDOF,5.0,-3.375,-2.875,0.023509196374353017,0.031198270048526315,0.003521649517385553,0.0027653394298460315,0.006216756825562289,0.0031109764616277014,0.003177914171907425
supplemental-2-8164d718635644c8aa3ce34f5e09a59e,S2_R6_LB_AL2395_C0_RAD_EDOF_EPD5,S2_R6_LB_AL2395_C0_RAD_EPD5,LB_AL2395,C0,RAD,EDOF,5.0,-3.5,-3.0,0.02249637345227217,0.03602915531248156,0.008606827698641779,0.004196555346855828,0.0033942880657598946,0.0006839575327548084,0.0010142164764357802
supplemental-2-8164d718635644c8aa3ce34f5e09a59e,S2_R6_LB_AL2395_C0_RAD_EDOF_EPD5,S2_R6_LB_AL2395_C0_RAD_EPD5,LB_AL2395,C0,RAD,EDOF,5.0,-3.625,-3.125,0.020092344073916423,0.03220541066331987,0.005854035488648807,0.010281924642654561,0.0014692818752750402,0.002026993706749272,0.002946055719487679
supplemental-2-8164d718635644c8aa3ce34f5e09a59e,S2_R6_LB_AL2395_C0_RAD_EDOF_EPD5,S2_R6_LB_AL2395_C0_RAD_EPD5,LB_AL2395,C0,RAD,EDOF,5.0,-3.75,-3.25,0.018963344689810435,0.012180653751440854,0.0021563311583457996,0.0009878004793116724,0.004149934398051053,0.00250156728269471,0.005890306916066993
supplemental-2-8164d718635644c8aa3ce34f5e09a59e,S2_R6_LB_AL2395_C0_RAD_EDOF_EPD5,S2_R6_LB_AL2395_C0_RAD_EPD5,LB_AL2395,C0,RAD,EDOF,5.0,-3.875,-3.375,0.022021473731253887,0.01698767139739446,0.0010134084859406173,0.0019058390334490737,0.0009434420404730087,0.0066808235483827435,0.007038482789082326
supplemental-2-8164d718635644c8aa3ce34f5e09a59e,S2_R6_LB_AL2395_C0_RAD_EDOF_EPD5,S2_R6_LB_AL2395_C0_RAD_EPD5,LB_AL2395,C0,RAD,EDOF,5.0,-4.0,-3.5,0.023243893775250088,0.03247423628664863,0.008825146541234822,0.006668908878065718,0.0011773374878418577,0.003266686493250633,0.004356245504068166
supplemental-2-8164d718635644c8aa3ce34f5e09a59e,S2_R6_LB_AL2395_C0_RAD_EDOF_EPD5,S2_R6_LB_AL2395_C0_RAD_EPD5,LB_AL2395,C0,RAD,EDOF,5.0,-4.125,-3.625,0.021710360155178722,0.019878994372046932,0.0069871692662781815,0.0017217795394065048,0.0027621213351734872,0.0035995741614471646,0.0019471160915967233
supplemental-2-8164d718635644c8aa3ce34f5e09a59e,S2_R6_LB_AL2395_C0_RAD_EDOF_EPD5,S2_R6_LB_AL2395_C0_RAD_EPD5,LB_AL2395,C0,RAD,EDOF,5.0,-4.25,-3.75,0.020087911253428063,0.007469564524261538,0.0025918188129875094,0.001876431318555767,0.005742145265837672,0.007362013619282493,0.003927243465019493
supplemental-2-8164d718635644c8aa3ce34f5e09a59e,S2_R6_LB_AL2395_C0_RAD_EDOF_EPD5,S2_R6_LB_AL2395_C0_RAD_EPD5,LB_AL2395,C0,RAD,EDOF,5.0,-4.375,-3.875,0.018864382311246743,0.022511940656624856,0.0003541266493673004,0.0036005610679201885,0.002636970705189248,0.006576723580906454,0.006399794801692853
supplemental-2-8164d718635644c8aa3ce34f5e09a59e,S2_R6_LB_AL2395_C0_RAD_EDOF_EPD5,S2_R6_LB_AL2395_C0_RAD_EPD5,LB_AL2395,C0,RAD,EDOF,5.0,-4.5,-4.0,0.019099907419378916,0.013919236426906251,0.004392907585283634,0.0032926034947553,0.0008884273048307078,0.003929050665810471,0.003811160236038375
supplemental-2-8164d718635644c8aa3ce34f5e09a59e,S2_R6_LB_AL2395_C0_RAD_EDOF_EPD5,S2_R6_LB_AL2395_C0_RAD_EPD5,LB_AL2395,C0,RAD,EDOF,5.0,-4.625,-4.125,0.019714936358554182,0.002843991166520076,0.004269621518247601,0.0036722035943331194,0.012254369018892364,0.0007324141456813715,0.0030813023628492027
supplemental-2-8164d718635644c8aa3ce34f5e09a59e,S2_R6_LB_AL2395_C0_RAD_EDOF_EPD5,S2_R6_LB_AL2395_C0_RAD_EPD5,LB_AL2395,C0,RAD,EDOF,5.0,-4.75,-4.25,0.021221608426616807,0.006108383780815788,0.006678242862698542,0.0075650301098010376,0.00651574580432975,0.004018322909036846,0.004010760867018393
supplemental-2-8164d718635644c8aa3ce34f5e09a59e,S2_R6_LB_AL2395_C0_RAD_EDOF_EPD5,S2_R6_LB_AL2395_C0_RAD_EPD5,LB_AL2395,C0,RAD,EDOF,5.0,-4.875,-4.375,0.020749210144669995,0.006624364745565798,0.008073908323030449,0.005615595523765397,0.009132719941412263,0.0013651385511867966,0.0063745713695078495
supplemental-2-8164d718635644c8aa3ce34f5e09a59e,S2_R6_LB_AL2395_C0_RAD_EDOF_EPD5,S2_R6_LB_AL2395_C0_RAD_EPD5,LB_AL2395,C0,RAD,EDOF,5.0,-5.0,-4.5,0.020388886352672057,0.01928103840925629,0.013391717238143298,0.0029309890899586744,0.0039472885963177376,0.004764890343772032,0.005927257686756826
supplemental-2-8164d718635644c8aa3ce34f5e09a59e,S2_R6_LB_AL2395_C0_HOA_MONO_EPD3,S2_R6_LB_AL2395_C0_HOA_EPD3,LB_AL2395,C0,HOA,MONO,3.0,1.0,2.0,0.026975730799116977,0.0017469653033103172,0.0031933294731100884,0.0044294980045079665,0.0010005341196229446,0.0010204747109955627,0.0005497274760843205
supplemental-2-8164d718635644c8aa3ce34f5e09a59e,S2_R6_LB_AL2395_C0_HOA_MONO_EPD3,S2_R6_LB_AL2395_C0_HOA_EPD3,LB_AL2395,C0,HOA,MONO,3.0,0.875,1.875,0.027884691800342053,0.008682776169850396,0.007898273027345623,0.0010484785490868119,0.0035246827774473876,0.00111849415535043,0.0006798520556067432
supplemental-2-8164d718635644c8aa3ce34f5e09a59e,S2_R6_LB_AL2395_C0_HOA_MONO_EPD3,S2_R6_LB_AL2395_C0_HOA_EPD3,LB_AL2395,C0,HOA,MONO,3.0,0.75,1.75,0.02968544954510758,0.016251143098077913,0.0033560095352524696,0.004675055548115473,0.0007032939022754934,0.003544562259723216,0.0018541489602152425
supplemental-2-8164d718635644c8aa3ce34f5e09a59e,S2_R6_LB_AL2395_C0_HOA_MONO_EPD3,S2_R6_LB_AL2395_C0_HOA_EPD3,LB_AL2395,C0,HOA,MONO,3.0,0.625,1.625,0.03037713707400381,0.01727983775091012,0.00560503986701818,0.0008149982833681888,0.0041826617305964825,0.00046209981920981885,0.0008656331034920438
supplemental-2-8164d718635644c8aa3ce34f5e09a59e,S2_R6_LB_AL2395_C0_HOA_MONO_EPD3,S2_R6_LB_AL2395_C0_HOA_EPD3,LB_AL2395,C0,HOA,MONO,3.0,0.5,1.5,0.03168460328072374,0.010544676077603335,0.007665146895783614,0.004539444224060863,0.002696148910007659,0.0023179447232497515,0.0008194365996137488
supplemental-2-8164d718635644c8aa3ce34f5e09a59e,S2_R6_LB_AL2395_C0_HOA_MONO_EPD3,S2_R6_LB_AL2395_C0_HOA_EPD3,LB_AL2395,C0,HOA,MONO,3.0,0.375,1.375,0.03387278555729036,0.0016637166554225207,0.0005320056284585634,0.000712717526605081,0.0033992542463517346,0.003135442646411934,0.003248072141446318
supplemental-2-8164d718635644c8aa3ce34f5e09a59e,S2_R6_LB_AL2395_C0_HOA_MONO_EPD3,S2_R6_LB_AL2395_C0_HOA_EPD3,LB_AL2395,C0,HOA,MONO,3.0,0.25,1.25,0.03483502635635649,0.014166271433799801,0.00885808461379454,0.006000470705967129,0.0039000216969194306,0.0006439157044040234,0.00042478734311657615
supplemental-2-8164d718635644c8aa3ce34f5e09a59e,S2_R6_LB_AL2395_C0_HOA_MONO_EPD3,S2_R6_LB_AL2395_C0_HOA_EPD3,LB_AL2395,C0,HOA,MONO,3.0,0.125,1.125,0.03784221734198697,0.02095364774264917,0.00578167725460542,0.0013381492631182282,0.00025621107450384244,0.0047637716618640896,0.0029307702440395326
supplemental-2-8164d718635644c8aa3ce34f5e09a59e,S2_R6_LB_AL2395_C0_HOA_MONO_EPD3,S2_R6_LB_AL2395_C0_HOA_EPD3,LB_AL2395,C0,HOA,MONO,3.0,0.0,1.0,0.039841261529820884,0.017498772011937686,0.005907676555506753,0.00744286837095953,0.004871721954235728,0.0022351464262486253,0.0029754159686061227
supplemental-2-8164d718635644c8aa3ce34f5e09a59e,S2_R6_LB_AL2395_C0_HOA_MONO_EPD3,S2_R6_LB_AL2395_C0_HOA_EPD3,LB_AL2395,C0,HOA,MONO,3.0,-0.125,0.875,0.04251031310414837,0.003203715038260516,0.010919156411353647,0.0016482663701167972,0.0031840887566472117,0.003146805410603685,0.0006233531378601663
supplemental-2-8164d718635644c8aa3ce34f5e09a59e,S2_R6_LB_AL2395_C0_HOA_MONO_EPD3,S2_R6_LB_AL2395_C0_HOA_EPD3,LB_AL2395,C0,HOA,MONO,3.0,-0.25,0.75,0.04618584358142183,0.018088928715678097,0.0008523986333696794,0.008514125852309495,0.003232205579280041,0.004509378133211103,0.005156923558885141
supplemental-2-8164d718635644c8aa3ce34f5e09a59e,S2_R6_LB_AL2395_C0_HOA_MONO_EPD3,S2_R6_LB_AL2395_C0_HOA_EPD3,LB_AL2395,C0,HOA,MONO,3.0,-0.375,0.625,0.05014474112198094,0.03945923766358285,0.012910239844703695,0.0022049390106335972,0.007857080885628542,0.0021148211680308026,0.002132587318877551
supplemental-2-8164d718635644c8aa3ce34f5e09a59e,S2_R6_LB_AL2395_C0_HOA_MONO_EPD3,S2_R6_LB_AL2395_C0_HOA_EPD3,LB_AL2395,C0,HOA,MONO,3.0,-0.5,0.5,0.05520220336228377,0.05403906164496275,0.011926814652833352,0.008594353620267423,0.0013105612277152536,0.004934625928581663,0.0034596864881289648
supplemental-2-8164d718635644c8aa3ce34f5e09a59e,S2_R6_LB_AL2395_C0_HOA_MONO_EPD3,S2_R6_LB_AL2395_C0_HOA_EPD3,LB_AL2395,C0,HOA,MONO,3.0,-0.625,0.375,0.06276277850802374,0.05884638545733295,0.0038481801788569055,0.005913353008534137,0.008216713163953553,0.007301568619488431,0.005604372213426768
supplemental-2-8164d718635644c8aa3ce34f5e09a59e,S2_R6_LB_AL2395_C0_HOA_MONO_EPD3,S2_R6_LB_AL2395_C0_HOA_EPD3,LB_AL2395,C0,HOA,MONO,3.0,-0.75,0.25,0.06959198403733291,0.05760631575326561,0.010886873090973597,0.013119393597716323,0.006272651782029292,6.588433209633793e-05,0.002165812538114284
supplemental-2-8164d718635644c8aa3ce34f5e09a59e,S2_R6_LB_AL2395_C0_HOA_MONO_EPD3,S2_R6_LB_AL2395_C0_HOA_EPD3,LB_AL2395,C0,HOA,MONO,3.0,-0.875,0.125,0.08237326432285177,0.061235309076014904,0.011613256490662603,0.0041901700636136205,0.008656599581959658,0.010317854036150285,0.008661555055191398
supplemental-2-8164d718635644c8aa3ce34f5e09a59e,S2_R6_LB_AL2395_C0_HOA_MONO_EPD3,S2_R6_LB_AL2395_C0_HOA_EPD3,LB_AL2395,C0,HOA,MONO,3.0,-1.0,0.0,0.09908481957691989,0.08520559725431924,0.05478362156404441,0.004778319387599817,0.011786144345677693,0.008687971670409283,0.008295876025999528
supplemental-2-8164d718635644c8aa3ce34f5e09a59e,S2_R6_LB_AL2395_C0_HOA_MONO_EPD3,S2_R6_LB_AL2395_C0_HOA_EPD3,LB_AL2395,C0,HOA,MONO,3.0,-1.125,-0.125,0.1227432071542985,0.14454088801078993,0.09079169583785261,0.039066807068266686,0.006127770442650788,0.0037513065910916073,0.0036992905550590626
supplemental-2-8164d718635644c8aa3ce34f5e09a59e,S2_R6_LB_AL2395_C0_HOA_MONO_EPD3,S2_R6_LB_AL2395_C0_HOA_EPD3,LB_AL2395,C0,HOA,MONO,3.0,-1.25,-0.25,0.16681312426513314,0.2457526745417817,0.11502734088898868,0.08234408164402475,0.049451746824897454,0.030444470564270847,0.021176695676685106
supplemental-2-8164d718635644c8aa3ce34f5e09a59e,S2_R6_LB_AL2395_C0_HOA_MONO_EPD3,S2_R6_LB_AL2395_C0_HOA_EPD3,LB_AL2395,C0,HOA,MONO,3.0,-1.375,-0.375,0.202133439379132,0.38360103161274156,0.16832591797560867,0.1062628582744105,0.05685404677819589,0.020114065921820804,0.00042903675243712193
supplemental-2-8164d718635644c8aa3ce34f5e09a59e,S2_R6_LB_AL2395_C0_HOA_MONO_EPD3,S2_R6_LB_AL2395_C0_HOA_EPD3,LB_AL2395,C0,HOA,MONO,3.0,-1.5,-0.5,0.2777307404410104,0.5385001454341828,0.2948448394819389,0.1912161136220441,0.11283086384293481,0.04508373263750752,0.002898080501856849
supplemental-2-8164d718635644c8aa3ce34f5e09a59e,S2_R6_LB_AL2395_C0_HOA_MONO_EPD3,S2_R6_LB_AL2395_C0_HOA_EPD3,LB_AL2395,C0,HOA,MONO,3.0,-1.625,-0.625,0.43060382486398235,0.6797493960440862,0.4717106605366889,0.3682570388375819,0.2934284433395644,0.21462948130702214,0.12550134061824805
supplemental-2-8164d718635644c8aa3ce34f5e09a59e,S2_R6_LB_AL2395_C0_HOA_MONO_EPD3,S2_R6_LB_AL2395_C0_HOA_EPD3,LB_AL2395,C0,HOA,MONO,3.0,-1.75,-0.75,0.5321454665681954,0.7729588303827887,0.5914760725417694,0.4744524563065673,0.39404667712226876,0.3334699832333349,0.2631520237546953
supplemental-2-8164d718635644c8aa3ce34f5e09a59e,S2_R6_LB_AL2395_C0_HOA_MONO_EPD3,S2_R6_LB_AL2395_C0_HOA_EPD3,LB_AL2395,C0,HOA,MONO,3.0,-1.875,-0.875,0.44562162095933044,0.7898757762855794,0.5396271015033772,0.3345729402776534,0.2216765278633007,0.1957754253474166,0.20790080143431816
supplemental-2-8164d718635644c8aa3ce34f5e09a59e,S2_R6_LB_AL2395_C0_HOA_MONO_EPD3,S2_R6_LB_AL2395_C0_HOA_EPD3,LB_AL2395,C0,HOA,MONO,3.0,-2.0,-1.0,0.26607151255490524,0.7175447613858362,0.3067461227908152,0.05032755807509898,0.011411463523919245,0.0046595935156119,0.04693008392443869
supplemental-2-8164d718635644c8aa3ce34f5e09a59e,S2_R6_LB_AL2395_C0_HOA_MONO_EPD3,S2_R6_LB_AL2395_C0_HOA_EPD3,LB_AL2395,C0,HOA,MONO,3.0,-2.125,-1.125,0.20498779379864968,0.5636843336479574,0.02118769577930884,0.09220204038687749,0.024194545090023976,0.0006729136604019526,0.005404227504108356
supplemental-2-8164d718635644c8aa3ce34f5e09a59e,S2_R6_LB_AL2395_C0_HOA_MONO_EPD3,S2_R6_LB_AL2395_C0_HOA_EPD3,LB_AL2395,C0,HOA,MONO,3.0,-2.25,-1.25,0.1861870667053124,0.3561461051268832,0.14571012315567103,0.008883797383594282,0.06891200753458104,0.05475835915528801,0.029890067195960063
supplemental-2-8164d718635644c8aa3ce34f5e09a59e,S2_R6_LB_AL2395_C0_HOA_MONO_EPD3,S2_R6_LB_AL2395_C0_HOA_EPD3,LB_AL2395,C0,HOA,MONO,3.0,-2.375,-1.375,0.15792031056125658,0.13623552612108245,0.1216345886775571,0.09369918039512332,0.04387039313880136,0.016303805550885543,0.022392881252014548
supplemental-2-8164d718635644c8aa3ce34f5e09a59e,S2_R6_LB_AL2395_C0_HOA_MONO_EPD3,S2_R6_LB_AL2395_C0_HOA_EPD3,LB_AL2395,C0,HOA,MONO,3.0,-2.5,-1.5,0.13400655609323933,0.05229129623404468,0.012580116175030449,0.05330325660244243,0.02686926244584182,0.01713679937301071,0.0077990876235799825
supplemental-2-8164d718635644c8aa3ce34f5e09a59e,S2_R6_LB_AL2395_C0_HOA_MONO_EPD3,S2_R6_LB_AL2395_C0_HOA_EPD3,LB_AL2395,C0,HOA,MONO,3.0,-2.625,-1.625,0.11526725731998026,0.17519339557416572,0.10835822379151726,0.03588242244147439,0.008061976056893003,0.009215779762594151,5.095406714530987e-05
supplemental-2-8164d718635644c8aa3ce34f5e09a59e,S2_R6_LB_AL2395_C0_HOA_MONO_EPD3,S2_R6_LB_AL2395_C0_HOA_EPD3,LB_AL2395,C0,HOA,MONO,3.0,-2.75,-1.75,0.10556349673488494,0.21688076346763005,0.08731049920225403,0.032238783335904964,0.025624750904386727,0.012218629729849606,0.010071640621288167
supplemental-2-8164d718635644c8aa3ce34f5e09a59e,S2_R6_LB_AL2395_C0_HOA_MONO_EPD3,S2_R6_LB_AL2395_C0_HOA_EPD3,LB_AL2395,C0,HOA,MONO,3.0,-2.875,-1.875,0.09241578402156186,0.18380824097634335,0.0033657735157699735,0.025102354331396376,0.0006461227862079393,0.007834906200092733,0.002367734634123002
supplemental-2-8164d718635644c8aa3ce34f5e09a59e,S2_R6_LB_AL2395_C0_HOA_MONO_EPD3,S2_R6_LB_AL2395_C0_HOA_EPD3,LB_AL2395,C0,HOA,MONO,3.0,-3.0,-2.0,0.0832989479763606,0.10109966620130986,0.06144631414980036,0.026774917280274868,0.01380379856354158,0.0006121267341767472,0.003924325568870109
supplemental-2-8164d718635644c8aa3ce34f5e09a59e,S2_R6_LB_AL2395_C0_HOA_MONO_EPD3,S2_R6_LB_AL2395_C0_HOA_EPD3,LB_AL2395,C0,HOA,MONO,3.0,-3.125,-2.125,0.07697249001079755,0.003675031887482618,0.04001743116428481,0.013443764833038392,0.007331691523436988,0.00819340610128492,0.0055072324063633726
supplemental-2-8164d718635644c8aa3ce34f5e09a59e,S2_R6_LB_AL2395_C0_HOA_MONO_EPD3,S2_R6_LB_AL2395_C0_HOA_EPD3,LB_AL2395,C0,HOA,MONO,3.0,-3.25,-2.25,0.06934824748096902,0.07507440075595163,0.01788977648056866,0.016247838144847086,0.006897005534928924,0.004121291685543417,0.0019512037803611484
supplemental-2-8164d718635644c8aa3ce34f5e09a59e,S2_R6_LB_AL2395_C0_HOA_MONO_EPD3,S2_R6_LB_AL2395_C0_HOA_EPD3,LB_AL2395,C0,HOA,MONO,3.0,-3.375,-2.375,0.06372615311870228,0.11319230596108418,0.04250329726346521,0.011939832140955235,0.008214627179532833,0.0032353890611832746,0.0028681625132326864
supplemental-2-8164d718635644c8aa3ce34f5e09a59e,S2_R6_LB_AL2395_C0_HOA_MONO_EPD3,S2_R6_LB_AL2395_C0_HOA_EPD3,LB_AL2395,C0,HOA,MONO,3.0,-3.5,-2.5,0.05961984038534172,0.10554427254703093,0.015707030280684205,0.01291628747550189,0.0002951486760206947,0.004921295809083818,0.00221987208206946
supplemental-2-8164d718635644c8aa3ce34f5e09a59e,S2_R6_LB_AL2395_C0_HOA_MONO_EPD3,S2_R6_LB_AL2395_C0_HOA_EPD3,LB_AL2395,C0,HOA,MONO,3.0,-3.625,-2.625,0.05465350292427853,0.06311082946279624,0.02098324595174637,0.00788735120571609,0.008198974849115945,0.0007066324915242858,0.00249882023967537
supplemental-2-8164d718635644c8aa3ce34f5e09a59e,S2_R6_LB_AL2395_C0_HOA_MONO_EPD3,S2_R6_LB_AL2395_C0_HOA_EPD3,LB_AL2395,C0,HOA,MONO,3.0,-3.75,-2.75,0.05143522739905288,0.007019551054799233,0.024495821050743414,0.007128799552775206,0.002613322192258975,0.0025392151287129566,0.002020279968823566
supplemental-2-8164d718635644c8aa3ce34f5e09a59e,S2_R6_LB_AL2395_C0_HOA_MONO_EPD3,S2_R6_LB_AL2395_C0_HOA_EPD3,LB_AL2395,C0,HOA,MONO,3.0,-3.875,-2.875,0.047016983975888944,0.04021241831490926,0.0015051760870660729,0.00809093962305666,0.004024609322476231,0.0034160593493735196,0.00018586793322133724
supplemental-2-8164d718635644c8aa3ce34f5e09a59e,S2_R6_LB_AL2395_C0_HOA_MONO_EPD3,S2_R6_LB_AL2395_C0_HOA_EPD3,LB_AL2395,C0,HOA,MONO,3.0,-4.0,-3.0,0.04459505531976309,0.06291064959170142,0.020307919401932627,0.004771182324284987,0.00453835343305205,0.0005853230551522763,0.0020019030589599742
supplemental-2-8164d718635644c8aa3ce34f5e09a59e,S2_R6_LB_AL2395_C0_HOA_MONO_EPD3,S2_R6_LB_AL2395_C0_HOA_EPD3,LB_AL2395,C0,HOA,MONO,3.0,-4.125,-3.125,0.043005692967607416,0.05686668595632923,0.011111406402094008,0.007714849343442915,0.0009831368146568597,0.0026086462319370703,0.0018664942009057868
supplemental-2-8164d718635644c8aa3ce34f5e09a59e,S2_R6_LB_AL2395_C0_HOA_MONO_EPD3,S2_R6_LB_AL2395_C0_HOA_EPD3,LB_AL2395,C0,HOA,MONO,3.0,-4.25,-3.25,0.04026059696599588,0.02939364764986844,0.009653778890969422,0.0032988486267349023,0.0034812422911919103,0.001283564212755684,0.0016478969482982126
supplemental-2-8164d718635644c8aa3ce34f5e09a59e,S2_R6_LB_AL2395_C0_HOA_MONO_EPD3,S2_R6_LB_AL2395_C0_HOA_EPD3,LB_AL2395,C0,HOA,MONO,3.0,-4.375,-3.375,0.03828530138662871,0.0051136064971040954,0.014750888046593736,0.007084040372007889,0.0023554686024555528,4.4237851316791615e-05,0.0019009540966567497
supplemental-2-8164d718635644c8aa3ce34f5e09a59e,S2_R6_LB_AL2395_C0_HOA_MONO_EPD3,S2_R6_LB_AL2395_C0_HOA_EPD3,LB_AL2395,C0,HOA,MONO,3.0,-4.5,-3.5,0.0361448602790342,0.031754551959079946,0.0008968402840974652,0.002469899131623362,0.0026650538268715145,0.0029233473596514577,0.0002919423621358253
supplemental-2-8164d718635644c8aa3ce34f5e09a59e,S2_R6_LB_AL2395_C0_HOA_MONO_EPD3,S2_R6_LB_AL2395_C0_HOA_EPD3,LB_AL2395,C0,HOA,MONO,3.0,-4.625,-3.625,0.03404342053237112,0.04095824545590447,0.011376630308367516,0.005759320935279915,0.0028880168763012423,0.0010031222568425114,0.0014628186831721808
supplemental-2-8164d718635644c8aa3ce34f5e09a59e,S2_R6_LB_AL2395_C0_HOA_MONO_EPD3,S2_R6_LB_AL2395_C0_HOA_EPD3,LB_AL2395,C0,HOA,MONO,3.0,-4.75,-3.75,0.03211763210836844,0.03162915416328589,0.007150573015641229,0.0011777231567268597,0.0007267556261702484,0.0018280157556689798,0.0011214402770294972
supplemental-2-8164d718635644c8aa3ce34f5e09a59e,S2_R6_LB_AL2395_C0_HOA_MONO_EPD3,S2_R6_LB_AL2395_C0_HOA_EPD3,LB_AL2395,C0,HOA,MONO,3.0,-4.875,-3.875,0.028824294119329137,0.010461102298992272,0.005117585405344554,0.00485085642827184,0.001782816801715818,0.0018335884872456587,0.0008868667843911571
supplemental-2-8164d718635644c8aa3ce34f5e09a59e,S2_R6_LB_AL2395_C0_HOA_MONO_EPD3,S2_R6_LB_AL2395_C0_HOA_EPD3,LB_AL2395,C0,HOA,MONO,3.0,-5.0,-4.0,0.029033956436441178,0.011819835544919964,0.007980599253564999,0.00024184670821195164,0.0017999393613287041,9.823661641341732e-05,0.002080790952945106
supplemental-2-8164d718635644c8aa3ce34f5e09a59e,S2_R6_LB_AL2395_C0_HOA_EDOF_EPD3,S2_R6_LB_AL2395_C0_HOA_EPD3,LB_AL2395,C0,HOA,EDOF,3.0,1.0,0.0,0.06516001692096873,0.09934864165357507,0.05929083210650371,0.04010075512750265,0.021936436531717635,0.03578622878990923,0.019231981795769536
supplemental-2-8164d718635644c8aa3ce34f5e09a59e,S2_R6_LB_AL2395_C0_HOA_EDOF_EPD3,S2_R6_LB_AL2395_C0_HOA_EPD3,LB_AL2395,C0,HOA,EDOF,3.0,0.875,-0.125,0.060223458160764895,0.12311814442491932,0.04641203961113002,0.04518958770627205,0.014050653933050165,0.032666066311003744,0.013952197434412263
supplemental-2-8164d718635644c8aa3ce34f5e09a59e,S2_R6_LB_AL2395_C0_HOA_EDOF_EPD3,S2_R6_LB_AL2395_C0_HOA_EPD3,LB_AL2395,C0,HOA,EDOF,3.0,0.75,-0.25,0.05711330384644635,0.13208755519322662,0.02875049253315614,0.03711100216765293,0.027748089546136986,0.03318127521431758,0.011155754978761099
supplemental-2-8164d718635644c8aa3ce34f5e09a59e,S2_R6_LB_AL2395_C0_HOA_EDOF_EPD3,S2_R6_LB_AL2395_C0_HOA_EPD3,LB_AL2395,C0,HOA,EDOF,3.0,0.625,-0.375,0.056637607445282234,0.12054473517684065,0.012987540067115829,0.020793081786011525,0.03026962022542544,0.035453266176467095,0.011435785322283237
supplemental-2-8164d718635644c8aa3ce34f5e09a59e,S2_R6_LB_AL2395_C0_HOA_EDOF_EPD3,S2_R6_LB_AL2395_C0_HOA_EPD3,LB_AL2395,C0,HOA,EDOF,3.0,0.5,-0.5,0.05384518957308405,0.0888540428667295,0.002768343261521979,0.005797770064737304,0.01074576045747554,0.03286825057073466,0.009964234349721792
supplemental-2-8164d718635644c8aa3ce34f5e09a59e,S2_R6_LB_AL2395_C0_HOA_EDOF_EPD3,S2_R6_LB_AL2395_C0_HOA_EPD3,LB_AL2395,C0,HOA,EDOF,3.0,0.375,-0.625,0.04823398872140434,0.043992764289556535,0.0012848517116720514,0.005303459275023688,0.004913664840250243,0.02722300249067738,0.007295245002298482
supplemental-2-8164d718635644c8aa3ce34f5e09a59e,S2_R6_LB_AL2395_C0_HOA_EDOF_EPD3,S2_R6_LB_AL2395_C0_HOA_EPD3,LB_AL2395,C0,HOA,EDOF,3.0,0.25,-0.75,0.04546572252594062,0.0020153948352139694,0.011602511961318628,0.015290701737862952,0.02213067836708905,0.0225145106286656,0.007972298103625831
supplemental-2-8164d718635644c8aa3ce34f5e09a59e,S2_R6_LB_AL2395_C0_HOA_EDOF_EPD3,S2_R6_LB_AL2395_C0_HOA_EPD3,LB_AL2395,C0,HOA,EDOF,3.0,0.125,-0.875,0.047010470063270686,0.03561109902969296,0.03090970933708329,0.014063073739740958,0.026585391509043918,0.019190186450239566,0.011468295253947635
supplemental-2-8164d718635644c8aa3ce34f5e09a59e,S2_R6_LB_AL2395_C0_HOA_EDOF_EPD3,S2_R6_LB_AL2395_C0_HOA_EPD3,LB_AL2395,C0,HOA,EDOF,3.0,0.0,-1.0,0.04705761668763327,0.04625949461374653,0.04583115249557358,0.0017551714343871966,0.008166724624927887,0.015275593114175002,0.012279252511850455
supplemental-2-8164d718635644c8aa3ce34f5e09a59e,S2_R6_LB_AL2395_C0_HOA_EDOF_EPD3,S2_R6_LB_AL2395_C0_HOA_EPD3,LB_AL2395,C0,HOA,EDOF,3.0,-0.125,-1.125,0.04415517232773827,0.030542595200457337,0.03960114784303443,0.00682496296700487,0.0014743036245463447,0.0062268608856499786,0.007538338807292529
supplemental-2-8164d718635644c8aa3ce34f5e09a59e,S2_R6_LB_AL2395_C0_HOA_EDOF_EPD3,S2_R6_LB_AL2395_C0_HOA_EPD3,LB_AL2395,C0,HOA,EDOF,3.0,-0.25,-1.25,0.045354255062273946,0.00643834058487616,0.008436707123152528,0.029862153305126433,0.009175344856069733,0.006190892695255546,0.0011711977838007573
supplemental-2-8164d718635644c8aa3ce34f5e09a59e,S2_R6_LB_AL2395_C0_HOA_EDOF_EPD3,S2_R6_LB_AL2395_C0_HOA_EPD3,LB_AL2395,C0,HOA,EDOF,3.0,-0.375,-1.375,0.0478228551769055,0.05138059238765935,0.029569774225097482,0.02706800446805177,0.015162645055018135,0.013149838504011118,0.0015145541303255238
supplemental-2-8164d718635644c8aa3ce34f5e09a59e,S2_R6_LB_AL2395_C0_HOA_EDOF_EPD3,S2_R6_LB_AL2395_C0_HOA_EPD3,LB_AL2395,C0,HOA,EDOF,3.0,-0.5,-1.5,0.04954022845457321,0.0882750552679862,0.045038388923064714,0.011027037432553434,0.0036830150020936508,0.01573801068879063,0.0027774073447269635
supplemental-2-8164d718635644c8aa3ce34f5e09a59e,S2_R6_LB_AL2395_C0_HOA_EDOF_EPD3,S2_R6_LB_AL2395_C0_HOA_EPD3,LB_AL2395,C0,HOA,EDOF,3.0,-0.625,-1.625,0.052096632011405596,0.1031561400862657,0.02311565384374523,0.026827901654952354,0.00636859530960999,0.01898955059912152,0.0035731343666039537
supplemental-2-8164d718635644c8aa3ce34f5e09a59e,S2_R6_LB_AL2395_C0_HOA_EDOF_EPD3,S2_R6_LB_AL2395_C0_HOA_EPD3,LB_AL2395,C0,HOA,EDOF,3.0,-0.75,-1.75,0.05344886106649387,0.08969550059552514,0.022753096195314813,0.010335958377355877,0.0027493205654424316,0.012665146168708346,0.003163001143284451
supplemental-2-8164d718635644c8aa3ce34f5e09a59e,S2_R6_LB_AL2395_C0_HOA_EDOF_EPD3,S2_R6_LB_AL2395_C0_HOA_EPD3,LB_AL2395,C0,HOA,EDOF,3.0,-0.875,-1.875,0.0615879069390727,0.05218129255569672,0.06177822035674207,0.04204015324523743,0.021955082535174537,0.00408870884064442,0.01456808499785552
supplemental-2-8164d718635644c8aa3ce34f5e09a59e,S2_R6_LB_AL2395_C0_HOA_EDOF_EPD3,S2_R6_LB_AL2395_C0_HOA_EPD3,LB_AL2395,C0,HOA,EDOF,3.0,-1.0,-2.0,0.06466190564296025,0.004878814898236295,0.07130022029722008,0.019612200095251997,0.029219127227714112,0.010249133210516551,0.01406622169960013
supplemental-2-8164d718635644c8aa3ce34f5e09a59e,S2_R6_LB_AL2395_C0_HOA_EDOF_EPD3,S2_R6_LB_AL2395_C0_HOA_EPD3,LB_AL2395,C0,HOA,EDOF,3.0,-1.125,-2.125,0.06335390653765503,0.03296032489074018,0.051144582599534916,0.005971565924831118,0.02078006286591332,0.006712781787608526,0.00216868346858833
supplemental-2-8164d718635644c8aa3ce34f5e09a59e,S2_R6_LB_AL2395_C0_HOA_EDOF_EPD3,S2_R6_LB_AL2395_C0_HOA_EPD3,LB_AL2395,C0,HOA,EDOF,3.0,-1.25,-2.25,0.06605771740649312,0.04124138408824214,0.019138014298775194,0.0205839585990471,0.014244637212486222,0.016459499040746294,0.004161776481796962
supplemental-2-8164d718635644c8aa3ce34f5e09a59e,S2_R6_LB_AL2395_C0_HOA_EDOF_EPD3,S2_R6_LB_AL2395_C0_HOA_EPD3,LB_AL2395,C0,HOA,EDOF,3.0,-1.375,-2.375,0.06986273019392002,0.010249579177136424,0.00574170816399151,0.04649676726525833,0.016431723458669528,0.024371845372341393,0.00899705459237352
supplemental-2-8164d718635644c8aa3ce34f5e09a59e,S2_R6_LB_AL2395_C0_HOA_EDOF_EPD3,S2_R6_LB_AL2395_C0_HOA_EPD3,LB_AL2395,C0,HOA,EDOF,3.0,-1.5,-2.5,0.07347608614440827,0.058088912749611414,0.009352039704617102,0.009233590783480676,0.012711708633924011,0.00852903718390206,0.02305496842598242
supplemental-2-8164d718635644c8aa3ce34f5e09a59e,S2_R6_LB_AL2395_C0_HOA_EDOF_EPD3,S2_R6_LB_AL2395_C0_HOA_EPD3,LB_AL2395,C0,HOA,EDOF,3.0,-1.625,-2.625,0.08891807687285236,0.14909029397637172,0.019051103856316698,0.025973074599892,0.009823657722138264,0.001655903063083879,0.02095790036415473
supplemental-2-8164d718635644c8aa3ce34f5e09a59e,S2_R6_LB_AL2395_C0_HOA_EDOF_EPD3,S2_R6_LB_AL2395_C0_HOA_EPD3,LB_AL2395,C0,HOA,EDOF,3.0,-1.75,-2.75,0.13117037470238987,0.23943752691531361,0.08214545049771,0.04072846919056228,0.042325284690213,0.03785665883536891,0.028256522152368718
supplemental-2-8164d718635644c8aa3ce34f5e09a59e,S2_R6_LB_AL2395_C0_HOA_EDOF_EPD3,S2_R6_LB_AL2395_C0_HOA_EPD3,LB_AL2395,C0,HOA,EDOF,3.0,-1.875,-2.875,0.19509531666680727,0.304316919290104,0.16134969856582612,0.1592543142330203,0.10346737683889047,0.08520132120999348,0.09707577733673299
supplemental-2-8164d718635644c8aa3ce34f5e09a59e,S2_R6_LB_AL2395_C0_HOA_EDOF_EPD3,S2_R6_LB_AL2395_C0_HOA_EPD3,LB_AL2395,C0,HOA,EDOF,3.0,-2.0,-3.0,0.21904779415784054,0.3254431395710106,0.21395934489401627,0.18557089807235777,0.1299199752160119,0.09522510884424773,0.11957495387857166
supplemental-2-8164d718635644c8aa3ce34f5e09a59e,S2_R6_LB_AL2395_C0_HOA_EDOF_EPD3,S2_R6_LB_AL2395_C0_HOA_EPD3,LB_AL2395,C0,HOA,EDOF,3.0,-2.125,-3.125,0.1837563969357711,0.29711520947352843,0.1981005403083387,0.10048565136933368,0.09584063586655805,0.06353102921625454,0.07632917174429973
supplemental-2-8164d718635644c8aa3ce34f5e09a59e,S2_R6_LB_AL2395_C0_HOA_EDOF_EPD3,S2_R6_LB_AL2395_C0_HOA_EPD3,LB_AL2395,C0,HOA,EDOF,3.0,-2.25,-3.25,0.12652236593222937,0.22761920134071703,0.11060225766232908,0.02465956188621841,0.05354467301219216,0.01833683510553799,0.021938715306432936
supplemental-2-8164d718635644c8aa3ce34f5e09a59e,S2_R6_LB_AL2395_C0_HOA_EDOF_EPD3,S2_R6_LB_AL2395_C0_HOA_EPD3,LB_AL2395,C0,HOA,EDOF,3.0,-2.375,-3.375,0.09014336162521418,0.136970897808596,0.0018126821111202115,0.020709705933901097,0.04263748001257339,0.0058283842036625025,0.010802828611784885
supplemental-2-8164d718635644c8aa3ce34f5e09a59e,S2_R6_LB_AL2395_C0_HOA_EDOF_EPD3,S2_R6_LB_AL2395_C0_HOA_EPD3,LB_AL2395,C0,HOA,EDOF,3.0,-2.5,-3.5,0.08140282966620975,0.049867982090183983,0.059025507987145856,0.026217405906482718,0.035867673095946934,0.0009844658092751815,0.02621836301466678
supplemental-2-8164d718635644c8aa3ce34f5e09a59e,S2_R6_LB_AL2395_C0_HOA_EDOF_EPD3,S2_R6_LB_AL2395_C0_HOA_EPD3,LB_AL2395,C0,HOA,EDOF,3.0,-2.625,-3.625,0.0673466746914231,0.012216110282379405,0.03982011926674942,0.00043818437966113304,0.012599865284067846,0.009611062658718847,0.02460210585731272
supplemental-2-8164d718635644c8aa3ce34f5e09a59e,S2_R6_LB_AL2395_C0_HOA_EDOF_EPD3,S2_R6_LB_AL2395_C0_HOA_EPD3,LB_AL2395,C0,HOA,EDOF,3.0,-2.75,-3.75,0.05968856420907443,0.037589577176204654,0.02883355071575716,0.009772636287519005,0.003124124051384769,0.006206512376614546,0.009991322529373887
supplemental-2-8164d718635644c8aa3ce34f5e09a59e,S2_R6_LB_AL2395_C0_HOA_EDOF_EPD3,S2_R6_LB_AL2395_C0_HOA_EPD3,LB_AL2395,C0,HOA,EDOF,3.0,-2.875,-3.875,0.07250934916657986,0.027328892674779257,0.08401816637886567,0.02654378182999043,0.02281334919413819,0.0185093998648834,0.004468265653623381
supplemental-2-8164d718635644c8aa3ce34f5e09a59e,S2_R6_LB_AL2395_C0_HOA_EDOF_EPD3,S2_R6_LB_AL2395_C0_HOA_EPD3,LB_AL2395,C0,HOA,EDOF,3.0,-3.0,-4.0,0.08279900009935609,0.0067467855639698655,0.08657306880691092,0.054946681472874424,0.037759815501911626,0.043349107957986244,0.0011215973104316645
supplemental-2-8164d718635644c8aa3ce34f5e09a59e,S2_R6_LB_AL2395_C0_HOA_EDOF_EPD3,S2_R6_LB_AL2395_C0_HOA_EPD3,LB_AL2395,C0,HOA,EDOF,3.0,-3.125,-4.125,0.07308046224512935,0.04681340093178524,0.04864959717369645,0.03696671959114677,0.02615071372049716,0.03624923477138056,0.00010994430550754749
supplemental-2-8164d718635644c8aa3ce34f5e09a59e,S2_R6_LB_AL2395_C0_HOA_EDOF_EPD3,S2_R6_LB_AL2395_C0_HOA_EPD3,LB_AL2395,C0,HOA,EDOF,3.0,-3.25,-4.25,0.055672218122443926,0.07618815264312356,0.011370011906062948,0.010232453552781568,0.00940256258203526,0.0036822796905201446,0.014820614661782975
supplemental-2-8164d718635644c8aa3ce34f5e09a59e,S2_R6_LB_AL2395_C0_HOA_EDOF_EPD3,S2_R6_LB_AL2395_C0_HOA_EPD3,LB_AL2395,C0,HOA,EDOF,3.0,-3.375,-4.375,0.04931204274388199,0.08498713415596892,0.0017507684307501818,0.010856505402136495,0.00493841324205287,0.004728516930709512,0.02289715492762832
supplemental-2-8164d718635644c8aa3ce34f5e09a59e,S2_R6_LB_AL2395_C0_HOA_EDOF_EPD3,S2_R6_LB_AL2395_C0_HOA_EPD3,LB_AL2395,C0,HOA,EDOF,3.0,-3.5,-4.5,0.04676366139351747,0.07283760262840303,0.01321297387518661,0.017668304418021558,0.0032029525921132194,0.005980095891192999,0.004034396600055297
supplemental-2-8164d718635644c8aa3ce34f5e09a59e,S2_R6_LB_AL2395_C0_HOA_EDOF_EPD3,S2_R6_LB_AL2395_C0_HOA_EPD3,LB_AL2395,C0,HOA,EDOF,3.0,-3.625,-4.625,0.044021586751798084,0.04741012229440237,0.02228829222185144,0.009110622386859989,0.0009715867912223167,0.0036171680209451445,0.0059459866458645115
supplemental-2-8164d718635644c8aa3ce34f5e09a59e,S2_R6_LB_AL2395_C0_HOA_EDOF_EPD3,S2_R6_LB_AL2395_C0_HOA_EPD3,LB_AL2395,C0,HOA,EDOF,3.0,-3.75,-4.75,0.04070642481434724,0.020524428892140758,0.01639334153962531,0.004043944801744451,0.00026024011747510914,0.02319940900590201,0.012871013053976864
supplemental-2-8164d718635644c8aa3ce34f5e09a59e,S2_R6_LB_AL2395_C0_HOA_EDOF_EPD3,S2_R6_LB_AL2395_C0_HOA_EPD3,LB_AL2395,C0,HOA,EDOF,3.0,-3.875,-4.875,0.040454967134862733,0.002697355155240582,0.0035731498669790748,0.015423540994349552,0.0030837655001505378,0.018958003204899723,0.01895731932443212
supplemental-2-8164d718635644c8aa3ce34f5e09a59e,S2_R6_LB_AL2395_C0_HOA_EDOF_EPD3,S2_R6_LB_AL2395_C0_HOA_EPD3,LB_AL2395,C0,HOA,EDOF,3.0,-4.0,-5.0,0.04203145232609838,0.0009940070182497688,0.00022913821882187554,0.023563626755810023,0.001735265537529641,0.006077109750584584,0.00015243385322644506
supplemental-2-8164d718635644c8aa3ce34f5e09a59e,S2_R6_LB_AL2395_C0_HOA_EDOF_EPD3,S2_R6_LB_AL2395_C0_HOA_EPD3,LB_AL2395,C0,HOA,EDOF,3.0,-4.125,-5.125,0.04307301209056128,0.0077181996032736275,0.014290141143535218,0.018775646029967202,0.0016148357309809895,0.02876152618504785,0.004301865854847244
supplemental-2-8164d718635644c8aa3ce34f5e09a59e,S2_R6_LB_AL2395_C0_HOA_EDOF_EPD3,S2_R6_LB_AL2395_C0_HOA_EPD3,LB_AL2395,C0,HOA,EDOF,3.0,-4.25,-5.25,0.04647031040100819,0.02183480303174968,0.037556642765852855,0.017117095459637188,0.009812509040017936,0.0354492125119007,0.0098235249918488
supplemental-2-8164d718635644c8aa3ce34f5e09a59e,S2_R6_LB_AL2395_C0_HOA_EDOF_EPD3,S2_R6_LB_AL2395_C0_HOA_EPD3,LB_AL2395,C0,HOA,EDOF,3.0,-4.375,-5.375,0.047024452052814136,0.0330168816962248,0.052011536413114165,0.02211550348228924,0.018027013368242032,0.022592634477857455,0.010029516227869245
supplemental-2-8164d718635644c8aa3ce34f5e09a59e,S2_R6_LB_AL2395_C0_HOA_EDOF_EPD3,S2_R6_LB_AL2395_C0_HOA_EPD3,LB_AL2395,C0,HOA,EDOF,3.0,-4.5,-5.5,0.039895211619443226,0.0356235346330769,0.04284794612787901,0.016712641190151308,0.016556426732746536,0.001838090777256599,0.0006723762343939837
supplemental-2-8164d718635644c8aa3ce34f5e09a59e,S2_R6_LB_AL2395_C0_HOA_EDOF_EPD3,S2_R6_LB_AL2395_C0_HOA_EPD3,LB_AL2395,C0,HOA,EDOF,3.0,-4.625,-5.625,0.03254955051447819,0.02909816155228759,0.011295151541308276,0.0006964939926052468,0.008686833472716574,0.00936565033242122,0.002082336502166027
supplemental-2-8164d718635644c8aa3ce34f5e09a59e,S2_R6_LB_AL2395_C0_HOA_EDOF_EPD3,S2_R6_LB_AL2395_C0_HOA_EPD3,LB_AL2395,C0,HOA,EDOF,3.0,-4.75,-5.75,0.031520028754641924,0.01788803210503385,0.0223633624813892,0.006309570370105641,7.018684910220594e-05,0.011099011731224403,0.005335687514783813
supplemental-2-8164d718635644c8aa3ce34f5e09a59e,S2_R6_LB_AL2395_C0_HOA_EDOF_EPD3,S2_R6_LB_AL2395_C0_HOA_EPD3,LB_AL2395,C0,HOA,EDOF,3.0,-4.875,-5.875,0.0315046943838394,0.008994150130248667,0.03309602590311556,0.0011170666418807158,0.009185552448208619,0.011310666811173351,0.00138746305671092
supplemental-2-8164d718635644c8aa3ce34f5e09a59e,S2_R6_LB_AL2395_C0_HOA_EDOF_EPD3,S2_R6_LB_AL2395_C0_HOA_EPD3,LB_AL2395,C0,HOA,EDOF,3.0,-5.0,-6.0,0.030463999364234395,0.008084852491799861,0.013009775870612625,0.002185115055693279,0.014255543344967321,0.007053297518345153,0.00018448774441693548
supplemental-2-8164d718635644c8aa3ce34f5e09a59e,S2_R6_LB_AL2395_C0_HOA_MONO_EPD5,S2_R6_LB_AL2395_C0_HOA_EPD5,LB_AL2395,C0,HOA,MONO,5.0,1.0,2.0,0.025403613179961614,0.046153291874375085,0.027444780065544197,0.0023754815663657573,0.000987644280686453,0.0009847626465137947,0.0011104372367318643
supplemental-2-8164d718635644c8aa3ce34f5e09a59e,S2_R6_LB_AL2395_C0_HOA_MONO_EPD5,S2_R6_LB_AL2395_C0_HOA_EPD5,LB_AL2395,C0,HOA,MONO,5.0,0.875,1.875,0.027707127158033175,0.025438433575535237,0.02000731463876692,0.002296218679481818,0.0026514928406365834,0.0001261308524824838,0.0011167265399669652
supplemental-2-8164d718635644c8aa3ce34f5e09a59e,S2_R6_LB_AL2395_C0_HOA_MONO_EPD5,S2_R6_LB_AL2395_C0_HOA_EPD5,LB_AL2395,C0,HOA,MONO,5.0,0.75,1.75,0.02830681927277927,0.013856185100706835,0.035213979389080226,0.002946120593690623,0.0018767749944619174,0.0012743332226606056,0.001694421708889231
supplemental-2-8164d718635644c8aa3ce34f5e09a59e,S2_R6_LB_AL2395_C0_HOA_MONO_EPD5,S2_R6_LB_AL2395_C0_HOA_EPD5,LB_AL2395,C0,HOA,MONO,5.0,0.625,1.625,0.029895526758678796,0.04138377821227454,0.015062825422946865,0.01116175540428657,0.0014914377700946614,0.0007732764818430929,0.0005402537245762078
supplemental-2-8164d718635644c8aa3ce34f5e09a59e,S2_R6_LB_AL2395_C0_HOA_MONO_EPD5,S2_R6_LB_AL2395_C0_HOA_EPD5,LB_AL2395,C0,HOA,MONO,5.0,0.5,1.5,0.032274861795361036,0.03627655805517193,0.03769251919884942,0.0158633961670264,0.001016114696093853,0.0008706771218992091,0.0011240961785204903
supplemental-2-8164d718635644c8aa3ce34f5e09a59e,S2_R6_LB_AL2395_C0_HOA_MONO_EPD5,S2_R6_LB_AL2395_C0_HOA_EPD5,LB_AL2395,C0,HOA,MONO,5.0,0.375,1.375,0.03421268583666665,0.005041567258024307,0.004377363813426658,0.009666569644405544,0.0007337075528783298,0.0007265966940940558,0.00031608597206416475
supplemental-2-8164d718635644c8aa3ce34f5e09a59e,S2_R6_LB_AL2395_C0_HOA_MONO_EPD5,S2_R6_LB_AL2395_C0_HOA_EPD5,LB_AL2395,C0,HOA,MONO,5.0,0.25,1.25,0.03559970525955889,0.02456301468716659,0.031203632965528937,0.008228584464839357,0.0008441027176294214,0.0007556064079791707,0.0012472463136314461
supplemental-2-8164d718635644c8aa3ce34f5e09a59e,S2_R6_LB_AL2395_C0_HOA_MONO_EPD5,S2_R6_LB_AL2395_C0_HOA_EPD5,LB_AL2395,C0,HOA,MONO,5.0,0.125,1.125,0.03691976818516805,0.028381855424212787,0.0035856619471590404,0.029989186186815866,0.002257086759859809,0.002262399608732462,0.0011919734094856208
supplemental-2-8164d718635644c8aa3ce34f5e09a59e,S2_R6_LB_AL2395_C0_HOA_MONO_EPD5,S2_R6_LB_AL2395_C0_HOA_EPD5,LB_AL2395,C0,HOA,MONO,5.0,0.0,1.0,0.03825961410570509,0.00730003625955055,0.013190911739984327,0.036888656645037765,0.004556216431043467,0.00038973825199465647,0.0006098308772620594
supplemental-2-8164d718635644c8aa3ce34f5e09a59e,S2_R6_LB_AL2395_C0_HOA_MONO_EPD5,S2_R6_LB_AL2395_C0_HOA_EPD5,LB_AL2395,C0,HOA,MONO,5.0,-0.125,0.875,0.03993178370602303,0.015310544128110472,0.002848028490391558,0.018606836937860007,0.006597139349769794,0.0015743883882198687,0.0014286931897605033
supplemental-2-8164d718635644c8aa3ce34f5e09a59e,S2_R6_LB_AL2395_C0_HOA_MONO_EPD5,S2_R6_LB_AL2395_C0_HOA_EPD5,LB_AL2395,C0,HOA,MONO,5.0,-0.25,0.75,0.044326528689846864,0.01727642332144723,0.00905096498722906,0.01755621207359358,0.0037633667878175948,0.0015686873422656972,0.0008995744698149914
supplemental-2-8164d718635644c8aa3ce34f5e09a59e,S2_R6_LB_AL2395_C0_HOA_MONO_EPD5,S2_R6_LB_AL2395_C0_HOA_EPD5,LB_AL2395,C0,HOA,MONO,5.0,-0.375,0.625,0.04814769386365721,0.00022830714307219978,0.006550646752111901,0.048208740846069756,0.004914062550343697,0.002759759237733702,0.004313986797310299
supplemental-2-8164d718635644c8aa3ce34f5e09a59e,S2_R6_LB_AL2395_C0_HOA_MONO_EPD5,S2_R6_LB_AL2395_C0_HOA_EPD5,LB_AL2395,C0,HOA,MONO,5.0,-0.5,0.5,0.05482986960960217,0.014057342806261301,0.023480435668928927,0.05311443336399452,0.021904566513479756,0.005559798902870485,0.003242571674329335
supplemental-2-8164d718635644c8aa3ce34f5e09a59e,S2_R6_LB_AL2395_C0_HOA_MONO_EPD5,S2_R6_LB_AL2395_C0_HOA_EPD5,LB_AL2395,C0,HOA,MONO,5.0,-0.625,0.375,0.06236265427715368,0.0007675903271989141,0.026208708134264607,0.02684277473371761,0.040485884929073006,0.008990740512307801,0.009346465020443142
supplemental-2-8164d718635644c8aa3ce34f5e09a59e,S2_R6_LB_AL2395_C0_HOA_MONO_EPD5,S2_R6_LB_AL2395_C0_HOA_EPD5,LB_AL2395,C0,HOA,MONO,5.0,-0.75,0.25,0.07593406364339222,0.050358734913590525,0.04363739420711685,0.012033514988377453,0.06620889094954083,0.00863971166788907,0.019648788585529462
supplemental-2-8164d718635644c8aa3ce34f5e09a59e,S2_R6_LB_AL2395_C0_HOA_MONO_EPD5,S2_R6_LB_AL2395_C0_HOA_EPD5,LB_AL2395,C0,HOA,MONO,5.0,-0.875,0.125,0.09955923524363293,0.11995381366602616,0.00861669401346574,0.003123251051713575,0.0626071466230007,0.03270616401840387,0.04301451163428388
supplemental-2-8164d718635644c8aa3ce34f5e09a59e,S2_R6_LB_AL2395_C0_HOA_MONO_EPD5,S2_R6_LB_AL2395_C0_HOA_EPD5,LB_AL2395,C0,HOA,MONO,5.0,-1.0,0.0,0.13783072378939593,0.18776414455294813,0.03578041256230518,0.09072953985888833,0.10522673270995019,0.007806819680166,0.021501045311483797
supplemental-2-8164d718635644c8aa3ce34f5e09a59e,S2_R6_LB_AL2395_C0_HOA_MONO_EPD5,S2_R6_LB_AL2395_C0_HOA_EPD5,LB_AL2395,C0,HOA,MONO,5.0,-1.125,-0.125,0.17868850186778953,0.23924154214052698,0.1847742933216982,0.026113467517716843,0.013830137625124306,0.08391273217119216,0.10720969890469868
supplemental-2-8164d718635644c8aa3ce34f5e09a59e,S2_R6_LB_AL2395_C0_HOA_MONO_EPD5,S2_R6_LB_AL2395_C0_HOA_EPD5,LB_AL2395,C0,HOA,MONO,5.0,-1.25,-0.25,0.19847863616579453,0.2712473851664652,0.20435246979885588,0.13135787322543788,0.07597593409113794,0.035337290873647516,0.02302484254419229
supplemental-2-8164d718635644c8aa3ce34f5e09a59e,S2_R6_LB_AL2395_C0_HOA_MONO_EPD5,S2_R6_LB_AL2395_C0_HOA_EPD5,LB_AL2395,C0,HOA,MONO,5.0,-1.375,-0.375,0.18082588978583355,0.289105574525251,0.09412323833196626,0.10155894871089031,0.07791719357785976,0.019366497267093018,0.03378176521153466
supplemental-2-8164d718635644c8aa3ce34f5e09a59e,S2_R6_LB_AL2395_C0_HOA_MONO_EPD5,S2_R6_LB_AL2395_C0_HOA_EPD5,LB_AL2395,C0,HOA,MONO,5.0,-1.5,-0.5,0.19637345301773337,0.3037961070217844,0.11415460315800928,0.0825644898308461,0.055647663645918416,0.09138481773495687,0.08743843945461413
supplemental-2-8164d718635644c8aa3ce34f5e09a59e,S2_R6_LB_AL2395_C0_HOA_MONO_EPD5,S2_R6_LB_AL2395_C0_HOA_EPD5,LB_AL2395,C0,HOA,MONO,5.0,-1.625,-0.625,0.22771633514318823,0.32771601333305017,0.2345024323648642,0.1595311014765615,0.12088414019621231,0.04380782151069182,0.006333728248356346
supplemental-2-8164d718635644c8aa3ce34f5e09a59e,S2_R6_LB_AL2395_C0_HOA_MONO_EPD5,S2_R6_LB_AL2395_C0_HOA_EPD5,LB_AL2395,C0,HOA,MONO,5.0,-1.75,-0.75,0.2576550916109323,0.36383699311406736,0.2587100788528551,0.16503937847655262,0.1371063395687165,0.1256034310033746,0.08779051397724696
supplemental-2-8164d718635644c8aa3ce34f5e09a59e,S2_R6_LB_AL2395_C0_HOA_MONO_EPD5,S2_R6_LB_AL2395_C0_HOA_EPD5,LB_AL2395,C0,HOA,MONO,5.0,-1.875,-0.875,0.2938189519579831,0.3935420767794443,0.2563585835621014,0.2500877513630194,0.1965081654005492,0.1796686168169537,0.1796283345865869
supplemental-2-8164d718635644c8aa3ce34f5e09a59e,S2_R6_LB_AL2395_C0_HOA_MONO_EPD5,S2_R6_LB_AL2395_C0_HOA_EPD5,LB_AL2395,C0,HOA,MONO,5.0,-2.0,-1.0,0.1631142760969084,0.3798179318742716,0.21345565217646426,0.015217807541552391,0.04018754894516779,0.03733173569328776,0.003388198207998509
supplemental-2-8164d718635644c8aa3ce34f5e09a59e,S2_R6_LB_AL2395_C0_HOA_MONO_EPD5,S2_R6_LB_AL2395_C0_HOA_EPD5,LB_AL2395,C0,HOA,MONO,5.0,-2.125,-1.125,0.11448058335878313,0.29417500748669423,0.01440144893587794,0.02895686220791775,0.015865721737826865,0.015214659441933938,0.004946097308360534
supplemental-2-8164d718635644c8aa3ce34f5e09a59e,S2_R6_LB_AL2395_C0_HOA_MONO_EPD5,S2_R6_LB_AL2395_C0_HOA_EPD5,LB_AL2395,C0,HOA,MONO,5.0,-2.25,-1.25,0.09842698376919183,0.14904451365962412,0.1075534667472815,0.017713242315416475,0.028905593916565955,0.03618655222800361,0.011357549130372046
supplemental-2-8164d718635644c8aa3ce34f5e09a59e,S2_R6_LB_AL2395_C0_HOA_MONO_EPD5,S2_R6_LB_AL2395_C0_HOA_EPD5,LB_AL2395,C0,HOA,MONO,5.0,-2.375,-1.375,0.08088414075656704,0.0014078280898723976,0.032691324920095785,0.060164856708243133,0.001386975392357316,0.011449278701534856,0.007708994731542502
supplemental-2-8164d718635644c8aa3ce34f5e09a59e,S2_R6_LB_AL2395_C0_HOA_MONO_EPD5,S2_R6_LB_AL2395_C0_HOA_EPD5,LB_AL2395,C0,HOA,MONO,5.0,-2.5,-1.5,0.06825001137069271,0.08577858860591348,0.014363424387884292,0.003200125925058373,0.003445974585919318,0.0057770590066540785,0.004587158691258922
supplemental-2-8164d718635644c8aa3ce34f5e09a59e,S2_R6_LB_AL2395_C0_HOA_MONO_EPD5,S2_R6_LB_AL2395_C0_HOA_EPD5,LB_AL2395,C0,HOA,MONO,5.0,-2.625,-1.625,0.061131963336788255,0.09291345383102312,0.029768407848635305,0.010109128393836998,0.004903507363591998,0.008521393923589743,0.0030334702187373237
supplemental-2-8164d718635644c8aa3ce34f5e09a59e,S2_R6_LB_AL2395_C0_HOA_MONO_EPD5,S2_R6_LB_AL2395_C0_HOA_EPD5,LB_AL2395,C0,HOA,MONO,5.0,-2.75,-1.75,0.05435132007292018,0.05614346538048127,0.048986705873492464,0.013686423164167981,0.00891524213242384,0.0014190021417033749,0.0035166892407473282
supplemental-2-8164d718635644c8aa3ce34f5e09a59e,S2_R6_LB_AL2395_C0_HOA_MONO_EPD5,S2_R6_LB_AL2395_C0_HOA_EPD5,LB_AL2395,C0,HOA,MONO,5.0,-2.875,-1.875,0.047247824871991265,0.027803309924142774,0.01836780965202249,0.019525466906942967,0.0024041595908807106,0.005498549048616408,0.0009557269990009767
supplemental-2-8164d718635644c8aa3ce34f5e09a59e,S2_R6_LB_AL2395_C0_HOA_MONO_EPD5,S2_R6_LB_AL2395_C0_HOA_EPD5,LB_AL2395,C0,HOA,MONO,5.0,-3.0,-2.0,0.04159038276420375,0.0257034879987036,0.040930742243345086,0.00464178801059778,0.0035918807806508773,0.0016852817112404225,0.0032231530677226997
supplemental-2-8164d718635644c8aa3ce34f5e09a59e,S2_R6_LB_AL2395_C0_HOA_MONO_EPD5,S2_R6_LB_AL2395_C0_HOA_EPD5,LB_AL2395,C0,HOA,MONO,5.0,-3.125,-2.125,0.037086532923558915,0.025397378276577495,0.014557822073400244,0.0007490358114041859,0.006308337275610487,0.003871791067328549,0.0010484211929762143
supplemental-2-8164d718635644c8aa3ce34f5e09a59e,S2_R6_LB_AL2395_C0_HOA_MONO_EPD5,S2_R6_LB_AL2395_C0_HOA_EPD5,LB_AL2395,C0,HOA,MONO,5.0,-3.25,-2.25,0.03410381000010139,0.00043048661621209426,0.00739891716837926,0.006033096339782619,0.0038508984028540337,0.0015844408969756412,0.0016182537415739978
supplemental-2-8164d718635644c8aa3ce34f5e09a59e,S2_R6_LB_AL2395_C0_HOA_MONO_EPD5,S2_R6_LB_AL2395_C0_HOA_EPD5,LB_AL2395,C0,HOA,MONO,5.0,-3.375,-2.375,0.0313785141365462,0.040190280941720224,0.0004281161946890488,0.008070987518805018,0.0006683500526949172,0.0014046265609088998,0.0025245815094678157
supplemental-2-8164d718635644c8aa3ce34f5e09a59e,S2_R6_LB_AL2395_C0_HOA_MONO_EPD5,S2_R6_LB_AL2395_C0_HOA_EPD5,LB_AL2395,C0,HOA,MONO,5.0,-3.5,-2.5,0.029153667379165117,0.06166655532841202,0.010924381159845988,0.004850463123486921,0.00288099254983026,0.002029129127962116,0.001154610500742712
supplemental-2-8164d718635644c8aa3ce34f5e09a59e,S2_R6_LB_AL2395_C0_HOA_MONO_EPD5,S2_R6_LB_AL2395_C0_HOA_EPD5,LB_AL2395,C0,HOA,MONO,5.0,-3.625,-2.625,0.026854598663602142,0.04459066768332786,0.012164767753799675,0.0017995147638253067,0.0030006050382016232,0.0013153499217117613,0.0016432886165820117
supplemental-2-8164d718635644c8aa3ce34f5e09a59e,S2_R6_LB_AL2395_C0_HOA_MONO_EPD5,S2_R6_LB_AL2395_C0_HOA_EPD5,LB_AL2395,C0,HOA,MONO,5.0,-3.75,-2.75,0.024096344766915877,0.0038851804581792725,0.004237685435955102,0.00256208543706402,0.0018949304882355232,0.0014506003015539114,0.0011233287986770124
supplemental-2-8164d718635644c8aa3ce34f5e09a59e,S2_R6_LB_AL2395_C0_HOA_MONO_EPD5,S2_R6_LB_AL2395_C0_HOA_EPD5,LB_AL2395,C0,HOA,MONO,5.0,-3.875,-2.875,0.021817436335510126,0.03272946623011555,0.006601103831818692,0.004480472221617595,0.0009589161391070904,0.00023128470342380022,0.0014880761802669592
supplemental-2-8164d718635644c8aa3ce34f5e09a59e,S2_R6_LB_AL2395_C0_HOA_MONO_EPD5,S2_R6_LB_AL2395_C0_HOA_EPD5,LB_AL2395,C0,HOA,MONO,5.0,-4.0,-3.0,0.023932732397031357,0.04789626191566841,0.001769408092874385,0.0035965461721842295,0.0009350261582702624,0.001622229996843022,0.0018174731456055836
supplemental-2-8164d718635644c8aa3ce34f5e09a59e,S2_R6_LB_AL2395_C0_HOA_MONO_EPD5,S2_R6_LB_AL2395_C0_HOA_EPD5,LB_AL2395,C0,HOA,MONO,5.0,-4.125,-3.125,0.021768288262728763,0.03717018619967197,0.005162007629285861,0.002207248645490605,0.0026436694316167852,0.0004262998370907828,0.0014275625850802098
supplemental-2-8164d718635644c8aa3ce34f5e09a59e,S2_R6_LB_AL2395_C0_HOA_MONO_EPD5,S2_R6_LB_AL2395_C0_HOA_EPD5,LB_AL2395,C0,HOA,MONO,5.0,-4.25,-3.25,0.019991730270939288,0.005129705534349107,0.0045934837908003625,0.003447049347901964,0.0008328815502577003,0.0014991694763892692,0.0015969397876386675
supplemental-2-8164d718635644c8aa3ce34f5e09a59e,S2_R6_LB_AL2395_C0_HOA_MONO_EPD5,S2_R6_LB_AL2395_C0_HOA_EPD5,LB_AL2395,C0,HOA,MONO,5.0,-4.375,-3.375,0.02010625621467171,0.03057224296761299,0.003324616037735432,0.0029960901535964683,0.0005144528870653909,0.0003904753514403748,1.807990862753103e-05
supplemental-2-8164d718635644c8aa3ce34f5e09a59e,S2_R6_LB_AL2395_C0_HOA_MONO_EPD5,S2_R6_LB_AL2395_C0_HOA_EPD5,LB_AL2395,C0,HOA,MONO,5.0,-4.5,-3.5,0.02004804300641276,0.04239349404231843,0.008215324349233251,0.003983573959601213,0.0019156452767538678,0.002379016786146543,0.0019199184941733598
supplemental-2-8164d718635644c8aa3ce34f5e09a59e,S2_R6_LB_AL2395_C0_HOA_MONO_EPD5,S2_R6_LB_AL2395_C0_HOA_EPD5,LB_AL2395,C0,HOA,MONO,5.0,-4.625,-3.625,0.01888035577763984,0.01812961075834716,0.006160881069692729,0.0025368871287577786,0.0009916690856935824,0.0009630046027117982,0.0015043016896106652
supplemental-2-8164d718635644c8aa3ce34f5e09a59e,S2_R6_LB_AL2395_C0_HOA_MONO_EPD5,S2_R6_LB_AL2395_C0_HOA_EPD5,LB_AL2395,C0,HOA,MONO,5.0,-4.75,-3.75,0.01914265307291004,0.02006549227173251,0.0002612829621641106,0.0013314093362736265,0.0011197834009518176,0.0012151672766322764,0.0016290014650624852
supplemental-2-8164d718635644c8aa3ce34f5e09a59e,S2_R6_LB_AL2395_C0_HOA_MONO_EPD5,S2_R6_LB_AL2395_C0_HOA_EPD5,LB_AL2395,C0,HOA,MONO,5.0,-4.875,-3.875,0.020109431259289958,0.03495203531304325,0.0055948365123597976,0.002416517665805562,0.0012442026810776878,0.0014752414360690925,0.001331569476311811
supplemental-2-8164d718635644c8aa3ce34f5e09a59e,S2_R6_LB_AL2395_C0_HOA_MONO_EPD5,S2_R6_LB_AL2395_C0_HOA_EPD5,LB_AL2395,C0,HOA,MONO,5.0,-5.0,-4.0,0.021585172838078367,0.012966010978463702,0.008320618129453434,0.000987438852558931,0.0015827938733340473,0.0018711549397895072,0.0010354403713400391
supplemental-2-8164d718635644c8aa3ce34f5e09a59e,S2_R6_LB_AL2395_C0_HOA_EDOF_EPD5,S2_R6_LB_AL2395_C0_HOA_EPD5,LB_AL2395,C0,HOA,EDOF,5.0,1.0,2.0,0.03319105374588412,0.009058381038858804,0.05442938451177687,0.005089023260207767,0.011892044148848698,0.0037208071041798865,0.010491231285223602
supplemental-2-8164d718635644c8aa3ce34f5e09a59e,S2_R6_LB_AL2395_C0_HOA_EDOF_EPD5,S2_R6_LB_AL2395_C0_HOA_EPD5,LB_AL2395,C0,HOA,EDOF,5.0,0.875,1.875,0.036570351554730936,0.018383497959689975,0.030691935531551636,0.02539034287012639,0.0008020341560627588,0.02355992413443889,0.003949917791762842
supplemental-2-8164d718635644c8aa3ce34f5e09a59e,S2_R6_LB_AL2395_C0_HOA_EDOF_EPD5,S2_R6_LB_AL2395_C0_HOA_EPD5,LB_AL2395,C0,HOA,EDOF,5.0,0.75,1.75,0.03843918662857408,0.05856654304621192,0.034352751259187755,0.020649674128295874,0.017002686667181872,0.004674223034245865,0.007758292225307927
supplemental-2-8164d718635644c8aa3ce34f5e09a59e,S2_R6_LB_AL2395_C0_HOA_EDOF_EPD5,S2_R6_LB_AL2395_C0_HOA_EPD5,LB_AL2395,C0,HOA,EDOF,5.0,0.625,1.625,0.03864117911202451,0.08038867232839113,0.010610044435171308,0.015950431280752863,0.006902463182389092,0.014465388685258365,0.0033238675823236167
supplemental-2-8164d718635644c8aa3ce34f5e09a59e,S2_R6_LB_AL2395_C0_HOA_EDOF_EPD5,S2_R6_LB_AL2395_C0_HOA_EPD5,LB_AL2395,C0,HOA,EDOF,5.0,0.5,1.5,0.0363289500063193,0.06459744244314125,0.04435392570595343,0.0172833510278854,0.008133752564872877,0.01195426668856514,0.0022483901287200926
supplemental-2-8164d718635644c8aa3ce34f5e09a59e,S2_R6_LB_AL2395_C0_HOA_EDOF_EPD5,S2_R6_LB_AL2395_C0_HOA_EPD5,LB_AL2395,C0,HOA,EDOF,5.0,0.375,1.375,0.038526860173184914,0.02079404771930287,0.008439109316699236,0.0029594926269557054,0.008568222387519685,0.012600940357318033,0.006741102607357687
supplemental-2-8164d718635644c8aa3ce34f5e09a59e,S2_R6_LB_AL2395_C0_HOA_EDOF_EPD5,S2_R6_LB_AL2395_C0_HOA_EPD5,LB_AL2395,C0,HOA,EDOF,5.0,0.25,1.25,0.04022716635224652,0.02023212821896425,0.026539490742957434,0.008147587033352138,0.026502548565163035,0.0030800412998354875,0.0022908153145821753
supplemental-2-8164d718635644c8aa3ce34f5e09a59e,S2_R6_LB_AL2395_C0_HOA_EDOF_EPD5,S2_R6_LB_AL2395_C0_HOA_EPD5,LB_AL2395,C0,HOA,EDOF,5.0,0.125,1.125,0.04090860165449337,0.032393555346818474,0.011335747752102474,0.030031005112517484,0.003386851390246055,0.01629590037964549,0.003087259606766111
supplemental-2-8164d718635644c8aa3ce34f5e09a59e,S2_R6_LB_AL2395_C0_HOA_EDOF_EPD5,S2_R6_LB_AL2395_C0_HOA_EPD5,LB_AL2395,C0,HOA,EDOF,5.0,0.0,1.0,0.040966036109424946,0.015691105027095052,0.02660851026564282,0.022938902349307577,0.0033391289900350923,0.00181299735454295,0.00898682927497078
supplemental-2-8164d718635644c8aa3ce34f5e09a59e,S2_R6_LB_AL2395_C0_HOA_EDOF_EPD5,S2_R6_LB_AL2395_C0_HOA_EPD5,LB_AL2395,C0,HOA,EDOF,5.0,-0.125,0.875,0.04029646486065007,0.006925848685266665,0.016354060025672724,0.01744923857361647,0.004160999250127808,0.001954882275635126,0.004571428870999701
supplemental-2-8164d718635644c8aa3ce34f5e09a59e,S2_R6_LB_AL2395_C0_HOA_EDOF_EPD5,S2_R6_LB_AL2395_C0_HOA_EPD5,LB_AL2395,C0,HOA,EDOF,5.0,-0.25,0.75,0.041607276696517564,0.013387917184841754,0.019187927082991184,0.01570763062712439,0.0076175010424439065,0.00015235149064388555,0.007720256149742347
supplemental-2-8164d718635644c8aa3ce34f5e09a59e,S2_R6_LB_AL2395_C0_HOA_EDOF_EPD5,S2_R6_LB_AL2395_C0_HOA_EPD5,LB_AL2395,C0,HOA,EDOF,5.0,-0.375,0.625,0.044937584521517325,0.003907158566682447,0.018234536680514123,0.013849850210447368,0.007690049329304494,0.003484733864217604,0.0006144180688266134
supplemental-2-8164d718635644c8aa3ce34f5e09a59e,S2_R6_LB_AL2395_C0_HOA_EDOF_EPD5,S2_R6_LB_AL2395_C0_HOA_EPD5,LB_AL2395,C0,HOA,EDOF,5.0,-0.5,0.5,0.05116595600015252,0.0012390848941765443,0.04502275020710539,0.03223911805450495,0.023432651048201254,0.017540795063684493,0.006163659400611207
supplemental-2-8164d718635644c8aa3ce34f5e09a59e,S2_R6_LB_AL2395_C0_HOA_EDOF_EPD5,S2_R6_LB_AL2395_C0_HOA_EPD5,LB_AL2395,C0,HOA,EDOF,5.0,-0.625,0.375,0.05858747983812004,0.018365421640889404,0.014938415698103984,0.05284790363107275,0.02554390424069968,0.007705068783865348,0.0062329959307121695
supplemental-2-8164d718635644c8aa3ce34f5e09a59e,S2_R6_LB_AL2395_C0_HOA_EDOF_EPD5,S2_R6_LB_AL2395_C0_HOA_EPD5,LB_AL2395,C0,HOA,EDOF,5.0,-0.75,0.25,0.06360736140252723,0.06404762448668372,0.05029139385814061,0.052427735858687534,0.020683321376867826,0.011798370513674855,0.002320566666772845
supplemental-2-8164d718635644c8aa3ce34f5e09a59e,S2_R6_LB_AL2395_C0_HOA_EDOF_EPD5,S2_R6_LB_AL2395_C0_HOA_EPD5,LB_AL2395,C0,HOA,EDOF,5.0,-0.875,0.125,0.08522725455845294,0.11799305998008462,0.012348433851852213,0.001878073317982452,0.014954987359287027,0.024553905675848538,0.01889665818214844
supplemental-2-8164d718635644c8aa3ce34f5e09a59e,S2_R6_LB_AL2395_C0_HOA_EDOF_EPD5,S2_R6_LB_AL2395_C0_HOA_EPD5,LB_AL2395,C0,HOA,EDOF,5.0,-1.0,0.0,0.10669094441727012,0.15815528792297637,0.054553817413978335,0.0624655069987476,0.036695771040134974,0.001032153756761034,0.016197325238639752
supplemental-2-8164d718635644c8aa3ce34f5e09a59e,S2_R6_LB_AL2395_C0_HOA_EDOF_EPD5,S2_R6_LB_AL2395_C0_HOA_EPD5,LB_AL2395,C0,HOA,EDOF,5.0,-1.125,-0.125,0.16992952361570343,0.17282473860756895,0.1742349352331072,0.06209804994682198,0.06752763238629896,0.08199210452799317,0.06033873949857623
supplemental-2-8164d718635644c8aa3ce34f5e09a59e,S2_R6_LB_AL2395_C0_HOA_EDOF_EPD5,S2_R6_LB_AL2395_C0_HOA_EPD5,LB_AL2395,C0,HOA,EDOF,5.0,-1.25,-0.25,0.17055031554031666,0.16378194476194158,0.1537320953837989,0.13096308949614188,0.08772235328717005,0.04765550097288397,0.030858322038020747
supplemental-2-8164d718635644c8aa3ce34f5e09a59e,S2_R6_LB_AL2395_C0_HOA_EDOF_EPD5,S2_R6_LB_AL2395_C0_HOA_EPD5,LB_AL2395,C0,HOA,EDOF,5.0,-1.375,-0.375,0.10912736490002457,0.14272502540792276,0.017141823577971945,0.0009328439818133892,0.004920414090681355,0.014548291464378704,0.016718712450790357
supplemental-2-8164d718635644c8aa3ce34f5e09a59e,S2_R6_LB_AL2395_C0_HOA_EDOF_EPD5,S2_R6_LB_AL2395_C0_HOA_EPD5,LB_AL2395,C0,HOA,EDOF,5.0,-1.5,-0.5,0.10699989118943068,0.12736043674050018,0.0111335237874544,0.03138523209543552,0.011654724320372498,0.020554584040639895,0.0030221939819964965
supplemental-2-8164d718635644c8aa3ce34f5e09a59e,S2_R6_LB_AL2395_C0_HOA_EDOF_EPD5,S2_R6_LB_AL2395_C0_HOA_EPD5,LB_AL2395,C0,HOA,EDOF,5.0,-1.625,-0.625,0.1461831239930444,0.13565669482903267,0.08379310243800343,0.0702706837193445,0.09623152743939689,0.05976148034735711,0.022915819892460634
supplemental-2-8164d718635644c8aa3ce34f5e09a59e,S2_R6_LB_AL2395_C0_HOA_EDOF_EPD5,S2_R6_LB_AL2395_C0_HOA_EPD5,LB_AL2395,C0,HOA,EDOF,5.0,-1.75,-0.75,0.11694009188019885,0.1734858034691001,0.07643452046870915,0.00545650711655531,0.044976343087710965,0.021493030081877782,0.007019836116947267
supplemental-2-8164d718635644c8aa3ce34f5e09a59e,S2_R6_LB_AL2395_C0_HOA_EDOF_EPD5,S2_R6_LB_AL2395_C0_HOA_EPD5,LB_AL2395,C0,HOA,EDOF,5.0,-1.875,-0.875,0.1802843190036133,0.22187373904367708,0.11252348787637433,0.1427325799672651,0.14471874842184637,0.11228814629205094,0.09591393703818464
supplemental-2-8164d718635644c8aa3ce34f5e09a59e,S2_R6_LB_AL2395_C0_HOA_EDOF_EPD5,S2_R6_LB_AL2395_C0_HOA_EPD5,LB_AL2395,C0,HOA,EDOF,5.0,-2.0,-1.0,0.13534385162752957,0.24096044056887675,0.1701008666617731,0.08010714114701599,0.027187021001511234,0.03332285759490309,0.03715877432535381
supplemental-2-8164d718635644c8aa3ce34f5e09a59e,S2_R6_LB_AL2395_C0_HOA_EDOF_EPD5,S2_R6_LB_AL2395_C0_HOA_EPD5,LB_AL2395,C0,HOA,EDOF,5.0,-2.125,-1.125,0.11275363577144232,0.1981832201387468,0.07942964763180915,0.07187587168132549,0.06931185378912867,0.034020172214517724,0.03756519295848865
supplemental-2-8164d718635644c8aa3ce34f5e09a59e,S2_R6_LB_AL2395_C0_HOA_EDOF_EPD5,S2_R6_LB_AL2395_C0_HOA_EPD5,LB_AL2395,C0,HOA,EDOF,5.0,-2.25,-1.25,0.0700100638363433,0.1010957462721062,0.001676640312618126,0.013937315145865574,0.005895750875347544,0.014300313356915213,0.017908563804890133
supplemental-2-8164d718635644c8aa3ce34f5e09a59e,S2_R6_LB_AL2395_C0_HOA_EDOF_EPD5,S2_R6_LB_AL2395_C0_HOA_EPD5,LB_AL2395,C0,HOA,EDOF,5.0,-2.375,-1.375,0.05790424209935288,0.000562849443005416,0.017840963458439753,0.01472029065197195,0.009666798655439452,0.01732896469841698,0.0006093936799801782
supplemental-2-8164d718635644c8aa3ce34f5e09a59e,S2_R6_LB_AL2395_C0_HOA_EDOF_EPD5,S2_R6_LB_AL2395_C0_HOA_EPD5,LB_AL2395,C0,HOA,EDOF,5.0,-2.5,-1.5,0.04954743064686007,0.04824071334644994,0.025623367063836805,0.006714541326962418,0.01937399753408198,0.00617541655565807,0.002418020170110351
supplemental-2-8164d718635644c8aa3ce34f5e09a59e,S2_R6_LB_AL2395_C0_HOA_EDOF_EPD5,S2_R6_LB_AL2395_C0_HOA_EPD5,LB_AL2395,C0,HOA,EDOF,5.0,-2.625,-1.625,0.04445784703533694,0.03242375024531544,0.032013346375275864,0.01567056096334732,0.005651512691031673,0.004063850438091284,0.00680271576393816
supplemental-2-8164d718635644c8aa3ce34f5e09a59e,S2_R6_LB_AL2395_C0_HOA_EDOF_EPD5,S2_R6_LB_AL2395_C0_HOA_EPD5,LB_AL2395,C0,HOA,EDOF,5.0,-2.75,-1.75,0.04285797718556514,0.009084871348515516,0.03555727209657679,0.01296477857225159,0.01560308246607612,0.004840635018700271,0.015467666035956371
supplemental-2-8164d718635644c8aa3ce34f5e09a59e,S2_R6_LB_AL2395_C0_HOA_EDOF_EPD5,S2_R6_LB_AL2395_C0_HOA_EPD5,LB_AL2395,C0,HOA,EDOF,5.0,-2.875,-1.875,0.042224468999261175,0.027003383443174222,0.024889067482618377,0.012667526159311803,0.0029482252195844956,0.012658794978614165,0.001674193996643814
supplemental-2-8164d718635644c8aa3ce34f5e09a59e,S2_R6_LB_AL2395_C0_HOA_EDOF_EPD5,S2_R6_LB_AL2395_C0_HOA_EPD5,LB_AL2395,C0,HOA,EDOF,5.0,-3.0,-2.0,0.04170296383603476,0.010692140492009367,0.01500717574728552,0.014138004212112754,0.014406051520171555,0.0028672319235648214,0.005733917960033448
supplemental-2-8164d718635644c8aa3ce34f5e09a59e,S2_R6_LB_AL2395_C0_HOA_EDOF_EPD5,S2_R6_LB_AL2395_C0_HOA_EPD5,LB_AL2395,C0,HOA,EDOF,5.0,-3.125,-2.125,0.040219859096906396,0.00811639050263975,0.03412552785844012,0.02103868058441043,0.006006822846417112,0.018925413963094287,0.0014624467960567497
supplemental-2-8164d718635644c8aa3ce34f5e09a59e,S2_R6_LB_AL2395_C0_HOA_EDOF_EPD5,S2_R6_LB_AL2395_C0_HOA_EPD5,LB_AL2395,C0,HOA,EDOF,5.0,-3.25,-2.25,0.03416937201837063,0.0015941682847551084,0.0034856130056458746,0.010625717918474152,0.008994158702794899,0.006840763772043624,0.005427537026794739
supplemental-2-8164d718635644c8aa3ce34f5e09a59e,S2_R6_LB_AL2395_C0_HOA_EDOF_EPD5,S2_R6_LB_AL2395_C0_HOA_EPD5,LB_AL2395,C0,HOA,EDOF,5.0,-3.375,-2.375,0.03219026408815698,0.03285577471599485,0.0035776335597134537,0.015469426215165429,0.0032563469752294252,0.0065641419658665715,0.011761898123708113
supplemental-2-8164d718635644c8aa3ce34f5e09a59e,S2_R6_LB_AL2395_C0_HOA_EDOF_EPD5,S2_R6_LB_AL2395_C0_HOA_EPD5,LB_AL2395,C0,HOA,EDOF,5.0,-3.5,-2.5,0.02801667844176693,0.05191062100734952,0.021502130658716492,0.010376316467408395,0.005928533993886252,0.003944954693158545,0.004336380172603081
supplemental-2-8164d718635644c8aa3ce34f5e09a59e,S2_R6_LB_AL2395_C0_HOA_EDOF_EPD5,S2_R6_LB_AL2395_C0_HOA_EPD5,LB_AL2395,C0,HOA,EDOF,5.0,-3.625,-2.625,0.024766146933525864,0.03947568520738602,0.0004557779924941678,0.006141063694148869,0.005221576186807901,0.0015908404449066016,0.006613494855042715
supplemental-2-8164d718635644c8aa3ce34f5e09a59e,S2_R6_LB_AL2395_C0_HOA_EDOF_EPD5,S2_R6_LB_AL2395_C0_HOA_EPD5,LB_AL2395,C0,HOA,EDOF,5.0,-3.75,-2.75,0.023538473116445646,0.008427681305944783,0.001714211788747475,0.003997101966379377,0.0032617207018948297,0.010167908646581849,0.004503149745164911
supplemental-2-8164d718635644c8aa3ce34f5e09a59e,S2_R6_LB_AL2395_C0_HOA_EDOF_EPD5,S2_R6_LB_AL2395_C0_HOA_EPD5,LB_AL2395,C0,HOA,EDOF,5.0,-3.875,-2.875,0.0218648933016257,0.01768594379893535,0.0024470092744480858,0.021556072984717192,0.001099840210929464,0.009869794267152544,0.008924482965758372
supplemental-2-8164d718635644c8aa3ce34f5e09a59e,S2_R6_LB_AL2395_C0_HOA_EDOF_EPD5,S2_R6_LB_AL2395_C0_HOA_EPD5,LB_AL2395,C0,HOA,EDOF,5.0,-4.0,-3.0,0.025238805959265295,0.025699146357093795,0.00022128996652361066,0.0011137508760250504,0.0014449020571587591,0.002945982886098188,0.0006414652672000757
supplemental-2-8164d718635644c8aa3ce34f5e09a59e,S2_R6_LB_AL2395_C0_HOA_EDOF_EPD5,S2_R6_LB_AL2395_C0_HOA_EPD5,LB_AL2395,C0,HOA,EDOF,5.0,-4.125,-3.125,0.024739166968134656,0.01342882987378494,0.014825947496792148,0.002554108070533345,0.004953883257146852,0.009545135500699077,0.002211242398127932
supplemental-2-8164d718635644c8aa3ce34f5e09a59e,S2_R6_LB_AL2395_C0_HOA_EDOF_EPD5,S2_R6_LB_AL2395_C0_HOA_EPD5,LB_AL2395,C0,HOA,EDOF,5.0,-4.25,-3.25,0.024208918198412834,0.014315265312558407,0.007632728340744363,0.012601330583317376,0.0009078672061989209,0.011703932666301342,0.0035557453184795283
supplemental-2-8164d718635644c8aa3ce34f5e09a59e,S2_R6_LB_AL2395_C0_HOA_EDOF_EPD5,S2_R6_LB_AL2395_C0_HOA_EPD5,LB_AL2395,C0,HOA,EDOF,5.0,-4.375,-3.375,0.022757274279399425,0.0412572494763817,0.010718373927030464,0.01120178230136179,0.0047866590856637066,0.009357495392125851,0.0015947120573502394
supplemental-2-8164d718635644c8aa3ce34f5e09a59e,S2_R6_LB_AL2395_C0_HOA_EDOF_EPD5,S2_R6_LB_AL2395_C0_HOA_EPD5,LB_AL2395,C0,HOA,EDOF,5.0,-4.5,-3.5,0.02187815166583895,0.04302011736264544,0.019714619974919523,0.007741292156365277,0.0075202219092864375,0.0015999307729540092,0.0027276594371883566
supplemental-2-8164d718635644c8aa3ce34f5e09a59e,S2_R6_LB_AL2395_C0_HOA_EDOF_EPD5,S2_R6_LB_AL2395_C0_HOA_EPD5,LB_AL2395,C0,HOA,EDOF,5.0,-4.625,-3.625,0.020203790826527148,0.011833894276966217,0.0008620971421962808,0.005729408922801591,0.003999748748238051,0.004006666601110118,0.0031825715989827435
supplemental-2-8164d718635644c8aa3ce34f5e09a59e,S2_R6_LB_AL2395_C0_HOA_EDOF_EPD5,S2_R6_LB_AL2395_C0_HOA_EPD5,LB_AL2395,C0,HOA,EDOF,5.0,-4.75,-3.75,0.023007827312972035,0.026879623103257158,0.003839941883384047,0.0031992163060814978,0.0015446099406077611,0.0057723036401943805,0.00164347808192206
supplemental-2-8164d718635644c8aa3ce34f5e09a59e,S2_R6_LB_AL2395_C0_HOA_EDOF_EPD5,S2_R6_LB_AL2395_C0_HOA_EPD5,LB_AL2395,C0,HOA,EDOF,5.0,-4.875,-3.875,0.022663297197425106,0.0361864951170413,0.00650231536867622,0.002433404386258711,5.1411985205493155e-05,0.0038430566534083184,0.001505159488142188
supplemental-2-8164d718635644c8aa3ce34f5e09a59e,S2_R6_LB_AL2395_C0_HOA_EDOF_EPD5,S2_R6_LB_AL2395_C0_HOA_EPD5,LB_AL2395,C0,HOA,EDOF,5.0,-5.0,-4.0,0.022957165658610168,0.006177899489917897,0.01627951464780074,0.0036275936362383508,0.006155342354899831,0.0012412910243651733,0.0018795962506289142
supplemental-2-8164d718635644c8aa3ce34f5e09a59e,S2_R6_ATC_M3_AL24477_C0_WFS_MONO_EPD3,S2_R6_ATC_M3_AL24477_C0_WFS_EPD3,ATC_M3_AL24477,C0,WFS,MONO,3.0,1.0,2.0,0.02837673224769688,0.009981506062540668,0.007363219178639068,0.005228088764470321,0.0015349583165455121,5.583868724485874e-06,0.000827991178289834
supplemental-2-8164d718635644c8aa3ce34f5e09a59e,S2_R6_ATC_M3_AL24477_C0_WFS_MONO_EPD3,S2_R6_ATC_M3_AL24477_C0_WFS_EPD3,ATC_M3_AL24477,C0,WFS,MONO,3.0,0.875,1.875,0.030042158367271133,0.01912937786318948,0.00718496560773609,0.000796067028136997,0.0032519035015499383,0.0009513717622214308,0.0011070781614447465
supplemental-2-8164d718635644c8aa3ce34f5e09a59e,S2_R6_ATC_M3_AL24477_C0_WFS_MONO_EPD3,S2_R6_ATC_M3_AL24477_C0_WFS_EPD3,ATC_M3_AL24477,C0,WFS,MONO,3.0,0.75,1.75,0.031594645073598285,0.020488425650840345,0.002203766049796761,0.0056545307994926184,0.0007939023253696878,0.003264364924576467,0.002009272816182751
supplemental-2-8164d718635644c8aa3ce34f5e09a59e,S2_R6_ATC_M3_AL24477_C0_WFS_MONO_EPD3,S2_R6_ATC_M3_AL24477_C0_WFS_EPD3,ATC_M3_AL24477,C0,WFS,MONO,3.0,0.625,1.625,0.03220824929329952,0.012544116736309372,0.009528744903321243,0.0007778468980887481,0.003920245042504791,0.0005257533959697731,0.0003492979789324075
supplemental-2-8164d718635644c8aa3ce34f5e09a59e,S2_R6_ATC_M3_AL24477_C0_WFS_MONO_EPD3,S2_R6_ATC_M3_AL24477_C0_WFS_EPD3,ATC_M3_AL24477,C0,WFS,MONO,3.0,0.5,1.5,0.033563826613576965,0.002241218625810287,0.004733804243178952,0.005176447400617368,0.00342563788473481,0.003034128370930406,0.0009574091902172138
supplemental-2-8164d718635644c8aa3ce34f5e09a59e,S2_R6_ATC_M3_AL24477_C0_WFS_MONO_EPD3,S2_R6_ATC_M3_AL24477_C0_WFS_EPD3,ATC_M3_AL24477,C0,WFS,MONO,3.0,0.375,1.375,0.03546687124857365,0.017856134840336487,0.007061705986660467,0.0023225187276609592,0.0035611977489180035,0.0023258772502260322,0.0026626545168541987
supplemental-2-8164d718635644c8aa3ce34f5e09a59e,S2_R6_ATC_M3_AL24477_C0_WFS_MONO_EPD3,S2_R6_ATC_M3_AL24477_C0_WFS_EPD3,ATC_M3_AL24477,C0,WFS,MONO,3.0,0.25,1.25,0.0374230990114881,0.026973703212079536,0.010508125540095267,0.005895902303050552,0.004721919392198292,0.0009297729901654837,0.00069947272633161
supplemental-2-8164d718635644c8aa3ce34f5e09a59e,S2_R6_ATC_M3_AL24477_C0_WFS_MONO_EPD3,S2_R6_ATC_M3_AL24477_C0_WFS_EPD3,ATC_M3_AL24477,C0,WFS,MONO,3.0,0.125,1.125,0.03996544867807773,0.02423585120797249,0.00036992459391092217,0.003835167614396062,0.00046906602295923594,0.004667078778553391,0.0031413204576392073
supplemental-2-8164d718635644c8aa3ce34f5e09a59e,S2_R6_ATC_M3_AL24477_C0_WFS_MONO_EPD3,S2_R6_ATC_M3_AL24477_C0_WFS_EPD3,ATC_M3_AL24477,C0,WFS,MONO,3.0,0.0,1.0,0.042518862529140035,0.00885859581098063,0.012349357338830483,0.0071694432767019185,0.0057286711765608955,0.002379083595187374,0.0026980325607700775
supplemental-2-8164d718635644c8aa3ce34f5e09a59e,S2_R6_ATC_M3_AL24477_C0_WFS_MONO_EPD3,S2_R6_ATC_M3_AL24477_C0_WFS_EPD3,ATC_M3_AL24477,C0,WFS,MONO,3.0,-0.125,0.875,0.04453355315967218,0.014027435560819885,0.008414376377783774,0.005313903278274861,0.002850942014299529,0.004234027338552028,0.0006268750574779633
supplemental-2-8164d718635644c8aa3ce34f5e09a59e,S2_R6_ATC_M3_AL24477_C0_WFS_MONO_EPD3,S2_R6_ATC_M3_AL24477_C0_WFS_EPD3,ATC_M3_AL24477,C0,WFS,MONO,3.0,-0.25,0.75,0.048801882064817885,0.03482993082022319,0.008888764772925292,0.008924301865906856,0.0032438304899507528,0.004817683467904222,0.004936309632129909
supplemental-2-8164d718635644c8aa3ce34f5e09a59e,S2_R6_ATC_M3_AL24477_C0_WFS_MONO_EPD3,S2_R6_ATC_M3_AL24477_C0_WFS_EPD3,ATC_M3_AL24477,C0,WFS,MONO,3.0,-0.375,0.625,0.05155401211542129,0.04326646345542487,0.017281485725901467,0.00577796852795201,0.008470826836782075,0.0007157171896845799,0.0026749588123662713
supplemental-2-8164d718635644c8aa3ce34f5e09a59e,S2_R6_ATC_M3_AL24477_C0_WFS_MONO_EPD3,S2_R6_ATC_M3_AL24477_C0_WFS_EPD3,ATC_M3_AL24477,C0,WFS,MONO,3.0,-0.5,0.5,0.056366525949485075,0.03324371993784458,0.0026415542258069235,0.008143017604226106,0.0010266630564130324,0.005618542197936222,0.004458334948000331
supplemental-2-8164d718635644c8aa3ce34f5e09a59e,S2_R6_ATC_M3_AL24477_C0_WFS_MONO_EPD3,S2_R6_ATC_M3_AL24477_C0_WFS_EPD3,ATC_M3_AL24477,C0,WFS,MONO,3.0,-0.625,0.375,0.06214317126324169,0.007130934478336945,0.018601029829689475,0.010642007419827567,0.009395203983234122,0.0066457393249845734,0.0051326356338951456
supplemental-2-8164d718635644c8aa3ce34f5e09a59e,S2_R6_ATC_M3_AL24477_C0_WFS_MONO_EPD3,S2_R6_ATC_M3_AL24477_C0_WFS_EPD3,ATC_M3_AL24477,C0,WFS,MONO,3.0,-0.75,0.25,0.06716339648161439,0.022687603953035707,0.015721564109210634,0.011413445406141153,0.0068354030292206115,0.0009805457657984609,0.0017315015605419515
supplemental-2-8164d718635644c8aa3ce34f5e09a59e,S2_R6_ATC_M3_AL24477_C0_WFS_MONO_EPD3,S2_R6_ATC_M3_AL24477_C0_WFS_EPD3,ATC_M3_AL24477,C0,WFS,MONO,3.0,-0.875,0.125,0.07744366537236869,0.03593437954103243,0.015106009070337852,0.013130676841955388,0.009106182423856685,0.011515749776891536,0.008543253410370166
supplemental-2-8164d718635644c8aa3ce34f5e09a59e,S2_R6_ATC_M3_AL24477_C0_WFS_MONO_EPD3,S2_R6_ATC_M3_AL24477_C0_WFS_EPD3,ATC_M3_AL24477,C0,WFS,MONO,3.0,-1.0,0.0,0.0882312125648558,0.010327453019666423,0.03793184563571647,0.009964343401248906,0.01449324234972827,0.007224910865679928,0.007831121701350316
supplemental-2-8164d718635644c8aa3ce34f5e09a59e,S2_R6_ATC_M3_AL24477_C0_WFS_MONO_EPD3,S2_R6_ATC_M3_AL24477_C0_WFS_EPD3,ATC_M3_AL24477,C0,WFS,MONO,3.0,-1.125,-0.125,0.10159501276738465,0.07125666020845416,0.020741422599637245,0.026977007795515387,0.0012436779546284287,0.005907055112492784,0.00345865069376007
supplemental-2-8164d718635644c8aa3ce34f5e09a59e,S2_R6_ATC_M3_AL24477_C0_WFS_MONO_EPD3,S2_R6_ATC_M3_AL24477_C0_WFS_EPD3,ATC_M3_AL24477,C0,WFS,MONO,3.0,-1.25,-0.25,0.1291601567154941,0.21007534497022662,0.0049823708632983745,0.024495445337714875,0.028884907981587882,0.02404355423564708,0.019471371321515253
supplemental-2-8164d718635644c8aa3ce34f5e09a59e,S2_R6_ATC_M3_AL24477_C0_WFS_MONO_EPD3,S2_R6_ATC_M3_AL24477_C0_WFS_EPD3,ATC_M3_AL24477,C0,WFS,MONO,3.0,-1.375,-0.375,0.1579316175811406,0.39171426301459955,0.04977610642022459,0.005871303188197997,0.007868121947738397,0.006288660687566533,0.008807038432258545
supplemental-2-8164d718635644c8aa3ce34f5e09a59e,S2_R6_ATC_M3_AL24477_C0_WFS_MONO_EPD3,S2_R6_ATC_M3_AL24477_C0_WFS_EPD3,ATC_M3_AL24477,C0,WFS,MONO,3.0,-1.5,-0.5,0.2414497167113726,0.5851197364732192,0.24470148091360192,0.09212843814894281,0.021509122720536004,0.010507123761486908,0.020417090480538195
supplemental-2-8164d718635644c8aa3ce34f5e09a59e,S2_R6_ATC_M3_AL24477_C0_WFS_MONO_EPD3,S2_R6_ATC_M3_AL24477_C0_WFS_EPD3,ATC_M3_AL24477,C0,WFS,MONO,3.0,-1.625,-0.625,0.4404476504177975,0.7498557015196526,0.5199560512871453,0.37211582882694444,0.2659147035393791,0.18257243462829445,0.11819114704744832
supplemental-2-8164d718635644c8aa3ce34f5e09a59e,S2_R6_ATC_M3_AL24477_C0_WFS_MONO_EPD3,S2_R6_ATC_M3_AL24477_C0_WFS_EPD3,ATC_M3_AL24477,C0,WFS,MONO,3.0,-1.75,-0.75,0.6108861926066014,0.846775480401533,0.7082266730239373,0.5939423947435178,0.4887354447451172,0.38697425978734806,0.2855718794854928
supplemental-2-8164d718635644c8aa3ce34f5e09a59e,S2_R6_ATC_M3_AL24477_C0_WFS_MONO_EPD3,S2_R6_ATC_M3_AL24477_C0_WFS_EPD3,ATC_M3_AL24477,C0,WFS,MONO,3.0,-1.875,-0.875,0.5444914334805903,0.8494106954610315,0.6629477514421493,0.48702989035937305,0.3617672642848341,0.29017407846755094,0.24420609620204214
supplemental-2-8164d718635644c8aa3ce34f5e09a59e,S2_R6_ATC_M3_AL24477_C0_WFS_MONO_EPD3,S2_R6_ATC_M3_AL24477_C0_WFS_EPD3,ATC_M3_AL24477,C0,WFS,MONO,3.0,-2.0,-1.0,0.314257434566305,0.7523828255343183,0.3919719190493556,0.14116631668955515,0.04604359415223832,0.03685283236391162,0.05957911563848061
supplemental-2-8164d718635644c8aa3ce34f5e09a59e,S2_R6_ATC_M3_AL24477_C0_WFS_MONO_EPD3,S2_R6_ATC_M3_AL24477_C0_WFS_EPD3,ATC_M3_AL24477,C0,WFS,MONO,3.0,-2.125,-1.125,0.22277322036113156,0.5739372371206493,0.06411411828266092,0.09023287115025894,0.06543407001808735,0.036075698282062696,0.022796511924757793
supplemental-2-8164d718635644c8aa3ce34f5e09a59e,S2_R6_ATC_M3_AL24477_C0_WFS_MONO_EPD3,S2_R6_ATC_M3_AL24477_C0_WFS_EPD3,ATC_M3_AL24477,C0,WFS,MONO,3.0,-2.25,-1.25,0.17174629109504685,0.3515122419784556,0.12715621187572235,0.05650560440902401,0.019800442137373205,0.02570638912838079,0.01110385691906871
supplemental-2-8164d718635644c8aa3ce34f5e09a59e,S2_R6_ATC_M3_AL24477_C0_WFS_MONO_EPD3,S2_R6_ATC_M3_AL24477_C0_WFS_EPD3,ATC_M3_AL24477,C0,WFS,MONO,3.0,-2.375,-1.375,0.14754327886515065,0.13154889343464382,0.11780257773549122,0.051399810693058406,0.04102487657197426,0.01992017466942604,0.01844084685500886
supplemental-2-8164d718635644c8aa3ce34f5e09a59e,S2_R6_ATC_M3_AL24477_C0_WFS_MONO_EPD3,S2_R6_ATC_M3_AL24477_C0_WFS_EPD3,ATC_M3_AL24477,C0,WFS,MONO,3.0,-2.5,-1.5,0.12144338608638955,0.043311641233894735,0.0029431894206078243,0.04465736130186021,0.013961107427255426,0.014510322203036344,0.007336776026638835
supplemental-2-8164d718635644c8aa3ce34f5e09a59e,S2_R6_ATC_M3_AL24477_C0_WFS_MONO_EPD3,S2_R6_ATC_M3_AL24477_C0_WFS_EPD3,ATC_M3_AL24477,C0,WFS,MONO,3.0,-2.625,-1.625,0.10255654722997867,0.14559487634172677,0.07414124203300099,0.020680113247292985,0.011781649876124602,0.0023738158960257905,0.0028281902231023894
supplemental-2-8164d718635644c8aa3ce34f5e09a59e,S2_R6_ATC_M3_AL24477_C0_WFS_MONO_EPD3,S2_R6_ATC_M3_AL24477_C0_WFS_EPD3,ATC_M3_AL24477,C0,WFS,MONO,3.0,-2.75,-1.75,0.09286519349336494,0.1693604119760057,0.054086050393638625,0.02203795196256772,0.016999064257682633,0.011272664551975715,0.008420672689668202
supplemental-2-8164d718635644c8aa3ce34f5e09a59e,S2_R6_ATC_M3_AL24477_C0_WFS_MONO_EPD3,S2_R6_ATC_M3_AL24477_C0_WFS_EPD3,ATC_M3_AL24477,C0,WFS,MONO,3.0,-2.875,-1.875,0.08056662821731421,0.1297252648734311,0.01112329394527381,0.01714470959998065,0.0017921332817563455,0.005616878180916824,0.0015074244217123977
supplemental-2-8164d718635644c8aa3ce34f5e09a59e,S2_R6_ATC_M3_AL24477_C0_WFS_MONO_EPD3,S2_R6_ATC_M3_AL24477_C0_WFS_EPD3,ATC_M3_AL24477,C0,WFS,MONO,3.0,-3.0,-2.0,0.07269250230492282,0.05603316669904224,0.04095215388606097,0.015653615449426853,0.01095779299657433,0.0014324590355811015,0.0038896030688547736
supplemental-2-8164d718635644c8aa3ce34f5e09a59e,S2_R6_ATC_M3_AL24477_C0_WFS_MONO_EPD3,S2_R6_ATC_M3_AL24477_C0_WFS_EPD3,ATC_M3_AL24477,C0,WFS,MONO,3.0,-3.125,-2.125,0.06673486419996776,0.01871822929176654,0.01527826406262875,0.011375954094216073,0.005096259953878444,0.006672155501248477,0.00517459945719616
supplemental-2-8164d718635644c8aa3ce34f5e09a59e,S2_R6_ATC_M3_AL24477_C0_WFS_MONO_EPD3,S2_R6_ATC_M3_AL24477_C0_WFS_EPD3,ATC_M3_AL24477,C0,WFS,MONO,3.0,-3.25,-2.25,0.06037403130002474,0.06846525380827906,0.021140607584459722,0.008142446741217873,0.005597063844971391,0.003318515167612634,0.002408928720732565
supplemental-2-8164d718635644c8aa3ce34f5e09a59e,S2_R6_ATC_M3_AL24477_C0_WFS_MONO_EPD3,S2_R6_ATC_M3_AL24477_C0_WFS_EPD3,ATC_M3_AL24477,C0,WFS,MONO,3.0,-3.375,-2.375,0.05512455261288154,0.08114261973529283,0.02391719581411817,0.011157325448840384,0.0060859075861353995,0.003486689459269502,0.0030864568362072705
supplemental-2-8164d718635644c8aa3ce34f5e09a59e,S2_R6_ATC_M3_AL24477_C0_WFS_MONO_EPD3,S2_R6_ATC_M3_AL24477_C0_WFS_EPD3,ATC_M3_AL24477,C0,WFS,MONO,3.0,-3.5,-2.5,0.051968528912480036,0.06021814844967385,0.0017262601533046388,0.006413025112840269,0.0009099028644449464,0.004829530140760291,0.001539653808009289
supplemental-2-8164d718635644c8aa3ce34f5e09a59e,S2_R6_ATC_M3_AL24477_C0_WFS_MONO_EPD3,S2_R6_ATC_M3_AL24477_C0_WFS_EPD3,ATC_M3_AL24477,C0,WFS,MONO,3.0,-3.625,-2.625,0.04790842780472918,0.020670829319798363,0.01873073142178391,0.007935892744481313,0.006491168868306276,0.0002148082147869226,0.00274065646828814
supplemental-2-8164d718635644c8aa3ce34f5e09a59e,S2_R6_ATC_M3_AL24477_C0_WFS_MONO_EPD3,S2_R6_ATC_M3_AL24477_C0_WFS_EPD3,ATC_M3_AL24477,C0,WFS,MONO,3.0,-3.75,-2.75,0.04502905277003469,0.01840662193602217,0.008605413424988094,0.0027256490594107416,0.0031187433130815904,0.0027757014150778065,0.0018932434434150358
supplemental-2-8164d718635644c8aa3ce34f5e09a59e,S2_R6_ATC_M3_AL24477_C0_WFS_MONO_EPD3,S2_R6_ATC_M3_AL24477_C0_WFS_EPD3,ATC_M3_AL24477,C0,WFS,MONO,3.0,-3.875,-2.875,0.04080785843360382,0.041639549192356566,0.010431681192504408,0.00700391730381497,0.003309781317900496,0.00281266898264194,0.0005368435833942947
supplemental-2-8164d718635644c8aa3ce34f5e09a59e,S2_R6_ATC_M3_AL24477_C0_WFS_MONO_EPD3,S2_R6_ATC_M3_AL24477_C0_WFS_EPD3,ATC_M3_AL24477,C0,WFS,MONO,3.0,-4.0,-3.0,0.03975309843180316,0.042689644948826724,0.012802836036838117,0.0004127912002014258,0.0044971294727821805,0.0008461084900717263,0.0018325618323353798
supplemental-2-8164d718635644c8aa3ce34f5e09a59e,S2_R6_ATC_M3_AL24477_C0_WFS_MONO_EPD3,S2_R6_ATC_M3_AL24477_C0_WFS_EPD3,ATC_M3_AL24477,C0,WFS,MONO,3.0,-4.125,-3.125,0.03787378180154874,0.0251411746340445,0.0015677623202332977,0.006597168032968061,0.0008208395234611662,0.0029812890273518914,0.0013834822231247323
supplemental-2-8164d718635644c8aa3ce34f5e09a59e,S2_R6_ATC_M3_AL24477_C0_WFS_MONO_EPD3,S2_R6_ATC_M3_AL24477_C0_WFS_EPD3,ATC_M3_AL24477,C0,WFS,MONO,3.0,-4.25,-3.25,0.03540069862142367,0.00031471528970573566,0.011661629871873571,0.0008376937935665608,0.003031667633778404,0.0005754829707216309,0.0016306419464938479
supplemental-2-8164d718635644c8aa3ce34f5e09a59e,S2_R6_ATC_M3_AL24477_C0_WFS_MONO_EPD3,S2_R6_ATC_M3_AL24477_C0_WFS_EPD3,ATC_M3_AL24477,C0,WFS,MONO,3.0,-4.375,-3.375,0.03416679520189605,0.021433708209827363,0.00530984970008224,0.0062462432830979195,0.0022451879401958895,0.0005250055957265868,0.001940350303620294
supplemental-2-8164d718635644c8aa3ce34f5e09a59e,S2_R6_ATC_M3_AL24477_C0_WFS_MONO_EPD3,S2_R6_ATC_M3_AL24477_C0_WFS_EPD3,ATC_M3_AL24477,C0,WFS,MONO,3.0,-4.5,-3.5,0.03240019059431368,0.02974643925188577,0.006802189917816743,0.0010846639888626246,0.0018764297604270685,0.0023308750547653212,0.000782599460294403
supplemental-2-8164d718635644c8aa3ce34f5e09a59e,S2_R6_ATC_M3_AL24477_C0_WFS_MONO_EPD3,S2_R6_ATC_M3_AL24477_C0_WFS_EPD3,ATC_M3_AL24477,C0,WFS,MONO,3.0,-4.625,-3.625,0.030326151661527703,0.023540557873214324,0.00829709339708353,0.005112443877088837,0.003166218115935462,0.0008808858704599327,0.001540635299063339
supplemental-2-8164d718635644c8aa3ce34f5e09a59e,S2_R6_ATC_M3_AL24477_C0_WFS_MONO_EPD3,S2_R6_ATC_M3_AL24477_C0_WFS_EPD3,ATC_M3_AL24477,C0,WFS,MONO,3.0,-4.75,-3.75,0.02805929199733489,0.00773361226709067,0.0008272649720735751,0.0015310582318122969,0.0005957943661285624,0.0019364618724794455,0.0005689771967105366
supplemental-2-8164d718635644c8aa3ce34f5e09a59e,S2_R6_ATC_M3_AL24477_C0_WFS_MONO_EPD3,S2_R6_ATC_M3_AL24477_C0_WFS_EPD3,ATC_M3_AL24477,C0,WFS,MONO,3.0,-4.875,-3.875,0.02672050609663869,0.009212848448010399,0.006645751850068242,0.004108474029100606,0.0018853748960656544,0.0017335798321617964,0.0009887857519799968
supplemental-2-8164d718635644c8aa3ce34f5e09a59e,S2_R6_ATC_M3_AL24477_C0_WFS_MONO_EPD3,S2_R6_ATC_M3_AL24477_C0_WFS_EPD3,ATC_M3_AL24477,C0,WFS,MONO,3.0,-5.0,-4.0,0.02675138083487785,0.01939778127379853,0.0016342988955522116,0.0015961639293091557,0.0012213625801318906,0.0003906751741452501,0.0017441437781218943
supplemental-2-8164d718635644c8aa3ce34f5e09a59e,S2_R6_ATC_M3_AL24477_C0_WFS_EDOF_EPD3,S2_R6_ATC_M3_AL24477_C0_WFS_EPD3,ATC_M3_AL24477,C0,WFS,EDOF,3.0,1.0,2.0,0.03201470530872682,0.0025394174606461106,0.008892753346713984,0.0010950582225294357,0.001485476411108484,0.0020871045425063023,0.0012600248491771709
supplemental-2-8164d718635644c8aa3ce34f5e09a59e,S2_R6_ATC_M3_AL24477_C0_WFS_EDOF_EPD3,S2_R6_ATC_M3_AL24477_C0_WFS_EPD3,ATC_M3_AL24477,C0,WFS,EDOF,3.0,0.875,1.875,0.03369164681450343,0.0030309464120429914,0.01237498952973409,0.0008636534753581857,0.003814696304322078,0.00111708188303988,0.000576657136130304
supplemental-2-8164d718635644c8aa3ce34f5e09a59e,S2_R6_ATC_M3_AL24477_C0_WFS_EDOF_EPD3,S2_R6_ATC_M3_AL24477_C0_WFS_EPD3,ATC_M3_AL24477,C0,WFS,EDOF,3.0,0.75,1.75,0.03466951035075845,0.007543767953156161,0.006916741576763079,0.0041607942552592675,0.00068702329307712,0.0033545108023519538,0.0015698062426367579
supplemental-2-8164d718635644c8aa3ce34f5e09a59e,S2_R6_ATC_M3_AL24477_C0_WFS_EDOF_EPD3,S2_R6_ATC_M3_AL24477_C0_WFS_EPD3,ATC_M3_AL24477,C0,WFS,EDOF,3.0,0.625,1.625,0.03510858508919133,0.028817536916456023,0.0032466136640575275,0.0012568325603739866,0.0008886663366948958,0.001199722105473873,0.0008700342744785358
supplemental-2-8164d718635644c8aa3ce34f5e09a59e,S2_R6_ATC_M3_AL24477_C0_WFS_EDOF_EPD3,S2_R6_ATC_M3_AL24477_C0_WFS_EPD3,ATC_M3_AL24477,C0,WFS,EDOF,3.0,0.5,1.5,0.03863169844345386,0.05502291724568038,0.006284293353466157,0.006108863655634417,0.007865721132589026,0.0037415488803532577,0.00042207371402533747
supplemental-2-8164d718635644c8aa3ce34f5e09a59e,S2_R6_ATC_M3_AL24477_C0_WFS_EDOF_EPD3,S2_R6_ATC_M3_AL24477_C0_WFS_EPD3,ATC_M3_AL24477,C0,WFS,EDOF,3.0,0.375,1.375,0.04068903303048345,0.0760107760018678,0.001095877960542327,0.005297966913246856,0.004825686655074445,0.0004755094073933356,0.0028753395717161885
supplemental-2-8164d718635644c8aa3ce34f5e09a59e,S2_R6_ATC_M3_AL24477_C0_WFS_EDOF_EPD3,S2_R6_ATC_M3_AL24477_C0_WFS_EPD3,ATC_M3_AL24477,C0,WFS,EDOF,3.0,0.25,1.25,0.04247769005276484,0.08037953145048897,0.0066766609095834425,0.001455994356819312,0.0021476393363830094,0.0030960784277872244,0.000967821973100692
supplemental-2-8164d718635644c8aa3ce34f5e09a59e,S2_R6_ATC_M3_AL24477_C0_WFS_EDOF_EPD3,S2_R6_ATC_M3_AL24477_C0_WFS_EPD3,ATC_M3_AL24477,C0,WFS,EDOF,3.0,0.125,1.125,0.04699752194721769,0.06005087975872658,0.0034129304138692876,0.006108852247317062,0.01055817910129149,0.005927463447342091,0.0008648461605010404
supplemental-2-8164d718635644c8aa3ce34f5e09a59e,S2_R6_ATC_M3_AL24477_C0_WFS_EDOF_EPD3,S2_R6_ATC_M3_AL24477_C0_WFS_EPD3,ATC_M3_AL24477,C0,WFS,EDOF,3.0,0.0,1.0,0.050411851240280914,0.013903802668910809,0.024545964302954897,0.009868509398887886,0.010130939768159548,6.968550107413865e-05,0.0019737905153651737
supplemental-2-8164d718635644c8aa3ce34f5e09a59e,S2_R6_ATC_M3_AL24477_C0_WFS_EDOF_EPD3,S2_R6_ATC_M3_AL24477_C0_WFS_EPD3,ATC_M3_AL24477,C0,WFS,EDOF,3.0,-0.125,0.875,0.051484015580269625,0.05027701776735381,0.0345721504838786,0.0006571104304816083,0.0025918548522932522,0.0029081218682085407,0.003866337948639482
supplemental-2-8164d718635644c8aa3ce34f5e09a59e,S2_R6_ATC_M3_AL24477_C0_WFS_EDOF_EPD3,S2_R6_ATC_M3_AL24477_C0_WFS_EPD3,ATC_M3_AL24477,C0,WFS,EDOF,3.0,-0.25,0.75,0.05903930410248959,0.11714922440666214,0.018933728874449957,0.0070776142956818205,0.01353391428066815,0.0066949621521344115,0.0043831856805796945
supplemental-2-8164d718635644c8aa3ce34f5e09a59e,S2_R6_ATC_M3_AL24477_C0_WFS_EDOF_EPD3,S2_R6_ATC_M3_AL24477_C0_WFS_EPD3,ATC_M3_AL24477,C0,WFS,EDOF,3.0,-0.375,0.625,0.06347696930055849,0.16854825113218425,0.008839912824857441,0.0006840255610350841,0.022151203833480536,0.0011526314613068,0.0038085716727705677
supplemental-2-8164d718635644c8aa3ce34f5e09a59e,S2_R6_ATC_M3_AL24477_C0_WFS_EDOF_EPD3,S2_R6_ATC_M3_AL24477_C0_WFS_EPD3,ATC_M3_AL24477,C0,WFS,EDOF,3.0,-0.5,0.5,0.06518086612888102,0.1897665694414226,0.020716497566380394,0.0037816386984750694,0.0055016619423745965,0.0036266111497202267,0.0007043263522353721
supplemental-2-8164d718635644c8aa3ce34f5e09a59e,S2_R6_ATC_M3_AL24477_C0_WFS_EDOF_EPD3,S2_R6_ATC_M3_AL24477_C0_WFS_EPD3,ATC_M3_AL24477,C0,WFS,EDOF,3.0,-0.625,0.375,0.07613182075026886,0.1757410260045606,0.010785130188682612,0.015913591742580273,0.007175677503995127,0.010420498714179185,0.002093304629884449
supplemental-2-8164d718635644c8aa3ce34f5e09a59e,S2_R6_ATC_M3_AL24477_C0_WFS_EDOF_EPD3,S2_R6_ATC_M3_AL24477_C0_WFS_EPD3,ATC_M3_AL24477,C0,WFS,EDOF,3.0,-0.75,0.25,0.09658409530114609,0.13442251874858535,0.009977388427091219,0.03639391431227049,0.03771529955960552,0.011859375930165478,0.01699382788193954
supplemental-2-8164d718635644c8aa3ce34f5e09a59e,S2_R6_ATC_M3_AL24477_C0_WFS_EDOF_EPD3,S2_R6_ATC_M3_AL24477_C0_WFS_EPD3,ATC_M3_AL24477,C0,WFS,EDOF,3.0,-0.875,0.125,0.11047024904198323,0.08598949523496813,0.0531693660906195,0.04165204998790516,0.0359437041974269,0.018948767552048204,0.014174299918596464
supplemental-2-8164d718635644c8aa3ce34f5e09a59e,S2_R6_ATC_M3_AL24477_C0_WFS_EDOF_EPD3,S2_R6_ATC_M3_AL24477_C0_WFS_EPD3,ATC_M3_AL24477,C0,WFS,EDOF,3.0,-1.0,0.0,0.12437083389251836,0.05734332997195883,0.13148006566573794,0.06134320082758759,0.02101343527352132,0.0031481777650881173,0.012019809671250966
supplemental-2-8164d718635644c8aa3ce34f5e09a59e,S2_R6_ATC_M3_AL24477_C0_WFS_EDOF_EPD3,S2_R6_ATC_M3_AL24477_C0_WFS_EPD3,ATC_M3_AL24477,C0,WFS,EDOF,3.0,-1.125,-0.125,0.15421319537455197,0.07362283638084813,0.19054599420182883,0.10510262581654081,0.06320757624849463,0.021024804328926665,0.0005013657693104965
supplemental-2-8164d718635644c8aa3ce34f5e09a59e,S2_R6_ATC_M3_AL24477_C0_WFS_EDOF_EPD3,S2_R6_ATC_M3_AL24477_C0_WFS_EPD3,ATC_M3_AL24477,C0,WFS,EDOF,3.0,-1.25,-0.25,0.18010784676757324,0.14860623785435234,0.18672835417441297,0.119286627646986,0.08952593832676159,0.05246895788707819,0.013092503252222892
supplemental-2-8164d718635644c8aa3ce34f5e09a59e,S2_R6_ATC_M3_AL24477_C0_WFS_EDOF_EPD3,S2_R6_ATC_M3_AL24477_C0_WFS_EPD3,ATC_M3_AL24477,C0,WFS,EDOF,3.0,-1.375,-0.375,0.17605021231842585,0.277928105516999,0.15098334700094201,0.09139122239298408,0.028365068064070284,0.001248041816470946,0.04349219490268666
supplemental-2-8164d718635644c8aa3ce34f5e09a59e,S2_R6_ATC_M3_AL24477_C0_WFS_EDOF_EPD3,S2_R6_ATC_M3_AL24477_C0_WFS_EPD3,ATC_M3_AL24477,C0,WFS,EDOF,3.0,-1.5,-0.5,0.2126937234073317,0.4389483313414613,0.16717000723960135,0.11754349322788252,0.03646519465483114,0.00448102748480449,0.060690673365352776
supplemental-2-8164d718635644c8aa3ce34f5e09a59e,S2_R6_ATC_M3_AL24477_C0_WFS_EDOF_EPD3,S2_R6_ATC_M3_AL24477_C0_WFS_EPD3,ATC_M3_AL24477,C0,WFS,EDOF,3.0,-1.625,-0.625,0.34104957400710567,0.5953769203360155,0.2813564927576182,0.2511891755317749,0.21323132705730669,0.1706964313190335,0.08116140210485848
supplemental-2-8164d718635644c8aa3ce34f5e09a59e,S2_R6_ATC_M3_AL24477_C0_WFS_EDOF_EPD3,S2_R6_ATC_M3_AL24477_C0_WFS_EPD3,ATC_M3_AL24477,C0,WFS,EDOF,3.0,-1.75,-0.75,0.4529195072975259,0.7070138865304074,0.4299295122275652,0.3556493035486032,0.3165654569098482,0.2975668385432352,0.23393941472431662
supplemental-2-8164d718635644c8aa3ce34f5e09a59e,S2_R6_ATC_M3_AL24477_C0_WFS_EDOF_EPD3,S2_R6_ATC_M3_AL24477_C0_WFS_EPD3,ATC_M3_AL24477,C0,WFS,EDOF,3.0,-1.875,-0.875,0.4045345516423974,0.7415747695837894,0.47708601066784784,0.26597618907700304,0.16381911692813178,0.18384957073302555,0.21543311146734473
supplemental-2-8164d718635644c8aa3ce34f5e09a59e,S2_R6_ATC_M3_AL24477_C0_WFS_EDOF_EPD3,S2_R6_ATC_M3_AL24477_C0_WFS_EPD3,ATC_M3_AL24477,C0,WFS,EDOF,3.0,-2.0,-1.0,0.27796005052230527,0.6846487694669294,0.3417211577450511,0.05243669624734828,0.016464751548402275,0.040950263838283374,0.11517502186604048
supplemental-2-8164d718635644c8aa3ce34f5e09a59e,S2_R6_ATC_M3_AL24477_C0_WFS_EDOF_EPD3,S2_R6_ATC_M3_AL24477_C0_WFS_EPD3,ATC_M3_AL24477,C0,WFS,EDOF,3.0,-2.125,-1.125,0.2114658749992859,0.5445609092563122,0.08996795817735115,0.055431450243189496,0.0027848103014396523,0.049606105030599014,0.07783322466837674
supplemental-2-8164d718635644c8aa3ce34f5e09a59e,S2_R6_ATC_M3_AL24477_C0_WFS_EDOF_EPD3,S2_R6_ATC_M3_AL24477_C0_WFS_EPD3,ATC_M3_AL24477,C0,WFS,EDOF,3.0,-2.25,-1.25,0.1826460235660437,0.3504360575517048,0.10879997288361296,0.008446082657393324,0.06150093303501389,0.06599156056233857,0.05951905087058727
supplemental-2-8164d718635644c8aa3ce34f5e09a59e,S2_R6_ATC_M3_AL24477_C0_WFS_EDOF_EPD3,S2_R6_ATC_M3_AL24477_C0_WFS_EPD3,ATC_M3_AL24477,C0,WFS,EDOF,3.0,-2.375,-1.375,0.145150305815628,0.1440066475112341,0.12935441519699675,0.08491605018905175,0.023268194859037028,0.008774356535843464,0.006829023478546881
supplemental-2-8164d718635644c8aa3ce34f5e09a59e,S2_R6_ATC_M3_AL24477_C0_WFS_EDOF_EPD3,S2_R6_ATC_M3_AL24477_C0_WFS_EPD3,ATC_M3_AL24477,C0,WFS,EDOF,3.0,-2.5,-1.5,0.1286836446836481,0.03221130684732261,0.0007009354936343519,0.059407838282902324,0.01565936376588256,0.006144951451185161,0.017400370951545896
supplemental-2-8164d718635644c8aa3ce34f5e09a59e,S2_R6_ATC_M3_AL24477_C0_WFS_EDOF_EPD3,S2_R6_ATC_M3_AL24477_C0_WFS_EPD3,ATC_M3_AL24477,C0,WFS,EDOF,3.0,-2.625,-1.625,0.11660229630737666,0.14656460057965276,0.13665359925989584,0.003745707244879686,0.014633061980893921,0.026479959781797378,0.0032545925361902274
supplemental-2-8164d718635644c8aa3ce34f5e09a59e,S2_R6_ATC_M3_AL24477_C0_WFS_EDOF_EPD3,S2_R6_ATC_M3_AL24477_C0_WFS_EPD3,ATC_M3_AL24477,C0,WFS,EDOF,3.0,-2.75,-1.75,0.10560462895884662,0.18611483833718379,0.1566116349219238,0.0045143436520099145,0.021924454453510454,0.017110192352723902,0.007087736430613785
supplemental-2-8164d718635644c8aa3ce34f5e09a59e,S2_R6_ATC_M3_AL24477_C0_WFS_EDOF_EPD3,S2_R6_ATC_M3_AL24477_C0_WFS_EPD3,ATC_M3_AL24477,C0,WFS,EDOF,3.0,-2.875,-1.875,0.09257635753642388,0.15830464681467454,0.06431741197370512,0.024560024858533647,0.012137909298440972,0.00645533570679609,0.007189491078545534
supplemental-2-8164d718635644c8aa3ce34f5e09a59e,S2_R6_ATC_M3_AL24477_C0_WFS_EDOF_EPD3,S2_R6_ATC_M3_AL24477_C0_WFS_EPD3,ATC_M3_AL24477,C0,WFS,EDOF,3.0,-3.0,-2.0,0.0825625244749398,0.08644042259540727,0.03853053759589371,0.008689060851620025,0.012610842648262401,0.0022615059062804483,0.0017559457947206232
supplemental-2-8164d718635644c8aa3ce34f5e09a59e,S2_R6_ATC_M3_AL24477_C0_WFS_EDOF_EPD3,S2_R6_ATC_M3_AL24477_C0_WFS_EPD3,ATC_M3_AL24477,C0,WFS,EDOF,3.0,-3.125,-2.125,0.07510445071228927,0.0008668002467114853,0.06548674961920552,0.01180459645715936,0.008347118687056536,0.004851663888955349,0.007540832022043429
supplemental-2-8164d718635644c8aa3ce34f5e09a59e,S2_R6_ATC_M3_AL24477_C0_WFS_EDOF_EPD3,S2_R6_ATC_M3_AL24477_C0_WFS_EPD3,ATC_M3_AL24477,C0,WFS,EDOF,3.0,-3.25,-2.25,0.06948743035759068,0.07089531365789072,0.021079430607670313,0.0019904545239569646,0.0015901733405229716,0.007216873233621338,0.0005462245220712446
supplemental-2-8164d718635644c8aa3ce34f5e09a59e,S2_R6_ATC_M3_AL24477_C0_WFS_EDOF_EPD3,S2_R6_ATC_M3_AL24477_C0_WFS_EPD3,ATC_M3_AL24477,C0,WFS,EDOF,3.0,-3.375,-2.375,0.06214868106176916,0.11169308164824217,0.02711836039603928,0.019578974352177668,0.0057271295387297475,0.0025238625874469322,0.0024966441221820094
supplemental-2-8164d718635644c8aa3ce34f5e09a59e,S2_R6_ATC_M3_AL24477_C0_WFS_EDOF_EPD3,S2_R6_ATC_M3_AL24477_C0_WFS_EPD3,ATC_M3_AL24477,C0,WFS,EDOF,3.0,-3.5,-2.5,0.058399553466373155,0.11779287804380262,0.030553029854888815,0.008436974634274914,0.006919228580283376,0.0049123107577891305,0.003582542513633862
supplemental-2-8164d718635644c8aa3ce34f5e09a59e,S2_R6_ATC_M3_AL24477_C0_WFS_EDOF_EPD3,S2_R6_ATC_M3_AL24477_C0_WFS_EPD3,ATC_M3_AL24477,C0,WFS,EDOF,3.0,-3.625,-2.625,0.052625576261407986,0.09694750305574998,0.0011944074980096112,0.006760299756124607,0.007242775364390176,0.0006976068529028039,0.001831605967577042
supplemental-2-8164d718635644c8aa3ce34f5e09a59e,S2_R6_ATC_M3_AL24477_C0_WFS_EDOF_EPD3,S2_R6_ATC_M3_AL24477_C0_WFS_EPD3,ATC_M3_AL24477,C0,WFS,EDOF,3.0,-3.75,-2.75,0.0483646806977502,0.06304562839409997,0.01971287597701378,0.001496723775941023,0.004304291535130076,0.0010302687581958821,0.002610860187821265
supplemental-2-8164d718635644c8aa3ce34f5e09a59e,S2_R6_ATC_M3_AL24477_C0_WFS_EDOF_EPD3,S2_R6_ATC_M3_AL24477_C0_WFS_EPD3,ATC_M3_AL24477,C0,WFS,EDOF,3.0,-3.875,-2.875,0.043871592431570954,0.02970072557763879,0.014167225864728067,0.004587325436213394,0.0009046447734077712,0.002649055629454118,0.0004180435927489455
supplemental-2-8164d718635644c8aa3ce34f5e09a59e,S2_R6_ATC_M3_AL24477_C0_WFS_EDOF_EPD3,S2_R6_ATC_M3_AL24477_C0_WFS_EPD3,ATC_M3_AL24477,C0,WFS,EDOF,3.0,-4.0,-3.0,0.04135499265957122,0.005347758609428854,0.0008473151183423247,0.0033252229479279046,0.005203645681169659,0.0013098087341252111,0.001305951680640174
supplemental-2-8164d718635644c8aa3ce34f5e09a59e,S2_R6_ATC_M3_AL24477_C0_WFS_EDOF_EPD3,S2_R6_ATC_M3_AL24477_C0_WFS_EPD3,ATC_M3_AL24477,C0,WFS,EDOF,3.0,-4.125,-3.125,0.03942102921524044,0.008336687620911647,0.004146663757045592,0.006680413070193285,0.00033554473875353004,0.0019660502790458255,0.0024156788291104327
supplemental-2-8164d718635644c8aa3ce34f5e09a59e,S2_R6_ATC_M3_AL24477_C0_WFS_EDOF_EPD3,S2_R6_ATC_M3_AL24477_C0_WFS_EPD3,ATC_M3_AL24477,C0,WFS,EDOF,3.0,-4.25,-3.25,0.03706590772113302,0.015006949003700136,0.0034506574003982608,0.002403978546366547,0.0014288091027593254,0.0018733108580235957,0.001067338011711316
supplemental-2-8164d718635644c8aa3ce34f5e09a59e,S2_R6_ATC_M3_AL24477_C0_WFS_EDOF_EPD3,S2_R6_ATC_M3_AL24477_C0_WFS_EPD3,ATC_M3_AL24477,C0,WFS,EDOF,3.0,-4.375,-3.375,0.035195009240526834,0.020156476765269826,0.006932588529472483,0.005161716196093358,0.00319008027243767,0.0007086310990289172,0.001990552225187163
supplemental-2-8164d718635644c8aa3ce34f5e09a59e,S2_R6_ATC_M3_AL24477_C0_WFS_EDOF_EPD3,S2_R6_ATC_M3_AL24477_C0_WFS_EPD3,ATC_M3_AL24477,C0,WFS,EDOF,3.0,-4.5,-3.5,0.033747319638244795,0.02733974443968739,0.0008738104712989838,0.0028816052460444753,8.699418660740172e-05,0.0022105114598302035,2.7096953033177918e-05
supplemental-2-8164d718635644c8aa3ce34f5e09a59e,S2_R6_ATC_M3_AL24477_C0_WFS_EDOF_EPD3,S2_R6_ATC_M3_AL24477_C0_WFS_EPD3,ATC_M3_AL24477,C0,WFS,EDOF,3.0,-4.625,-3.625,0.031885515203082235,0.036297811704352666,0.005330952196868051,0.00446703737448952,0.002776615574103803,0.0018431736625017401,0.0008149314926536172
supplemental-2-8164d718635644c8aa3ce34f5e09a59e,S2_R6_ATC_M3_AL24477_C0_WFS_EDOF_EPD3,S2_R6_ATC_M3_AL24477_C0_WFS_EPD3,ATC_M3_AL24477,C0,WFS,EDOF,3.0,-4.75,-3.75,0.030060933839226246,0.04322344847570668,0.0037575414509549744,0.0022167131049691154,0.001359250072730799,0.0008917656828515746,0.0014088017580539019
supplemental-2-8164d718635644c8aa3ce34f5e09a59e,S2_R6_ATC_M3_AL24477_C0_WFS_EDOF_EPD3,S2_R6_ATC_M3_AL24477_C0_WFS_EPD3,ATC_M3_AL24477,C0,WFS,EDOF,3.0,-4.875,-3.875,0.028199604868332725,0.04334698708994175,0.0005944806211491546,0.0026638532211034254,0.0012502563280056185,0.0020391219463697235,8.114599814591702e-05
supplemental-2-8164d718635644c8aa3ce34f5e09a59e,S2_R6_ATC_M3_AL24477_C0_WFS_EDOF_EPD3,S2_R6_ATC_M3_AL24477_C0_WFS_EPD3,ATC_M3_AL24477,C0,WFS,EDOF,3.0,-5.0,-4.0,0.028101528668174527,0.03358803777586031,0.0010745524096927323,0.002242461146691287,0.001815510019931937,0.0005414255798128649,0.0022317246424967533
supplemental-2-8164d718635644c8aa3ce34f5e09a59e,S2_R6_ATC_M3_AL24477_C0_WFS_MONO_EPD5,S2_R6_ATC_M3_AL24477_C0_WFS_EPD5,ATC_M3_AL24477,C0,WFS,MONO,5.0,1.0,1.625,0.031074203719686066,0.0025348802437929635,0.00859505706443793,0.031091202629081122,0.002188311118441169,0.0001310739998489951,0.0013612505773694574
supplemental-2-8164d718635644c8aa3ce34f5e09a59e,S2_R6_ATC_M3_AL24477_C0_WFS_MONO_EPD5,S2_R6_ATC_M3_AL24477_C0_WFS_EPD5,ATC_M3_AL24477,C0,WFS,MONO,5.0,0.875,1.5,0.03441437029939132,0.0010146689918826247,0.014580444914607301,0.01098609336120275,0.0014241208725656053,0.002359338807718405,0.0020254216833105517
supplemental-2-8164d718635644c8aa3ce34f5e09a59e,S2_R6_ATC_M3_AL24477_C0_WFS_MONO_EPD5,S2_R6_ATC_M3_AL24477_C0_WFS_EPD5,ATC_M3_AL24477,C0,WFS,MONO,5.0,0.75,1.375,0.03835527807469314,0.007612224197507173,0.016914550835003976,0.004998447971433377,0.006239663553163898,0.0017254680613792792,0.00046482548164424525
supplemental-2-8164d718635644c8aa3ce34f5e09a59e,S2_R6_ATC_M3_AL24477_C0_WFS_MONO_EPD5,S2_R6_ATC_M3_AL24477_C0_WFS_EPD5,ATC_M3_AL24477,C0,WFS,MONO,5.0,0.625,1.25,0.04190223767312863,0.008016768315789256,0.03253194267836924,0.0036186127606006773,0.01387919412346433,0.003361797132196279,0.0025527113218728366
supplemental-2-8164d718635644c8aa3ce34f5e09a59e,S2_R6_ATC_M3_AL24477_C0_WFS_MONO_EPD5,S2_R6_ATC_M3_AL24477_C0_WFS_EPD5,ATC_M3_AL24477,C0,WFS,MONO,5.0,0.5,1.125,0.04641096764805805,0.00678292708019886,0.013576478285129256,0.010371663426605256,0.020054425368434534,0.0029368801596132126,0.00042862141654966663
supplemental-2-8164d718635644c8aa3ce34f5e09a59e,S2_R6_ATC_M3_AL24477_C0_WFS_MONO_EPD5,S2_R6_ATC_M3_AL24477_C0_WFS_EPD5,ATC_M3_AL24477,C0,WFS,MONO,5.0,0.375,1.0,0.04918008655937922,0.030765226623175344,0.04446184478629007,0.02145917001164903,0.023545384700190776,0.002973090368325877,0.0029704826188664997
supplemental-2-8164d718635644c8aa3ce34f5e09a59e,S2_R6_ATC_M3_AL24477_C0_WFS_MONO_EPD5,S2_R6_ATC_M3_AL24477_C0_WFS_EPD5,ATC_M3_AL24477,C0,WFS,MONO,5.0,0.25,0.875,0.051937153050867414,0.037978698625067156,0.007897093106917469,0.013349665541921848,0.01994726521102816,0.005947958453569435,0.00281345772524401
supplemental-2-8164d718635644c8aa3ce34f5e09a59e,S2_R6_ATC_M3_AL24477_C0_WFS_MONO_EPD5,S2_R6_ATC_M3_AL24477_C0_WFS_EPD5,ATC_M3_AL24477,C0,WFS,MONO,5.0,0.125,0.75,0.05631031478391625,0.003954134736361078,0.033542467562239414,0.004331238456658095,0.013036381702084814,0.006647784508712805,0.0038541477487397443
supplemental-2-8164d718635644c8aa3ce34f5e09a59e,S2_R6_ATC_M3_AL24477_C0_WFS_MONO_EPD5,S2_R6_ATC_M3_AL24477_C0_WFS_EPD5,ATC_M3_AL24477,C0,WFS,MONO,5.0,0.0,0.625,0.058951043146828544,0.05895268931283855,0.024593803947994583,0.014462496847641573,0.00214720003903009,0.029926139442112087,0.0007786428617828907
supplemental-2-8164d718635644c8aa3ce34f5e09a59e,S2_R6_ATC_M3_AL24477_C0_WFS_MONO_EPD5,S2_R6_ATC_M3_AL24477_C0_WFS_EPD5,ATC_M3_AL24477,C0,WFS,MONO,5.0,-0.125,0.5,0.06387375989658574,0.09134363062731851,0.012640105455426527,0.002984533357626628,0.007696555305813194,0.0468751133857615,0.010495218439445266
supplemental-2-8164d718635644c8aa3ce34f5e09a59e,S2_R6_ATC_M3_AL24477_C0_WFS_MONO_EPD5,S2_R6_ATC_M3_AL24477_C0_WFS_EPD5,ATC_M3_AL24477,C0,WFS,MONO,5.0,-0.25,0.375,0.07342503334494291,0.027218127094756652,0.014851937775819318,0.00609641576644051,0.018297680201410323,0.03500061371485938,0.04258329045987443
supplemental-2-8164d718635644c8aa3ce34f5e09a59e,S2_R6_ATC_M3_AL24477_C0_WFS_MONO_EPD5,S2_R6_ATC_M3_AL24477_C0_WFS_EPD5,ATC_M3_AL24477,C0,WFS,MONO,5.0,-0.375,0.25,0.08993880494297275,0.13692976581011046,0.03379478399132288,0.02722447002017234,0.0010892786925888478,0.025824799717744894,0.029531113271930972
supplemental-2-8164d718635644c8aa3ce34f5e09a59e,S2_R6_ATC_M3_AL24477_C0_WFS_MONO_EPD5,S2_R6_ATC_M3_AL24477_C0_WFS_EPD5,ATC_M3_AL24477,C0,WFS,MONO,5.0,-0.5,0.125,0.1566270480975658,0.31312529551310975,0.149640446786586,0.07035883759798675,0.05101301876008109,0.04583371945285512,0.04307876818021798
supplemental-2-8164d718635644c8aa3ce34f5e09a59e,S2_R6_ATC_M3_AL24477_C0_WFS_MONO_EPD5,S2_R6_ATC_M3_AL24477_C0_WFS_EPD5,ATC_M3_AL24477,C0,WFS,MONO,5.0,-0.625,0.0,0.23770418299197005,0.37741102304421714,0.2636083574842288,0.13840887591759632,0.12819876235430328,0.08709150890386251,0.0858537033706376
supplemental-2-8164d718635644c8aa3ce34f5e09a59e,S2_R6_ATC_M3_AL24477_C0_WFS_MONO_EPD5,S2_R6_ATC_M3_AL24477_C0_WFS_EPD5,ATC_M3_AL24477,C0,WFS,MONO,5.0,-0.75,-0.125,0.14924572839047967,0.27431480798550734,0.03893883052557999,0.06110511920310521,0.025302887560538768,0.03829700017254169,0.04455108959526291
supplemental-2-8164d718635644c8aa3ce34f5e09a59e,S2_R6_ATC_M3_AL24477_C0_WFS_MONO_EPD5,S2_R6_ATC_M3_AL24477_C0_WFS_EPD5,ATC_M3_AL24477,C0,WFS,MONO,5.0,-0.875,-0.25,0.10008406524606703,0.07628381078251409,0.03289848002224793,0.01416292351468347,0.00794810411959153,0.007184807094757023,0.023190502185295378
supplemental-2-8164d718635644c8aa3ce34f5e09a59e,S2_R6_ATC_M3_AL24477_C0_WFS_MONO_EPD5,S2_R6_ATC_M3_AL24477_C0_WFS_EPD5,ATC_M3_AL24477,C0,WFS,MONO,5.0,-1.0,-0.375,0.11805885982986668,0.06709728289112686,0.09906189173703414,0.029651957683081376,0.044836437920624694,0.04769338085449723,0.0345533077931487
supplemental-2-8164d718635644c8aa3ce34f5e09a59e,S2_R6_ATC_M3_AL24477_C0_WFS_MONO_EPD5,S2_R6_ATC_M3_AL24477_C0_WFS_EPD5,ATC_M3_AL24477,C0,WFS,MONO,5.0,-1.125,-0.5,0.09412823199631902,0.05232718370155952,0.04968530268671674,0.016083234219380682,0.022696904479754657,0.020774792158435924,0.005083191901248568
supplemental-2-8164d718635644c8aa3ce34f5e09a59e,S2_R6_ATC_M3_AL24477_C0_WFS_MONO_EPD5,S2_R6_ATC_M3_AL24477_C0_WFS_EPD5,ATC_M3_AL24477,C0,WFS,MONO,5.0,-1.25,-0.625,0.10138891290853706,0.09507734214607416,0.007585366346098963,0.06633183382260248,0.03266744184734002,0.015539472397768511,0.015256017096836234
supplemental-2-8164d718635644c8aa3ce34f5e09a59e,S2_R6_ATC_M3_AL24477_C0_WFS_MONO_EPD5,S2_R6_ATC_M3_AL24477_C0_WFS_EPD5,ATC_M3_AL24477,C0,WFS,MONO,5.0,-1.375,-0.75,0.09910920094675807,0.25552616348999163,0.03979271160616191,1.1576153460712729e-05,0.021318349181266318,0.034412480401128834,0.02593359813280781
supplemental-2-8164d718635644c8aa3ce34f5e09a59e,S2_R6_ATC_M3_AL24477_C0_WFS_MONO_EPD5,S2_R6_ATC_M3_AL24477_C0_WFS_EPD5,ATC_M3_AL24477,C0,WFS,MONO,5.0,-1.5,-0.875,0.11958174259181052,0.33052596705212967,0.0678261291147751,0.0188148847273614,0.0071801400555590675,0.024892747530587733,0.03138764338165601
supplemental-2-8164d718635644c8aa3ce34f5e09a59e,S2_R6_ATC_M3_AL24477_C0_WFS_MONO_EPD5,S2_R6_ATC_M3_AL24477_C0_WFS_EPD5,ATC_M3_AL24477,C0,WFS,MONO,5.0,-1.625,-1.0,0.19249155346478108,0.32215770789622034,0.20533261139075693,0.13422581167838438,0.08616983164352052,0.0546322382165622,0.03519731298967817
supplemental-2-8164d718635644c8aa3ce34f5e09a59e,S2_R6_ATC_M3_AL24477_C0_WFS_MONO_EPD5,S2_R6_ATC_M3_AL24477_C0_WFS_EPD5,ATC_M3_AL24477,C0,WFS,MONO,5.0,-1.75,-1.125,0.2968837047987761,0.30169279934367066,0.34235443787247544,0.2819039046971982,0.24037389837761922,0.2021130471757167,0.16147554944072834
supplemental-2-8164d718635644c8aa3ce34f5e09a59e,S2_R6_ATC_M3_AL24477_C0_WFS_MONO_EPD5,S2_R6_ATC_M3_AL24477_C0_WFS_EPD5,ATC_M3_AL24477,C0,WFS,MONO,5.0,-1.875,-1.25,0.23635187432663032,0.3131398131193225,0.2684448218704798,0.1992005842984979,0.14246398290628667,0.10962723339854122,0.09481319722710971
supplemental-2-8164d718635644c8aa3ce34f5e09a59e,S2_R6_ATC_M3_AL24477_C0_WFS_MONO_EPD5,S2_R6_ATC_M3_AL24477_C0_WFS_EPD5,ATC_M3_AL24477,C0,WFS,MONO,5.0,-2.0,-1.375,0.12407214736378712,0.32236899351006226,0.133587254728935,0.03552354351817605,0.004106292847393834,0.0071218161359541,0.002088246091396928
supplemental-2-8164d718635644c8aa3ce34f5e09a59e,S2_R6_ATC_M3_AL24477_C0_WFS_MONO_EPD5,S2_R6_ATC_M3_AL24477_C0_WFS_EPD5,ATC_M3_AL24477,C0,WFS,MONO,5.0,-2.125,-1.5,0.09162467934682918,0.26502762139568964,0.011104472886384067,0.05036990957552018,0.017088539999239476,0.0013251522470373272,0.003841593115810333
supplemental-2-8164d718635644c8aa3ce34f5e09a59e,S2_R6_ATC_M3_AL24477_C0_WFS_MONO_EPD5,S2_R6_ATC_M3_AL24477_C0_WFS_EPD5,ATC_M3_AL24477,C0,WFS,MONO,5.0,-2.25,-1.625,0.07230834254017061,0.13169856656779982,0.07405474166913868,0.005072173825961758,0.007279214820588223,0.007452024246441546,0.005859131767599247
supplemental-2-8164d718635644c8aa3ce34f5e09a59e,S2_R6_ATC_M3_AL24477_C0_WFS_MONO_EPD5,S2_R6_ATC_M3_AL24477_C0_WFS_EPD5,ATC_M3_AL24477,C0,WFS,MONO,5.0,-2.375,-1.75,0.060016546408208346,0.011144366866811273,0.03081552118026473,0.013844263926917963,0.007551075823028185,0.0025779246704563837,0.0030106211933634214
supplemental-2-8164d718635644c8aa3ce34f5e09a59e,S2_R6_ATC_M3_AL24477_C0_WFS_MONO_EPD5,S2_R6_ATC_M3_AL24477_C0_WFS_EPD5,ATC_M3_AL24477,C0,WFS,MONO,5.0,-2.5,-1.875,0.05109027437505555,0.0864394724495442,0.01790045687125491,0.009346102084323783,0.004745397687518553,0.0015555192048617283,0.0015176367578358103
supplemental-2-8164d718635644c8aa3ce34f5e09a59e,S2_R6_ATC_M3_AL24477_C0_WFS_MONO_EPD5,S2_R6_ATC_M3_AL24477_C0_WFS_EPD5,ATC_M3_AL24477,C0,WFS,MONO,5.0,-2.625,-2.0,0.04269456719445487,0.07905467161584474,0.011751191534085444,0.010835620771757296,0.0018188612136423978,0.003812062994710371,0.00252858719419477
supplemental-2-8164d718635644c8aa3ce34f5e09a59e,S2_R6_ATC_M3_AL24477_C0_WFS_MONO_EPD5,S2_R6_ATC_M3_AL24477_C0_WFS_EPD5,ATC_M3_AL24477,C0,WFS,MONO,5.0,-2.75,-2.125,0.03836759570508421,0.03518056760154502,0.014128128360971768,0.0009979665646260465,0.004548797610406538,8.74264337720995e-05,3.8868734213931373e-05
supplemental-2-8164d718635644c8aa3ce34f5e09a59e,S2_R6_ATC_M3_AL24477_C0_WFS_MONO_EPD5,S2_R6_ATC_M3_AL24477_C0_WFS_EPD5,ATC_M3_AL24477,C0,WFS,MONO,5.0,-2.875,-2.25,0.03388786396778343,0.002974586278445582,0.006814271459565577,0.0003230560544365777,0.0024121805112556965,0.0015817398509879428,0.0013173365328377805
supplemental-2-8164d718635644c8aa3ce34f5e09a59e,S2_R6_ATC_M3_AL24477_C0_WFS_MONO_EPD5,S2_R6_ATC_M3_AL24477_C0_WFS_EPD5,ATC_M3_AL24477,C0,WFS,MONO,5.0,-3.0,-2.375,0.03080075309947381,0.007564278997602766,0.014275135410094088,0.0036663936050699607,0.0008749843722653423,0.0022278000779312065,0.000776600245248085
supplemental-2-8164d718635644c8aa3ce34f5e09a59e,S2_R6_ATC_M3_AL24477_C0_WFS_MONO_EPD5,S2_R6_ATC_M3_AL24477_C0_WFS_EPD5,ATC_M3_AL24477,C0,WFS,MONO,5.0,-3.125,-2.5,0.026710353903302262,0.008623304093934733,0.0063884022116391225,0.005163421242211074,0.002452432571702976,0.0018394979106323506,0.0003346080611094166
supplemental-2-8164d718635644c8aa3ce34f5e09a59e,S2_R6_ATC_M3_AL24477_C0_WFS_MONO_EPD5,S2_R6_ATC_M3_AL24477_C0_WFS_EPD5,ATC_M3_AL24477,C0,WFS,MONO,5.0,-3.25,-2.625,0.026657632360210272,0.006388435940973912,0.0016655613323069626,0.0015900596706997496,0.0022468712253036127,0.001550090681959992,0.0015111426824456582
supplemental-2-8164d718635644c8aa3ce34f5e09a59e,S2_R6_ATC_M3_AL24477_C0_WFS_MONO_EPD5,S2_R6_ATC_M3_AL24477_C0_WFS_EPD5,ATC_M3_AL24477,C0,WFS,MONO,5.0,-3.375,-2.75,0.025245517242220294,0.001710945829086286,0.002155533034333441,0.0006500981631430437,0.0021816816160823487,9.708532850576473e-05,0.0004795121636754099
supplemental-2-8164d718635644c8aa3ce34f5e09a59e,S2_R6_ATC_M3_AL24477_C0_WFS_MONO_EPD5,S2_R6_ATC_M3_AL24477_C0_WFS_EPD5,ATC_M3_AL24477,C0,WFS,MONO,5.0,-3.5,-2.875,0.02390596095836903,0.0011052051428488943,0.001234314712023286,0.0013867646426592916,0.0007754553911048076,0.0008749693060897594,0.0013610962712304491
supplemental-2-8164d718635644c8aa3ce34f5e09a59e,S2_R6_ATC_M3_AL24477_C0_WFS_MONO_EPD5,S2_R6_ATC_M3_AL24477_C0_WFS_EPD5,ATC_M3_AL24477,C0,WFS,MONO,5.0,-3.625,-3.0,0.022230878438328393,0.008297209617254943,0.007338089785527634,0.001698735955964318,0.000320061916832917,0.0005570676037415835,4.317409505644765e-05
supplemental-2-8164d718635644c8aa3ce34f5e09a59e,S2_R6_ATC_M3_AL24477_C0_WFS_MONO_EPD5,S2_R6_ATC_M3_AL24477_C0_WFS_EPD5,ATC_M3_AL24477,C0,WFS,MONO,5.0,-3.75,-3.125,0.02123326939273512,0.012501931101546666,0.004417419519330003,0.0004038520199609139,0.0017899035564872792,0.0006802961368089528,0.0003822712561721138
supplemental-2-8164d718635644c8aa3ce34f5e09a59e,S2_R6_ATC_M3_AL24477_C0_WFS_MONO_EPD5,S2_R6_ATC_M3_AL24477_C0_WFS_EPD5,ATC_M3_AL24477,C0,WFS,MONO,5.0,-3.875,-3.25,0.018949029762633216,0.0012533496088241538,0.002399615252651026,0.0008865667968813895,0.0005657155806066593,0.0001895543065378674,0.0016199836267350482
supplemental-2-8164d718635644c8aa3ce34f5e09a59e,S2_R6_ATC_M3_AL24477_C0_WFS_MONO_EPD5,S2_R6_ATC_M3_AL24477_C0_WFS_EPD5,ATC_M3_AL24477,C0,WFS,MONO,5.0,-4.0,-3.375,0.01807118239666289,0.017995032812027995,0.0038754023007371895,0.0004817504166985198,5.324581581620298e-05,0.0012265123414374054,0.00016979126320222472
supplemental-2-8164d718635644c8aa3ce34f5e09a59e,S2_R6_ATC_M3_AL24477_C0_WFS_MONO_EPD5,S2_R6_ATC_M3_AL24477_C0_WFS_EPD5,ATC_M3_AL24477,C0,WFS,MONO,5.0,-4.125,-3.5,0.016952452520153004,0.023138562295400743,0.0032315516233039744,0.00047558209569582724,0.001199213303877665,0.0006971521998932991,0.0017129477087669957
supplemental-2-8164d718635644c8aa3ce34f5e09a59e,S2_R6_ATC_M3_AL24477_C0_WFS_MONO_EPD5,S2_R6_ATC_M3_AL24477_C0_WFS_EPD5,ATC_M3_AL24477,C0,WFS,MONO,5.0,-4.25,-3.625,0.016498240878349408,0.0057295269633914885,0.002368716880089798,0.0013438474224131748,0.0006020519026281842,0.0014192009779903552,0.0009080628493987452
supplemental-2-8164d718635644c8aa3ce34f5e09a59e,S2_R6_ATC_M3_AL24477_C0_WFS_MONO_EPD5,S2_R6_ATC_M3_AL24477_C0_WFS_EPD5,ATC_M3_AL24477,C0,WFS,MONO,5.0,-4.375,-3.75,0.01833437671330792,0.016496841257550743,0.0020645019228193746,0.0006296203357822794,6.224487682880987e-05,0.0005906960127191203,0.000953177517186706
supplemental-2-8164d718635644c8aa3ce34f5e09a59e,S2_R6_ATC_M3_AL24477_C0_WFS_MONO_EPD5,S2_R6_ATC_M3_AL24477_C0_WFS_EPD5,ATC_M3_AL24477,C0,WFS,MONO,5.0,-4.5,-3.875,0.01946457133058734,0.019955224060058997,0.0037347908292562227,0.001176520300330595,8.275506705042716e-06,0.00048520851144477287,0.0019490137405831936
supplemental-2-8164d718635644c8aa3ce34f5e09a59e,S2_R6_ATC_M3_AL24477_C0_WFS_MONO_EPD5,S2_R6_ATC_M3_AL24477_C0_WFS_EPD5,ATC_M3_AL24477,C0,WFS,MONO,5.0,-4.625,-4.0,0.01927617863633508,0.0029729542412182536,0.0030121026939228064,0.001198751839864869,0.00046634010477472604,0.0005420170233443402,0.00021675593097357268
supplemental-2-8164d718635644c8aa3ce34f5e09a59e,S2_R6_ATC_M3_AL24477_C0_WFS_MONO_EPD5,S2_R6_ATC_M3_AL24477_C0_WFS_EPD5,ATC_M3_AL24477,C0,WFS,MONO,5.0,-4.75,-4.125,0.018906733594541213,0.013887147356455756,0.0002947708786563289,0.00022728155454158905,6.1032349110335964e-05,0.00024280215499169702,0.0004356900949334578
supplemental-2-8164d718635644c8aa3ce34f5e09a59e,S2_R6_ATC_M3_AL24477_C0_WFS_MONO_EPD5,S2_R6_ATC_M3_AL24477_C0_WFS_EPD5,ATC_M3_AL24477,C0,WFS,MONO,5.0,-4.875,-4.25,0.018759406002354713,0.01271254003531274,0.0027825045858658687,0.0011648283319202828,0.0003255483987170606,0.00037740246944780234,0.0016184058454954348
supplemental-2-8164d718635644c8aa3ce34f5e09a59e,S2_R6_ATC_M3_AL24477_C0_WFS_MONO_EPD5,S2_R6_ATC_M3_AL24477_C0_WFS_EPD5,ATC_M3_AL24477,C0,WFS,MONO,5.0,-5.0,-4.375,0.018121869111693466,0.001706126967041562,0.0038783074959304457,0.00010705466931862481,0.0004897766406564877,0.0017442280065584517,0.000269971194048732
supplemental-2-8164d718635644c8aa3ce34f5e09a59e,S2_R6_ATC_M3_AL24477_C0_WFS_EDOF_EPD5,S2_R6_ATC_M3_AL24477_C0_WFS_EPD5,ATC_M3_AL24477,C0,WFS,EDOF,5.0,1.0,1.625,0.032462610444112715,0.00023244176078077942,0.01050833760719214,0.024252829350165477,0.003616973056127132,0.0009030911007643277,0.0015531300659641701
supplemental-2-8164d718635644c8aa3ce34f5e09a59e,S2_R6_ATC_M3_AL24477_C0_WFS_EDOF_EPD5,S2_R6_ATC_M3_AL24477_C0_WFS_EPD5,ATC_M3_AL24477,C0,WFS,EDOF,5.0,0.875,1.5,0.035930596279899765,0.006848421375942686,0.01485280346917466,0.007490426316053473,0.0022294153013223614,0.0018699430205243268,0.0008429537657155099
supplemental-2-8164d718635644c8aa3ce34f5e09a59e,S2_R6_ATC_M3_AL24477_C0_WFS_EDOF_EPD5,S2_R6_ATC_M3_AL24477_C0_WFS_EPD5,ATC_M3_AL24477,C0,WFS,EDOF,5.0,0.75,1.375,0.040034496641431196,0.017677786113073128,0.01658669063251918,0.001878466190048555,0.003200361349672049,0.0005741924581806999,0.0018287813526400626
supplemental-2-8164d718635644c8aa3ce34f5e09a59e,S2_R6_ATC_M3_AL24477_C0_WFS_EDOF_EPD5,S2_R6_ATC_M3_AL24477_C0_WFS_EPD5,ATC_M3_AL24477,C0,WFS,EDOF,5.0,0.625,1.25,0.0436475772237183,0.02283003845800903,0.035307398288187825,0.004004006697630201,0.0012976301667564228,0.005577213077773082,0.0018743474611957213
supplemental-2-8164d718635644c8aa3ce34f5e09a59e,S2_R6_ATC_M3_AL24477_C0_WFS_EDOF_EPD5,S2_R6_ATC_M3_AL24477_C0_WFS_EPD5,ATC_M3_AL24477,C0,WFS,EDOF,5.0,0.5,1.125,0.046404139416081264,0.012140292904861374,0.01672469403748473,0.01594082275077893,0.001661448417339124,0.008041669273361439,0.0033580301164365233
supplemental-2-8164d718635644c8aa3ce34f5e09a59e,S2_R6_ATC_M3_AL24477_C0_WFS_EDOF_EPD5,S2_R6_ATC_M3_AL24477_C0_WFS_EPD5,ATC_M3_AL24477,C0,WFS,EDOF,5.0,0.375,1.0,0.04791932695515821,0.00984020914511613,0.04483495385260679,0.014615017218391771,0.006921341557158123,0.00017960861689556316,0.0035285685951986136
supplemental-2-8164d718635644c8aa3ce34f5e09a59e,S2_R6_ATC_M3_AL24477_C0_WFS_EDOF_EPD5,S2_R6_ATC_M3_AL24477_C0_WFS_EPD5,ATC_M3_AL24477,C0,WFS,EDOF,5.0,0.25,0.875,0.048356757541033454,0.018609592234957645,0.0034353445209809146,0.004545224340671481,0.0015615499277478974,0.00859732283133403,0.0016527779723346028
supplemental-2-8164d718635644c8aa3ce34f5e09a59e,S2_R6_ATC_M3_AL24477_C0_WFS_EDOF_EPD5,S2_R6_ATC_M3_AL24477_C0_WFS_EPD5,ATC_M3_AL24477,C0,WFS,EDOF,5.0,0.125,0.75,0.05085341021007077,0.009292656235459109,0.02844451448340011,0.01100908458069136,0.003695666016181233,0.006418987223658577,0.006096226713860654
supplemental-2-8164d718635644c8aa3ce34f5e09a59e,S2_R6_ATC_M3_AL24477_C0_WFS_EDOF_EPD5,S2_R6_ATC_M3_AL24477_C0_WFS_EPD5,ATC_M3_AL24477,C0,WFS,EDOF,5.0,0.0,0.625,0.05411996489141392,0.06132593143896113,0.028101923848119607,0.003827435964983036,0.006438611240882563,0.016746727034454213,0.007740749095506684
supplemental-2-8164d718635644c8aa3ce34f5e09a59e,S2_R6_ATC_M3_AL24477_C0_WFS_EDOF_EPD5,S2_R6_ATC_M3_AL24477_C0_WFS_EPD5,ATC_M3_AL24477,C0,WFS,EDOF,5.0,-0.125,0.5,0.060475381292541715,0.07901971000364466,0.008288583676220542,0.010593778399649909,0.0053749766219417325,0.041514698474186575,0.00871326067573262
supplemental-2-8164d718635644c8aa3ce34f5e09a59e,S2_R6_ATC_M3_AL24477_C0_WFS_EDOF_EPD5,S2_R6_ATC_M3_AL24477_C0_WFS_EPD5,ATC_M3_AL24477,C0,WFS,EDOF,5.0,-0.25,0.375,0.07780848011698964,0.001640515608005332,0.007105241794108251,0.0075668806482853904,0.02025899616979899,0.05092189546346563,0.0260586657494265
supplemental-2-8164d718635644c8aa3ce34f5e09a59e,S2_R6_ATC_M3_AL24477_C0_WFS_EDOF_EPD5,S2_R6_ATC_M3_AL24477_C0_WFS_EPD5,ATC_M3_AL24477,C0,WFS,EDOF,5.0,-0.375,0.25,0.09900612725488951,0.1813499892713884,0.041094194591013836,0.011020246970676694,0.009086345690561357,0.056139649921253545,0.012783028004222163
supplemental-2-8164d718635644c8aa3ce34f5e09a59e,S2_R6_ATC_M3_AL24477_C0_WFS_EDOF_EPD5,S2_R6_ATC_M3_AL24477_C0_WFS_EPD5,ATC_M3_AL24477,C0,WFS,EDOF,5.0,-0.5,0.125,0.1549744158891575,0.3690295445668385,0.1508425201726555,0.08595467666654195,0.05032477524043702,0.006745119723832944,0.018813369380272442
supplemental-2-8164d718635644c8aa3ce34f5e09a59e,S2_R6_ATC_M3_AL24477_C0_WFS_EDOF_EPD5,S2_R6_ATC_M3_AL24477_C0_WFS_EPD5,ATC_M3_AL24477,C0,WFS,EDOF,5.0,-0.625,0.0,0.2570715985833686,0.4379972776540313,0.2754934898570505,0.15169876739120408,0.1403484218383021,0.11861630268482859,0.12780860738413247
supplemental-2-8164d718635644c8aa3ce34f5e09a59e,S2_R6_ATC_M3_AL24477_C0_WFS_EDOF_EPD5,S2_R6_ATC_M3_AL24477_C0_WFS_EPD5,ATC_M3_AL24477,C0,WFS,EDOF,5.0,-0.75,-0.125,0.1520249082119487,0.3311162499338479,0.054879877702085925,0.047229764185922944,0.028098233759347127,0.019740150961539093,0.014462616002532838
supplemental-2-8164d718635644c8aa3ce34f5e09a59e,S2_R6_ATC_M3_AL24477_C0_WFS_EDOF_EPD5,S2_R6_ATC_M3_AL24477_C0_WFS_EPD5,ATC_M3_AL24477,C0,WFS,EDOF,5.0,-0.875,-0.25,0.10859897615211606,0.12071731123607468,0.016288381547957583,0.03405524875633509,0.01598019532024039,0.0005719094846563425,0.02766770924023195
supplemental-2-8164d718635644c8aa3ce34f5e09a59e,S2_R6_ATC_M3_AL24477_C0_WFS_EDOF_EPD5,S2_R6_ATC_M3_AL24477_C0_WFS_EPD5,ATC_M3_AL24477,C0,WFS,EDOF,5.0,-1.0,-0.375,0.14061559079447591,0.04199350000311654,0.12736065629886487,0.081384069157262,0.07439465035752665,0.0637310915961025,0.06772225295436235
supplemental-2-8164d718635644c8aa3ce34f5e09a59e,S2_R6_ATC_M3_AL24477_C0_WFS_EDOF_EPD5,S2_R6_ATC_M3_AL24477_C0_WFS_EPD5,ATC_M3_AL24477,C0,WFS,EDOF,5.0,-1.125,-0.5,0.10368039209572115,0.05040650627431784,0.10378781602226572,0.001698865164239886,0.014482968426929308,0.027595089935168272,0.020928438470188562
supplemental-2-8164d718635644c8aa3ce34f5e09a59e,S2_R6_ATC_M3_AL24477_C0_WFS_EDOF_EPD5,S2_R6_ATC_M3_AL24477_C0_WFS_EPD5,ATC_M3_AL24477,C0,WFS,EDOF,5.0,-1.25,-0.625,0.11147737884419523,0.07393442840852735,0.06255220947518404,0.07551232103776706,0.04736229904365301,0.025421251117983847,0.006122443531926031
supplemental-2-8164d718635644c8aa3ce34f5e09a59e,S2_R6_ATC_M3_AL24477_C0_WFS_EDOF_EPD5,S2_R6_ATC_M3_AL24477_C0_WFS_EPD5,ATC_M3_AL24477,C0,WFS,EDOF,5.0,-1.375,-0.75,0.11250051267684785,0.21541193767181255,0.08429027992769245,0.05164114703107163,0.0474918625466184,0.043805031167804584,0.01630495869934424
supplemental-2-8164d718635644c8aa3ce34f5e09a59e,S2_R6_ATC_M3_AL24477_C0_WFS_EDOF_EPD5,S2_R6_ATC_M3_AL24477_C0_WFS_EPD5,ATC_M3_AL24477,C0,WFS,EDOF,5.0,-1.5,-0.875,0.11283283611809196,0.278618162422657,0.044422031874211294,0.05004231320788756,0.0016600457116011374,0.024645268855021434,0.04165857807041248
supplemental-2-8164d718635644c8aa3ce34f5e09a59e,S2_R6_ATC_M3_AL24477_C0_WFS_EDOF_EPD5,S2_R6_ATC_M3_AL24477_C0_WFS_EPD5,ATC_M3_AL24477,C0,WFS,EDOF,5.0,-1.625,-1.0,0.1538371595158576,0.26714774415893117,0.11510503655612088,0.07287671200331657,0.06635409758096567,0.05400603556739894,0.02834298440238305
supplemental-2-8164d718635644c8aa3ce34f5e09a59e,S2_R6_ATC_M3_AL24477_C0_WFS_EDOF_EPD5,S2_R6_ATC_M3_AL24477_C0_WFS_EPD5,ATC_M3_AL24477,C0,WFS,EDOF,5.0,-1.75,-1.125,0.23335329517203884,0.2519037342279207,0.23624665391561306,0.17950325553840404,0.17181552469615413,0.16218780852878972,0.1313271424682491
supplemental-2-8164d718635644c8aa3ce34f5e09a59e,S2_R6_ATC_M3_AL24477_C0_WFS_EDOF_EPD5,S2_R6_ATC_M3_AL24477_C0_WFS_EPD5,ATC_M3_AL24477,C0,WFS,EDOF,5.0,-1.875,-1.25,0.18926573774011654,0.27478646217966696,0.203378944955173,0.13701193689695912,0.07177045506108881,0.0709365011406628,0.08124135886551201
supplemental-2-8164d718635644c8aa3ce34f5e09a59e,S2_R6_ATC_M3_AL24477_C0_WFS_EDOF_EPD5,S2_R6_ATC_M3_AL24477_C0_WFS_EPD5,ATC_M3_AL24477,C0,WFS,EDOF,5.0,-2.0,-1.375,0.12026747377664658,0.2983821931645148,0.12321130108747838,0.016473405215781937,0.013530943471363396,0.008159397044100652,0.03415362653584797
supplemental-2-8164d718635644c8aa3ce34f5e09a59e,S2_R6_ATC_M3_AL24477_C0_WFS_EDOF_EPD5,S2_R6_ATC_M3_AL24477_C0_WFS_EPD5,ATC_M3_AL24477,C0,WFS,EDOF,5.0,-2.125,-1.5,0.09416884227796528,0.2547290147194986,0.02351356712749801,0.050670385496972704,0.0015493832373953908,0.024483357981448642,0.03148186352686608
supplemental-2-8164d718635644c8aa3ce34f5e09a59e,S2_R6_ATC_M3_AL24477_C0_WFS_EDOF_EPD5,S2_R6_ATC_M3_AL24477_C0_WFS_EPD5,ATC_M3_AL24477,C0,WFS,EDOF,5.0,-2.25,-1.625,0.07557558944900573,0.1313948808735239,0.07321763525823347,0.010094276527082226,0.012618269184131267,0.013356063829993482,0.01599273996870064
supplemental-2-8164d718635644c8aa3ce34f5e09a59e,S2_R6_ATC_M3_AL24477_C0_WFS_EDOF_EPD5,S2_R6_ATC_M3_AL24477_C0_WFS_EPD5,ATC_M3_AL24477,C0,WFS,EDOF,5.0,-2.375,-1.75,0.06204130235366174,0.006826748972721019,0.041654582077038635,0.03431609665406319,0.005419680087037348,0.0012630420145586052,0.0008524869048201086
supplemental-2-8164d718635644c8aa3ce34f5e09a59e,S2_R6_ATC_M3_AL24477_C0_WFS_EDOF_EPD5,S2_R6_ATC_M3_AL24477_C0_WFS_EPD5,ATC_M3_AL24477,C0,WFS,EDOF,5.0,-2.5,-1.875,0.05507186555979726,0.08286489125056087,0.020558925499540318,0.018463855417524683,6.489768810015486e-05,0.004443508250213648,0.003371392443769667
supplemental-2-8164d718635644c8aa3ce34f5e09a59e,S2_R6_ATC_M3_AL24477_C0_WFS_EDOF_EPD5,S2_R6_ATC_M3_AL24477_C0_WFS_EPD5,ATC_M3_AL24477,C0,WFS,EDOF,5.0,-2.625,-2.0,0.04853473276721566,0.08000725275427786,0.041184023123321006,0.008000603265025597,0.004023767545061929,0.008570734767806832,0.0019077288392762024
supplemental-2-8164d718635644c8aa3ce34f5e09a59e,S2_R6_ATC_M3_AL24477_C0_WFS_EDOF_EPD5,S2_R6_ATC_M3_AL24477_C0_WFS_EPD5,ATC_M3_AL24477,C0,WFS,EDOF,5.0,-2.75,-2.125,0.04259554909348267,0.04186722740360856,0.05359064451171734,0.00919353831288966,0.004084265589624301,0.001926285766796665,0.0006921370307773574
supplemental-2-8164d718635644c8aa3ce34f5e09a59e,S2_R6_ATC_M3_AL24477_C0_WFS_EDOF_EPD5,S2_R6_ATC_M3_AL24477_C0_WFS_EPD5,ATC_M3_AL24477,C0,WFS,EDOF,5.0,-2.875,-2.25,0.03753341347098573,0.01379149818752843,0.015069114073557082,0.006403967714445107,0.0040062862244678345,0.00039267108356325325,0.0009569304730991771
supplemental-2-8164d718635644c8aa3ce34f5e09a59e,S2_R6_ATC_M3_AL24477_C0_WFS_EDOF_EPD5,S2_R6_ATC_M3_AL24477_C0_WFS_EPD5,ATC_M3_AL24477,C0,WFS,EDOF,5.0,-3.0,-2.375,0.03425334534389898,0.0036769712392703056,0.01930528381677244,2.5504999890806964e-05,0.0022162257989333,0.0025964261929478467,0.0005454641101134946
supplemental-2-8164d718635644c8aa3ce34f5e09a59e,S2_R6_ATC_M3_AL24477_C0_WFS_EDOF_EPD5,S2_R6_ATC_M3_AL24477_C0_WFS_EPD5,ATC_M3_AL24477,C0,WFS,EDOF,5.0,-3.125,-2.5,0.029814704629078773,0.0015777351376857153,0.010796559992098564,0.007739291088545029,0.0018168139810538836,0.0008395409766839611,0.0007769897066500057
supplemental-2-8164d718635644c8aa3ce34f5e09a59e,S2_R6_ATC_M3_AL24477_C0_WFS_EDOF_EPD5,S2_R6_ATC_M3_AL24477_C0_WFS_EPD5,ATC_M3_AL24477,C0,WFS,EDOF,5.0,-3.25,-2.625,0.02904928909631171,0.007539219722981447,0.008139602161132735,0.00699390133744386,0.0018920089637274535,0.0022480782639736734,0.0006299359623453426
supplemental-2-8164d718635644c8aa3ce34f5e09a59e,S2_R6_ATC_M3_AL24477_C0_WFS_EDOF_EPD5,S2_R6_ATC_M3_AL24477_C0_WFS_EPD5,ATC_M3_AL24477,C0,WFS,EDOF,5.0,-3.375,-2.75,0.027643581327098068,0.013132563666538045,0.005371230622158641,0.003629640331443527,0.0028275978029177026,0.0003644802649728927,0.0006028561906406174
supplemental-2-8164d718635644c8aa3ce34f5e09a59e,S2_R6_ATC_M3_AL24477_C0_WFS_EDOF_EPD5,S2_R6_ATC_M3_AL24477_C0_WFS_EPD5,ATC_M3_AL24477,C0,WFS,EDOF,5.0,-3.5,-2.875,0.025485928992239688,0.0222206065739521,0.009270485085710116,0.0001809381841211902,0.0015805669231960333,0.0011478985624523538,0.0015923900383433124
supplemental-2-8164d718635644c8aa3ce34f5e09a59e,S2_R6_ATC_M3_AL24477_C0_WFS_EDOF_EPD5,S2_R6_ATC_M3_AL24477_C0_WFS_EPD5,ATC_M3_AL24477,C0,WFS,EDOF,5.0,-3.625,-3.0,0.02342154056233849,0.03593021976205237,0.0039194896458982515,0.0020262663892873386,0.0009276791644067065,0.00015663408289669423,0.000690546819167746
supplemental-2-8164d718635644c8aa3ce34f5e09a59e,S2_R6_ATC_M3_AL24477_C0_WFS_EDOF_EPD5,S2_R6_ATC_M3_AL24477_C0_WFS_EPD5,ATC_M3_AL24477,C0,WFS,EDOF,5.0,-3.75,-3.125,0.021998870320101248,0.04166845812604108,0.0013407762264813273,0.0020772023010251555,0.0018170871046702835,0.0006778518233294514,0.0011762285072469017
supplemental-2-8164d718635644c8aa3ce34f5e09a59e,S2_R6_ATC_M3_AL24477_C0_WFS_EDOF_EPD5,S2_R6_ATC_M3_AL24477_C0_WFS_EPD5,ATC_M3_AL24477,C0,WFS,EDOF,5.0,-3.875,-3.25,0.02004622044670509,0.026444833656971437,0.0029767636954341073,0.0017052530827559454,0.0008351013960220043,0.0001100989774263841,0.0014463838952832023
supplemental-2-8164d718635644c8aa3ce34f5e09a59e,S2_R6_ATC_M3_AL24477_C0_WFS_EDOF_EPD5,S2_R6_ATC_M3_AL24477_C0_WFS_EPD5,ATC_M3_AL24477,C0,WFS,EDOF,5.0,-4.0,-3.375,0.01875671957543469,0.00141105248765229,0.007256149450522216,0.0017294077273912996,5.531503305221443e-05,0.001315127700042985,0.001292098242856807
supplemental-2-8164d718635644c8aa3ce34f5e09a59e,S2_R6_ATC_M3_AL24477_C0_WFS_EDOF_EPD5,S2_R6_ATC_M3_AL24477_C0_WFS_EPD5,ATC_M3_AL24477,C0,WFS,EDOF,5.0,-4.125,-3.5,0.017802869524170418,0.0177960021469879,0.002862550894356497,0.0002610714414939672,0.0012855231637455928,0.000403231933396524,0.0017505471334902673
supplemental-2-8164d718635644c8aa3ce34f5e09a59e,S2_R6_ATC_M3_AL24477_C0_WFS_EDOF_EPD5,S2_R6_ATC_M3_AL24477_C0_WFS_EPD5,ATC_M3_AL24477,C0,WFS,EDOF,5.0,-4.25,-3.625,0.01741927277170835,0.011720463640447563,0.001294265419505198,0.002372104422791576,0.0003768940506903709,0.001430799502772132,6.966057914011211e-05
supplemental-2-8164d718635644c8aa3ce34f5e09a59e,S2_R6_ATC_M3_AL24477_C0_WFS_EDOF_EPD5,S2_R6_ATC_M3_AL24477_C0_WFS_EPD5,ATC_M3_AL24477,C0,WFS,EDOF,5.0,-4.375,-3.75,0.018300712308223426,0.0014685688830217967,0.0013946687939927328,0.00018101363248403584,0.00014257747492140582,0.00016389885467877558,2.7258577849430092e-05
supplemental-2-8164d718635644c8aa3ce34f5e09a59e,S2_R6_ATC_M3_AL24477_C0_WFS_EDOF_EPD5,S2_R6_ATC_M3_AL24477_C0_WFS_EPD5,ATC_M3_AL24477,C0,WFS,EDOF,5.0,-4.5,-3.875,0.01827096863434449,0.00018108309838735953,0.003261952603832913,0.0003816099064776452,0.00027844611501982245,7.52764646630656e-05,0.0014112317883808053
supplemental-2-8164d718635644c8aa3ce34f5e09a59e,S2_R6_ATC_M3_AL24477_C0_WFS_EDOF_EPD5,S2_R6_ATC_M3_AL24477_C0_WFS_EPD5,ATC_M3_AL24477,C0,WFS,EDOF,5.0,-4.625,-4.0,0.019800387340168233,0.017770883762790908,0.004103451351213933,0.0016104038597454218,0.0002870848213329443,0.0007306443283991333,0.0009479657537954935
supplemental-2-8164d718635644c8aa3ce34f5e09a59e,S2_R6_ATC_M3_AL24477_C0_WFS_EDOF_EPD5,S2_R6_ATC_M3_AL24477_C0_WFS_EPD5,ATC_M3_AL24477,C0,WFS,EDOF,5.0,-4.75,-4.125,0.020850529264736635,0.03134418806821535,0.0002596855624821681,0.0002816330451029489,0.00018498012932648714,0.00017072378226216212,0.00092876183560488
supplemental-2-8164d718635644c8aa3ce34f5e09a59e,S2_R6_ATC_M3_AL24477_C0_WFS_EDOF_EPD5,S2_R6_ATC_M3_AL24477_C0_WFS_EPD5,ATC_M3_AL24477,C0,WFS,EDOF,5.0,-4.875,-4.25,0.020073991142198752,0.02431908373928195,0.0036435240277105305,0.0009332371796919225,0.0007208698347993397,0.0006312374218046884,0.0002893036199543268
supplemental-2-8164d718635644c8aa3ce34f5e09a59e,S2_R6_ATC_M3_AL24477_C0_WFS_EDOF_EPD5,S2_R6_ATC_M3_AL24477_C0_WFS_EPD5,ATC_M3_AL24477,C0,WFS,EDOF,5.0,-5.0,-4.375,0.01860596370042745,0.0031636033612838796,0.0018751983016605995,6.269451139281706e-05,0.0005491128882591436,0.001449045460827559,0.0013444393124708
supplemental-2-8164d718635644c8aa3ce34f5e09a59e,S2_R6_ATC_M3_AL24477_C0_RAD_MONO_EPD3,S2_R6_ATC_M3_AL24477_C0_RAD_EPD3,ATC_M3_AL24477,C0,RAD,MONO,3.0,1.0,2.0,0.029138444146775324,0.013742956883761408,0.008205553407807938,0.005424542706152656,0.0020467294908043175,0.000616621128859393,0.0007185888160889506
supplemental-2-8164d718635644c8aa3ce34f5e09a59e,S2_R6_ATC_M3_AL24477_C0_RAD_MONO_EPD3,S2_R6_ATC_M3_AL24477_C0_RAD_EPD3,ATC_M3_AL24477,C0,RAD,MONO,3.0,0.875,1.875,0.030806879180344734,0.021723911438890173,0.006634628737798176,0.0009869812488650155,0.003118090904013519,0.0011378546811003803,0.0013700202969343697
supplemental-2-8164d718635644c8aa3ce34f5e09a59e,S2_R6_ATC_M3_AL24477_C0_RAD_MONO_EPD3,S2_R6_ATC_M3_AL24477_C0_RAD_EPD3,ATC_M3_AL24477,C0,RAD,MONO,3.0,0.75,1.75,0.03230116673584527,0.0205676662589195,0.003730036747618113,0.0059832186455285345,0.00024119680435032333,0.002846467186679646,0.0020409062584425793
supplemental-2-8164d718635644c8aa3ce34f5e09a59e,S2_R6_ATC_M3_AL24477_C0_RAD_MONO_EPD3,S2_R6_ATC_M3_AL24477_C0_RAD_EPD3,ATC_M3_AL24477,C0,RAD,MONO,3.0,0.625,1.625,0.033045491670787186,0.0096904556478788,0.010215567638443987,0.0008941242507780564,0.003984154165175883,0.000896303653795794,2.08853143692278e-05
supplemental-2-8164d718635644c8aa3ce34f5e09a59e,S2_R6_ATC_M3_AL24477_C0_RAD_MONO_EPD3,S2_R6_ATC_M3_AL24477_C0_RAD_EPD3,ATC_M3_AL24477,C0,RAD,MONO,3.0,0.5,1.5,0.03469601438815502,0.007176782969604655,0.0035691587839323793,0.00553532667363529,0.0031155354971784204,0.003329911993818358,0.0012714903335228186
supplemental-2-8164d718635644c8aa3ce34f5e09a59e,S2_R6_ATC_M3_AL24477_C0_RAD_MONO_EPD3,S2_R6_ATC_M3_AL24477_C0_RAD_EPD3,ATC_M3_AL24477,C0,RAD,MONO,3.0,0.375,1.375,0.03604497709183259,0.022934008617914125,0.00876787530129575,0.002347679292121041,0.004020918896736777,0.0017293199889887234,0.002319546816848657
supplemental-2-8164d718635644c8aa3ce34f5e09a59e,S2_R6_ATC_M3_AL24477_C0_RAD_MONO_EPD3,S2_R6_ATC_M3_AL24477_C0_RAD_EPD3,ATC_M3_AL24477,C0,RAD,MONO,3.0,0.25,1.25,0.038244640981872635,0.029837384357310568,0.010516360273928778,0.006121254366128223,0.004711861096300665,0.0015846106900470965,0.0003907222169243623
supplemental-2-8164d718635644c8aa3ce34f5e09a59e,S2_R6_ATC_M3_AL24477_C0_RAD_MONO_EPD3,S2_R6_ATC_M3_AL24477_C0_RAD_EPD3,ATC_M3_AL24477,C0,RAD,MONO,3.0,0.125,1.125,0.041229294362388626,0.02307706231044077,0.0023279701140367396,0.003989649207933358,0.001145228733822945,0.004485107924184008,0.003316136894770331
supplemental-2-8164d718635644c8aa3ce34f5e09a59e,S2_R6_ATC_M3_AL24477_C0_RAD_MONO_EPD3,S2_R6_ATC_M3_AL24477_C0_RAD_EPD3,ATC_M3_AL24477,C0,RAD,MONO,3.0,0.0,1.0,0.04356709445336013,0.003357002535449463,0.013836733298620493,0.007316199048889036,0.006220638296199979,0.0017570656955902858,0.0023440678203235673
supplemental-2-8164d718635644c8aa3ce34f5e09a59e,S2_R6_ATC_M3_AL24477_C0_RAD_MONO_EPD3,S2_R6_ATC_M3_AL24477_C0_RAD_EPD3,ATC_M3_AL24477,C0,RAD,MONO,3.0,-0.125,0.875,0.04588471356249686,0.022230184314162186,0.007137117022986276,0.00585255937408867,0.0020781320046446934,0.004925013863362862,0.0011759357613257814
supplemental-2-8164d718635644c8aa3ce34f5e09a59e,S2_R6_ATC_M3_AL24477_C0_RAD_MONO_EPD3,S2_R6_ATC_M3_AL24477_C0_RAD_EPD3,ATC_M3_AL24477,C0,RAD,MONO,3.0,-0.25,0.75,0.050048043481649915,0.04232029444276947,0.011827533291411858,0.00941764643629323,0.004021828672605483,0.00461392727853325,0.004769126637404111
supplemental-2-8164d718635644c8aa3ce34f5e09a59e,S2_R6_ATC_M3_AL24477_C0_RAD_MONO_EPD3,S2_R6_ATC_M3_AL24477_C0_RAD_EPD3,ATC_M3_AL24477,C0,RAD,MONO,3.0,-0.375,0.625,0.053080058665613265,0.04577091224097924,0.018125809029344072,0.00629327304641447,0.00821648506862932,0.0005566721865360334,0.0022813635150245324
supplemental-2-8164d718635644c8aa3ce34f5e09a59e,S2_R6_ATC_M3_AL24477_C0_RAD_MONO_EPD3,S2_R6_ATC_M3_AL24477_C0_RAD_EPD3,ATC_M3_AL24477,C0,RAD,MONO,3.0,-0.5,0.5,0.058130112309824546,0.02698563436812755,0.00035530808774393916,0.008608505166348507,0.002072743015383861,0.006291228838154654,0.005185075368002858
supplemental-2-8164d718635644c8aa3ce34f5e09a59e,S2_R6_ATC_M3_AL24477_C0_RAD_MONO_EPD3,S2_R6_ATC_M3_AL24477_C0_RAD_EPD3,ATC_M3_AL24477,C0,RAD,MONO,3.0,-0.625,0.375,0.06396887427782379,0.009808545625638362,0.022064127389766618,0.011547375340442366,0.010052067116580323,0.005596915645411676,0.004752585403456757
supplemental-2-8164d718635644c8aa3ce34f5e09a59e,S2_R6_ATC_M3_AL24477_C0_RAD_MONO_EPD3,S2_R6_ATC_M3_AL24477_C0_RAD_EPD3,ATC_M3_AL24477,C0,RAD,MONO,3.0,-0.75,0.25,0.06943448698855291,0.04950161482759746,0.014442349370525562,0.012116099374674037,0.005829212734232275,0.002496580341894899,0.0005990018121284462
supplemental-2-8164d718635644c8aa3ce34f5e09a59e,S2_R6_ATC_M3_AL24477_C0_RAD_MONO_EPD3,S2_R6_ATC_M3_AL24477_C0_RAD_EPD3,ATC_M3_AL24477,C0,RAD,MONO,3.0,-0.875,0.125,0.08002098967823001,0.06906154257298877,0.020746093899705553,0.014412666537904729,0.010883553286124097,0.01207598863125048,0.008922771074326688
supplemental-2-8164d718635644c8aa3ce34f5e09a59e,S2_R6_ATC_M3_AL24477_C0_RAD_MONO_EPD3,S2_R6_ATC_M3_AL24477_C0_RAD_EPD3,ATC_M3_AL24477,C0,RAD,MONO,3.0,-1.0,0.0,0.08963972161025442,0.04434767217698847,0.03856226167628396,0.010638809374423061,0.014113149320242845,0.005053602760077222,0.006596073843607562
supplemental-2-8164d718635644c8aa3ce34f5e09a59e,S2_R6_ATC_M3_AL24477_C0_RAD_MONO_EPD3,S2_R6_ATC_M3_AL24477_C0_RAD_EPD3,ATC_M3_AL24477,C0,RAD,MONO,3.0,-1.125,-0.125,0.10380756893634739,0.042213103387888834,0.003917444472799613,0.02849075501892362,0.0012087610079022605,0.008371681511785904,0.004999006908143586
supplemental-2-8164d718635644c8aa3ce34f5e09a59e,S2_R6_ATC_M3_AL24477_C0_RAD_MONO_EPD3,S2_R6_ATC_M3_AL24477_C0_RAD_EPD3,ATC_M3_AL24477,C0,RAD,MONO,3.0,-1.25,-0.25,0.1300473015552237,0.19032478925184612,0.04289498209197341,0.017897195825781344,0.029376363127091493,0.023350481801679597,0.019081056483918002
supplemental-2-8164d718635644c8aa3ce34f5e09a59e,S2_R6_ATC_M3_AL24477_C0_RAD_MONO_EPD3,S2_R6_ATC_M3_AL24477_C0_RAD_EPD3,ATC_M3_AL24477,C0,RAD,MONO,3.0,-1.375,-0.375,0.1582636582959303,0.3831079565070453,0.0014470550291262735,0.03659440802766687,0.015233842147661342,0.004250193033519591,0.00600683652000312
supplemental-2-8164d718635644c8aa3ce34f5e09a59e,S2_R6_ATC_M3_AL24477_C0_RAD_MONO_EPD3,S2_R6_ATC_M3_AL24477_C0_RAD_EPD3,ATC_M3_AL24477,C0,RAD,MONO,3.0,-1.5,-0.5,0.2288262944734641,0.5866554262113712,0.20541484656880887,0.040425104801078054,0.015078319493024954,0.028053867767784076,0.02543685197842835
supplemental-2-8164d718635644c8aa3ce34f5e09a59e,S2_R6_ATC_M3_AL24477_C0_RAD_MONO_EPD3,S2_R6_ATC_M3_AL24477_C0_RAD_EPD3,ATC_M3_AL24477,C0,RAD,MONO,3.0,-1.625,-0.625,0.41818634250359626,0.7583387003292095,0.5055128521835408,0.3327042292809145,0.2202402635678284,0.14845102697982765,0.10368001131239868
supplemental-2-8164d718635644c8aa3ce34f5e09a59e,S2_R6_ATC_M3_AL24477_C0_RAD_MONO_EPD3,S2_R6_ATC_M3_AL24477_C0_RAD_EPD3,ATC_M3_AL24477,C0,RAD,MONO,3.0,-1.75,-0.75,0.6158563079183492,0.8581961750618662,0.7220953780831867,0.6023762723677386,0.4902638200348689,0.3833700002785034,0.2820090947728436
supplemental-2-8164d718635644c8aa3ce34f5e09a59e,S2_R6_ATC_M3_AL24477_C0_RAD_MONO_EPD3,S2_R6_ATC_M3_AL24477_C0_RAD_EPD3,ATC_M3_AL24477,C0,RAD,MONO,3.0,-1.875,-0.875,0.5784733929976482,0.8605071423418664,0.6972145206554055,0.541364339577709,0.4175975862748145,0.3289449323854394,0.2598771985685271
supplemental-2-8164d718635644c8aa3ce34f5e09a59e,S2_R6_ATC_M3_AL24477_C0_RAD_MONO_EPD3,S2_R6_ATC_M3_AL24477_C0_RAD_EPD3,ATC_M3_AL24477,C0,RAD,MONO,3.0,-2.0,-1.0,0.34695927480445926,0.7617845949736806,0.43429969672263913,0.2003557388760034,0.09390212688614166,0.06649715275361015,0.07298653547802325
supplemental-2-8164d718635644c8aa3ce34f5e09a59e,S2_R6_ATC_M3_AL24477_C0_RAD_MONO_EPD3,S2_R6_ATC_M3_AL24477_C0_RAD_EPD3,ATC_M3_AL24477,C0,RAD,MONO,3.0,-2.125,-1.125,0.22513431716418048,0.5824507791267366,0.10333519915554859,0.06471445666226514,0.06561657007425724,0.042781623131543725,0.02613537460315599
supplemental-2-8164d718635644c8aa3ce34f5e09a59e,S2_R6_ATC_M3_AL24477_C0_RAD_MONO_EPD3,S2_R6_ATC_M3_AL24477_C0_RAD_EPD3,ATC_M3_AL24477,C0,RAD,MONO,3.0,-2.25,-1.25,0.16687693400838072,0.36145269386403023,0.09948663107742246,0.065346272688849,0.0013213874727355586,0.013640848305283467,0.003921578511996662
supplemental-2-8164d718635644c8aa3ce34f5e09a59e,S2_R6_ATC_M3_AL24477_C0_RAD_MONO_EPD3,S2_R6_ATC_M3_AL24477_C0_RAD_EPD3,ATC_M3_AL24477,C0,RAD,MONO,3.0,-2.375,-1.375,0.1430054836317248,0.14540542402987677,0.10673909180124774,0.03544495938324468,0.038744172145260894,0.022240141236126165,0.018550666355970875
supplemental-2-8164d718635644c8aa3ce34f5e09a59e,S2_R6_ATC_M3_AL24477_C0_RAD_MONO_EPD3,S2_R6_ATC_M3_AL24477_C0_RAD_EPD3,ATC_M3_AL24477,C0,RAD,MONO,3.0,-2.5,-1.5,0.11624199914951028,0.024314471800327742,0.007797030944549078,0.04120851554069972,0.008298045951689998,0.012339592798709437,0.00602218456956591
supplemental-2-8164d718635644c8aa3ce34f5e09a59e,S2_R6_ATC_M3_AL24477_C0_RAD_MONO_EPD3,S2_R6_ATC_M3_AL24477_C0_RAD_EPD3,ATC_M3_AL24477,C0,RAD,MONO,3.0,-2.625,-1.625,0.09847255139629979,0.12242741646809274,0.06118798063090075,0.015341184407371805,0.013236373072747911,0.000651370927192627,0.00440550296374923
supplemental-2-8164d718635644c8aa3ce34f5e09a59e,S2_R6_ATC_M3_AL24477_C0_RAD_MONO_EPD3,S2_R6_ATC_M3_AL24477_C0_RAD_EPD3,ATC_M3_AL24477,C0,RAD,MONO,3.0,-2.75,-1.75,0.0884309441441535,0.14519701306517205,0.04415173316988503,0.01970772181305326,0.014279872098627702,0.011424401233823184,0.008055943207382892
supplemental-2-8164d718635644c8aa3ce34f5e09a59e,S2_R6_ATC_M3_AL24477_C0_RAD_MONO_EPD3,S2_R6_ATC_M3_AL24477_C0_RAD_EPD3,ATC_M3_AL24477,C0,RAD,MONO,3.0,-2.875,-1.875,0.07662752798716164,0.108990650220733,0.011462183110320727,0.014412765374699973,0.003195675412643036,0.00430510229595383,0.0004730394820996166
supplemental-2-8164d718635644c8aa3ce34f5e09a59e,S2_R6_ATC_M3_AL24477_C0_RAD_MONO_EPD3,S2_R6_ATC_M3_AL24477_C0_RAD_EPD3,ATC_M3_AL24477,C0,RAD,MONO,3.0,-3.0,-2.0,0.0698227801659112,0.04284467055340152,0.03435555976716444,0.013741735926135947,0.010445813269913257,0.002809065665801657,0.004225517240940076
supplemental-2-8164d718635644c8aa3ce34f5e09a59e,S2_R6_ATC_M3_AL24477_C0_RAD_MONO_EPD3,S2_R6_ATC_M3_AL24477_C0_RAD_EPD3,ATC_M3_AL24477,C0,RAD,MONO,3.0,-3.125,-2.125,0.06358085084452235,0.02210186861439091,0.009945445499883562,0.01010831678739476,0.0038634424596150027,0.00633884013033588,0.004735543852193569
supplemental-2-8164d718635644c8aa3ce34f5e09a59e,S2_R6_ATC_M3_AL24477_C0_RAD_MONO_EPD3,S2_R6_ATC_M3_AL24477_C0_RAD_EPD3,ATC_M3_AL24477,C0,RAD,MONO,3.0,-3.25,-2.25,0.05769254094351968,0.06255630560763742,0.020084121942684892,0.006929867685221976,0.006014312669065949,0.0023742473050432367,0.0029834594386364413
supplemental-2-8164d718635644c8aa3ce34f5e09a59e,S2_R6_ATC_M3_AL24477_C0_RAD_MONO_EPD3,S2_R6_ATC_M3_AL24477_C0_RAD_EPD3,ATC_M3_AL24477,C0,RAD,MONO,3.0,-3.375,-2.375,0.05306392554282094,0.0691266759175374,0.01895696677002648,0.0103460275119216,0.005322025036487045,0.0039764534852058855,0.003161732252222366
supplemental-2-8164d718635644c8aa3ce34f5e09a59e,S2_R6_ATC_M3_AL24477_C0_RAD_MONO_EPD3,S2_R6_ATC_M3_AL24477_C0_RAD_EPD3,ATC_M3_AL24477,C0,RAD,MONO,3.0,-3.5,-2.5,0.04951716461430973,0.04685764129220092,0.004438776494634017,0.005478228871662425,0.00027031836096744454,0.004619022652968817,0.0009745467491409485
supplemental-2-8164d718635644c8aa3ce34f5e09a59e,S2_R6_ATC_M3_AL24477_C0_RAD_MONO_EPD3,S2_R6_ATC_M3_AL24477_C0_RAD_EPD3,ATC_M3_AL24477,C0,RAD,MONO,3.0,-3.625,-2.625,0.04616770170181494,0.010631058615560452,0.01668121306132759,0.007550979394717642,0.006212931137933348,0.0009681218993893266,0.0030132400082050837
supplemental-2-8164d718635644c8aa3ce34f5e09a59e,S2_R6_ATC_M3_AL24477_C0_RAD_MONO_EPD3,S2_R6_ATC_M3_AL24477_C0_RAD_EPD3,ATC_M3_AL24477,C0,RAD,MONO,3.0,-3.75,-2.75,0.04336328248944834,0.022150864373724446,0.005116254509824621,0.002309180889906593,0.0027191177751832232,0.0030906896976466668,0.0016840206274329485
supplemental-2-8164d718635644c8aa3ce34f5e09a59e,S2_R6_ATC_M3_AL24477_C0_RAD_MONO_EPD3,S2_R6_ATC_M3_AL24477_C0_RAD_EPD3,ATC_M3_AL24477,C0,RAD,MONO,3.0,-3.875,-2.875,0.03947807085032958,0.038716381840459155,0.010946386024388386,0.006458822534956818,0.00351821791652106,0.00231935025636675,0.0010212515630158262
supplemental-2-8164d718635644c8aa3ce34f5e09a59e,S2_R6_ATC_M3_AL24477_C0_RAD_MONO_EPD3,S2_R6_ATC_M3_AL24477_C0_RAD_EPD3,ATC_M3_AL24477,C0,RAD,MONO,3.0,-4.0,-3.0,0.038207204348372104,0.03522385631866752,0.01017281293557755,2.259462329463902e-05,0.0043492682469021375,0.0012831471098293551,0.0018108482938773733
supplemental-2-8164d718635644c8aa3ce34f5e09a59e,S2_R6_ATC_M3_AL24477_C0_RAD_MONO_EPD3,S2_R6_ATC_M3_AL24477_C0_RAD_EPD3,ATC_M3_AL24477,C0,RAD,MONO,3.0,-4.125,-3.125,0.03649382156002923,0.0167029615127545,0.003694619301611933,0.006041392322559853,0.001241646731862576,0.0030989692715536967,0.0009807969977668801
supplemental-2-8164d718635644c8aa3ce34f5e09a59e,S2_R6_ATC_M3_AL24477_C0_RAD_MONO_EPD3,S2_R6_ATC_M3_AL24477_C0_RAD_EPD3,ATC_M3_AL24477,C0,RAD,MONO,3.0,-4.25,-3.25,0.0343071077920081,0.006222034502369607,0.010769140941694559,0.0012880255589333318,0.0031028943958336342,0.0001141354122879638,0.0017621923464978678
supplemental-2-8164d718635644c8aa3ce34f5e09a59e,S2_R6_ATC_M3_AL24477_C0_RAD_MONO_EPD3,S2_R6_ATC_M3_AL24477_C0_RAD_EPD3,ATC_M3_AL24477,C0,RAD,MONO,3.0,-4.375,-3.375,0.0332025205219461,0.022749761360708894,0.002928850255205748,0.005817177522602477,0.0018340296741316277,0.0009477551340899718,0.001794294803726706
supplemental-2-8164d718635644c8aa3ce34f5e09a59e,S2_R6_ATC_M3_AL24477_C0_RAD_MONO_EPD3,S2_R6_ATC_M3_AL24477_C0_RAD_EPD3,ATC_M3_AL24477,C0,RAD,MONO,3.0,-4.5,-3.5,0.03133414951024838,0.02652722649026145,0.007550546120359899,0.0015191521357157995,0.001974027535709688,0.0020841682173117103,0.0010982135687644498
supplemental-2-8164d718635644c8aa3ce34f5e09a59e,S2_R6_ATC_M3_AL24477_C0_RAD_MONO_EPD3,S2_R6_ATC_M3_AL24477_C0_RAD_EPD3,ATC_M3_AL24477,C0,RAD,MONO,3.0,-4.625,-3.625,0.02931276946602464,0.017718157706705255,0.0068223228292429074,0.004839076956992434,0.003104914975787993,0.0005217958394428148,0.0015618869107961457
supplemental-2-8164d718635644c8aa3ce34f5e09a59e,S2_R6_ATC_M3_AL24477_C0_RAD_MONO_EPD3,S2_R6_ATC_M3_AL24477_C0_RAD_EPD3,ATC_M3_AL24477,C0,RAD,MONO,3.0,-4.75,-3.75,0.027121866293678753,0.0021263377162691914,0.002181920025200336,0.0018521786383472504,0.0008311389714188797,0.002088259342055025,0.00021360802115041376
supplemental-2-8164d718635644c8aa3ce34f5e09a59e,S2_R6_ATC_M3_AL24477_C0_RAD_MONO_EPD3,S2_R6_ATC_M3_AL24477_C0_RAD_EPD3,ATC_M3_AL24477,C0,RAD,MONO,3.0,-4.875,-3.875,0.026203294645340082,0.012193897961658937,0.006038856039757686,0.003941240283094175,0.00209407796997034,0.001520960874504897,0.001113257586914809
supplemental-2-8164d718635644c8aa3ce34f5e09a59e,S2_R6_ATC_M3_AL24477_C0_RAD_MONO_EPD3,S2_R6_ATC_M3_AL24477_C0_RAD_EPD3,ATC_M3_AL24477,C0,RAD,MONO,3.0,-5.0,-4.0,0.025893221971466387,0.018739433015630476,0.00011484599691014873,0.001743354607039422,0.0008524114784101569,0.0007031775461809966,0.0014942518441690513
supplemental-2-8164d718635644c8aa3ce34f5e09a59e,S2_R6_ATC_M3_AL24477_C0_RAD_EDOF_EPD3,S2_R6_ATC_M3_AL24477_C0_RAD_EPD3,ATC_M3_AL24477,C0,RAD,EDOF,3.0,1.0,1.875,0.031755644755816284,0.0031444037040422026,0.026553567633174166,0.0012927897989259893,0.005819912968406834,0.0012322116944618552,0.0016559472814528524
supplemental-2-8164d718635644c8aa3ce34f5e09a59e,S2_R6_ATC_M3_AL24477_C0_RAD_EDOF_EPD3,S2_R6_ATC_M3_AL24477_C0_RAD_EPD3,ATC_M3_AL24477,C0,RAD,EDOF,3.0,0.875,1.75,0.0337477299954469,0.017272200201910934,0.0014091252244574173,0.001604519568570665,0.007124782617258872,0.0018513727608407103,0.0020635946311640656
supplemental-2-8164d718635644c8aa3ce34f5e09a59e,S2_R6_ATC_M3_AL24477_C0_RAD_EDOF_EPD3,S2_R6_ATC_M3_AL24477_C0_RAD_EPD3,ATC_M3_AL24477,C0,RAD,EDOF,3.0,0.75,1.625,0.03707163021678606,0.029811608345557947,0.03558419452476398,0.005707032847222819,0.008987484232616885,0.005946996493315872,0.003236139445394323
supplemental-2-8164d718635644c8aa3ce34f5e09a59e,S2_R6_ATC_M3_AL24477_C0_RAD_EDOF_EPD3,S2_R6_ATC_M3_AL24477_C0_RAD_EPD3,ATC_M3_AL24477,C0,RAD,EDOF,3.0,0.625,1.5,0.03784689046029086,0.03880990485226163,0.04181946580064013,0.0014069605990066924,0.0003656698794496743,0.0023626740860396797,0.0023691981644994283
supplemental-2-8164d718635644c8aa3ce34f5e09a59e,S2_R6_ATC_M3_AL24477_C0_RAD_EDOF_EPD3,S2_R6_ATC_M3_AL24477_C0_RAD_EPD3,ATC_M3_AL24477,C0,RAD,EDOF,3.0,0.5,1.375,0.04159744265347713,0.04352687910159433,0.0028722046525113056,0.011876577996883596,0.0020971381201730253,0.0053312760531115284,0.0025197176278634334
supplemental-2-8164d718635644c8aa3ce34f5e09a59e,S2_R6_ATC_M3_AL24477_C0_RAD_EDOF_EPD3,S2_R6_ATC_M3_AL24477_C0_RAD_EPD3,ATC_M3_AL24477,C0,RAD,EDOF,3.0,0.375,1.25,0.04565423111238225,0.0437713508136792,0.04380143781902841,0.0013612257886917462,0.0014649664763205631,0.003180708142678632,0.00539664734995438
supplemental-2-8164d718635644c8aa3ce34f5e09a59e,S2_R6_ATC_M3_AL24477_C0_RAD_EDOF_EPD3,S2_R6_ATC_M3_AL24477_C0_RAD_EPD3,ATC_M3_AL24477,C0,RAD,EDOF,3.0,0.25,1.125,0.050611977783507366,0.03955846590797016,0.043786778759511195,0.02194676568641661,0.0050515433271566814,0.006828710932850174,0.002883620505958275
supplemental-2-8164d718635644c8aa3ce34f5e09a59e,S2_R6_ATC_M3_AL24477_C0_RAD_EDOF_EPD3,S2_R6_ATC_M3_AL24477_C0_RAD_EPD3,ATC_M3_AL24477,C0,RAD,EDOF,3.0,0.125,1.0,0.05765097463658844,0.03025772426326001,0.009495440874549605,0.0008534019125428236,0.008924016612749129,0.0023586016577053937,0.008276281919435849
supplemental-2-8164d718635644c8aa3ce34f5e09a59e,S2_R6_ATC_M3_AL24477_C0_RAD_EDOF_EPD3,S2_R6_ATC_M3_AL24477_C0_RAD_EPD3,ATC_M3_AL24477,C0,RAD,EDOF,3.0,0.0,0.875,0.06340478138960047,0.013713580268505624,0.05939584206889774,0.03937415870392743,0.017399996834423274,0.00016778039623535794,0.0022353787686127348
supplemental-2-8164d718635644c8aa3ce34f5e09a59e,S2_R6_ATC_M3_AL24477_C0_RAD_EDOF_EPD3,S2_R6_ATC_M3_AL24477_C0_RAD_EPD3,ATC_M3_AL24477,C0,RAD,EDOF,3.0,-0.125,0.75,0.07043665394992413,0.0130259345778605,0.04055825816354736,0.016297473030660672,0.010775707623462805,0.001123486741968069,0.005834219320307761
supplemental-2-8164d718635644c8aa3ce34f5e09a59e,S2_R6_ATC_M3_AL24477_C0_RAD_EDOF_EPD3,S2_R6_ATC_M3_AL24477_C0_RAD_EPD3,ATC_M3_AL24477,C0,RAD,EDOF,3.0,-0.25,0.625,0.08204964730229396,0.05236805092013508,0.04089622976210296,0.05574501216424346,0.008449624437896567,0.007158822907470812,0.0054764443512539404
supplemental-2-8164d718635644c8aa3ce34f5e09a59e,S2_R6_ATC_M3_AL24477_C0_RAD_EDOF_EPD3,S2_R6_ATC_M3_AL24477_C0_RAD_EPD3,ATC_M3_AL24477,C0,RAD,EDOF,3.0,-0.375,0.5,0.10378437095074203,0.10474575341519203,0.10147994488182799,0.05124177676148162,0.048427108508538874,0.018543861943841167,0.015752202344891254
supplemental-2-8164d718635644c8aa3ce34f5e09a59e,S2_R6_ATC_M3_AL24477_C0_RAD_EDOF_EPD3,S2_R6_ATC_M3_AL24477_C0_RAD_EPD3,ATC_M3_AL24477,C0,RAD,EDOF,3.0,-0.5,0.375,0.11572609765236003,0.16830936196556168,0.05795606780650853,0.044943429953210955,0.03878749345560259,0.026328533995531728,0.00010742384946634375
supplemental-2-8164d718635644c8aa3ce34f5e09a59e,S2_R6_ATC_M3_AL24477_C0_RAD_EDOF_EPD3,S2_R6_ATC_M3_AL24477_C0_RAD_EPD3,ATC_M3_AL24477,C0,RAD,EDOF,3.0,-0.625,0.25,0.13791414848884412,0.23828384710943362,0.08258472535510661,0.060134776621856706,0.03559911351114134,0.02299181700753915,0.026511664360253553
supplemental-2-8164d718635644c8aa3ce34f5e09a59e,S2_R6_ATC_M3_AL24477_C0_RAD_EDOF_EPD3,S2_R6_ATC_M3_AL24477_C0_RAD_EPD3,ATC_M3_AL24477,C0,RAD,EDOF,3.0,-0.75,0.125,0.17476097516565822,0.3069415889079605,0.22292587823601717,0.09908734871518683,0.02145209684600053,0.007078045095541696,0.03384032109380412
supplemental-2-8164d718635644c8aa3ce34f5e09a59e,S2_R6_ATC_M3_AL24477_C0_RAD_EDOF_EPD3,S2_R6_ATC_M3_AL24477_C0_RAD_EPD3,ATC_M3_AL24477,C0,RAD,EDOF,3.0,-0.875,0.0,0.2782253669049987,0.3650170028488051,0.2684312652972326,0.2521659246556145,0.19181328868627257,0.14526959678095724,0.13154005973142713
supplemental-2-8164d718635644c8aa3ce34f5e09a59e,S2_R6_ATC_M3_AL24477_C0_RAD_EDOF_EPD3,S2_R6_ATC_M3_AL24477_C0_RAD_EPD3,ATC_M3_AL24477,C0,RAD,EDOF,3.0,-1.0,-0.125,0.26668010286774474,0.40581247091908557,0.2196131453798027,0.2011339659958315,0.1924947904591072,0.14960073391328643,0.0851878993459437
supplemental-2-8164d718635644c8aa3ce34f5e09a59e,S2_R6_ATC_M3_AL24477_C0_RAD_EDOF_EPD3,S2_R6_ATC_M3_AL24477_C0_RAD_EPD3,ATC_M3_AL24477,C0,RAD,EDOF,3.0,-1.125,-0.25,0.18167395568677472,0.4249626915797955,0.1651382408597019,0.05419297605027738,0.018270844103946245,0.01811002299302182,0.060610984682875596
supplemental-2-8164d718635644c8aa3ce34f5e09a59e,S2_R6_ATC_M3_AL24477_C0_RAD_EDOF_EPD3,S2_R6_ATC_M3_AL24477_C0_RAD_EPD3,ATC_M3_AL24477,C0,RAD,EDOF,3.0,-1.25,-0.375,0.19085066418790833,0.42041532904842405,0.18439098397930492,0.06304633429587866,0.008600307541511672,0.0527297259141523,0.0694542169331993
supplemental-2-8164d718635644c8aa3ce34f5e09a59e,S2_R6_ATC_M3_AL24477_C0_RAD_EDOF_EPD3,S2_R6_ATC_M3_AL24477_C0_RAD_EPD3,ATC_M3_AL24477,C0,RAD,EDOF,3.0,-1.375,-0.5,0.2596512259457547,0.3961636345174566,0.2657804771352621,0.22542498971015262,0.159226403746361,0.10686609611340436,0.058830934893208855
supplemental-2-8164d718635644c8aa3ce34f5e09a59e,S2_R6_ATC_M3_AL24477_C0_RAD_EDOF_EPD3,S2_R6_ATC_M3_AL24477_C0_RAD_EPD3,ATC_M3_AL24477,C0,RAD,EDOF,3.0,-1.5,-0.625,0.29977122111390375,0.3578549669211786,0.3211112084717741,0.2963510394468878,0.22324406392453075,0.171860747019129,0.1060560206492836
supplemental-2-8164d718635644c8aa3ce34f5e09a59e,S2_R6_ATC_M3_AL24477_C0_RAD_EDOF_EPD3,S2_R6_ATC_M3_AL24477_C0_RAD_EPD3,ATC_M3_AL24477,C0,RAD,EDOF,3.0,-1.625,-0.75,0.22007171587876564,0.3115960798872971,0.27807296881471116,0.1703286373813746,0.09840717056525158,0.07483261344555403,0.040919387642891616
supplemental-2-8164d718635644c8aa3ce34f5e09a59e,S2_R6_ATC_M3_AL24477_C0_RAD_EDOF_EPD3,S2_R6_ATC_M3_AL24477_C0_RAD_EPD3,ATC_M3_AL24477,C0,RAD,EDOF,3.0,-1.75,-0.875,0.13180232373853598,0.26245662246882717,0.1509139123659175,0.0077750897919329955,0.0077207045719649954,0.012732980589836306,0.004536334358659117
supplemental-2-8164d718635644c8aa3ce34f5e09a59e,S2_R6_ATC_M3_AL24477_C0_RAD_EDOF_EPD3,S2_R6_ATC_M3_AL24477_C0_RAD_EPD3,ATC_M3_AL24477,C0,RAD,EDOF,3.0,-1.875,-1.0,0.11166060867784801,0.21258909340806328,0.019060597447971582,0.03985945625109938,0.014979756842519417,0.021792065051359,0.015933763343763147
supplemental-2-8164d718635644c8aa3ce34f5e09a59e,S2_R6_ATC_M3_AL24477_C0_RAD_EDOF_EPD3,S2_R6_ATC_M3_AL24477_C0_RAD_EPD3,ATC_M3_AL24477,C0,RAD,EDOF,3.0,-2.0,-1.125,0.09160747418578996,0.16330144732884516,0.047880805399618115,0.016069005728472974,0.01449849624830974,0.013512819499628842,0.00996425319749897
supplemental-2-8164d718635644c8aa3ce34f5e09a59e,S2_R6_ATC_M3_AL24477_C0_RAD_EDOF_EPD3,S2_R6_ATC_M3_AL24477_C0_RAD_EPD3,ATC_M3_AL24477,C0,RAD,EDOF,3.0,-2.125,-1.25,0.07877057793443269,0.11518374016924657,0.046010176610589315,0.012128206256128333,0.023408361341708466,0.0043115847368780675,0.0013328418846825546
supplemental-2-8164d718635644c8aa3ce34f5e09a59e,S2_R6_ATC_M3_AL24477_C0_RAD_EDOF_EPD3,S2_R6_ATC_M3_AL24477_C0_RAD_EPD3,ATC_M3_AL24477,C0,RAD,EDOF,3.0,-2.25,-1.375,0.07144570047630568,0.06900124629145474,0.015675702753853212,0.019388032526393317,0.01109369187074873,0.012414178593223073,0.01599912649925179
supplemental-2-8164d718635644c8aa3ce34f5e09a59e,S2_R6_ATC_M3_AL24477_C0_RAD_EDOF_EPD3,S2_R6_ATC_M3_AL24477_C0_RAD_EPD3,ATC_M3_AL24477,C0,RAD,EDOF,3.0,-2.375,-1.5,0.06119162652312591,0.027200066449931767,0.008635148623330816,0.0011260406918427294,0.006390695494833154,0.0033331593349165776,0.022072472041338623
supplemental-2-8164d718635644c8aa3ce34f5e09a59e,S2_R6_ATC_M3_AL24477_C0_RAD_EDOF_EPD3,S2_R6_ATC_M3_AL24477_C0_RAD_EPD3,ATC_M3_AL24477,C0,RAD,EDOF,3.0,-2.5,-1.625,0.06025536708881951,0.005958207217772133,0.02320278404010541,0.021923840540588675,0.010435614891838925,0.0219602850141807,0.013652949920497606
supplemental-2-8164d718635644c8aa3ce34f5e09a59e,S2_R6_ATC_M3_AL24477_C0_RAD_EDOF_EPD3,S2_R6_ATC_M3_AL24477_C0_RAD_EPD3,ATC_M3_AL24477,C0,RAD,EDOF,3.0,-2.625,-1.75,0.06075703407998948,0.02688662434738863,0.036563355523797594,0.02603714549670101,0.014357160996464407,0.0041217938411615175,0.015449336619310337
supplemental-2-8164d718635644c8aa3ce34f5e09a59e,S2_R6_ATC_M3_AL24477_C0_RAD_EDOF_EPD3,S2_R6_ATC_M3_AL24477_C0_RAD_EPD3,ATC_M3_AL24477,C0,RAD,EDOF,3.0,-2.75,-1.875,0.06812751470486537,0.032301557734178185,0.04641884683302475,0.027777727751717024,0.04071857274287259,0.015814734193718018,0.017983749479231384
supplemental-2-8164d718635644c8aa3ce34f5e09a59e,S2_R6_ATC_M3_AL24477_C0_RAD_EDOF_EPD3,S2_R6_ATC_M3_AL24477_C0_RAD_EPD3,ATC_M3_AL24477,C0,RAD,EDOF,3.0,-2.875,-2.0,0.061063996930805484,0.022135625815369965,0.04210248638522643,0.03190873886938636,0.025560969041948794,0.014969378398179951,0.008070271716063313
supplemental-2-8164d718635644c8aa3ce34f5e09a59e,S2_R6_ATC_M3_AL24477_C0_RAD_EDOF_EPD3,S2_R6_ATC_M3_AL24477_C0_RAD_EPD3,ATC_M3_AL24477,C0,RAD,EDOF,3.0,-3.0,-2.125,0.04942976478661205,2.861650062972783e-05,0.023708309502137495,0.014730071446798138,0.0023927061205557686,0.014289136623272258,0.005684927651718339
supplemental-2-8164d718635644c8aa3ce34f5e09a59e,S2_R6_ATC_M3_AL24477_C0_RAD_EDOF_EPD3,S2_R6_ATC_M3_AL24477_C0_RAD_EPD3,ATC_M3_AL24477,C0,RAD,EDOF,3.0,-3.125,-2.25,0.04659190317475513,0.027541445546827126,0.005939332941100862,0.016724067458971398,0.00933249731212819,0.010947192304479481,0.01622873687739032
supplemental-2-8164d718635644c8aa3ce34f5e09a59e,S2_R6_ATC_M3_AL24477_C0_RAD_EDOF_EPD3,S2_R6_ATC_M3_AL24477_C0_RAD_EPD3,ATC_M3_AL24477,C0,RAD,EDOF,3.0,-3.25,-2.375,0.0427524499699594,0.05235791647606566,0.00046638723745360926,0.02199998317886131,0.0073165644970836765,0.00031517457234355253,0.020169544493074447
supplemental-2-8164d718635644c8aa3ce34f5e09a59e,S2_R6_ATC_M3_AL24477_C0_RAD_EDOF_EPD3,S2_R6_ATC_M3_AL24477_C0_RAD_EPD3,ATC_M3_AL24477,C0,RAD,EDOF,3.0,-3.375,-2.5,0.03904292598239139,0.06747083934388173,0.002045178987949992,0.004194278753105075,0.0015276617967852398,0.0027550795094936826,0.01591226922899146
supplemental-2-8164d718635644c8aa3ce34f5e09a59e,S2_R6_ATC_M3_AL24477_C0_RAD_EDOF_EPD3,S2_R6_ATC_M3_AL24477_C0_RAD_EPD3,ATC_M3_AL24477,C0,RAD,EDOF,3.0,-3.5,-2.625,0.041149113304954854,0.06899196289349785,0.0017987219825029426,0.02390393738096569,0.010814625876712884,0.012350430653568934,0.011502216349343791
supplemental-2-8164d718635644c8aa3ce34f5e09a59e,S2_R6_ATC_M3_AL24477_C0_RAD_EDOF_EPD3,S2_R6_ATC_M3_AL24477_C0_RAD_EPD3,ATC_M3_AL24477,C0,RAD,EDOF,3.0,-3.625,-2.75,0.04067793358800804,0.057220363330813706,0.011208297337662213,0.019082685022891448,0.011308417974026382,0.006044120607561409,0.0011395373372673255
supplemental-2-8164d718635644c8aa3ce34f5e09a59e,S2_R6_ATC_M3_AL24477_C0_RAD_EDOF_EPD3,S2_R6_ATC_M3_AL24477_C0_RAD_EPD3,ATC_M3_AL24477,C0,RAD,EDOF,3.0,-3.75,-2.875,0.038610336936046756,0.036385138389914334,0.012489004627784628,0.0068201056269708935,0.00046540483142257954,0.007644834274650901,0.013451418930546983
supplemental-2-8164d718635644c8aa3ce34f5e09a59e,S2_R6_ATC_M3_AL24477_C0_RAD_EDOF_EPD3,S2_R6_ATC_M3_AL24477_C0_RAD_EPD3,ATC_M3_AL24477,C0,RAD,EDOF,3.0,-3.875,-3.0,0.037455288567811454,0.012920984694982497,0.002447106699034387,0.0016337598929590026,4.781361744509661e-05,0.014204962943667767,0.018693474699034388
supplemental-2-8164d718635644c8aa3ce34f5e09a59e,S2_R6_ATC_M3_AL24477_C0_RAD_EDOF_EPD3,S2_R6_ATC_M3_AL24477_C0_RAD_EPD3,ATC_M3_AL24477,C0,RAD,EDOF,3.0,-4.0,-3.125,0.03857162471907353,0.006749167522054188,0.02181678891538839,0.008851990411123015,0.008433093123844422,0.014412066435891165,0.015633710446296294
supplemental-2-8164d718635644c8aa3ce34f5e09a59e,S2_R6_ATC_M3_AL24477_C0_RAD_EDOF_EPD3,S2_R6_ATC_M3_AL24477_C0_RAD_EPD3,ATC_M3_AL24477,C0,RAD,EDOF,3.0,-4.125,-3.25,0.0379158854668324,0.018094434032987453,0.02531374991543652,0.009128961695200444,0.002608499752738686,0.003050921071421078,0.012907437446904358
supplemental-2-8164d718635644c8aa3ce34f5e09a59e,S2_R6_ATC_M3_AL24477_C0_RAD_EDOF_EPD3,S2_R6_ATC_M3_AL24477_C0_RAD_EPD3,ATC_M3_AL24477,C0,RAD,EDOF,3.0,-4.25,-3.375,0.03717186447557099,0.01998739761757943,0.007928263656880256,0.0015138965097935709,0.009866561889190559,0.016821281185459943,0.007060821819598851
supplemental-2-8164d718635644c8aa3ce34f5e09a59e,S2_R6_ATC_M3_AL24477_C0_RAD_EDOF_EPD3,S2_R6_ATC_M3_AL24477_C0_RAD_EPD3,ATC_M3_AL24477,C0,RAD,EDOF,3.0,-4.375,-3.5,0.03590359904029517,0.01417889285836469,0.013299675352669568,0.009250994309546234,0.011418249863299697,0.024279046266784038,0.0032600374483466336
supplemental-2-8164d718635644c8aa3ce34f5e09a59e,S2_R6_ATC_M3_AL24477_C0_RAD_EDOF_EPD3,S2_R6_ATC_M3_AL24477_C0_RAD_EPD3,ATC_M3_AL24477,C0,RAD,EDOF,3.0,-4.5,-3.625,0.03552764377364281,0.0042485961258902855,0.018005631182996917,0.005709785962808561,0.0021209134005787367,0.015063599715540273,0.009564589452400598
supplemental-2-8164d718635644c8aa3ce34f5e09a59e,S2_R6_ATC_M3_AL24477_C0_RAD_EDOF_EPD3,S2_R6_ATC_M3_AL24477_C0_RAD_EPD3,ATC_M3_AL24477,C0,RAD,EDOF,3.0,-4.625,-3.75,0.037997008909882,0.0060996297773755915,0.0034795012392848544,0.004894340271994174,0.01447353324099423,0.0029358713871845826,0.011344592396737012
supplemental-2-8164d718635644c8aa3ce34f5e09a59e,S2_R6_ATC_M3_AL24477_C0_RAD_EDOF_EPD3,S2_R6_ATC_M3_AL24477_C0_RAD_EPD3,ATC_M3_AL24477,C0,RAD,EDOF,3.0,-4.75,-3.875,0.04115705337850652,0.014075395036009943,0.015718051424461567,0.014867706849759445,0.028938484613437593,0.006800957203107324,0.014310945119728658
supplemental-2-8164d718635644c8aa3ce34f5e09a59e,S2_R6_ATC_M3_AL24477_C0_RAD_EDOF_EPD3,S2_R6_ATC_M3_AL24477_C0_RAD_EPD3,ATC_M3_AL24477,C0,RAD,EDOF,3.0,-4.875,-4.0,0.041662324746779236,0.02022195430680887,0.025731921748068924,0.01985958775038707,0.022393348968350768,0.009382296160182674,0.01514988240447403
supplemental-2-8164d718635644c8aa3ce34f5e09a59e,S2_R6_ATC_M3_AL24477_C0_RAD_EDOF_EPD3,S2_R6_ATC_M3_AL24477_C0_RAD_EPD3,ATC_M3_AL24477,C0,RAD,EDOF,3.0,-5.0,-4.125,0.039842108651243366,0.025356786791987565,0.0260784090536178,0.009959241592756261,0.0002528535056645128,0.0015722782622904817,0.01175613205403963
supplemental-2-8164d718635644c8aa3ce34f5e09a59e,S2_R6_ATC_M3_AL24477_C0_RAD_MONO_EPD5,S2_R6_ATC_M3_AL24477_C0_RAD_EPD5,ATC_M3_AL24477,C0,RAD,MONO,5.0,1.0,1.375,0.03814025113654367,0.008387756619578062,0.021041608619969916,0.00522284690125384,0.012612941071041692,0.0029774385654390864,0.002296366186569875
supplemental-2-8164d718635644c8aa3ce34f5e09a59e,S2_R6_ATC_M3_AL24477_C0_RAD_MONO_EPD5,S2_R6_ATC_M3_AL24477_C0_RAD_EPD5,ATC_M3_AL24477,C0,RAD,MONO,5.0,0.875,1.25,0.04214797502136547,0.02625109388343457,0.026709125290049103,0.002206577063256441,0.013346178018635513,0.0006020728047606924,0.0019502986901911274
supplemental-2-8164d718635644c8aa3ce34f5e09a59e,S2_R6_ATC_M3_AL24477_C0_RAD_MONO_EPD5,S2_R6_ATC_M3_AL24477_C0_RAD_EPD5,ATC_M3_AL24477,C0,RAD,MONO,5.0,0.75,1.125,0.04516660468205374,0.022753174494076524,0.03717834530453172,0.01723422918242353,0.011796655026463564,0.004880906459001983,0.0023491822697289527
supplemental-2-8164d718635644c8aa3ce34f5e09a59e,S2_R6_ATC_M3_AL24477_C0_RAD_MONO_EPD5,S2_R6_ATC_M3_AL24477_C0_RAD_EPD5,ATC_M3_AL24477,C0,RAD,MONO,5.0,0.625,1.0,0.04837754786772949,0.014537891424864361,0.006961727330905126,0.022475142321878562,0.010860004211762503,0.0006362150986893002,0.0011291604292670726
supplemental-2-8164d718635644c8aa3ce34f5e09a59e,S2_R6_ATC_M3_AL24477_C0_RAD_MONO_EPD5,S2_R6_ATC_M3_AL24477_C0_RAD_EPD5,ATC_M3_AL24477,C0,RAD,MONO,5.0,0.5,0.875,0.049348287695930214,0.060219732150958244,0.028645089841464258,0.014249534585027021,0.009170703936976608,0.015248325673805272,0.0043484195057170855
supplemental-2-8164d718635644c8aa3ce34f5e09a59e,S2_R6_ATC_M3_AL24477_C0_RAD_MONO_EPD5,S2_R6_ATC_M3_AL24477_C0_RAD_EPD5,ATC_M3_AL24477,C0,RAD,MONO,5.0,0.375,0.75,0.05116176613764132,0.06277289554174927,0.018075011974180034,0.0015845943646758294,0.009555895586208743,0.03303696267130353,0.0018539691294392115
supplemental-2-8164d718635644c8aa3ce34f5e09a59e,S2_R6_ATC_M3_AL24477_C0_RAD_MONO_EPD5,S2_R6_ATC_M3_AL24477_C0_RAD_EPD5,ATC_M3_AL24477,C0,RAD,MONO,5.0,0.25,0.625,0.05621455177837163,0.004199452285495745,0.009973921073859535,0.004878518940733404,0.007143025395482589,0.035198938524466455,0.0030653803851480475
supplemental-2-8164d718635644c8aa3ce34f5e09a59e,S2_R6_ATC_M3_AL24477_C0_RAD_MONO_EPD5,S2_R6_ATC_M3_AL24477_C0_RAD_EPD5,ATC_M3_AL24477,C0,RAD,MONO,5.0,0.125,0.5,0.06139886686296093,0.09620801285113795,0.010946955178625015,0.008262264295727241,0.002299944365817481,0.020507158186990795,0.01591505873267285
supplemental-2-8164d718635644c8aa3ce34f5e09a59e,S2_R6_ATC_M3_AL24477_C0_RAD_MONO_EPD5,S2_R6_ATC_M3_AL24477_C0_RAD_EPD5,ATC_M3_AL24477,C0,RAD,MONO,5.0,0.0,0.375,0.06683601436064118,0.1160836213384045,0.05768775833148087,0.02551212490724978,0.005562280193680592,0.00217120011901296,0.031059721376900468
supplemental-2-8164d718635644c8aa3ce34f5e09a59e,S2_R6_ATC_M3_AL24477_C0_RAD_MONO_EPD5,S2_R6_ATC_M3_AL24477_C0_RAD_EPD5,ATC_M3_AL24477,C0,RAD,MONO,5.0,-0.125,0.25,0.07923787785177058,0.001921842544821372,0.029933719908442527,0.013695984236535029,0.0052592930977710135,0.006005499092541126,0.0035054051349810624
supplemental-2-8164d718635644c8aa3ce34f5e09a59e,S2_R6_ATC_M3_AL24477_C0_RAD_MONO_EPD5,S2_R6_ATC_M3_AL24477_C0_RAD_EPD5,ATC_M3_AL24477,C0,RAD,MONO,5.0,-0.25,0.125,0.10372497037051247,0.2147489642047042,0.013920784013550038,0.021875214278217425,0.030149594004225153,0.003465517498910663,0.005669219918408189
supplemental-2-8164d718635644c8aa3ce34f5e09a59e,S2_R6_ATC_M3_AL24477_C0_RAD_MONO_EPD5,S2_R6_ATC_M3_AL24477_C0_RAD_EPD5,ATC_M3_AL24477,C0,RAD,MONO,5.0,-0.375,0.0,0.21478142209790196,0.3829509977163065,0.2461097201342245,0.1376153449483009,0.08861209799016245,0.09843732614013201,0.07930143191805593
supplemental-2-8164d718635644c8aa3ce34f5e09a59e,S2_R6_ATC_M3_AL24477_C0_RAD_MONO_EPD5,S2_R6_ATC_M3_AL24477_C0_RAD_EPD5,ATC_M3_AL24477,C0,RAD,MONO,5.0,-0.5,-0.125,0.21152459155155556,0.37988056516129787,0.21993304363153865,0.1377936557077476,0.09562827069728488,0.06386804777262267,0.07387266772265078
supplemental-2-8164d718635644c8aa3ce34f5e09a59e,S2_R6_ATC_M3_AL24477_C0_RAD_MONO_EPD5,S2_R6_ATC_M3_AL24477_C0_RAD_EPD5,ATC_M3_AL24477,C0,RAD,MONO,5.0,-0.625,-0.25,0.10673697784087628,0.2047222824472526,0.020381525405630756,0.02752763172643702,0.015478153065422308,0.007217916048049588,0.0027130806799943764
supplemental-2-8164d718635644c8aa3ce34f5e09a59e,S2_R6_ATC_M3_AL24477_C0_RAD_MONO_EPD5,S2_R6_ATC_M3_AL24477_C0_RAD_EPD5,ATC_M3_AL24477,C0,RAD,MONO,5.0,-0.75,-0.375,0.09260362076745923,0.010695166333583802,0.00031142798656943907,0.05106972780011608,0.005056862939946045,0.022718311152857454,0.018506322075211797
supplemental-2-8164d718635644c8aa3ce34f5e09a59e,S2_R6_ATC_M3_AL24477_C0_RAD_MONO_EPD5,S2_R6_ATC_M3_AL24477_C0_RAD_EPD5,ATC_M3_AL24477,C0,RAD,MONO,5.0,-0.875,-0.5,0.09245490287337814,0.1135362233188261,0.05411187752754931,0.02200033579616589,0.01955366429511476,0.0003512480068495129,0.0068039372826971724
supplemental-2-8164d718635644c8aa3ce34f5e09a59e,S2_R6_ATC_M3_AL24477_C0_RAD_MONO_EPD5,S2_R6_ATC_M3_AL24477_C0_RAD_EPD5,ATC_M3_AL24477,C0,RAD,MONO,5.0,-1.0,-0.625,0.08435088565158586,0.05714024647454036,0.010729996196606478,0.012612753206300828,0.017347844249371178,0.0221057965178807,0.02576626246813106
supplemental-2-8164d718635644c8aa3ce34f5e09a59e,S2_R6_ATC_M3_AL24477_C0_RAD_MONO_EPD5,S2_R6_ATC_M3_AL24477_C0_RAD_EPD5,ATC_M3_AL24477,C0,RAD,MONO,5.0,-1.125,-0.75,0.07717652544329626,0.07668972141040041,0.04749745390735157,0.015869372400863543,0.008578724093480948,0.006455744981813295,0.00019465410041805397
supplemental-2-8164d718635644c8aa3ce34f5e09a59e,S2_R6_ATC_M3_AL24477_C0_RAD_MONO_EPD5,S2_R6_ATC_M3_AL24477_C0_RAD_EPD5,ATC_M3_AL24477,C0,RAD,MONO,5.0,-1.25,-0.875,0.08458885290333032,0.1743769045436404,0.014831789396021698,0.03872311708779584,0.017982671109068836,0.009962902620867395,0.003295243234288992
supplemental-2-8164d718635644c8aa3ce34f5e09a59e,S2_R6_ATC_M3_AL24477_C0_RAD_MONO_EPD5,S2_R6_ATC_M3_AL24477_C0_RAD_EPD5,ATC_M3_AL24477,C0,RAD,MONO,5.0,-1.375,-1.0,0.09525179573992872,0.2013979720086619,0.03798326498513746,0.0035793019494513413,0.025631025755479955,0.02940676554498833,0.022709894268230585
supplemental-2-8164d718635644c8aa3ce34f5e09a59e,S2_R6_ATC_M3_AL24477_C0_RAD_MONO_EPD5,S2_R6_ATC_M3_AL24477_C0_RAD_EPD5,ATC_M3_AL24477,C0,RAD,MONO,5.0,-1.5,-1.125,0.12011305201580397,0.21456663866010067,0.08780979821060272,0.007599575117089525,0.02830449036653317,0.033727296003970356,0.02888000904888554
supplemental-2-8164d718635644c8aa3ce34f5e09a59e,S2_R6_ATC_M3_AL24477_C0_RAD_MONO_EPD5,S2_R6_ATC_M3_AL24477_C0_RAD_EPD5,ATC_M3_AL24477,C0,RAD,MONO,5.0,-1.625,-1.25,0.1934182594587596,0.27449698151317303,0.22964011364771858,0.14318050648438027,0.08696773321399023,0.061636546033011455,0.047965979068013795
supplemental-2-8164d718635644c8aa3ce34f5e09a59e,S2_R6_ATC_M3_AL24477_C0_RAD_MONO_EPD5,S2_R6_ATC_M3_AL24477_C0_RAD_EPD5,ATC_M3_AL24477,C0,RAD,MONO,5.0,-1.75,-1.375,0.28740010493976187,0.363273611849923,0.3000434420196014,0.2701161556030368,0.23213559095488123,0.18726415900590002,0.1457756770742203
supplemental-2-8164d718635644c8aa3ce34f5e09a59e,S2_R6_ATC_M3_AL24477_C0_RAD_MONO_EPD5,S2_R6_ATC_M3_AL24477_C0_RAD_EPD5,ATC_M3_AL24477,C0,RAD,MONO,5.0,-1.875,-1.5,0.23562304257188682,0.399956202445515,0.2929958935999396,0.21114277681297194,0.1503322483014572,0.11374315096615323,0.08848287436277316
supplemental-2-8164d718635644c8aa3ce34f5e09a59e,S2_R6_ATC_M3_AL24477_C0_RAD_MONO_EPD5,S2_R6_ATC_M3_AL24477_C0_RAD_EPD5,ATC_M3_AL24477,C0,RAD,MONO,5.0,-2.0,-1.625,0.12755646562890152,0.33126468063348447,0.1413889762675276,0.04788153761169318,0.01771001807107276,0.010022945554344482,0.011211884539521266
supplemental-2-8164d718635644c8aa3ce34f5e09a59e,S2_R6_ATC_M3_AL24477_C0_RAD_MONO_EPD5,S2_R6_ATC_M3_AL24477_C0_RAD_EPD5,ATC_M3_AL24477,C0,RAD,MONO,5.0,-2.125,-1.75,0.08830103600456748,0.19041733852845943,0.0009698256167366987,0.0341097063137658,0.02301772219889351,0.007797158901067275,0.0025057085134003085
supplemental-2-8164d718635644c8aa3ce34f5e09a59e,S2_R6_ATC_M3_AL24477_C0_RAD_MONO_EPD5,S2_R6_ATC_M3_AL24477_C0_RAD_EPD5,ATC_M3_AL24477,C0,RAD,MONO,5.0,-2.25,-1.875,0.0662117827148048,0.061211151090930706,0.03432199376774549,0.013177637310417739,0.0032138502678569127,0.0014816710079384168,0.0030459950643494816
supplemental-2-8164d718635644c8aa3ce34f5e09a59e,S2_R6_ATC_M3_AL24477_C0_RAD_MONO_EPD5,S2_R6_ATC_M3_AL24477_C0_RAD_EPD5,ATC_M3_AL24477,C0,RAD,MONO,5.0,-2.375,-2.0,0.05480015573788421,0.004332891807363335,0.034569190370100034,0.012064121813109265,0.008052433958110394,0.0007043333177333556,0.00046705980473962707
supplemental-2-8164d718635644c8aa3ce34f5e09a59e,S2_R6_ATC_M3_AL24477_C0_RAD_MONO_EPD5,S2_R6_ATC_M3_AL24477_C0_RAD_EPD5,ATC_M3_AL24477,C0,RAD,MONO,5.0,-2.5,-2.125,0.04610751083639898,0.019248734700844407,0.0045233973753715274,0.0048326518559335995,0.004960371412786292,0.0009503877909324023,0.0028656582669681734
supplemental-2-8164d718635644c8aa3ce34f5e09a59e,S2_R6_ATC_M3_AL24477_C0_RAD_MONO_EPD5,S2_R6_ATC_M3_AL24477_C0_RAD_EPD5,ATC_M3_AL24477,C0,RAD,MONO,5.0,-2.625,-2.25,0.04039986241958266,0.021693488610917,0.023463159600826254,0.006002417821510206,0.00036699038066175974,0.0015318901220543715,0.0005855231125169994
supplemental-2-8164d718635644c8aa3ce34f5e09a59e,S2_R6_ATC_M3_AL24477_C0_RAD_MONO_EPD5,S2_R6_ATC_M3_AL24477_C0_RAD_EPD5,ATC_M3_AL24477,C0,RAD,MONO,5.0,-2.75,-2.375,0.034384157678777144,0.026410145741673184,0.0018237036549926706,0.00026759636647252826,0.0020300420631372846,0.0010635401825125164,0.0014758770522295326
supplemental-2-8164d718635644c8aa3ce34f5e09a59e,S2_R6_ATC_M3_AL24477_C0_RAD_MONO_EPD5,S2_R6_ATC_M3_AL24477_C0_RAD_EPD5,ATC_M3_AL24477,C0,RAD,MONO,5.0,-2.875,-2.5,0.030597464602771053,0.02489268659381546,0.0030517640556167584,0.000727534119979065,0.0020594523778749165,0.0009468499316845974,0.0014666134711117244
supplemental-2-8164d718635644c8aa3ce34f5e09a59e,S2_R6_ATC_M3_AL24477_C0_RAD_MONO_EPD5,S2_R6_ATC_M3_AL24477_C0_RAD_EPD5,ATC_M3_AL24477,C0,RAD,MONO,5.0,-3.0,-2.625,0.02774397019233445,0.01434286862472601,0.003643299470640142,1.0489970206952566e-05,0.0016791971292590274,0.002448058530698216,0.0015031842512248932
supplemental-2-8164d718635644c8aa3ce34f5e09a59e,S2_R6_ATC_M3_AL24477_C0_RAD_MONO_EPD5,S2_R6_ATC_M3_AL24477_C0_RAD_EPD5,ATC_M3_AL24477,C0,RAD,MONO,5.0,-3.125,-2.75,0.026147439367706304,0.002818615641094015,0.0032746623573346872,0.001718972692325519,0.0004740006383052638,0.0009775110723373394,0.000612730945284787
supplemental-2-8164d718635644c8aa3ce34f5e09a59e,S2_R6_ATC_M3_AL24477_C0_RAD_MONO_EPD5,S2_R6_ATC_M3_AL24477_C0_RAD_EPD5,ATC_M3_AL24477,C0,RAD,MONO,5.0,-3.25,-2.875,0.02491649861423355,0.0062837481554089795,0.007689832510742303,0.0009242452751012584,0.00016494343407971794,0.0003128510197196974,0.0006779428478795155
supplemental-2-8164d718635644c8aa3ce34f5e09a59e,S2_R6_ATC_M3_AL24477_C0_RAD_MONO_EPD5,S2_R6_ATC_M3_AL24477_C0_RAD_EPD5,ATC_M3_AL24477,C0,RAD,MONO,5.0,-3.375,-3.0,0.0234229917775707,0.015730981986433544,0.0020873992108303638,0.0007916990013229525,0.0027356913617815025,0.0002531618441842036,0.0005687382506302358
supplemental-2-8164d718635644c8aa3ce34f5e09a59e,S2_R6_ATC_M3_AL24477_C0_RAD_MONO_EPD5,S2_R6_ATC_M3_AL24477_C0_RAD_EPD5,ATC_M3_AL24477,C0,RAD,MONO,5.0,-3.5,-3.125,0.02208436865886472,0.02091328211268747,0.0019405770966297886,0.0009287407241716616,0.0002838511381339935,0.0016163436808827106,0.0003249377952786298
supplemental-2-8164d718635644c8aa3ce34f5e09a59e,S2_R6_ATC_M3_AL24477_C0_RAD_MONO_EPD5,S2_R6_ATC_M3_AL24477_C0_RAD_EPD5,ATC_M3_AL24477,C0,RAD,MONO,5.0,-3.625,-3.25,0.020091567509601987,0.011472549269473175,0.003652219535166727,0.0015288879384371301,0.0006205105640252357,0.0008760212619620493,0.00048380067771951565
supplemental-2-8164d718635644c8aa3ce34f5e09a59e,S2_R6_ATC_M3_AL24477_C0_RAD_MONO_EPD5,S2_R6_ATC_M3_AL24477_C0_RAD_EPD5,ATC_M3_AL24477,C0,RAD,MONO,5.0,-3.75,-3.375,0.0189671219481583,0.010027636133750345,0.00405276410922855,0.0014660929490021484,0.0023067034750163264,0.000725596781781096,0.0004135974527002818
supplemental-2-8164d718635644c8aa3ce34f5e09a59e,S2_R6_ATC_M3_AL24477_C0_RAD_MONO_EPD5,S2_R6_ATC_M3_AL24477_C0_RAD_EPD5,ATC_M3_AL24477,C0,RAD,MONO,5.0,-3.875,-3.5,0.01740948451617644,0.02402631126328391,0.001619953189797453,0.001780650582731355,0.0013965736695214141,0.001573470612574119,0.00032547751711800175
supplemental-2-8164d718635644c8aa3ce34f5e09a59e,S2_R6_ATC_M3_AL24477_C0_RAD_MONO_EPD5,S2_R6_ATC_M3_AL24477_C0_RAD_EPD5,ATC_M3_AL24477,C0,RAD,MONO,5.0,-4.0,-3.625,0.016371890842258072,0.0159919153626097,0.0024822969785325607,0.0015586759303651485,0.0012616146188622474,0.0004811742971271068,0.0011909034511701595
supplemental-2-8164d718635644c8aa3ce34f5e09a59e,S2_R6_ATC_M3_AL24477_C0_RAD_MONO_EPD5,S2_R6_ATC_M3_AL24477_C0_RAD_EPD5,ATC_M3_AL24477,C0,RAD,MONO,5.0,-4.125,-3.75,0.01602667062563987,0.004979533775913295,0.003823120972818328,0.00011744341605214706,0.0002871126679797139,0.0013038984728623265,0.001529212742586202
supplemental-2-8164d718635644c8aa3ce34f5e09a59e,S2_R6_ATC_M3_AL24477_C0_RAD_MONO_EPD5,S2_R6_ATC_M3_AL24477_C0_RAD_EPD5,ATC_M3_AL24477,C0,RAD,MONO,5.0,-4.25,-3.875,0.017944584859175397,0.016208543219450082,0.0014455268081567882,0.0015761985764851723,0.001740985775765308,0.002173925855824573,4.9088226559504354e-05
supplemental-2-8164d718635644c8aa3ce34f5e09a59e,S2_R6_ATC_M3_AL24477_C0_RAD_MONO_EPD5,S2_R6_ATC_M3_AL24477_C0_RAD_EPD5,ATC_M3_AL24477,C0,RAD,MONO,5.0,-4.375,-4.0,0.018629805861789236,0.008220338828774773,0.0006587754338360939,0.0005335516344054021,0.0009659394984838543,0.0017143171569605432,0.0012264673724286725
supplemental-2-8164d718635644c8aa3ce34f5e09a59e,S2_R6_ATC_M3_AL24477_C0_RAD_MONO_EPD5,S2_R6_ATC_M3_AL24477_C0_RAD_EPD5,ATC_M3_AL24477,C0,RAD,MONO,5.0,-4.5,-4.125,0.018300832293634616,0.006150151175794554,0.0020110579343098124,0.0008107975690696868,0.00011669939630172827,0.0006470147107903218,0.0008265659323226874
supplemental-2-8164d718635644c8aa3ce34f5e09a59e,S2_R6_ATC_M3_AL24477_C0_RAD_MONO_EPD5,S2_R6_ATC_M3_AL24477_C0_RAD_EPD5,ATC_M3_AL24477,C0,RAD,MONO,5.0,-4.625,-4.25,0.018442475853326774,0.00936271484523761,0.003234020040236614,0.0002420354974377301,0.0012096194764501544,0.0009837194873950782,0.0009446411614900299
supplemental-2-8164d718635644c8aa3ce34f5e09a59e,S2_R6_ATC_M3_AL24477_C0_RAD_MONO_EPD5,S2_R6_ATC_M3_AL24477_C0_RAD_EPD5,ATC_M3_AL24477,C0,RAD,MONO,5.0,-4.75,-4.375,0.01785322713307754,0.0002518370719712756,0.0016337944892011922,0.001200308780146125,0.0011669559501332114,0.00014378476668657636,0.0014414435885963077
supplemental-2-8164d718635644c8aa3ce34f5e09a59e,S2_R6_ATC_M3_AL24477_C0_RAD_MONO_EPD5,S2_R6_ATC_M3_AL24477_C0_RAD_EPD5,ATC_M3_AL24477,C0,RAD,MONO,5.0,-4.875,-4.5,0.01782661196977545,0.007580687405675699,0.0017373674710125361,0.0003177553407328653,0.000787565942628668,0.0012553614468962188,3.2132519585756185e-05
supplemental-2-8164d718635644c8aa3ce34f5e09a59e,S2_R6_ATC_M3_AL24477_C0_RAD_MONO_EPD5,S2_R6_ATC_M3_AL24477_C0_RAD_EPD5,ATC_M3_AL24477,C0,RAD,MONO,5.0,-5.0,-4.625,0.01741305110656005,0.003934077973540586,0.0023612170051733037,0.0013511053494517525,0.0010446056886758283,0.0005356068384001047,0.0009564613914587351
supplemental-2-8164d718635644c8aa3ce34f5e09a59e,S2_R6_ATC_M3_AL24477_C0_RAD_EDOF_EPD5,S2_R6_ATC_M3_AL24477_C0_RAD_EPD5,ATC_M3_AL24477,C0,RAD,EDOF,5.0,1.0,1.375,0.039774601016159,0.018951860243053127,0.0008356696002512472,0.00818343631085032,0.008099821683700567,0.005496589483458799,0.0024620995274064364
supplemental-2-8164d718635644c8aa3ce34f5e09a59e,S2_R6_ATC_M3_AL24477_C0_RAD_EDOF_EPD5,S2_R6_ATC_M3_AL24477_C0_RAD_EPD5,ATC_M3_AL24477,C0,RAD,EDOF,5.0,0.875,1.25,0.04342753686400349,0.02597725535409282,0.03962615562515223,0.01705555748810922,0.012995299874307009,0.004620402077686649,0.00655710148376196
supplemental-2-8164d718635644c8aa3ce34f5e09a59e,S2_R6_ATC_M3_AL24477_C0_RAD_EDOF_EPD5,S2_R6_ATC_M3_AL24477_C0_RAD_EPD5,ATC_M3_AL24477,C0,RAD,EDOF,5.0,0.75,1.125,0.04577333622471606,0.0572803779063868,0.024434286430048784,0.028674326433388082,0.015228339194434351,0.0027196543509121784,0.003651106644774166
supplemental-2-8164d718635644c8aa3ce34f5e09a59e,S2_R6_ATC_M3_AL24477_C0_RAD_EDOF_EPD5,S2_R6_ATC_M3_AL24477_C0_RAD_EPD5,ATC_M3_AL24477,C0,RAD,EDOF,5.0,0.625,1.0,0.04599845875617655,0.04573814802041359,0.03290530636944655,0.03056175292580322,0.01988066524211944,0.004234500798645379,0.0008620073596195373
supplemental-2-8164d718635644c8aa3ce34f5e09a59e,S2_R6_ATC_M3_AL24477_C0_RAD_EDOF_EPD5,S2_R6_ATC_M3_AL24477_C0_RAD_EPD5,ATC_M3_AL24477,C0,RAD,EDOF,5.0,0.5,0.875,0.04546630987572685,0.0014283956341735286,0.01132853290201698,0.02690989516010763,0.018788561350004417,0.004837464197502832,0.00311552017951528
supplemental-2-8164d718635644c8aa3ce34f5e09a59e,S2_R6_ATC_M3_AL24477_C0_RAD_EDOF_EPD5,S2_R6_ATC_M3_AL24477_C0_RAD_EPD5,ATC_M3_AL24477,C0,RAD,EDOF,5.0,0.375,0.75,0.046759739101468537,0.028213657151375332,0.006760961706162774,0.03253257983884169,0.008041797711491529,0.006710238847447276,0.005827499094679155
supplemental-2-8164d718635644c8aa3ce34f5e09a59e,S2_R6_ATC_M3_AL24477_C0_RAD_EDOF_EPD5,S2_R6_ATC_M3_AL24477_C0_RAD_EPD5,ATC_M3_AL24477,C0,RAD,EDOF,5.0,0.25,0.625,0.05327524989091056,0.003608176176066959,0.033861527010964745,0.04530489170202673,0.005763497573285041,0.019888528580999498,0.0008762118036598297
supplemental-2-8164d718635644c8aa3ce34f5e09a59e,S2_R6_ATC_M3_AL24477_C0_RAD_EDOF_EPD5,S2_R6_ATC_M3_AL24477_C0_RAD_EPD5,ATC_M3_AL24477,C0,RAD,EDOF,5.0,0.125,0.5,0.06703772884642774,0.05191534807559822,0.0024581097875533745,0.029272098604227144,0.021381566484907785,0.03621467321535626,0.008037390347277986
supplemental-2-8164d718635644c8aa3ce34f5e09a59e,S2_R6_ATC_M3_AL24477_C0_RAD_EDOF_EPD5,S2_R6_ATC_M3_AL24477_C0_RAD_EPD5,ATC_M3_AL24477,C0,RAD,EDOF,5.0,0.0,0.375,0.0797894906102116,0.0608106826081707,0.07937296032730544,0.00435215126132727,0.044829092805454315,0.03924567346929768,0.01910913652581119
supplemental-2-8164d718635644c8aa3ce34f5e09a59e,S2_R6_ATC_M3_AL24477_C0_RAD_EDOF_EPD5,S2_R6_ATC_M3_AL24477_C0_RAD_EPD5,ATC_M3_AL24477,C0,RAD,EDOF,5.0,-0.125,0.25,0.09218456304611061,0.037594305491262525,0.022016558338932086,0.02394292854530912,0.04103656178798572,0.03911317616318541,0.006885617277274011
supplemental-2-8164d718635644c8aa3ce34f5e09a59e,S2_R6_ATC_M3_AL24477_C0_RAD_EDOF_EPD5,S2_R6_ATC_M3_AL24477_C0_RAD_EPD5,ATC_M3_AL24477,C0,RAD,EDOF,5.0,-0.25,0.125,0.11253941415115848,0.21371112452583307,0.028926754639537006,0.004981714274775225,0.037987672081102,0.021456647996752,0.020185932154262537
supplemental-2-8164d718635644c8aa3ce34f5e09a59e,S2_R6_ATC_M3_AL24477_C0_RAD_EDOF_EPD5,S2_R6_ATC_M3_AL24477_C0_RAD_EPD5,ATC_M3_AL24477,C0,RAD,EDOF,5.0,-0.375,0.0,0.246224289598699,0.35348193498263314,0.2197656137729236,0.16708392306482428,0.11249656682419742,0.11453965170038335,0.13102293073894633
supplemental-2-8164d718635644c8aa3ce34f5e09a59e,S2_R6_ATC_M3_AL24477_C0_RAD_EDOF_EPD5,S2_R6_ATC_M3_AL24477_C0_RAD_EPD5,ATC_M3_AL24477,C0,RAD,EDOF,5.0,-0.5,-0.125,0.2210820025057511,0.35410879927850253,0.19860140195073403,0.14479928025798156,0.09541086129242964,0.06734627999690479,0.04795625212516535
supplemental-2-8164d718635644c8aa3ce34f5e09a59e,S2_R6_ATC_M3_AL24477_C0_RAD_EDOF_EPD5,S2_R6_ATC_M3_AL24477_C0_RAD_EPD5,ATC_M3_AL24477,C0,RAD,EDOF,5.0,-0.625,-0.25,0.132670518492462,0.22546021552792883,0.018646472304450837,0.05889020246518162,0.02668718640376918,0.014869381874853083,0.01982812109828526
supplemental-2-8164d718635644c8aa3ce34f5e09a59e,S2_R6_ATC_M3_AL24477_C0_RAD_EDOF_EPD5,S2_R6_ATC_M3_AL24477_C0_RAD_EPD5,ATC_M3_AL24477,C0,RAD,EDOF,5.0,-0.75,-0.375,0.11779137202366195,0.09031640680777665,0.05617032040351141,0.02399659177122286,0.048483945720670565,0.021702985532023756,0.0040435064195577086
supplemental-2-8164d718635644c8aa3ce34f5e09a59e,S2_R6_ATC_M3_AL24477_C0_RAD_EDOF_EPD5,S2_R6_ATC_M3_AL24477_C0_RAD_EPD5,ATC_M3_AL24477,C0,RAD,EDOF,5.0,-0.875,-0.5,0.16585756086824135,0.0751235513151249,0.15728238468809752,0.11654870934384108,0.10703041713519187,0.06156841947917021,0.0565934448988092
supplemental-2-8164d718635644c8aa3ce34f5e09a59e,S2_R6_ATC_M3_AL24477_C0_RAD_EDOF_EPD5,S2_R6_ATC_M3_AL24477_C0_RAD_EPD5,ATC_M3_AL24477,C0,RAD,EDOF,5.0,-1.0,-0.625,0.18488903146801036,0.19137808084266322,0.10722696316242047,0.13460438712150058,0.11897114851603621,0.11030868298456403,0.08552923764909207
supplemental-2-8164d718635644c8aa3ce34f5e09a59e,S2_R6_ATC_M3_AL24477_C0_RAD_EDOF_EPD5,S2_R6_ATC_M3_AL24477_C0_RAD_EPD5,ATC_M3_AL24477,C0,RAD,EDOF,5.0,-1.125,-0.75,0.12989991807806095,0.32586770493341843,0.13534413510458332,0.036761638945442474,0.0166465424052219,0.002949092847708631,0.025440485654436885
supplemental-2-8164d718635644c8aa3ce34f5e09a59e,S2_R6_ATC_M3_AL24477_C0_RAD_EDOF_EPD5,S2_R6_ATC_M3_AL24477_C0_RAD_EPD5,ATC_M3_AL24477,C0,RAD,EDOF,5.0,-1.25,-0.875,0.12013222857562132,0.3506398817446314,0.13413368717213914,0.03217617478376107,0.0023056194568558917,0.016313988683622712,0.026040519282636204
supplemental-2-8164d718635644c8aa3ce34f5e09a59e,S2_R6_ATC_M3_AL24477_C0_RAD_EDOF_EPD5,S2_R6_ATC_M3_AL24477_C0_RAD_EPD5,ATC_M3_AL24477,C0,RAD,EDOF,5.0,-1.375,-1.0,0.15881039905166136,0.24384608137913788,0.08911329425946679,0.13176867183567112,0.10515508977172783,0.08712749372025616,0.0693466610651845
supplemental-2-8164d718635644c8aa3ce34f5e09a59e,S2_R6_ATC_M3_AL24477_C0_RAD_EDOF_EPD5,S2_R6_ATC_M3_AL24477_C0_RAD_EPD5,ATC_M3_AL24477,C0,RAD,EDOF,5.0,-1.5,-1.125,0.1288614261484899,0.09823112367676501,0.12761347194894557,0.11207335952658401,0.0804946095143006,0.050612888179669614,0.03165990939804275
supplemental-2-8164d718635644c8aa3ce34f5e09a59e,S2_R6_ATC_M3_AL24477_C0_RAD_EDOF_EPD5,S2_R6_ATC_M3_AL24477_C0_RAD_EPD5,ATC_M3_AL24477,C0,RAD,EDOF,5.0,-1.625,-1.25,0.07867355229434335,0.02432386371568184,0.10185185609303218,0.03202792484246737,0.0008492791628562201,0.005364194350689841,0.0029612373242432176
supplemental-2-8164d718635644c8aa3ce34f5e09a59e,S2_R6_ATC_M3_AL24477_C0_RAD_EDOF_EPD5,S2_R6_ATC_M3_AL24477_C0_RAD_EPD5,ATC_M3_AL24477,C0,RAD,EDOF,5.0,-1.75,-1.375,0.06566401343000196,0.044475529833966854,0.031342939449742716,0.0013273655787107478,0.019114849899698153,0.02196441292510787,0.010862807347657797
supplemental-2-8164d718635644c8aa3ce34f5e09a59e,S2_R6_ATC_M3_AL24477_C0_RAD_EDOF_EPD5,S2_R6_ATC_M3_AL24477_C0_RAD_EPD5,ATC_M3_AL24477,C0,RAD,EDOF,5.0,-1.875,-1.5,0.05187103295071897,0.09156669051282028,0.024090598764658133,0.011429071239660157,0.0004260237849923208,0.005645558828483967,0.0042457756553697735
supplemental-2-8164d718635644c8aa3ce34f5e09a59e,S2_R6_ATC_M3_AL24477_C0_RAD_EDOF_EPD5,S2_R6_ATC_M3_AL24477_C0_RAD_EPD5,ATC_M3_AL24477,C0,RAD,EDOF,5.0,-2.0,-1.625,0.04633354060905166,0.09565836512236997,0.006154531731174895,0.0033707565191241204,0.014605401068354763,0.0024634799211883706,0.0035881088571891994
supplemental-2-8164d718635644c8aa3ce34f5e09a59e,S2_R6_ATC_M3_AL24477_C0_RAD_EDOF_EPD5,S2_R6_ATC_M3_AL24477_C0_RAD_EPD5,ATC_M3_AL24477,C0,RAD,EDOF,5.0,-2.125,-1.75,0.043521475429598507,0.05438908495064715,0.022289968074814922,0.02274727867270593,0.0014311560858661903,0.006823885655045055,0.007612411582514316
supplemental-2-8164d718635644c8aa3ce34f5e09a59e,S2_R6_ATC_M3_AL24477_C0_RAD_EDOF_EPD5,S2_R6_ATC_M3_AL24477_C0_RAD_EPD5,ATC_M3_AL24477,C0,RAD,EDOF,5.0,-2.25,-1.875,0.03730166257991174,0.015150378679236989,0.0018162032807701929,0.002921715920793688,0.0032514156974564412,0.0019439560053329725,0.0023776312309695415
supplemental-2-8164d718635644c8aa3ce34f5e09a59e,S2_R6_ATC_M3_AL24477_C0_RAD_EDOF_EPD5,S2_R6_ATC_M3_AL24477_C0_RAD_EPD5,ATC_M3_AL24477,C0,RAD,EDOF,5.0,-2.375,-2.0,0.03457229519320457,0.007151432086064342,0.007448147027694824,0.008866733896241251,0.009734199914278732,0.00478827105206202,0.004081475108170166
supplemental-2-8164d718635644c8aa3ce34f5e09a59e,S2_R6_ATC_M3_AL24477_C0_RAD_EDOF_EPD5,S2_R6_ATC_M3_AL24477_C0_RAD_EPD5,ATC_M3_AL24477,C0,RAD,EDOF,5.0,-2.5,-2.125,0.030887096538167333,0.01312878410542644,0.009041852627682145,0.0018496274302241182,0.0025340455308564746,0.0027336431338363795,0.009124076593072534
supplemental-2-8164d718635644c8aa3ce34f5e09a59e,S2_R6_ATC_M3_AL24477_C0_RAD_EDOF_EPD5,S2_R6_ATC_M3_AL24477_C0_RAD_EPD5,ATC_M3_AL24477,C0,RAD,EDOF,5.0,-2.625,-2.25,0.030670194964323032,0.004506790931301004,0.022733567968742,0.002147464841644876,0.006096306669135482,0.0023562011056434836,0.007560125710989083
supplemental-2-8164d718635644c8aa3ce34f5e09a59e,S2_R6_ATC_M3_AL24477_C0_RAD_EDOF_EPD5,S2_R6_ATC_M3_AL24477_C0_RAD_EPD5,ATC_M3_AL24477,C0,RAD,EDOF,5.0,-2.75,-2.375,0.031081042725874385,0.016314676843468698,0.007904908925155513,0.017854964352000575,0.009973933772294151,0.004547870533455595,0.004127864873910026
supplemental-2-8164d718635644c8aa3ce34f5e09a59e,S2_R6_ATC_M3_AL24477_C0_RAD_EDOF_EPD5,S2_R6_ATC_M3_AL24477_C0_RAD_EPD5,ATC_M3_AL24477,C0,RAD,EDOF,5.0,-2.875,-2.5,0.030291642469032494,0.02575516319416325,0.016300652935272067,0.01401678407153234,0.012009793900261922,0.009044993919751276,0.003262877308451391
supplemental-2-8164d718635644c8aa3ce34f5e09a59e,S2_R6_ATC_M3_AL24477_C0_RAD_EDOF_EPD5,S2_R6_ATC_M3_AL24477_C0_RAD_EPD5,ATC_M3_AL24477,C0,RAD,EDOF,5.0,-3.0,-2.625,0.02796386049868023,0.014119443764617365,0.013038840799243619,0.0014266378944069965,0.002592045870164388,0.009767319077397793,0.003195575657724406
supplemental-2-8164d718635644c8aa3ce34f5e09a59e,S2_R6_ATC_M3_AL24477_C0_RAD_EDOF_EPD5,S2_R6_ATC_M3_AL24477_C0_RAD_EPD5,ATC_M3_AL24477,C0,RAD,EDOF,5.0,-3.125,-2.75,0.026363767908134668,0.007667371495336684,0.0026006386179632077,0.003977232562638913,0.004833163615623635,0.0036571332118983395,0.007604382176977389
supplemental-2-8164d718635644c8aa3ce34f5e09a59e,S2_R6_ATC_M3_AL24477_C0_RAD_EDOF_EPD5,S2_R6_ATC_M3_AL24477_C0_RAD_EPD5,ATC_M3_AL24477,C0,RAD,EDOF,5.0,-3.25,-2.875,0.02476088783155898,0.027958364898019526,0.008126317447740719,0.0018240130979940714,0.0022161147583193846,0.0019591806768903693,0.00822767651975378
supplemental-2-8164d718635644c8aa3ce34f5e09a59e,S2_R6_ATC_M3_AL24477_C0_RAD_EDOF_EPD5,S2_R6_ATC_M3_AL24477_C0_RAD_EPD5,ATC_M3_AL24477,C0,RAD,EDOF,5.0,-3.375,-3.0,0.022313050117210947,0.0424103558594433,0.0027133699717791985,0.002116859976893699,0.0019919127277059265,0.0008673693814203651,0.006064670405818406
supplemental-2-8164d718635644c8aa3ce34f5e09a59e,S2_R6_ATC_M3_AL24477_C0_RAD_EDOF_EPD5,S2_R6_ATC_M3_AL24477_C0_RAD_EPD5,ATC_M3_AL24477,C0,RAD,EDOF,5.0,-3.5,-3.125,0.02085600159043434,0.04449904718655092,0.005594292398285076,0.005927850902424512,0.0042096518275416845,0.005273358883620409,0.001111564071182471
supplemental-2-8164d718635644c8aa3ce34f5e09a59e,S2_R6_ATC_M3_AL24477_C0_RAD_EDOF_EPD5,S2_R6_ATC_M3_AL24477_C0_RAD_EPD5,ATC_M3_AL24477,C0,RAD,EDOF,5.0,-3.625,-3.25,0.01916176239646439,0.026239999843751242,0.0018156683647621368,0.00803245254650246,0.002954977946789837,0.0012802044356679883,0.002807707967089921
supplemental-2-8164d718635644c8aa3ce34f5e09a59e,S2_R6_ATC_M3_AL24477_C0_RAD_EDOF_EPD5,S2_R6_ATC_M3_AL24477_C0_RAD_EPD5,ATC_M3_AL24477,C0,RAD,EDOF,5.0,-3.75,-3.375,0.02037826356227195,0.005520350812774849,0.007910324201427052,0.006172819227701322,0.0010306375627515529,0.002863235800651882,0.005496219807031933
supplemental-2-8164d718635644c8aa3ce34f5e09a59e,S2_R6_ATC_M3_AL24477_C0_RAD_EDOF_EPD5,S2_R6_ATC_M3_AL24477_C0_RAD_EPD5,ATC_M3_AL24477,C0,RAD,EDOF,5.0,-3.875,-3.5,0.02199374894095346,0.02707736691575486,0.0031879021702170864,0.004513424289682334,0.0032956652350571835,0.0037290533895333773,0.004479469318797597
supplemental-2-8164d718635644c8aa3ce34f5e09a59e,S2_R6_ATC_M3_AL24477_C0_RAD_EDOF_EPD5,S2_R6_ATC_M3_AL24477_C0_RAD_EPD5,ATC_M3_AL24477,C0,RAD,EDOF,5.0,-4.0,-3.625,0.021163525049384086,0.021669552794845087,0.009801649001897254,0.0035851156718691704,1.2347717250746496e-05,0.005566070542066409,0.005555753159565966
supplemental-2-8164d718635644c8aa3ce34f5e09a59e,S2_R6_ATC_M3_AL24477_C0_RAD_EDOF_EPD5,S2_R6_ATC_M3_AL24477_C0_RAD_EPD5,ATC_M3_AL24477,C0,RAD,EDOF,5.0,-4.125,-3.75,0.01998957565013693,0.0010671682138472366,0.003014902680764958,0.00038000823415478273,0.003908196075901731,0.001713733898055946,0.0035402749427165666
supplemental-2-8164d718635644c8aa3ce34f5e09a59e,S2_R6_ATC_M3_AL24477_C0_RAD_EDOF_EPD5,S2_R6_ATC_M3_AL24477_C0_RAD_EPD5,ATC_M3_AL24477,C0,RAD,EDOF,5.0,-4.25,-3.875,0.018857609325218083,0.015869265577902966,0.0036762743874526518,0.002337149746159386,0.004888855626810769,0.006416250597475894,0.0001951650922100526
supplemental-2-8164d718635644c8aa3ce34f5e09a59e,S2_R6_ATC_M3_AL24477_C0_RAD_EDOF_EPD5,S2_R6_ATC_M3_AL24477_C0_RAD_EPD5,ATC_M3_AL24477,C0,RAD,EDOF,5.0,-4.375,-4.0,0.01901744170440671,0.01079204497804239,0.0021493554853068498,0.002665355649094886,0.003199187385825433,0.010681791869816583,0.0021244550042116483
supplemental-2-8164d718635644c8aa3ce34f5e09a59e,S2_R6_ATC_M3_AL24477_C0_RAD_EDOF_EPD5,S2_R6_ATC_M3_AL24477_C0_RAD_EPD5,ATC_M3_AL24477,C0,RAD,EDOF,5.0,-4.5,-4.125,0.018402125598968873,0.002448874898983219,0.005936812626264613,0.002343605958470005,0.002653349948668727,0.004901332436065102,0.004112788281610777
supplemental-2-8164d718635644c8aa3ce34f5e09a59e,S2_R6_ATC_M3_AL24477_C0_RAD_EDOF_EPD5,S2_R6_ATC_M3_AL24477_C0_RAD_EPD5,ATC_M3_AL24477,C0,RAD,EDOF,5.0,-4.625,-4.25,0.019352743238161767,0.005206558512281691,0.00031087594652073967,0.0031137366713609206,0.009251123027214368,0.0009251705743127947,0.006801214651798487
supplemental-2-8164d718635644c8aa3ce34f5e09a59e,S2_R6_ATC_M3_AL24477_C0_RAD_EDOF_EPD5,S2_R6_ATC_M3_AL24477_C0_RAD_EPD5,ATC_M3_AL24477,C0,RAD,EDOF,5.0,-4.75,-4.375,0.020109733796828583,0.005510238457280678,0.0007279827069624332,0.008727639063617065,0.010302101412550163,0.001123142961840222,0.005333432232161112
supplemental-2-8164d718635644c8aa3ce34f5e09a59e,S2_R6_ATC_M3_AL24477_C0_RAD_EDOF_EPD5,S2_R6_ATC_M3_AL24477_C0_RAD_EPD5,ATC_M3_AL24477,C0,RAD,EDOF,5.0,-4.875,-4.5,0.020453682885887094,0.01582260982634871,0.007935563038864758,0.004451434379883824,0.006142877514045563,0.0034098743241045715,0.0020671558527084947
supplemental-2-8164d718635644c8aa3ce34f5e09a59e,S2_R6_ATC_M3_AL24477_C0_RAD_EDOF_EPD5,S2_R6_ATC_M3_AL24477_C0_RAD_EPD5,ATC_M3_AL24477,C0,RAD,EDOF,5.0,-5.0,-4.625,0.020034447597137482,0.014757133434716001,0.016539475349175287,0.003259969870997209,0.007296175724205054,0.001118439973552954,0.00473323217057231
supplemental-2-8164d718635644c8aa3ce34f5e09a59e,S2_R6_ATC_M3_AL24477_C0_HOA_MONO_EPD3,S2_R6_ATC_M3_AL24477_C0_HOA_EPD3,ATC_M3_AL24477,C0,HOA,MONO,3.0,1.0,2.0,0.027080515240678914,0.00021999537560562398,0.004149420029608483,0.0046396056329573,0.0008976738883366671,0.0010057731684107911,0.0006416368959803675
supplemental-2-8164d718635644c8aa3ce34f5e09a59e,S2_R6_ATC_M3_AL24477_C0_HOA_MONO_EPD3,S2_R6_ATC_M3_AL24477_C0_HOA_EPD3,ATC_M3_AL24477,C0,HOA,MONO,3.0,0.875,1.875,0.02823398986663348,0.010694253894332366,0.007976424929679307,0.0005565325263806595,0.0035039809178377193,0.0009687722314301844,0.0006748026959833961
supplemental-2-8164d718635644c8aa3ce34f5e09a59e,S2_R6_ATC_M3_AL24477_C0_HOA_MONO_EPD3,S2_R6_ATC_M3_AL24477_C0_HOA_EPD3,ATC_M3_AL24477,C0,HOA,MONO,3.0,0.75,1.75,0.030041390389151188,0.01740681771601199,0.0023355998555100632,0.004876930112426446,0.0009764324097976018,0.003593824793906618,0.0018689526526775105
supplemental-2-8164d718635644c8aa3ce34f5e09a59e,S2_R6_ATC_M3_AL24477_C0_HOA_MONO_EPD3,S2_R6_ATC_M3_AL24477_C0_HOA_EPD3,ATC_M3_AL24477,C0,HOA,MONO,3.0,0.625,1.625,0.030713981362334154,0.016968888439927797,0.006540190470641825,0.00036639811723438917,0.004071282471158092,0.00032053254092934185,0.0008671546286870147
supplemental-2-8164d718635644c8aa3ce34f5e09a59e,S2_R6_ATC_M3_AL24477_C0_HOA_MONO_EPD3,S2_R6_ATC_M3_AL24477_C0_HOA_EPD3,ATC_M3_AL24477,C0,HOA,MONO,3.0,0.5,1.5,0.031912328438919633,0.008737541100804618,0.0073252873145378756,0.004634798202366886,0.0030262558277325707,0.0023342509502104424,0.0007142150416675115
supplemental-2-8164d718635644c8aa3ce34f5e09a59e,S2_R6_ATC_M3_AL24477_C0_HOA_MONO_EPD3,S2_R6_ATC_M3_AL24477_C0_HOA_EPD3,ATC_M3_AL24477,C0,HOA,MONO,3.0,0.375,1.375,0.0341311296554233,0.0043541938562175805,0.0017730868834751907,0.0012057611903386225,0.003250028842798214,0.0031350191274016333,0.003219291821183392
supplemental-2-8164d718635644c8aa3ce34f5e09a59e,S2_R6_ATC_M3_AL24477_C0_HOA_MONO_EPD3,S2_R6_ATC_M3_AL24477_C0_HOA_EPD3,ATC_M3_AL24477,C0,HOA,MONO,3.0,0.25,1.25,0.03513757485291147,0.016688603831359467,0.009404691693865933,0.005958132002844378,0.004114816592959825,0.0004427417486711886,0.0006128049327873834
supplemental-2-8164d718635644c8aa3ce34f5e09a59e,S2_R6_ATC_M3_AL24477_C0_HOA_MONO_EPD3,S2_R6_ATC_M3_AL24477_C0_HOA_EPD3,ATC_M3_AL24477,C0,HOA,MONO,3.0,0.125,1.125,0.0382441086349223,0.02224625430364706,0.004812932807203112,0.0020202695739761044,4.7443369506799324e-05,0.004756022128455275,0.00288532530366277
supplemental-2-8164d718635644c8aa3ce34f5e09a59e,S2_R6_ATC_M3_AL24477_C0_HOA_MONO_EPD3,S2_R6_ATC_M3_AL24477_C0_HOA_EPD3,ATC_M3_AL24477,C0,HOA,MONO,3.0,0.0,1.0,0.04011129337637084,0.016994728604659906,0.007233690102809515,0.007397288051761992,0.004894315209756608,0.002484322583186555,0.003039419924380297
supplemental-2-8164d718635644c8aa3ce34f5e09a59e,S2_R6_ATC_M3_AL24477_C0_HOA_MONO_EPD3,S2_R6_ATC_M3_AL24477_C0_HOA_EPD3,ATC_M3_AL24477,C0,HOA,MONO,3.0,-0.125,0.875,0.042566676151521605,0.0011971721700073886,0.010792575605980207,0.002503425814737762,0.0033824091271521823,0.0031279657574886243,0.00039987854126527614
supplemental-2-8164d718635644c8aa3ce34f5e09a59e,S2_R6_ATC_M3_AL24477_C0_HOA_MONO_EPD3,S2_R6_ATC_M3_AL24477_C0_HOA_EPD3,ATC_M3_AL24477,C0,HOA,MONO,3.0,-0.25,0.75,0.046327047480763425,0.020374291326540783,0.0007753700908663718,0.008539090352309313,0.0029314273563967284,0.00459075609259085,0.00513659753843051
supplemental-2-8164d718635644c8aa3ce34f5e09a59e,S2_R6_ATC_M3_AL24477_C0_HOA_MONO_EPD3,S2_R6_ATC_M3_AL24477_C0_HOA_EPD3,ATC_M3_AL24477,C0,HOA,MONO,3.0,-0.375,0.625,0.05002331906374662,0.040189381522712286,0.013913677875223532,0.003058233915212043,0.00810158282519791,0.0022179317363728718,0.002422528089236397
supplemental-2-8164d718635644c8aa3ce34f5e09a59e,S2_R6_ATC_M3_AL24477_C0_HOA_MONO_EPD3,S2_R6_ATC_M3_AL24477_C0_HOA_EPD3,ATC_M3_AL24477,C0,HOA,MONO,3.0,-0.5,0.5,0.05480735421967144,0.051394413802681546,0.010486281235331015,0.008430991771004575,0.0008567684829992924,0.004782076970865608,0.0034061432324909904
supplemental-2-8164d718635644c8aa3ce34f5e09a59e,S2_R6_ATC_M3_AL24477_C0_HOA_MONO_EPD3,S2_R6_ATC_M3_AL24477_C0_HOA_EPD3,ATC_M3_AL24477,C0,HOA,MONO,3.0,-0.625,0.375,0.062243234398837825,0.051758695491050666,0.006806274601016002,0.006945721903598538,0.008275620152550364,0.00743148152107271,0.0055907473054925575
supplemental-2-8164d718635644c8aa3ce34f5e09a59e,S2_R6_ATC_M3_AL24477_C0_HOA_MONO_EPD3,S2_R6_ATC_M3_AL24477_C0_HOA_EPD3,ATC_M3_AL24477,C0,HOA,MONO,3.0,-0.75,0.25,0.06896828468286875,0.046331977649086725,0.012751898851729226,0.012521756738234318,0.006765210403950056,0.00028675969613547406,0.002513646073541517
supplemental-2-8164d718635644c8aa3ce34f5e09a59e,S2_R6_ATC_M3_AL24477_C0_HOA_MONO_EPD3,S2_R6_ATC_M3_AL24477_C0_HOA_EPD3,ATC_M3_AL24477,C0,HOA,MONO,3.0,-0.875,0.125,0.08129562747701308,0.047538637413495136,0.011181992884031211,0.006407201191807044,0.008111346458829424,0.01029049779300453,0.008422201023815853
supplemental-2-8164d718635644c8aa3ce34f5e09a59e,S2_R6_ATC_M3_AL24477_C0_HOA_MONO_EPD3,S2_R6_ATC_M3_AL24477_C0_HOA_EPD3,ATC_M3_AL24477,C0,HOA,MONO,3.0,-1.0,0.0,0.09754687800045808,0.07201314278008317,0.051822309572072886,0.006155219366891512,0.012759655589835973,0.00905035813740063,0.008636858148052083
supplemental-2-8164d718635644c8aa3ce34f5e09a59e,S2_R6_ATC_M3_AL24477_C0_HOA_MONO_EPD3,S2_R6_ATC_M3_AL24477_C0_HOA_EPD3,ATC_M3_AL24477,C0,HOA,MONO,3.0,-1.125,-0.125,0.119470200429774,0.13523199484676207,0.0805191573002624,0.03652164377758206,0.005646187308119759,0.0033772684976165063,0.002973546680941622
supplemental-2-8164d718635644c8aa3ce34f5e09a59e,S2_R6_ATC_M3_AL24477_C0_HOA_MONO_EPD3,S2_R6_ATC_M3_AL24477_C0_HOA_EPD3,ATC_M3_AL24477,C0,HOA,MONO,3.0,-1.25,-0.25,0.16130296485818346,0.24287235631675766,0.09840244445520113,0.0723630447088421,0.04496646513791596,0.029077616628959833,0.020921994127573056
supplemental-2-8164d718635644c8aa3ce34f5e09a59e,S2_R6_ATC_M3_AL24477_C0_HOA_MONO_EPD3,S2_R6_ATC_M3_AL24477_C0_HOA_EPD3,ATC_M3_AL24477,C0,HOA,MONO,3.0,-1.375,-0.375,0.1949564154823684,0.38817833329378754,0.15408448333475921,0.09030957541555644,0.045249256115333376,0.013702799594767723,0.0027230742201723585
supplemental-2-8164d718635644c8aa3ce34f5e09a59e,S2_R6_ATC_M3_AL24477_C0_HOA_MONO_EPD3,S2_R6_ATC_M3_AL24477_C0_HOA_EPD3,ATC_M3_AL24477,C0,HOA,MONO,3.0,-1.5,-0.5,0.2754063231322787,0.5495582137227212,0.2935414303167204,0.18307953724060444,0.10357477981938101,0.03855596315113689,0.005047586301456358
supplemental-2-8164d718635644c8aa3ce34f5e09a59e,S2_R6_ATC_M3_AL24477_C0_HOA_MONO_EPD3,S2_R6_ATC_M3_AL24477_C0_HOA_EPD3,ATC_M3_AL24477,C0,HOA,MONO,3.0,-1.625,-0.625,0.43909630494715224,0.6945058043460723,0.4863718851876098,0.3790309533048458,0.29945062559932134,0.21730931901330303,0.12876784897417526
supplemental-2-8164d718635644c8aa3ce34f5e09a59e,S2_R6_ATC_M3_AL24477_C0_HOA_MONO_EPD3,S2_R6_ATC_M3_AL24477_C0_HOA_EPD3,ATC_M3_AL24477,C0,HOA,MONO,3.0,-1.75,-0.75,0.5476926468242418,0.7876312942488118,0.6140789328313376,0.4972471821622776,0.41230655550607137,0.34481947410219954,0.26909761864767057
supplemental-2-8164d718635644c8aa3ce34f5e09a59e,S2_R6_ATC_M3_AL24477_C0_HOA_MONO_EPD3,S2_R6_ATC_M3_AL24477_C0_HOA_EPD3,ATC_M3_AL24477,C0,HOA,MONO,3.0,-1.875,-0.875,0.45759649260103047,0.8008497469954309,0.5574872335546088,0.3520089157394567,0.23585287825362605,0.204971462139061,0.21092651297990864
supplemental-2-8164d718635644c8aa3ce34f5e09a59e,S2_R6_ATC_M3_AL24477_C0_HOA_MONO_EPD3,S2_R6_ATC_M3_AL24477_C0_HOA_EPD3,ATC_M3_AL24477,C0,HOA,MONO,3.0,-2.0,-1.0,0.26834804908161686,0.7225152931893288,0.3129145699955185,0.05410040380928672,0.010336315699057089,0.004864329674895612,0.04600256635900789
supplemental-2-8164d718635644c8aa3ce34f5e09a59e,S2_R6_ATC_M3_AL24477_C0_HOA_MONO_EPD3,S2_R6_ATC_M3_AL24477_C0_HOA_EPD3,ATC_M3_AL24477,C0,HOA,MONO,3.0,-2.125,-1.125,0.20767113535632997,0.5623728858974032,0.018773061121518067,0.09685660338082948,0.030962107491832567,0.0044803541415737655,0.008018964714670276
supplemental-2-8164d718635644c8aa3ce34f5e09a59e,S2_R6_ATC_M3_AL24477_C0_HOA_MONO_EPD3,S2_R6_ATC_M3_AL24477_C0_HOA_EPD3,ATC_M3_AL24477,C0,HOA,MONO,3.0,-2.25,-1.25,0.18405762590310756,0.35033412222153465,0.1489454393033628,0.01485688065105949,0.0630719191961169,0.0509012881118745,0.02736106874120723
supplemental-2-8164d718635644c8aa3ce34f5e09a59e,S2_R6_ATC_M3_AL24477_C0_HOA_MONO_EPD3,S2_R6_ATC_M3_AL24477_C0_HOA_EPD3,ATC_M3_AL24477,C0,HOA,MONO,3.0,-2.375,-1.375,0.15612725454344129,0.12908952241906102,0.12189060807290732,0.08873314924039741,0.04245223476099805,0.015671209644638997,0.020959303074069402
supplemental-2-8164d718635644c8aa3ce34f5e09a59e,S2_R6_ATC_M3_AL24477_C0_HOA_MONO_EPD3,S2_R6_ATC_M3_AL24477_C0_HOA_EPD3,ATC_M3_AL24477,C0,HOA,MONO,3.0,-2.5,-1.5,0.13230339380383102,0.05737213927599266,0.012600521717468578,0.05071390955964966,0.025740352131490753,0.016893915413818822,0.008071791328112674
supplemental-2-8164d718635644c8aa3ce34f5e09a59e,S2_R6_ATC_M3_AL24477_C0_HOA_MONO_EPD3,S2_R6_ATC_M3_AL24477_C0_HOA_EPD3,ATC_M3_AL24477,C0,HOA,MONO,3.0,-2.625,-1.625,0.11350038683272341,0.17579818022440602,0.10479323398645385,0.03466850097676969,0.007893590545983948,0.008601795510811507,9.006088592768653e-05
supplemental-2-8164d718635644c8aa3ce34f5e09a59e,S2_R6_ATC_M3_AL24477_C0_HOA_MONO_EPD3,S2_R6_ATC_M3_AL24477_C0_HOA_EPD3,ATC_M3_AL24477,C0,HOA,MONO,3.0,-2.75,-1.75,0.10363052463814136,0.21243545522514384,0.08118712867148412,0.029733573299962502,0.02420423861587205,0.01161189398913499,0.009645419185826447
supplemental-2-8164d718635644c8aa3ce34f5e09a59e,S2_R6_ATC_M3_AL24477_C0_HOA_MONO_EPD3,S2_R6_ATC_M3_AL24477_C0_HOA_EPD3,ATC_M3_AL24477,C0,HOA,MONO,3.0,-2.875,-1.875,0.09074455905644775,0.17574144548098852,0.006787136128635712,0.02460396095787841,6.17305758109672e-05,0.007655142489181496,0.002506516913178933
supplemental-2-8164d718635644c8aa3ce34f5e09a59e,S2_R6_ATC_M3_AL24477_C0_HOA_MONO_EPD3,S2_R6_ATC_M3_AL24477_C0_HOA_EPD3,ATC_M3_AL24477,C0,HOA,MONO,3.0,-3.0,-2.0,0.08143476027463913,0.09226664925365052,0.058993924192653355,0.024076799129879818,0.013037502543780258,0.0006996310466870526,0.003756647051788127
supplemental-2-8164d718635644c8aa3ce34f5e09a59e,S2_R6_ATC_M3_AL24477_C0_HOA_MONO_EPD3,S2_R6_ATC_M3_AL24477_C0_HOA_EPD3,ATC_M3_AL24477,C0,HOA,MONO,3.0,-3.125,-2.125,0.0753166569361998,0.0027433027064525635,0.034692581762804875,0.013869775137352585,0.00734862532632787,0.007785911607121158,0.005517005258641357
supplemental-2-8164d718635644c8aa3ce34f5e09a59e,S2_R6_ATC_M3_AL24477_C0_HOA_MONO_EPD3,S2_R6_ATC_M3_AL24477_C0_HOA_EPD3,ATC_M3_AL24477,C0,HOA,MONO,3.0,-3.25,-2.25,0.06758751065277918,0.07678061879182285,0.020146157419714483,0.014211572390480987,0.0061571197376170715,0.004251788601967511,0.0018738574348897907
supplemental-2-8164d718635644c8aa3ce34f5e09a59e,S2_R6_ATC_M3_AL24477_C0_HOA_MONO_EPD3,S2_R6_ATC_M3_AL24477_C0_HOA_EPD3,ATC_M3_AL24477,C0,HOA,MONO,3.0,-3.375,-2.375,0.06221858112589958,0.10963403518180934,0.039521694653534056,0.012430269159414304,0.00796639674369226,0.0030321261044473644,0.0028448833859063445
supplemental-2-8164d718635644c8aa3ce34f5e09a59e,S2_R6_ATC_M3_AL24477_C0_HOA_MONO_EPD3,S2_R6_ATC_M3_AL24477_C0_HOA_EPD3,ATC_M3_AL24477,C0,HOA,MONO,3.0,-3.5,-2.5,0.05848093985372237,0.09810096035776751,0.01129256193024191,0.01123484206646225,0.0008880650379105648,0.0049061990095100655,0.0022186803948641863
supplemental-2-8164d718635644c8aa3ce34f5e09a59e,S2_R6_ATC_M3_AL24477_C0_HOA_MONO_EPD3,S2_R6_ATC_M3_AL24477_C0_HOA_EPD3,ATC_M3_AL24477,C0,HOA,MONO,3.0,-3.625,-2.625,0.0534690181274671,0.054538332597694694,0.02181246156808174,0.008369153616633573,0.007779478116649156,0.0007601871017857381,0.0024739815732913377
supplemental-2-8164d718635644c8aa3ce34f5e09a59e,S2_R6_ATC_M3_AL24477_C0_HOA_MONO_EPD3,S2_R6_ATC_M3_AL24477_C0_HOA_EPD3,ATC_M3_AL24477,C0,HOA,MONO,3.0,-3.75,-2.75,0.05015315644587466,0.00038217747277621296,0.021336325673189667,0.005827920502307862,0.003019046893075846,0.0024106004030592194,0.0019900487708914743
supplemental-2-8164d718635644c8aa3ce34f5e09a59e,S2_R6_ATC_M3_AL24477_C0_HOA_MONO_EPD3,S2_R6_ATC_M3_AL24477_C0_HOA_EPD3,ATC_M3_AL24477,C0,HOA,MONO,3.0,-3.875,-2.875,0.04586140962883172,0.04270706939089182,0.004437564602689449,0.008264156985553574,0.003634053933194588,0.0034145362314764345,0.00018263236926538347
supplemental-2-8164d718635644c8aa3ce34f5e09a59e,S2_R6_ATC_M3_AL24477_C0_HOA_MONO_EPD3,S2_R6_ATC_M3_AL24477_C0_HOA_EPD3,ATC_M3_AL24477,C0,HOA,MONO,3.0,-4.0,-3.0,0.043727800396245214,0.06071828453584861,0.019581710538257722,0.003469012602402199,0.0046203925656215835,0.0004797979266067758,0.0019779655360084554
supplemental-2-8164d718635644c8aa3ce34f5e09a59e,S2_R6_ATC_M3_AL24477_C0_HOA_MONO_EPD3,S2_R6_ATC_M3_AL24477_C0_HOA_EPD3,ATC_M3_AL24477,C0,HOA,MONO,3.0,-4.125,-3.125,0.041865744239914744,0.05123243334411609,0.008044120416173424,0.00783205391528148,0.0006556757281934373,0.0025821747404368074,0.0018215542722274402
supplemental-2-8164d718635644c8aa3ce34f5e09a59e,S2_R6_ATC_M3_AL24477_C0_HOA_MONO_EPD3,S2_R6_ATC_M3_AL24477_C0_HOA_EPD3,ATC_M3_AL24477,C0,HOA,MONO,3.0,-4.25,-3.25,0.03928165447807759,0.02278893781865035,0.011095676337024334,0.002078953124049044,0.003289712730946065,0.0012734169539643265,0.001602769893380329
supplemental-2-8164d718635644c8aa3ce34f5e09a59e,S2_R6_ATC_M3_AL24477_C0_HOA_MONO_EPD3,S2_R6_ATC_M3_AL24477_C0_HOA_EPD3,ATC_M3_AL24477,C0,HOA,MONO,3.0,-4.375,-3.375,0.03749532352024369,0.01002665902473535,0.013045038645142292,0.007175279302631536,0.0025807724329978445,2.4699315548589162e-05,0.0019229204973645166
supplemental-2-8164d718635644c8aa3ce34f5e09a59e,S2_R6_ATC_M3_AL24477_C0_HOA_MONO_EPD3,S2_R6_ATC_M3_AL24477_C0_HOA_EPD3,ATC_M3_AL24477,C0,HOA,MONO,3.0,-4.5,-3.5,0.03545658072667477,0.033182793033454824,0.0014492421893712336,0.0013990169162845568,0.002341581136119643,0.0028280550911630765,0.00034893479340459513
supplemental-2-8164d718635644c8aa3ce34f5e09a59e,S2_R6_ATC_M3_AL24477_C0_HOA_MONO_EPD3,S2_R6_ATC_M3_AL24477_C0_HOA_EPD3,ATC_M3_AL24477,C0,HOA,MONO,3.0,-4.625,-3.625,0.03339156513402323,0.03864228154840732,0.011381566260112372,0.00579451934725393,0.002995190589556736,0.001100570992415035,0.0014433764503677482
supplemental-2-8164d718635644c8aa3ce34f5e09a59e,S2_R6_ATC_M3_AL24477_C0_HOA_MONO_EPD3,S2_R6_ATC_M3_AL24477_C0_HOA_EPD3,ATC_M3_AL24477,C0,HOA,MONO,3.0,-4.75,-3.75,0.031379551345364,0.02685629565298113,0.005165090236648092,0.00030350869024922716,0.0004935935873331045,0.0017502908699588773,0.0010869240052268833
supplemental-2-8164d718635644c8aa3ce34f5e09a59e,S2_R6_ATC_M3_AL24477_C0_HOA_MONO_EPD3,S2_R6_ATC_M3_AL24477_C0_HOA_EPD3,ATC_M3_AL24477,C0,HOA,MONO,3.0,-4.875,-3.875,0.028241733005345205,0.005429535629817163,0.006217482811627956,0.004757041323746169,0.0016821741347041361,0.0018710446989787708,0.0009199756624455259
supplemental-2-8164d718635644c8aa3ce34f5e09a59e,S2_R6_ATC_M3_AL24477_C0_HOA_MONO_EPD3,S2_R6_ATC_M3_AL24477_C0_HOA_EPD3,ATC_M3_AL24477,C0,HOA,MONO,3.0,-5.0,-4.0,0.028799563047527853,0.01496852457241148,0.0067775982292649015,0.00046293650046565297,0.0018639737912206043,5.2754111431252934e-05,0.0020355114280468625
supplemental-2-8164d718635644c8aa3ce34f5e09a59e,S2_R6_ATC_M3_AL24477_C0_HOA_EDOF_EPD3,S2_R6_ATC_M3_AL24477_C0_HOA_EPD3,ATC_M3_AL24477,C0,HOA,EDOF,3.0,1.0,0.0,0.064299151300948,0.09936431741115362,0.058479933877276694,0.0372451719479312,0.021049123467442615,0.034870827113455696,0.01878070620746384
supplemental-2-8164d718635644c8aa3ce34f5e09a59e,S2_R6_ATC_M3_AL24477_C0_HOA_EDOF_EPD3,S2_R6_ATC_M3_AL24477_C0_HOA_EPD3,ATC_M3_AL24477,C0,HOA,EDOF,3.0,0.875,-0.125,0.05976277197943547,0.12430332670690201,0.046357110687466424,0.044414763095833955,0.01298714862499838,0.031838751848237326,0.013630940740438822
supplemental-2-8164d718635644c8aa3ce34f5e09a59e,S2_R6_ATC_M3_AL24477_C0_HOA_EDOF_EPD3,S2_R6_ATC_M3_AL24477_C0_HOA_EPD3,ATC_M3_AL24477,C0,HOA,EDOF,3.0,0.75,-0.25,0.05751207285987276,0.13355237549353702,0.029807754128893568,0.03956657096694364,0.02778636357471537,0.03313857657353739,0.011403394652599319
supplemental-2-8164d718635644c8aa3ce34f5e09a59e,S2_R6_ATC_M3_AL24477_C0_HOA_EDOF_EPD3,S2_R6_ATC_M3_AL24477_C0_HOA_EPD3,ATC_M3_AL24477,C0,HOA,EDOF,3.0,0.625,-0.375,0.05748718470476398,0.1216426500495004,0.014483065894167032,0.02339309576493461,0.031379935993850486,0.03579950758584076,0.011957305570199007
supplemental-2-8164d718635644c8aa3ce34f5e09a59e,S2_R6_ATC_M3_AL24477_C0_HOA_EDOF_EPD3,S2_R6_ATC_M3_AL24477_C0_HOA_EPD3,ATC_M3_AL24477,C0,HOA,EDOF,3.0,0.5,-0.5,0.054421233881993734,0.0891043130378755,0.00359531611195226,0.006169998910506141,0.01137302150972261,0.0329224939425595,0.010205895066354238
supplemental-2-8164d718635644c8aa3ce34f5e09a59e,S2_R6_ATC_M3_AL24477_C0_HOA_EDOF_EPD3,S2_R6_ATC_M3_AL24477_C0_HOA_EPD3,ATC_M3_AL24477,C0,HOA,EDOF,3.0,0.375,-0.625,0.04856349601516192,0.04333864610289151,0.001112473335204537,0.0050043933822103825,0.004276084293250729,0.02735285029590696,0.007317016202767016
supplemental-2-8164d718635644c8aa3ce34f5e09a59e,S2_R6_ATC_M3_AL24477_C0_HOA_EDOF_EPD3,S2_R6_ATC_M3_AL24477_C0_HOA_EPD3,ATC_M3_AL24477,C0,HOA,EDOF,3.0,0.25,-0.75,0.0459324025715357,0.003079736710845168,0.0111316752945225,0.015939451041106042,0.021582652796553768,0.023276150678492126,0.008105307225077588
supplemental-2-8164d718635644c8aa3ce34f5e09a59e,S2_R6_ATC_M3_AL24477_C0_HOA_EDOF_EPD3,S2_R6_ATC_M3_AL24477_C0_HOA_EPD3,ATC_M3_AL24477,C0,HOA,EDOF,3.0,0.125,-0.875,0.047647720004268666,0.03640185662512331,0.030895835206845454,0.014153165556891549,0.027506533472346852,0.020253636064397104,0.011483315727936535
supplemental-2-8164d718635644c8aa3ce34f5e09a59e,S2_R6_ATC_M3_AL24477_C0_HOA_EDOF_EPD3,S2_R6_ATC_M3_AL24477_C0_HOA_EPD3,ATC_M3_AL24477,C0,HOA,EDOF,3.0,0.0,-1.0,0.047142320777403816,0.04613552256779245,0.04620603606693008,3.00513256892526e-05,0.009216070594451585,0.015962897502330098,0.011786772496308849
supplemental-2-8164d718635644c8aa3ce34f5e09a59e,S2_R6_ATC_M3_AL24477_C0_HOA_EDOF_EPD3,S2_R6_ATC_M3_AL24477_C0_HOA_EPD3,ATC_M3_AL24477,C0,HOA,EDOF,3.0,-0.125,-1.125,0.04443972685629053,0.029056058302398113,0.04000331933336267,0.005308580068329892,0.0020135984796654928,0.006797503836160159,0.006740467930484278
supplemental-2-8164d718635644c8aa3ce34f5e09a59e,S2_R6_ATC_M3_AL24477_C0_HOA_EDOF_EPD3,S2_R6_ATC_M3_AL24477_C0_HOA_EPD3,ATC_M3_AL24477,C0,HOA,EDOF,3.0,-0.25,-1.25,0.045808848696382465,0.008530448006360443,0.008148011480743837,0.030147910931701896,0.008032495971343409,0.005532935316482844,0.0011383934740160236
supplemental-2-8164d718635644c8aa3ce34f5e09a59e,S2_R6_ATC_M3_AL24477_C0_HOA_EDOF_EPD3,S2_R6_ATC_M3_AL24477_C0_HOA_EPD3,ATC_M3_AL24477,C0,HOA,EDOF,3.0,-0.375,-1.375,0.048352522201086684,0.05349225477410567,0.02966793158994139,0.028225362323875496,0.015294728529930855,0.01246985668130235,0.0010052861420288325
supplemental-2-8164d718635644c8aa3ce34f5e09a59e,S2_R6_ATC_M3_AL24477_C0_HOA_EDOF_EPD3,S2_R6_ATC_M3_AL24477_C0_HOA_EPD3,ATC_M3_AL24477,C0,HOA,EDOF,3.0,-0.5,-1.5,0.049997876378257165,0.08930461237379908,0.044606957072112735,0.010485830626044704,0.004753574098714526,0.015359084812651861,0.002336916085513752
supplemental-2-8164d718635644c8aa3ce34f5e09a59e,S2_R6_ATC_M3_AL24477_C0_HOA_EDOF_EPD3,S2_R6_ATC_M3_AL24477_C0_HOA_EPD3,ATC_M3_AL24477,C0,HOA,EDOF,3.0,-0.625,-1.625,0.05218519010799098,0.10224789608452176,0.02295795838464888,0.026192734436231324,0.0058794594385197215,0.018840114496152575,0.0032974906041431692
supplemental-2-8164d718635644c8aa3ce34f5e09a59e,S2_R6_ATC_M3_AL24477_C0_HOA_EDOF_EPD3,S2_R6_ATC_M3_AL24477_C0_HOA_EPD3,ATC_M3_AL24477,C0,HOA,EDOF,3.0,-0.75,-1.75,0.053685273348486384,0.08662263453374255,0.021296582945554483,0.011117744047178985,0.002059774435063359,0.01282802867448621,0.0033532051138101364
supplemental-2-8164d718635644c8aa3ce34f5e09a59e,S2_R6_ATC_M3_AL24477_C0_HOA_EDOF_EPD3,S2_R6_ATC_M3_AL24477_C0_HOA_EPD3,ATC_M3_AL24477,C0,HOA,EDOF,3.0,-0.875,-1.875,0.061146101063808564,0.04757128088342322,0.058582427429864616,0.04090496993340908,0.02025770886408903,0.0031114133605995714,0.0139411442939597
supplemental-2-8164d718635644c8aa3ce34f5e09a59e,S2_R6_ATC_M3_AL24477_C0_HOA_EDOF_EPD3,S2_R6_ATC_M3_AL24477_C0_HOA_EPD3,ATC_M3_AL24477,C0,HOA,EDOF,3.0,-1.0,-2.0,0.0633923380712254,0.00012125433200410253,0.06820374041011878,0.016597403962215526,0.02741011723288876,0.008533717316628227,0.012382934205922139
supplemental-2-8164d718635644c8aa3ce34f5e09a59e,S2_R6_ATC_M3_AL24477_C0_HOA_EDOF_EPD3,S2_R6_ATC_M3_AL24477_C0_HOA_EPD3,ATC_M3_AL24477,C0,HOA,EDOF,3.0,-1.125,-2.125,0.06315631318486609,0.036151463937900905,0.050393869162890466,0.007122128590395319,0.020533892819361035,0.005440805648245832,0.0010426966468058407
supplemental-2-8164d718635644c8aa3ce34f5e09a59e,S2_R6_ATC_M3_AL24477_C0_HOA_EDOF_EPD3,S2_R6_ATC_M3_AL24477_C0_HOA_EPD3,ATC_M3_AL24477,C0,HOA,EDOF,3.0,-1.25,-2.25,0.06706627508368436,0.041283369422965274,0.021098678853217236,0.022789407472896955,0.015809348349656797,0.016652885727589238,0.003529841366088353
supplemental-2-8164d718635644c8aa3ce34f5e09a59e,S2_R6_ATC_M3_AL24477_C0_HOA_EDOF_EPD3,S2_R6_ATC_M3_AL24477_C0_HOA_EPD3,ATC_M3_AL24477,C0,HOA,EDOF,3.0,-1.375,-2.375,0.07119968338969666,0.006439013787029443,0.002855732471185297,0.04853318957239133,0.017568766567677592,0.02521900119518775,0.00799675169690832
supplemental-2-8164d718635644c8aa3ce34f5e09a59e,S2_R6_ATC_M3_AL24477_C0_HOA_EDOF_EPD3,S2_R6_ATC_M3_AL24477_C0_HOA_EPD3,ATC_M3_AL24477,C0,HOA,EDOF,3.0,-1.5,-2.5,0.07455355594947248,0.06529725410481127,0.007308738857964889,0.008680820352248708,0.012316725758461499,0.008853671248402053,0.02302705733079902
supplemental-2-8164d718635644c8aa3ce34f5e09a59e,S2_R6_ATC_M3_AL24477_C0_HOA_EDOF_EPD3,S2_R6_ATC_M3_AL24477_C0_HOA_EPD3,ATC_M3_AL24477,C0,HOA,EDOF,3.0,-1.625,-2.625,0.09071816299090955,0.1581744979911057,0.020665780795643164,0.026154518322178123,0.010249650884488882,0.0023493262904776026,0.02078150421296194
supplemental-2-8164d718635644c8aa3ce34f5e09a59e,S2_R6_ATC_M3_AL24477_C0_HOA_EDOF_EPD3,S2_R6_ATC_M3_AL24477_C0_HOA_EPD3,ATC_M3_AL24477,C0,HOA,EDOF,3.0,-1.75,-2.75,0.13503724059051167,0.24817683711950117,0.08521613258107441,0.04356234533647492,0.045205249211522316,0.0402946327128719,0.029808833470059137
supplemental-2-8164d718635644c8aa3ce34f5e09a59e,S2_R6_ATC_M3_AL24477_C0_HOA_EDOF_EPD3,S2_R6_ATC_M3_AL24477_C0_HOA_EPD3,ATC_M3_AL24477,C0,HOA,EDOF,3.0,-1.875,-2.875,0.1990261148102998,0.310544263150891,0.16626303750320773,0.16233184250911076,0.10633212957226244,0.08807960461109034,0.0990438787664439
supplemental-2-8164d718635644c8aa3ce34f5e09a59e,S2_R6_ATC_M3_AL24477_C0_HOA_EDOF_EPD3,S2_R6_ATC_M3_AL24477_C0_HOA_EPD3,ATC_M3_AL24477,C0,HOA,EDOF,3.0,-2.0,-3.0,0.22074249445754582,0.3278474995918564,0.218180702477155,0.1857391294711166,0.12998868424967397,0.09614425444840174,0.12034098412450561
supplemental-2-8164d718635644c8aa3ce34f5e09a59e,S2_R6_ATC_M3_AL24477_C0_HOA_EDOF_EPD3,S2_R6_ATC_M3_AL24477_C0_HOA_EPD3,ATC_M3_AL24477,C0,HOA,EDOF,3.0,-2.125,-3.125,0.18291241235335118,0.29530048700472433,0.19792321009818492,0.09943530007516663,0.09402435460110717,0.0627052645472626,0.07567263295660112
supplemental-2-8164d718635644c8aa3ce34f5e09a59e,S2_R6_ATC_M3_AL24477_C0_HOA_EDOF_EPD3,S2_R6_ATC_M3_AL24477_C0_HOA_EPD3,ATC_M3_AL24477,C0,HOA,EDOF,3.0,-2.25,-3.25,0.12462265228973876,0.22276313555776006,0.1058196003920725,0.025012333079810774,0.05218746124708448,0.01743691850586508,0.021042118815097516
supplemental-2-8164d718635644c8aa3ce34f5e09a59e,S2_R6_ATC_M3_AL24477_C0_HOA_EDOF_EPD3,S2_R6_ATC_M3_AL24477_C0_HOA_EPD3,ATC_M3_AL24477,C0,HOA,EDOF,3.0,-2.375,-3.375,0.08922801543302666,0.13103655842170947,0.0037850318146831147,0.02069887136100257,0.041754908337619835,0.006878633925351335,0.010126766941458986
supplemental-2-8164d718635644c8aa3ce34f5e09a59e,S2_R6_ATC_M3_AL24477_C0_HOA_EDOF_EPD3,S2_R6_ATC_M3_AL24477_C0_HOA_EPD3,ATC_M3_AL24477,C0,HOA,EDOF,3.0,-2.5,-3.5,0.08075651698614106,0.044999654739289324,0.061012526299528455,0.023864607677910418,0.0347270815325683,0.0006692985393928315,0.025269431169951572
supplemental-2-8164d718635644c8aa3ce34f5e09a59e,S2_R6_ATC_M3_AL24477_C0_HOA_EDOF_EPD3,S2_R6_ATC_M3_AL24477_C0_HOA_EPD3,ATC_M3_AL24477,C0,HOA,EDOF,3.0,-2.625,-3.625,0.06672171579994791,0.01444668898530579,0.03747962176302449,0.0024002948747702865,0.012152064843313017,0.008735468534003636,0.02417658694681576
supplemental-2-8164d718635644c8aa3ce34f5e09a59e,S2_R6_ATC_M3_AL24477_C0_HOA_EDOF_EPD3,S2_R6_ATC_M3_AL24477_C0_HOA_EPD3,ATC_M3_AL24477,C0,HOA,EDOF,3.0,-2.75,-3.75,0.059930319687987496,0.03676760457196811,0.03206135978708911,0.008469422898527883,0.004265642268691531,0.007115150276300654,0.011390821996788186
supplemental-2-8164d718635644c8aa3ce34f5e09a59e,S2_R6_ATC_M3_AL24477_C0_HOA_EDOF_EPD3,S2_R6_ATC_M3_AL24477_C0_HOA_EPD3,ATC_M3_AL24477,C0,HOA,EDOF,3.0,-2.875,-3.875,0.0735606175198433,0.024054618985332676,0.08442277597988762,0.028694754816183075,0.024135150900086107,0.0196901711374141,0.006184080359481177
supplemental-2-8164d718635644c8aa3ce34f5e09a59e,S2_R6_ATC_M3_AL24477_C0_HOA_EDOF_EPD3,S2_R6_ATC_M3_AL24477_C0_HOA_EPD3,ATC_M3_AL24477,C0,HOA,EDOF,3.0,-3.0,-4.0,0.08257675390728202,0.010809978035684125,0.08382442463059916,0.05433373035931204,0.03772257253241444,0.04334335371199703,0.0011193731346706103
supplemental-2-8164d718635644c8aa3ce34f5e09a59e,S2_R6_ATC_M3_AL24477_C0_HOA_EDOF_EPD3,S2_R6_ATC_M3_AL24477_C0_HOA_EPD3,ATC_M3_AL24477,C0,HOA,EDOF,3.0,-3.125,-4.125,0.0721156835363616,0.049870301389457694,0.04554356015238012,0.03508425327081148,0.025365389871668413,0.03576242693361707,3.55878779783233e-05
supplemental-2-8164d718635644c8aa3ce34f5e09a59e,S2_R6_ATC_M3_AL24477_C0_HOA_EDOF_EPD3,S2_R6_ATC_M3_AL24477_C0_HOA_EPD3,ATC_M3_AL24477,C0,HOA,EDOF,3.0,-3.25,-4.25,0.05522216844934476,0.0769500196428285,0.010414503836438117,0.010365766454424677,0.009221711153733903,0.0038928488220333107,0.01576571947258442
supplemental-2-8164d718635644c8aa3ce34f5e09a59e,S2_R6_ATC_M3_AL24477_C0_HOA_EDOF_EPD3,S2_R6_ATC_M3_AL24477_C0_HOA_EPD3,ATC_M3_AL24477,C0,HOA,EDOF,3.0,-3.375,-4.375,0.04920728849236197,0.08316876735468055,0.002844810228052082,0.012070133121002281,0.0051394905133424545,0.004089354621946015,0.022627935628591757
supplemental-2-8164d718635644c8aa3ce34f5e09a59e,S2_R6_ATC_M3_AL24477_C0_HOA_EDOF_EPD3,S2_R6_ATC_M3_AL24477_C0_HOA_EPD3,ATC_M3_AL24477,C0,HOA,EDOF,3.0,-3.5,-4.5,0.04636576559872788,0.06911346012486944,0.01461075166635056,0.01734015347452169,0.0031028636051015682,0.006020633579944474,0.00283951633460812
supplemental-2-8164d718635644c8aa3ce34f5e09a59e,S2_R6_ATC_M3_AL24477_C0_HOA_EDOF_EPD3,S2_R6_ATC_M3_AL24477_C0_HOA_EPD3,ATC_M3_AL24477,C0,HOA,EDOF,3.0,-3.625,-4.625,0.04363189113640338,0.04320880996988079,0.022806950236011314,0.007814765182916818,0.0011719115610427295,0.004344588104315388,0.005073543850589005
supplemental-2-8164d718635644c8aa3ce34f5e09a59e,S2_R6_ATC_M3_AL24477_C0_HOA_EDOF_EPD3,S2_R6_ATC_M3_AL24477_C0_HOA_EPD3,ATC_M3_AL24477,C0,HOA,EDOF,3.0,-3.75,-4.75,0.040202393668517196,0.017291839842792853,0.016109342984211305,0.0037913466905483105,0.00019285199227683835,0.024044817450681016,0.01415195427558605
supplemental-2-8164d718635644c8aa3ce34f5e09a59e,S2_R6_ATC_M3_AL24477_C0_HOA_EDOF_EPD3,S2_R6_ATC_M3_AL24477_C0_HOA_EPD3,ATC_M3_AL24477,C0,HOA,EDOF,3.0,-3.875,-4.875,0.04001714035017656,0.001278767796954731,0.0027497774798127886,0.015428381080181859,0.002893960380617783,0.019177460732386034,0.01773206591641215
supplemental-2-8164d718635644c8aa3ce34f5e09a59e,S2_R6_ATC_M3_AL24477_C0_HOA_EDOF_EPD3,S2_R6_ATC_M3_AL24477_C0_HOA_EPD3,ATC_M3_AL24477,C0,HOA,EDOF,3.0,-4.0,-5.0,0.04151128631701814,0.0005935619508126988,0.0007921401061369287,0.022687483852463934,0.0010319122386100135,0.00643225306148585,0.0013133171442064081
supplemental-2-8164d718635644c8aa3ce34f5e09a59e,S2_R6_ATC_M3_AL24477_C0_HOA_EDOF_EPD3,S2_R6_ATC_M3_AL24477_C0_HOA_EPD3,ATC_M3_AL24477,C0,HOA,EDOF,3.0,-4.125,-5.125,0.04249757633818226,0.009026855012942345,0.013293406664649765,0.018050555941306813,0.0010732043849031514,0.029079063645647676,0.003212745648888937
supplemental-2-8164d718635644c8aa3ce34f5e09a59e,S2_R6_ATC_M3_AL24477_C0_HOA_EDOF_EPD3,S2_R6_ATC_M3_AL24477_C0_HOA_EPD3,ATC_M3_AL24477,C0,HOA,EDOF,3.0,-4.25,-5.25,0.04608105475213242,0.022788637049681044,0.037289240811874,0.017703371004399913,0.009700768613382213,0.03494133085868008,0.010302316652905654
supplemental-2-8164d718635644c8aa3ce34f5e09a59e,S2_R6_ATC_M3_AL24477_C0_HOA_EDOF_EPD3,S2_R6_ATC_M3_AL24477_C0_HOA_EPD3,ATC_M3_AL24477,C0,HOA,EDOF,3.0,-4.375,-5.375,0.04651557802332288,0.03259044226548052,0.052504220448935025,0.02252651624107915,0.01781348996503436,0.021380628518383883,0.008939953656957624
supplemental-2-8164d718635644c8aa3ce34f5e09a59e,S2_R6_ATC_M3_AL24477_C0_HOA_EDOF_EPD3,S2_R6_ATC_M3_AL24477_C0_HOA_EPD3,ATC_M3_AL24477,C0,HOA,EDOF,3.0,-4.5,-5.5,0.03927800820331402,0.03352177548036288,0.04295056215460644,0.015717025987628478,0.016211427633233376,0.0010376865029024167,0.0005059290456562288
supplemental-2-8164d718635644c8aa3ce34f5e09a59e,S2_R6_ATC_M3_AL24477_C0_HOA_EDOF_EPD3,S2_R6_ATC_M3_AL24477_C0_HOA_EPD3,ATC_M3_AL24477,C0,HOA,EDOF,3.0,-4.625,-5.625,0.03216708310434201,0.02590008562583145,0.01018161416125914,0.00021395393993494928,0.008685928966084135,0.009045528498227264,0.0026619937995728104
supplemental-2-8164d718635644c8aa3ce34f5e09a59e,S2_R6_ATC_M3_AL24477_C0_HOA_EDOF_EPD3,S2_R6_ATC_M3_AL24477_C0_HOA_EPD3,ATC_M3_AL24477,C0,HOA,EDOF,3.0,-4.75,-5.75,0.030976249828290822,0.014773865809726405,0.023401770781000465,0.005878535779839651,8.476996835799045e-05,0.010193363364039622,0.005052325511854778
supplemental-2-8164d718635644c8aa3ce34f5e09a59e,S2_R6_ATC_M3_AL24477_C0_HOA_EDOF_EPD3,S2_R6_ATC_M3_AL24477_C0_HOA_EPD3,ATC_M3_AL24477,C0,HOA,EDOF,3.0,-4.875,-5.875,0.03117338190638989,0.007168566767706666,0.031750480097888355,0.0005376933878929637,0.00927911237067336,0.01061838065043652,0.001178398439340752
supplemental-2-8164d718635644c8aa3ce34f5e09a59e,S2_R6_ATC_M3_AL24477_C0_HOA_EDOF_EPD3,S2_R6_ATC_M3_AL24477_C0_HOA_EPD3,ATC_M3_AL24477,C0,HOA,EDOF,3.0,-5.0,-6.0,0.030258788102210374,0.008167731137861373,0.009405472591332432,0.001978701367918643,0.0142526071085769,0.006741685516282379,0.00032583043952087726
supplemental-2-8164d718635644c8aa3ce34f5e09a59e,S2_R6_ATC_M3_AL24477_C0_HOA_MONO_EPD5,S2_R6_ATC_M3_AL24477_C0_HOA_EPD5,ATC_M3_AL24477,C0,HOA,MONO,5.0,1.0,2.0,0.027185004038075992,0.03563390501956279,0.037548383968008775,0.005275472948699535,0.0021573973256927333,0.001414509954478226,0.0013920758456145948
supplemental-2-8164d718635644c8aa3ce34f5e09a59e,S2_R6_ATC_M3_AL24477_C0_HOA_MONO_EPD5,S2_R6_ATC_M3_AL24477_C0_HOA_EPD5,ATC_M3_AL24477,C0,HOA,MONO,5.0,0.875,1.875,0.027969771202441984,0.0014527840079085093,0.010338808413930402,0.010201613404725023,0.002681900311989511,0.0005435149336890635,0.0009112038354945086
supplemental-2-8164d718635644c8aa3ce34f5e09a59e,S2_R6_ATC_M3_AL24477_C0_HOA_MONO_EPD5,S2_R6_ATC_M3_AL24477_C0_HOA_EPD5,ATC_M3_AL24477,C0,HOA,MONO,5.0,0.75,1.75,0.02928745391226338,0.030113591187719745,0.03415520498684723,0.00877064590003649,0.003553473088321772,0.0013962347834640594,0.0015682952123689474
supplemental-2-8164d718635644c8aa3ce34f5e09a59e,S2_R6_ATC_M3_AL24477_C0_HOA_MONO_EPD5,S2_R6_ATC_M3_AL24477_C0_HOA_EPD5,ATC_M3_AL24477,C0,HOA,MONO,5.0,0.625,1.625,0.030414715971419308,0.03487269043724776,0.01684544777928673,0.002460633791652374,0.001083571539312184,0.0015875839121542402,0.0010065706206146899
supplemental-2-8164d718635644c8aa3ce34f5e09a59e,S2_R6_ATC_M3_AL24477_C0_HOA_MONO_EPD5,S2_R6_ATC_M3_AL24477_C0_HOA_EPD5,ATC_M3_AL24477,C0,HOA,MONO,5.0,0.5,1.5,0.03241863489437947,0.013125751764236296,0.02126557272281788,0.019005510431665876,0.00012767304419284266,0.0005101737377854174,0.0020878173491957063
supplemental-2-8164d718635644c8aa3ce34f5e09a59e,S2_R6_ATC_M3_AL24477_C0_HOA_MONO_EPD5,S2_R6_ATC_M3_AL24477_C0_HOA_EPD5,ATC_M3_AL24477,C0,HOA,MONO,5.0,0.375,1.375,0.034371024081552896,0.01276236771136618,0.015844484600816763,0.02831231274350755,0.003343639087202991,0.0006186422698278,0.00013696984589493984
supplemental-2-8164d718635644c8aa3ce34f5e09a59e,S2_R6_ATC_M3_AL24477_C0_HOA_MONO_EPD5,S2_R6_ATC_M3_AL24477_C0_HOA_EPD5,ATC_M3_AL24477,C0,HOA,MONO,5.0,0.25,1.25,0.03566112612742921,0.02042315996168423,0.006903252761205132,0.01951016769509205,0.005379534237945734,0.0015907786198879358,0.0016245711831982094
supplemental-2-8164d718635644c8aa3ce34f5e09a59e,S2_R6_ATC_M3_AL24477_C0_HOA_MONO_EPD5,S2_R6_ATC_M3_AL24477_C0_HOA_EPD5,ATC_M3_AL24477,C0,HOA,MONO,5.0,0.125,1.125,0.037993449522149544,0.007346015338063262,0.0035622365230301963,0.010092193492269164,0.008708165272336213,0.0031978282244603676,0.0001307657936157936
supplemental-2-8164d718635644c8aa3ce34f5e09a59e,S2_R6_ATC_M3_AL24477_C0_HOA_MONO_EPD5,S2_R6_ATC_M3_AL24477_C0_HOA_EPD5,ATC_M3_AL24477,C0,HOA,MONO,5.0,0.0,1.0,0.04055758687742906,0.009208843620318366,0.0038321188270276337,0.04300030563425914,0.010017537633617745,0.0027690619381699312,4.249535668048277e-05
supplemental-2-8164d718635644c8aa3ce34f5e09a59e,S2_R6_ATC_M3_AL24477_C0_HOA_MONO_EPD5,S2_R6_ATC_M3_AL24477_C0_HOA_EPD5,ATC_M3_AL24477,C0,HOA,MONO,5.0,-0.125,0.875,0.04425085474527954,0.010818019307305422,0.014443089386415555,0.05602852729530314,0.01127095881445229,0.0001644370836211744,0.003353426659748063
supplemental-2-8164d718635644c8aa3ce34f5e09a59e,S2_R6_ATC_M3_AL24477_C0_HOA_MONO_EPD5,S2_R6_ATC_M3_AL24477_C0_HOA_EPD5,ATC_M3_AL24477,C0,HOA,MONO,5.0,-0.25,0.75,0.04848502759569273,0.003870665421509842,0.010521629881471147,0.04002438499945386,0.01051774978225518,0.0007368583776701612,0.0025721856661133436
supplemental-2-8164d718635644c8aa3ce34f5e09a59e,S2_R6_ATC_M3_AL24477_C0_HOA_MONO_EPD5,S2_R6_ATC_M3_AL24477_C0_HOA_EPD5,ATC_M3_AL24477,C0,HOA,MONO,5.0,-0.375,0.625,0.053637824243489285,0.01811436705711106,0.02900820522467388,0.012588713527189831,0.008509244317751151,0.004562597954742164,0.0020936122130255667
supplemental-2-8164d718635644c8aa3ce34f5e09a59e,S2_R6_ATC_M3_AL24477_C0_HOA_MONO_EPD5,S2_R6_ATC_M3_AL24477_C0_HOA_EPD5,ATC_M3_AL24477,C0,HOA,MONO,5.0,-0.5,0.5,0.060734135265832566,0.012015470704096545,0.009738592890280819,0.004878948772026728,0.0011333500979749148,0.009169810311468067,0.007781670387530337
supplemental-2-8164d718635644c8aa3ce34f5e09a59e,S2_R6_ATC_M3_AL24477_C0_HOA_MONO_EPD5,S2_R6_ATC_M3_AL24477_C0_HOA_EPD5,ATC_M3_AL24477,C0,HOA,MONO,5.0,-0.625,0.375,0.06969923046742287,0.024374761181412647,0.04916662104931537,0.011145842356320776,0.0029581513600148534,0.004677465389194018,0.016692456295772564
supplemental-2-8164d718635644c8aa3ce34f5e09a59e,S2_R6_ATC_M3_AL24477_C0_HOA_MONO_EPD5,S2_R6_ATC_M3_AL24477_C0_HOA_EPD5,ATC_M3_AL24477,C0,HOA,MONO,5.0,-0.75,0.25,0.08701209755732138,0.0869031936993046,0.026892469358586052,0.01839488842895809,0.01940344791472396,0.01309908702600033,0.01187712698259727
supplemental-2-8164d718635644c8aa3ce34f5e09a59e,S2_R6_ATC_M3_AL24477_C0_HOA_MONO_EPD5,S2_R6_ATC_M3_AL24477_C0_HOA_EPD5,ATC_M3_AL24477,C0,HOA,MONO,5.0,-0.875,0.125,0.11840928166787197,0.16144300683783186,0.0033528369640724305,0.06510172550098618,0.015901641085932297,0.004993125063060835,0.049347555273009214
supplemental-2-8164d718635644c8aa3ce34f5e09a59e,S2_R6_ATC_M3_AL24477_C0_HOA_MONO_EPD5,S2_R6_ATC_M3_AL24477_C0_HOA_EPD5,ATC_M3_AL24477,C0,HOA,MONO,5.0,-1.0,0.0,0.16332273585651266,0.22833146936339105,0.11175797413422178,0.06483368726161952,0.04946281010210245,0.07496393046648134,0.003296785498513556
supplemental-2-8164d718635644c8aa3ce34f5e09a59e,S2_R6_ATC_M3_AL24477_C0_HOA_MONO_EPD5,S2_R6_ATC_M3_AL24477_C0_HOA_EPD5,ATC_M3_AL24477,C0,HOA,MONO,5.0,-1.125,-0.125,0.19653685235489757,0.26783907356695436,0.21144598223675237,0.0800142686718191,0.09748017942032611,0.025069992580238683,0.06476063282867248
supplemental-2-8164d718635644c8aa3ce34f5e09a59e,S2_R6_ATC_M3_AL24477_C0_HOA_MONO_EPD5,S2_R6_ATC_M3_AL24477_C0_HOA_EPD5,ATC_M3_AL24477,C0,HOA,MONO,5.0,-1.25,-0.25,0.17320358804356803,0.27151444483609105,0.12454908686173993,0.08974872362676109,0.0002170560331264194,0.038784938721980966,0.049470510784530256
supplemental-2-8164d718635644c8aa3ce34f5e09a59e,S2_R6_ATC_M3_AL24477_C0_HOA_MONO_EPD5,S2_R6_ATC_M3_AL24477_C0_HOA_EPD5,ATC_M3_AL24477,C0,HOA,MONO,5.0,-1.375,-0.375,0.17573129768945744,0.2543982434532531,0.07669390387898314,0.06893661109708082,0.09292635410880329,0.06434264418103122,0.013434630294650264
supplemental-2-8164d718635644c8aa3ce34f5e09a59e,S2_R6_ATC_M3_AL24477_C0_HOA_MONO_EPD5,S2_R6_ATC_M3_AL24477_C0_HOA_EPD5,ATC_M3_AL24477,C0,HOA,MONO,5.0,-1.5,-0.5,0.18797172134589232,0.25218285726874123,0.1617631363723242,0.13961124185391216,0.0752610566847316,0.015097835931398018,0.0007660395610752062
supplemental-2-8164d718635644c8aa3ce34f5e09a59e,S2_R6_ATC_M3_AL24477_C0_HOA_MONO_EPD5,S2_R6_ATC_M3_AL24477_C0_HOA_EPD5,ATC_M3_AL24477,C0,HOA,MONO,5.0,-1.625,-0.625,0.18825194745567195,0.29371158671091513,0.18902053584666578,0.06087691173174902,0.04493549383988509,0.0560532645631389,0.04675023345939126
supplemental-2-8164d718635644c8aa3ce34f5e09a59e,S2_R6_ATC_M3_AL24477_C0_HOA_MONO_EPD5,S2_R6_ATC_M3_AL24477_C0_HOA_EPD5,ATC_M3_AL24477,C0,HOA,MONO,5.0,-1.75,-0.75,0.2977301316017626,0.36725398515771746,0.2352056265536768,0.2621208182384053,0.23195507032177914,0.19240523821370964,0.1587900554847378
supplemental-2-8164d718635644c8aa3ce34f5e09a59e,S2_R6_ATC_M3_AL24477_C0_HOA_MONO_EPD5,S2_R6_ATC_M3_AL24477_C0_HOA_EPD5,ATC_M3_AL24477,C0,HOA,MONO,5.0,-1.875,-0.875,0.23771614395021237,0.41660954023929286,0.3141629821537677,0.18188892205367857,0.112797450951616,0.07667871523932146,0.06636914268213874
supplemental-2-8164d718635644c8aa3ce34f5e09a59e,S2_R6_ATC_M3_AL24477_C0_HOA_MONO_EPD5,S2_R6_ATC_M3_AL24477_C0_HOA_EPD5,ATC_M3_AL24477,C0,HOA,MONO,5.0,-2.0,-1.0,0.15233591220881515,0.3820911252843845,0.1759695528995492,0.04977065984078906,0.014274021310802194,0.027041149241343897,0.030980607846263032
supplemental-2-8164d718635644c8aa3ce34f5e09a59e,S2_R6_ATC_M3_AL24477_C0_HOA_MONO_EPD5,S2_R6_ATC_M3_AL24477_C0_HOA_EPD5,ATC_M3_AL24477,C0,HOA,MONO,5.0,-2.125,-1.125,0.11208146292063002,0.2554959021701342,0.0298227755869581,0.06765665479724538,0.025991716237787087,0.0024649352648968984,0.012732690969598472
supplemental-2-8164d718635644c8aa3ce34f5e09a59e,S2_R6_ATC_M3_AL24477_C0_HOA_MONO_EPD5,S2_R6_ATC_M3_AL24477_C0_HOA_EPD5,ATC_M3_AL24477,C0,HOA,MONO,5.0,-2.25,-1.25,0.09370703951695875,0.09502074506087092,0.060215160606139254,0.009174458984721138,0.03868887696537829,0.007242951354363031,0.00866000850824359
supplemental-2-8164d718635644c8aa3ce34f5e09a59e,S2_R6_ATC_M3_AL24477_C0_HOA_MONO_EPD5,S2_R6_ATC_M3_AL24477_C0_HOA_EPD5,ATC_M3_AL24477,C0,HOA,MONO,5.0,-2.375,-1.375,0.07441926357033209,0.02048113045628458,0.048387664396718266,0.032720795183418215,0.005081127100327631,0.004838861112219407,0.003592721441662781
supplemental-2-8164d718635644c8aa3ce34f5e09a59e,S2_R6_ATC_M3_AL24477_C0_HOA_MONO_EPD5,S2_R6_ATC_M3_AL24477_C0_HOA_EPD5,ATC_M3_AL24477,C0,HOA,MONO,5.0,-2.5,-1.5,0.06506343424435809,0.05745530301081393,0.007410088758444872,0.015247004508014084,0.016145144688622923,0.0009699244616860418,0.003437137493780033
supplemental-2-8164d718635644c8aa3ce34f5e09a59e,S2_R6_ATC_M3_AL24477_C0_HOA_MONO_EPD5,S2_R6_ATC_M3_AL24477_C0_HOA_EPD5,ATC_M3_AL24477,C0,HOA,MONO,5.0,-2.625,-1.625,0.056630095533848186,0.047457995734241545,0.0674741990839944,0.025406848434884437,0.009249170679435165,0.0024579584550000807,0.004213586904041476
supplemental-2-8164d718635644c8aa3ce34f5e09a59e,S2_R6_ATC_M3_AL24477_C0_HOA_MONO_EPD5,S2_R6_ATC_M3_AL24477_C0_HOA_EPD5,ATC_M3_AL24477,C0,HOA,MONO,5.0,-2.75,-1.75,0.05110235320727282,0.04277817047395456,0.02137251384840508,0.0028437432515887352,0.0006465020704508098,0.0013024698091493392,0.0030208706070016605
supplemental-2-8164d718635644c8aa3ce34f5e09a59e,S2_R6_ATC_M3_AL24477_C0_HOA_MONO_EPD5,S2_R6_ATC_M3_AL24477_C0_HOA_EPD5,ATC_M3_AL24477,C0,HOA,MONO,5.0,-2.875,-1.875,0.045497187948000235,0.05797866023192205,0.03221527281391841,0.004698142183923544,0.0013177140495397148,0.004013263044110291,0.0009432975979413562
supplemental-2-8164d718635644c8aa3ce34f5e09a59e,S2_R6_ATC_M3_AL24477_C0_HOA_MONO_EPD5,S2_R6_ATC_M3_AL24477_C0_HOA_EPD5,ATC_M3_AL24477,C0,HOA,MONO,5.0,-3.0,-2.0,0.04036611918264643,0.062028683735080234,0.0023724476772102147,0.0054396062065409844,0.0030777499882374015,9.708791110097601e-05,0.0020814295571421853
supplemental-2-8164d718635644c8aa3ce34f5e09a59e,S2_R6_ATC_M3_AL24477_C0_HOA_MONO_EPD5,S2_R6_ATC_M3_AL24477_C0_HOA_EPD5,ATC_M3_AL24477,C0,HOA,MONO,5.0,-3.125,-2.125,0.03603110204237887,0.026381993347509312,0.0062072968483420695,0.008233710635574303,0.003443930256058438,0.002481891541709629,0.0006863904645963883
supplemental-2-8164d718635644c8aa3ce34f5e09a59e,S2_R6_ATC_M3_AL24477_C0_HOA_MONO_EPD5,S2_R6_ATC_M3_AL24477_C0_HOA_EPD5,ATC_M3_AL24477,C0,HOA,MONO,5.0,-3.25,-2.25,0.03287507863469236,0.032870865184876766,0.0002464305860248018,0.0038502576643404847,0.002160666686561629,0.001952404517758396,0.0008867982041172015
supplemental-2-8164d718635644c8aa3ce34f5e09a59e,S2_R6_ATC_M3_AL24477_C0_HOA_MONO_EPD5,S2_R6_ATC_M3_AL24477_C0_HOA_EPD5,ATC_M3_AL24477,C0,HOA,MONO,5.0,-3.375,-2.375,0.030450536688600947,0.07025001947158556,0.020049843283292398,0.0017837670719839014,0.00029762757155809096,0.0019600520910809938,0.0021195234681107298
supplemental-2-8164d718635644c8aa3ce34f5e09a59e,S2_R6_ATC_M3_AL24477_C0_HOA_MONO_EPD5,S2_R6_ATC_M3_AL24477_C0_HOA_EPD5,ATC_M3_AL24477,C0,HOA,MONO,5.0,-3.5,-2.5,0.027647435884507444,0.060315532236691755,0.007208510824048969,0.0021319501647206387,0.002015349494702564,0.0009022197793222184,0.0009333773983369774
supplemental-2-8164d718635644c8aa3ce34f5e09a59e,S2_R6_ATC_M3_AL24477_C0_HOA_MONO_EPD5,S2_R6_ATC_M3_AL24477_C0_HOA_EPD5,ATC_M3_AL24477,C0,HOA,MONO,5.0,-3.625,-2.625,0.025501311519388503,0.018865486046187596,0.007264778123016263,0.0032815735462913883,0.0027664085037923595,0.0010609457983397842,0.0008180701543011042
supplemental-2-8164d718635644c8aa3ce34f5e09a59e,S2_R6_ATC_M3_AL24477_C0_HOA_MONO_EPD5,S2_R6_ATC_M3_AL24477_C0_HOA_EPD5,ATC_M3_AL24477,C0,HOA,MONO,5.0,-3.75,-2.75,0.02249881820025817,0.022118015526544153,0.0027803283221075705,0.0033478963178928955,0.0007634205439400836,0.0017571401700852854,0.0010398517860586531
supplemental-2-8164d718635644c8aa3ce34f5e09a59e,S2_R6_ATC_M3_AL24477_C0_HOA_MONO_EPD5,S2_R6_ATC_M3_AL24477_C0_HOA_EPD5,ATC_M3_AL24477,C0,HOA,MONO,5.0,-3.875,-2.875,0.024613201830337005,0.043982771901781,0.0027948694287059928,0.002253515259331154,0.0002817034561399302,0.0007489523139235791,0.0010697662634458487
supplemental-2-8164d718635644c8aa3ce34f5e09a59e,S2_R6_ATC_M3_AL24477_C0_HOA_MONO_EPD5,S2_R6_ATC_M3_AL24477_C0_HOA_EPD5,ATC_M3_AL24477,C0,HOA,MONO,5.0,-4.0,-3.0,0.021825223613458098,0.04100413868360167,0.007480171263755963,0.002069159951897428,0.002582983833627657,0.001059600139155906,0.001743967548231965
supplemental-2-8164d718635644c8aa3ce34f5e09a59e,S2_R6_ATC_M3_AL24477_C0_HOA_MONO_EPD5,S2_R6_ATC_M3_AL24477_C0_HOA_EPD5,ATC_M3_AL24477,C0,HOA,MONO,5.0,-4.125,-3.125,0.020365098529622858,0.014231437199128434,0.002433284427448169,0.0033091618622442653,0.0013227745130273039,0.0005279019519504292,0.00021797196217546982
supplemental-2-8164d718635644c8aa3ce34f5e09a59e,S2_R6_ATC_M3_AL24477_C0_HOA_MONO_EPD5,S2_R6_ATC_M3_AL24477_C0_HOA_EPD5,ATC_M3_AL24477,C0,HOA,MONO,5.0,-4.25,-3.25,0.020354657357819373,0.021293498125831,0.005244244101960862,0.002611818262656492,0.0016675368812657074,0.0020278526991629672,0.0020084390158720323
supplemental-2-8164d718635644c8aa3ce34f5e09a59e,S2_R6_ATC_M3_AL24477_C0_HOA_MONO_EPD5,S2_R6_ATC_M3_AL24477_C0_HOA_EPD5,ATC_M3_AL24477,C0,HOA,MONO,5.0,-4.375,-3.375,0.020326099378014877,0.037801154389831684,0.007552008652932395,0.0035537162414760876,0.0010469807268170578,0.000465316463074123,0.0009273298697997829
supplemental-2-8164d718635644c8aa3ce34f5e09a59e,S2_R6_ATC_M3_AL24477_C0_HOA_MONO_EPD5,S2_R6_ATC_M3_AL24477_C0_HOA_EPD5,ATC_M3_AL24477,C0,HOA,MONO,5.0,-4.5,-3.5,0.019073747952364193,0.01937649630791448,0.004745469280550911,0.002002460843380875,0.000873201315697912,0.0015423359519815506,0.0007767198963688562
supplemental-2-8164d718635644c8aa3ce34f5e09a59e,S2_R6_ATC_M3_AL24477_C0_HOA_MONO_EPD5,S2_R6_ATC_M3_AL24477_C0_HOA_EPD5,ATC_M3_AL24477,C0,HOA,MONO,5.0,-4.625,-3.625,0.018542222716016386,0.015350675272786319,0.0010416550091470209,0.0011029235072918028,0.0017048868318806437,0.0003582939442266398,0.00174452184539043
supplemental-2-8164d718635644c8aa3ce34f5e09a59e,S2_R6_ATC_M3_AL24477_C0_HOA_MONO_EPD5,S2_R6_ATC_M3_AL24477_C0_HOA_EPD5,ATC_M3_AL24477,C0,HOA,MONO,5.0,-4.75,-3.75,0.019054339574577316,0.029830436754569006,0.005273594315746675,0.002193964028664681,0.0004522307664367699,0.0018159253469498095,0.00016452403855373983
supplemental-2-8164d718635644c8aa3ce34f5e09a59e,S2_R6_ATC_M3_AL24477_C0_HOA_MONO_EPD5,S2_R6_ATC_M3_AL24477_C0_HOA_EPD5,ATC_M3_AL24477,C0,HOA,MONO,5.0,-4.875,-3.875,0.02126413926375757,0.010595800086340477,0.0073003917805364305,0.0004834487232792568,0.0011478810725023669,0.00030042615895700664,0.0006896677840548026
supplemental-2-8164d718635644c8aa3ce34f5e09a59e,S2_R6_ATC_M3_AL24477_C0_HOA_MONO_EPD5,S2_R6_ATC_M3_AL24477_C0_HOA_EPD5,ATC_M3_AL24477,C0,HOA,MONO,5.0,-5.0,-4.0,0.021224363668351887,0.018271807950223855,0.0025965379805314914,0.0019573287606129757,0.001413088684053577,0.0018588900756585686,0.00012577074326077577
supplemental-2-8164d718635644c8aa3ce34f5e09a59e,S2_R6_ATC_M3_AL24477_C0_HOA_EDOF_EPD5,S2_R6_ATC_M3_AL24477_C0_HOA_EPD5,ATC_M3_AL24477,C0,HOA,EDOF,5.0,1.0,2.0,0.03580450827125347,0.0013679666671842974,0.06196864304111222,0.0018884406247410201,0.012305925039536689,0.007062574980668137,0.007232068524936023
supplemental-2-8164d718635644c8aa3ce34f5e09a59e,S2_R6_ATC_M3_AL24477_C0_HOA_EDOF_EPD5,S2_R6_ATC_M3_AL24477_C0_HOA_EPD5,ATC_M3_AL24477,C0,HOA,EDOF,5.0,0.875,1.875,0.03897852059041771,0.04188415416478194,7.214929246616064e-05,0.035657254933281854,0.001960730117054334,0.01861222064405664,0.007870488502970405
supplemental-2-8164d718635644c8aa3ce34f5e09a59e,S2_R6_ATC_M3_AL24477_C0_HOA_EDOF_EPD5,S2_R6_ATC_M3_AL24477_C0_HOA_EPD5,ATC_M3_AL24477,C0,HOA,EDOF,5.0,0.75,1.75,0.03847271790573329,0.07399149313691603,0.03013833173656332,0.007435326500077468,0.018778915084834213,0.005243288903995153,0.0003960712283701459
supplemental-2-8164d718635644c8aa3ce34f5e09a59e,S2_R6_ATC_M3_AL24477_C0_HOA_EDOF_EPD5,S2_R6_ATC_M3_AL24477_C0_HOA_EPD5,ATC_M3_AL24477,C0,HOA,EDOF,5.0,0.625,1.625,0.0370049243372184,0.07344600968686574,0.02121531997573979,0.007303699647675228,0.008562659515155238,0.021299771485170996,0.009395452281682697
supplemental-2-8164d718635644c8aa3ce34f5e09a59e,S2_R6_ATC_M3_AL24477_C0_HOA_EDOF_EPD5,S2_R6_ATC_M3_AL24477_C0_HOA_EPD5,ATC_M3_AL24477,C0,HOA,EDOF,5.0,0.5,1.5,0.03634629266048395,0.042161133832541435,0.02637130041488601,0.0240301330213913,0.004151857833509419,0.003056277184076416,0.0012329787530486144
supplemental-2-8164d718635644c8aa3ce34f5e09a59e,S2_R6_ATC_M3_AL24477_C0_HOA_EDOF_EPD5,S2_R6_ATC_M3_AL24477_C0_HOA_EPD5,ATC_M3_AL24477,C0,HOA,EDOF,5.0,0.375,1.375,0.038685015651491246,0.004732795146065719,0.009903197355088277,0.017106801256638646,0.0031507051906176477,0.015456733890768064,0.005453935296565804
supplemental-2-8164d718635644c8aa3ce34f5e09a59e,S2_R6_ATC_M3_AL24477_C0_HOA_EDOF_EPD5,S2_R6_ATC_M3_AL24477_C0_HOA_EPD5,ATC_M3_AL24477,C0,HOA,EDOF,5.0,0.25,1.25,0.040269033822798186,0.014397630942343172,0.0023830459782183495,0.01657628761728739,0.02096213698123473,0.010074915616626618,0.0051856106328784235
supplemental-2-8164d718635644c8aa3ce34f5e09a59e,S2_R6_ATC_M3_AL24477_C0_HOA_EDOF_EPD5,S2_R6_ATC_M3_AL24477_C0_HOA_EPD5,ATC_M3_AL24477,C0,HOA,EDOF,5.0,0.125,1.125,0.04018145701294837,0.010869979922343821,0.008701182565025535,0.013257051658657247,0.000978272914132022,0.008433009751600856,0.0018053193550201813
supplemental-2-8164d718635644c8aa3ce34f5e09a59e,S2_R6_ATC_M3_AL24477_C0_HOA_EDOF_EPD5,S2_R6_ATC_M3_AL24477_C0_HOA_EPD5,ATC_M3_AL24477,C0,HOA,EDOF,5.0,0.0,1.0,0.040991839208548604,8.380746889409047e-05,0.010795543522047271,0.025694834580698267,0.0067681694594022256,0.0009822438808505093,0.011036526158305932
supplemental-2-8164d718635644c8aa3ce34f5e09a59e,S2_R6_ATC_M3_AL24477_C0_HOA_EDOF_EPD5,S2_R6_ATC_M3_AL24477_C0_HOA_EPD5,ATC_M3_AL24477,C0,HOA,EDOF,5.0,-0.125,0.875,0.04272614834221407,0.0011379183234886338,0.03519370791120176,0.04159786234853602,0.003832013843906736,0.01793486605191304,0.000258533590977612
supplemental-2-8164d718635644c8aa3ce34f5e09a59e,S2_R6_ATC_M3_AL24477_C0_HOA_EDOF_EPD5,S2_R6_ATC_M3_AL24477_C0_HOA_EPD5,ATC_M3_AL24477,C0,HOA,EDOF,5.0,-0.25,0.75,0.046131319485939896,0.008130460907581039,0.01938872518071568,0.028086599420130157,0.01693797667277184,0.01589438686643635,0.0001028752178921354
supplemental-2-8164d718635644c8aa3ce34f5e09a59e,S2_R6_ATC_M3_AL24477_C0_HOA_EDOF_EPD5,S2_R6_ATC_M3_AL24477_C0_HOA_EPD5,ATC_M3_AL24477,C0,HOA,EDOF,5.0,-0.375,0.625,0.052746108237819514,0.012824703730256818,0.04035218744237918,0.04493660796989795,0.01571880735375034,0.005290266666376636,0.0041919458598904755
supplemental-2-8164d718635644c8aa3ce34f5e09a59e,S2_R6_ATC_M3_AL24477_C0_HOA_EDOF_EPD5,S2_R6_ATC_M3_AL24477_C0_HOA_EPD5,ATC_M3_AL24477,C0,HOA,EDOF,5.0,-0.5,0.5,0.05742419412109492,0.0031600669361487015,0.03041282213359329,0.028220033162600095,0.027880128419229194,0.005883941390761944,0.0038286299720894333
supplemental-2-8164d718635644c8aa3ce34f5e09a59e,S2_R6_ATC_M3_AL24477_C0_HOA_EDOF_EPD5,S2_R6_ATC_M3_AL24477_C0_HOA_EPD5,ATC_M3_AL24477,C0,HOA,EDOF,5.0,-0.625,0.375,0.06047353618186345,0.04490034825746317,0.03631072925957423,0.001990755632087163,0.019765355661299853,0.0019068798102605529,0.0012087311879136731
supplemental-2-8164d718635644c8aa3ce34f5e09a59e,S2_R6_ATC_M3_AL24477_C0_HOA_EDOF_EPD5,S2_R6_ATC_M3_AL24477_C0_HOA_EPD5,ATC_M3_AL24477,C0,HOA,EDOF,5.0,-0.75,0.25,0.07253631037190042,0.10377101149223193,0.03382230976594531,0.01864904030139394,0.007980696525874175,0.018809160766986358,0.01007202546495705
supplemental-2-8164d718635644c8aa3ce34f5e09a59e,S2_R6_ATC_M3_AL24477_C0_HOA_EDOF_EPD5,S2_R6_ATC_M3_AL24477_C0_HOA_EPD5,ATC_M3_AL24477,C0,HOA,EDOF,5.0,-0.875,0.125,0.10934449647123085,0.16273859971832622,0.022014383731080906,0.05089873021614464,0.06427600415808124,0.05783841611802917,0.035391821543035634
supplemental-2-8164d718635644c8aa3ce34f5e09a59e,S2_R6_ATC_M3_AL24477_C0_HOA_EDOF_EPD5,S2_R6_ATC_M3_AL24477_C0_HOA_EPD5,ATC_M3_AL24477,C0,HOA,EDOF,5.0,-1.0,0.0,0.12789626977460164,0.20154050422616782,0.13147492279938466,0.047177517585542686,0.005309192073613066,0.0036620356850654906,0.001955077686412784
supplemental-2-8164d718635644c8aa3ce34f5e09a59e,S2_R6_ATC_M3_AL24477_C0_HOA_EDOF_EPD5,S2_R6_ATC_M3_AL24477_C0_HOA_EPD5,ATC_M3_AL24477,C0,HOA,EDOF,5.0,-1.125,-0.125,0.21120138588932347,0.20295837026493085,0.19635915300319712,0.13112108451911564,0.15539954456902993,0.1065086825782152,0.10872372995762936
supplemental-2-8164d718635644c8aa3ce34f5e09a59e,S2_R6_ATC_M3_AL24477_C0_HOA_EDOF_EPD5,S2_R6_ATC_M3_AL24477_C0_HOA_EPD5,ATC_M3_AL24477,C0,HOA,EDOF,5.0,-1.25,-0.25,0.12444223303847804,0.163896079645233,0.07817776907422858,0.057888945959678695,0.003484947933897381,0.012667653108211534,0.0036864756502165757
supplemental-2-8164d718635644c8aa3ce34f5e09a59e,S2_R6_ATC_M3_AL24477_C0_HOA_EDOF_EPD5,S2_R6_ATC_M3_AL24477_C0_HOA_EPD5,ATC_M3_AL24477,C0,HOA,EDOF,5.0,-1.375,-0.375,0.10133296651440485,0.10680087921497887,0.013489490095726309,0.005604132959620085,0.016740326511691363,0.028176124835345664,0.004310266297118967
supplemental-2-8164d718635644c8aa3ce34f5e09a59e,S2_R6_ATC_M3_AL24477_C0_HOA_EDOF_EPD5,S2_R6_ATC_M3_AL24477_C0_HOA_EPD5,ATC_M3_AL24477,C0,HOA,EDOF,5.0,-1.5,-0.5,0.12994872483392494,0.07462509759697561,0.061165458468788084,0.096192421021643,0.06344517971803981,0.029918180229516762,0.04358972365243215
supplemental-2-8164d718635644c8aa3ce34f5e09a59e,S2_R6_ATC_M3_AL24477_C0_HOA_EDOF_EPD5,S2_R6_ATC_M3_AL24477_C0_HOA_EPD5,ATC_M3_AL24477,C0,HOA,EDOF,5.0,-1.625,-0.625,0.09916380365571408,0.1010974325255714,0.030191865068341147,0.03518925278935654,0.006596299075850702,0.004676060859457298,0.013269705572695311
supplemental-2-8164d718635644c8aa3ce34f5e09a59e,S2_R6_ATC_M3_AL24477_C0_HOA_EDOF_EPD5,S2_R6_ATC_M3_AL24477_C0_HOA_EPD5,ATC_M3_AL24477,C0,HOA,EDOF,5.0,-1.75,-0.75,0.13134129666016606,0.1761986540059901,0.04740974438046322,0.07283938856809398,0.0510994982715266,0.05303052895970257,0.028839236094113263
supplemental-2-8164d718635644c8aa3ce34f5e09a59e,S2_R6_ATC_M3_AL24477_C0_HOA_EDOF_EPD5,S2_R6_ATC_M3_AL24477_C0_HOA_EPD5,ATC_M3_AL24477,C0,HOA,EDOF,5.0,-1.875,-0.875,0.13325577235122132,0.24320309307946342,0.16254313057463282,0.0765687242418332,0.05863456027149551,0.031616352671613814,0.045617022744978565
supplemental-2-8164d718635644c8aa3ce34f5e09a59e,S2_R6_ATC_M3_AL24477_C0_HOA_EDOF_EPD5,S2_R6_ATC_M3_AL24477_C0_HOA_EPD5,ATC_M3_AL24477,C0,HOA,EDOF,5.0,-2.0,-1.0,0.14972089377747813,0.24089524010638336,0.13015493149021695,0.11944142227016342,0.08131489054444743,0.08031997375624861,0.08799978252945659
supplemental-2-8164d718635644c8aa3ce34f5e09a59e,S2_R6_ATC_M3_AL24477_C0_HOA_EDOF_EPD5,S2_R6_ATC_M3_AL24477_C0_HOA_EPD5,ATC_M3_AL24477,C0,HOA,EDOF,5.0,-2.125,-1.125,0.09273014912171391,0.1583702574199507,0.04494963927575524,0.02973422289861554,0.03234342135580716,0.014504731974046288,0.02237320343831932
supplemental-2-8164d718635644c8aa3ce34f5e09a59e,S2_R6_ATC_M3_AL24477_C0_HOA_EDOF_EPD5,S2_R6_ATC_M3_AL24477_C0_HOA_EPD5,ATC_M3_AL24477,C0,HOA,EDOF,5.0,-2.25,-1.25,0.06404674173108894,0.04857476616046537,0.04857309095885657,0.013125495384233174,0.00965346594213296,0.006700507659830282,0.007287706906830852
supplemental-2-8164d718635644c8aa3ce34f5e09a59e,S2_R6_ATC_M3_AL24477_C0_HOA_EDOF_EPD5,S2_R6_ATC_M3_AL24477_C0_HOA_EPD5,ATC_M3_AL24477,C0,HOA,EDOF,5.0,-2.375,-1.375,0.0529634363358992,0.018319112078311342,0.007932190277680655,0.010282043547879753,0.023378581048016787,0.006945485846424113,0.008822494795197238
supplemental-2-8164d718635644c8aa3ce34f5e09a59e,S2_R6_ATC_M3_AL24477_C0_HOA_EDOF_EPD5,S2_R6_ATC_M3_AL24477_C0_HOA_EPD5,ATC_M3_AL24477,C0,HOA,EDOF,5.0,-2.5,-1.5,0.04740638198710338,0.018054548171939584,0.04687512712559063,0.015488517421263275,0.003931519776550499,0.006204382246570591,0.01021381396801456
supplemental-2-8164d718635644c8aa3ce34f5e09a59e,S2_R6_ATC_M3_AL24477_C0_HOA_EDOF_EPD5,S2_R6_ATC_M3_AL24477_C0_HOA_EPD5,ATC_M3_AL24477,C0,HOA,EDOF,5.0,-2.625,-1.625,0.04324685604231486,0.011767158823438813,0.01008251626343375,0.0031591869210946897,0.01654023858421986,0.010762840189877483,0.007486462014019499
supplemental-2-8164d718635644c8aa3ce34f5e09a59e,S2_R6_ATC_M3_AL24477_C0_HOA_EDOF_EPD5,S2_R6_ATC_M3_AL24477_C0_HOA_EPD5,ATC_M3_AL24477,C0,HOA,EDOF,5.0,-2.75,-1.75,0.04162441348277115,0.01887828480098318,0.012234701489360837,0.0018947703584156245,7.598438566669007e-05,0.006498751307047152,0.004653486366788563
supplemental-2-8164d718635644c8aa3ce34f5e09a59e,S2_R6_ATC_M3_AL24477_C0_HOA_EDOF_EPD5,S2_R6_ATC_M3_AL24477_C0_HOA_EPD5,ATC_M3_AL24477,C0,HOA,EDOF,5.0,-2.875,-1.875,0.04158675004806989,0.006326463664300253,0.01513832612109419,0.0008517102218413063,0.009961441286070096,0.010880418318626465,0.0005265483962876253
supplemental-2-8164d718635644c8aa3ce34f5e09a59e,S2_R6_ATC_M3_AL24477_C0_HOA_EDOF_EPD5,S2_R6_ATC_M3_AL24477_C0_HOA_EPD5,ATC_M3_AL24477,C0,HOA,EDOF,5.0,-3.0,-2.0,0.041183523793044706,0.026614527239817196,0.04657993392404187,0.028928025723412916,0.014182035285459523,0.01828834440345509,0.0030792453147115706
supplemental-2-8164d718635644c8aa3ce34f5e09a59e,S2_R6_ATC_M3_AL24477_C0_HOA_EDOF_EPD5,S2_R6_ATC_M3_AL24477_C0_HOA_EPD5,ATC_M3_AL24477,C0,HOA,EDOF,5.0,-3.125,-2.125,0.036455833569149644,0.008662674565718158,0.007088985945787572,0.006201068617577593,0.0030859419632098973,0.00535734162517403,0.0005131291765381034
supplemental-2-8164d718635644c8aa3ce34f5e09a59e,S2_R6_ATC_M3_AL24477_C0_HOA_EDOF_EPD5,S2_R6_ATC_M3_AL24477_C0_HOA_EPD5,ATC_M3_AL24477,C0,HOA,EDOF,5.0,-3.25,-2.25,0.03368388086833913,0.03498793877477963,0.006107428723232905,0.0005042606073949353,0.009096582697700358,0.006195523027304825,0.0015979186790053782
supplemental-2-8164d718635644c8aa3ce34f5e09a59e,S2_R6_ATC_M3_AL24477_C0_HOA_EDOF_EPD5,S2_R6_ATC_M3_AL24477_C0_HOA_EPD5,ATC_M3_AL24477,C0,HOA,EDOF,5.0,-3.375,-2.375,0.02904600900371969,0.06229692886154609,0.018654349914113168,0.010978553822827631,0.0013606146473131827,0.004519846008965003,0.011331826374147896
supplemental-2-8164d718635644c8aa3ce34f5e09a59e,S2_R6_ATC_M3_AL24477_C0_HOA_EDOF_EPD5,S2_R6_ATC_M3_AL24477_C0_HOA_EPD5,ATC_M3_AL24477,C0,HOA,EDOF,5.0,-3.5,-2.5,0.025916698249057585,0.05044513564524149,0.0033563509743312738,0.013555858918673818,0.0018887567733284595,0.002368486172129974,0.0012844121739920842
supplemental-2-8164d718635644c8aa3ce34f5e09a59e,S2_R6_ATC_M3_AL24477_C0_HOA_EDOF_EPD5,S2_R6_ATC_M3_AL24477_C0_HOA_EPD5,ATC_M3_AL24477,C0,HOA,EDOF,5.0,-3.625,-2.625,0.024632786058871748,0.014963192383685278,0.0036044336025939693,0.014088752744460625,0.0019553282481595516,0.0022290872588324826,0.0022460858470239346
supplemental-2-8164d718635644c8aa3ce34f5e09a59e,S2_R6_ATC_M3_AL24477_C0_HOA_EDOF_EPD5,S2_R6_ATC_M3_AL24477_C0_HOA_EPD5,ATC_M3_AL24477,C0,HOA,EDOF,5.0,-3.75,-2.75,0.022561095204331673,0.015733336521225334,0.002971365671325206,0.007815290266266579,0.0003638902406714927,0.005462123545498524,0.0060416230418993775
supplemental-2-8164d718635644c8aa3ce34f5e09a59e,S2_R6_ATC_M3_AL24477_C0_HOA_EDOF_EPD5,S2_R6_ATC_M3_AL24477_C0_HOA_EPD5,ATC_M3_AL24477,C0,HOA,EDOF,5.0,-3.875,-2.875,0.024950012644566925,0.027675013432073212,0.005160198206213237,0.012238803877482263,0.0005505705720025541,0.009466486824243198,0.0072487885984900795
supplemental-2-8164d718635644c8aa3ce34f5e09a59e,S2_R6_ATC_M3_AL24477_C0_HOA_EDOF_EPD5,S2_R6_ATC_M3_AL24477_C0_HOA_EPD5,ATC_M3_AL24477,C0,HOA,EDOF,5.0,-4.0,-3.0,0.023587092571113744,0.018705507687164308,0.010358058011692296,0.0013047779991262245,0.0026075193454975173,0.0009764705686266483,0.001719853704283497
supplemental-2-8164d718635644c8aa3ce34f5e09a59e,S2_R6_ATC_M3_AL24477_C0_HOA_EDOF_EPD5,S2_R6_ATC_M3_AL24477_C0_HOA_EPD5,ATC_M3_AL24477,C0,HOA,EDOF,5.0,-4.125,-3.125,0.023582843961785328,0.008230433767444085,0.005473444227633242,0.0006313142399017954,0.000624408833222386,0.011423246815930828,0.0017057118283398634
supplemental-2-8164d718635644c8aa3ce34f5e09a59e,S2_R6_ATC_M3_AL24477_C0_HOA_EDOF_EPD5,S2_R6_ATC_M3_AL24477_C0_HOA_EPD5,ATC_M3_AL24477,C0,HOA,EDOF,5.0,-4.25,-3.25,0.02366486177229161,0.03793277283828355,0.007068546238376659,0.018513816044068505,0.0026019892479321217,0.014377584823329823,0.005203310406375179
supplemental-2-8164d718635644c8aa3ce34f5e09a59e,S2_R6_ATC_M3_AL24477_C0_HOA_EDOF_EPD5,S2_R6_ATC_M3_AL24477_C0_HOA_EPD5,ATC_M3_AL24477,C0,HOA,EDOF,5.0,-4.375,-3.375,0.02255547709460891,0.04485252293142393,0.020876212156649226,0.001526625913398313,0.006318843408042174,0.006962964906915162,0.0026721495417238138
supplemental-2-8164d718635644c8aa3ce34f5e09a59e,S2_R6_ATC_M3_AL24477_C0_HOA_EDOF_EPD5,S2_R6_ATC_M3_AL24477_C0_HOA_EPD5,ATC_M3_AL24477,C0,HOA,EDOF,5.0,-4.5,-3.5,0.02103491328514361,0.017436166968295343,0.007497887604099234,0.00026265776816290337,0.004491591072231592,0.0008980739452750895,0.0001704108294406367
supplemental-2-8164d718635644c8aa3ce34f5e09a59e,S2_R6_ATC_M3_AL24477_C0_HOA_EDOF_EPD5,S2_R6_ATC_M3_AL24477_C0_HOA_EPD5,ATC_M3_AL24477,C0,HOA,EDOF,5.0,-4.625,-3.625,0.02184072020322312,0.021529313406528364,0.005520146892112547,0.003200724889207582,0.006478687346067565,0.0025238306067350783,0.001979783997916579
supplemental-2-8164d718635644c8aa3ce34f5e09a59e,S2_R6_ATC_M3_AL24477_C0_HOA_EDOF_EPD5,S2_R6_ATC_M3_AL24477_C0_HOA_EPD5,ATC_M3_AL24477,C0,HOA,EDOF,5.0,-4.75,-3.75,0.022221824588661378,0.0342932299686669,0.0005615108719630324,0.004986042113725877,0.001200936448894039,0.0029941493950764327,0.0008397652572726414
supplemental-2-8164d718635644c8aa3ce34f5e09a59e,S2_R6_ATC_M3_AL24477_C0_HOA_EDOF_EPD5,S2_R6_ATC_M3_AL24477_C0_HOA_EPD5,ATC_M3_AL24477,C0,HOA,EDOF,5.0,-4.875,-3.875,0.023471274029395105,0.00945984722542245,0.019451559885727193,0.005352218698545264,0.0026115215104199115,0.003847769002864535,0.0039407478869270055
supplemental-2-8164d718635644c8aa3ce34f5e09a59e,S2_R6_ATC_M3_AL24477_C0_HOA_EDOF_EPD5,S2_R6_ATC_M3_AL24477_C0_HOA_EPD5,ATC_M3_AL24477,C0,HOA,EDOF,5.0,-5.0,-4.0,0.02116755481483571,0.025726766785720043,0.0034401525058596625,0.0008540557802386804,0.0037597646733312133,0.003824752468379789,8.935323331054548e-05
