contrast_type,outcome,label,base_id,cornea_id,platform_id,pupil_mm,value,bound_status,lower_bound,upper_bound,source_pair_keys,source_dof50_statuses,source_peak_censored
platform,delta_dof50_width_d,WFS-RAD,LB_AL2395,A0,,3.0,0.08425724167640047,exact,0.08425724167640047,0.08425724167640047,"[""CAR_LB_AL2395_A0_WFS_EPD3"",""CAR_LB_AL2395_A0_RAD_EPD3""]","[""exact"",""exact""]",False
platform,delta_dof50_width_d,WFS-HOA,LB_AL2395,A0,,3.0,-0.42030279028138395,exact,-0.42030279028138395,-0.42030279028138395,"[""CAR_LB_AL2395_A0_WFS_EPD3"",""CAR_LB_AL2395_A0_HOA_EPD3""]","[""exact"",""exact""]",False
platform,delta_dof50_width_d,RAD-HOA,LB_AL2395,A0,,3.0,-0.5045600319577844,exact,-0.5045600319577844,-0.5045600319577844,"[""CAR_LB_AL2395_A0_RAD_EPD3"",""CAR_LB_AL2395_A0_HOA_EPD3""]","[""exact"",""exact""]",False
platform,delta_dof50_width_d,WFS-RAD,LB_AL2395,A0,,5.0,0.07224425560225467,exact,0.07224425560225467,0.07224425560225467,"[""CAR_LB_AL2395_A0_WFS_EPD5"",""CAR_LB_AL2395_A0_RAD_EPD5""]","[""exact"",""exact""]",False
platform,delta_dof50_width_d,WFS-HOA,LB_AL2395,A0,,5.0,0.35432217253237797,exact,0.35432217253237797,0.35432217253237797,"[""CAR_LB_AL2395_A0_WFS_EPD5"",""CAR_LB_AL2395_A0_HOA_EPD5""]","[""exact"",""exact""]",True
platform,delta_dof50_width_d,RAD-HOA,LB_AL2395,A0,,5.0,0.2820779169301233,exact,0.2820779169301233,0.2820779169301233,"[""CAR_LB_AL2395_A0_RAD_EPD5"",""CAR_LB_AL2395_A0_HOA_EPD5""]","[""exact"",""exact""]",True
platform,delta_dof50_width_d,WFS-RAD,LB_AL2395,B0,,3.0,0.24150255463959436,lower_bound,0.24150255463959436,,"[""CAR_LB_AL2395_B0_WFS_EPD3"",""CAR_LB_AL2395_B0_RAD_EPD3""]","[""lower_bound"",""exact""]",False
platform,delta_dof50_width_d,WFS-HOA,LB_AL2395,B0,,3.0,-0.26823944503820973,lower_bound,-0.26823944503820973,,"[""CAR_LB_AL2395_B0_WFS_EPD3"",""CAR_LB_AL2395_B0_HOA_EPD3""]","[""lower_bound"",""exact""]",False
platform,delta_dof50_width_d,RAD-HOA,LB_AL2395,B0,,3.0,-0.5097419996778041,exact,-0.5097419996778041,-0.5097419996778041,"[""CAR_LB_AL2395_B0_RAD_EPD3"",""CAR_LB_AL2395_B0_HOA_EPD3""]","[""exact"",""exact""]",False
platform,delta_dof50_width_d,WFS-RAD,LB_AL2395,B0,,5.0,-0.13802808905349195,exact,-0.13802808905349195,-0.13802808905349195,"[""CAR_LB_AL2395_B0_WFS_EPD5"",""CAR_LB_AL2395_B0_RAD_EPD5""]","[""exact"",""exact""]",True
platform,delta_dof50_width_d,WFS-HOA,LB_AL2395,B0,,5.0,0.2618201597094474,exact,0.2618201597094474,0.2618201597094474,"[""CAR_LB_AL2395_B0_WFS_EPD5"",""CAR_LB_AL2395_B0_HOA_EPD5""]","[""exact"",""exact""]",True
platform,delta_dof50_width_d,RAD-HOA,LB_AL2395,B0,,5.0,0.39984824876293934,exact,0.39984824876293934,0.39984824876293934,"[""CAR_LB_AL2395_B0_RAD_EPD5"",""CAR_LB_AL2395_B0_HOA_EPD5""]","[""exact"",""exact""]",True
platform,delta_dof50_width_d,WFS-RAD,LB_AL2395,C0,,3.0,0.018014361325871753,exact,0.018014361325871753,0.018014361325871753,"[""CAR_LB_AL2395_C0_WFS_EPD3"",""CAR_LB_AL2395_C0_RAD_EPD3""]","[""exact"",""exact""]",False
platform,delta_dof50_width_d,WFS-HOA,LB_AL2395,C0,,3.0,-0.49926552417169023,exact,-0.49926552417169023,-0.49926552417169023,"[""CAR_LB_AL2395_C0_WFS_EPD3"",""CAR_LB_AL2395_C0_HOA_EPD3""]","[""exact"",""exact""]",False
platform,delta_dof50_width_d,RAD-HOA,LB_AL2395,C0,,3.0,-0.517279885497562,exact,-0.517279885497562,-0.517279885497562,"[""CAR_LB_AL2395_C0_RAD_EPD3"",""CAR_LB_AL2395_C0_HOA_EPD3""]","[""exact"",""exact""]",False
platform,delta_dof50_width_d,WFS-RAD,LB_AL2395,C0,,5.0,-0.20168128387865158,upper_bound,,-0.20168128387865158,"[""CAR_LB_AL2395_C0_WFS_EPD5"",""CAR_LB_AL2395_C0_RAD_EPD5""]","[""exact"",""lower_bound""]",False
platform,delta_dof50_width_d,WFS-HOA,LB_AL2395,C0,,5.0,0.19743382096215956,exact,0.19743382096215956,0.19743382096215956,"[""CAR_LB_AL2395_C0_WFS_EPD5"",""CAR_LB_AL2395_C0_HOA_EPD5""]","[""exact"",""exact""]",False
platform,delta_dof50_width_d,RAD-HOA,LB_AL2395,C0,,5.0,0.39911510484081114,lower_bound,0.39911510484081114,,"[""CAR_LB_AL2395_C0_RAD_EPD5"",""CAR_LB_AL2395_C0_HOA_EPD5""]","[""lower_bound"",""exact""]",False
platform,delta_dof50_width_d,WFS-RAD,ATC_M3_AL24477,A0,,3.0,0.023759916260547964,exact,0.023759916260547964,0.023759916260547964,"[""CAR_ATC_M3_AL24477_A0_WFS_EPD3"",""CAR_ATC_M3_AL24477_A0_RAD_EPD3""]","[""exact"",""exact""]",False
platform,delta_dof50_width_d,WFS-HOA,ATC_M3_AL24477,A0,,3.0,-0.43922224276909816,exact,-0.43922224276909816,-0.43922224276909816,"[""CAR_ATC_M3_AL24477_A0_WFS_EPD3"",""CAR_ATC_M3_AL24477_A0_HOA_EPD3""]","[""exact"",""exact""]",False
platform,delta_dof50_width_d,RAD-HOA,ATC_M3_AL24477,A0,,3.0,-0.4629821590296461,exact,-0.4629821590296461,-0.4629821590296461,"[""CAR_ATC_M3_AL24477_A0_RAD_EPD3"",""CAR_ATC_M3_AL24477_A0_HOA_EPD3""]","[""exact"",""exact""]",False
platform,delta_dof50_width_d,WFS-RAD,ATC_M3_AL24477,A0,,5.0,-0.06055831590964922,exact,-0.06055831590964922,-0.06055831590964922,"[""CAR_ATC_M3_AL24477_A0_WFS_EPD5"",""CAR_ATC_M3_AL24477_A0_RAD_EPD5""]","[""exact"",""exact""]",False
platform,delta_dof50_width_d,WFS-HOA,ATC_M3_AL24477,A0,,5.0,0.27600250384807623,exact,0.27600250384807623,0.27600250384807623,"[""CAR_ATC_M3_AL24477_A0_WFS_EPD5"",""CAR_ATC_M3_AL24477_A0_HOA_EPD5""]","[""exact"",""exact""]",True
platform,delta_dof50_width_d,RAD-HOA,ATC_M3_AL24477,A0,,5.0,0.33656081975772545,exact,0.33656081975772545,0.33656081975772545,"[""CAR_ATC_M3_AL24477_A0_RAD_EPD5"",""CAR_ATC_M3_AL24477_A0_HOA_EPD5""]","[""exact"",""exact""]",True
platform,delta_dof50_width_d,WFS-RAD,ATC_M3_AL24477,B0,,3.0,0.21883166338933047,lower_bound,0.21883166338933047,,"[""CAR_ATC_M3_AL24477_B0_WFS_EPD3"",""CAR_ATC_M3_AL24477_B0_RAD_EPD3""]","[""lower_bound"",""exact""]",False
platform,delta_dof50_width_d,WFS-HOA,ATC_M3_AL24477,B0,,3.0,-0.29363883716930006,lower_bound,-0.29363883716930006,,"[""CAR_ATC_M3_AL24477_B0_WFS_EPD3"",""CAR_ATC_M3_AL24477_B0_HOA_EPD3""]","[""lower_bound"",""exact""]",False
platform,delta_dof50_width_d,RAD-HOA,ATC_M3_AL24477,B0,,3.0,-0.5124705005586305,exact,-0.5124705005586305,-0.5124705005586305,"[""CAR_ATC_M3_AL24477_B0_RAD_EPD3"",""CAR_ATC_M3_AL24477_B0_HOA_EPD3""]","[""exact"",""exact""]",False
platform,delta_dof50_width_d,WFS-RAD,ATC_M3_AL24477,B0,,5.0,-0.15746306234082375,exact,-0.15746306234082375,-0.15746306234082375,"[""CAR_ATC_M3_AL24477_B0_WFS_EPD5"",""CAR_ATC_M3_AL24477_B0_RAD_EPD5""]","[""exact"",""exact""]",True
platform,delta_dof50_width_d,WFS-HOA,ATC_M3_AL24477,B0,,5.0,0.2439070269878416,exact,0.2439070269878416,0.2439070269878416,"[""CAR_ATC_M3_AL24477_B0_WFS_EPD5"",""CAR_ATC_M3_AL24477_B0_HOA_EPD5""]","[""exact"",""exact""]",True
platform,delta_dof50_width_d,RAD-HOA,ATC_M3_AL24477,B0,,5.0,0.40137008932866536,exact,0.40137008932866536,0.40137008932866536,"[""CAR_ATC_M3_AL24477_B0_RAD_EPD5"",""CAR_ATC_M3_AL24477_B0_HOA_EPD5""]","[""exact"",""exact""]",True
platform,delta_dof50_width_d,WFS-RAD,ATC_M3_AL24477,C0,,3.0,-0.04888522832182929,exact,-0.04888522832182929,-0.04888522832182929,"[""CAR_ATC_M3_AL24477_C0_WFS_EPD3"",""CAR_ATC_M3_AL24477_C0_RAD_EPD3""]","[""exact"",""exact""]",False
platform,delta_dof50_width_d,WFS-HOA,ATC_M3_AL24477,C0,,3.0,-0.4935109861513869,exact,-0.4935109861513869,-0.4935109861513869,"[""CAR_ATC_M3_AL24477_C0_WFS_EPD3"",""CAR_ATC_M3_AL24477_C0_HOA_EPD3""]","[""exact"",""exact""]",False
platform,delta_dof50_width_d,RAD-HOA,ATC_M3_AL24477,C0,,3.0,-0.4446257578295576,exact,-0.4446257578295576,-0.4446257578295576,"[""CAR_ATC_M3_AL24477_C0_RAD_EPD3"",""CAR_ATC_M3_AL24477_C0_HOA_EPD3""]","[""exact"",""exact""]",False
platform,delta_dof50_width_d,WFS-RAD,ATC_M3_AL24477,C0,,5.0,-0.23063838217189125,upper_bound,,-0.23063838217189125,"[""CAR_ATC_M3_AL24477_C0_WFS_EPD5"",""CAR_ATC_M3_AL24477_C0_RAD_EPD5""]","[""exact"",""lower_bound""]",False
platform,delta_dof50_width_d,WFS-HOA,ATC_M3_AL24477,C0,,5.0,-0.3325575808097746,upper_bound,,-0.3325575808097746,"[""CAR_ATC_M3_AL24477_C0_WFS_EPD5"",""CAR_ATC_M3_AL24477_C0_HOA_EPD5""]","[""exact"",""lower_bound""]",False
platform,delta_dof50_width_d,RAD-HOA,ATC_M3_AL24477,C0,,5.0,-0.10191919863788335,indeterminate,,,"[""CAR_ATC_M3_AL24477_C0_RAD_EPD5"",""CAR_ATC_M3_AL24477_C0_HOA_EPD5""]","[""lower_bound"",""lower_bound""]",False
cornea,delta_dof50_width_d,B0-A0,LB_AL2395,,WFS,3.0,0.22382470473305194,lower_bound,0.22382470473305194,,"[""CAR_LB_AL2395_B0_WFS_EPD3"",""CAR_LB_AL2395_A0_WFS_EPD3""]","[""lower_bound"",""exact""]",False
cornea,delta_dof50_width_d,C0-A0,LB_AL2395,,WFS,3.0,-0.05447378820541182,exact,-0.05447378820541182,-0.05447378820541182,"[""CAR_LB_AL2395_C0_WFS_EPD3"",""CAR_LB_AL2395_A0_WFS_EPD3""]","[""exact"",""exact""]",False
cornea,delta_dof50_width_d,B0-C0,LB_AL2395,,WFS,3.0,0.27829849293846376,lower_bound,0.27829849293846376,,"[""CAR_LB_AL2395_B0_WFS_EPD3"",""CAR_LB_AL2395_C0_WFS_EPD3""]","[""lower_bound"",""exact""]",False
cornea,delta_dof50_width_d,B0-A0,LB_AL2395,,WFS,5.0,-0.043401248498064815,exact,-0.043401248498064815,-0.043401248498064815,"[""CAR_LB_AL2395_B0_WFS_EPD5"",""CAR_LB_AL2395_A0_WFS_EPD5""]","[""exact"",""exact""]",True
cornea,delta_dof50_width_d,C0-A0,LB_AL2395,,WFS,5.0,0.022927221198430714,exact,0.022927221198430714,0.022927221198430714,"[""CAR_LB_AL2395_C0_WFS_EPD5"",""CAR_LB_AL2395_A0_WFS_EPD5""]","[""exact"",""exact""]",False
cornea,delta_dof50_width_d,B0-C0,LB_AL2395,,WFS,5.0,-0.06632846969649553,exact,-0.06632846969649553,-0.06632846969649553,"[""CAR_LB_AL2395_B0_WFS_EPD5"",""CAR_LB_AL2395_C0_WFS_EPD5""]","[""exact"",""exact""]",True
cornea,delta_dof50_width_d,B0-A0,LB_AL2395,,RAD,3.0,0.06657939176985805,exact,0.06657939176985805,0.06657939176985805,"[""CAR_LB_AL2395_B0_RAD_EPD3"",""CAR_LB_AL2395_A0_RAD_EPD3""]","[""exact"",""exact""]",False
cornea,delta_dof50_width_d,C0-A0,LB_AL2395,,RAD,3.0,0.0117690921451169,exact,0.0117690921451169,0.0117690921451169,"[""CAR_LB_AL2395_C0_RAD_EPD3"",""CAR_LB_AL2395_A0_RAD_EPD3""]","[""exact"",""exact""]",False
cornea,delta_dof50_width_d,B0-C0,LB_AL2395,,RAD,3.0,0.054810299624741154,exact,0.054810299624741154,0.054810299624741154,"[""CAR_LB_AL2395_B0_RAD_EPD3"",""CAR_LB_AL2395_C0_RAD_EPD3""]","[""exact"",""exact""]",False
cornea,delta_dof50_width_d,B0-A0,LB_AL2395,,RAD,5.0,0.1668710961576818,exact,0.1668710961576818,0.1668710961576818,"[""CAR_LB_AL2395_B0_RAD_EPD5"",""CAR_LB_AL2395_A0_RAD_EPD5""]","[""exact"",""exact""]",True
cornea,delta_dof50_width_d,C0-A0,LB_AL2395,,RAD,5.0,0.29685276067933697,lower_bound,0.29685276067933697,,"[""CAR_LB_AL2395_C0_RAD_EPD5"",""CAR_LB_AL2395_A0_RAD_EPD5""]","[""lower_bound"",""exact""]",False
cornea,delta_dof50_width_d,B0-C0,LB_AL2395,,RAD,5.0,-0.12998166452165516,upper_bound,,-0.12998166452165516,"[""CAR_LB_AL2395_B0_RAD_EPD5"",""CAR_LB_AL2395_C0_RAD_EPD5""]","[""exact"",""lower_bound""]",True
cornea,delta_dof50_width_d,B0-A0,LB_AL2395,,HOA,3.0,0.07176135948987772,exact,0.07176135948987772,0.07176135948987772,"[""CAR_LB_AL2395_B0_HOA_EPD3"",""CAR_LB_AL2395_A0_HOA_EPD3""]","[""exact"",""exact""]",False
cornea,delta_dof50_width_d,C0-A0,LB_AL2395,,HOA,3.0,0.02448894568489446,exact,0.02448894568489446,0.02448894568489446,"[""CAR_LB_AL2395_C0_HOA_EPD3"",""CAR_LB_AL2395_A0_HOA_EPD3""]","[""exact"",""exact""]",False
cornea,delta_dof50_width_d,B0-C0,LB_AL2395,,HOA,3.0,0.04727241380498326,exact,0.04727241380498326,0.04727241380498326,"[""CAR_LB_AL2395_B0_HOA_EPD3"",""CAR_LB_AL2395_C0_HOA_EPD3""]","[""exact"",""exact""]",False
cornea,delta_dof50_width_d,B0-A0,LB_AL2395,,HOA,5.0,0.049100764324865764,exact,0.049100764324865764,0.049100764324865764,"[""CAR_LB_AL2395_B0_HOA_EPD5"",""CAR_LB_AL2395_A0_HOA_EPD5""]","[""exact"",""exact""]",True
cornea,delta_dof50_width_d,C0-A0,LB_AL2395,,HOA,5.0,0.17981557276864912,exact,0.17981557276864912,0.17981557276864912,"[""CAR_LB_AL2395_C0_HOA_EPD5"",""CAR_LB_AL2395_A0_HOA_EPD5""]","[""exact"",""exact""]",True
cornea,delta_dof50_width_d,B0-C0,LB_AL2395,,HOA,5.0,-0.13071480844378336,exact,-0.13071480844378336,-0.13071480844378336,"[""CAR_LB_AL2395_B0_HOA_EPD5"",""CAR_LB_AL2395_C0_HOA_EPD5""]","[""exact"",""exact""]",True
cornea,delta_dof50_width_d,B0-A0,ATC_M3_AL24477,,WFS,3.0,0.23990962259341697,lower_bound,0.23990962259341697,,"[""CAR_ATC_M3_AL24477_B0_WFS_EPD3"",""CAR_ATC_M3_AL24477_A0_WFS_EPD3""]","[""lower_bound"",""exact""]",False
cornea,delta_dof50_width_d,C0-A0,ATC_M3_AL24477,,WFS,3.0,-0.02707903746876794,exact,-0.02707903746876794,-0.02707903746876794,"[""CAR_ATC_M3_AL24477_C0_WFS_EPD3"",""CAR_ATC_M3_AL24477_A0_WFS_EPD3""]","[""exact"",""exact""]",False
cornea,delta_dof50_width_d,B0-C0,ATC_M3_AL24477,,WFS,3.0,0.2669886600621849,lower_bound,0.2669886600621849,,"[""CAR_ATC_M3_AL24477_B0_WFS_EPD3"",""CAR_ATC_M3_AL24477_C0_WFS_EPD3""]","[""lower_bound"",""exact""]",False
cornea,delta_dof50_width_d,B0-A0,ATC_M3_AL24477,,WFS,5.0,-0.062499200582043946,exact,-0.062499200582043946,-0.062499200582043946,"[""CAR_ATC_M3_AL24477_B0_WFS_EPD5"",""CAR_ATC_M3_AL24477_A0_WFS_EPD5""]","[""exact"",""exact""]",True
cornea,delta_dof50_width_d,C0-A0,ATC_M3_AL24477,,WFS,5.0,0.018181918117285645,exact,0.018181918117285645,0.018181918117285645,"[""CAR_ATC_M3_AL24477_C0_WFS_EPD5"",""CAR_ATC_M3_AL24477_A0_WFS_EPD5""]","[""exact"",""exact""]",False
cornea,delta_dof50_width_d,B0-C0,ATC_M3_AL24477,,WFS,5.0,-0.08068111869932959,exact,-0.08068111869932959,-0.08068111869932959,"[""CAR_ATC_M3_AL24477_B0_WFS_EPD5"",""CAR_ATC_M3_AL24477_C0_WFS_EPD5""]","[""exact"",""exact""]",True
cornea,delta_dof50_width_d,B0-A0,ATC_M3_AL24477,,RAD,3.0,0.04483787546463447,exact,0.04483787546463447,0.04483787546463447,"[""CAR_ATC_M3_AL24477_B0_RAD_EPD3"",""CAR_ATC_M3_AL24477_A0_RAD_EPD3""]","[""exact"",""exact""]",False
cornea,delta_dof50_width_d,C0-A0,ATC_M3_AL24477,,RAD,3.0,0.04556610711360931,exact,0.04556610711360931,0.04556610711360931,"[""CAR_ATC_M3_AL24477_C0_RAD_EPD3"",""CAR_ATC_M3_AL24477_A0_RAD_EPD3""]","[""exact"",""exact""]",False
cornea,delta_dof50_width_d,B0-C0,ATC_M3_AL24477,,RAD,3.0,-0.0007282316489748419,exact,-0.0007282316489748419,-0.0007282316489748419,"[""CAR_ATC_M3_AL24477_B0_RAD_EPD3"",""CAR_ATC_M3_AL24477_C0_RAD_EPD3""]","[""exact"",""exact""]",False
cornea,delta_dof50_width_d,B0-A0,ATC_M3_AL24477,,RAD,5.0,0.03440554584913058,exact,0.03440554584913058,0.03440554584913058,"[""CAR_ATC_M3_AL24477_B0_RAD_EPD5"",""CAR_ATC_M3_AL24477_A0_RAD_EPD5""]","[""exact"",""exact""]",True
cornea,delta_dof50_width_d,C0-A0,ATC_M3_AL24477,,RAD,5.0,0.18826198437952768,lower_bound,0.18826198437952768,,"[""CAR_ATC_M3_AL24477_C0_RAD_EPD5"",""CAR_ATC_M3_AL24477_A0_RAD_EPD5""]","[""lower_bound"",""exact""]",False
cornea,delta_dof50_width_d,B0-C0,ATC_M3_AL24477,,RAD,5.0,-0.1538564385303971,upper_bound,,-0.1538564385303971,"[""CAR_ATC_M3_AL24477_B0_RAD_EPD5"",""CAR_ATC_M3_AL24477_C0_RAD_EPD5""]","[""exact"",""lower_bound""]",True
cornea,delta_dof50_width_d,B0-A0,ATC_M3_AL24477,,HOA,3.0,0.09432621699361887,exact,0.09432621699361887,0.09432621699361887,"[""CAR_ATC_M3_AL24477_B0_HOA_EPD3"",""CAR_ATC_M3_AL24477_A0_HOA_EPD3""]","[""exact"",""exact""]",False
cornea,delta_dof50_width_d,C0-A0,ATC_M3_AL24477,,HOA,3.0,0.027209705913520787,exact,0.027209705913520787,0.027209705913520787,"[""CAR_ATC_M3_AL24477_C0_HOA_EPD3"",""CAR_ATC_M3_AL24477_A0_HOA_EPD3""]","[""exact"",""exact""]",False
cornea,delta_dof50_width_d,B0-C0,ATC_M3_AL24477,,HOA,3.0,0.06711651108009808,exact,0.06711651108009808,0.06711651108009808,"[""CAR_ATC_M3_AL24477_B0_HOA_EPD3"",""CAR_ATC_M3_AL24477_C0_HOA_EPD3""]","[""exact"",""exact""]",False
cornea,delta_dof50_width_d,B0-A0,ATC_M3_AL24477,,HOA,5.0,-0.030403723721809328,exact,-0.030403723721809328,-0.030403723721809328,"[""CAR_ATC_M3_AL24477_B0_HOA_EPD5"",""CAR_ATC_M3_AL24477_A0_HOA_EPD5""]","[""exact"",""exact""]",True
cornea,delta_dof50_width_d,C0-A0,ATC_M3_AL24477,,HOA,5.0,0.6267420027751365,lower_bound,0.6267420027751365,,"[""CAR_ATC_M3_AL24477_C0_HOA_EPD5"",""CAR_ATC_M3_AL24477_A0_HOA_EPD5""]","[""lower_bound"",""exact""]",True
cornea,delta_dof50_width_d,B0-C0,ATC_M3_AL24477,,HOA,5.0,-0.6571457264969458,upper_bound,,-0.6571457264969458,"[""CAR_ATC_M3_AL24477_B0_HOA_EPD5"",""CAR_ATC_M3_AL24477_C0_HOA_EPD5""]","[""exact"",""lower_bound""]",True
cornea_x_platform_did,delta_dof50_width_d,(B0-A0)_WFS-(B0-A0)_RAD,LB_AL2395,,,3.0,0.15724531296319388,lower_bound,0.15724531296319388,,"[""CAR_LB_AL2395_B0_WFS_EPD3"",""CAR_LB_AL2395_A0_WFS_EPD3"",""CAR_LB_AL2395_B0_RAD_EPD3"",""CAR_LB_AL2395_A0_RAD_EPD3""]","[""lower_bound"",""exact"",""exact"",""exact""]",False
cornea_x_platform_did,delta_dof50_width_d,(B0-A0)_WFS-(B0-A0)_HOA,LB_AL2395,,,3.0,0.15206334524317422,lower_bound,0.15206334524317422,,"[""CAR_LB_AL2395_B0_WFS_EPD3"",""CAR_LB_AL2395_A0_WFS_EPD3"",""CAR_LB_AL2395_B0_HOA_EPD3"",""CAR_LB_AL2395_A0_HOA_EPD3""]","[""lower_bound"",""exact"",""exact"",""exact""]",False
cornea_x_platform_did,delta_dof50_width_d,(B0-A0)_RAD-(B0-A0)_HOA,LB_AL2395,,,3.0,-0.0051819677200196645,exact,-0.0051819677200196645,-0.0051819677200196645,"[""CAR_LB_AL2395_B0_RAD_EPD3"",""CAR_LB_AL2395_A0_RAD_EPD3"",""CAR_LB_AL2395_B0_HOA_EPD3"",""CAR_LB_AL2395_A0_HOA_EPD3""]","[""exact"",""exact"",""exact"",""exact""]",False
cornea_x_platform_did,delta_dof50_width_d,(C0-A0)_WFS-(C0-A0)_RAD,LB_AL2395,,,3.0,-0.06624288035052872,exact,-0.06624288035052872,-0.06624288035052872,"[""CAR_LB_AL2395_C0_WFS_EPD3"",""CAR_LB_AL2395_A0_WFS_EPD3"",""CAR_LB_AL2395_C0_RAD_EPD3"",""CAR_LB_AL2395_A0_RAD_EPD3""]","[""exact"",""exact"",""exact"",""exact""]",False
cornea_x_platform_did,delta_dof50_width_d,(C0-A0)_WFS-(C0-A0)_HOA,LB_AL2395,,,3.0,-0.07896273389030628,exact,-0.07896273389030628,-0.07896273389030628,"[""CAR_LB_AL2395_C0_WFS_EPD3"",""CAR_LB_AL2395_A0_WFS_EPD3"",""CAR_LB_AL2395_C0_HOA_EPD3"",""CAR_LB_AL2395_A0_HOA_EPD3""]","[""exact"",""exact"",""exact"",""exact""]",False
cornea_x_platform_did,delta_dof50_width_d,(C0-A0)_RAD-(C0-A0)_HOA,LB_AL2395,,,3.0,-0.01271985353977756,exact,-0.01271985353977756,-0.01271985353977756,"[""CAR_LB_AL2395_C0_RAD_EPD3"",""CAR_LB_AL2395_A0_RAD_EPD3"",""CAR_LB_AL2395_C0_HOA_EPD3"",""CAR_LB_AL2395_A0_HOA_EPD3""]","[""exact"",""exact"",""exact"",""exact""]",False
cornea_x_platform_did,delta_dof50_width_d,(B0-C0)_WFS-(B0-C0)_RAD,LB_AL2395,,,3.0,0.2234881933137226,lower_bound,0.2234881933137226,,"[""CAR_LB_AL2395_B0_WFS_EPD3"",""CAR_LB_AL2395_C0_WFS_EPD3"",""CAR_LB_AL2395_B0_RAD_EPD3"",""CAR_LB_AL2395_C0_RAD_EPD3""]","[""lower_bound"",""exact"",""exact"",""exact""]",False
cornea_x_platform_did,delta_dof50_width_d,(B0-C0)_WFS-(B0-C0)_HOA,LB_AL2395,,,3.0,0.2310260791334805,lower_bound,0.2310260791334805,,"[""CAR_LB_AL2395_B0_WFS_EPD3"",""CAR_LB_AL2395_C0_WFS_EPD3"",""CAR_LB_AL2395_B0_HOA_EPD3"",""CAR_LB_AL2395_C0_HOA_EPD3""]","[""lower_bound"",""exact"",""exact"",""exact""]",False
cornea_x_platform_did,delta_dof50_width_d,(B0-C0)_RAD-(B0-C0)_HOA,LB_AL2395,,,3.0,0.007537885819757895,exact,0.007537885819757895,0.007537885819757895,"[""CAR_LB_AL2395_B0_RAD_EPD3"",""CAR_LB_AL2395_C0_RAD_EPD3"",""CAR_LB_AL2395_B0_HOA_EPD3"",""CAR_LB_AL2395_C0_HOA_EPD3""]","[""exact"",""exact"",""exact"",""exact""]",False
cornea_x_platform_did,delta_dof50_width_d,(B0-A0)_WFS-(B0-A0)_RAD,LB_AL2395,,,5.0,-0.21027234465574662,exact,-0.21027234465574662,-0.21027234465574662,"[""CAR_LB_AL2395_B0_WFS_EPD5"",""CAR_LB_AL2395_A0_WFS_EPD5"",""CAR_LB_AL2395_B0_RAD_EPD5"",""CAR_LB_AL2395_A0_RAD_EPD5""]","[""exact"",""exact"",""exact"",""exact""]",True
cornea_x_platform_did,delta_dof50_width_d,(B0-A0)_WFS-(B0-A0)_HOA,LB_AL2395,,,5.0,-0.09250201282293058,exact,-0.09250201282293058,-0.09250201282293058,"[""CAR_LB_AL2395_B0_WFS_EPD5"",""CAR_LB_AL2395_A0_WFS_EPD5"",""CAR_LB_AL2395_B0_HOA_EPD5"",""CAR_LB_AL2395_A0_HOA_EPD5""]","[""exact"",""exact"",""exact"",""exact""]",True
cornea_x_platform_did,delta_dof50_width_d,(B0-A0)_RAD-(B0-A0)_HOA,LB_AL2395,,,5.0,0.11777033183281604,exact,0.11777033183281604,0.11777033183281604,"[""CAR_LB_AL2395_B0_RAD_EPD5"",""CAR_LB_AL2395_A0_RAD_EPD5"",""CAR_LB_AL2395_B0_HOA_EPD5"",""CAR_LB_AL2395_A0_HOA_EPD5""]","[""exact"",""exact"",""exact"",""exact""]",True
cornea_x_platform_did,delta_dof50_width_d,(C0-A0)_WFS-(C0-A0)_RAD,LB_AL2395,,,5.0,-0.27392553948090625,upper_bound,,-0.27392553948090625,"[""CAR_LB_AL2395_C0_WFS_EPD5"",""CAR_LB_AL2395_A0_WFS_EPD5"",""CAR_LB_AL2395_C0_RAD_EPD5"",""CAR_LB_AL2395_A0_RAD_EPD5""]","[""exact"",""exact"",""lower_bound"",""exact""]",False
cornea_x_platform_did,delta_dof50_width_d,(C0-A0)_WFS-(C0-A0)_HOA,LB_AL2395,,,5.0,-0.1568883515702184,exact,-0.1568883515702184,-0.1568883515702184,"[""CAR_LB_AL2395_C0_WFS_EPD5"",""CAR_LB_AL2395_A0_WFS_EPD5"",""CAR_LB_AL2395_C0_HOA_EPD5"",""CAR_LB_AL2395_A0_HOA_EPD5""]","[""exact"",""exact"",""exact"",""exact""]",True
cornea_x_platform_did,delta_dof50_width_d,(C0-A0)_RAD-(C0-A0)_HOA,LB_AL2395,,,5.0,0.11703718791068785,lower_bound,0.11703718791068785,,"[""CAR_LB_AL2395_C0_RAD_EPD5"",""CAR_LB_AL2395_A0_RAD_EPD5"",""CAR_LB_AL2395_C0_HOA_EPD5"",""CAR_LB_AL2395_A0_HOA_EPD5""]","[""lower_bound"",""exact"",""exact"",""exact""]",True
cornea_x_platform_did,delta_dof50_width_d,(B0-C0)_WFS-(B0-C0)_RAD,LB_AL2395,,,5.0,0.06365319482515963,lower_bound,0.06365319482515963,,"[""CAR_LB_AL2395_B0_WFS_EPD5"",""CAR_LB_AL2395_C0_WFS_EPD5"",""CAR_LB_AL2395_B0_RAD_EPD5"",""CAR_LB_AL2395_C0_RAD_EPD5""]","[""exact"",""exact"",""exact"",""lower_bound""]",True
cornea_x_platform_did,delta_dof50_width_d,(B0-C0)_WFS-(B0-C0)_HOA,LB_AL2395,,,5.0,0.06438633874728783,exact,0.06438633874728783,0.06438633874728783,"[""CAR_LB_AL2395_B0_WFS_EPD5"",""CAR_LB_AL2395_C0_WFS_EPD5"",""CAR_LB_AL2395_B0_HOA_EPD5"",""CAR_LB_AL2395_C0_HOA_EPD5""]","[""exact"",""exact"",""exact"",""exact""]",True
cornea_x_platform_did,delta_dof50_width_d,(B0-C0)_RAD-(B0-C0)_HOA,LB_AL2395,,,5.0,0.0007331439221281988,upper_bound,,0.0007331439221281988,"[""CAR_LB_AL2395_B0_RAD_EPD5"",""CAR_LB_AL2395_C0_RAD_EPD5"",""CAR_LB_AL2395_B0_HOA_EPD5"",""CAR_LB_AL2395_C0_HOA_EPD5""]","[""exact"",""lower_bound"",""exact"",""exact""]",True
cornea_x_platform_did,delta_dof50_width_d,(B0-A0)_WFS-(B0-A0)_RAD,ATC_M3_AL24477,,,3.0,0.1950717471287825,lower_bound,0.1950717471287825,,"[""CAR_ATC_M3_AL24477_B0_WFS_EPD3"",""CAR_ATC_M3_AL24477_A0_WFS_EPD3"",""CAR_ATC_M3_AL24477_B0_RAD_EPD3"",""CAR_ATC_M3_AL24477_A0_RAD_EPD3""]","[""lower_bound"",""exact"",""exact"",""exact""]",False
cornea_x_platform_did,delta_dof50_width_d,(B0-A0)_WFS-(B0-A0)_HOA,ATC_M3_AL24477,,,3.0,0.1455834055997981,lower_bound,0.1455834055997981,,"[""CAR_ATC_M3_AL24477_B0_WFS_EPD3"",""CAR_ATC_M3_AL24477_A0_WFS_EPD3"",""CAR_ATC_M3_AL24477_B0_HOA_EPD3"",""CAR_ATC_M3_AL24477_A0_HOA_EPD3""]","[""lower_bound"",""exact"",""exact"",""exact""]",False
cornea_x_platform_did,delta_dof50_width_d,(B0-A0)_RAD-(B0-A0)_HOA,ATC_M3_AL24477,,,3.0,-0.0494883415289844,exact,-0.0494883415289844,-0.0494883415289844,"[""CAR_ATC_M3_AL24477_B0_RAD_EPD3"",""CAR_ATC_M3_AL24477_A0_RAD_EPD3"",""CAR_ATC_M3_AL24477_B0_HOA_EPD3"",""CAR_ATC_M3_AL24477_A0_HOA_EPD3""]","[""exact"",""exact"",""exact"",""exact""]",False
cornea_x_platform_did,delta_dof50_width_d,(C0-A0)_WFS-(C0-A0)_RAD,ATC_M3_AL24477,,,3.0,-0.07264514458237725,exact,-0.07264514458237725,-0.07264514458237725,"[""CAR_ATC_M3_AL24477_C0_WFS_EPD3"",""CAR_ATC_M3_AL24477_A0_WFS_EPD3"",""CAR_ATC_M3_AL24477_C0_RAD_EPD3"",""CAR_ATC_M3_AL24477_A0_RAD_EPD3""]","[""exact"",""exact"",""exact"",""exact""]",False
cornea_x_platform_did,delta_dof50_width_d,(C0-A0)_WFS-(C0-A0)_HOA,ATC_M3_AL24477,,,3.0,-0.05428874338228873,exact,-0.05428874338228873,-0.05428874338228873,"[""CAR_ATC_M3_AL24477_C0_WFS_EPD3"",""CAR_ATC_M3_AL24477_A0_WFS_EPD3"",""CAR_ATC_M3_AL24477_C0_HOA_EPD3"",""CAR_ATC_M3_AL24477_A0_HOA_EPD3""]","[""exact"",""exact"",""exact"",""exact""]",False
cornea_x_platform_did,delta_dof50_width_d,(C0-A0)_RAD-(C0-A0)_HOA,ATC_M3_AL24477,,,3.0,0.018356401200088523,exact,0.018356401200088523,0.018356401200088523,"[""CAR_ATC_M3_AL24477_C0_RAD_EPD3"",""CAR_ATC_M3_AL24477_A0_RAD_EPD3"",""CAR_ATC_M3_AL24477_C0_HOA_EPD3"",""CAR_ATC_M3_AL24477_A0_HOA_EPD3""]","[""exact"",""exact"",""exact"",""exact""]",False
cornea_x_platform_did,delta_dof50_width_d,(B0-C0)_WFS-(B0-C0)_RAD,ATC_M3_AL24477,,,3.0,0.26771689171115975,lower_bound,0.26771689171115975,,"[""CAR_ATC_M3_AL24477_B0_WFS_EPD3"",""CAR_ATC_M3_AL24477_C0_WFS_EPD3"",""CAR_ATC_M3_AL24477_B0_RAD_EPD3"",""CAR_ATC_M3_AL24477_C0_RAD_EPD3""]","[""lower_bound"",""exact"",""exact"",""exact""]",False
cornea_x_platform_did,delta_dof50_width_d,(B0-C0)_WFS-(B0-C0)_HOA,ATC_M3_AL24477,,,3.0,0.19987214898208683,lower_bound,0.19987214898208683,,"[""CAR_ATC_M3_AL24477_B0_WFS_EPD3"",""CAR_ATC_M3_AL24477_C0_WFS_EPD3"",""CAR_ATC_M3_AL24477_B0_HOA_EPD3"",""CAR_ATC_M3_AL24477_C0_HOA_EPD3""]","[""lower_bound"",""exact"",""exact"",""exact""]",False
cornea_x_platform_did,delta_dof50_width_d,(B0-C0)_RAD-(B0-C0)_HOA,ATC_M3_AL24477,,,3.0,-0.06784474272907293,exact,-0.06784474272907293,-0.06784474272907293,"[""CAR_ATC_M3_AL24477_B0_RAD_EPD3"",""CAR_ATC_M3_AL24477_C0_RAD_EPD3"",""CAR_ATC_M3_AL24477_B0_HOA_EPD3"",""CAR_ATC_M3_AL24477_C0_HOA_EPD3""]","[""exact"",""exact"",""exact"",""exact""]",False
cornea_x_platform_did,delta_dof50_width_d,(B0-A0)_WFS-(B0-A0)_RAD,ATC_M3_AL24477,,,5.0,-0.09690474643117453,exact,-0.09690474643117453,-0.09690474643117453,"[""CAR_ATC_M3_AL24477_B0_WFS_EPD5"",""CAR_ATC_M3_AL24477_A0_WFS_EPD5"",""CAR_ATC_M3_AL24477_B0_RAD_EPD5"",""CAR_ATC_M3_AL24477_A0_RAD_EPD5""]","[""exact"",""exact"",""exact"",""exact""]",True
cornea_x_platform_did,delta_dof50_width_d,(B0-A0)_WFS-(B0-A0)_HOA,ATC_M3_AL24477,,,5.0,-0.03209547686023462,exact,-0.03209547686023462,-0.03209547686023462,"[""CAR_ATC_M3_AL24477_B0_WFS_EPD5"",""CAR_ATC_M3_AL24477_A0_WFS_EPD5"",""CAR_ATC_M3_AL24477_B0_HOA_EPD5"",""CAR_ATC_M3_AL24477_A0_HOA_EPD5""]","[""exact"",""exact"",""exact"",""exact""]",True
cornea_x_platform_did,delta_dof50_width_d,(B0-A0)_RAD-(B0-A0)_HOA,ATC_M3_AL24477,,,5.0,0.06480926957093991,exact,0.06480926957093991,0.06480926957093991,"[""CAR_ATC_M3_AL24477_B0_RAD_EPD5"",""CAR_ATC_M3_AL24477_A0_RAD_EPD5"",""CAR_ATC_M3_AL24477_B0_HOA_EPD5"",""CAR_ATC_M3_AL24477_A0_HOA_EPD5""]","[""exact"",""exact"",""exact"",""exact""]",True
cornea_x_platform_did,delta_dof50_width_d,(C0-A0)_WFS-(C0-A0)_RAD,ATC_M3_AL24477,,,5.0,-0.17008006626224204,upper_bound,,-0.17008006626224204,"[""CAR_ATC_M3_AL24477_C0_WFS_EPD5"",""CAR_ATC_M3_AL24477_A0_WFS_EPD5"",""CAR_ATC_M3_AL24477_C0_RAD_EPD5"",""CAR_ATC_M3_AL24477_A0_RAD_EPD5""]","[""exact"",""exact"",""lower_bound"",""exact""]",False
cornea_x_platform_did,delta_dof50_width_d,(C0-A0)_WFS-(C0-A0)_HOA,ATC_M3_AL24477,,,5.0,-0.6085600846578508,upper_bound,,-0.6085600846578508,"[""CAR_ATC_M3_AL24477_C0_WFS_EPD5"",""CAR_ATC_M3_AL24477_A0_WFS_EPD5"",""CAR_ATC_M3_AL24477_C0_HOA_EPD5"",""CAR_ATC_M3_AL24477_A0_HOA_EPD5""]","[""exact"",""exact"",""lower_bound"",""exact""]",True
cornea_x_platform_did,delta_dof50_width_d,(C0-A0)_RAD-(C0-A0)_HOA,ATC_M3_AL24477,,,5.0,-0.4384800183956088,indeterminate,,,"[""CAR_ATC_M3_AL24477_C0_RAD_EPD5"",""CAR_ATC_M3_AL24477_A0_RAD_EPD5"",""CAR_ATC_M3_AL24477_C0_HOA_EPD5"",""CAR_ATC_M3_AL24477_A0_HOA_EPD5""]","[""lower_bound"",""exact"",""lower_bound"",""exact""]",True
cornea_x_platform_did,delta_dof50_width_d,(B0-C0)_WFS-(B0-C0)_RAD,ATC_M3_AL24477,,,5.0,0.07317531983106751,lower_bound,0.07317531983106751,,"[""CAR_ATC_M3_AL24477_B0_WFS_EPD5"",""CAR_ATC_M3_AL24477_C0_WFS_EPD5"",""CAR_ATC_M3_AL24477_B0_RAD_EPD5"",""CAR_ATC_M3_AL24477_C0_RAD_EPD5""]","[""exact"",""exact"",""exact"",""lower_bound""]",True
cornea_x_platform_did,delta_dof50_width_d,(B0-C0)_WFS-(B0-C0)_HOA,ATC_M3_AL24477,,,5.0,0.5764646077976162,lower_bound,0.5764646077976162,,"[""CAR_ATC_M3_AL24477_B0_WFS_EPD5"",""CAR_ATC_M3_AL24477_C0_WFS_EPD5"",""CAR_ATC_M3_AL24477_B0_HOA_EPD5"",""CAR_ATC_M3_AL24477_C0_HOA_EPD5""]","[""exact"",""exact"",""exact"",""lower_bound""]",True
cornea_x_platform_did,delta_dof50_width_d,(B0-C0)_RAD-(B0-C0)_HOA,ATC_M3_AL24477,,,5.0,0.5032892879665487,indeterminate,,,"[""CAR_ATC_M3_AL24477_B0_RAD_EPD5"",""CAR_ATC_M3_AL24477_C0_RAD_EPD5"",""CAR_ATC_M3_AL24477_B0_HOA_EPD5"",""CAR_ATC_M3_AL24477_C0_HOA_EPD5""]","[""exact"",""lower_bound"",""exact"",""lower_bound""]",True
pupil_sensitivity,delta_dof50_width_d,EPD5-EPD3,LB_AL2395,A0,WFS,,-0.1614131210051848,exact,-0.1614131210051848,-0.1614131210051848,"[""CAR_LB_AL2395_A0_WFS_EPD5"",""CAR_LB_AL2395_A0_WFS_EPD3""]","[""exact"",""exact""]",False
pupil_sensitivity,delta_dof50_width_d,EPD5-EPD3,LB_AL2395,A0,RAD,,-0.14940013493103899,exact,-0.14940013493103899,-0.14940013493103899,"[""CAR_LB_AL2395_A0_RAD_EPD5"",""CAR_LB_AL2395_A0_RAD_EPD3""]","[""exact"",""exact""]",False
pupil_sensitivity,delta_dof50_width_d,EPD5-EPD3,LB_AL2395,A0,HOA,,-0.9360380838189467,exact,-0.9360380838189467,-0.9360380838189467,"[""CAR_LB_AL2395_A0_HOA_EPD5"",""CAR_LB_AL2395_A0_HOA_EPD3""]","[""exact"",""exact""]",True
pupil_sensitivity,delta_dof50_width_d,EPD5-EPD3,LB_AL2395,B0,WFS,,-0.42863907423630154,upper_bound,,-0.42863907423630154,"[""CAR_LB_AL2395_B0_WFS_EPD5"",""CAR_LB_AL2395_B0_WFS_EPD3""]","[""exact"",""lower_bound""]",True
pupil_sensitivity,delta_dof50_width_d,EPD5-EPD3,LB_AL2395,B0,RAD,,-0.04910843054321523,exact,-0.04910843054321523,-0.04910843054321523,"[""CAR_LB_AL2395_B0_RAD_EPD5"",""CAR_LB_AL2395_B0_RAD_EPD3""]","[""exact"",""exact""]",True
pupil_sensitivity,delta_dof50_width_d,EPD5-EPD3,LB_AL2395,B0,HOA,,-0.9586986789839587,exact,-0.9586986789839587,-0.9586986789839587,"[""CAR_LB_AL2395_B0_HOA_EPD5"",""CAR_LB_AL2395_B0_HOA_EPD3""]","[""exact"",""exact""]",True
pupil_sensitivity,delta_dof50_width_d,EPD5-EPD3,LB_AL2395,C0,WFS,,-0.08401211160134225,exact,-0.08401211160134225,-0.08401211160134225,"[""CAR_LB_AL2395_C0_WFS_EPD5"",""CAR_LB_AL2395_C0_WFS_EPD3""]","[""exact"",""exact""]",False
pupil_sensitivity,delta_dof50_width_d,EPD5-EPD3,LB_AL2395,C0,RAD,,0.13568353360318108,lower_bound,0.13568353360318108,,"[""CAR_LB_AL2395_C0_RAD_EPD5"",""CAR_LB_AL2395_C0_RAD_EPD3""]","[""lower_bound"",""exact""]",False
pupil_sensitivity,delta_dof50_width_d,EPD5-EPD3,LB_AL2395,C0,HOA,,-0.780711456735192,exact,-0.780711456735192,-0.780711456735192,"[""CAR_LB_AL2395_C0_HOA_EPD5"",""CAR_LB_AL2395_C0_HOA_EPD3""]","[""exact"",""exact""]",False
pupil_sensitivity,delta_dof50_width_d,EPD5-EPD3,ATC_M3_AL24477,A0,WFS,,-0.15027258458540804,exact,-0.15027258458540804,-0.15027258458540804,"[""CAR_ATC_M3_AL24477_A0_WFS_EPD5"",""CAR_ATC_M3_AL24477_A0_WFS_EPD3""]","[""exact"",""exact""]",False
pupil_sensitivity,delta_dof50_width_d,EPD5-EPD3,ATC_M3_AL24477,A0,RAD,,-0.06595435241521086,exact,-0.06595435241521086,-0.06595435241521086,"[""CAR_ATC_M3_AL24477_A0_RAD_EPD5"",""CAR_ATC_M3_AL24477_A0_RAD_EPD3""]","[""exact"",""exact""]",False
pupil_sensitivity,delta_dof50_width_d,EPD5-EPD3,ATC_M3_AL24477,A0,HOA,,-0.8654973312025824,exact,-0.8654973312025824,-0.8654973312025824,"[""CAR_ATC_M3_AL24477_A0_HOA_EPD5"",""CAR_ATC_M3_AL24477_A0_HOA_EPD3""]","[""exact"",""exact""]",True
pupil_sensitivity,delta_dof50_width_d,EPD5-EPD3,ATC_M3_AL24477,B0,WFS,,-0.45268140776086896,upper_bound,,-0.45268140776086896,"[""CAR_ATC_M3_AL24477_B0_WFS_EPD5"",""CAR_ATC_M3_AL24477_B0_WFS_EPD3""]","[""exact"",""lower_bound""]",True
pupil_sensitivity,delta_dof50_width_d,EPD5-EPD3,ATC_M3_AL24477,B0,RAD,,-0.07638668203071475,exact,-0.07638668203071475,-0.07638668203071475,"[""CAR_ATC_M3_AL24477_B0_RAD_EPD5"",""CAR_ATC_M3_AL24477_B0_RAD_EPD3""]","[""exact"",""exact""]",True
pupil_sensitivity,delta_dof50_width_d,EPD5-EPD3,ATC_M3_AL24477,B0,HOA,,-0.9902272719180106,exact,-0.9902272719180106,-0.9902272719180106,"[""CAR_ATC_M3_AL24477_B0_HOA_EPD5"",""CAR_ATC_M3_AL24477_B0_HOA_EPD3""]","[""exact"",""exact""]",True
pupil_sensitivity,delta_dof50_width_d,EPD5-EPD3,ATC_M3_AL24477,C0,WFS,,-0.10501162899935446,exact,-0.10501162899935446,-0.10501162899935446,"[""CAR_ATC_M3_AL24477_C0_WFS_EPD5"",""CAR_ATC_M3_AL24477_C0_WFS_EPD3""]","[""exact"",""exact""]",False
pupil_sensitivity,delta_dof50_width_d,EPD5-EPD3,ATC_M3_AL24477,C0,RAD,,0.07674152485070751,lower_bound,0.07674152485070751,,"[""CAR_ATC_M3_AL24477_C0_RAD_EPD5"",""CAR_ATC_M3_AL24477_C0_RAD_EPD3""]","[""lower_bound"",""exact""]",False
pupil_sensitivity,delta_dof50_width_d,EPD5-EPD3,ATC_M3_AL24477,C0,HOA,,-0.26596503434096674,lower_bound,-0.26596503434096674,,"[""CAR_ATC_M3_AL24477_C0_HOA_EPD5"",""CAR_ATC_M3_AL24477_C0_HOA_EPD3""]","[""lower_bound"",""exact""]",False
base_sensitivity,delta_dof50_width_d,ATC-LB,,A0,WFS,3.0,-0.04691699331583066,exact,-0.04691699331583066,-0.04691699331583066,"[""CAR_ATC_M3_AL24477_A0_WFS_EPD3"",""CAR_LB_AL2395_A0_WFS_EPD3""]","[""exact"",""exact""]",False
base_sensitivity,delta_dof50_width_d,ATC-LB,,A0,WFS,5.0,-0.03577645689605391,exact,-0.03577645689605391,-0.03577645689605391,"[""CAR_ATC_M3_AL24477_A0_WFS_EPD5"",""CAR_LB_AL2395_A0_WFS_EPD5""]","[""exact"",""exact""]",False
base_sensitivity,delta_dof50_width_d,ATC-LB,,A0,RAD,3.0,0.013580332100021852,exact,0.013580332100021852,0.013580332100021852,"[""CAR_ATC_M3_AL24477_A0_RAD_EPD3"",""CAR_LB_AL2395_A0_RAD_EPD3""]","[""exact"",""exact""]",False
base_sensitivity,delta_dof50_width_d,ATC-LB,,A0,RAD,5.0,0.09702611461584998,exact,0.09702611461584998,0.09702611461584998,"[""CAR_ATC_M3_AL24477_A0_RAD_EPD5"",""CAR_LB_AL2395_A0_RAD_EPD5""]","[""exact"",""exact""]",False
base_sensitivity,delta_dof50_width_d,ATC-LB,,A0,HOA,3.0,-0.02799754082811645,exact,-0.02799754082811645,-0.02799754082811645,"[""CAR_ATC_M3_AL24477_A0_HOA_EPD3"",""CAR_LB_AL2395_A0_HOA_EPD3""]","[""exact"",""exact""]",False
base_sensitivity,delta_dof50_width_d,ATC-LB,,A0,HOA,5.0,0.042543211788247826,exact,0.042543211788247826,0.042543211788247826,"[""CAR_ATC_M3_AL24477_A0_HOA_EPD5"",""CAR_LB_AL2395_A0_HOA_EPD5""]","[""exact"",""exact""]",True
base_sensitivity,delta_dof50_width_d,ATC-LB,,B0,WFS,3.0,-0.030832075455465624,indeterminate,,,"[""CAR_ATC_M3_AL24477_B0_WFS_EPD3"",""CAR_LB_AL2395_B0_WFS_EPD3""]","[""lower_bound"",""lower_bound""]",False
base_sensitivity,delta_dof50_width_d,ATC-LB,,B0,WFS,5.0,-0.05487440898003304,exact,-0.05487440898003304,-0.05487440898003304,"[""CAR_ATC_M3_AL24477_B0_WFS_EPD5"",""CAR_LB_AL2395_B0_WFS_EPD5""]","[""exact"",""exact""]",True
base_sensitivity,delta_dof50_width_d,ATC-LB,,B0,RAD,3.0,-0.008161184205201732,exact,-0.008161184205201732,-0.008161184205201732,"[""CAR_ATC_M3_AL24477_B0_RAD_EPD3"",""CAR_LB_AL2395_B0_RAD_EPD3""]","[""exact"",""exact""]",False
base_sensitivity,delta_dof50_width_d,ATC-LB,,B0,RAD,5.0,-0.03543943569270125,exact,-0.03543943569270125,-0.03543943569270125,"[""CAR_ATC_M3_AL24477_B0_RAD_EPD5"",""CAR_LB_AL2395_B0_RAD_EPD5""]","[""exact"",""exact""]",True
base_sensitivity,delta_dof50_width_d,ATC-LB,,B0,HOA,3.0,-0.005432683324375298,exact,-0.005432683324375298,-0.005432683324375298,"[""CAR_ATC_M3_AL24477_B0_HOA_EPD3"",""CAR_LB_AL2395_B0_HOA_EPD3""]","[""exact"",""exact""]",False
base_sensitivity,delta_dof50_width_d,ATC-LB,,B0,HOA,5.0,-0.03696127625842727,exact,-0.03696127625842727,-0.03696127625842727,"[""CAR_ATC_M3_AL24477_B0_HOA_EPD5"",""CAR_LB_AL2395_B0_HOA_EPD5""]","[""exact"",""exact""]",True
base_sensitivity,delta_dof50_width_d,ATC-LB,,C0,WFS,3.0,-0.019522242579186777,exact,-0.019522242579186777,-0.019522242579186777,"[""CAR_ATC_M3_AL24477_C0_WFS_EPD3"",""CAR_LB_AL2395_C0_WFS_EPD3""]","[""exact"",""exact""]",False
base_sensitivity,delta_dof50_width_d,ATC-LB,,C0,WFS,5.0,-0.04052175997719898,exact,-0.04052175997719898,-0.04052175997719898,"[""CAR_ATC_M3_AL24477_C0_WFS_EPD5"",""CAR_LB_AL2395_C0_WFS_EPD5""]","[""exact"",""exact""]",False
base_sensitivity,delta_dof50_width_d,ATC-LB,,C0,RAD,3.0,0.047377347068514264,exact,0.047377347068514264,0.047377347068514264,"[""CAR_ATC_M3_AL24477_C0_RAD_EPD3"",""CAR_LB_AL2395_C0_RAD_EPD3""]","[""exact"",""exact""]",False
base_sensitivity,delta_dof50_width_d,ATC-LB,,C0,RAD,5.0,-0.01156466168395931,indeterminate,,,"[""CAR_ATC_M3_AL24477_C0_RAD_EPD5"",""CAR_LB_AL2395_C0_RAD_EPD5""]","[""lower_bound"",""lower_bound""]",False
base_sensitivity,delta_dof50_width_d,ATC-LB,,C0,HOA,3.0,-0.025276780599490123,exact,-0.025276780599490123,-0.025276780599490123,"[""CAR_ATC_M3_AL24477_C0_HOA_EPD3"",""CAR_LB_AL2395_C0_HOA_EPD3""]","[""exact"",""exact""]",False
base_sensitivity,delta_dof50_width_d,ATC-LB,,C0,HOA,5.0,0.4894696417947352,lower_bound,0.4894696417947352,,"[""CAR_ATC_M3_AL24477_C0_HOA_EPD5"",""CAR_LB_AL2395_C0_HOA_EPD5""]","[""lower_bound"",""exact""]",False
platform,delta_distance_peak_mtfa,WFS-RAD,LB_AL2395,A0,,3.0,0.1052583923400987,not_applicable,,,"[""CAR_LB_AL2395_A0_WFS_EPD3"",""CAR_LB_AL2395_A0_RAD_EPD3""]","[""exact"",""exact""]",False
platform,delta_distance_peak_mtfa,WFS-HOA,LB_AL2395,A0,,3.0,0.23717554818452236,not_applicable,,,"[""CAR_LB_AL2395_A0_WFS_EPD3"",""CAR_LB_AL2395_A0_HOA_EPD3""]","[""exact"",""exact""]",False
platform,delta_distance_peak_mtfa,RAD-HOA,LB_AL2395,A0,,3.0,0.13191715584442365,not_applicable,,,"[""CAR_LB_AL2395_A0_RAD_EPD3"",""CAR_LB_AL2395_A0_HOA_EPD3""]","[""exact"",""exact""]",False
platform,delta_distance_peak_mtfa,WFS-RAD,LB_AL2395,A0,,5.0,0.04604104264691761,not_applicable,,,"[""CAR_LB_AL2395_A0_WFS_EPD5"",""CAR_LB_AL2395_A0_RAD_EPD5""]","[""exact"",""exact""]",False
platform,delta_distance_peak_mtfa,WFS-HOA,LB_AL2395,A0,,5.0,0.029059745280003213,not_applicable,,,"[""CAR_LB_AL2395_A0_WFS_EPD5"",""CAR_LB_AL2395_A0_HOA_EPD5""]","[""exact"",""exact""]",True
platform,delta_distance_peak_mtfa,RAD-HOA,LB_AL2395,A0,,5.0,-0.016981297366914394,not_applicable,,,"[""CAR_LB_AL2395_A0_RAD_EPD5"",""CAR_LB_AL2395_A0_HOA_EPD5""]","[""exact"",""exact""]",True
platform,delta_distance_peak_mtfa,WFS-RAD,LB_AL2395,B0,,3.0,0.061271451860370585,not_applicable,,,"[""CAR_LB_AL2395_B0_WFS_EPD3"",""CAR_LB_AL2395_B0_RAD_EPD3""]","[""lower_bound"",""exact""]",False
platform,delta_distance_peak_mtfa,WFS-HOA,LB_AL2395,B0,,3.0,0.16600795289505532,not_applicable,,,"[""CAR_LB_AL2395_B0_WFS_EPD3"",""CAR_LB_AL2395_B0_HOA_EPD3""]","[""lower_bound"",""exact""]",False
platform,delta_distance_peak_mtfa,RAD-HOA,LB_AL2395,B0,,3.0,0.10473650103468474,not_applicable,,,"[""CAR_LB_AL2395_B0_RAD_EPD3"",""CAR_LB_AL2395_B0_HOA_EPD3""]","[""exact"",""exact""]",False
platform,delta_distance_peak_mtfa,WFS-RAD,LB_AL2395,B0,,5.0,0.030982712973567528,not_applicable,,,"[""CAR_LB_AL2395_B0_WFS_EPD5"",""CAR_LB_AL2395_B0_RAD_EPD5""]","[""exact"",""exact""]",True
platform,delta_distance_peak_mtfa,WFS-HOA,LB_AL2395,B0,,5.0,0.04840325449603261,not_applicable,,,"[""CAR_LB_AL2395_B0_WFS_EPD5"",""CAR_LB_AL2395_B0_HOA_EPD5""]","[""exact"",""exact""]",True
platform,delta_distance_peak_mtfa,RAD-HOA,LB_AL2395,B0,,5.0,0.017420541522465083,not_applicable,,,"[""CAR_LB_AL2395_B0_RAD_EPD5"",""CAR_LB_AL2395_B0_HOA_EPD5""]","[""exact"",""exact""]",True
platform,delta_distance_peak_mtfa,WFS-RAD,LB_AL2395,C0,,3.0,0.12182190949081995,not_applicable,,,"[""CAR_LB_AL2395_C0_WFS_EPD3"",""CAR_LB_AL2395_C0_RAD_EPD3""]","[""exact"",""exact""]",False
platform,delta_distance_peak_mtfa,WFS-HOA,LB_AL2395,C0,,3.0,0.2617830831108475,not_applicable,,,"[""CAR_LB_AL2395_C0_WFS_EPD3"",""CAR_LB_AL2395_C0_HOA_EPD3""]","[""exact"",""exact""]",False
platform,delta_distance_peak_mtfa,RAD-HOA,LB_AL2395,C0,,3.0,0.13996117362002758,not_applicable,,,"[""CAR_LB_AL2395_C0_RAD_EPD3"",""CAR_LB_AL2395_C0_HOA_EPD3""]","[""exact"",""exact""]",False
platform,delta_distance_peak_mtfa,WFS-RAD,LB_AL2395,C0,,5.0,0.07184988683761132,not_applicable,,,"[""CAR_LB_AL2395_C0_WFS_EPD5"",""CAR_LB_AL2395_C0_RAD_EPD5""]","[""exact"",""lower_bound""]",False
platform,delta_distance_peak_mtfa,WFS-HOA,LB_AL2395,C0,,5.0,0.05254485183748947,not_applicable,,,"[""CAR_LB_AL2395_C0_WFS_EPD5"",""CAR_LB_AL2395_C0_HOA_EPD5""]","[""exact"",""exact""]",False
platform,delta_distance_peak_mtfa,RAD-HOA,LB_AL2395,C0,,5.0,-0.019305035000121845,not_applicable,,,"[""CAR_LB_AL2395_C0_RAD_EPD5"",""CAR_LB_AL2395_C0_HOA_EPD5""]","[""lower_bound"",""exact""]",False
platform,delta_distance_peak_mtfa,WFS-RAD,ATC_M3_AL24477,A0,,3.0,0.11732039651734028,not_applicable,,,"[""CAR_ATC_M3_AL24477_A0_WFS_EPD3"",""CAR_ATC_M3_AL24477_A0_RAD_EPD3""]","[""exact"",""exact""]",False
platform,delta_distance_peak_mtfa,WFS-HOA,ATC_M3_AL24477,A0,,3.0,0.2526032236350889,not_applicable,,,"[""CAR_ATC_M3_AL24477_A0_WFS_EPD3"",""CAR_ATC_M3_AL24477_A0_HOA_EPD3""]","[""exact"",""exact""]",False
platform,delta_distance_peak_mtfa,RAD-HOA,ATC_M3_AL24477,A0,,3.0,0.13528282711774864,not_applicable,,,"[""CAR_ATC_M3_AL24477_A0_RAD_EPD3"",""CAR_ATC_M3_AL24477_A0_HOA_EPD3""]","[""exact"",""exact""]",False
platform,delta_distance_peak_mtfa,WFS-RAD,ATC_M3_AL24477,A0,,5.0,0.09060154723136371,not_applicable,,,"[""CAR_ATC_M3_AL24477_A0_WFS_EPD5"",""CAR_ATC_M3_AL24477_A0_RAD_EPD5""]","[""exact"",""exact""]",False
platform,delta_distance_peak_mtfa,WFS-HOA,ATC_M3_AL24477,A0,,5.0,0.02044340681816506,not_applicable,,,"[""CAR_ATC_M3_AL24477_A0_WFS_EPD5"",""CAR_ATC_M3_AL24477_A0_HOA_EPD5""]","[""exact"",""exact""]",True
platform,delta_distance_peak_mtfa,RAD-HOA,ATC_M3_AL24477,A0,,5.0,-0.07015814041319865,not_applicable,,,"[""CAR_ATC_M3_AL24477_A0_RAD_EPD5"",""CAR_ATC_M3_AL24477_A0_HOA_EPD5""]","[""exact"",""exact""]",True
platform,delta_distance_peak_mtfa,WFS-RAD,ATC_M3_AL24477,B0,,3.0,0.06950150349430817,not_applicable,,,"[""CAR_ATC_M3_AL24477_B0_WFS_EPD3"",""CAR_ATC_M3_AL24477_B0_RAD_EPD3""]","[""lower_bound"",""exact""]",False
platform,delta_distance_peak_mtfa,WFS-HOA,ATC_M3_AL24477,B0,,3.0,0.1769260413876328,not_applicable,,,"[""CAR_ATC_M3_AL24477_B0_WFS_EPD3"",""CAR_ATC_M3_AL24477_B0_HOA_EPD3""]","[""lower_bound"",""exact""]",False
platform,delta_distance_peak_mtfa,RAD-HOA,ATC_M3_AL24477,B0,,3.0,0.10742453789332462,not_applicable,,,"[""CAR_ATC_M3_AL24477_B0_RAD_EPD3"",""CAR_ATC_M3_AL24477_B0_HOA_EPD3""]","[""exact"",""exact""]",False
platform,delta_distance_peak_mtfa,WFS-RAD,ATC_M3_AL24477,B0,,5.0,0.033530222715366265,not_applicable,,,"[""CAR_ATC_M3_AL24477_B0_WFS_EPD5"",""CAR_ATC_M3_AL24477_B0_RAD_EPD5""]","[""exact"",""exact""]",True
platform,delta_distance_peak_mtfa,WFS-HOA,ATC_M3_AL24477,B0,,5.0,0.04901881797188795,not_applicable,,,"[""CAR_ATC_M3_AL24477_B0_WFS_EPD5"",""CAR_ATC_M3_AL24477_B0_HOA_EPD5""]","[""exact"",""exact""]",True
platform,delta_distance_peak_mtfa,RAD-HOA,ATC_M3_AL24477,B0,,5.0,0.015488595256521687,not_applicable,,,"[""CAR_ATC_M3_AL24477_B0_RAD_EPD5"",""CAR_ATC_M3_AL24477_B0_HOA_EPD5""]","[""exact"",""exact""]",True
platform,delta_distance_peak_mtfa,WFS-RAD,ATC_M3_AL24477,C0,,3.0,0.129185995988168,not_applicable,,,"[""CAR_ATC_M3_AL24477_C0_WFS_EPD3"",""CAR_ATC_M3_AL24477_C0_RAD_EPD3""]","[""exact"",""exact""]",False
platform,delta_distance_peak_mtfa,WFS-HOA,ATC_M3_AL24477,C0,,3.0,0.27096854042545043,not_applicable,,,"[""CAR_ATC_M3_AL24477_C0_WFS_EPD3"",""CAR_ATC_M3_AL24477_C0_HOA_EPD3""]","[""exact"",""exact""]",False
platform,delta_distance_peak_mtfa,RAD-HOA,ATC_M3_AL24477,C0,,3.0,0.14178254443728244,not_applicable,,,"[""CAR_ATC_M3_AL24477_C0_RAD_EPD3"",""CAR_ATC_M3_AL24477_C0_HOA_EPD3""]","[""exact"",""exact""]",False
platform,delta_distance_peak_mtfa,WFS-RAD,ATC_M3_AL24477,C0,,5.0,0.06788895883100962,not_applicable,,,"[""CAR_ATC_M3_AL24477_C0_WFS_EPD5"",""CAR_ATC_M3_AL24477_C0_RAD_EPD5""]","[""exact"",""lower_bound""]",False
platform,delta_distance_peak_mtfa,WFS-HOA,ATC_M3_AL24477,C0,,5.0,0.08342021923236739,not_applicable,,,"[""CAR_ATC_M3_AL24477_C0_WFS_EPD5"",""CAR_ATC_M3_AL24477_C0_HOA_EPD5""]","[""exact"",""lower_bound""]",False
platform,delta_distance_peak_mtfa,RAD-HOA,ATC_M3_AL24477,C0,,5.0,0.015531260401357772,not_applicable,,,"[""CAR_ATC_M3_AL24477_C0_RAD_EPD5"",""CAR_ATC_M3_AL24477_C0_HOA_EPD5""]","[""lower_bound"",""lower_bound""]",False
cornea,delta_distance_peak_mtfa,B0-A0,LB_AL2395,,WFS,3.0,-0.02900564285890278,not_applicable,,,"[""CAR_LB_AL2395_B0_WFS_EPD3"",""CAR_LB_AL2395_A0_WFS_EPD3""]","[""lower_bound"",""exact""]",False
cornea,delta_distance_peak_mtfa,C0-A0,LB_AL2395,,WFS,3.0,0.011961038333037244,not_applicable,,,"[""CAR_LB_AL2395_C0_WFS_EPD3"",""CAR_LB_AL2395_A0_WFS_EPD3""]","[""exact"",""exact""]",False
cornea,delta_distance_peak_mtfa,B0-C0,LB_AL2395,,WFS,3.0,-0.040966681191940024,not_applicable,,,"[""CAR_LB_AL2395_B0_WFS_EPD3"",""CAR_LB_AL2395_C0_WFS_EPD3""]","[""lower_bound"",""exact""]",False
cornea,delta_distance_peak_mtfa,B0-A0,LB_AL2395,,WFS,5.0,0.004866333483168395,not_applicable,,,"[""CAR_LB_AL2395_B0_WFS_EPD5"",""CAR_LB_AL2395_A0_WFS_EPD5""]","[""exact"",""exact""]",True
cornea,delta_distance_peak_mtfa,C0-A0,LB_AL2395,,WFS,5.0,-0.05861452956624125,not_applicable,,,"[""CAR_LB_AL2395_C0_WFS_EPD5"",""CAR_LB_AL2395_A0_WFS_EPD5""]","[""exact"",""exact""]",False
cornea,delta_distance_peak_mtfa,B0-C0,LB_AL2395,,WFS,5.0,0.06348086304940964,not_applicable,,,"[""CAR_LB_AL2395_B0_WFS_EPD5"",""CAR_LB_AL2395_C0_WFS_EPD5""]","[""exact"",""exact""]",True
cornea,delta_distance_peak_mtfa,B0-A0,LB_AL2395,,RAD,3.0,0.01498129762082534,not_applicable,,,"[""CAR_LB_AL2395_B0_RAD_EPD3"",""CAR_LB_AL2395_A0_RAD_EPD3""]","[""exact"",""exact""]",False
cornea,delta_distance_peak_mtfa,C0-A0,LB_AL2395,,RAD,3.0,-0.004602478817683997,not_applicable,,,"[""CAR_LB_AL2395_C0_RAD_EPD3"",""CAR_LB_AL2395_A0_RAD_EPD3""]","[""exact"",""exact""]",False
cornea,delta_distance_peak_mtfa,B0-C0,LB_AL2395,,RAD,3.0,0.019583776438509337,not_applicable,,,"[""CAR_LB_AL2395_B0_RAD_EPD3"",""CAR_LB_AL2395_C0_RAD_EPD3""]","[""exact"",""exact""]",False
cornea,delta_distance_peak_mtfa,B0-A0,LB_AL2395,,RAD,5.0,0.019924663156518474,not_applicable,,,"[""CAR_LB_AL2395_B0_RAD_EPD5"",""CAR_LB_AL2395_A0_RAD_EPD5""]","[""exact"",""exact""]",True
cornea,delta_distance_peak_mtfa,C0-A0,LB_AL2395,,RAD,5.0,-0.08442337375693496,not_applicable,,,"[""CAR_LB_AL2395_C0_RAD_EPD5"",""CAR_LB_AL2395_A0_RAD_EPD5""]","[""lower_bound"",""exact""]",False
cornea,delta_distance_peak_mtfa,B0-C0,LB_AL2395,,RAD,5.0,0.10434803691345343,not_applicable,,,"[""CAR_LB_AL2395_B0_RAD_EPD5"",""CAR_LB_AL2395_C0_RAD_EPD5""]","[""exact"",""lower_bound""]",True
cornea,delta_distance_peak_mtfa,B0-A0,LB_AL2395,,HOA,3.0,0.04216195243056425,not_applicable,,,"[""CAR_LB_AL2395_B0_HOA_EPD3"",""CAR_LB_AL2395_A0_HOA_EPD3""]","[""exact"",""exact""]",False
cornea,delta_distance_peak_mtfa,C0-A0,LB_AL2395,,HOA,3.0,-0.012646496593287926,not_applicable,,,"[""CAR_LB_AL2395_C0_HOA_EPD3"",""CAR_LB_AL2395_A0_HOA_EPD3""]","[""exact"",""exact""]",False
cornea,delta_distance_peak_mtfa,B0-C0,LB_AL2395,,HOA,3.0,0.05480844902385218,not_applicable,,,"[""CAR_LB_AL2395_B0_HOA_EPD3"",""CAR_LB_AL2395_C0_HOA_EPD3""]","[""exact"",""exact""]",False
cornea,delta_distance_peak_mtfa,B0-A0,LB_AL2395,,HOA,5.0,-0.014477175732861003,not_applicable,,,"[""CAR_LB_AL2395_B0_HOA_EPD5"",""CAR_LB_AL2395_A0_HOA_EPD5""]","[""exact"",""exact""]",True
cornea,delta_distance_peak_mtfa,C0-A0,LB_AL2395,,HOA,5.0,-0.0820996361237275,not_applicable,,,"[""CAR_LB_AL2395_C0_HOA_EPD5"",""CAR_LB_AL2395_A0_HOA_EPD5""]","[""exact"",""exact""]",True
cornea,delta_distance_peak_mtfa,B0-C0,LB_AL2395,,HOA,5.0,0.0676224603908665,not_applicable,,,"[""CAR_LB_AL2395_B0_HOA_EPD5"",""CAR_LB_AL2395_C0_HOA_EPD5""]","[""exact"",""exact""]",True
cornea,delta_distance_peak_mtfa,B0-A0,ATC_M3_AL24477,,WFS,3.0,-0.03549120404668776,not_applicable,,,"[""CAR_ATC_M3_AL24477_B0_WFS_EPD3"",""CAR_ATC_M3_AL24477_A0_WFS_EPD3""]","[""lower_bound"",""exact""]",False
cornea,delta_distance_peak_mtfa,C0-A0,ATC_M3_AL24477,,WFS,3.0,0.007229273219961252,not_applicable,,,"[""CAR_ATC_M3_AL24477_C0_WFS_EPD3"",""CAR_ATC_M3_AL24477_A0_WFS_EPD3""]","[""exact"",""exact""]",False
cornea,delta_distance_peak_mtfa,B0-C0,ATC_M3_AL24477,,WFS,3.0,-0.042720477266649015,not_applicable,,,"[""CAR_ATC_M3_AL24477_B0_WFS_EPD3"",""CAR_ATC_M3_AL24477_C0_WFS_EPD3""]","[""lower_bound"",""exact""]",False
cornea,delta_distance_peak_mtfa,B0-A0,ATC_M3_AL24477,,WFS,5.0,0.001728768599783631,not_applicable,,,"[""CAR_ATC_M3_AL24477_B0_WFS_EPD5"",""CAR_ATC_M3_AL24477_A0_WFS_EPD5""]","[""exact"",""exact""]",True
cornea,delta_distance_peak_mtfa,C0-A0,ATC_M3_AL24477,,WFS,5.0,-0.058927682504046064,not_applicable,,,"[""CAR_ATC_M3_AL24477_C0_WFS_EPD5"",""CAR_ATC_M3_AL24477_A0_WFS_EPD5""]","[""exact"",""exact""]",False
cornea,delta_distance_peak_mtfa,B0-C0,ATC_M3_AL24477,,WFS,5.0,0.060656451103829695,not_applicable,,,"[""CAR_ATC_M3_AL24477_B0_WFS_EPD5"",""CAR_ATC_M3_AL24477_C0_WFS_EPD5""]","[""exact"",""exact""]",True
cornea,delta_distance_peak_mtfa,B0-A0,ATC_M3_AL24477,,RAD,3.0,0.012327688976344342,not_applicable,,,"[""CAR_ATC_M3_AL24477_B0_RAD_EPD3"",""CAR_ATC_M3_AL24477_A0_RAD_EPD3""]","[""exact"",""exact""]",False
cornea,delta_distance_peak_mtfa,C0-A0,ATC_M3_AL24477,,RAD,3.0,-0.004636326250866463,not_applicable,,,"[""CAR_ATC_M3_AL24477_C0_RAD_EPD3"",""CAR_ATC_M3_AL24477_A0_RAD_EPD3""]","[""exact"",""exact""]",False
cornea,delta_distance_peak_mtfa,B0-C0,ATC_M3_AL24477,,RAD,3.0,0.016964015227210805,not_applicable,,,"[""CAR_ATC_M3_AL24477_B0_RAD_EPD3"",""CAR_ATC_M3_AL24477_C0_RAD_EPD3""]","[""exact"",""exact""]",False
cornea,delta_distance_peak_mtfa,B0-A0,ATC_M3_AL24477,,RAD,5.0,0.05880009311578108,not_applicable,,,"[""CAR_ATC_M3_AL24477_B0_RAD_EPD5"",""CAR_ATC_M3_AL24477_A0_RAD_EPD5""]","[""exact"",""exact""]",True
cornea,delta_distance_peak_mtfa,C0-A0,ATC_M3_AL24477,,RAD,5.0,-0.036215094103691975,not_applicable,,,"[""CAR_ATC_M3_AL24477_C0_RAD_EPD5"",""CAR_ATC_M3_AL24477_A0_RAD_EPD5""]","[""lower_bound"",""exact""]",False
cornea,delta_distance_peak_mtfa,B0-C0,ATC_M3_AL24477,,RAD,5.0,0.09501518721947305,not_applicable,,,"[""CAR_ATC_M3_AL24477_B0_RAD_EPD5"",""CAR_ATC_M3_AL24477_C0_RAD_EPD5""]","[""exact"",""lower_bound""]",True
cornea,delta_distance_peak_mtfa,B0-A0,ATC_M3_AL24477,,HOA,3.0,0.04018597820076836,not_applicable,,,"[""CAR_ATC_M3_AL24477_B0_HOA_EPD3"",""CAR_ATC_M3_AL24477_A0_HOA_EPD3""]","[""exact"",""exact""]",False
cornea,delta_distance_peak_mtfa,C0-A0,ATC_M3_AL24477,,HOA,3.0,-0.011136043570400267,not_applicable,,,"[""CAR_ATC_M3_AL24477_C0_HOA_EPD3"",""CAR_ATC_M3_AL24477_A0_HOA_EPD3""]","[""exact"",""exact""]",False
cornea,delta_distance_peak_mtfa,B0-C0,ATC_M3_AL24477,,HOA,3.0,0.051322021771168624,not_applicable,,,"[""CAR_ATC_M3_AL24477_B0_HOA_EPD3"",""CAR_ATC_M3_AL24477_C0_HOA_EPD3""]","[""exact"",""exact""]",False
cornea,delta_distance_peak_mtfa,B0-A0,ATC_M3_AL24477,,HOA,5.0,-0.02684664255393926,not_applicable,,,"[""CAR_ATC_M3_AL24477_B0_HOA_EPD5"",""CAR_ATC_M3_AL24477_A0_HOA_EPD5""]","[""exact"",""exact""]",True
cornea,delta_distance_peak_mtfa,C0-A0,ATC_M3_AL24477,,HOA,5.0,-0.1219044949182484,not_applicable,,,"[""CAR_ATC_M3_AL24477_C0_HOA_EPD5"",""CAR_ATC_M3_AL24477_A0_HOA_EPD5""]","[""lower_bound"",""exact""]",True
cornea,delta_distance_peak_mtfa,B0-C0,ATC_M3_AL24477,,HOA,5.0,0.09505785236430914,not_applicable,,,"[""CAR_ATC_M3_AL24477_B0_HOA_EPD5"",""CAR_ATC_M3_AL24477_C0_HOA_EPD5""]","[""exact"",""lower_bound""]",True
cornea_x_platform_did,delta_distance_peak_mtfa,(B0-A0)_WFS-(B0-A0)_RAD,LB_AL2395,,,3.0,-0.04398694047972812,not_applicable,,,"[""CAR_LB_AL2395_B0_WFS_EPD3"",""CAR_LB_AL2395_A0_WFS_EPD3"",""CAR_LB_AL2395_B0_RAD_EPD3"",""CAR_LB_AL2395_A0_RAD_EPD3""]","[""lower_bound"",""exact"",""exact"",""exact""]",False
cornea_x_platform_did,delta_distance_peak_mtfa,(B0-A0)_WFS-(B0-A0)_HOA,LB_AL2395,,,3.0,-0.07116759528946703,not_applicable,,,"[""CAR_LB_AL2395_B0_WFS_EPD3"",""CAR_LB_AL2395_A0_WFS_EPD3"",""CAR_LB_AL2395_B0_HOA_EPD3"",""CAR_LB_AL2395_A0_HOA_EPD3""]","[""lower_bound"",""exact"",""exact"",""exact""]",False
cornea_x_platform_did,delta_distance_peak_mtfa,(B0-A0)_RAD-(B0-A0)_HOA,LB_AL2395,,,3.0,-0.027180654809738913,not_applicable,,,"[""CAR_LB_AL2395_B0_RAD_EPD3"",""CAR_LB_AL2395_A0_RAD_EPD3"",""CAR_LB_AL2395_B0_HOA_EPD3"",""CAR_LB_AL2395_A0_HOA_EPD3""]","[""exact"",""exact"",""exact"",""exact""]",False
cornea_x_platform_did,delta_distance_peak_mtfa,(C0-A0)_WFS-(C0-A0)_RAD,LB_AL2395,,,3.0,0.01656351715072124,not_applicable,,,"[""CAR_LB_AL2395_C0_WFS_EPD3"",""CAR_LB_AL2395_A0_WFS_EPD3"",""CAR_LB_AL2395_C0_RAD_EPD3"",""CAR_LB_AL2395_A0_RAD_EPD3""]","[""exact"",""exact"",""exact"",""exact""]",False
cornea_x_platform_did,delta_distance_peak_mtfa,(C0-A0)_WFS-(C0-A0)_HOA,LB_AL2395,,,3.0,0.02460753492632517,not_applicable,,,"[""CAR_LB_AL2395_C0_WFS_EPD3"",""CAR_LB_AL2395_A0_WFS_EPD3"",""CAR_LB_AL2395_C0_HOA_EPD3"",""CAR_LB_AL2395_A0_HOA_EPD3""]","[""exact"",""exact"",""exact"",""exact""]",False
cornea_x_platform_did,delta_distance_peak_mtfa,(C0-A0)_RAD-(C0-A0)_HOA,LB_AL2395,,,3.0,0.008044017775603929,not_applicable,,,"[""CAR_LB_AL2395_C0_RAD_EPD3"",""CAR_LB_AL2395_A0_RAD_EPD3"",""CAR_LB_AL2395_C0_HOA_EPD3"",""CAR_LB_AL2395_A0_HOA_EPD3""]","[""exact"",""exact"",""exact"",""exact""]",False
cornea_x_platform_did,delta_distance_peak_mtfa,(B0-C0)_WFS-(B0-C0)_RAD,LB_AL2395,,,3.0,-0.06055045763044936,not_applicable,,,"[""CAR_LB_AL2395_B0_WFS_EPD3"",""CAR_LB_AL2395_C0_WFS_EPD3"",""CAR_LB_AL2395_B0_RAD_EPD3"",""CAR_LB_AL2395_C0_RAD_EPD3""]","[""lower_bound"",""exact"",""exact"",""exact""]",False
cornea_x_platform_did,delta_distance_peak_mtfa,(B0-C0)_WFS-(B0-C0)_HOA,LB_AL2395,,,3.0,-0.0957751302157922,not_applicable,,,"[""CAR_LB_AL2395_B0_WFS_EPD3"",""CAR_LB_AL2395_C0_WFS_EPD3"",""CAR_LB_AL2395_B0_HOA_EPD3"",""CAR_LB_AL2395_C0_HOA_EPD3""]","[""lower_bound"",""exact"",""exact"",""exact""]",False
cornea_x_platform_did,delta_distance_peak_mtfa,(B0-C0)_RAD-(B0-C0)_HOA,LB_AL2395,,,3.0,-0.03522467258534284,not_applicable,,,"[""CAR_LB_AL2395_B0_RAD_EPD3"",""CAR_LB_AL2395_C0_RAD_EPD3"",""CAR_LB_AL2395_B0_HOA_EPD3"",""CAR_LB_AL2395_C0_HOA_EPD3""]","[""exact"",""exact"",""exact"",""exact""]",False
cornea_x_platform_did,delta_distance_peak_mtfa,(B0-A0)_WFS-(B0-A0)_RAD,LB_AL2395,,,5.0,-0.01505832967335008,not_applicable,,,"[""CAR_LB_AL2395_B0_WFS_EPD5"",""CAR_LB_AL2395_A0_WFS_EPD5"",""CAR_LB_AL2395_B0_RAD_EPD5"",""CAR_LB_AL2395_A0_RAD_EPD5""]","[""exact"",""exact"",""exact"",""exact""]",True
cornea_x_platform_did,delta_distance_peak_mtfa,(B0-A0)_WFS-(B0-A0)_HOA,LB_AL2395,,,5.0,0.019343509216029398,not_applicable,,,"[""CAR_LB_AL2395_B0_WFS_EPD5"",""CAR_LB_AL2395_A0_WFS_EPD5"",""CAR_LB_AL2395_B0_HOA_EPD5"",""CAR_LB_AL2395_A0_HOA_EPD5""]","[""exact"",""exact"",""exact"",""exact""]",True
cornea_x_platform_did,delta_distance_peak_mtfa,(B0-A0)_RAD-(B0-A0)_HOA,LB_AL2395,,,5.0,0.03440183888937948,not_applicable,,,"[""CAR_LB_AL2395_B0_RAD_EPD5"",""CAR_LB_AL2395_A0_RAD_EPD5"",""CAR_LB_AL2395_B0_HOA_EPD5"",""CAR_LB_AL2395_A0_HOA_EPD5""]","[""exact"",""exact"",""exact"",""exact""]",True
cornea_x_platform_did,delta_distance_peak_mtfa,(C0-A0)_WFS-(C0-A0)_RAD,LB_AL2395,,,5.0,0.02580884419069371,not_applicable,,,"[""CAR_LB_AL2395_C0_WFS_EPD5"",""CAR_LB_AL2395_A0_WFS_EPD5"",""CAR_LB_AL2395_C0_RAD_EPD5"",""CAR_LB_AL2395_A0_RAD_EPD5""]","[""exact"",""exact"",""lower_bound"",""exact""]",False
cornea_x_platform_did,delta_distance_peak_mtfa,(C0-A0)_WFS-(C0-A0)_HOA,LB_AL2395,,,5.0,0.023485106557486257,not_applicable,,,"[""CAR_LB_AL2395_C0_WFS_EPD5"",""CAR_LB_AL2395_A0_WFS_EPD5"",""CAR_LB_AL2395_C0_HOA_EPD5"",""CAR_LB_AL2395_A0_HOA_EPD5""]","[""exact"",""exact"",""exact"",""exact""]",True
cornea_x_platform_did,delta_distance_peak_mtfa,(C0-A0)_RAD-(C0-A0)_HOA,LB_AL2395,,,5.0,-0.002323737633207451,not_applicable,,,"[""CAR_LB_AL2395_C0_RAD_EPD5"",""CAR_LB_AL2395_A0_RAD_EPD5"",""CAR_LB_AL2395_C0_HOA_EPD5"",""CAR_LB_AL2395_A0_HOA_EPD5""]","[""lower_bound"",""exact"",""exact"",""exact""]",True
cornea_x_platform_did,delta_distance_peak_mtfa,(B0-C0)_WFS-(B0-C0)_RAD,LB_AL2395,,,5.0,-0.04086717386404379,not_applicable,,,"[""CAR_LB_AL2395_B0_WFS_EPD5"",""CAR_LB_AL2395_C0_WFS_EPD5"",""CAR_LB_AL2395_B0_RAD_EPD5"",""CAR_LB_AL2395_C0_RAD_EPD5""]","[""exact"",""exact"",""exact"",""lower_bound""]",True
cornea_x_platform_did,delta_distance_peak_mtfa,(B0-C0)_WFS-(B0-C0)_HOA,LB_AL2395,,,5.0,-0.00414159734145686,not_applicable,,,"[""CAR_LB_AL2395_B0_WFS_EPD5"",""CAR_LB_AL2395_C0_WFS_EPD5"",""CAR_LB_AL2395_B0_HOA_EPD5"",""CAR_LB_AL2395_C0_HOA_EPD5""]","[""exact"",""exact"",""exact"",""exact""]",True
cornea_x_platform_did,delta_distance_peak_mtfa,(B0-C0)_RAD-(B0-C0)_HOA,LB_AL2395,,,5.0,0.03672557652258693,not_applicable,,,"[""CAR_LB_AL2395_B0_RAD_EPD5"",""CAR_LB_AL2395_C0_RAD_EPD5"",""CAR_LB_AL2395_B0_HOA_EPD5"",""CAR_LB_AL2395_C0_HOA_EPD5""]","[""exact"",""lower_bound"",""exact"",""exact""]",True
cornea_x_platform_did,delta_distance_peak_mtfa,(B0-A0)_WFS-(B0-A0)_RAD,ATC_M3_AL24477,,,3.0,-0.047818893023032105,not_applicable,,,"[""CAR_ATC_M3_AL24477_B0_WFS_EPD3"",""CAR_ATC_M3_AL24477_A0_WFS_EPD3"",""CAR_ATC_M3_AL24477_B0_RAD_EPD3"",""CAR_ATC_M3_AL24477_A0_RAD_EPD3""]","[""lower_bound"",""exact"",""exact"",""exact""]",False
cornea_x_platform_did,delta_distance_peak_mtfa,(B0-A0)_WFS-(B0-A0)_HOA,ATC_M3_AL24477,,,3.0,-0.07567718224745612,not_applicable,,,"[""CAR_ATC_M3_AL24477_B0_WFS_EPD3"",""CAR_ATC_M3_AL24477_A0_WFS_EPD3"",""CAR_ATC_M3_AL24477_B0_HOA_EPD3"",""CAR_ATC_M3_AL24477_A0_HOA_EPD3""]","[""lower_bound"",""exact"",""exact"",""exact""]",False
cornea_x_platform_did,delta_distance_peak_mtfa,(B0-A0)_RAD-(B0-A0)_HOA,ATC_M3_AL24477,,,3.0,-0.027858289224424015,not_applicable,,,"[""CAR_ATC_M3_AL24477_B0_RAD_EPD3"",""CAR_ATC_M3_AL24477_A0_RAD_EPD3"",""CAR_ATC_M3_AL24477_B0_HOA_EPD3"",""CAR_ATC_M3_AL24477_A0_HOA_EPD3""]","[""exact"",""exact"",""exact"",""exact""]",False
cornea_x_platform_did,delta_distance_peak_mtfa,(C0-A0)_WFS-(C0-A0)_RAD,ATC_M3_AL24477,,,3.0,0.011865599470827715,not_applicable,,,"[""CAR_ATC_M3_AL24477_C0_WFS_EPD3"",""CAR_ATC_M3_AL24477_A0_WFS_EPD3"",""CAR_ATC_M3_AL24477_C0_RAD_EPD3"",""CAR_ATC_M3_AL24477_A0_RAD_EPD3""]","[""exact"",""exact"",""exact"",""exact""]",False
cornea_x_platform_did,delta_distance_peak_mtfa,(C0-A0)_WFS-(C0-A0)_HOA,ATC_M3_AL24477,,,3.0,0.01836531679036152,not_applicable,,,"[""CAR_ATC_M3_AL24477_C0_WFS_EPD3"",""CAR_ATC_M3_AL24477_A0_WFS_EPD3"",""CAR_ATC_M3_AL24477_C0_HOA_EPD3"",""CAR_ATC_M3_AL24477_A0_HOA_EPD3""]","[""exact"",""exact"",""exact"",""exact""]",False
cornea_x_platform_did,delta_distance_peak_mtfa,(C0-A0)_RAD-(C0-A0)_HOA,ATC_M3_AL24477,,,3.0,0.006499717319533804,not_applicable,,,"[""CAR_ATC_M3_AL24477_C0_RAD_EPD3"",""CAR_ATC_M3_AL24477_A0_RAD_EPD3"",""CAR_ATC_M3_AL24477_C0_HOA_EPD3"",""CAR_ATC_M3_AL24477_A0_HOA_EPD3""]","[""exact"",""exact"",""exact"",""exact""]",False
cornea_x_platform_did,delta_distance_peak_mtfa,(B0-C0)_WFS-(B0-C0)_RAD,ATC_M3_AL24477,,,3.0,-0.05968449249385982,not_applicable,,,"[""CAR_ATC_M3_AL24477_B0_WFS_EPD3"",""CAR_ATC_M3_AL24477_C0_WFS_EPD3"",""CAR_ATC_M3_AL24477_B0_RAD_EPD3"",""CAR_ATC_M3_AL24477_C0_RAD_EPD3""]","[""lower_bound"",""exact"",""exact"",""exact""]",False
cornea_x_platform_did,delta_distance_peak_mtfa,(B0-C0)_WFS-(B0-C0)_HOA,ATC_M3_AL24477,,,3.0,-0.09404249903781764,not_applicable,,,"[""CAR_ATC_M3_AL24477_B0_WFS_EPD3"",""CAR_ATC_M3_AL24477_C0_WFS_EPD3"",""CAR_ATC_M3_AL24477_B0_HOA_EPD3"",""CAR_ATC_M3_AL24477_C0_HOA_EPD3""]","[""lower_bound"",""exact"",""exact"",""exact""]",False
cornea_x_platform_did,delta_distance_peak_mtfa,(B0-C0)_RAD-(B0-C0)_HOA,ATC_M3_AL24477,,,3.0,-0.03435800654395782,not_applicable,,,"[""CAR_ATC_M3_AL24477_B0_RAD_EPD3"",""CAR_ATC_M3_AL24477_C0_RAD_EPD3"",""CAR_ATC_M3_AL24477_B0_HOA_EPD3"",""CAR_ATC_M3_AL24477_C0_HOA_EPD3""]","[""exact"",""exact"",""exact"",""exact""]",False
cornea_x_platform_did,delta_distance_peak_mtfa,(B0-A0)_WFS-(B0-A0)_RAD,ATC_M3_AL24477,,,5.0,-0.057071324515997446,not_applicable,,,"[""CAR_ATC_M3_AL24477_B0_WFS_EPD5"",""CAR_ATC_M3_AL24477_A0_WFS_EPD5"",""CAR_ATC_M3_AL24477_B0_RAD_EPD5"",""CAR_ATC_M3_AL24477_A0_RAD_EPD5""]","[""exact"",""exact"",""exact"",""exact""]",True
cornea_x_platform_did,delta_distance_peak_mtfa,(B0-A0)_WFS-(B0-A0)_HOA,ATC_M3_AL24477,,,5.0,0.02857541115372289,not_applicable,,,"[""CAR_ATC_M3_AL24477_B0_WFS_EPD5"",""CAR_ATC_M3_AL24477_A0_WFS_EPD5"",""CAR_ATC_M3_AL24477_B0_HOA_EPD5"",""CAR_ATC_M3_AL24477_A0_HOA_EPD5""]","[""exact"",""exact"",""exact"",""exact""]",True
cornea_x_platform_did,delta_distance_peak_mtfa,(B0-A0)_RAD-(B0-A0)_HOA,ATC_M3_AL24477,,,5.0,0.08564673566972034,not_applicable,,,"[""CAR_ATC_M3_AL24477_B0_RAD_EPD5"",""CAR_ATC_M3_AL24477_A0_RAD_EPD5"",""CAR_ATC_M3_AL24477_B0_HOA_EPD5"",""CAR_ATC_M3_AL24477_A0_HOA_EPD5""]","[""exact"",""exact"",""exact"",""exact""]",True
cornea_x_platform_did,delta_distance_peak_mtfa,(C0-A0)_WFS-(C0-A0)_RAD,ATC_M3_AL24477,,,5.0,-0.02271258840035409,not_applicable,,,"[""CAR_ATC_M3_AL24477_C0_WFS_EPD5"",""CAR_ATC_M3_AL24477_A0_WFS_EPD5"",""CAR_ATC_M3_AL24477_C0_RAD_EPD5"",""CAR_ATC_M3_AL24477_A0_RAD_EPD5""]","[""exact"",""exact"",""lower_bound"",""exact""]",False
cornea_x_platform_did,delta_distance_peak_mtfa,(C0-A0)_WFS-(C0-A0)_HOA,ATC_M3_AL24477,,,5.0,0.06297681241420233,not_applicable,,,"[""CAR_ATC_M3_AL24477_C0_WFS_EPD5"",""CAR_ATC_M3_AL24477_A0_WFS_EPD5"",""CAR_ATC_M3_AL24477_C0_HOA_EPD5"",""CAR_ATC_M3_AL24477_A0_HOA_EPD5""]","[""exact"",""exact"",""lower_bound"",""exact""]",True
cornea_x_platform_did,delta_distance_peak_mtfa,(C0-A0)_RAD-(C0-A0)_HOA,ATC_M3_AL24477,,,5.0,0.08568940081455642,not_applicable,,,"[""CAR_ATC_M3_AL24477_C0_RAD_EPD5"",""CAR_ATC_M3_AL24477_A0_RAD_EPD5"",""CAR_ATC_M3_AL24477_C0_HOA_EPD5"",""CAR_ATC_M3_AL24477_A0_HOA_EPD5""]","[""lower_bound"",""exact"",""lower_bound"",""exact""]",True
cornea_x_platform_did,delta_distance_peak_mtfa,(B0-C0)_WFS-(B0-C0)_RAD,ATC_M3_AL24477,,,5.0,-0.03435873611564336,not_applicable,,,"[""CAR_ATC_M3_AL24477_B0_WFS_EPD5"",""CAR_ATC_M3_AL24477_C0_WFS_EPD5"",""CAR_ATC_M3_AL24477_B0_RAD_EPD5"",""CAR_ATC_M3_AL24477_C0_RAD_EPD5""]","[""exact"",""exact"",""exact"",""lower_bound""]",True
cornea_x_platform_did,delta_distance_peak_mtfa,(B0-C0)_WFS-(B0-C0)_HOA,ATC_M3_AL24477,,,5.0,-0.03440140126047944,not_applicable,,,"[""CAR_ATC_M3_AL24477_B0_WFS_EPD5"",""CAR_ATC_M3_AL24477_C0_WFS_EPD5"",""CAR_ATC_M3_AL24477_B0_HOA_EPD5"",""CAR_ATC_M3_AL24477_C0_HOA_EPD5""]","[""exact"",""exact"",""exact"",""lower_bound""]",True
cornea_x_platform_did,delta_distance_peak_mtfa,(B0-C0)_RAD-(B0-C0)_HOA,ATC_M3_AL24477,,,5.0,-4.2665144836084856e-05,not_applicable,,,"[""CAR_ATC_M3_AL24477_B0_RAD_EPD5"",""CAR_ATC_M3_AL24477_C0_RAD_EPD5"",""CAR_ATC_M3_AL24477_B0_HOA_EPD5"",""CAR_ATC_M3_AL24477_C0_HOA_EPD5""]","[""exact"",""lower_bound"",""exact"",""lower_bound""]",True
pupil_sensitivity,delta_distance_peak_mtfa,EPD5-EPD3,LB_AL2395,A0,WFS,,0.15724669286076504,not_applicable,,,"[""CAR_LB_AL2395_A0_WFS_EPD5"",""CAR_LB_AL2395_A0_WFS_EPD3""]","[""exact"",""exact""]",False
pupil_sensitivity,delta_distance_peak_mtfa,EPD5-EPD3,LB_AL2395,A0,RAD,,0.21646404255394613,not_applicable,,,"[""CAR_LB_AL2395_A0_RAD_EPD5"",""CAR_LB_AL2395_A0_RAD_EPD3""]","[""exact"",""exact""]",False
pupil_sensitivity,delta_distance_peak_mtfa,EPD5-EPD3,LB_AL2395,A0,HOA,,0.3653624957652842,not_applicable,,,"[""CAR_LB_AL2395_A0_HOA_EPD5"",""CAR_LB_AL2395_A0_HOA_EPD3""]","[""exact"",""exact""]",True
pupil_sensitivity,delta_distance_peak_mtfa,EPD5-EPD3,LB_AL2395,B0,WFS,,0.1911186692028362,not_applicable,,,"[""CAR_LB_AL2395_B0_WFS_EPD5"",""CAR_LB_AL2395_B0_WFS_EPD3""]","[""exact"",""lower_bound""]",True
pupil_sensitivity,delta_distance_peak_mtfa,EPD5-EPD3,LB_AL2395,B0,RAD,,0.22140740808963927,not_applicable,,,"[""CAR_LB_AL2395_B0_RAD_EPD5"",""CAR_LB_AL2395_B0_RAD_EPD3""]","[""exact"",""exact""]",True
pupil_sensitivity,delta_distance_peak_mtfa,EPD5-EPD3,LB_AL2395,B0,HOA,,0.3087233676018589,not_applicable,,,"[""CAR_LB_AL2395_B0_HOA_EPD5"",""CAR_LB_AL2395_B0_HOA_EPD3""]","[""exact"",""exact""]",True
pupil_sensitivity,delta_distance_peak_mtfa,EPD5-EPD3,LB_AL2395,C0,WFS,,0.08667112496148655,not_applicable,,,"[""CAR_LB_AL2395_C0_WFS_EPD5"",""CAR_LB_AL2395_C0_WFS_EPD3""]","[""exact"",""exact""]",False
pupil_sensitivity,delta_distance_peak_mtfa,EPD5-EPD3,LB_AL2395,C0,RAD,,0.13664314761469518,not_applicable,,,"[""CAR_LB_AL2395_C0_RAD_EPD5"",""CAR_LB_AL2395_C0_RAD_EPD3""]","[""lower_bound"",""exact""]",False
pupil_sensitivity,delta_distance_peak_mtfa,EPD5-EPD3,LB_AL2395,C0,HOA,,0.2959093562348446,not_applicable,,,"[""CAR_LB_AL2395_C0_HOA_EPD5"",""CAR_LB_AL2395_C0_HOA_EPD3""]","[""exact"",""exact""]",False
pupil_sensitivity,delta_distance_peak_mtfa,EPD5-EPD3,ATC_M3_AL24477,A0,WFS,,0.15098076067659633,not_applicable,,,"[""CAR_ATC_M3_AL24477_A0_WFS_EPD5"",""CAR_ATC_M3_AL24477_A0_WFS_EPD3""]","[""exact"",""exact""]",False
pupil_sensitivity,delta_distance_peak_mtfa,EPD5-EPD3,ATC_M3_AL24477,A0,RAD,,0.1776996099625729,not_applicable,,,"[""CAR_ATC_M3_AL24477_A0_RAD_EPD5"",""CAR_ATC_M3_AL24477_A0_RAD_EPD3""]","[""exact"",""exact""]",False
pupil_sensitivity,delta_distance_peak_mtfa,EPD5-EPD3,ATC_M3_AL24477,A0,HOA,,0.38314057749352015,not_applicable,,,"[""CAR_ATC_M3_AL24477_A0_HOA_EPD5"",""CAR_ATC_M3_AL24477_A0_HOA_EPD3""]","[""exact"",""exact""]",True
pupil_sensitivity,delta_distance_peak_mtfa,EPD5-EPD3,ATC_M3_AL24477,B0,WFS,,0.18820073332306772,not_applicable,,,"[""CAR_ATC_M3_AL24477_B0_WFS_EPD5"",""CAR_ATC_M3_AL24477_B0_WFS_EPD3""]","[""exact"",""lower_bound""]",True
pupil_sensitivity,delta_distance_peak_mtfa,EPD5-EPD3,ATC_M3_AL24477,B0,RAD,,0.22417201410200963,not_applicable,,,"[""CAR_ATC_M3_AL24477_B0_RAD_EPD5"",""CAR_ATC_M3_AL24477_B0_RAD_EPD3""]","[""exact"",""exact""]",True
pupil_sensitivity,delta_distance_peak_mtfa,EPD5-EPD3,ATC_M3_AL24477,B0,HOA,,0.31610795673881253,not_applicable,,,"[""CAR_ATC_M3_AL24477_B0_HOA_EPD5"",""CAR_ATC_M3_AL24477_B0_HOA_EPD3""]","[""exact"",""exact""]",True
pupil_sensitivity,delta_distance_peak_mtfa,EPD5-EPD3,ATC_M3_AL24477,C0,WFS,,0.08482380495258901,not_applicable,,,"[""CAR_ATC_M3_AL24477_C0_WFS_EPD5"",""CAR_ATC_M3_AL24477_C0_WFS_EPD3""]","[""exact"",""exact""]",False
pupil_sensitivity,delta_distance_peak_mtfa,EPD5-EPD3,ATC_M3_AL24477,C0,RAD,,0.14612084210974738,not_applicable,,,"[""CAR_ATC_M3_AL24477_C0_RAD_EPD5"",""CAR_ATC_M3_AL24477_C0_RAD_EPD3""]","[""lower_bound"",""exact""]",False
pupil_sensitivity,delta_distance_peak_mtfa,EPD5-EPD3,ATC_M3_AL24477,C0,HOA,,0.2723721261456721,not_applicable,,,"[""CAR_ATC_M3_AL24477_C0_HOA_EPD5"",""CAR_ATC_M3_AL24477_C0_HOA_EPD3""]","[""lower_bound"",""exact""]",False
base_sensitivity,delta_distance_peak_mtfa,ATC-LB,,A0,WFS,3.0,0.00986057253627981,not_applicable,,,"[""CAR_ATC_M3_AL24477_A0_WFS_EPD3"",""CAR_LB_AL2395_A0_WFS_EPD3""]","[""exact"",""exact""]",False
base_sensitivity,delta_distance_peak_mtfa,ATC-LB,,A0,WFS,5.0,0.0035946403521111003,not_applicable,,,"[""CAR_ATC_M3_AL24477_A0_WFS_EPD5"",""CAR_LB_AL2395_A0_WFS_EPD5""]","[""exact"",""exact""]",False
base_sensitivity,delta_distance_peak_mtfa,ATC-LB,,A0,RAD,3.0,-0.0022014316409617596,not_applicable,,,"[""CAR_ATC_M3_AL24477_A0_RAD_EPD3"",""CAR_LB_AL2395_A0_RAD_EPD3""]","[""exact"",""exact""]",False
base_sensitivity,delta_distance_peak_mtfa,ATC-LB,,A0,RAD,5.0,-0.040965864232335,not_applicable,,,"[""CAR_ATC_M3_AL24477_A0_RAD_EPD5"",""CAR_LB_AL2395_A0_RAD_EPD5""]","[""exact"",""exact""]",False
base_sensitivity,delta_distance_peak_mtfa,ATC-LB,,A0,HOA,3.0,-0.005567102914286748,not_applicable,,,"[""CAR_ATC_M3_AL24477_A0_HOA_EPD3"",""CAR_LB_AL2395_A0_HOA_EPD3""]","[""exact"",""exact""]",False
base_sensitivity,delta_distance_peak_mtfa,ATC-LB,,A0,HOA,5.0,0.012210978813949253,not_applicable,,,"[""CAR_ATC_M3_AL24477_A0_HOA_EPD5"",""CAR_LB_AL2395_A0_HOA_EPD5""]","[""exact"",""exact""]",True
base_sensitivity,delta_distance_peak_mtfa,ATC-LB,,B0,WFS,3.0,0.0033750113484948274,not_applicable,,,"[""CAR_ATC_M3_AL24477_B0_WFS_EPD3"",""CAR_LB_AL2395_B0_WFS_EPD3""]","[""lower_bound"",""lower_bound""]",False
base_sensitivity,delta_distance_peak_mtfa,ATC-LB,,B0,WFS,5.0,0.00045707546872633675,not_applicable,,,"[""CAR_ATC_M3_AL24477_B0_WFS_EPD5"",""CAR_LB_AL2395_B0_WFS_EPD5""]","[""exact"",""exact""]",True
base_sensitivity,delta_distance_peak_mtfa,ATC-LB,,B0,RAD,3.0,-0.004855040285442758,not_applicable,,,"[""CAR_ATC_M3_AL24477_B0_RAD_EPD3"",""CAR_LB_AL2395_B0_RAD_EPD3""]","[""exact"",""exact""]",False
base_sensitivity,delta_distance_peak_mtfa,ATC-LB,,B0,RAD,5.0,-0.0020904342730724,not_applicable,,,"[""CAR_ATC_M3_AL24477_B0_RAD_EPD5"",""CAR_LB_AL2395_B0_RAD_EPD5""]","[""exact"",""exact""]",True
base_sensitivity,delta_distance_peak_mtfa,ATC-LB,,B0,HOA,3.0,-0.007543077144082644,not_applicable,,,"[""CAR_ATC_M3_AL24477_B0_HOA_EPD3"",""CAR_LB_AL2395_B0_HOA_EPD3""]","[""exact"",""exact""]",False
base_sensitivity,delta_distance_peak_mtfa,ATC-LB,,B0,HOA,5.0,-0.00015848800712900402,not_applicable,,,"[""CAR_ATC_M3_AL24477_B0_HOA_EPD5"",""CAR_LB_AL2395_B0_HOA_EPD5""]","[""exact"",""exact""]",True
base_sensitivity,delta_distance_peak_mtfa,ATC-LB,,C0,WFS,3.0,0.005128807423203818,not_applicable,,,"[""CAR_ATC_M3_AL24477_C0_WFS_EPD3"",""CAR_LB_AL2395_C0_WFS_EPD3""]","[""exact"",""exact""]",False
base_sensitivity,delta_distance_peak_mtfa,ATC-LB,,C0,WFS,5.0,0.0032814874143062833,not_applicable,,,"[""CAR_ATC_M3_AL24477_C0_WFS_EPD5"",""CAR_LB_AL2395_C0_WFS_EPD5""]","[""exact"",""exact""]",False
base_sensitivity,delta_distance_peak_mtfa,ATC-LB,,C0,RAD,3.0,-0.0022352790741442252,not_applicable,,,"[""CAR_ATC_M3_AL24477_C0_RAD_EPD3"",""CAR_LB_AL2395_C0_RAD_EPD3""]","[""exact"",""exact""]",False
base_sensitivity,delta_distance_peak_mtfa,ATC-LB,,C0,RAD,5.0,0.007242415420907977,not_applicable,,,"[""CAR_ATC_M3_AL24477_C0_RAD_EPD5"",""CAR_LB_AL2395_C0_RAD_EPD5""]","[""lower_bound"",""lower_bound""]",False
base_sensitivity,delta_distance_peak_mtfa,ATC-LB,,C0,HOA,3.0,-0.004056649891399089,not_applicable,,,"[""CAR_ATC_M3_AL24477_C0_HOA_EPD3"",""CAR_LB_AL2395_C0_HOA_EPD3""]","[""exact"",""exact""]",False
base_sensitivity,delta_distance_peak_mtfa,ATC-LB,,C0,HOA,5.0,-0.02759387998057164,not_applicable,,,"[""CAR_ATC_M3_AL24477_C0_HOA_EPD5"",""CAR_LB_AL2395_C0_HOA_EPD5""]","[""lower_bound"",""exact""]",False
platform,delta_mtfa_at_zero_d,WFS-RAD,LB_AL2395,A0,,3.0,0.1052583923400987,not_applicable,,,"[""CAR_LB_AL2395_A0_WFS_EPD3"",""CAR_LB_AL2395_A0_RAD_EPD3""]","[""exact"",""exact""]",False
platform,delta_mtfa_at_zero_d,WFS-HOA,LB_AL2395,A0,,3.0,0.2952464866106026,not_applicable,,,"[""CAR_LB_AL2395_A0_WFS_EPD3"",""CAR_LB_AL2395_A0_HOA_EPD3""]","[""exact"",""exact""]",False
platform,delta_mtfa_at_zero_d,RAD-HOA,LB_AL2395,A0,,3.0,0.1899880942705039,not_applicable,,,"[""CAR_LB_AL2395_A0_RAD_EPD3"",""CAR_LB_AL2395_A0_HOA_EPD3""]","[""exact"",""exact""]",False
platform,delta_mtfa_at_zero_d,WFS-RAD,LB_AL2395,A0,,5.0,-0.01999827473932575,not_applicable,,,"[""CAR_LB_AL2395_A0_WFS_EPD5"",""CAR_LB_AL2395_A0_RAD_EPD5""]","[""exact"",""exact""]",False
platform,delta_mtfa_at_zero_d,WFS-HOA,LB_AL2395,A0,,5.0,0.09300467863666628,not_applicable,,,"[""CAR_LB_AL2395_A0_WFS_EPD5"",""CAR_LB_AL2395_A0_HOA_EPD5""]","[""exact"",""exact""]",True
platform,delta_mtfa_at_zero_d,RAD-HOA,LB_AL2395,A0,,5.0,0.11300295337599203,not_applicable,,,"[""CAR_LB_AL2395_A0_RAD_EPD5"",""CAR_LB_AL2395_A0_HOA_EPD5""]","[""exact"",""exact""]",True
platform,delta_mtfa_at_zero_d,WFS-RAD,LB_AL2395,B0,,3.0,0.061271451860370585,not_applicable,,,"[""CAR_LB_AL2395_B0_WFS_EPD3"",""CAR_LB_AL2395_B0_RAD_EPD3""]","[""lower_bound"",""exact""]",False
platform,delta_mtfa_at_zero_d,WFS-HOA,LB_AL2395,B0,,3.0,0.2256115017585406,not_applicable,,,"[""CAR_LB_AL2395_B0_WFS_EPD3"",""CAR_LB_AL2395_B0_HOA_EPD3""]","[""lower_bound"",""exact""]",False
platform,delta_mtfa_at_zero_d,RAD-HOA,LB_AL2395,B0,,3.0,0.16434004989817003,not_applicable,,,"[""CAR_LB_AL2395_B0_RAD_EPD3"",""CAR_LB_AL2395_B0_HOA_EPD3""]","[""exact"",""exact""]",False
platform,delta_mtfa_at_zero_d,WFS-RAD,LB_AL2395,B0,,5.0,-0.0059968307813598465,not_applicable,,,"[""CAR_LB_AL2395_B0_WFS_EPD5"",""CAR_LB_AL2395_B0_RAD_EPD5""]","[""exact"",""exact""]",True
platform,delta_mtfa_at_zero_d,WFS-HOA,LB_AL2395,B0,,5.0,0.06508275401955832,not_applicable,,,"[""CAR_LB_AL2395_B0_WFS_EPD5"",""CAR_LB_AL2395_B0_HOA_EPD5""]","[""exact"",""exact""]",True
platform,delta_mtfa_at_zero_d,RAD-HOA,LB_AL2395,B0,,5.0,0.07107958480091817,not_applicable,,,"[""CAR_LB_AL2395_B0_RAD_EPD5"",""CAR_LB_AL2395_B0_HOA_EPD5""]","[""exact"",""exact""]",True
platform,delta_mtfa_at_zero_d,WFS-RAD,LB_AL2395,C0,,3.0,0.12182190949081995,not_applicable,,,"[""CAR_LB_AL2395_C0_WFS_EPD3"",""CAR_LB_AL2395_C0_RAD_EPD3""]","[""exact"",""exact""]",False
platform,delta_mtfa_at_zero_d,WFS-HOA,LB_AL2395,C0,,3.0,0.31860636806925197,not_applicable,,,"[""CAR_LB_AL2395_C0_WFS_EPD3"",""CAR_LB_AL2395_C0_HOA_EPD3""]","[""exact"",""exact""]",False
platform,delta_mtfa_at_zero_d,RAD-HOA,LB_AL2395,C0,,3.0,0.19678445857843202,not_applicable,,,"[""CAR_LB_AL2395_C0_RAD_EPD3"",""CAR_LB_AL2395_C0_HOA_EPD3""]","[""exact"",""exact""]",False
platform,delta_mtfa_at_zero_d,WFS-RAD,LB_AL2395,C0,,5.0,0.07184988683761132,not_applicable,,,"[""CAR_LB_AL2395_C0_WFS_EPD5"",""CAR_LB_AL2395_C0_RAD_EPD5""]","[""exact"",""lower_bound""]",False
platform,delta_mtfa_at_zero_d,WFS-HOA,LB_AL2395,C0,,5.0,0.1256333247785002,not_applicable,,,"[""CAR_LB_AL2395_C0_WFS_EPD5"",""CAR_LB_AL2395_C0_HOA_EPD5""]","[""exact"",""exact""]",False
platform,delta_mtfa_at_zero_d,RAD-HOA,LB_AL2395,C0,,5.0,0.053783437940888884,not_applicable,,,"[""CAR_LB_AL2395_C0_RAD_EPD5"",""CAR_LB_AL2395_C0_HOA_EPD5""]","[""lower_bound"",""exact""]",False
platform,delta_mtfa_at_zero_d,WFS-RAD,ATC_M3_AL24477,A0,,3.0,0.11732039651734028,not_applicable,,,"[""CAR_ATC_M3_AL24477_A0_WFS_EPD3"",""CAR_ATC_M3_AL24477_A0_RAD_EPD3""]","[""exact"",""exact""]",False
platform,delta_mtfa_at_zero_d,WFS-HOA,ATC_M3_AL24477,A0,,3.0,0.3101864788250144,not_applicable,,,"[""CAR_ATC_M3_AL24477_A0_WFS_EPD3"",""CAR_ATC_M3_AL24477_A0_HOA_EPD3""]","[""exact"",""exact""]",False
platform,delta_mtfa_at_zero_d,RAD-HOA,ATC_M3_AL24477,A0,,3.0,0.1928660823076741,not_applicable,,,"[""CAR_ATC_M3_AL24477_A0_RAD_EPD3"",""CAR_ATC_M3_AL24477_A0_HOA_EPD3""]","[""exact"",""exact""]",False
platform,delta_mtfa_at_zero_d,WFS-RAD,ATC_M3_AL24477,A0,,5.0,-0.011123944816847753,not_applicable,,,"[""CAR_ATC_M3_AL24477_A0_WFS_EPD5"",""CAR_ATC_M3_AL24477_A0_RAD_EPD5""]","[""exact"",""exact""]",False
platform,delta_mtfa_at_zero_d,WFS-HOA,ATC_M3_AL24477,A0,,5.0,0.1010397813139624,not_applicable,,,"[""CAR_ATC_M3_AL24477_A0_WFS_EPD5"",""CAR_ATC_M3_AL24477_A0_HOA_EPD5""]","[""exact"",""exact""]",True
platform,delta_mtfa_at_zero_d,RAD-HOA,ATC_M3_AL24477,A0,,5.0,0.11216372613081016,not_applicable,,,"[""CAR_ATC_M3_AL24477_A0_RAD_EPD5"",""CAR_ATC_M3_AL24477_A0_HOA_EPD5""]","[""exact"",""exact""]",True
platform,delta_mtfa_at_zero_d,WFS-RAD,ATC_M3_AL24477,B0,,3.0,0.06950150349430817,not_applicable,,,"[""CAR_ATC_M3_AL24477_B0_WFS_EPD3"",""CAR_ATC_M3_AL24477_B0_RAD_EPD3""]","[""lower_bound"",""exact""]",False
platform,delta_mtfa_at_zero_d,WFS-HOA,ATC_M3_AL24477,B0,,3.0,0.23645632798561128,not_applicable,,,"[""CAR_ATC_M3_AL24477_B0_WFS_EPD3"",""CAR_ATC_M3_AL24477_B0_HOA_EPD3""]","[""lower_bound"",""exact""]",False
platform,delta_mtfa_at_zero_d,RAD-HOA,ATC_M3_AL24477,B0,,3.0,0.1669548244913031,not_applicable,,,"[""CAR_ATC_M3_AL24477_B0_RAD_EPD3"",""CAR_ATC_M3_AL24477_B0_HOA_EPD3""]","[""exact"",""exact""]",False
platform,delta_mtfa_at_zero_d,WFS-RAD,ATC_M3_AL24477,B0,,5.0,-0.017962769267534262,not_applicable,,,"[""CAR_ATC_M3_AL24477_B0_WFS_EPD5"",""CAR_ATC_M3_AL24477_B0_RAD_EPD5""]","[""exact"",""exact""]",True
platform,delta_mtfa_at_zero_d,WFS-HOA,ATC_M3_AL24477,B0,,5.0,0.06542653237845242,not_applicable,,,"[""CAR_ATC_M3_AL24477_B0_WFS_EPD5"",""CAR_ATC_M3_AL24477_B0_HOA_EPD5""]","[""exact"",""exact""]",True
platform,delta_mtfa_at_zero_d,RAD-HOA,ATC_M3_AL24477,B0,,5.0,0.08338930164598668,not_applicable,,,"[""CAR_ATC_M3_AL24477_B0_RAD_EPD5"",""CAR_ATC_M3_AL24477_B0_HOA_EPD5""]","[""exact"",""exact""]",True
platform,delta_mtfa_at_zero_d,WFS-RAD,ATC_M3_AL24477,C0,,3.0,0.129185995988168,not_applicable,,,"[""CAR_ATC_M3_AL24477_C0_WFS_EPD3"",""CAR_ATC_M3_AL24477_C0_RAD_EPD3""]","[""exact"",""exact""]",False
platform,delta_mtfa_at_zero_d,WFS-HOA,ATC_M3_AL24477,C0,,3.0,0.3273680985329222,not_applicable,,,"[""CAR_ATC_M3_AL24477_C0_WFS_EPD3"",""CAR_ATC_M3_AL24477_C0_HOA_EPD3""]","[""exact"",""exact""]",False
platform,delta_mtfa_at_zero_d,RAD-HOA,ATC_M3_AL24477,C0,,3.0,0.1981821025447542,not_applicable,,,"[""CAR_ATC_M3_AL24477_C0_RAD_EPD3"",""CAR_ATC_M3_AL24477_C0_HOA_EPD3""]","[""exact"",""exact""]",False
platform,delta_mtfa_at_zero_d,WFS-RAD,ATC_M3_AL24477,C0,,5.0,0.06788895883100962,not_applicable,,,"[""CAR_ATC_M3_AL24477_C0_WFS_EPD5"",""CAR_ATC_M3_AL24477_C0_RAD_EPD5""]","[""exact"",""lower_bound""]",False
platform,delta_mtfa_at_zero_d,WFS-HOA,ATC_M3_AL24477,C0,,5.0,0.13757391770379634,not_applicable,,,"[""CAR_ATC_M3_AL24477_C0_WFS_EPD5"",""CAR_ATC_M3_AL24477_C0_HOA_EPD5""]","[""exact"",""lower_bound""]",False
platform,delta_mtfa_at_zero_d,RAD-HOA,ATC_M3_AL24477,C0,,5.0,0.06968495887278672,not_applicable,,,"[""CAR_ATC_M3_AL24477_C0_RAD_EPD5"",""CAR_ATC_M3_AL24477_C0_HOA_EPD5""]","[""lower_bound"",""lower_bound""]",False
cornea,delta_mtfa_at_zero_d,B0-A0,LB_AL2395,,WFS,3.0,-0.02900564285890278,not_applicable,,,"[""CAR_LB_AL2395_B0_WFS_EPD3"",""CAR_LB_AL2395_A0_WFS_EPD3""]","[""lower_bound"",""exact""]",False
cornea,delta_mtfa_at_zero_d,C0-A0,LB_AL2395,,WFS,3.0,0.011961038333037244,not_applicable,,,"[""CAR_LB_AL2395_C0_WFS_EPD3"",""CAR_LB_AL2395_A0_WFS_EPD3""]","[""exact"",""exact""]",False
cornea,delta_mtfa_at_zero_d,B0-C0,LB_AL2395,,WFS,3.0,-0.040966681191940024,not_applicable,,,"[""CAR_LB_AL2395_B0_WFS_EPD3"",""CAR_LB_AL2395_C0_WFS_EPD3""]","[""lower_bound"",""exact""]",False
cornea,delta_mtfa_at_zero_d,B0-A0,LB_AL2395,,WFS,5.0,-0.0023774548898243264,not_applicable,,,"[""CAR_LB_AL2395_B0_WFS_EPD5"",""CAR_LB_AL2395_A0_WFS_EPD5""]","[""exact"",""exact""]",True
cornea,delta_mtfa_at_zero_d,C0-A0,LB_AL2395,,WFS,5.0,-0.004689281902353182,not_applicable,,,"[""CAR_LB_AL2395_C0_WFS_EPD5"",""CAR_LB_AL2395_A0_WFS_EPD5""]","[""exact"",""exact""]",False
cornea,delta_mtfa_at_zero_d,B0-C0,LB_AL2395,,WFS,5.0,0.0023118270125288554,not_applicable,,,"[""CAR_LB_AL2395_B0_WFS_EPD5"",""CAR_LB_AL2395_C0_WFS_EPD5""]","[""exact"",""exact""]",True
cornea,delta_mtfa_at_zero_d,B0-A0,LB_AL2395,,RAD,3.0,0.01498129762082534,not_applicable,,,"[""CAR_LB_AL2395_B0_RAD_EPD3"",""CAR_LB_AL2395_A0_RAD_EPD3""]","[""exact"",""exact""]",False
cornea,delta_mtfa_at_zero_d,C0-A0,LB_AL2395,,RAD,3.0,-0.004602478817683997,not_applicable,,,"[""CAR_LB_AL2395_C0_RAD_EPD3"",""CAR_LB_AL2395_A0_RAD_EPD3""]","[""exact"",""exact""]",False
cornea,delta_mtfa_at_zero_d,B0-C0,LB_AL2395,,RAD,3.0,0.019583776438509337,not_applicable,,,"[""CAR_LB_AL2395_B0_RAD_EPD3"",""CAR_LB_AL2395_C0_RAD_EPD3""]","[""exact"",""exact""]",False
cornea,delta_mtfa_at_zero_d,B0-A0,LB_AL2395,,RAD,5.0,-0.01637889884779023,not_applicable,,,"[""CAR_LB_AL2395_B0_RAD_EPD5"",""CAR_LB_AL2395_A0_RAD_EPD5""]","[""exact"",""exact""]",True
cornea,delta_mtfa_at_zero_d,C0-A0,LB_AL2395,,RAD,5.0,-0.09653744347929025,not_applicable,,,"[""CAR_LB_AL2395_C0_RAD_EPD5"",""CAR_LB_AL2395_A0_RAD_EPD5""]","[""lower_bound"",""exact""]",False
cornea,delta_mtfa_at_zero_d,B0-C0,LB_AL2395,,RAD,5.0,0.08015854463150002,not_applicable,,,"[""CAR_LB_AL2395_B0_RAD_EPD5"",""CAR_LB_AL2395_C0_RAD_EPD5""]","[""exact"",""lower_bound""]",True
cornea,delta_mtfa_at_zero_d,B0-A0,LB_AL2395,,HOA,3.0,0.04062934199315921,not_applicable,,,"[""CAR_LB_AL2395_B0_HOA_EPD3"",""CAR_LB_AL2395_A0_HOA_EPD3""]","[""exact"",""exact""]",False
cornea,delta_mtfa_at_zero_d,C0-A0,LB_AL2395,,HOA,3.0,-0.011398843125612124,not_applicable,,,"[""CAR_LB_AL2395_C0_HOA_EPD3"",""CAR_LB_AL2395_A0_HOA_EPD3""]","[""exact"",""exact""]",False
cornea,delta_mtfa_at_zero_d,B0-C0,LB_AL2395,,HOA,3.0,0.05202818511877133,not_applicable,,,"[""CAR_LB_AL2395_B0_HOA_EPD3"",""CAR_LB_AL2395_C0_HOA_EPD3""]","[""exact"",""exact""]",False
cornea,delta_mtfa_at_zero_d,B0-A0,LB_AL2395,,HOA,5.0,0.025544469727283636,not_applicable,,,"[""CAR_LB_AL2395_B0_HOA_EPD5"",""CAR_LB_AL2395_A0_HOA_EPD5""]","[""exact"",""exact""]",True
cornea,delta_mtfa_at_zero_d,C0-A0,LB_AL2395,,HOA,5.0,-0.0373179280441871,not_applicable,,,"[""CAR_LB_AL2395_C0_HOA_EPD5"",""CAR_LB_AL2395_A0_HOA_EPD5""]","[""exact"",""exact""]",True
cornea,delta_mtfa_at_zero_d,B0-C0,LB_AL2395,,HOA,5.0,0.06286239777147073,not_applicable,,,"[""CAR_LB_AL2395_B0_HOA_EPD5"",""CAR_LB_AL2395_C0_HOA_EPD5""]","[""exact"",""exact""]",True
cornea,delta_mtfa_at_zero_d,B0-A0,ATC_M3_AL24477,,WFS,3.0,-0.03549120404668776,not_applicable,,,"[""CAR_ATC_M3_AL24477_B0_WFS_EPD3"",""CAR_ATC_M3_AL24477_A0_WFS_EPD3""]","[""lower_bound"",""exact""]",False
cornea,delta_mtfa_at_zero_d,C0-A0,ATC_M3_AL24477,,WFS,3.0,0.007229273219961252,not_applicable,,,"[""CAR_ATC_M3_AL24477_C0_WFS_EPD3"",""CAR_ATC_M3_AL24477_A0_WFS_EPD3""]","[""exact"",""exact""]",False
cornea,delta_mtfa_at_zero_d,B0-C0,ATC_M3_AL24477,,WFS,3.0,-0.042720477266649015,not_applicable,,,"[""CAR_ATC_M3_AL24477_B0_WFS_EPD3"",""CAR_ATC_M3_AL24477_C0_WFS_EPD3""]","[""lower_bound"",""exact""]",False
cornea,delta_mtfa_at_zero_d,B0-A0,ATC_M3_AL24477,,WFS,5.0,-0.007362539110191774,not_applicable,,,"[""CAR_ATC_M3_AL24477_B0_WFS_EPD5"",""CAR_ATC_M3_AL24477_A0_WFS_EPD5""]","[""exact"",""exact""]",True
cornea,delta_mtfa_at_zero_d,C0-A0,ATC_M3_AL24477,,WFS,5.0,-0.00438248389974083,not_applicable,,,"[""CAR_ATC_M3_AL24477_C0_WFS_EPD5"",""CAR_ATC_M3_AL24477_A0_WFS_EPD5""]","[""exact"",""exact""]",False
cornea,delta_mtfa_at_zero_d,B0-C0,ATC_M3_AL24477,,WFS,5.0,-0.0029800552104509437,not_applicable,,,"[""CAR_ATC_M3_AL24477_B0_WFS_EPD5"",""CAR_ATC_M3_AL24477_C0_WFS_EPD5""]","[""exact"",""exact""]",True
cornea,delta_mtfa_at_zero_d,B0-A0,ATC_M3_AL24477,,RAD,3.0,0.012327688976344342,not_applicable,,,"[""CAR_ATC_M3_AL24477_B0_RAD_EPD3"",""CAR_ATC_M3_AL24477_A0_RAD_EPD3""]","[""exact"",""exact""]",False
cornea,delta_mtfa_at_zero_d,C0-A0,ATC_M3_AL24477,,RAD,3.0,-0.004636326250866463,not_applicable,,,"[""CAR_ATC_M3_AL24477_C0_RAD_EPD3"",""CAR_ATC_M3_AL24477_A0_RAD_EPD3""]","[""exact"",""exact""]",False
cornea,delta_mtfa_at_zero_d,B0-C0,ATC_M3_AL24477,,RAD,3.0,0.016964015227210805,not_applicable,,,"[""CAR_ATC_M3_AL24477_B0_RAD_EPD3"",""CAR_ATC_M3_AL24477_C0_RAD_EPD3""]","[""exact"",""exact""]",False
cornea,delta_mtfa_at_zero_d,B0-A0,ATC_M3_AL24477,,RAD,5.0,-0.0005237146595052644,not_applicable,,,"[""CAR_ATC_M3_AL24477_B0_RAD_EPD5"",""CAR_ATC_M3_AL24477_A0_RAD_EPD5""]","[""exact"",""exact""]",True
cornea,delta_mtfa_at_zero_d,C0-A0,ATC_M3_AL24477,,RAD,5.0,-0.0833953875475982,not_applicable,,,"[""CAR_ATC_M3_AL24477_C0_RAD_EPD5"",""CAR_ATC_M3_AL24477_A0_RAD_EPD5""]","[""lower_bound"",""exact""]",False
cornea,delta_mtfa_at_zero_d,B0-C0,ATC_M3_AL24477,,RAD,5.0,0.08287167288809294,not_applicable,,,"[""CAR_ATC_M3_AL24477_B0_RAD_EPD5"",""CAR_ATC_M3_AL24477_C0_RAD_EPD5""]","[""exact"",""lower_bound""]",True
cornea,delta_mtfa_at_zero_d,B0-A0,ATC_M3_AL24477,,HOA,3.0,0.038238946792715334,not_applicable,,,"[""CAR_ATC_M3_AL24477_B0_HOA_EPD3"",""CAR_ATC_M3_AL24477_A0_HOA_EPD3""]","[""exact"",""exact""]",False
cornea,delta_mtfa_at_zero_d,C0-A0,ATC_M3_AL24477,,HOA,3.0,-0.009952346487946573,not_applicable,,,"[""CAR_ATC_M3_AL24477_C0_HOA_EPD3"",""CAR_ATC_M3_AL24477_A0_HOA_EPD3""]","[""exact"",""exact""]",False
cornea,delta_mtfa_at_zero_d,B0-C0,ATC_M3_AL24477,,HOA,3.0,0.04819129328066191,not_applicable,,,"[""CAR_ATC_M3_AL24477_B0_HOA_EPD3"",""CAR_ATC_M3_AL24477_C0_HOA_EPD3""]","[""exact"",""exact""]",False
cornea,delta_mtfa_at_zero_d,B0-A0,ATC_M3_AL24477,,HOA,5.0,0.028250709825318215,not_applicable,,,"[""CAR_ATC_M3_AL24477_B0_HOA_EPD5"",""CAR_ATC_M3_AL24477_A0_HOA_EPD5""]","[""exact"",""exact""]",True
cornea,delta_mtfa_at_zero_d,C0-A0,ATC_M3_AL24477,,HOA,5.0,-0.04091662028957477,not_applicable,,,"[""CAR_ATC_M3_AL24477_C0_HOA_EPD5"",""CAR_ATC_M3_AL24477_A0_HOA_EPD5""]","[""lower_bound"",""exact""]",True
cornea,delta_mtfa_at_zero_d,B0-C0,ATC_M3_AL24477,,HOA,5.0,0.06916733011489298,not_applicable,,,"[""CAR_ATC_M3_AL24477_B0_HOA_EPD5"",""CAR_ATC_M3_AL24477_C0_HOA_EPD5""]","[""exact"",""lower_bound""]",True
cornea_x_platform_did,delta_mtfa_at_zero_d,(B0-A0)_WFS-(B0-A0)_RAD,LB_AL2395,,,3.0,-0.04398694047972812,not_applicable,,,"[""CAR_LB_AL2395_B0_WFS_EPD3"",""CAR_LB_AL2395_A0_WFS_EPD3"",""CAR_LB_AL2395_B0_RAD_EPD3"",""CAR_LB_AL2395_A0_RAD_EPD3""]","[""lower_bound"",""exact"",""exact"",""exact""]",False
cornea_x_platform_did,delta_mtfa_at_zero_d,(B0-A0)_WFS-(B0-A0)_HOA,LB_AL2395,,,3.0,-0.06963498485206199,not_applicable,,,"[""CAR_LB_AL2395_B0_WFS_EPD3"",""CAR_LB_AL2395_A0_WFS_EPD3"",""CAR_LB_AL2395_B0_HOA_EPD3"",""CAR_LB_AL2395_A0_HOA_EPD3""]","[""lower_bound"",""exact"",""exact"",""exact""]",False
cornea_x_platform_did,delta_mtfa_at_zero_d,(B0-A0)_RAD-(B0-A0)_HOA,LB_AL2395,,,3.0,-0.025648044372333867,not_applicable,,,"[""CAR_LB_AL2395_B0_RAD_EPD3"",""CAR_LB_AL2395_A0_RAD_EPD3"",""CAR_LB_AL2395_B0_HOA_EPD3"",""CAR_LB_AL2395_A0_HOA_EPD3""]","[""exact"",""exact"",""exact"",""exact""]",False
cornea_x_platform_did,delta_mtfa_at_zero_d,(C0-A0)_WFS-(C0-A0)_RAD,LB_AL2395,,,3.0,0.01656351715072124,not_applicable,,,"[""CAR_LB_AL2395_C0_WFS_EPD3"",""CAR_LB_AL2395_A0_WFS_EPD3"",""CAR_LB_AL2395_C0_RAD_EPD3"",""CAR_LB_AL2395_A0_RAD_EPD3""]","[""exact"",""exact"",""exact"",""exact""]",False
cornea_x_platform_did,delta_mtfa_at_zero_d,(C0-A0)_WFS-(C0-A0)_HOA,LB_AL2395,,,3.0,0.023359881458649367,not_applicable,,,"[""CAR_LB_AL2395_C0_WFS_EPD3"",""CAR_LB_AL2395_A0_WFS_EPD3"",""CAR_LB_AL2395_C0_HOA_EPD3"",""CAR_LB_AL2395_A0_HOA_EPD3""]","[""exact"",""exact"",""exact"",""exact""]",False
cornea_x_platform_did,delta_mtfa_at_zero_d,(C0-A0)_RAD-(C0-A0)_HOA,LB_AL2395,,,3.0,0.006796364307928127,not_applicable,,,"[""CAR_LB_AL2395_C0_RAD_EPD3"",""CAR_LB_AL2395_A0_RAD_EPD3"",""CAR_LB_AL2395_C0_HOA_EPD3"",""CAR_LB_AL2395_A0_HOA_EPD3""]","[""exact"",""exact"",""exact"",""exact""]",False
cornea_x_platform_did,delta_mtfa_at_zero_d,(B0-C0)_WFS-(B0-C0)_RAD,LB_AL2395,,,3.0,-0.06055045763044936,not_applicable,,,"[""CAR_LB_AL2395_B0_WFS_EPD3"",""CAR_LB_AL2395_C0_WFS_EPD3"",""CAR_LB_AL2395_B0_RAD_EPD3"",""CAR_LB_AL2395_C0_RAD_EPD3""]","[""lower_bound"",""exact"",""exact"",""exact""]",False
cornea_x_platform_did,delta_mtfa_at_zero_d,(B0-C0)_WFS-(B0-C0)_HOA,LB_AL2395,,,3.0,-0.09299486631071135,not_applicable,,,"[""CAR_LB_AL2395_B0_WFS_EPD3"",""CAR_LB_AL2395_C0_WFS_EPD3"",""CAR_LB_AL2395_B0_HOA_EPD3"",""CAR_LB_AL2395_C0_HOA_EPD3""]","[""lower_bound"",""exact"",""exact"",""exact""]",False
cornea_x_platform_did,delta_mtfa_at_zero_d,(B0-C0)_RAD-(B0-C0)_HOA,LB_AL2395,,,3.0,-0.032444408680261994,not_applicable,,,"[""CAR_LB_AL2395_B0_RAD_EPD3"",""CAR_LB_AL2395_C0_RAD_EPD3"",""CAR_LB_AL2395_B0_HOA_EPD3"",""CAR_LB_AL2395_C0_HOA_EPD3""]","[""exact"",""exact"",""exact"",""exact""]",False
cornea_x_platform_did,delta_mtfa_at_zero_d,(B0-A0)_WFS-(B0-A0)_RAD,LB_AL2395,,,5.0,0.014001443957965903,not_applicable,,,"[""CAR_LB_AL2395_B0_WFS_EPD5"",""CAR_LB_AL2395_A0_WFS_EPD5"",""CAR_LB_AL2395_B0_RAD_EPD5"",""CAR_LB_AL2395_A0_RAD_EPD5""]","[""exact"",""exact"",""exact"",""exact""]",True
cornea_x_platform_did,delta_mtfa_at_zero_d,(B0-A0)_WFS-(B0-A0)_HOA,LB_AL2395,,,5.0,-0.027921924617107963,not_applicable,,,"[""CAR_LB_AL2395_B0_WFS_EPD5"",""CAR_LB_AL2395_A0_WFS_EPD5"",""CAR_LB_AL2395_B0_HOA_EPD5"",""CAR_LB_AL2395_A0_HOA_EPD5""]","[""exact"",""exact"",""exact"",""exact""]",True
cornea_x_platform_did,delta_mtfa_at_zero_d,(B0-A0)_RAD-(B0-A0)_HOA,LB_AL2395,,,5.0,-0.041923368575073866,not_applicable,,,"[""CAR_LB_AL2395_B0_RAD_EPD5"",""CAR_LB_AL2395_A0_RAD_EPD5"",""CAR_LB_AL2395_B0_HOA_EPD5"",""CAR_LB_AL2395_A0_HOA_EPD5""]","[""exact"",""exact"",""exact"",""exact""]",True
cornea_x_platform_did,delta_mtfa_at_zero_d,(C0-A0)_WFS-(C0-A0)_RAD,LB_AL2395,,,5.0,0.09184816157693707,not_applicable,,,"[""CAR_LB_AL2395_C0_WFS_EPD5"",""CAR_LB_AL2395_A0_WFS_EPD5"",""CAR_LB_AL2395_C0_RAD_EPD5"",""CAR_LB_AL2395_A0_RAD_EPD5""]","[""exact"",""exact"",""lower_bound"",""exact""]",False
cornea_x_platform_did,delta_mtfa_at_zero_d,(C0-A0)_WFS-(C0-A0)_HOA,LB_AL2395,,,5.0,0.03262864614183392,not_applicable,,,"[""CAR_LB_AL2395_C0_WFS_EPD5"",""CAR_LB_AL2395_A0_WFS_EPD5"",""CAR_LB_AL2395_C0_HOA_EPD5"",""CAR_LB_AL2395_A0_HOA_EPD5""]","[""exact"",""exact"",""exact"",""exact""]",True
cornea_x_platform_did,delta_mtfa_at_zero_d,(C0-A0)_RAD-(C0-A0)_HOA,LB_AL2395,,,5.0,-0.05921951543510315,not_applicable,,,"[""CAR_LB_AL2395_C0_RAD_EPD5"",""CAR_LB_AL2395_A0_RAD_EPD5"",""CAR_LB_AL2395_C0_HOA_EPD5"",""CAR_LB_AL2395_A0_HOA_EPD5""]","[""lower_bound"",""exact"",""exact"",""exact""]",True
cornea_x_platform_did,delta_mtfa_at_zero_d,(B0-C0)_WFS-(B0-C0)_RAD,LB_AL2395,,,5.0,-0.07784671761897116,not_applicable,,,"[""CAR_LB_AL2395_B0_WFS_EPD5"",""CAR_LB_AL2395_C0_WFS_EPD5"",""CAR_LB_AL2395_B0_RAD_EPD5"",""CAR_LB_AL2395_C0_RAD_EPD5""]","[""exact"",""exact"",""exact"",""lower_bound""]",True
cornea_x_platform_did,delta_mtfa_at_zero_d,(B0-C0)_WFS-(B0-C0)_HOA,LB_AL2395,,,5.0,-0.06055057075894188,not_applicable,,,"[""CAR_LB_AL2395_B0_WFS_EPD5"",""CAR_LB_AL2395_C0_WFS_EPD5"",""CAR_LB_AL2395_B0_HOA_EPD5"",""CAR_LB_AL2395_C0_HOA_EPD5""]","[""exact"",""exact"",""exact"",""exact""]",True
cornea_x_platform_did,delta_mtfa_at_zero_d,(B0-C0)_RAD-(B0-C0)_HOA,LB_AL2395,,,5.0,0.017296146860029282,not_applicable,,,"[""CAR_LB_AL2395_B0_RAD_EPD5"",""CAR_LB_AL2395_C0_RAD_EPD5"",""CAR_LB_AL2395_B0_HOA_EPD5"",""CAR_LB_AL2395_C0_HOA_EPD5""]","[""exact"",""lower_bound"",""exact"",""exact""]",True
cornea_x_platform_did,delta_mtfa_at_zero_d,(B0-A0)_WFS-(B0-A0)_RAD,ATC_M3_AL24477,,,3.0,-0.047818893023032105,not_applicable,,,"[""CAR_ATC_M3_AL24477_B0_WFS_EPD3"",""CAR_ATC_M3_AL24477_A0_WFS_EPD3"",""CAR_ATC_M3_AL24477_B0_RAD_EPD3"",""CAR_ATC_M3_AL24477_A0_RAD_EPD3""]","[""lower_bound"",""exact"",""exact"",""exact""]",False
cornea_x_platform_did,delta_mtfa_at_zero_d,(B0-A0)_WFS-(B0-A0)_HOA,ATC_M3_AL24477,,,3.0,-0.0737301508394031,not_applicable,,,"[""CAR_ATC_M3_AL24477_B0_WFS_EPD3"",""CAR_ATC_M3_AL24477_A0_WFS_EPD3"",""CAR_ATC_M3_AL24477_B0_HOA_EPD3"",""CAR_ATC_M3_AL24477_A0_HOA_EPD3""]","[""lower_bound"",""exact"",""exact"",""exact""]",False
cornea_x_platform_did,delta_mtfa_at_zero_d,(B0-A0)_RAD-(B0-A0)_HOA,ATC_M3_AL24477,,,3.0,-0.02591125781637099,not_applicable,,,"[""CAR_ATC_M3_AL24477_B0_RAD_EPD3"",""CAR_ATC_M3_AL24477_A0_RAD_EPD3"",""CAR_ATC_M3_AL24477_B0_HOA_EPD3"",""CAR_ATC_M3_AL24477_A0_HOA_EPD3""]","[""exact"",""exact"",""exact"",""exact""]",False
cornea_x_platform_did,delta_mtfa_at_zero_d,(C0-A0)_WFS-(C0-A0)_RAD,ATC_M3_AL24477,,,3.0,0.011865599470827715,not_applicable,,,"[""CAR_ATC_M3_AL24477_C0_WFS_EPD3"",""CAR_ATC_M3_AL24477_A0_WFS_EPD3"",""CAR_ATC_M3_AL24477_C0_RAD_EPD3"",""CAR_ATC_M3_AL24477_A0_RAD_EPD3""]","[""exact"",""exact"",""exact"",""exact""]",False
cornea_x_platform_did,delta_mtfa_at_zero_d,(C0-A0)_WFS-(C0-A0)_HOA,ATC_M3_AL24477,,,3.0,0.017181619707907825,not_applicable,,,"[""CAR_ATC_M3_AL24477_C0_WFS_EPD3"",""CAR_ATC_M3_AL24477_A0_WFS_EPD3"",""CAR_ATC_M3_AL24477_C0_HOA_EPD3"",""CAR_ATC_M3_AL24477_A0_HOA_EPD3""]","[""exact"",""exact"",""exact"",""exact""]",False
cornea_x_platform_did,delta_mtfa_at_zero_d,(C0-A0)_RAD-(C0-A0)_HOA,ATC_M3_AL24477,,,3.0,0.00531602023708011,not_applicable,,,"[""CAR_ATC_M3_AL24477_C0_RAD_EPD3"",""CAR_ATC_M3_AL24477_A0_RAD_EPD3"",""CAR_ATC_M3_AL24477_C0_HOA_EPD3"",""CAR_ATC_M3_AL24477_A0_HOA_EPD3""]","[""exact"",""exact"",""exact"",""exact""]",False
cornea_x_platform_did,delta_mtfa_at_zero_d,(B0-C0)_WFS-(B0-C0)_RAD,ATC_M3_AL24477,,,3.0,-0.05968449249385982,not_applicable,,,"[""CAR_ATC_M3_AL24477_B0_WFS_EPD3"",""CAR_ATC_M3_AL24477_C0_WFS_EPD3"",""CAR_ATC_M3_AL24477_B0_RAD_EPD3"",""CAR_ATC_M3_AL24477_C0_RAD_EPD3""]","[""lower_bound"",""exact"",""exact"",""exact""]",False
cornea_x_platform_did,delta_mtfa_at_zero_d,(B0-C0)_WFS-(B0-C0)_HOA,ATC_M3_AL24477,,,3.0,-0.09091177054731092,not_applicable,,,"[""CAR_ATC_M3_AL24477_B0_WFS_EPD3"",""CAR_ATC_M3_AL24477_C0_WFS_EPD3"",""CAR_ATC_M3_AL24477_B0_HOA_EPD3"",""CAR_ATC_M3_AL24477_C0_HOA_EPD3""]","[""lower_bound"",""exact"",""exact"",""exact""]",False
cornea_x_platform_did,delta_mtfa_at_zero_d,(B0-C0)_RAD-(B0-C0)_HOA,ATC_M3_AL24477,,,3.0,-0.031227278053451102,not_applicable,,,"[""CAR_ATC_M3_AL24477_B0_RAD_EPD3"",""CAR_ATC_M3_AL24477_C0_RAD_EPD3"",""CAR_ATC_M3_AL24477_B0_HOA_EPD3"",""CAR_ATC_M3_AL24477_C0_HOA_EPD3""]","[""exact"",""exact"",""exact"",""exact""]",False
cornea_x_platform_did,delta_mtfa_at_zero_d,(B0-A0)_WFS-(B0-A0)_RAD,ATC_M3_AL24477,,,5.0,-0.006838824450686509,not_applicable,,,"[""CAR_ATC_M3_AL24477_B0_WFS_EPD5"",""CAR_ATC_M3_AL24477_A0_WFS_EPD5"",""CAR_ATC_M3_AL24477_B0_RAD_EPD5"",""CAR_ATC_M3_AL24477_A0_RAD_EPD5""]","[""exact"",""exact"",""exact"",""exact""]",True
cornea_x_platform_did,delta_mtfa_at_zero_d,(B0-A0)_WFS-(B0-A0)_HOA,ATC_M3_AL24477,,,5.0,-0.03561324893550999,not_applicable,,,"[""CAR_ATC_M3_AL24477_B0_WFS_EPD5"",""CAR_ATC_M3_AL24477_A0_WFS_EPD5"",""CAR_ATC_M3_AL24477_B0_HOA_EPD5"",""CAR_ATC_M3_AL24477_A0_HOA_EPD5""]","[""exact"",""exact"",""exact"",""exact""]",True
cornea_x_platform_did,delta_mtfa_at_zero_d,(B0-A0)_RAD-(B0-A0)_HOA,ATC_M3_AL24477,,,5.0,-0.02877442448482348,not_applicable,,,"[""CAR_ATC_M3_AL24477_B0_RAD_EPD5"",""CAR_ATC_M3_AL24477_A0_RAD_EPD5"",""CAR_ATC_M3_AL24477_B0_HOA_EPD5"",""CAR_ATC_M3_AL24477_A0_HOA_EPD5""]","[""exact"",""exact"",""exact"",""exact""]",True
cornea_x_platform_did,delta_mtfa_at_zero_d,(C0-A0)_WFS-(C0-A0)_RAD,ATC_M3_AL24477,,,5.0,0.07901290364785737,not_applicable,,,"[""CAR_ATC_M3_AL24477_C0_WFS_EPD5"",""CAR_ATC_M3_AL24477_A0_WFS_EPD5"",""CAR_ATC_M3_AL24477_C0_RAD_EPD5"",""CAR_ATC_M3_AL24477_A0_RAD_EPD5""]","[""exact"",""exact"",""lower_bound"",""exact""]",False
cornea_x_platform_did,delta_mtfa_at_zero_d,(C0-A0)_WFS-(C0-A0)_HOA,ATC_M3_AL24477,,,5.0,0.03653413638983394,not_applicable,,,"[""CAR_ATC_M3_AL24477_C0_WFS_EPD5"",""CAR_ATC_M3_AL24477_A0_WFS_EPD5"",""CAR_ATC_M3_AL24477_C0_HOA_EPD5"",""CAR_ATC_M3_AL24477_A0_HOA_EPD5""]","[""exact"",""exact"",""lower_bound"",""exact""]",True
cornea_x_platform_did,delta_mtfa_at_zero_d,(C0-A0)_RAD-(C0-A0)_HOA,ATC_M3_AL24477,,,5.0,-0.04247876725802344,not_applicable,,,"[""CAR_ATC_M3_AL24477_C0_RAD_EPD5"",""CAR_ATC_M3_AL24477_A0_RAD_EPD5"",""CAR_ATC_M3_AL24477_C0_HOA_EPD5"",""CAR_ATC_M3_AL24477_A0_HOA_EPD5""]","[""lower_bound"",""exact"",""lower_bound"",""exact""]",True
cornea_x_platform_did,delta_mtfa_at_zero_d,(B0-C0)_WFS-(B0-C0)_RAD,ATC_M3_AL24477,,,5.0,-0.08585172809854388,not_applicable,,,"[""CAR_ATC_M3_AL24477_B0_WFS_EPD5"",""CAR_ATC_M3_AL24477_C0_WFS_EPD5"",""CAR_ATC_M3_AL24477_B0_RAD_EPD5"",""CAR_ATC_M3_AL24477_C0_RAD_EPD5""]","[""exact"",""exact"",""exact"",""lower_bound""]",True
cornea_x_platform_did,delta_mtfa_at_zero_d,(B0-C0)_WFS-(B0-C0)_HOA,ATC_M3_AL24477,,,5.0,-0.07214738532534393,not_applicable,,,"[""CAR_ATC_M3_AL24477_B0_WFS_EPD5"",""CAR_ATC_M3_AL24477_C0_WFS_EPD5"",""CAR_ATC_M3_AL24477_B0_HOA_EPD5"",""CAR_ATC_M3_AL24477_C0_HOA_EPD5""]","[""exact"",""exact"",""exact"",""lower_bound""]",True
cornea_x_platform_did,delta_mtfa_at_zero_d,(B0-C0)_RAD-(B0-C0)_HOA,ATC_M3_AL24477,,,5.0,0.013704342773199957,not_applicable,,,"[""CAR_ATC_M3_AL24477_B0_RAD_EPD5"",""CAR_ATC_M3_AL24477_C0_RAD_EPD5"",""CAR_ATC_M3_AL24477_B0_HOA_EPD5"",""CAR_ATC_M3_AL24477_C0_HOA_EPD5""]","[""exact"",""lower_bound"",""exact"",""lower_bound""]",True
pupil_sensitivity,delta_mtfa_at_zero_d,EPD5-EPD3,LB_AL2395,A0,WFS,,0.10332144519687697,not_applicable,,,"[""CAR_LB_AL2395_A0_WFS_EPD5"",""CAR_LB_AL2395_A0_WFS_EPD3""]","[""exact"",""exact""]",False
pupil_sensitivity,delta_mtfa_at_zero_d,EPD5-EPD3,LB_AL2395,A0,RAD,,0.22857811227630143,not_applicable,,,"[""CAR_LB_AL2395_A0_RAD_EPD5"",""CAR_LB_AL2395_A0_RAD_EPD3""]","[""exact"",""exact""]",False
pupil_sensitivity,delta_mtfa_at_zero_d,EPD5-EPD3,LB_AL2395,A0,HOA,,0.3055632531708133,not_applicable,,,"[""CAR_LB_AL2395_A0_HOA_EPD5"",""CAR_LB_AL2395_A0_HOA_EPD3""]","[""exact"",""exact""]",True
pupil_sensitivity,delta_mtfa_at_zero_d,EPD5-EPD3,LB_AL2395,B0,WFS,,0.12994963316595542,not_applicable,,,"[""CAR_LB_AL2395_B0_WFS_EPD5"",""CAR_LB_AL2395_B0_WFS_EPD3""]","[""exact"",""lower_bound""]",True
pupil_sensitivity,delta_mtfa_at_zero_d,EPD5-EPD3,LB_AL2395,B0,RAD,,0.19721791580768586,not_applicable,,,"[""CAR_LB_AL2395_B0_RAD_EPD5"",""CAR_LB_AL2395_B0_RAD_EPD3""]","[""exact"",""exact""]",True
pupil_sensitivity,delta_mtfa_at_zero_d,EPD5-EPD3,LB_AL2395,B0,HOA,,0.2904783809049377,not_applicable,,,"[""CAR_LB_AL2395_B0_HOA_EPD5"",""CAR_LB_AL2395_B0_HOA_EPD3""]","[""exact"",""exact""]",True
pupil_sensitivity,delta_mtfa_at_zero_d,EPD5-EPD3,LB_AL2395,C0,WFS,,0.08667112496148655,not_applicable,,,"[""CAR_LB_AL2395_C0_WFS_EPD5"",""CAR_LB_AL2395_C0_WFS_EPD3""]","[""exact"",""exact""]",False
pupil_sensitivity,delta_mtfa_at_zero_d,EPD5-EPD3,LB_AL2395,C0,RAD,,0.13664314761469518,not_applicable,,,"[""CAR_LB_AL2395_C0_RAD_EPD5"",""CAR_LB_AL2395_C0_RAD_EPD3""]","[""lower_bound"",""exact""]",False
pupil_sensitivity,delta_mtfa_at_zero_d,EPD5-EPD3,LB_AL2395,C0,HOA,,0.2796441682522383,not_applicable,,,"[""CAR_LB_AL2395_C0_HOA_EPD5"",""CAR_LB_AL2395_C0_HOA_EPD3""]","[""exact"",""exact""]",False
pupil_sensitivity,delta_mtfa_at_zero_d,EPD5-EPD3,ATC_M3_AL24477,A0,WFS,,0.09643556207229109,not_applicable,,,"[""CAR_ATC_M3_AL24477_A0_WFS_EPD5"",""CAR_ATC_M3_AL24477_A0_WFS_EPD3""]","[""exact"",""exact""]",False
pupil_sensitivity,delta_mtfa_at_zero_d,EPD5-EPD3,ATC_M3_AL24477,A0,RAD,,0.22487990340647912,not_applicable,,,"[""CAR_ATC_M3_AL24477_A0_RAD_EPD5"",""CAR_ATC_M3_AL24477_A0_RAD_EPD3""]","[""exact"",""exact""]",False
pupil_sensitivity,delta_mtfa_at_zero_d,EPD5-EPD3,ATC_M3_AL24477,A0,HOA,,0.30558225958334306,not_applicable,,,"[""CAR_ATC_M3_AL24477_A0_HOA_EPD5"",""CAR_ATC_M3_AL24477_A0_HOA_EPD3""]","[""exact"",""exact""]",True
pupil_sensitivity,delta_mtfa_at_zero_d,EPD5-EPD3,ATC_M3_AL24477,B0,WFS,,0.12456422700878708,not_applicable,,,"[""CAR_ATC_M3_AL24477_B0_WFS_EPD5"",""CAR_ATC_M3_AL24477_B0_WFS_EPD3""]","[""exact"",""lower_bound""]",True
pupil_sensitivity,delta_mtfa_at_zero_d,EPD5-EPD3,ATC_M3_AL24477,B0,RAD,,0.2120284997706295,not_applicable,,,"[""CAR_ATC_M3_AL24477_B0_RAD_EPD5"",""CAR_ATC_M3_AL24477_B0_RAD_EPD3""]","[""exact"",""exact""]",True
pupil_sensitivity,delta_mtfa_at_zero_d,EPD5-EPD3,ATC_M3_AL24477,B0,HOA,,0.2955940226159459,not_applicable,,,"[""CAR_ATC_M3_AL24477_B0_HOA_EPD5"",""CAR_ATC_M3_AL24477_B0_HOA_EPD3""]","[""exact"",""exact""]",True
pupil_sensitivity,delta_mtfa_at_zero_d,EPD5-EPD3,ATC_M3_AL24477,C0,WFS,,0.08482380495258901,not_applicable,,,"[""CAR_ATC_M3_AL24477_C0_WFS_EPD5"",""CAR_ATC_M3_AL24477_C0_WFS_EPD3""]","[""exact"",""exact""]",False
pupil_sensitivity,delta_mtfa_at_zero_d,EPD5-EPD3,ATC_M3_AL24477,C0,RAD,,0.14612084210974738,not_applicable,,,"[""CAR_ATC_M3_AL24477_C0_RAD_EPD5"",""CAR_ATC_M3_AL24477_C0_RAD_EPD3""]","[""lower_bound"",""exact""]",False
pupil_sensitivity,delta_mtfa_at_zero_d,EPD5-EPD3,ATC_M3_AL24477,C0,HOA,,0.27461798578171487,not_applicable,,,"[""CAR_ATC_M3_AL24477_C0_HOA_EPD5"",""CAR_ATC_M3_AL24477_C0_HOA_EPD3""]","[""lower_bound"",""exact""]",False
base_sensitivity,delta_mtfa_at_zero_d,ATC-LB,,A0,WFS,3.0,0.00986057253627981,not_applicable,,,"[""CAR_ATC_M3_AL24477_A0_WFS_EPD3"",""CAR_LB_AL2395_A0_WFS_EPD3""]","[""exact"",""exact""]",False
base_sensitivity,delta_mtfa_at_zero_d,ATC-LB,,A0,WFS,5.0,0.0029746894116939315,not_applicable,,,"[""CAR_ATC_M3_AL24477_A0_WFS_EPD5"",""CAR_LB_AL2395_A0_WFS_EPD5""]","[""exact"",""exact""]",False
base_sensitivity,delta_mtfa_at_zero_d,ATC-LB,,A0,RAD,3.0,-0.0022014316409617596,not_applicable,,,"[""CAR_ATC_M3_AL24477_A0_RAD_EPD3"",""CAR_LB_AL2395_A0_RAD_EPD3""]","[""exact"",""exact""]",False
base_sensitivity,delta_mtfa_at_zero_d,ATC-LB,,A0,RAD,5.0,-0.0058996405107840655,not_applicable,,,"[""CAR_ATC_M3_AL24477_A0_RAD_EPD5"",""CAR_LB_AL2395_A0_RAD_EPD5""]","[""exact"",""exact""]",False
base_sensitivity,delta_mtfa_at_zero_d,ATC-LB,,A0,HOA,3.0,-0.005079419678131969,not_applicable,,,"[""CAR_ATC_M3_AL24477_A0_HOA_EPD3"",""CAR_LB_AL2395_A0_HOA_EPD3""]","[""exact"",""exact""]",False
base_sensitivity,delta_mtfa_at_zero_d,ATC-LB,,A0,HOA,5.0,-0.005060413265602193,not_applicable,,,"[""CAR_ATC_M3_AL24477_A0_HOA_EPD5"",""CAR_LB_AL2395_A0_HOA_EPD5""]","[""exact"",""exact""]",True
base_sensitivity,delta_mtfa_at_zero_d,ATC-LB,,B0,WFS,3.0,0.0033750113484948274,not_applicable,,,"[""CAR_ATC_M3_AL24477_B0_WFS_EPD3"",""CAR_LB_AL2395_B0_WFS_EPD3""]","[""lower_bound"",""lower_bound""]",False
base_sensitivity,delta_mtfa_at_zero_d,ATC-LB,,B0,WFS,5.0,-0.0020103948086735157,not_applicable,,,"[""CAR_ATC_M3_AL24477_B0_WFS_EPD5"",""CAR_LB_AL2395_B0_WFS_EPD5""]","[""exact"",""exact""]",True
base_sensitivity,delta_mtfa_at_zero_d,ATC-LB,,B0,RAD,3.0,-0.004855040285442758,not_applicable,,,"[""CAR_ATC_M3_AL24477_B0_RAD_EPD3"",""CAR_LB_AL2395_B0_RAD_EPD3""]","[""exact"",""exact""]",False
base_sensitivity,delta_mtfa_at_zero_d,ATC-LB,,B0,RAD,5.0,0.0099555436775009,not_applicable,,,"[""CAR_ATC_M3_AL24477_B0_RAD_EPD5"",""CAR_LB_AL2395_B0_RAD_EPD5""]","[""exact"",""exact""]",True
base_sensitivity,delta_mtfa_at_zero_d,ATC-LB,,B0,HOA,3.0,-0.007469814878575842,not_applicable,,,"[""CAR_ATC_M3_AL24477_B0_HOA_EPD3"",""CAR_LB_AL2395_B0_HOA_EPD3""]","[""exact"",""exact""]",False
base_sensitivity,delta_mtfa_at_zero_d,ATC-LB,,B0,HOA,5.0,-0.0023541731675676136,not_applicable,,,"[""CAR_ATC_M3_AL24477_B0_HOA_EPD5"",""CAR_LB_AL2395_B0_HOA_EPD5""]","[""exact"",""exact""]",True
base_sensitivity,delta_mtfa_at_zero_d,ATC-LB,,C0,WFS,3.0,0.005128807423203818,not_applicable,,,"[""CAR_ATC_M3_AL24477_C0_WFS_EPD3"",""CAR_LB_AL2395_C0_WFS_EPD3""]","[""exact"",""exact""]",False
base_sensitivity,delta_mtfa_at_zero_d,ATC-LB,,C0,WFS,5.0,0.0032814874143062833,not_applicable,,,"[""CAR_ATC_M3_AL24477_C0_WFS_EPD5"",""CAR_LB_AL2395_C0_WFS_EPD5""]","[""exact"",""exact""]",False
base_sensitivity,delta_mtfa_at_zero_d,ATC-LB,,C0,RAD,3.0,-0.0022352790741442252,not_applicable,,,"[""CAR_ATC_M3_AL24477_C0_RAD_EPD3"",""CAR_LB_AL2395_C0_RAD_EPD3""]","[""exact"",""exact""]",False
base_sensitivity,delta_mtfa_at_zero_d,ATC-LB,,C0,RAD,5.0,0.007242415420907977,not_applicable,,,"[""CAR_ATC_M3_AL24477_C0_RAD_EPD5"",""CAR_LB_AL2395_C0_RAD_EPD5""]","[""lower_bound"",""lower_bound""]",False
base_sensitivity,delta_mtfa_at_zero_d,ATC-LB,,C0,HOA,3.0,-0.003632923040466418,not_applicable,,,"[""CAR_ATC_M3_AL24477_C0_HOA_EPD3"",""CAR_LB_AL2395_C0_HOA_EPD3""]","[""exact"",""exact""]",False
base_sensitivity,delta_mtfa_at_zero_d,ATC-LB,,C0,HOA,5.0,-0.008659105510989862,not_applicable,,,"[""CAR_ATC_M3_AL24477_C0_HOA_EPD5"",""CAR_LB_AL2395_C0_HOA_EPD5""]","[""lower_bound"",""exact""]",False
platform,delta_tf_mtfa_mean,WFS-RAD,LB_AL2395,A0,,3.0,0.0024472618444608962,not_applicable,,,"[""CAR_LB_AL2395_A0_WFS_EPD3"",""CAR_LB_AL2395_A0_RAD_EPD3""]","[""exact"",""exact""]",False
platform,delta_tf_mtfa_mean,WFS-HOA,LB_AL2395,A0,,3.0,0.06640186011994416,not_applicable,,,"[""CAR_LB_AL2395_A0_WFS_EPD3"",""CAR_LB_AL2395_A0_HOA_EPD3""]","[""exact"",""exact""]",False
platform,delta_tf_mtfa_mean,RAD-HOA,LB_AL2395,A0,,3.0,0.06395459827548326,not_applicable,,,"[""CAR_LB_AL2395_A0_RAD_EPD3"",""CAR_LB_AL2395_A0_HOA_EPD3""]","[""exact"",""exact""]",False
platform,delta_tf_mtfa_mean,WFS-RAD,LB_AL2395,A0,,5.0,0.006513362159059136,not_applicable,,,"[""CAR_LB_AL2395_A0_WFS_EPD5"",""CAR_LB_AL2395_A0_RAD_EPD5""]","[""exact"",""exact""]",False
platform,delta_tf_mtfa_mean,WFS-HOA,LB_AL2395,A0,,5.0,0.017462864404284184,not_applicable,,,"[""CAR_LB_AL2395_A0_WFS_EPD5"",""CAR_LB_AL2395_A0_HOA_EPD5""]","[""exact"",""exact""]",True
platform,delta_tf_mtfa_mean,RAD-HOA,LB_AL2395,A0,,5.0,0.010949502245225048,not_applicable,,,"[""CAR_LB_AL2395_A0_RAD_EPD5"",""CAR_LB_AL2395_A0_HOA_EPD5""]","[""exact"",""exact""]",True
platform,delta_tf_mtfa_mean,WFS-RAD,LB_AL2395,B0,,3.0,0.002189396348371647,not_applicable,,,"[""CAR_LB_AL2395_B0_WFS_EPD3"",""CAR_LB_AL2395_B0_RAD_EPD3""]","[""lower_bound"",""exact""]",False
platform,delta_tf_mtfa_mean,WFS-HOA,LB_AL2395,B0,,3.0,0.061466689238517794,not_applicable,,,"[""CAR_LB_AL2395_B0_WFS_EPD3"",""CAR_LB_AL2395_B0_HOA_EPD3""]","[""lower_bound"",""exact""]",False
platform,delta_tf_mtfa_mean,RAD-HOA,LB_AL2395,B0,,3.0,0.05927729289014615,not_applicable,,,"[""CAR_LB_AL2395_B0_RAD_EPD3"",""CAR_LB_AL2395_B0_HOA_EPD3""]","[""exact"",""exact""]",False
platform,delta_tf_mtfa_mean,WFS-RAD,LB_AL2395,B0,,5.0,0.006702872589008008,not_applicable,,,"[""CAR_LB_AL2395_B0_WFS_EPD5"",""CAR_LB_AL2395_B0_RAD_EPD5""]","[""exact"",""exact""]",True
platform,delta_tf_mtfa_mean,WFS-HOA,LB_AL2395,B0,,5.0,0.016691455583617176,not_applicable,,,"[""CAR_LB_AL2395_B0_WFS_EPD5"",""CAR_LB_AL2395_B0_HOA_EPD5""]","[""exact"",""exact""]",True
platform,delta_tf_mtfa_mean,RAD-HOA,LB_AL2395,B0,,5.0,0.009988582994609169,not_applicable,,,"[""CAR_LB_AL2395_B0_RAD_EPD5"",""CAR_LB_AL2395_B0_HOA_EPD5""]","[""exact"",""exact""]",True
platform,delta_tf_mtfa_mean,WFS-RAD,LB_AL2395,C0,,3.0,0.0013453996604809448,not_applicable,,,"[""CAR_LB_AL2395_C0_WFS_EPD3"",""CAR_LB_AL2395_C0_RAD_EPD3""]","[""exact"",""exact""]",False
platform,delta_tf_mtfa_mean,WFS-HOA,LB_AL2395,C0,,3.0,0.06758506253571596,not_applicable,,,"[""CAR_LB_AL2395_C0_WFS_EPD3"",""CAR_LB_AL2395_C0_HOA_EPD3""]","[""exact"",""exact""]",False
platform,delta_tf_mtfa_mean,RAD-HOA,LB_AL2395,C0,,3.0,0.06623966287523501,not_applicable,,,"[""CAR_LB_AL2395_C0_RAD_EPD3"",""CAR_LB_AL2395_C0_HOA_EPD3""]","[""exact"",""exact""]",False
platform,delta_tf_mtfa_mean,WFS-RAD,LB_AL2395,C0,,5.0,0.0007010059185289519,not_applicable,,,"[""CAR_LB_AL2395_C0_WFS_EPD5"",""CAR_LB_AL2395_C0_RAD_EPD5""]","[""exact"",""lower_bound""]",False
platform,delta_tf_mtfa_mean,WFS-HOA,LB_AL2395,C0,,5.0,0.026665979933692234,not_applicable,,,"[""CAR_LB_AL2395_C0_WFS_EPD5"",""CAR_LB_AL2395_C0_HOA_EPD5""]","[""exact"",""exact""]",False
platform,delta_tf_mtfa_mean,RAD-HOA,LB_AL2395,C0,,5.0,0.025964974015163282,not_applicable,,,"[""CAR_LB_AL2395_C0_RAD_EPD5"",""CAR_LB_AL2395_C0_HOA_EPD5""]","[""lower_bound"",""exact""]",False
platform,delta_tf_mtfa_mean,WFS-RAD,ATC_M3_AL24477,A0,,3.0,0.0019505925332602425,not_applicable,,,"[""CAR_ATC_M3_AL24477_A0_WFS_EPD3"",""CAR_ATC_M3_AL24477_A0_RAD_EPD3""]","[""exact"",""exact""]",False
platform,delta_tf_mtfa_mean,WFS-HOA,ATC_M3_AL24477,A0,,3.0,0.06679934707689436,not_applicable,,,"[""CAR_ATC_M3_AL24477_A0_WFS_EPD3"",""CAR_ATC_M3_AL24477_A0_HOA_EPD3""]","[""exact"",""exact""]",False
platform,delta_tf_mtfa_mean,RAD-HOA,ATC_M3_AL24477,A0,,3.0,0.06484875454363412,not_applicable,,,"[""CAR_ATC_M3_AL24477_A0_RAD_EPD3"",""CAR_ATC_M3_AL24477_A0_HOA_EPD3""]","[""exact"",""exact""]",False
platform,delta_tf_mtfa_mean,WFS-RAD,ATC_M3_AL24477,A0,,5.0,0.0057368467859797295,not_applicable,,,"[""CAR_ATC_M3_AL24477_A0_WFS_EPD5"",""CAR_ATC_M3_AL24477_A0_RAD_EPD5""]","[""exact"",""exact""]",False
platform,delta_tf_mtfa_mean,WFS-HOA,ATC_M3_AL24477,A0,,5.0,0.0158454788131851,not_applicable,,,"[""CAR_ATC_M3_AL24477_A0_WFS_EPD5"",""CAR_ATC_M3_AL24477_A0_HOA_EPD5""]","[""exact"",""exact""]",True
platform,delta_tf_mtfa_mean,RAD-HOA,ATC_M3_AL24477,A0,,5.0,0.01010863202720537,not_applicable,,,"[""CAR_ATC_M3_AL24477_A0_RAD_EPD5"",""CAR_ATC_M3_AL24477_A0_HOA_EPD5""]","[""exact"",""exact""]",True
platform,delta_tf_mtfa_mean,WFS-RAD,ATC_M3_AL24477,B0,,3.0,0.002487224941288335,not_applicable,,,"[""CAR_ATC_M3_AL24477_B0_WFS_EPD3"",""CAR_ATC_M3_AL24477_B0_RAD_EPD3""]","[""lower_bound"",""exact""]",False
platform,delta_tf_mtfa_mean,WFS-HOA,ATC_M3_AL24477,B0,,3.0,0.06273888442499823,not_applicable,,,"[""CAR_ATC_M3_AL24477_B0_WFS_EPD3"",""CAR_ATC_M3_AL24477_B0_HOA_EPD3""]","[""lower_bound"",""exact""]",False
platform,delta_tf_mtfa_mean,RAD-HOA,ATC_M3_AL24477,B0,,3.0,0.06025165948370989,not_applicable,,,"[""CAR_ATC_M3_AL24477_B0_RAD_EPD3"",""CAR_ATC_M3_AL24477_B0_HOA_EPD3""]","[""exact"",""exact""]",False
platform,delta_tf_mtfa_mean,WFS-RAD,ATC_M3_AL24477,B0,,5.0,0.004301849892980103,not_applicable,,,"[""CAR_ATC_M3_AL24477_B0_WFS_EPD5"",""CAR_ATC_M3_AL24477_B0_RAD_EPD5""]","[""exact"",""exact""]",True
platform,delta_tf_mtfa_mean,WFS-HOA,ATC_M3_AL24477,B0,,5.0,0.016543241977927142,not_applicable,,,"[""CAR_ATC_M3_AL24477_B0_WFS_EPD5"",""CAR_ATC_M3_AL24477_B0_HOA_EPD5""]","[""exact"",""exact""]",True
platform,delta_tf_mtfa_mean,RAD-HOA,ATC_M3_AL24477,B0,,5.0,0.01224139208494704,not_applicable,,,"[""CAR_ATC_M3_AL24477_B0_RAD_EPD5"",""CAR_ATC_M3_AL24477_B0_HOA_EPD5""]","[""exact"",""exact""]",True
platform,delta_tf_mtfa_mean,WFS-RAD,ATC_M3_AL24477,C0,,3.0,0.0011803285586405865,not_applicable,,,"[""CAR_ATC_M3_AL24477_C0_WFS_EPD3"",""CAR_ATC_M3_AL24477_C0_RAD_EPD3""]","[""exact"",""exact""]",False
platform,delta_tf_mtfa_mean,WFS-HOA,ATC_M3_AL24477,C0,,3.0,0.0684189182774989,not_applicable,,,"[""CAR_ATC_M3_AL24477_C0_WFS_EPD3"",""CAR_ATC_M3_AL24477_C0_HOA_EPD3""]","[""exact"",""exact""]",False
platform,delta_tf_mtfa_mean,RAD-HOA,ATC_M3_AL24477,C0,,3.0,0.06723858971885831,not_applicable,,,"[""CAR_ATC_M3_AL24477_C0_RAD_EPD3"",""CAR_ATC_M3_AL24477_C0_HOA_EPD3""]","[""exact"",""exact""]",False
platform,delta_tf_mtfa_mean,WFS-RAD,ATC_M3_AL24477,C0,,5.0,0.0002774729587008973,not_applicable,,,"[""CAR_ATC_M3_AL24477_C0_WFS_EPD5"",""CAR_ATC_M3_AL24477_C0_RAD_EPD5""]","[""exact"",""lower_bound""]",False
platform,delta_tf_mtfa_mean,WFS-HOA,ATC_M3_AL24477,C0,,5.0,0.02616436868125875,not_applicable,,,"[""CAR_ATC_M3_AL24477_C0_WFS_EPD5"",""CAR_ATC_M3_AL24477_C0_HOA_EPD5""]","[""exact"",""lower_bound""]",False
platform,delta_tf_mtfa_mean,RAD-HOA,ATC_M3_AL24477,C0,,5.0,0.025886895722557854,not_applicable,,,"[""CAR_ATC_M3_AL24477_C0_RAD_EPD5"",""CAR_ATC_M3_AL24477_C0_HOA_EPD5""]","[""lower_bound"",""lower_bound""]",False
cornea,delta_tf_mtfa_mean,B0-A0,LB_AL2395,,WFS,3.0,-0.003029700438860722,not_applicable,,,"[""CAR_LB_AL2395_B0_WFS_EPD3"",""CAR_LB_AL2395_A0_WFS_EPD3""]","[""lower_bound"",""exact""]",False
cornea,delta_tf_mtfa_mean,C0-A0,LB_AL2395,,WFS,3.0,0.0002861135533933634,not_applicable,,,"[""CAR_LB_AL2395_C0_WFS_EPD3"",""CAR_LB_AL2395_A0_WFS_EPD3""]","[""exact"",""exact""]",False
cornea,delta_tf_mtfa_mean,B0-C0,LB_AL2395,,WFS,3.0,-0.0033158139922540852,not_applicable,,,"[""CAR_LB_AL2395_B0_WFS_EPD3"",""CAR_LB_AL2395_C0_WFS_EPD3""]","[""lower_bound"",""exact""]",False
cornea,delta_tf_mtfa_mean,B0-A0,LB_AL2395,,WFS,5.0,0.001907444271789932,not_applicable,,,"[""CAR_LB_AL2395_B0_WFS_EPD5"",""CAR_LB_AL2395_A0_WFS_EPD5""]","[""exact"",""exact""]",True
cornea,delta_tf_mtfa_mean,C0-A0,LB_AL2395,,WFS,5.0,0.003960077107987861,not_applicable,,,"[""CAR_LB_AL2395_C0_WFS_EPD5"",""CAR_LB_AL2395_A0_WFS_EPD5""]","[""exact"",""exact""]",False
cornea,delta_tf_mtfa_mean,B0-C0,LB_AL2395,,WFS,5.0,-0.002052632836197929,not_applicable,,,"[""CAR_LB_AL2395_B0_WFS_EPD5"",""CAR_LB_AL2395_C0_WFS_EPD5""]","[""exact"",""exact""]",True
cornea,delta_tf_mtfa_mean,B0-A0,LB_AL2395,,RAD,3.0,-0.002771834942771473,not_applicable,,,"[""CAR_LB_AL2395_B0_RAD_EPD3"",""CAR_LB_AL2395_A0_RAD_EPD3""]","[""exact"",""exact""]",False
cornea,delta_tf_mtfa_mean,C0-A0,LB_AL2395,,RAD,3.0,0.0013879757373733148,not_applicable,,,"[""CAR_LB_AL2395_C0_RAD_EPD3"",""CAR_LB_AL2395_A0_RAD_EPD3""]","[""exact"",""exact""]",False
cornea,delta_tf_mtfa_mean,B0-C0,LB_AL2395,,RAD,3.0,-0.004159810680144788,not_applicable,,,"[""CAR_LB_AL2395_B0_RAD_EPD3"",""CAR_LB_AL2395_C0_RAD_EPD3""]","[""exact"",""exact""]",False
cornea,delta_tf_mtfa_mean,B0-A0,LB_AL2395,,RAD,5.0,0.00171793384184106,not_applicable,,,"[""CAR_LB_AL2395_B0_RAD_EPD5"",""CAR_LB_AL2395_A0_RAD_EPD5""]","[""exact"",""exact""]",True
cornea,delta_tf_mtfa_mean,C0-A0,LB_AL2395,,RAD,5.0,0.009772433348518045,not_applicable,,,"[""CAR_LB_AL2395_C0_RAD_EPD5"",""CAR_LB_AL2395_A0_RAD_EPD5""]","[""lower_bound"",""exact""]",False
cornea,delta_tf_mtfa_mean,B0-C0,LB_AL2395,,RAD,5.0,-0.008054499506676985,not_applicable,,,"[""CAR_LB_AL2395_B0_RAD_EPD5"",""CAR_LB_AL2395_C0_RAD_EPD5""]","[""exact"",""lower_bound""]",True
cornea,delta_tf_mtfa_mean,B0-A0,LB_AL2395,,HOA,3.0,0.0019054704425656432,not_applicable,,,"[""CAR_LB_AL2395_B0_HOA_EPD3"",""CAR_LB_AL2395_A0_HOA_EPD3""]","[""exact"",""exact""]",False
cornea,delta_tf_mtfa_mean,C0-A0,LB_AL2395,,HOA,3.0,-0.0008970888623784368,not_applicable,,,"[""CAR_LB_AL2395_C0_HOA_EPD3"",""CAR_LB_AL2395_A0_HOA_EPD3""]","[""exact"",""exact""]",False
cornea,delta_tf_mtfa_mean,B0-C0,LB_AL2395,,HOA,3.0,0.00280255930494408,not_applicable,,,"[""CAR_LB_AL2395_B0_HOA_EPD3"",""CAR_LB_AL2395_C0_HOA_EPD3""]","[""exact"",""exact""]",False
cornea,delta_tf_mtfa_mean,B0-A0,LB_AL2395,,HOA,5.0,0.00267885309245694,not_applicable,,,"[""CAR_LB_AL2395_B0_HOA_EPD5"",""CAR_LB_AL2395_A0_HOA_EPD5""]","[""exact"",""exact""]",True
cornea,delta_tf_mtfa_mean,C0-A0,LB_AL2395,,HOA,5.0,-0.005243038421420189,not_applicable,,,"[""CAR_LB_AL2395_C0_HOA_EPD5"",""CAR_LB_AL2395_A0_HOA_EPD5""]","[""exact"",""exact""]",True
cornea,delta_tf_mtfa_mean,B0-C0,LB_AL2395,,HOA,5.0,0.007921891513877129,not_applicable,,,"[""CAR_LB_AL2395_B0_HOA_EPD5"",""CAR_LB_AL2395_C0_HOA_EPD5""]","[""exact"",""exact""]",True
cornea,delta_tf_mtfa_mean,B0-A0,ATC_M3_AL24477,,WFS,3.0,-0.0024813833837088184,not_applicable,,,"[""CAR_ATC_M3_AL24477_B0_WFS_EPD3"",""CAR_ATC_M3_AL24477_A0_WFS_EPD3""]","[""lower_bound"",""exact""]",False
cornea,delta_tf_mtfa_mean,C0-A0,ATC_M3_AL24477,,WFS,3.0,0.0007552262105501306,not_applicable,,,"[""CAR_ATC_M3_AL24477_C0_WFS_EPD3"",""CAR_ATC_M3_AL24477_A0_WFS_EPD3""]","[""exact"",""exact""]",False
cornea,delta_tf_mtfa_mean,B0-C0,ATC_M3_AL24477,,WFS,3.0,-0.003236609594258949,not_applicable,,,"[""CAR_ATC_M3_AL24477_B0_WFS_EPD3"",""CAR_ATC_M3_AL24477_C0_WFS_EPD3""]","[""lower_bound"",""exact""]",False
cornea,delta_tf_mtfa_mean,B0-A0,ATC_M3_AL24477,,WFS,5.0,0.0019938872220281872,not_applicable,,,"[""CAR_ATC_M3_AL24477_B0_WFS_EPD5"",""CAR_ATC_M3_AL24477_A0_WFS_EPD5""]","[""exact"",""exact""]",True
cornea,delta_tf_mtfa_mean,C0-A0,ATC_M3_AL24477,,WFS,5.0,0.005019111230194287,not_applicable,,,"[""CAR_ATC_M3_AL24477_C0_WFS_EPD5"",""CAR_ATC_M3_AL24477_A0_WFS_EPD5""]","[""exact"",""exact""]",False
cornea,delta_tf_mtfa_mean,B0-C0,ATC_M3_AL24477,,WFS,5.0,-0.0030252240081660997,not_applicable,,,"[""CAR_ATC_M3_AL24477_B0_WFS_EPD5"",""CAR_ATC_M3_AL24477_C0_WFS_EPD5""]","[""exact"",""exact""]",True
cornea,delta_tf_mtfa_mean,B0-A0,ATC_M3_AL24477,,RAD,3.0,-0.003018015791736911,not_applicable,,,"[""CAR_ATC_M3_AL24477_B0_RAD_EPD3"",""CAR_ATC_M3_AL24477_A0_RAD_EPD3""]","[""exact"",""exact""]",False
cornea,delta_tf_mtfa_mean,C0-A0,ATC_M3_AL24477,,RAD,3.0,0.0015254901851697866,not_applicable,,,"[""CAR_ATC_M3_AL24477_C0_RAD_EPD3"",""CAR_ATC_M3_AL24477_A0_RAD_EPD3""]","[""exact"",""exact""]",False
cornea,delta_tf_mtfa_mean,B0-C0,ATC_M3_AL24477,,RAD,3.0,-0.004543505976906698,not_applicable,,,"[""CAR_ATC_M3_AL24477_B0_RAD_EPD3"",""CAR_ATC_M3_AL24477_C0_RAD_EPD3""]","[""exact"",""exact""]",False
cornea,delta_tf_mtfa_mean,B0-A0,ATC_M3_AL24477,,RAD,5.0,0.0034288841150278138,not_applicable,,,"[""CAR_ATC_M3_AL24477_B0_RAD_EPD5"",""CAR_ATC_M3_AL24477_A0_RAD_EPD5""]","[""exact"",""exact""]",True
cornea,delta_tf_mtfa_mean,C0-A0,ATC_M3_AL24477,,RAD,5.0,0.01047848505747312,not_applicable,,,"[""CAR_ATC_M3_AL24477_C0_RAD_EPD5"",""CAR_ATC_M3_AL24477_A0_RAD_EPD5""]","[""lower_bound"",""exact""]",False
cornea,delta_tf_mtfa_mean,B0-C0,ATC_M3_AL24477,,RAD,5.0,-0.0070496009424453054,not_applicable,,,"[""CAR_ATC_M3_AL24477_B0_RAD_EPD5"",""CAR_ATC_M3_AL24477_C0_RAD_EPD5""]","[""exact"",""lower_bound""]",True
cornea,delta_tf_mtfa_mean,B0-A0,ATC_M3_AL24477,,HOA,3.0,0.0015790792681873167,not_applicable,,,"[""CAR_ATC_M3_AL24477_B0_HOA_EPD3"",""CAR_ATC_M3_AL24477_A0_HOA_EPD3""]","[""exact"",""exact""]",False
cornea,delta_tf_mtfa_mean,C0-A0,ATC_M3_AL24477,,HOA,3.0,-0.0008643449900544026,not_applicable,,,"[""CAR_ATC_M3_AL24477_C0_HOA_EPD3"",""CAR_ATC_M3_AL24477_A0_HOA_EPD3""]","[""exact"",""exact""]",False
cornea,delta_tf_mtfa_mean,B0-C0,ATC_M3_AL24477,,HOA,3.0,0.0024434242582417193,not_applicable,,,"[""CAR_ATC_M3_AL24477_B0_HOA_EPD3"",""CAR_ATC_M3_AL24477_C0_HOA_EPD3""]","[""exact"",""exact""]",False
cornea,delta_tf_mtfa_mean,B0-A0,ATC_M3_AL24477,,HOA,5.0,0.0012961240572861438,not_applicable,,,"[""CAR_ATC_M3_AL24477_B0_HOA_EPD5"",""CAR_ATC_M3_AL24477_A0_HOA_EPD5""]","[""exact"",""exact""]",True
cornea,delta_tf_mtfa_mean,C0-A0,ATC_M3_AL24477,,HOA,5.0,-0.005299778637879365,not_applicable,,,"[""CAR_ATC_M3_AL24477_C0_HOA_EPD5"",""CAR_ATC_M3_AL24477_A0_HOA_EPD5""]","[""lower_bound"",""exact""]",True
cornea,delta_tf_mtfa_mean,B0-C0,ATC_M3_AL24477,,HOA,5.0,0.006595902695165509,not_applicable,,,"[""CAR_ATC_M3_AL24477_B0_HOA_EPD5"",""CAR_ATC_M3_AL24477_C0_HOA_EPD5""]","[""exact"",""lower_bound""]",True
cornea_x_platform_did,delta_tf_mtfa_mean,(B0-A0)_WFS-(B0-A0)_RAD,LB_AL2395,,,3.0,-0.000257865496089249,not_applicable,,,"[""CAR_LB_AL2395_B0_WFS_EPD3"",""CAR_LB_AL2395_A0_WFS_EPD3"",""CAR_LB_AL2395_B0_RAD_EPD3"",""CAR_LB_AL2395_A0_RAD_EPD3""]","[""lower_bound"",""exact"",""exact"",""exact""]",False
cornea_x_platform_did,delta_tf_mtfa_mean,(B0-A0)_WFS-(B0-A0)_HOA,LB_AL2395,,,3.0,-0.004935170881426365,not_applicable,,,"[""CAR_LB_AL2395_B0_WFS_EPD3"",""CAR_LB_AL2395_A0_WFS_EPD3"",""CAR_LB_AL2395_B0_HOA_EPD3"",""CAR_LB_AL2395_A0_HOA_EPD3""]","[""lower_bound"",""exact"",""exact"",""exact""]",False
cornea_x_platform_did,delta_tf_mtfa_mean,(B0-A0)_RAD-(B0-A0)_HOA,LB_AL2395,,,3.0,-0.004677305385337116,not_applicable,,,"[""CAR_LB_AL2395_B0_RAD_EPD3"",""CAR_LB_AL2395_A0_RAD_EPD3"",""CAR_LB_AL2395_B0_HOA_EPD3"",""CAR_LB_AL2395_A0_HOA_EPD3""]","[""exact"",""exact"",""exact"",""exact""]",False
cornea_x_platform_did,delta_tf_mtfa_mean,(C0-A0)_WFS-(C0-A0)_RAD,LB_AL2395,,,3.0,-0.0011018621839799514,not_applicable,,,"[""CAR_LB_AL2395_C0_WFS_EPD3"",""CAR_LB_AL2395_A0_WFS_EPD3"",""CAR_LB_AL2395_C0_RAD_EPD3"",""CAR_LB_AL2395_A0_RAD_EPD3""]","[""exact"",""exact"",""exact"",""exact""]",False
cornea_x_platform_did,delta_tf_mtfa_mean,(C0-A0)_WFS-(C0-A0)_HOA,LB_AL2395,,,3.0,0.0011832024157718002,not_applicable,,,"[""CAR_LB_AL2395_C0_WFS_EPD3"",""CAR_LB_AL2395_A0_WFS_EPD3"",""CAR_LB_AL2395_C0_HOA_EPD3"",""CAR_LB_AL2395_A0_HOA_EPD3""]","[""exact"",""exact"",""exact"",""exact""]",False
cornea_x_platform_did,delta_tf_mtfa_mean,(C0-A0)_RAD-(C0-A0)_HOA,LB_AL2395,,,3.0,0.0022850645997517516,not_applicable,,,"[""CAR_LB_AL2395_C0_RAD_EPD3"",""CAR_LB_AL2395_A0_RAD_EPD3"",""CAR_LB_AL2395_C0_HOA_EPD3"",""CAR_LB_AL2395_A0_HOA_EPD3""]","[""exact"",""exact"",""exact"",""exact""]",False
cornea_x_platform_did,delta_tf_mtfa_mean,(B0-C0)_WFS-(B0-C0)_RAD,LB_AL2395,,,3.0,0.0008439966878907024,not_applicable,,,"[""CAR_LB_AL2395_B0_WFS_EPD3"",""CAR_LB_AL2395_C0_WFS_EPD3"",""CAR_LB_AL2395_B0_RAD_EPD3"",""CAR_LB_AL2395_C0_RAD_EPD3""]","[""lower_bound"",""exact"",""exact"",""exact""]",False
cornea_x_platform_did,delta_tf_mtfa_mean,(B0-C0)_WFS-(B0-C0)_HOA,LB_AL2395,,,3.0,-0.006118373297198165,not_applicable,,,"[""CAR_LB_AL2395_B0_WFS_EPD3"",""CAR_LB_AL2395_C0_WFS_EPD3"",""CAR_LB_AL2395_B0_HOA_EPD3"",""CAR_LB_AL2395_C0_HOA_EPD3""]","[""lower_bound"",""exact"",""exact"",""exact""]",False
cornea_x_platform_did,delta_tf_mtfa_mean,(B0-C0)_RAD-(B0-C0)_HOA,LB_AL2395,,,3.0,-0.006962369985088868,not_applicable,,,"[""CAR_LB_AL2395_B0_RAD_EPD3"",""CAR_LB_AL2395_C0_RAD_EPD3"",""CAR_LB_AL2395_B0_HOA_EPD3"",""CAR_LB_AL2395_C0_HOA_EPD3""]","[""exact"",""exact"",""exact"",""exact""]",False
cornea_x_platform_did,delta_tf_mtfa_mean,(B0-A0)_WFS-(B0-A0)_RAD,LB_AL2395,,,5.0,0.00018951042994887202,not_applicable,,,"[""CAR_LB_AL2395_B0_WFS_EPD5"",""CAR_LB_AL2395_A0_WFS_EPD5"",""CAR_LB_AL2395_B0_RAD_EPD5"",""CAR_LB_AL2395_A0_RAD_EPD5""]","[""exact"",""exact"",""exact"",""exact""]",True
cornea_x_platform_did,delta_tf_mtfa_mean,(B0-A0)_WFS-(B0-A0)_HOA,LB_AL2395,,,5.0,-0.0007714088206670078,not_applicable,,,"[""CAR_LB_AL2395_B0_WFS_EPD5"",""CAR_LB_AL2395_A0_WFS_EPD5"",""CAR_LB_AL2395_B0_HOA_EPD5"",""CAR_LB_AL2395_A0_HOA_EPD5""]","[""exact"",""exact"",""exact"",""exact""]",True
cornea_x_platform_did,delta_tf_mtfa_mean,(B0-A0)_RAD-(B0-A0)_HOA,LB_AL2395,,,5.0,-0.0009609192506158798,not_applicable,,,"[""CAR_LB_AL2395_B0_RAD_EPD5"",""CAR_LB_AL2395_A0_RAD_EPD5"",""CAR_LB_AL2395_B0_HOA_EPD5"",""CAR_LB_AL2395_A0_HOA_EPD5""]","[""exact"",""exact"",""exact"",""exact""]",True
cornea_x_platform_did,delta_tf_mtfa_mean,(C0-A0)_WFS-(C0-A0)_RAD,LB_AL2395,,,5.0,-0.005812356240530184,not_applicable,,,"[""CAR_LB_AL2395_C0_WFS_EPD5"",""CAR_LB_AL2395_A0_WFS_EPD5"",""CAR_LB_AL2395_C0_RAD_EPD5"",""CAR_LB_AL2395_A0_RAD_EPD5""]","[""exact"",""exact"",""lower_bound"",""exact""]",False
cornea_x_platform_did,delta_tf_mtfa_mean,(C0-A0)_WFS-(C0-A0)_HOA,LB_AL2395,,,5.0,0.00920311552940805,not_applicable,,,"[""CAR_LB_AL2395_C0_WFS_EPD5"",""CAR_LB_AL2395_A0_WFS_EPD5"",""CAR_LB_AL2395_C0_HOA_EPD5"",""CAR_LB_AL2395_A0_HOA_EPD5""]","[""exact"",""exact"",""exact"",""exact""]",True
cornea_x_platform_did,delta_tf_mtfa_mean,(C0-A0)_RAD-(C0-A0)_HOA,LB_AL2395,,,5.0,0.015015471769938234,not_applicable,,,"[""CAR_LB_AL2395_C0_RAD_EPD5"",""CAR_LB_AL2395_A0_RAD_EPD5"",""CAR_LB_AL2395_C0_HOA_EPD5"",""CAR_LB_AL2395_A0_HOA_EPD5""]","[""lower_bound"",""exact"",""exact"",""exact""]",True
cornea_x_platform_did,delta_tf_mtfa_mean,(B0-C0)_WFS-(B0-C0)_RAD,LB_AL2395,,,5.0,0.006001866670479056,not_applicable,,,"[""CAR_LB_AL2395_B0_WFS_EPD5"",""CAR_LB_AL2395_C0_WFS_EPD5"",""CAR_LB_AL2395_B0_RAD_EPD5"",""CAR_LB_AL2395_C0_RAD_EPD5""]","[""exact"",""exact"",""exact"",""lower_bound""]",True
cornea_x_platform_did,delta_tf_mtfa_mean,(B0-C0)_WFS-(B0-C0)_HOA,LB_AL2395,,,5.0,-0.009974524350075058,not_applicable,,,"[""CAR_LB_AL2395_B0_WFS_EPD5"",""CAR_LB_AL2395_C0_WFS_EPD5"",""CAR_LB_AL2395_B0_HOA_EPD5"",""CAR_LB_AL2395_C0_HOA_EPD5""]","[""exact"",""exact"",""exact"",""exact""]",True
cornea_x_platform_did,delta_tf_mtfa_mean,(B0-C0)_RAD-(B0-C0)_HOA,LB_AL2395,,,5.0,-0.015976391020554113,not_applicable,,,"[""CAR_LB_AL2395_B0_RAD_EPD5"",""CAR_LB_AL2395_C0_RAD_EPD5"",""CAR_LB_AL2395_B0_HOA_EPD5"",""CAR_LB_AL2395_C0_HOA_EPD5""]","[""exact"",""lower_bound"",""exact"",""exact""]",True
cornea_x_platform_did,delta_tf_mtfa_mean,(B0-A0)_WFS-(B0-A0)_RAD,ATC_M3_AL24477,,,3.0,0.0005366324080280926,not_applicable,,,"[""CAR_ATC_M3_AL24477_B0_WFS_EPD3"",""CAR_ATC_M3_AL24477_A0_WFS_EPD3"",""CAR_ATC_M3_AL24477_B0_RAD_EPD3"",""CAR_ATC_M3_AL24477_A0_RAD_EPD3""]","[""lower_bound"",""exact"",""exact"",""exact""]",False
cornea_x_platform_did,delta_tf_mtfa_mean,(B0-A0)_WFS-(B0-A0)_HOA,ATC_M3_AL24477,,,3.0,-0.004060462651896135,not_applicable,,,"[""CAR_ATC_M3_AL24477_B0_WFS_EPD3"",""CAR_ATC_M3_AL24477_A0_WFS_EPD3"",""CAR_ATC_M3_AL24477_B0_HOA_EPD3"",""CAR_ATC_M3_AL24477_A0_HOA_EPD3""]","[""lower_bound"",""exact"",""exact"",""exact""]",False
cornea_x_platform_did,delta_tf_mtfa_mean,(B0-A0)_RAD-(B0-A0)_HOA,ATC_M3_AL24477,,,3.0,-0.004597095059924228,not_applicable,,,"[""CAR_ATC_M3_AL24477_B0_RAD_EPD3"",""CAR_ATC_M3_AL24477_A0_RAD_EPD3"",""CAR_ATC_M3_AL24477_B0_HOA_EPD3"",""CAR_ATC_M3_AL24477_A0_HOA_EPD3""]","[""exact"",""exact"",""exact"",""exact""]",False
cornea_x_platform_did,delta_tf_mtfa_mean,(C0-A0)_WFS-(C0-A0)_RAD,ATC_M3_AL24477,,,3.0,-0.000770263974619656,not_applicable,,,"[""CAR_ATC_M3_AL24477_C0_WFS_EPD3"",""CAR_ATC_M3_AL24477_A0_WFS_EPD3"",""CAR_ATC_M3_AL24477_C0_RAD_EPD3"",""CAR_ATC_M3_AL24477_A0_RAD_EPD3""]","[""exact"",""exact"",""exact"",""exact""]",False
cornea_x_platform_did,delta_tf_mtfa_mean,(C0-A0)_WFS-(C0-A0)_HOA,ATC_M3_AL24477,,,3.0,0.0016195712006045332,not_applicable,,,"[""CAR_ATC_M3_AL24477_C0_WFS_EPD3"",""CAR_ATC_M3_AL24477_A0_WFS_EPD3"",""CAR_ATC_M3_AL24477_C0_HOA_EPD3"",""CAR_ATC_M3_AL24477_A0_HOA_EPD3""]","[""exact"",""exact"",""exact"",""exact""]",False
cornea_x_platform_did,delta_tf_mtfa_mean,(C0-A0)_RAD-(C0-A0)_HOA,ATC_M3_AL24477,,,3.0,0.002389835175224189,not_applicable,,,"[""CAR_ATC_M3_AL24477_C0_RAD_EPD3"",""CAR_ATC_M3_AL24477_A0_RAD_EPD3"",""CAR_ATC_M3_AL24477_C0_HOA_EPD3"",""CAR_ATC_M3_AL24477_A0_HOA_EPD3""]","[""exact"",""exact"",""exact"",""exact""]",False
cornea_x_platform_did,delta_tf_mtfa_mean,(B0-C0)_WFS-(B0-C0)_RAD,ATC_M3_AL24477,,,3.0,0.0013068963826477487,not_applicable,,,"[""CAR_ATC_M3_AL24477_B0_WFS_EPD3"",""CAR_ATC_M3_AL24477_C0_WFS_EPD3"",""CAR_ATC_M3_AL24477_B0_RAD_EPD3"",""CAR_ATC_M3_AL24477_C0_RAD_EPD3""]","[""lower_bound"",""exact"",""exact"",""exact""]",False
cornea_x_platform_did,delta_tf_mtfa_mean,(B0-C0)_WFS-(B0-C0)_HOA,ATC_M3_AL24477,,,3.0,-0.005680033852500668,not_applicable,,,"[""CAR_ATC_M3_AL24477_B0_WFS_EPD3"",""CAR_ATC_M3_AL24477_C0_WFS_EPD3"",""CAR_ATC_M3_AL24477_B0_HOA_EPD3"",""CAR_ATC_M3_AL24477_C0_HOA_EPD3""]","[""lower_bound"",""exact"",""exact"",""exact""]",False
cornea_x_platform_did,delta_tf_mtfa_mean,(B0-C0)_RAD-(B0-C0)_HOA,ATC_M3_AL24477,,,3.0,-0.006986930235148417,not_applicable,,,"[""CAR_ATC_M3_AL24477_B0_RAD_EPD3"",""CAR_ATC_M3_AL24477_C0_RAD_EPD3"",""CAR_ATC_M3_AL24477_B0_HOA_EPD3"",""CAR_ATC_M3_AL24477_C0_HOA_EPD3""]","[""exact"",""exact"",""exact"",""exact""]",False
cornea_x_platform_did,delta_tf_mtfa_mean,(B0-A0)_WFS-(B0-A0)_RAD,ATC_M3_AL24477,,,5.0,-0.0014349968929996265,not_applicable,,,"[""CAR_ATC_M3_AL24477_B0_WFS_EPD5"",""CAR_ATC_M3_AL24477_A0_WFS_EPD5"",""CAR_ATC_M3_AL24477_B0_RAD_EPD5"",""CAR_ATC_M3_AL24477_A0_RAD_EPD5""]","[""exact"",""exact"",""exact"",""exact""]",True
cornea_x_platform_did,delta_tf_mtfa_mean,(B0-A0)_WFS-(B0-A0)_HOA,ATC_M3_AL24477,,,5.0,0.0006977631647420435,not_applicable,,,"[""CAR_ATC_M3_AL24477_B0_WFS_EPD5"",""CAR_ATC_M3_AL24477_A0_WFS_EPD5"",""CAR_ATC_M3_AL24477_B0_HOA_EPD5"",""CAR_ATC_M3_AL24477_A0_HOA_EPD5""]","[""exact"",""exact"",""exact"",""exact""]",True
cornea_x_platform_did,delta_tf_mtfa_mean,(B0-A0)_RAD-(B0-A0)_HOA,ATC_M3_AL24477,,,5.0,0.00213276005774167,not_applicable,,,"[""CAR_ATC_M3_AL24477_B0_RAD_EPD5"",""CAR_ATC_M3_AL24477_A0_RAD_EPD5"",""CAR_ATC_M3_AL24477_B0_HOA_EPD5"",""CAR_ATC_M3_AL24477_A0_HOA_EPD5""]","[""exact"",""exact"",""exact"",""exact""]",True
cornea_x_platform_did,delta_tf_mtfa_mean,(C0-A0)_WFS-(C0-A0)_RAD,ATC_M3_AL24477,,,5.0,-0.005459373827278832,not_applicable,,,"[""CAR_ATC_M3_AL24477_C0_WFS_EPD5"",""CAR_ATC_M3_AL24477_A0_WFS_EPD5"",""CAR_ATC_M3_AL24477_C0_RAD_EPD5"",""CAR_ATC_M3_AL24477_A0_RAD_EPD5""]","[""exact"",""exact"",""lower_bound"",""exact""]",False
cornea_x_platform_did,delta_tf_mtfa_mean,(C0-A0)_WFS-(C0-A0)_HOA,ATC_M3_AL24477,,,5.0,0.010318889868073652,not_applicable,,,"[""CAR_ATC_M3_AL24477_C0_WFS_EPD5"",""CAR_ATC_M3_AL24477_A0_WFS_EPD5"",""CAR_ATC_M3_AL24477_C0_HOA_EPD5"",""CAR_ATC_M3_AL24477_A0_HOA_EPD5""]","[""exact"",""exact"",""lower_bound"",""exact""]",True
cornea_x_platform_did,delta_tf_mtfa_mean,(C0-A0)_RAD-(C0-A0)_HOA,ATC_M3_AL24477,,,5.0,0.015778263695352485,not_applicable,,,"[""CAR_ATC_M3_AL24477_C0_RAD_EPD5"",""CAR_ATC_M3_AL24477_A0_RAD_EPD5"",""CAR_ATC_M3_AL24477_C0_HOA_EPD5"",""CAR_ATC_M3_AL24477_A0_HOA_EPD5""]","[""lower_bound"",""exact"",""lower_bound"",""exact""]",True
cornea_x_platform_did,delta_tf_mtfa_mean,(B0-C0)_WFS-(B0-C0)_RAD,ATC_M3_AL24477,,,5.0,0.004024376934279206,not_applicable,,,"[""CAR_ATC_M3_AL24477_B0_WFS_EPD5"",""CAR_ATC_M3_AL24477_C0_WFS_EPD5"",""CAR_ATC_M3_AL24477_B0_RAD_EPD5"",""CAR_ATC_M3_AL24477_C0_RAD_EPD5""]","[""exact"",""exact"",""exact"",""lower_bound""]",True
cornea_x_platform_did,delta_tf_mtfa_mean,(B0-C0)_WFS-(B0-C0)_HOA,ATC_M3_AL24477,,,5.0,-0.009621126703331609,not_applicable,,,"[""CAR_ATC_M3_AL24477_B0_WFS_EPD5"",""CAR_ATC_M3_AL24477_C0_WFS_EPD5"",""CAR_ATC_M3_AL24477_B0_HOA_EPD5"",""CAR_ATC_M3_AL24477_C0_HOA_EPD5""]","[""exact"",""exact"",""exact"",""lower_bound""]",True
cornea_x_platform_did,delta_tf_mtfa_mean,(B0-C0)_RAD-(B0-C0)_HOA,ATC_M3_AL24477,,,5.0,-0.013645503637610815,not_applicable,,,"[""CAR_ATC_M3_AL24477_B0_RAD_EPD5"",""CAR_ATC_M3_AL24477_C0_RAD_EPD5"",""CAR_ATC_M3_AL24477_B0_HOA_EPD5"",""CAR_ATC_M3_AL24477_C0_HOA_EPD5""]","[""exact"",""lower_bound"",""exact"",""lower_bound""]",True
pupil_sensitivity,delta_tf_mtfa_mean,EPD5-EPD3,LB_AL2395,A0,WFS,,0.006964180151209573,not_applicable,,,"[""CAR_LB_AL2395_A0_WFS_EPD5"",""CAR_LB_AL2395_A0_WFS_EPD3""]","[""exact"",""exact""]",False
pupil_sensitivity,delta_tf_mtfa_mean,EPD5-EPD3,LB_AL2395,A0,RAD,,0.0028980798366113336,not_applicable,,,"[""CAR_LB_AL2395_A0_RAD_EPD5"",""CAR_LB_AL2395_A0_RAD_EPD3""]","[""exact"",""exact""]",False
pupil_sensitivity,delta_tf_mtfa_mean,EPD5-EPD3,LB_AL2395,A0,HOA,,0.05590317586686955,not_applicable,,,"[""CAR_LB_AL2395_A0_HOA_EPD5"",""CAR_LB_AL2395_A0_HOA_EPD3""]","[""exact"",""exact""]",True
pupil_sensitivity,delta_tf_mtfa_mean,EPD5-EPD3,LB_AL2395,B0,WFS,,0.011901324861860227,not_applicable,,,"[""CAR_LB_AL2395_B0_WFS_EPD5"",""CAR_LB_AL2395_B0_WFS_EPD3""]","[""exact"",""lower_bound""]",True
pupil_sensitivity,delta_tf_mtfa_mean,EPD5-EPD3,LB_AL2395,B0,RAD,,0.007387848621223866,not_applicable,,,"[""CAR_LB_AL2395_B0_RAD_EPD5"",""CAR_LB_AL2395_B0_RAD_EPD3""]","[""exact"",""exact""]",True
pupil_sensitivity,delta_tf_mtfa_mean,EPD5-EPD3,LB_AL2395,B0,HOA,,0.056676558516760844,not_applicable,,,"[""CAR_LB_AL2395_B0_HOA_EPD5"",""CAR_LB_AL2395_B0_HOA_EPD3""]","[""exact"",""exact""]",True
pupil_sensitivity,delta_tf_mtfa_mean,EPD5-EPD3,LB_AL2395,C0,WFS,,0.01063814370580407,not_applicable,,,"[""CAR_LB_AL2395_C0_WFS_EPD5"",""CAR_LB_AL2395_C0_WFS_EPD3""]","[""exact"",""exact""]",False
pupil_sensitivity,delta_tf_mtfa_mean,EPD5-EPD3,LB_AL2395,C0,RAD,,0.011282537447756064,not_applicable,,,"[""CAR_LB_AL2395_C0_RAD_EPD5"",""CAR_LB_AL2395_C0_RAD_EPD3""]","[""lower_bound"",""exact""]",False
pupil_sensitivity,delta_tf_mtfa_mean,EPD5-EPD3,LB_AL2395,C0,HOA,,0.051557226307827796,not_applicable,,,"[""CAR_LB_AL2395_C0_HOA_EPD5"",""CAR_LB_AL2395_C0_HOA_EPD3""]","[""exact"",""exact""]",False
pupil_sensitivity,delta_tf_mtfa_mean,EPD5-EPD3,ATC_M3_AL24477,A0,WFS,,0.005943115207704908,not_applicable,,,"[""CAR_ATC_M3_AL24477_A0_WFS_EPD5"",""CAR_ATC_M3_AL24477_A0_WFS_EPD3""]","[""exact"",""exact""]",False
pupil_sensitivity,delta_tf_mtfa_mean,EPD5-EPD3,ATC_M3_AL24477,A0,RAD,,0.0021568609549854206,not_applicable,,,"[""CAR_ATC_M3_AL24477_A0_RAD_EPD5"",""CAR_ATC_M3_AL24477_A0_RAD_EPD3""]","[""exact"",""exact""]",False
pupil_sensitivity,delta_tf_mtfa_mean,EPD5-EPD3,ATC_M3_AL24477,A0,HOA,,0.05689698347141417,not_applicable,,,"[""CAR_ATC_M3_AL24477_A0_HOA_EPD5"",""CAR_ATC_M3_AL24477_A0_HOA_EPD3""]","[""exact"",""exact""]",True
pupil_sensitivity,delta_tf_mtfa_mean,EPD5-EPD3,ATC_M3_AL24477,B0,WFS,,0.010418385813441913,not_applicable,,,"[""CAR_ATC_M3_AL24477_B0_WFS_EPD5"",""CAR_ATC_M3_AL24477_B0_WFS_EPD3""]","[""exact"",""lower_bound""]",True
pupil_sensitivity,delta_tf_mtfa_mean,EPD5-EPD3,ATC_M3_AL24477,B0,RAD,,0.008603760861750145,not_applicable,,,"[""CAR_ATC_M3_AL24477_B0_RAD_EPD5"",""CAR_ATC_M3_AL24477_B0_RAD_EPD3""]","[""exact"",""exact""]",True
pupil_sensitivity,delta_tf_mtfa_mean,EPD5-EPD3,ATC_M3_AL24477,B0,HOA,,0.056614028260513,not_applicable,,,"[""CAR_ATC_M3_AL24477_B0_HOA_EPD5"",""CAR_ATC_M3_AL24477_B0_HOA_EPD3""]","[""exact"",""exact""]",True
pupil_sensitivity,delta_tf_mtfa_mean,EPD5-EPD3,ATC_M3_AL24477,C0,WFS,,0.010207000227349064,not_applicable,,,"[""CAR_ATC_M3_AL24477_C0_WFS_EPD5"",""CAR_ATC_M3_AL24477_C0_WFS_EPD3""]","[""exact"",""exact""]",False
pupil_sensitivity,delta_tf_mtfa_mean,EPD5-EPD3,ATC_M3_AL24477,C0,RAD,,0.011109855827288753,not_applicable,,,"[""CAR_ATC_M3_AL24477_C0_RAD_EPD5"",""CAR_ATC_M3_AL24477_C0_RAD_EPD3""]","[""lower_bound"",""exact""]",False
pupil_sensitivity,delta_tf_mtfa_mean,EPD5-EPD3,ATC_M3_AL24477,C0,HOA,,0.05246154982358921,not_applicable,,,"[""CAR_ATC_M3_AL24477_C0_HOA_EPD5"",""CAR_ATC_M3_AL24477_C0_HOA_EPD3""]","[""lower_bound"",""exact""]",False
base_sensitivity,delta_tf_mtfa_mean,ATC-LB,,A0,WFS,3.0,0.00023328831325494792,not_applicable,,,"[""CAR_ATC_M3_AL24477_A0_WFS_EPD3"",""CAR_LB_AL2395_A0_WFS_EPD3""]","[""exact"",""exact""]",False
base_sensitivity,delta_tf_mtfa_mean,ATC-LB,,A0,WFS,5.0,-0.0007877766302497174,not_applicable,,,"[""CAR_ATC_M3_AL24477_A0_WFS_EPD5"",""CAR_LB_AL2395_A0_WFS_EPD5""]","[""exact"",""exact""]",False
base_sensitivity,delta_tf_mtfa_mean,ATC-LB,,A0,RAD,3.0,0.0007299576244556016,not_applicable,,,"[""CAR_ATC_M3_AL24477_A0_RAD_EPD3"",""CAR_LB_AL2395_A0_RAD_EPD3""]","[""exact"",""exact""]",False
base_sensitivity,delta_tf_mtfa_mean,ATC-LB,,A0,RAD,5.0,-1.1261257170311345e-05,not_applicable,,,"[""CAR_ATC_M3_AL24477_A0_RAD_EPD5"",""CAR_LB_AL2395_A0_RAD_EPD5""]","[""exact"",""exact""]",False
base_sensitivity,delta_tf_mtfa_mean,ATC-LB,,A0,HOA,3.0,-0.00016419864369525417,not_applicable,,,"[""CAR_ATC_M3_AL24477_A0_HOA_EPD3"",""CAR_LB_AL2395_A0_HOA_EPD3""]","[""exact"",""exact""]",False
base_sensitivity,delta_tf_mtfa_mean,ATC-LB,,A0,HOA,5.0,0.0008296089608493679,not_applicable,,,"[""CAR_ATC_M3_AL24477_A0_HOA_EPD5"",""CAR_LB_AL2395_A0_HOA_EPD5""]","[""exact"",""exact""]",True
base_sensitivity,delta_tf_mtfa_mean,ATC-LB,,B0,WFS,3.0,0.0007816053684068514,not_applicable,,,"[""CAR_ATC_M3_AL24477_B0_WFS_EPD3"",""CAR_LB_AL2395_B0_WFS_EPD3""]","[""lower_bound"",""lower_bound""]",False
base_sensitivity,delta_tf_mtfa_mean,ATC-LB,,B0,WFS,5.0,-0.0007013336800114622,not_applicable,,,"[""CAR_ATC_M3_AL24477_B0_WFS_EPD5"",""CAR_LB_AL2395_B0_WFS_EPD5""]","[""exact"",""exact""]",True
base_sensitivity,delta_tf_mtfa_mean,ATC-LB,,B0,RAD,3.0,0.0004837767754901634,not_applicable,,,"[""CAR_ATC_M3_AL24477_B0_RAD_EPD3"",""CAR_LB_AL2395_B0_RAD_EPD3""]","[""exact"",""exact""]",False
base_sensitivity,delta_tf_mtfa_mean,ATC-LB,,B0,RAD,5.0,0.0016996890160164424,not_applicable,,,"[""CAR_ATC_M3_AL24477_B0_RAD_EPD5"",""CAR_LB_AL2395_B0_RAD_EPD5""]","[""exact"",""exact""]",True
base_sensitivity,delta_tf_mtfa_mean,ATC-LB,,B0,HOA,3.0,-0.0004905898180735807,not_applicable,,,"[""CAR_ATC_M3_AL24477_B0_HOA_EPD3"",""CAR_LB_AL2395_B0_HOA_EPD3""]","[""exact"",""exact""]",False
base_sensitivity,delta_tf_mtfa_mean,ATC-LB,,B0,HOA,5.0,-0.0005531200743214282,not_applicable,,,"[""CAR_ATC_M3_AL24477_B0_HOA_EPD5"",""CAR_LB_AL2395_B0_HOA_EPD5""]","[""exact"",""exact""]",True
base_sensitivity,delta_tf_mtfa_mean,ATC-LB,,C0,WFS,3.0,0.0007024009704117151,not_applicable,,,"[""CAR_ATC_M3_AL24477_C0_WFS_EPD3"",""CAR_LB_AL2395_C0_WFS_EPD3""]","[""exact"",""exact""]",False
base_sensitivity,delta_tf_mtfa_mean,ATC-LB,,C0,WFS,5.0,0.00027125749195670845,not_applicable,,,"[""CAR_ATC_M3_AL24477_C0_WFS_EPD5"",""CAR_LB_AL2395_C0_WFS_EPD5""]","[""exact"",""exact""]",False
base_sensitivity,delta_tf_mtfa_mean,ATC-LB,,C0,RAD,3.0,0.0008674720722520735,not_applicable,,,"[""CAR_ATC_M3_AL24477_C0_RAD_EPD3"",""CAR_LB_AL2395_C0_RAD_EPD3""]","[""exact"",""exact""]",False
base_sensitivity,delta_tf_mtfa_mean,ATC-LB,,C0,RAD,5.0,0.0006947904517847631,not_applicable,,,"[""CAR_ATC_M3_AL24477_C0_RAD_EPD5"",""CAR_LB_AL2395_C0_RAD_EPD5""]","[""lower_bound"",""lower_bound""]",False
base_sensitivity,delta_tf_mtfa_mean,ATC-LB,,C0,HOA,3.0,-0.00013145477137121997,not_applicable,,,"[""CAR_ATC_M3_AL24477_C0_HOA_EPD3"",""CAR_LB_AL2395_C0_HOA_EPD3""]","[""exact"",""exact""]",False
base_sensitivity,delta_tf_mtfa_mean,ATC-LB,,C0,HOA,5.0,0.0007728687443901913,not_applicable,,,"[""CAR_ATC_M3_AL24477_C0_HOA_EPD5"",""CAR_LB_AL2395_C0_HOA_EPD5""]","[""lower_bound"",""exact""]",False
platform,delta_c40_um,WFS-RAD,LB_AL2395,A0,,3.0,0.02760926303046344,not_applicable,,,"[""CAR_LB_AL2395_A0_WFS_EPD3"",""CAR_LB_AL2395_A0_RAD_EPD3""]","[""exact"",""exact""]",False
platform,delta_c40_um,WFS-HOA,LB_AL2395,A0,,3.0,0.09883738750662532,not_applicable,,,"[""CAR_LB_AL2395_A0_WFS_EPD3"",""CAR_LB_AL2395_A0_HOA_EPD3""]","[""exact"",""exact""]",False
platform,delta_c40_um,RAD-HOA,LB_AL2395,A0,,3.0,0.07122812447616189,not_applicable,,,"[""CAR_LB_AL2395_A0_RAD_EPD3"",""CAR_LB_AL2395_A0_HOA_EPD3""]","[""exact"",""exact""]",False
platform,delta_c40_um,WFS-RAD,LB_AL2395,A0,,5.0,0.13097105199893516,not_applicable,,,"[""CAR_LB_AL2395_A0_WFS_EPD5"",""CAR_LB_AL2395_A0_RAD_EPD5""]","[""exact"",""exact""]",False
platform,delta_c40_um,WFS-HOA,LB_AL2395,A0,,5.0,0.004408646997897586,not_applicable,,,"[""CAR_LB_AL2395_A0_WFS_EPD5"",""CAR_LB_AL2395_A0_HOA_EPD5""]","[""exact"",""exact""]",True
platform,delta_c40_um,RAD-HOA,LB_AL2395,A0,,5.0,-0.12656240500103758,not_applicable,,,"[""CAR_LB_AL2395_A0_RAD_EPD5"",""CAR_LB_AL2395_A0_HOA_EPD5""]","[""exact"",""exact""]",True
platform,delta_c40_um,WFS-RAD,LB_AL2395,B0,,3.0,0.027037260080526267,not_applicable,,,"[""CAR_LB_AL2395_B0_WFS_EPD3"",""CAR_LB_AL2395_B0_RAD_EPD3""]","[""lower_bound"",""exact""]",False
platform,delta_c40_um,WFS-HOA,LB_AL2395,B0,,3.0,0.09898722118789034,not_applicable,,,"[""CAR_LB_AL2395_B0_WFS_EPD3"",""CAR_LB_AL2395_B0_HOA_EPD3""]","[""lower_bound"",""exact""]",False
platform,delta_c40_um,RAD-HOA,LB_AL2395,B0,,3.0,0.07194996110736407,not_applicable,,,"[""CAR_LB_AL2395_B0_RAD_EPD3"",""CAR_LB_AL2395_B0_HOA_EPD3""]","[""exact"",""exact""]",False
platform,delta_c40_um,WFS-RAD,LB_AL2395,B0,,5.0,0.13096491147089392,not_applicable,,,"[""CAR_LB_AL2395_B0_WFS_EPD5"",""CAR_LB_AL2395_B0_RAD_EPD5""]","[""exact"",""exact""]",True
platform,delta_c40_um,WFS-HOA,LB_AL2395,B0,,5.0,0.004373873536447748,not_applicable,,,"[""CAR_LB_AL2395_B0_WFS_EPD5"",""CAR_LB_AL2395_B0_HOA_EPD5""]","[""exact"",""exact""]",True
platform,delta_c40_um,RAD-HOA,LB_AL2395,B0,,5.0,-0.12659103793444618,not_applicable,,,"[""CAR_LB_AL2395_B0_RAD_EPD5"",""CAR_LB_AL2395_B0_HOA_EPD5""]","[""exact"",""exact""]",True
platform,delta_c40_um,WFS-RAD,LB_AL2395,C0,,3.0,0.022015679485875947,not_applicable,,,"[""CAR_LB_AL2395_C0_WFS_EPD3"",""CAR_LB_AL2395_C0_RAD_EPD3""]","[""exact"",""exact""]",False
platform,delta_c40_um,WFS-HOA,LB_AL2395,C0,,3.0,0.10224422415010656,not_applicable,,,"[""CAR_LB_AL2395_C0_WFS_EPD3"",""CAR_LB_AL2395_C0_HOA_EPD3""]","[""exact"",""exact""]",False
platform,delta_c40_um,RAD-HOA,LB_AL2395,C0,,3.0,0.08022854466423061,not_applicable,,,"[""CAR_LB_AL2395_C0_RAD_EPD3"",""CAR_LB_AL2395_C0_HOA_EPD3""]","[""exact"",""exact""]",False
platform,delta_c40_um,WFS-RAD,LB_AL2395,C0,,5.0,0.13189505488874453,not_applicable,,,"[""CAR_LB_AL2395_C0_WFS_EPD5"",""CAR_LB_AL2395_C0_RAD_EPD5""]","[""exact"",""lower_bound""]",False
platform,delta_c40_um,WFS-HOA,LB_AL2395,C0,,5.0,0.004816102913422854,not_applicable,,,"[""CAR_LB_AL2395_C0_WFS_EPD5"",""CAR_LB_AL2395_C0_HOA_EPD5""]","[""exact"",""exact""]",False
platform,delta_c40_um,RAD-HOA,LB_AL2395,C0,,5.0,-0.12707895197532168,not_applicable,,,"[""CAR_LB_AL2395_C0_RAD_EPD5"",""CAR_LB_AL2395_C0_HOA_EPD5""]","[""lower_bound"",""exact""]",False
platform,delta_c40_um,WFS-RAD,ATC_M3_AL24477,A0,,3.0,0.027992044783567475,not_applicable,,,"[""CAR_ATC_M3_AL24477_A0_WFS_EPD3"",""CAR_ATC_M3_AL24477_A0_RAD_EPD3""]","[""exact"",""exact""]",False
platform,delta_c40_um,WFS-HOA,ATC_M3_AL24477,A0,,3.0,0.09880935010790076,not_applicable,,,"[""CAR_ATC_M3_AL24477_A0_WFS_EPD3"",""CAR_ATC_M3_AL24477_A0_HOA_EPD3""]","[""exact"",""exact""]",False
platform,delta_c40_um,RAD-HOA,ATC_M3_AL24477,A0,,3.0,0.0708173053243333,not_applicable,,,"[""CAR_ATC_M3_AL24477_A0_RAD_EPD3"",""CAR_ATC_M3_AL24477_A0_HOA_EPD3""]","[""exact"",""exact""]",False
platform,delta_c40_um,WFS-RAD,ATC_M3_AL24477,A0,,5.0,0.13082103064764977,not_applicable,,,"[""CAR_ATC_M3_AL24477_A0_WFS_EPD5"",""CAR_ATC_M3_AL24477_A0_RAD_EPD5""]","[""exact"",""exact""]",False
platform,delta_c40_um,WFS-HOA,ATC_M3_AL24477,A0,,5.0,0.004408859039992621,not_applicable,,,"[""CAR_ATC_M3_AL24477_A0_WFS_EPD5"",""CAR_ATC_M3_AL24477_A0_HOA_EPD5""]","[""exact"",""exact""]",True
platform,delta_c40_um,RAD-HOA,ATC_M3_AL24477,A0,,5.0,-0.12641217160765714,not_applicable,,,"[""CAR_ATC_M3_AL24477_A0_RAD_EPD5"",""CAR_ATC_M3_AL24477_A0_HOA_EPD5""]","[""exact"",""exact""]",True
platform,delta_c40_um,WFS-RAD,ATC_M3_AL24477,B0,,3.0,0.02742217264776902,not_applicable,,,"[""CAR_ATC_M3_AL24477_B0_WFS_EPD3"",""CAR_ATC_M3_AL24477_B0_RAD_EPD3""]","[""lower_bound"",""exact""]",False
platform,delta_c40_um,WFS-HOA,ATC_M3_AL24477,B0,,3.0,0.09896167312722949,not_applicable,,,"[""CAR_ATC_M3_AL24477_B0_WFS_EPD3"",""CAR_ATC_M3_AL24477_B0_HOA_EPD3""]","[""lower_bound"",""exact""]",False
platform,delta_c40_um,RAD-HOA,ATC_M3_AL24477,B0,,3.0,0.07153950047946048,not_applicable,,,"[""CAR_ATC_M3_AL24477_B0_RAD_EPD3"",""CAR_ATC_M3_AL24477_B0_HOA_EPD3""]","[""exact"",""exact""]",False
platform,delta_c40_um,WFS-RAD,ATC_M3_AL24477,B0,,5.0,0.13081633643863783,not_applicable,,,"[""CAR_ATC_M3_AL24477_B0_WFS_EPD5"",""CAR_ATC_M3_AL24477_B0_RAD_EPD5""]","[""exact"",""exact""]",True
platform,delta_c40_um,WFS-HOA,ATC_M3_AL24477,B0,,5.0,0.00437677683475915,not_applicable,,,"[""CAR_ATC_M3_AL24477_B0_WFS_EPD5"",""CAR_ATC_M3_AL24477_B0_HOA_EPD5""]","[""exact"",""exact""]",True
platform,delta_c40_um,RAD-HOA,ATC_M3_AL24477,B0,,5.0,-0.12643955960387868,not_applicable,,,"[""CAR_ATC_M3_AL24477_B0_RAD_EPD5"",""CAR_ATC_M3_AL24477_B0_HOA_EPD5""]","[""exact"",""exact""]",True
platform,delta_c40_um,WFS-RAD,ATC_M3_AL24477,C0,,3.0,0.022428320487724453,not_applicable,,,"[""CAR_ATC_M3_AL24477_C0_WFS_EPD3"",""CAR_ATC_M3_AL24477_C0_RAD_EPD3""]","[""exact"",""exact""]",False
platform,delta_c40_um,WFS-HOA,ATC_M3_AL24477,C0,,3.0,0.1022136963397959,not_applicable,,,"[""CAR_ATC_M3_AL24477_C0_WFS_EPD3"",""CAR_ATC_M3_AL24477_C0_HOA_EPD3""]","[""exact"",""exact""]",False
platform,delta_c40_um,RAD-HOA,ATC_M3_AL24477,C0,,3.0,0.07978537585207146,not_applicable,,,"[""CAR_ATC_M3_AL24477_C0_RAD_EPD3"",""CAR_ATC_M3_AL24477_C0_HOA_EPD3""]","[""exact"",""exact""]",False
platform,delta_c40_um,WFS-RAD,ATC_M3_AL24477,C0,,5.0,0.13175374884534918,not_applicable,,,"[""CAR_ATC_M3_AL24477_C0_WFS_EPD5"",""CAR_ATC_M3_AL24477_C0_RAD_EPD5""]","[""exact"",""lower_bound""]",False
platform,delta_c40_um,WFS-HOA,ATC_M3_AL24477,C0,,5.0,0.004812393612673133,not_applicable,,,"[""CAR_ATC_M3_AL24477_C0_WFS_EPD5"",""CAR_ATC_M3_AL24477_C0_HOA_EPD5""]","[""exact"",""lower_bound""]",False
platform,delta_c40_um,RAD-HOA,ATC_M3_AL24477,C0,,5.0,-0.12694135523267605,not_applicable,,,"[""CAR_ATC_M3_AL24477_C0_RAD_EPD5"",""CAR_ATC_M3_AL24477_C0_HOA_EPD5""]","[""lower_bound"",""lower_bound""]",False
cornea,delta_c40_um,B0-A0,LB_AL2395,,WFS,3.0,6.077408769088882e-05,not_applicable,,,"[""CAR_LB_AL2395_B0_WFS_EPD3"",""CAR_LB_AL2395_A0_WFS_EPD3""]","[""lower_bound"",""exact""]",False
cornea,delta_c40_um,C0-A0,LB_AL2395,,WFS,3.0,0.0005500702851072223,not_applicable,,,"[""CAR_LB_AL2395_C0_WFS_EPD3"",""CAR_LB_AL2395_A0_WFS_EPD3""]","[""exact"",""exact""]",False
cornea,delta_c40_um,B0-C0,LB_AL2395,,WFS,3.0,-0.0004892961974163335,not_applicable,,,"[""CAR_LB_AL2395_B0_WFS_EPD3"",""CAR_LB_AL2395_C0_WFS_EPD3""]","[""lower_bound"",""exact""]",False
cornea,delta_c40_um,B0-A0,LB_AL2395,,WFS,5.0,1.6619243995985578e-05,not_applicable,,,"[""CAR_LB_AL2395_B0_WFS_EPD5"",""CAR_LB_AL2395_A0_WFS_EPD5""]","[""exact"",""exact""]",True
cornea,delta_c40_um,C0-A0,LB_AL2395,,WFS,5.0,0.00022974192797625692,not_applicable,,,"[""CAR_LB_AL2395_C0_WFS_EPD5"",""CAR_LB_AL2395_A0_WFS_EPD5""]","[""exact"",""exact""]",False
cornea,delta_c40_um,B0-C0,LB_AL2395,,WFS,5.0,-0.00021312268398027134,not_applicable,,,"[""CAR_LB_AL2395_B0_WFS_EPD5"",""CAR_LB_AL2395_C0_WFS_EPD5""]","[""exact"",""exact""]",True
cornea,delta_c40_um,B0-A0,LB_AL2395,,RAD,3.0,0.0006327770376280597,not_applicable,,,"[""CAR_LB_AL2395_B0_RAD_EPD3"",""CAR_LB_AL2395_A0_RAD_EPD3""]","[""exact"",""exact""]",False
cornea,delta_c40_um,C0-A0,LB_AL2395,,RAD,3.0,0.006143653829694713,not_applicable,,,"[""CAR_LB_AL2395_C0_RAD_EPD3"",""CAR_LB_AL2395_A0_RAD_EPD3""]","[""exact"",""exact""]",False
cornea,delta_c40_um,B0-C0,LB_AL2395,,RAD,3.0,-0.005510876792066653,not_applicable,,,"[""CAR_LB_AL2395_B0_RAD_EPD3"",""CAR_LB_AL2395_C0_RAD_EPD3""]","[""exact"",""exact""]",False
cornea,delta_c40_um,B0-A0,LB_AL2395,,RAD,5.0,2.2759772037223014e-05,not_applicable,,,"[""CAR_LB_AL2395_B0_RAD_EPD5"",""CAR_LB_AL2395_A0_RAD_EPD5""]","[""exact"",""exact""]",True
cornea,delta_c40_um,C0-A0,LB_AL2395,,RAD,5.0,-0.0006942609618331153,not_applicable,,,"[""CAR_LB_AL2395_C0_RAD_EPD5"",""CAR_LB_AL2395_A0_RAD_EPD5""]","[""lower_bound"",""exact""]",False
cornea,delta_c40_um,B0-C0,LB_AL2395,,RAD,5.0,0.0007170207338703383,not_applicable,,,"[""CAR_LB_AL2395_B0_RAD_EPD5"",""CAR_LB_AL2395_C0_RAD_EPD5""]","[""exact"",""lower_bound""]",True
cornea,delta_c40_um,B0-A0,LB_AL2395,,HOA,3.0,-8.905959357412285e-05,not_applicable,,,"[""CAR_LB_AL2395_B0_HOA_EPD3"",""CAR_LB_AL2395_A0_HOA_EPD3""]","[""exact"",""exact""]",False
cornea,delta_c40_um,C0-A0,LB_AL2395,,HOA,3.0,-0.0028567663583740077,not_applicable,,,"[""CAR_LB_AL2395_C0_HOA_EPD3"",""CAR_LB_AL2395_A0_HOA_EPD3""]","[""exact"",""exact""]",False
cornea,delta_c40_um,B0-C0,LB_AL2395,,HOA,3.0,0.002767706764799885,not_applicable,,,"[""CAR_LB_AL2395_B0_HOA_EPD3"",""CAR_LB_AL2395_C0_HOA_EPD3""]","[""exact"",""exact""]",False
cornea,delta_c40_um,B0-A0,LB_AL2395,,HOA,5.0,5.139270544582408e-05,not_applicable,,,"[""CAR_LB_AL2395_B0_HOA_EPD5"",""CAR_LB_AL2395_A0_HOA_EPD5""]","[""exact"",""exact""]",True
cornea,delta_c40_um,C0-A0,LB_AL2395,,HOA,5.0,-0.0001777139875490108,not_applicable,,,"[""CAR_LB_AL2395_C0_HOA_EPD5"",""CAR_LB_AL2395_A0_HOA_EPD5""]","[""exact"",""exact""]",True
cornea,delta_c40_um,B0-C0,LB_AL2395,,HOA,5.0,0.00022910669299483488,not_applicable,,,"[""CAR_LB_AL2395_B0_HOA_EPD5"",""CAR_LB_AL2395_C0_HOA_EPD5""]","[""exact"",""exact""]",True
cornea,delta_c40_um,B0-A0,ATC_M3_AL24477,,WFS,3.0,6.299956745504237e-05,not_applicable,,,"[""CAR_ATC_M3_AL24477_B0_WFS_EPD3"",""CAR_ATC_M3_AL24477_A0_WFS_EPD3""]","[""lower_bound"",""exact""]",False
cornea,delta_c40_um,C0-A0,ATC_M3_AL24477,,WFS,3.0,0.0005513942989847295,not_applicable,,,"[""CAR_ATC_M3_AL24477_C0_WFS_EPD3"",""CAR_ATC_M3_AL24477_A0_WFS_EPD3""]","[""exact"",""exact""]",False
cornea,delta_c40_um,B0-C0,ATC_M3_AL24477,,WFS,3.0,-0.0004883947315296872,not_applicable,,,"[""CAR_ATC_M3_AL24477_B0_WFS_EPD3"",""CAR_ATC_M3_AL24477_C0_WFS_EPD3""]","[""lower_bound"",""exact""]",False
cornea,delta_c40_um,B0-A0,ATC_M3_AL24477,,WFS,5.0,1.73531026217838e-05,not_applicable,,,"[""CAR_ATC_M3_AL24477_B0_WFS_EPD5"",""CAR_ATC_M3_AL24477_A0_WFS_EPD5""]","[""exact"",""exact""]",True
cornea,delta_c40_um,C0-A0,ATC_M3_AL24477,,WFS,5.0,0.00023024748481338675,not_applicable,,,"[""CAR_ATC_M3_AL24477_C0_WFS_EPD5"",""CAR_ATC_M3_AL24477_A0_WFS_EPD5""]","[""exact"",""exact""]",False
cornea,delta_c40_um,B0-C0,ATC_M3_AL24477,,WFS,5.0,-0.00021289438219160295,not_applicable,,,"[""CAR_ATC_M3_AL24477_B0_WFS_EPD5"",""CAR_ATC_M3_AL24477_C0_WFS_EPD5""]","[""exact"",""exact""]",True
cornea,delta_c40_um,B0-A0,ATC_M3_AL24477,,RAD,3.0,0.0006328717032534955,not_applicable,,,"[""CAR_ATC_M3_AL24477_B0_RAD_EPD3"",""CAR_ATC_M3_AL24477_A0_RAD_EPD3""]","[""exact"",""exact""]",False
cornea,delta_c40_um,C0-A0,ATC_M3_AL24477,,RAD,3.0,0.006115118594827752,not_applicable,,,"[""CAR_ATC_M3_AL24477_C0_RAD_EPD3"",""CAR_ATC_M3_AL24477_A0_RAD_EPD3""]","[""exact"",""exact""]",False
cornea,delta_c40_um,B0-C0,ATC_M3_AL24477,,RAD,3.0,-0.005482246891574257,not_applicable,,,"[""CAR_ATC_M3_AL24477_B0_RAD_EPD3"",""CAR_ATC_M3_AL24477_C0_RAD_EPD3""]","[""exact"",""exact""]",False
cornea,delta_c40_um,B0-A0,ATC_M3_AL24477,,RAD,5.0,2.2047311633716093e-05,not_applicable,,,"[""CAR_ATC_M3_AL24477_B0_RAD_EPD5"",""CAR_ATC_M3_AL24477_A0_RAD_EPD5""]","[""exact"",""exact""]",True
cornea,delta_c40_um,C0-A0,ATC_M3_AL24477,,RAD,5.0,-0.0007024707128860386,not_applicable,,,"[""CAR_ATC_M3_AL24477_C0_RAD_EPD5"",""CAR_ATC_M3_AL24477_A0_RAD_EPD5""]","[""lower_bound"",""exact""]",False
cornea,delta_c40_um,B0-C0,ATC_M3_AL24477,,RAD,5.0,0.0007245180245197547,not_applicable,,,"[""CAR_ATC_M3_AL24477_B0_RAD_EPD5"",""CAR_ATC_M3_AL24477_C0_RAD_EPD5""]","[""exact"",""lower_bound""]",True
cornea,delta_c40_um,B0-A0,ATC_M3_AL24477,,HOA,3.0,-8.932345187367963e-05,not_applicable,,,"[""CAR_ATC_M3_AL24477_B0_HOA_EPD3"",""CAR_ATC_M3_AL24477_A0_HOA_EPD3""]","[""exact"",""exact""]",False
cornea,delta_c40_um,C0-A0,ATC_M3_AL24477,,HOA,3.0,-0.002852951932910408,not_applicable,,,"[""CAR_ATC_M3_AL24477_C0_HOA_EPD3"",""CAR_ATC_M3_AL24477_A0_HOA_EPD3""]","[""exact"",""exact""]",False
cornea,delta_c40_um,B0-C0,ATC_M3_AL24477,,HOA,3.0,0.0027636284810367284,not_applicable,,,"[""CAR_ATC_M3_AL24477_B0_HOA_EPD3"",""CAR_ATC_M3_AL24477_C0_HOA_EPD3""]","[""exact"",""exact""]",False
cornea,delta_c40_um,B0-A0,ATC_M3_AL24477,,HOA,5.0,4.943530785525563e-05,not_applicable,,,"[""CAR_ATC_M3_AL24477_B0_HOA_EPD5"",""CAR_ATC_M3_AL24477_A0_HOA_EPD5""]","[""exact"",""exact""]",True
cornea,delta_c40_um,C0-A0,ATC_M3_AL24477,,HOA,5.0,-0.00017328708786712443,not_applicable,,,"[""CAR_ATC_M3_AL24477_C0_HOA_EPD5"",""CAR_ATC_M3_AL24477_A0_HOA_EPD5""]","[""lower_bound"",""exact""]",True
cornea,delta_c40_um,B0-C0,ATC_M3_AL24477,,HOA,5.0,0.00022272239572238006,not_applicable,,,"[""CAR_ATC_M3_AL24477_B0_HOA_EPD5"",""CAR_ATC_M3_AL24477_C0_HOA_EPD5""]","[""exact"",""lower_bound""]",True
cornea_x_platform_did,delta_c40_um,(B0-A0)_WFS-(B0-A0)_RAD,LB_AL2395,,,3.0,-0.0005720029499371709,not_applicable,,,"[""CAR_LB_AL2395_B0_WFS_EPD3"",""CAR_LB_AL2395_A0_WFS_EPD3"",""CAR_LB_AL2395_B0_RAD_EPD3"",""CAR_LB_AL2395_A0_RAD_EPD3""]","[""lower_bound"",""exact"",""exact"",""exact""]",False
cornea_x_platform_did,delta_c40_um,(B0-A0)_WFS-(B0-A0)_HOA,LB_AL2395,,,3.0,0.00014983368126501861,not_applicable,,,"[""CAR_LB_AL2395_B0_WFS_EPD3"",""CAR_LB_AL2395_A0_WFS_EPD3"",""CAR_LB_AL2395_B0_HOA_EPD3"",""CAR_LB_AL2395_A0_HOA_EPD3""]","[""lower_bound"",""exact"",""exact"",""exact""]",False
cornea_x_platform_did,delta_c40_um,(B0-A0)_RAD-(B0-A0)_HOA,LB_AL2395,,,3.0,0.0007218366312021773,not_applicable,,,"[""CAR_LB_AL2395_B0_RAD_EPD3"",""CAR_LB_AL2395_A0_RAD_EPD3"",""CAR_LB_AL2395_B0_HOA_EPD3"",""CAR_LB_AL2395_A0_HOA_EPD3""]","[""exact"",""exact"",""exact"",""exact""]",False
cornea_x_platform_did,delta_c40_um,(C0-A0)_WFS-(C0-A0)_RAD,LB_AL2395,,,3.0,-0.005593583544587491,not_applicable,,,"[""CAR_LB_AL2395_C0_WFS_EPD3"",""CAR_LB_AL2395_A0_WFS_EPD3"",""CAR_LB_AL2395_C0_RAD_EPD3"",""CAR_LB_AL2395_A0_RAD_EPD3""]","[""exact"",""exact"",""exact"",""exact""]",False
cornea_x_platform_did,delta_c40_um,(C0-A0)_WFS-(C0-A0)_HOA,LB_AL2395,,,3.0,0.003406836643481223,not_applicable,,,"[""CAR_LB_AL2395_C0_WFS_EPD3"",""CAR_LB_AL2395_A0_WFS_EPD3"",""CAR_LB_AL2395_C0_HOA_EPD3"",""CAR_LB_AL2395_A0_HOA_EPD3""]","[""exact"",""exact"",""exact"",""exact""]",False
cornea_x_platform_did,delta_c40_um,(C0-A0)_RAD-(C0-A0)_HOA,LB_AL2395,,,3.0,0.009000420188068722,not_applicable,,,"[""CAR_LB_AL2395_C0_RAD_EPD3"",""CAR_LB_AL2395_A0_RAD_EPD3"",""CAR_LB_AL2395_C0_HOA_EPD3"",""CAR_LB_AL2395_A0_HOA_EPD3""]","[""exact"",""exact"",""exact"",""exact""]",False
cornea_x_platform_did,delta_c40_um,(B0-C0)_WFS-(B0-C0)_RAD,LB_AL2395,,,3.0,0.00502158059465032,not_applicable,,,"[""CAR_LB_AL2395_B0_WFS_EPD3"",""CAR_LB_AL2395_C0_WFS_EPD3"",""CAR_LB_AL2395_B0_RAD_EPD3"",""CAR_LB_AL2395_C0_RAD_EPD3""]","[""lower_bound"",""exact"",""exact"",""exact""]",False
cornea_x_platform_did,delta_c40_um,(B0-C0)_WFS-(B0-C0)_HOA,LB_AL2395,,,3.0,-0.0032570029622162183,not_applicable,,,"[""CAR_LB_AL2395_B0_WFS_EPD3"",""CAR_LB_AL2395_C0_WFS_EPD3"",""CAR_LB_AL2395_B0_HOA_EPD3"",""CAR_LB_AL2395_C0_HOA_EPD3""]","[""lower_bound"",""exact"",""exact"",""exact""]",False
cornea_x_platform_did,delta_c40_um,(B0-C0)_RAD-(B0-C0)_HOA,LB_AL2395,,,3.0,-0.008278583556866538,not_applicable,,,"[""CAR_LB_AL2395_B0_RAD_EPD3"",""CAR_LB_AL2395_C0_RAD_EPD3"",""CAR_LB_AL2395_B0_HOA_EPD3"",""CAR_LB_AL2395_C0_HOA_EPD3""]","[""exact"",""exact"",""exact"",""exact""]",False
cornea_x_platform_did,delta_c40_um,(B0-A0)_WFS-(B0-A0)_RAD,LB_AL2395,,,5.0,-6.140528041237436e-06,not_applicable,,,"[""CAR_LB_AL2395_B0_WFS_EPD5"",""CAR_LB_AL2395_A0_WFS_EPD5"",""CAR_LB_AL2395_B0_RAD_EPD5"",""CAR_LB_AL2395_A0_RAD_EPD5""]","[""exact"",""exact"",""exact"",""exact""]",True
cornea_x_platform_did,delta_c40_um,(B0-A0)_WFS-(B0-A0)_HOA,LB_AL2395,,,5.0,-3.4773461449838505e-05,not_applicable,,,"[""CAR_LB_AL2395_B0_WFS_EPD5"",""CAR_LB_AL2395_A0_WFS_EPD5"",""CAR_LB_AL2395_B0_HOA_EPD5"",""CAR_LB_AL2395_A0_HOA_EPD5""]","[""exact"",""exact"",""exact"",""exact""]",True
cornea_x_platform_did,delta_c40_um,(B0-A0)_RAD-(B0-A0)_HOA,LB_AL2395,,,5.0,-2.863293340860107e-05,not_applicable,,,"[""CAR_LB_AL2395_B0_RAD_EPD5"",""CAR_LB_AL2395_A0_RAD_EPD5"",""CAR_LB_AL2395_B0_HOA_EPD5"",""CAR_LB_AL2395_A0_HOA_EPD5""]","[""exact"",""exact"",""exact"",""exact""]",True
cornea_x_platform_did,delta_c40_um,(C0-A0)_WFS-(C0-A0)_RAD,LB_AL2395,,,5.0,0.0009240028898093722,not_applicable,,,"[""CAR_LB_AL2395_C0_WFS_EPD5"",""CAR_LB_AL2395_A0_WFS_EPD5"",""CAR_LB_AL2395_C0_RAD_EPD5"",""CAR_LB_AL2395_A0_RAD_EPD5""]","[""exact"",""exact"",""lower_bound"",""exact""]",False
cornea_x_platform_did,delta_c40_um,(C0-A0)_WFS-(C0-A0)_HOA,LB_AL2395,,,5.0,0.0004074559155252677,not_applicable,,,"[""CAR_LB_AL2395_C0_WFS_EPD5"",""CAR_LB_AL2395_A0_WFS_EPD5"",""CAR_LB_AL2395_C0_HOA_EPD5"",""CAR_LB_AL2395_A0_HOA_EPD5""]","[""exact"",""exact"",""exact"",""exact""]",True
cornea_x_platform_did,delta_c40_um,(C0-A0)_RAD-(C0-A0)_HOA,LB_AL2395,,,5.0,-0.0005165469742841045,not_applicable,,,"[""CAR_LB_AL2395_C0_RAD_EPD5"",""CAR_LB_AL2395_A0_RAD_EPD5"",""CAR_LB_AL2395_C0_HOA_EPD5"",""CAR_LB_AL2395_A0_HOA_EPD5""]","[""lower_bound"",""exact"",""exact"",""exact""]",True
cornea_x_platform_did,delta_c40_um,(B0-C0)_WFS-(B0-C0)_RAD,LB_AL2395,,,5.0,-0.0009301434178506096,not_applicable,,,"[""CAR_LB_AL2395_B0_WFS_EPD5"",""CAR_LB_AL2395_C0_WFS_EPD5"",""CAR_LB_AL2395_B0_RAD_EPD5"",""CAR_LB_AL2395_C0_RAD_EPD5""]","[""exact"",""exact"",""exact"",""lower_bound""]",True
cornea_x_platform_did,delta_c40_um,(B0-C0)_WFS-(B0-C0)_HOA,LB_AL2395,,,5.0,-0.0004422293769751062,not_applicable,,,"[""CAR_LB_AL2395_B0_WFS_EPD5"",""CAR_LB_AL2395_C0_WFS_EPD5"",""CAR_LB_AL2395_B0_HOA_EPD5"",""CAR_LB_AL2395_C0_HOA_EPD5""]","[""exact"",""exact"",""exact"",""exact""]",True
cornea_x_platform_did,delta_c40_um,(B0-C0)_RAD-(B0-C0)_HOA,LB_AL2395,,,5.0,0.0004879140408755034,not_applicable,,,"[""CAR_LB_AL2395_B0_RAD_EPD5"",""CAR_LB_AL2395_C0_RAD_EPD5"",""CAR_LB_AL2395_B0_HOA_EPD5"",""CAR_LB_AL2395_C0_HOA_EPD5""]","[""exact"",""lower_bound"",""exact"",""exact""]",True
cornea_x_platform_did,delta_c40_um,(B0-A0)_WFS-(B0-A0)_RAD,ATC_M3_AL24477,,,3.0,-0.0005698721357984531,not_applicable,,,"[""CAR_ATC_M3_AL24477_B0_WFS_EPD3"",""CAR_ATC_M3_AL24477_A0_WFS_EPD3"",""CAR_ATC_M3_AL24477_B0_RAD_EPD3"",""CAR_ATC_M3_AL24477_A0_RAD_EPD3""]","[""lower_bound"",""exact"",""exact"",""exact""]",False
cornea_x_platform_did,delta_c40_um,(B0-A0)_WFS-(B0-A0)_HOA,ATC_M3_AL24477,,,3.0,0.00015232301932871506,not_applicable,,,"[""CAR_ATC_M3_AL24477_B0_WFS_EPD3"",""CAR_ATC_M3_AL24477_A0_WFS_EPD3"",""CAR_ATC_M3_AL24477_B0_HOA_EPD3"",""CAR_ATC_M3_AL24477_A0_HOA_EPD3""]","[""lower_bound"",""exact"",""exact"",""exact""]",False
cornea_x_platform_did,delta_c40_um,(B0-A0)_RAD-(B0-A0)_HOA,ATC_M3_AL24477,,,3.0,0.0007221951551271699,not_applicable,,,"[""CAR_ATC_M3_AL24477_B0_RAD_EPD3"",""CAR_ATC_M3_AL24477_A0_RAD_EPD3"",""CAR_ATC_M3_AL24477_B0_HOA_EPD3"",""CAR_ATC_M3_AL24477_A0_HOA_EPD3""]","[""exact"",""exact"",""exact"",""exact""]",False
cornea_x_platform_did,delta_c40_um,(C0-A0)_WFS-(C0-A0)_RAD,ATC_M3_AL24477,,,3.0,-0.005563724295843023,not_applicable,,,"[""CAR_ATC_M3_AL24477_C0_WFS_EPD3"",""CAR_ATC_M3_AL24477_A0_WFS_EPD3"",""CAR_ATC_M3_AL24477_C0_RAD_EPD3"",""CAR_ATC_M3_AL24477_A0_RAD_EPD3""]","[""exact"",""exact"",""exact"",""exact""]",False
cornea_x_platform_did,delta_c40_um,(C0-A0)_WFS-(C0-A0)_HOA,ATC_M3_AL24477,,,3.0,0.0034043462318951445,not_applicable,,,"[""CAR_ATC_M3_AL24477_C0_WFS_EPD3"",""CAR_ATC_M3_AL24477_A0_WFS_EPD3"",""CAR_ATC_M3_AL24477_C0_HOA_EPD3"",""CAR_ATC_M3_AL24477_A0_HOA_EPD3""]","[""exact"",""exact"",""exact"",""exact""]",False
cornea_x_platform_did,delta_c40_um,(C0-A0)_RAD-(C0-A0)_HOA,ATC_M3_AL24477,,,3.0,0.008968070527738153,not_applicable,,,"[""CAR_ATC_M3_AL24477_C0_RAD_EPD3"",""CAR_ATC_M3_AL24477_A0_RAD_EPD3"",""CAR_ATC_M3_AL24477_C0_HOA_EPD3"",""CAR_ATC_M3_AL24477_A0_HOA_EPD3""]","[""exact"",""exact"",""exact"",""exact""]",False
cornea_x_platform_did,delta_c40_um,(B0-C0)_WFS-(B0-C0)_RAD,ATC_M3_AL24477,,,3.0,0.00499385216004457,not_applicable,,,"[""CAR_ATC_M3_AL24477_B0_WFS_EPD3"",""CAR_ATC_M3_AL24477_C0_WFS_EPD3"",""CAR_ATC_M3_AL24477_B0_RAD_EPD3"",""CAR_ATC_M3_AL24477_C0_RAD_EPD3""]","[""lower_bound"",""exact"",""exact"",""exact""]",False
cornea_x_platform_did,delta_c40_um,(B0-C0)_WFS-(B0-C0)_HOA,ATC_M3_AL24477,,,3.0,-0.0032520232125664156,not_applicable,,,"[""CAR_ATC_M3_AL24477_B0_WFS_EPD3"",""CAR_ATC_M3_AL24477_C0_WFS_EPD3"",""CAR_ATC_M3_AL24477_B0_HOA_EPD3"",""CAR_ATC_M3_AL24477_C0_HOA_EPD3""]","[""lower_bound"",""exact"",""exact"",""exact""]",False
cornea_x_platform_did,delta_c40_um,(B0-C0)_RAD-(B0-C0)_HOA,ATC_M3_AL24477,,,3.0,-0.008245875372610983,not_applicable,,,"[""CAR_ATC_M3_AL24477_B0_RAD_EPD3"",""CAR_ATC_M3_AL24477_C0_RAD_EPD3"",""CAR_ATC_M3_AL24477_B0_HOA_EPD3"",""CAR_ATC_M3_AL24477_C0_HOA_EPD3""]","[""exact"",""exact"",""exact"",""exact""]",False
cornea_x_platform_did,delta_c40_um,(B0-A0)_WFS-(B0-A0)_RAD,ATC_M3_AL24477,,,5.0,-4.694209011946171e-06,not_applicable,,,"[""CAR_ATC_M3_AL24477_B0_WFS_EPD5"",""CAR_ATC_M3_AL24477_A0_WFS_EPD5"",""CAR_ATC_M3_AL24477_B0_RAD_EPD5"",""CAR_ATC_M3_AL24477_A0_RAD_EPD5""]","[""exact"",""exact"",""exact"",""exact""]",True
cornea_x_platform_did,delta_c40_um,(B0-A0)_WFS-(B0-A0)_HOA,ATC_M3_AL24477,,,5.0,-3.208220523347183e-05,not_applicable,,,"[""CAR_ATC_M3_AL24477_B0_WFS_EPD5"",""CAR_ATC_M3_AL24477_A0_WFS_EPD5"",""CAR_ATC_M3_AL24477_B0_HOA_EPD5"",""CAR_ATC_M3_AL24477_A0_HOA_EPD5""]","[""exact"",""exact"",""exact"",""exact""]",True
cornea_x_platform_did,delta_c40_um,(B0-A0)_RAD-(B0-A0)_HOA,ATC_M3_AL24477,,,5.0,-2.7387996221539535e-05,not_applicable,,,"[""CAR_ATC_M3_AL24477_B0_RAD_EPD5"",""CAR_ATC_M3_AL24477_A0_RAD_EPD5"",""CAR_ATC_M3_AL24477_B0_HOA_EPD5"",""CAR_ATC_M3_AL24477_A0_HOA_EPD5""]","[""exact"",""exact"",""exact"",""exact""]",True
cornea_x_platform_did,delta_c40_um,(C0-A0)_WFS-(C0-A0)_RAD,ATC_M3_AL24477,,,5.0,0.0009327181976994114,not_applicable,,,"[""CAR_ATC_M3_AL24477_C0_WFS_EPD5"",""CAR_ATC_M3_AL24477_A0_WFS_EPD5"",""CAR_ATC_M3_AL24477_C0_RAD_EPD5"",""CAR_ATC_M3_AL24477_A0_RAD_EPD5""]","[""exact"",""exact"",""lower_bound"",""exact""]",False
cornea_x_platform_did,delta_c40_um,(C0-A0)_WFS-(C0-A0)_HOA,ATC_M3_AL24477,,,5.0,0.0004035345726805112,not_applicable,,,"[""CAR_ATC_M3_AL24477_C0_WFS_EPD5"",""CAR_ATC_M3_AL24477_A0_WFS_EPD5"",""CAR_ATC_M3_AL24477_C0_HOA_EPD5"",""CAR_ATC_M3_AL24477_A0_HOA_EPD5""]","[""exact"",""exact"",""lower_bound"",""exact""]",True
cornea_x_platform_did,delta_c40_um,(C0-A0)_RAD-(C0-A0)_HOA,ATC_M3_AL24477,,,5.0,-0.0005291836250189141,not_applicable,,,"[""CAR_ATC_M3_AL24477_C0_RAD_EPD5"",""CAR_ATC_M3_AL24477_A0_RAD_EPD5"",""CAR_ATC_M3_AL24477_C0_HOA_EPD5"",""CAR_ATC_M3_AL24477_A0_HOA_EPD5""]","[""lower_bound"",""exact"",""lower_bound"",""exact""]",True
cornea_x_platform_did,delta_c40_um,(B0-C0)_WFS-(B0-C0)_RAD,ATC_M3_AL24477,,,5.0,-0.0009374124067113576,not_applicable,,,"[""CAR_ATC_M3_AL24477_B0_WFS_EPD5"",""CAR_ATC_M3_AL24477_C0_WFS_EPD5"",""CAR_ATC_M3_AL24477_B0_RAD_EPD5"",""CAR_ATC_M3_AL24477_C0_RAD_EPD5""]","[""exact"",""exact"",""exact"",""lower_bound""]",True
cornea_x_platform_did,delta_c40_um,(B0-C0)_WFS-(B0-C0)_HOA,ATC_M3_AL24477,,,5.0,-0.000435616777913983,not_applicable,,,"[""CAR_ATC_M3_AL24477_B0_WFS_EPD5"",""CAR_ATC_M3_AL24477_C0_WFS_EPD5"",""CAR_ATC_M3_AL24477_B0_HOA_EPD5"",""CAR_ATC_M3_AL24477_C0_HOA_EPD5""]","[""exact"",""exact"",""exact"",""lower_bound""]",True
cornea_x_platform_did,delta_c40_um,(B0-C0)_RAD-(B0-C0)_HOA,ATC_M3_AL24477,,,5.0,0.0005017956287973746,not_applicable,,,"[""CAR_ATC_M3_AL24477_B0_RAD_EPD5"",""CAR_ATC_M3_AL24477_C0_RAD_EPD5"",""CAR_ATC_M3_AL24477_B0_HOA_EPD5"",""CAR_ATC_M3_AL24477_C0_HOA_EPD5""]","[""exact"",""lower_bound"",""exact"",""lower_bound""]",True
pupil_sensitivity,delta_c40_um,EPD5-EPD3,LB_AL2395,A0,WFS,,-0.030057195159617127,not_applicable,,,"[""CAR_LB_AL2395_A0_WFS_EPD5"",""CAR_LB_AL2395_A0_WFS_EPD3""]","[""exact"",""exact""]",False
pupil_sensitivity,delta_c40_um,EPD5-EPD3,LB_AL2395,A0,RAD,,-0.13341898412808886,not_applicable,,,"[""CAR_LB_AL2395_A0_RAD_EPD5"",""CAR_LB_AL2395_A0_RAD_EPD3""]","[""exact"",""exact""]",False
pupil_sensitivity,delta_c40_um,EPD5-EPD3,LB_AL2395,A0,HOA,,0.06437154534911062,not_applicable,,,"[""CAR_LB_AL2395_A0_HOA_EPD5"",""CAR_LB_AL2395_A0_HOA_EPD3""]","[""exact"",""exact""]",True
pupil_sensitivity,delta_c40_um,EPD5-EPD3,LB_AL2395,B0,WFS,,-0.03010135000331203,not_applicable,,,"[""CAR_LB_AL2395_B0_WFS_EPD5"",""CAR_LB_AL2395_B0_WFS_EPD3""]","[""exact"",""lower_bound""]",True
pupil_sensitivity,delta_c40_um,EPD5-EPD3,LB_AL2395,B0,RAD,,-0.13402900139367968,not_applicable,,,"[""CAR_LB_AL2395_B0_RAD_EPD5"",""CAR_LB_AL2395_B0_RAD_EPD3""]","[""exact"",""exact""]",True
pupil_sensitivity,delta_c40_um,EPD5-EPD3,LB_AL2395,B0,HOA,,0.06451199764813056,not_applicable,,,"[""CAR_LB_AL2395_B0_HOA_EPD5"",""CAR_LB_AL2395_B0_HOA_EPD3""]","[""exact"",""exact""]",True
pupil_sensitivity,delta_c40_um,EPD5-EPD3,LB_AL2395,C0,WFS,,-0.030377523516748092,not_applicable,,,"[""CAR_LB_AL2395_C0_WFS_EPD5"",""CAR_LB_AL2395_C0_WFS_EPD3""]","[""exact"",""exact""]",False
pupil_sensitivity,delta_c40_um,EPD5-EPD3,LB_AL2395,C0,RAD,,-0.14025689891961668,not_applicable,,,"[""CAR_LB_AL2395_C0_RAD_EPD5"",""CAR_LB_AL2395_C0_RAD_EPD3""]","[""lower_bound"",""exact""]",False
pupil_sensitivity,delta_c40_um,EPD5-EPD3,LB_AL2395,C0,HOA,,0.06705059771993561,not_applicable,,,"[""CAR_LB_AL2395_C0_HOA_EPD5"",""CAR_LB_AL2395_C0_HOA_EPD3""]","[""exact"",""exact""]",False
pupil_sensitivity,delta_c40_um,EPD5-EPD3,ATC_M3_AL24477,A0,WFS,,-0.030056363242316718,not_applicable,,,"[""CAR_ATC_M3_AL24477_A0_WFS_EPD5"",""CAR_ATC_M3_AL24477_A0_WFS_EPD3""]","[""exact"",""exact""]",False
pupil_sensitivity,delta_c40_um,EPD5-EPD3,ATC_M3_AL24477,A0,RAD,,-0.13288534910639901,not_applicable,,,"[""CAR_ATC_M3_AL24477_A0_RAD_EPD5"",""CAR_ATC_M3_AL24477_A0_RAD_EPD3""]","[""exact"",""exact""]",False
pupil_sensitivity,delta_c40_um,EPD5-EPD3,ATC_M3_AL24477,A0,HOA,,0.06434412782559143,not_applicable,,,"[""CAR_ATC_M3_AL24477_A0_HOA_EPD5"",""CAR_ATC_M3_AL24477_A0_HOA_EPD3""]","[""exact"",""exact""]",True
pupil_sensitivity,delta_c40_um,EPD5-EPD3,ATC_M3_AL24477,B0,WFS,,-0.030102009707149976,not_applicable,,,"[""CAR_ATC_M3_AL24477_B0_WFS_EPD5"",""CAR_ATC_M3_AL24477_B0_WFS_EPD3""]","[""exact"",""lower_bound""]",True
pupil_sensitivity,delta_c40_um,EPD5-EPD3,ATC_M3_AL24477,B0,RAD,,-0.1334961734980188,not_applicable,,,"[""CAR_ATC_M3_AL24477_B0_RAD_EPD5"",""CAR_ATC_M3_AL24477_B0_RAD_EPD3""]","[""exact"",""exact""]",True
pupil_sensitivity,delta_c40_um,EPD5-EPD3,ATC_M3_AL24477,B0,HOA,,0.06448288658532036,not_applicable,,,"[""CAR_ATC_M3_AL24477_B0_HOA_EPD5"",""CAR_ATC_M3_AL24477_B0_HOA_EPD3""]","[""exact"",""exact""]",True
pupil_sensitivity,delta_c40_um,EPD5-EPD3,ATC_M3_AL24477,C0,WFS,,-0.03037751005648806,not_applicable,,,"[""CAR_ATC_M3_AL24477_C0_WFS_EPD5"",""CAR_ATC_M3_AL24477_C0_WFS_EPD3""]","[""exact"",""exact""]",False
pupil_sensitivity,delta_c40_um,EPD5-EPD3,ATC_M3_AL24477,C0,RAD,,-0.1397029384141128,not_applicable,,,"[""CAR_ATC_M3_AL24477_C0_RAD_EPD5"",""CAR_ATC_M3_AL24477_C0_RAD_EPD3""]","[""lower_bound"",""exact""]",False
pupil_sensitivity,delta_c40_um,EPD5-EPD3,ATC_M3_AL24477,C0,HOA,,0.06702379267063471,not_applicable,,,"[""CAR_ATC_M3_AL24477_C0_HOA_EPD5"",""CAR_ATC_M3_AL24477_C0_HOA_EPD3""]","[""lower_bound"",""exact""]",False
base_sensitivity,delta_c40_um,ATC-LB,,A0,WFS,3.0,-5.734901187146035e-06,not_applicable,,,"[""CAR_ATC_M3_AL24477_A0_WFS_EPD3"",""CAR_LB_AL2395_A0_WFS_EPD3""]","[""exact"",""exact""]",False
base_sensitivity,delta_c40_um,ATC-LB,,A0,WFS,5.0,-4.9029838867370445e-06,not_applicable,,,"[""CAR_ATC_M3_AL24477_A0_WFS_EPD5"",""CAR_LB_AL2395_A0_WFS_EPD5""]","[""exact"",""exact""]",False
base_sensitivity,delta_c40_um,ATC-LB,,A0,RAD,3.0,-0.0003885166542911822,not_applicable,,,"[""CAR_ATC_M3_AL24477_A0_RAD_EPD3"",""CAR_LB_AL2395_A0_RAD_EPD3""]","[""exact"",""exact""]",False
base_sensitivity,delta_c40_um,ATC-LB,,A0,RAD,5.0,0.00014511836739866668,not_applicable,,,"[""CAR_ATC_M3_AL24477_A0_RAD_EPD5"",""CAR_LB_AL2395_A0_RAD_EPD5""]","[""exact"",""exact""]",False
base_sensitivity,delta_c40_um,ATC-LB,,A0,HOA,3.0,2.2302497537415866e-05,not_applicable,,,"[""CAR_ATC_M3_AL24477_A0_HOA_EPD3"",""CAR_LB_AL2395_A0_HOA_EPD3""]","[""exact"",""exact""]",False
base_sensitivity,delta_c40_um,ATC-LB,,A0,HOA,5.0,-5.11502598177227e-06,not_applicable,,,"[""CAR_ATC_M3_AL24477_A0_HOA_EPD5"",""CAR_LB_AL2395_A0_HOA_EPD5""]","[""exact"",""exact""]",True
base_sensitivity,delta_c40_um,ATC-LB,,B0,WFS,3.0,-3.509421422992487e-06,not_applicable,,,"[""CAR_ATC_M3_AL24477_B0_WFS_EPD3"",""CAR_LB_AL2395_B0_WFS_EPD3""]","[""lower_bound"",""lower_bound""]",False
base_sensitivity,delta_c40_um,ATC-LB,,B0,WFS,5.0,-4.169125260938822e-06,not_applicable,,,"[""CAR_ATC_M3_AL24477_B0_WFS_EPD5"",""CAR_LB_AL2395_B0_WFS_EPD5""]","[""exact"",""exact""]",True
base_sensitivity,delta_c40_um,ATC-LB,,B0,RAD,3.0,-0.0003884219886657464,not_applicable,,,"[""CAR_ATC_M3_AL24477_B0_RAD_EPD3"",""CAR_LB_AL2395_B0_RAD_EPD3""]","[""exact"",""exact""]",False
base_sensitivity,delta_c40_um,ATC-LB,,B0,RAD,5.0,0.00014440590699515976,not_applicable,,,"[""CAR_ATC_M3_AL24477_B0_RAD_EPD5"",""CAR_LB_AL2395_B0_RAD_EPD5""]","[""exact"",""exact""]",True
base_sensitivity,delta_c40_um,ATC-LB,,B0,HOA,3.0,2.2038639237859092e-05,not_applicable,,,"[""CAR_ATC_M3_AL24477_B0_HOA_EPD3"",""CAR_LB_AL2395_B0_HOA_EPD3""]","[""exact"",""exact""]",False
base_sensitivity,delta_c40_um,ATC-LB,,B0,HOA,5.0,-7.072423572340725e-06,not_applicable,,,"[""CAR_ATC_M3_AL24477_B0_HOA_EPD5"",""CAR_LB_AL2395_B0_HOA_EPD5""]","[""exact"",""exact""]",True
base_sensitivity,delta_c40_um,ATC-LB,,C0,WFS,3.0,-4.410887309638789e-06,not_applicable,,,"[""CAR_ATC_M3_AL24477_C0_WFS_EPD3"",""CAR_LB_AL2395_C0_WFS_EPD3""]","[""exact"",""exact""]",False
base_sensitivity,delta_c40_um,ATC-LB,,C0,WFS,5.0,-4.3974270496072165e-06,not_applicable,,,"[""CAR_ATC_M3_AL24477_C0_WFS_EPD5"",""CAR_LB_AL2395_C0_WFS_EPD5""]","[""exact"",""exact""]",False
base_sensitivity,delta_c40_um,ATC-LB,,C0,RAD,3.0,-0.00041705188915814283,not_applicable,,,"[""CAR_ATC_M3_AL24477_C0_RAD_EPD3"",""CAR_LB_AL2395_C0_RAD_EPD3""]","[""exact"",""exact""]",False
base_sensitivity,delta_c40_um,ATC-LB,,C0,RAD,5.0,0.00013690861634574336,not_applicable,,,"[""CAR_ATC_M3_AL24477_C0_RAD_EPD5"",""CAR_LB_AL2395_C0_RAD_EPD5""]","[""lower_bound"",""lower_bound""]",False
base_sensitivity,delta_c40_um,ATC-LB,,C0,HOA,3.0,2.6116923001015535e-05,not_applicable,,,"[""CAR_ATC_M3_AL24477_C0_HOA_EPD3"",""CAR_LB_AL2395_C0_HOA_EPD3""]","[""exact"",""exact""]",False
base_sensitivity,delta_c40_um,ATC-LB,,C0,HOA,5.0,-6.88126299885905e-07,not_applicable,,,"[""CAR_ATC_M3_AL24477_C0_HOA_EPD5"",""CAR_LB_AL2395_C0_HOA_EPD5""]","[""lower_bound"",""exact""]",False
platform,delta_c60_um,WFS-RAD,LB_AL2395,A0,,3.0,0.07389011241995716,not_applicable,,,"[""CAR_LB_AL2395_A0_WFS_EPD3"",""CAR_LB_AL2395_A0_RAD_EPD3""]","[""exact"",""exact""]",False
platform,delta_c60_um,WFS-HOA,LB_AL2395,A0,,3.0,-0.18813703735857568,not_applicable,,,"[""CAR_LB_AL2395_A0_WFS_EPD3"",""CAR_LB_AL2395_A0_HOA_EPD3""]","[""exact"",""exact""]",False
platform,delta_c60_um,RAD-HOA,LB_AL2395,A0,,3.0,-0.2620271497785328,not_applicable,,,"[""CAR_LB_AL2395_A0_RAD_EPD3"",""CAR_LB_AL2395_A0_HOA_EPD3""]","[""exact"",""exact""]",False
platform,delta_c60_um,WFS-RAD,LB_AL2395,A0,,5.0,-0.07309400421954357,not_applicable,,,"[""CAR_LB_AL2395_A0_WFS_EPD5"",""CAR_LB_AL2395_A0_RAD_EPD5""]","[""exact"",""exact""]",False
platform,delta_c60_um,WFS-HOA,LB_AL2395,A0,,5.0,-0.02462044188482606,not_applicable,,,"[""CAR_LB_AL2395_A0_WFS_EPD5"",""CAR_LB_AL2395_A0_HOA_EPD5""]","[""exact"",""exact""]",True
platform,delta_c60_um,RAD-HOA,LB_AL2395,A0,,5.0,0.048473562334717515,not_applicable,,,"[""CAR_LB_AL2395_A0_RAD_EPD5"",""CAR_LB_AL2395_A0_HOA_EPD5""]","[""exact"",""exact""]",True
platform,delta_c60_um,WFS-RAD,LB_AL2395,B0,,3.0,0.07378856365177015,not_applicable,,,"[""CAR_LB_AL2395_B0_WFS_EPD3"",""CAR_LB_AL2395_B0_RAD_EPD3""]","[""lower_bound"",""exact""]",False
platform,delta_c60_um,WFS-HOA,LB_AL2395,B0,,3.0,-0.18844803202271398,not_applicable,,,"[""CAR_LB_AL2395_B0_WFS_EPD3"",""CAR_LB_AL2395_B0_HOA_EPD3""]","[""lower_bound"",""exact""]",False
platform,delta_c60_um,RAD-HOA,LB_AL2395,B0,,3.0,-0.2622365956744841,not_applicable,,,"[""CAR_LB_AL2395_B0_RAD_EPD3"",""CAR_LB_AL2395_B0_HOA_EPD3""]","[""exact"",""exact""]",False
platform,delta_c60_um,WFS-RAD,LB_AL2395,B0,,5.0,-0.07298993074120855,not_applicable,,,"[""CAR_LB_AL2395_B0_WFS_EPD5"",""CAR_LB_AL2395_B0_RAD_EPD5""]","[""exact"",""exact""]",True
platform,delta_c60_um,WFS-HOA,LB_AL2395,B0,,5.0,-0.02470173430017082,not_applicable,,,"[""CAR_LB_AL2395_B0_WFS_EPD5"",""CAR_LB_AL2395_B0_HOA_EPD5""]","[""exact"",""exact""]",True
platform,delta_c60_um,RAD-HOA,LB_AL2395,B0,,5.0,0.04828819644103772,not_applicable,,,"[""CAR_LB_AL2395_B0_RAD_EPD5"",""CAR_LB_AL2395_B0_HOA_EPD5""]","[""exact"",""exact""]",True
platform,delta_c60_um,WFS-RAD,LB_AL2395,C0,,3.0,0.07334741482430754,not_applicable,,,"[""CAR_LB_AL2395_C0_WFS_EPD3"",""CAR_LB_AL2395_C0_RAD_EPD3""]","[""exact"",""exact""]",False
platform,delta_c60_um,WFS-HOA,LB_AL2395,C0,,3.0,-0.19216392890876272,not_applicable,,,"[""CAR_LB_AL2395_C0_WFS_EPD3"",""CAR_LB_AL2395_C0_HOA_EPD3""]","[""exact"",""exact""]",False
platform,delta_c60_um,RAD-HOA,LB_AL2395,C0,,3.0,-0.2655113437330703,not_applicable,,,"[""CAR_LB_AL2395_C0_RAD_EPD3"",""CAR_LB_AL2395_C0_HOA_EPD3""]","[""exact"",""exact""]",False
platform,delta_c60_um,WFS-RAD,LB_AL2395,C0,,5.0,-0.07213873359710496,not_applicable,,,"[""CAR_LB_AL2395_C0_WFS_EPD5"",""CAR_LB_AL2395_C0_RAD_EPD5""]","[""exact"",""lower_bound""]",False
platform,delta_c60_um,WFS-HOA,LB_AL2395,C0,,5.0,-0.025817980887104457,not_applicable,,,"[""CAR_LB_AL2395_C0_WFS_EPD5"",""CAR_LB_AL2395_C0_HOA_EPD5""]","[""exact"",""exact""]",False
platform,delta_c60_um,RAD-HOA,LB_AL2395,C0,,5.0,0.0463207527100005,not_applicable,,,"[""CAR_LB_AL2395_C0_RAD_EPD5"",""CAR_LB_AL2395_C0_HOA_EPD5""]","[""lower_bound"",""exact""]",False
platform,delta_c60_um,WFS-RAD,ATC_M3_AL24477,A0,,3.0,0.0738733531020888,not_applicable,,,"[""CAR_ATC_M3_AL24477_A0_WFS_EPD3"",""CAR_ATC_M3_AL24477_A0_RAD_EPD3""]","[""exact"",""exact""]",False
platform,delta_c60_um,WFS-HOA,ATC_M3_AL24477,A0,,3.0,-0.18810234380453494,not_applicable,,,"[""CAR_ATC_M3_AL24477_A0_WFS_EPD3"",""CAR_ATC_M3_AL24477_A0_HOA_EPD3""]","[""exact"",""exact""]",False
platform,delta_c60_um,RAD-HOA,ATC_M3_AL24477,A0,,3.0,-0.26197569690662376,not_applicable,,,"[""CAR_ATC_M3_AL24477_A0_RAD_EPD3"",""CAR_ATC_M3_AL24477_A0_HOA_EPD3""]","[""exact"",""exact""]",False
platform,delta_c60_um,WFS-RAD,ATC_M3_AL24477,A0,,5.0,-0.07317882042253981,not_applicable,,,"[""CAR_ATC_M3_AL24477_A0_WFS_EPD5"",""CAR_ATC_M3_AL24477_A0_RAD_EPD5""]","[""exact"",""exact""]",False
platform,delta_c60_um,WFS-HOA,ATC_M3_AL24477,A0,,5.0,-0.024604648374008806,not_applicable,,,"[""CAR_ATC_M3_AL24477_A0_WFS_EPD5"",""CAR_ATC_M3_AL24477_A0_HOA_EPD5""]","[""exact"",""exact""]",True
platform,delta_c60_um,RAD-HOA,ATC_M3_AL24477,A0,,5.0,0.04857417204853101,not_applicable,,,"[""CAR_ATC_M3_AL24477_A0_RAD_EPD5"",""CAR_ATC_M3_AL24477_A0_HOA_EPD5""]","[""exact"",""exact""]",True
platform,delta_c60_um,WFS-RAD,ATC_M3_AL24477,B0,,3.0,0.07377584592501371,not_applicable,,,"[""CAR_ATC_M3_AL24477_B0_WFS_EPD3"",""CAR_ATC_M3_AL24477_B0_RAD_EPD3""]","[""lower_bound"",""exact""]",False
platform,delta_c60_um,WFS-HOA,ATC_M3_AL24477,B0,,3.0,-0.18841116903585634,not_applicable,,,"[""CAR_ATC_M3_AL24477_B0_WFS_EPD3"",""CAR_ATC_M3_AL24477_B0_HOA_EPD3""]","[""lower_bound"",""exact""]",False
platform,delta_c60_um,RAD-HOA,ATC_M3_AL24477,B0,,3.0,-0.26218701496087005,not_applicable,,,"[""CAR_ATC_M3_AL24477_B0_RAD_EPD3"",""CAR_ATC_M3_AL24477_B0_HOA_EPD3""]","[""exact"",""exact""]",False
platform,delta_c60_um,WFS-RAD,ATC_M3_AL24477,B0,,5.0,-0.07307667453088584,not_applicable,,,"[""CAR_ATC_M3_AL24477_B0_WFS_EPD5"",""CAR_ATC_M3_AL24477_B0_RAD_EPD5""]","[""exact"",""exact""]",True
platform,delta_c60_um,WFS-HOA,ATC_M3_AL24477,B0,,5.0,-0.02468661607268914,not_applicable,,,"[""CAR_ATC_M3_AL24477_B0_WFS_EPD5"",""CAR_ATC_M3_AL24477_B0_HOA_EPD5""]","[""exact"",""exact""]",True
platform,delta_c60_um,RAD-HOA,ATC_M3_AL24477,B0,,5.0,0.0483900584581967,not_applicable,,,"[""CAR_ATC_M3_AL24477_B0_RAD_EPD5"",""CAR_ATC_M3_AL24477_B0_HOA_EPD5""]","[""exact"",""exact""]",True
platform,delta_c60_um,WFS-RAD,ATC_M3_AL24477,C0,,3.0,0.07336479021004837,not_applicable,,,"[""CAR_ATC_M3_AL24477_C0_WFS_EPD3"",""CAR_ATC_M3_AL24477_C0_RAD_EPD3""]","[""exact"",""exact""]",False
platform,delta_c60_um,WFS-HOA,ATC_M3_AL24477,C0,,3.0,-0.19212927849986713,not_applicable,,,"[""CAR_ATC_M3_AL24477_C0_WFS_EPD3"",""CAR_ATC_M3_AL24477_C0_HOA_EPD3""]","[""exact"",""exact""]",False
platform,delta_c60_um,RAD-HOA,ATC_M3_AL24477,C0,,3.0,-0.26549406870991554,not_applicable,,,"[""CAR_ATC_M3_AL24477_C0_RAD_EPD3"",""CAR_ATC_M3_AL24477_C0_HOA_EPD3""]","[""exact"",""exact""]",False
platform,delta_c60_um,WFS-RAD,ATC_M3_AL24477,C0,,5.0,-0.07223488577200257,not_applicable,,,"[""CAR_ATC_M3_AL24477_C0_WFS_EPD5"",""CAR_ATC_M3_AL24477_C0_RAD_EPD5""]","[""exact"",""lower_bound""]",False
platform,delta_c60_um,WFS-HOA,ATC_M3_AL24477,C0,,5.0,-0.025809918680709865,not_applicable,,,"[""CAR_ATC_M3_AL24477_C0_WFS_EPD5"",""CAR_ATC_M3_AL24477_C0_HOA_EPD5""]","[""exact"",""lower_bound""]",False
platform,delta_c60_um,RAD-HOA,ATC_M3_AL24477,C0,,5.0,0.046424967091292714,not_applicable,,,"[""CAR_ATC_M3_AL24477_C0_RAD_EPD5"",""CAR_ATC_M3_AL24477_C0_HOA_EPD5""]","[""lower_bound"",""lower_bound""]",False
cornea,delta_c60_um,B0-A0,LB_AL2395,,WFS,3.0,5.797088544806997e-05,not_applicable,,,"[""CAR_LB_AL2395_B0_WFS_EPD3"",""CAR_LB_AL2395_A0_WFS_EPD3""]","[""lower_bound"",""exact""]",False
cornea,delta_c60_um,C0-A0,LB_AL2395,,WFS,3.0,0.0007390059756000704,not_applicable,,,"[""CAR_LB_AL2395_C0_WFS_EPD3"",""CAR_LB_AL2395_A0_WFS_EPD3""]","[""exact"",""exact""]",False
cornea,delta_c60_um,B0-C0,LB_AL2395,,WFS,3.0,-0.0006810350901520004,not_applicable,,,"[""CAR_LB_AL2395_B0_WFS_EPD3"",""CAR_LB_AL2395_C0_WFS_EPD3""]","[""lower_bound"",""exact""]",False
cornea,delta_c60_um,B0-A0,LB_AL2395,,WFS,5.0,-3.1043062887623624e-05,not_applicable,,,"[""CAR_LB_AL2395_B0_WFS_EPD5"",""CAR_LB_AL2395_A0_WFS_EPD5""]","[""exact"",""exact""]",True
cornea,delta_c60_um,C0-A0,LB_AL2395,,WFS,5.0,-0.00032956511565469457,not_applicable,,,"[""CAR_LB_AL2395_C0_WFS_EPD5"",""CAR_LB_AL2395_A0_WFS_EPD5""]","[""exact"",""exact""]",False
cornea,delta_c60_um,B0-C0,LB_AL2395,,WFS,5.0,0.00029852205276707094,not_applicable,,,"[""CAR_LB_AL2395_B0_WFS_EPD5"",""CAR_LB_AL2395_C0_WFS_EPD5""]","[""exact"",""exact""]",True
cornea,delta_c60_um,B0-A0,LB_AL2395,,RAD,3.0,0.00015951965363507348,not_applicable,,,"[""CAR_LB_AL2395_B0_RAD_EPD3"",""CAR_LB_AL2395_A0_RAD_EPD3""]","[""exact"",""exact""]",False
cornea,delta_c60_um,C0-A0,LB_AL2395,,RAD,3.0,0.0012817035712496816,not_applicable,,,"[""CAR_LB_AL2395_C0_RAD_EPD3"",""CAR_LB_AL2395_A0_RAD_EPD3""]","[""exact"",""exact""]",False
cornea,delta_c60_um,B0-C0,LB_AL2395,,RAD,3.0,-0.0011221839176146081,not_applicable,,,"[""CAR_LB_AL2395_B0_RAD_EPD3"",""CAR_LB_AL2395_C0_RAD_EPD3""]","[""exact"",""exact""]",False
cornea,delta_c60_um,B0-A0,LB_AL2395,,RAD,5.0,-0.0001351165412226546,not_applicable,,,"[""CAR_LB_AL2395_B0_RAD_EPD5"",""CAR_LB_AL2395_A0_RAD_EPD5""]","[""exact"",""exact""]",True
cornea,delta_c60_um,C0-A0,LB_AL2395,,RAD,5.0,-0.0012848357380933068,not_applicable,,,"[""CAR_LB_AL2395_C0_RAD_EPD5"",""CAR_LB_AL2395_A0_RAD_EPD5""]","[""lower_bound"",""exact""]",False
cornea,delta_c60_um,B0-C0,LB_AL2395,,RAD,5.0,0.0011497191968706522,not_applicable,,,"[""CAR_LB_AL2395_B0_RAD_EPD5"",""CAR_LB_AL2395_C0_RAD_EPD5""]","[""exact"",""lower_bound""]",True
cornea,delta_c60_um,B0-A0,LB_AL2395,,HOA,3.0,0.0003689655495863753,not_applicable,,,"[""CAR_LB_AL2395_B0_HOA_EPD3"",""CAR_LB_AL2395_A0_HOA_EPD3""]","[""exact"",""exact""]",False
cornea,delta_c60_um,C0-A0,LB_AL2395,,HOA,3.0,0.004765897525787127,not_applicable,,,"[""CAR_LB_AL2395_C0_HOA_EPD3"",""CAR_LB_AL2395_A0_HOA_EPD3""]","[""exact"",""exact""]",False
cornea,delta_c60_um,B0-C0,LB_AL2395,,HOA,3.0,-0.004396931976200752,not_applicable,,,"[""CAR_LB_AL2395_B0_HOA_EPD3"",""CAR_LB_AL2395_C0_HOA_EPD3""]","[""exact"",""exact""]",False
cornea,delta_c60_um,B0-A0,LB_AL2395,,HOA,5.0,5.0249352457140337e-05,not_applicable,,,"[""CAR_LB_AL2395_B0_HOA_EPD5"",""CAR_LB_AL2395_A0_HOA_EPD5""]","[""exact"",""exact""]",True
cornea,delta_c60_um,C0-A0,LB_AL2395,,HOA,5.0,0.0008679738866237026,not_applicable,,,"[""CAR_LB_AL2395_C0_HOA_EPD5"",""CAR_LB_AL2395_A0_HOA_EPD5""]","[""exact"",""exact""]",True
cornea,delta_c60_um,B0-C0,LB_AL2395,,HOA,5.0,-0.0008177245341665623,not_applicable,,,"[""CAR_LB_AL2395_B0_HOA_EPD5"",""CAR_LB_AL2395_C0_HOA_EPD5""]","[""exact"",""exact""]",True
cornea,delta_c60_um,B0-A0,ATC_M3_AL24477,,WFS,3.0,6.040652125030577e-05,not_applicable,,,"[""CAR_ATC_M3_AL24477_B0_WFS_EPD3"",""CAR_ATC_M3_AL24477_A0_WFS_EPD3""]","[""lower_bound"",""exact""]",False
cornea,delta_c60_um,C0-A0,ATC_M3_AL24477,,WFS,3.0,0.0007399452113534682,not_applicable,,,"[""CAR_ATC_M3_AL24477_C0_WFS_EPD3"",""CAR_ATC_M3_AL24477_A0_WFS_EPD3""]","[""exact"",""exact""]",False
cornea,delta_c60_um,B0-C0,ATC_M3_AL24477,,WFS,3.0,-0.0006795386901031625,not_applicable,,,"[""CAR_ATC_M3_AL24477_B0_WFS_EPD3"",""CAR_ATC_M3_AL24477_C0_WFS_EPD3""]","[""lower_bound"",""exact""]",False
cornea,delta_c60_um,B0-A0,ATC_M3_AL24477,,WFS,5.0,-3.22631941268893e-05,not_applicable,,,"[""CAR_ATC_M3_AL24477_B0_WFS_EPD5"",""CAR_ATC_M3_AL24477_A0_WFS_EPD5""]","[""exact"",""exact""]",True
cornea,delta_c60_um,C0-A0,ATC_M3_AL24477,,WFS,5.0,-0.00033048075186700027,not_applicable,,,"[""CAR_ATC_M3_AL24477_C0_WFS_EPD5"",""CAR_ATC_M3_AL24477_A0_WFS_EPD5""]","[""exact"",""exact""]",False
cornea,delta_c60_um,B0-C0,ATC_M3_AL24477,,WFS,5.0,0.00029821755774011097,not_applicable,,,"[""CAR_ATC_M3_AL24477_B0_WFS_EPD5"",""CAR_ATC_M3_AL24477_C0_WFS_EPD5""]","[""exact"",""exact""]",True
cornea,delta_c60_um,B0-A0,ATC_M3_AL24477,,RAD,3.0,0.00015791369832539315,not_applicable,,,"[""CAR_ATC_M3_AL24477_B0_RAD_EPD3"",""CAR_ATC_M3_AL24477_A0_RAD_EPD3""]","[""exact"",""exact""]",False
cornea,delta_c60_um,C0-A0,ATC_M3_AL24477,,RAD,3.0,0.0012485081033939,not_applicable,,,"[""CAR_ATC_M3_AL24477_C0_RAD_EPD3"",""CAR_ATC_M3_AL24477_A0_RAD_EPD3""]","[""exact"",""exact""]",False
cornea,delta_c60_um,B0-C0,ATC_M3_AL24477,,RAD,3.0,-0.0010905944050685068,not_applicable,,,"[""CAR_ATC_M3_AL24477_B0_RAD_EPD3"",""CAR_ATC_M3_AL24477_C0_RAD_EPD3""]","[""exact"",""exact""]",False
cornea,delta_c60_um,B0-A0,ATC_M3_AL24477,,RAD,5.0,-0.00013440908578085664,not_applicable,,,"[""CAR_ATC_M3_AL24477_B0_RAD_EPD5"",""CAR_ATC_M3_AL24477_A0_RAD_EPD5""]","[""exact"",""exact""]",True
cornea,delta_c60_um,C0-A0,ATC_M3_AL24477,,RAD,5.0,-0.001274415402404236,not_applicable,,,"[""CAR_ATC_M3_AL24477_C0_RAD_EPD5"",""CAR_ATC_M3_AL24477_A0_RAD_EPD5""]","[""lower_bound"",""exact""]",False
cornea,delta_c60_um,B0-C0,ATC_M3_AL24477,,RAD,5.0,0.0011400063166233793,not_applicable,,,"[""CAR_ATC_M3_AL24477_B0_RAD_EPD5"",""CAR_ATC_M3_AL24477_C0_RAD_EPD5""]","[""exact"",""lower_bound""]",True
cornea,delta_c60_um,B0-A0,ATC_M3_AL24477,,HOA,3.0,0.00036923175257169705,not_applicable,,,"[""CAR_ATC_M3_AL24477_B0_HOA_EPD3"",""CAR_ATC_M3_AL24477_A0_HOA_EPD3""]","[""exact"",""exact""]",False
cornea,delta_c60_um,C0-A0,ATC_M3_AL24477,,HOA,3.0,0.004766879906685673,not_applicable,,,"[""CAR_ATC_M3_AL24477_C0_HOA_EPD3"",""CAR_ATC_M3_AL24477_A0_HOA_EPD3""]","[""exact"",""exact""]",False
cornea,delta_c60_um,B0-C0,ATC_M3_AL24477,,HOA,3.0,-0.004397648154113976,not_applicable,,,"[""CAR_ATC_M3_AL24477_B0_HOA_EPD3"",""CAR_ATC_M3_AL24477_C0_HOA_EPD3""]","[""exact"",""exact""]",False
cornea,delta_c60_um,B0-A0,ATC_M3_AL24477,,HOA,5.0,4.970450455344527e-05,not_applicable,,,"[""CAR_ATC_M3_AL24477_B0_HOA_EPD5"",""CAR_ATC_M3_AL24477_A0_HOA_EPD5""]","[""exact"",""exact""]",True
cornea,delta_c60_um,C0-A0,ATC_M3_AL24477,,HOA,5.0,0.000874789554834058,not_applicable,,,"[""CAR_ATC_M3_AL24477_C0_HOA_EPD5"",""CAR_ATC_M3_AL24477_A0_HOA_EPD5""]","[""lower_bound"",""exact""]",True
cornea,delta_c60_um,B0-C0,ATC_M3_AL24477,,HOA,5.0,-0.0008250850502806127,not_applicable,,,"[""CAR_ATC_M3_AL24477_B0_HOA_EPD5"",""CAR_ATC_M3_AL24477_C0_HOA_EPD5""]","[""exact"",""lower_bound""]",True
cornea_x_platform_did,delta_c60_um,(B0-A0)_WFS-(B0-A0)_RAD,LB_AL2395,,,3.0,-0.00010154876818700698,not_applicable,,,"[""CAR_LB_AL2395_B0_WFS_EPD3"",""CAR_LB_AL2395_A0_WFS_EPD3"",""CAR_LB_AL2395_B0_RAD_EPD3"",""CAR_LB_AL2395_A0_RAD_EPD3""]","[""lower_bound"",""exact"",""exact"",""exact""]",False
cornea_x_platform_did,delta_c60_um,(B0-A0)_WFS-(B0-A0)_HOA,LB_AL2395,,,3.0,-0.0003109946641383088,not_applicable,,,"[""CAR_LB_AL2395_B0_WFS_EPD3"",""CAR_LB_AL2395_A0_WFS_EPD3"",""CAR_LB_AL2395_B0_HOA_EPD3"",""CAR_LB_AL2395_A0_HOA_EPD3""]","[""lower_bound"",""exact"",""exact"",""exact""]",False
cornea_x_platform_did,delta_c60_um,(B0-A0)_RAD-(B0-A0)_HOA,LB_AL2395,,,3.0,-0.00020944589595131569,not_applicable,,,"[""CAR_LB_AL2395_B0_RAD_EPD3"",""CAR_LB_AL2395_A0_RAD_EPD3"",""CAR_LB_AL2395_B0_HOA_EPD3"",""CAR_LB_AL2395_A0_HOA_EPD3""]","[""exact"",""exact"",""exact"",""exact""]",False
cornea_x_platform_did,delta_c60_um,(C0-A0)_WFS-(C0-A0)_RAD,LB_AL2395,,,3.0,-0.0005426975956496077,not_applicable,,,"[""CAR_LB_AL2395_C0_WFS_EPD3"",""CAR_LB_AL2395_A0_WFS_EPD3"",""CAR_LB_AL2395_C0_RAD_EPD3"",""CAR_LB_AL2395_A0_RAD_EPD3""]","[""exact"",""exact"",""exact"",""exact""]",False
cornea_x_platform_did,delta_c60_um,(C0-A0)_WFS-(C0-A0)_HOA,LB_AL2395,,,3.0,-0.004026891550187067,not_applicable,,,"[""CAR_LB_AL2395_C0_WFS_EPD3"",""CAR_LB_AL2395_A0_WFS_EPD3"",""CAR_LB_AL2395_C0_HOA_EPD3"",""CAR_LB_AL2395_A0_HOA_EPD3""]","[""exact"",""exact"",""exact"",""exact""]",False
cornea_x_platform_did,delta_c60_um,(C0-A0)_RAD-(C0-A0)_HOA,LB_AL2395,,,3.0,-0.0034841939545374456,not_applicable,,,"[""CAR_LB_AL2395_C0_RAD_EPD3"",""CAR_LB_AL2395_A0_RAD_EPD3"",""CAR_LB_AL2395_C0_HOA_EPD3"",""CAR_LB_AL2395_A0_HOA_EPD3""]","[""exact"",""exact"",""exact"",""exact""]",False
cornea_x_platform_did,delta_c60_um,(B0-C0)_WFS-(B0-C0)_RAD,LB_AL2395,,,3.0,0.00044114882746261463,not_applicable,,,"[""CAR_LB_AL2395_B0_WFS_EPD3"",""CAR_LB_AL2395_C0_WFS_EPD3"",""CAR_LB_AL2395_B0_RAD_EPD3"",""CAR_LB_AL2395_C0_RAD_EPD3""]","[""lower_bound"",""exact"",""exact"",""exact""]",False
cornea_x_platform_did,delta_c60_um,(B0-C0)_WFS-(B0-C0)_HOA,LB_AL2395,,,3.0,0.0037158968860487585,not_applicable,,,"[""CAR_LB_AL2395_B0_WFS_EPD3"",""CAR_LB_AL2395_C0_WFS_EPD3"",""CAR_LB_AL2395_B0_HOA_EPD3"",""CAR_LB_AL2395_C0_HOA_EPD3""]","[""lower_bound"",""exact"",""exact"",""exact""]",False
cornea_x_platform_did,delta_c60_um,(B0-C0)_RAD-(B0-C0)_HOA,LB_AL2395,,,3.0,0.00327474805858613,not_applicable,,,"[""CAR_LB_AL2395_B0_RAD_EPD3"",""CAR_LB_AL2395_C0_RAD_EPD3"",""CAR_LB_AL2395_B0_HOA_EPD3"",""CAR_LB_AL2395_C0_HOA_EPD3""]","[""exact"",""exact"",""exact"",""exact""]",False
cornea_x_platform_did,delta_c60_um,(B0-A0)_WFS-(B0-A0)_RAD,LB_AL2395,,,5.0,0.00010407347833503444,not_applicable,,,"[""CAR_LB_AL2395_B0_WFS_EPD5"",""CAR_LB_AL2395_A0_WFS_EPD5"",""CAR_LB_AL2395_B0_RAD_EPD5"",""CAR_LB_AL2395_A0_RAD_EPD5""]","[""exact"",""exact"",""exact"",""exact""]",True
cornea_x_platform_did,delta_c60_um,(B0-A0)_WFS-(B0-A0)_HOA,LB_AL2395,,,5.0,-8.129241534476396e-05,not_applicable,,,"[""CAR_LB_AL2395_B0_WFS_EPD5"",""CAR_LB_AL2395_A0_WFS_EPD5"",""CAR_LB_AL2395_B0_HOA_EPD5"",""CAR_LB_AL2395_A0_HOA_EPD5""]","[""exact"",""exact"",""exact"",""exact""]",True
cornea_x_platform_did,delta_c60_um,(B0-A0)_RAD-(B0-A0)_HOA,LB_AL2395,,,5.0,-0.00018536589367979493,not_applicable,,,"[""CAR_LB_AL2395_B0_RAD_EPD5"",""CAR_LB_AL2395_A0_RAD_EPD5"",""CAR_LB_AL2395_B0_HOA_EPD5"",""CAR_LB_AL2395_A0_HOA_EPD5""]","[""exact"",""exact"",""exact"",""exact""]",True
cornea_x_platform_did,delta_c60_um,(C0-A0)_WFS-(C0-A0)_RAD,LB_AL2395,,,5.0,0.0009552706224386087,not_applicable,,,"[""CAR_LB_AL2395_C0_WFS_EPD5"",""CAR_LB_AL2395_A0_WFS_EPD5"",""CAR_LB_AL2395_C0_RAD_EPD5"",""CAR_LB_AL2395_A0_RAD_EPD5""]","[""exact"",""exact"",""lower_bound"",""exact""]",False
cornea_x_platform_did,delta_c60_um,(C0-A0)_WFS-(C0-A0)_HOA,LB_AL2395,,,5.0,-0.0011975390022783972,not_applicable,,,"[""CAR_LB_AL2395_C0_WFS_EPD5"",""CAR_LB_AL2395_A0_WFS_EPD5"",""CAR_LB_AL2395_C0_HOA_EPD5"",""CAR_LB_AL2395_A0_HOA_EPD5""]","[""exact"",""exact"",""exact"",""exact""]",True
cornea_x_platform_did,delta_c60_um,(C0-A0)_RAD-(C0-A0)_HOA,LB_AL2395,,,5.0,-0.0021528096247170093,not_applicable,,,"[""CAR_LB_AL2395_C0_RAD_EPD5"",""CAR_LB_AL2395_A0_RAD_EPD5"",""CAR_LB_AL2395_C0_HOA_EPD5"",""CAR_LB_AL2395_A0_HOA_EPD5""]","[""lower_bound"",""exact"",""exact"",""exact""]",True
cornea_x_platform_did,delta_c60_um,(B0-C0)_WFS-(B0-C0)_RAD,LB_AL2395,,,5.0,-0.0008511971441035743,not_applicable,,,"[""CAR_LB_AL2395_B0_WFS_EPD5"",""CAR_LB_AL2395_C0_WFS_EPD5"",""CAR_LB_AL2395_B0_RAD_EPD5"",""CAR_LB_AL2395_C0_RAD_EPD5""]","[""exact"",""exact"",""exact"",""lower_bound""]",True
cornea_x_platform_did,delta_c60_um,(B0-C0)_WFS-(B0-C0)_HOA,LB_AL2395,,,5.0,0.0011162465869336332,not_applicable,,,"[""CAR_LB_AL2395_B0_WFS_EPD5"",""CAR_LB_AL2395_C0_WFS_EPD5"",""CAR_LB_AL2395_B0_HOA_EPD5"",""CAR_LB_AL2395_C0_HOA_EPD5""]","[""exact"",""exact"",""exact"",""exact""]",True
cornea_x_platform_did,delta_c60_um,(B0-C0)_RAD-(B0-C0)_HOA,LB_AL2395,,,5.0,0.0019674437310372144,not_applicable,,,"[""CAR_LB_AL2395_B0_RAD_EPD5"",""CAR_LB_AL2395_C0_RAD_EPD5"",""CAR_LB_AL2395_B0_HOA_EPD5"",""CAR_LB_AL2395_C0_HOA_EPD5""]","[""exact"",""lower_bound"",""exact"",""exact""]",True
cornea_x_platform_did,delta_c60_um,(B0-A0)_WFS-(B0-A0)_RAD,ATC_M3_AL24477,,,3.0,-9.750717707508738e-05,not_applicable,,,"[""CAR_ATC_M3_AL24477_B0_WFS_EPD3"",""CAR_ATC_M3_AL24477_A0_WFS_EPD3"",""CAR_ATC_M3_AL24477_B0_RAD_EPD3"",""CAR_ATC_M3_AL24477_A0_RAD_EPD3""]","[""lower_bound"",""exact"",""exact"",""exact""]",False
cornea_x_platform_did,delta_c60_um,(B0-A0)_WFS-(B0-A0)_HOA,ATC_M3_AL24477,,,3.0,-0.0003088252313213913,not_applicable,,,"[""CAR_ATC_M3_AL24477_B0_WFS_EPD3"",""CAR_ATC_M3_AL24477_A0_WFS_EPD3"",""CAR_ATC_M3_AL24477_B0_HOA_EPD3"",""CAR_ATC_M3_AL24477_A0_HOA_EPD3""]","[""lower_bound"",""exact"",""exact"",""exact""]",False
cornea_x_platform_did,delta_c60_um,(B0-A0)_RAD-(B0-A0)_HOA,ATC_M3_AL24477,,,3.0,-0.00021131805424629002,not_applicable,,,"[""CAR_ATC_M3_AL24477_B0_RAD_EPD3"",""CAR_ATC_M3_AL24477_A0_RAD_EPD3"",""CAR_ATC_M3_AL24477_B0_HOA_EPD3"",""CAR_ATC_M3_AL24477_A0_HOA_EPD3""]","[""exact"",""exact"",""exact"",""exact""]",False
cornea_x_platform_did,delta_c60_um,(C0-A0)_WFS-(C0-A0)_RAD,ATC_M3_AL24477,,,3.0,-0.0005085628920404317,not_applicable,,,"[""CAR_ATC_M3_AL24477_C0_WFS_EPD3"",""CAR_ATC_M3_AL24477_A0_WFS_EPD3"",""CAR_ATC_M3_AL24477_C0_RAD_EPD3"",""CAR_ATC_M3_AL24477_A0_RAD_EPD3""]","[""exact"",""exact"",""exact"",""exact""]",False
cornea_x_platform_did,delta_c60_um,(C0-A0)_WFS-(C0-A0)_HOA,ATC_M3_AL24477,,,3.0,-0.004026934695332218,not_applicable,,,"[""CAR_ATC_M3_AL24477_C0_WFS_EPD3"",""CAR_ATC_M3_AL24477_A0_WFS_EPD3"",""CAR_ATC_M3_AL24477_C0_HOA_EPD3"",""CAR_ATC_M3_AL24477_A0_HOA_EPD3""]","[""exact"",""exact"",""exact"",""exact""]",False
cornea_x_platform_did,delta_c60_um,(C0-A0)_RAD-(C0-A0)_HOA,ATC_M3_AL24477,,,3.0,-0.0035183718032917866,not_applicable,,,"[""CAR_ATC_M3_AL24477_C0_RAD_EPD3"",""CAR_ATC_M3_AL24477_A0_RAD_EPD3"",""CAR_ATC_M3_AL24477_C0_HOA_EPD3"",""CAR_ATC_M3_AL24477_A0_HOA_EPD3""]","[""exact"",""exact"",""exact"",""exact""]",False
cornea_x_platform_did,delta_c60_um,(B0-C0)_WFS-(B0-C0)_RAD,ATC_M3_AL24477,,,3.0,0.0004110557149653443,not_applicable,,,"[""CAR_ATC_M3_AL24477_B0_WFS_EPD3"",""CAR_ATC_M3_AL24477_C0_WFS_EPD3"",""CAR_ATC_M3_AL24477_B0_RAD_EPD3"",""CAR_ATC_M3_AL24477_C0_RAD_EPD3""]","[""lower_bound"",""exact"",""exact"",""exact""]",False
cornea_x_platform_did,delta_c60_um,(B0-C0)_WFS-(B0-C0)_HOA,ATC_M3_AL24477,,,3.0,0.0037181094640107992,not_applicable,,,"[""CAR_ATC_M3_AL24477_B0_WFS_EPD3"",""CAR_ATC_M3_AL24477_C0_WFS_EPD3"",""CAR_ATC_M3_AL24477_B0_HOA_EPD3"",""CAR_ATC_M3_AL24477_C0_HOA_EPD3""]","[""lower_bound"",""exact"",""exact"",""exact""]",False
cornea_x_platform_did,delta_c60_um,(B0-C0)_RAD-(B0-C0)_HOA,ATC_M3_AL24477,,,3.0,0.0033070537490454688,not_applicable,,,"[""CAR_ATC_M3_AL24477_B0_RAD_EPD3"",""CAR_ATC_M3_AL24477_C0_RAD_EPD3"",""CAR_ATC_M3_AL24477_B0_HOA_EPD3"",""CAR_ATC_M3_AL24477_C0_HOA_EPD3""]","[""exact"",""exact"",""exact"",""exact""]",False
cornea_x_platform_did,delta_c60_um,(B0-A0)_WFS-(B0-A0)_RAD,ATC_M3_AL24477,,,5.0,0.00010214589165397081,not_applicable,,,"[""CAR_ATC_M3_AL24477_B0_WFS_EPD5"",""CAR_ATC_M3_AL24477_A0_WFS_EPD5"",""CAR_ATC_M3_AL24477_B0_RAD_EPD5"",""CAR_ATC_M3_AL24477_A0_RAD_EPD5""]","[""exact"",""exact"",""exact"",""exact""]",True
cornea_x_platform_did,delta_c60_um,(B0-A0)_WFS-(B0-A0)_HOA,ATC_M3_AL24477,,,5.0,-8.196769868033457e-05,not_applicable,,,"[""CAR_ATC_M3_AL24477_B0_WFS_EPD5"",""CAR_ATC_M3_AL24477_A0_WFS_EPD5"",""CAR_ATC_M3_AL24477_B0_HOA_EPD5"",""CAR_ATC_M3_AL24477_A0_HOA_EPD5""]","[""exact"",""exact"",""exact"",""exact""]",True
cornea_x_platform_did,delta_c60_um,(B0-A0)_RAD-(B0-A0)_HOA,ATC_M3_AL24477,,,5.0,-0.0001841135903343019,not_applicable,,,"[""CAR_ATC_M3_AL24477_B0_RAD_EPD5"",""CAR_ATC_M3_AL24477_A0_RAD_EPD5"",""CAR_ATC_M3_AL24477_B0_HOA_EPD5"",""CAR_ATC_M3_AL24477_A0_HOA_EPD5""]","[""exact"",""exact"",""exact"",""exact""]",True
cornea_x_platform_did,delta_c60_um,(C0-A0)_WFS-(C0-A0)_RAD,ATC_M3_AL24477,,,5.0,0.0009439346505372426,not_applicable,,,"[""CAR_ATC_M3_AL24477_C0_WFS_EPD5"",""CAR_ATC_M3_AL24477_A0_WFS_EPD5"",""CAR_ATC_M3_AL24477_C0_RAD_EPD5"",""CAR_ATC_M3_AL24477_A0_RAD_EPD5""]","[""exact"",""exact"",""lower_bound"",""exact""]",False
cornea_x_platform_did,delta_c60_um,(C0-A0)_WFS-(C0-A0)_HOA,ATC_M3_AL24477,,,5.0,-0.0012052703067010583,not_applicable,,,"[""CAR_ATC_M3_AL24477_C0_WFS_EPD5"",""CAR_ATC_M3_AL24477_A0_WFS_EPD5"",""CAR_ATC_M3_AL24477_C0_HOA_EPD5"",""CAR_ATC_M3_AL24477_A0_HOA_EPD5""]","[""exact"",""exact"",""lower_bound"",""exact""]",True
cornea_x_platform_did,delta_c60_um,(C0-A0)_RAD-(C0-A0)_HOA,ATC_M3_AL24477,,,5.0,-0.002149204957238294,not_applicable,,,"[""CAR_ATC_M3_AL24477_C0_RAD_EPD5"",""CAR_ATC_M3_AL24477_A0_RAD_EPD5"",""CAR_ATC_M3_AL24477_C0_HOA_EPD5"",""CAR_ATC_M3_AL24477_A0_HOA_EPD5""]","[""lower_bound"",""exact"",""lower_bound"",""exact""]",True
cornea_x_platform_did,delta_c60_um,(B0-C0)_WFS-(B0-C0)_RAD,ATC_M3_AL24477,,,5.0,-0.0008417887588832718,not_applicable,,,"[""CAR_ATC_M3_AL24477_B0_WFS_EPD5"",""CAR_ATC_M3_AL24477_C0_WFS_EPD5"",""CAR_ATC_M3_AL24477_B0_RAD_EPD5"",""CAR_ATC_M3_AL24477_C0_RAD_EPD5""]","[""exact"",""exact"",""exact"",""lower_bound""]",True
cornea_x_platform_did,delta_c60_um,(B0-C0)_WFS-(B0-C0)_HOA,ATC_M3_AL24477,,,5.0,0.0011233026080207237,not_applicable,,,"[""CAR_ATC_M3_AL24477_B0_WFS_EPD5"",""CAR_ATC_M3_AL24477_C0_WFS_EPD5"",""CAR_ATC_M3_AL24477_B0_HOA_EPD5"",""CAR_ATC_M3_AL24477_C0_HOA_EPD5""]","[""exact"",""exact"",""exact"",""lower_bound""]",True
cornea_x_platform_did,delta_c60_um,(B0-C0)_RAD-(B0-C0)_HOA,ATC_M3_AL24477,,,5.0,0.001965091366903992,not_applicable,,,"[""CAR_ATC_M3_AL24477_B0_RAD_EPD5"",""CAR_ATC_M3_AL24477_C0_RAD_EPD5"",""CAR_ATC_M3_AL24477_B0_HOA_EPD5"",""CAR_ATC_M3_AL24477_C0_HOA_EPD5""]","[""exact"",""lower_bound"",""exact"",""lower_bound""]",True
pupil_sensitivity,delta_c60_um,EPD5-EPD3,LB_AL2395,A0,WFS,,0.008008770069739837,not_applicable,,,"[""CAR_LB_AL2395_A0_WFS_EPD5"",""CAR_LB_AL2395_A0_WFS_EPD3""]","[""exact"",""exact""]",False
pupil_sensitivity,delta_c60_um,EPD5-EPD3,LB_AL2395,A0,RAD,,0.15499288670924055,not_applicable,,,"[""CAR_LB_AL2395_A0_RAD_EPD5"",""CAR_LB_AL2395_A0_RAD_EPD3""]","[""exact"",""exact""]",False
pupil_sensitivity,delta_c60_um,EPD5-EPD3,LB_AL2395,A0,HOA,,-0.15550782540400976,not_applicable,,,"[""CAR_LB_AL2395_A0_HOA_EPD5"",""CAR_LB_AL2395_A0_HOA_EPD3""]","[""exact"",""exact""]",True
pupil_sensitivity,delta_c60_um,EPD5-EPD3,LB_AL2395,B0,WFS,,0.007919756121404144,not_applicable,,,"[""CAR_LB_AL2395_B0_WFS_EPD5"",""CAR_LB_AL2395_B0_WFS_EPD3""]","[""exact"",""lower_bound""]",True
pupil_sensitivity,delta_c60_um,EPD5-EPD3,LB_AL2395,B0,RAD,,0.15469825051438285,not_applicable,,,"[""CAR_LB_AL2395_B0_RAD_EPD5"",""CAR_LB_AL2395_B0_RAD_EPD3""]","[""exact"",""exact""]",True
pupil_sensitivity,delta_c60_um,EPD5-EPD3,LB_AL2395,B0,HOA,,-0.155826541601139,not_applicable,,,"[""CAR_LB_AL2395_B0_HOA_EPD5"",""CAR_LB_AL2395_B0_HOA_EPD3""]","[""exact"",""exact""]",True
pupil_sensitivity,delta_c60_um,EPD5-EPD3,LB_AL2395,C0,WFS,,0.006940198978485072,not_applicable,,,"[""CAR_LB_AL2395_C0_WFS_EPD5"",""CAR_LB_AL2395_C0_WFS_EPD3""]","[""exact"",""exact""]",False
pupil_sensitivity,delta_c60_um,EPD5-EPD3,LB_AL2395,C0,RAD,,0.15242634739989758,not_applicable,,,"[""CAR_LB_AL2395_C0_RAD_EPD5"",""CAR_LB_AL2395_C0_RAD_EPD3""]","[""lower_bound"",""exact""]",False
pupil_sensitivity,delta_c60_um,EPD5-EPD3,LB_AL2395,C0,HOA,,-0.1594057490431732,not_applicable,,,"[""CAR_LB_AL2395_C0_HOA_EPD5"",""CAR_LB_AL2395_C0_HOA_EPD3""]","[""exact"",""exact""]",False
pupil_sensitivity,delta_c60_um,EPD5-EPD3,ATC_M3_AL24477,A0,WFS,,0.008025964786140757,not_applicable,,,"[""CAR_ATC_M3_AL24477_A0_WFS_EPD5"",""CAR_ATC_M3_AL24477_A0_WFS_EPD3""]","[""exact"",""exact""]",False
pupil_sensitivity,delta_c60_um,EPD5-EPD3,ATC_M3_AL24477,A0,RAD,,0.1550781383107694,not_applicable,,,"[""CAR_ATC_M3_AL24477_A0_RAD_EPD5"",""CAR_ATC_M3_AL24477_A0_RAD_EPD3""]","[""exact"",""exact""]",False
pupil_sensitivity,delta_c60_um,EPD5-EPD3,ATC_M3_AL24477,A0,HOA,,-0.15547173064438538,not_applicable,,,"[""CAR_ATC_M3_AL24477_A0_HOA_EPD5"",""CAR_ATC_M3_AL24477_A0_HOA_EPD3""]","[""exact"",""exact""]",True
pupil_sensitivity,delta_c60_um,EPD5-EPD3,ATC_M3_AL24477,B0,WFS,,0.007933295070763562,not_applicable,,,"[""CAR_ATC_M3_AL24477_B0_WFS_EPD5"",""CAR_ATC_M3_AL24477_B0_WFS_EPD3""]","[""exact"",""lower_bound""]",True
pupil_sensitivity,delta_c60_um,EPD5-EPD3,ATC_M3_AL24477,B0,RAD,,0.15478581552666312,not_applicable,,,"[""CAR_ATC_M3_AL24477_B0_RAD_EPD5"",""CAR_ATC_M3_AL24477_B0_RAD_EPD3""]","[""exact"",""exact""]",True
pupil_sensitivity,delta_c60_um,EPD5-EPD3,ATC_M3_AL24477,B0,HOA,,-0.15579125789240364,not_applicable,,,"[""CAR_ATC_M3_AL24477_B0_HOA_EPD5"",""CAR_ATC_M3_AL24477_B0_HOA_EPD3""]","[""exact"",""exact""]",True
pupil_sensitivity,delta_c60_um,EPD5-EPD3,ATC_M3_AL24477,C0,WFS,,0.006955538822920288,not_applicable,,,"[""CAR_ATC_M3_AL24477_C0_WFS_EPD5"",""CAR_ATC_M3_AL24477_C0_WFS_EPD3""]","[""exact"",""exact""]",False
pupil_sensitivity,delta_c60_um,EPD5-EPD3,ATC_M3_AL24477,C0,RAD,,0.15255521480497125,not_applicable,,,"[""CAR_ATC_M3_AL24477_C0_RAD_EPD5"",""CAR_ATC_M3_AL24477_C0_RAD_EPD3""]","[""lower_bound"",""exact""]",False
pupil_sensitivity,delta_c60_um,EPD5-EPD3,ATC_M3_AL24477,C0,HOA,,-0.159363820996237,not_applicable,,,"[""CAR_ATC_M3_AL24477_C0_HOA_EPD5"",""CAR_ATC_M3_AL24477_C0_HOA_EPD3""]","[""lower_bound"",""exact""]",False
base_sensitivity,delta_c60_um,ATC-LB,,A0,WFS,3.0,-1.2767189478214702e-05,not_applicable,,,"[""CAR_ATC_M3_AL24477_A0_WFS_EPD3"",""CAR_LB_AL2395_A0_WFS_EPD3""]","[""exact"",""exact""]",False
base_sensitivity,delta_c60_um,ATC-LB,,A0,WFS,5.0,4.427526922704678e-06,not_applicable,,,"[""CAR_ATC_M3_AL24477_A0_WFS_EPD5"",""CAR_LB_AL2395_A0_WFS_EPD5""]","[""exact"",""exact""]",False
base_sensitivity,delta_c60_um,ATC-LB,,A0,RAD,3.0,3.992128390140071e-06,not_applicable,,,"[""CAR_ATC_M3_AL24477_A0_RAD_EPD3"",""CAR_LB_AL2395_A0_RAD_EPD3""]","[""exact"",""exact""]",False
base_sensitivity,delta_c60_um,ATC-LB,,A0,RAD,5.0,8.924372991894747e-05,not_applicable,,,"[""CAR_ATC_M3_AL24477_A0_RAD_EPD5"",""CAR_LB_AL2395_A0_RAD_EPD5""]","[""exact"",""exact""]",False
base_sensitivity,delta_c60_um,ATC-LB,,A0,HOA,3.0,-4.746074351894003e-05,not_applicable,,,"[""CAR_ATC_M3_AL24477_A0_HOA_EPD3"",""CAR_LB_AL2395_A0_HOA_EPD3""]","[""exact"",""exact""]",False
base_sensitivity,delta_c60_um,ATC-LB,,A0,HOA,5.0,-1.136598389454846e-05,not_applicable,,,"[""CAR_ATC_M3_AL24477_A0_HOA_EPD5"",""CAR_LB_AL2395_A0_HOA_EPD5""]","[""exact"",""exact""]",True
base_sensitivity,delta_c60_um,ATC-LB,,B0,WFS,3.0,-1.0331553675978905e-05,not_applicable,,,"[""CAR_ATC_M3_AL24477_B0_WFS_EPD3"",""CAR_LB_AL2395_B0_WFS_EPD3""]","[""lower_bound"",""lower_bound""]",False
base_sensitivity,delta_c60_um,ATC-LB,,B0,WFS,5.0,3.2073956834390016e-06,not_applicable,,,"[""CAR_ATC_M3_AL24477_B0_WFS_EPD5"",""CAR_LB_AL2395_B0_WFS_EPD5""]","[""exact"",""exact""]",True
base_sensitivity,delta_c60_um,ATC-LB,,B0,RAD,3.0,2.3861730804597414e-06,not_applicable,,,"[""CAR_ATC_M3_AL24477_B0_RAD_EPD3"",""CAR_LB_AL2395_B0_RAD_EPD3""]","[""exact"",""exact""]",False
base_sensitivity,delta_c60_um,ATC-LB,,B0,RAD,5.0,8.995118536074542e-05,not_applicable,,,"[""CAR_ATC_M3_AL24477_B0_RAD_EPD5"",""CAR_LB_AL2395_B0_RAD_EPD5""]","[""exact"",""exact""]",True
base_sensitivity,delta_c60_um,ATC-LB,,B0,HOA,3.0,-4.719454053361827e-05,not_applicable,,,"[""CAR_ATC_M3_AL24477_B0_HOA_EPD3"",""CAR_LB_AL2395_B0_HOA_EPD3""]","[""exact"",""exact""]",False
base_sensitivity,delta_c60_um,ATC-LB,,B0,HOA,5.0,-1.1910831798243524e-05,not_applicable,,,"[""CAR_ATC_M3_AL24477_B0_HOA_EPD5"",""CAR_LB_AL2395_B0_HOA_EPD5""]","[""exact"",""exact""]",True
base_sensitivity,delta_c60_um,ATC-LB,,C0,WFS,3.0,-1.1827953724816848e-05,not_applicable,,,"[""CAR_ATC_M3_AL24477_C0_WFS_EPD3"",""CAR_LB_AL2395_C0_WFS_EPD3""]","[""exact"",""exact""]",False
base_sensitivity,delta_c60_um,ATC-LB,,C0,WFS,5.0,3.5118907103989794e-06,not_applicable,,,"[""CAR_ATC_M3_AL24477_C0_WFS_EPD5"",""CAR_LB_AL2395_C0_WFS_EPD5""]","[""exact"",""exact""]",False
base_sensitivity,delta_c60_um,ATC-LB,,C0,RAD,3.0,-2.9203339465641576e-05,not_applicable,,,"[""CAR_ATC_M3_AL24477_C0_RAD_EPD3"",""CAR_LB_AL2395_C0_RAD_EPD3""]","[""exact"",""exact""]",False
base_sensitivity,delta_c60_um,ATC-LB,,C0,RAD,5.0,9.966406560801833e-05,not_applicable,,,"[""CAR_ATC_M3_AL24477_C0_RAD_EPD5"",""CAR_LB_AL2395_C0_RAD_EPD5""]","[""lower_bound"",""lower_bound""]",False
base_sensitivity,delta_c60_um,ATC-LB,,C0,HOA,3.0,-4.647836262039462e-05,not_applicable,,,"[""CAR_ATC_M3_AL24477_C0_HOA_EPD3"",""CAR_LB_AL2395_C0_HOA_EPD3""]","[""exact"",""exact""]",False
base_sensitivity,delta_c60_um,ATC-LB,,C0,HOA,5.0,-4.5503156841930625e-06,not_applicable,,,"[""CAR_ATC_M3_AL24477_C0_HOA_EPD5"",""CAR_LB_AL2395_C0_HOA_EPD5""]","[""lower_bound"",""exact""]",False
platform,delta_hoa_rms_um,WFS-RAD,LB_AL2395,A0,,3.0,-0.047736039869885845,not_applicable,,,"[""CAR_LB_AL2395_A0_WFS_EPD3"",""CAR_LB_AL2395_A0_RAD_EPD3""]","[""exact"",""exact""]",False
platform,delta_hoa_rms_um,WFS-HOA,LB_AL2395,A0,,3.0,-0.1134945164359713,not_applicable,,,"[""CAR_LB_AL2395_A0_WFS_EPD3"",""CAR_LB_AL2395_A0_HOA_EPD3""]","[""exact"",""exact""]",False
platform,delta_hoa_rms_um,RAD-HOA,LB_AL2395,A0,,3.0,-0.06575847656608547,not_applicable,,,"[""CAR_LB_AL2395_A0_RAD_EPD3"",""CAR_LB_AL2395_A0_HOA_EPD3""]","[""exact"",""exact""]",False
platform,delta_hoa_rms_um,WFS-RAD,LB_AL2395,A0,,5.0,0.01923992571946785,not_applicable,,,"[""CAR_LB_AL2395_A0_WFS_EPD5"",""CAR_LB_AL2395_A0_RAD_EPD5""]","[""exact"",""exact""]",False
platform,delta_hoa_rms_um,WFS-HOA,LB_AL2395,A0,,5.0,0.0036812248476477405,not_applicable,,,"[""CAR_LB_AL2395_A0_WFS_EPD5"",""CAR_LB_AL2395_A0_HOA_EPD5""]","[""exact"",""exact""]",True
platform,delta_hoa_rms_um,RAD-HOA,LB_AL2395,A0,,5.0,-0.01555870087182011,not_applicable,,,"[""CAR_LB_AL2395_A0_RAD_EPD5"",""CAR_LB_AL2395_A0_HOA_EPD5""]","[""exact"",""exact""]",True
platform,delta_hoa_rms_um,WFS-RAD,LB_AL2395,B0,,3.0,-0.03787228037195759,not_applicable,,,"[""CAR_LB_AL2395_B0_WFS_EPD3"",""CAR_LB_AL2395_B0_RAD_EPD3""]","[""lower_bound"",""exact""]",False
platform,delta_hoa_rms_um,WFS-HOA,LB_AL2395,B0,,3.0,-0.09820354456589972,not_applicable,,,"[""CAR_LB_AL2395_B0_WFS_EPD3"",""CAR_LB_AL2395_B0_HOA_EPD3""]","[""lower_bound"",""exact""]",False
platform,delta_hoa_rms_um,RAD-HOA,LB_AL2395,B0,,3.0,-0.060331264193942136,not_applicable,,,"[""CAR_LB_AL2395_B0_RAD_EPD3"",""CAR_LB_AL2395_B0_HOA_EPD3""]","[""exact"",""exact""]",False
platform,delta_hoa_rms_um,WFS-RAD,LB_AL2395,B0,,5.0,0.10196972010002558,not_applicable,,,"[""CAR_LB_AL2395_B0_WFS_EPD5"",""CAR_LB_AL2395_B0_RAD_EPD5""]","[""exact"",""exact""]",True
platform,delta_hoa_rms_um,WFS-HOA,LB_AL2395,B0,,5.0,0.003981683611918474,not_applicable,,,"[""CAR_LB_AL2395_B0_WFS_EPD5"",""CAR_LB_AL2395_B0_HOA_EPD5""]","[""exact"",""exact""]",True
platform,delta_hoa_rms_um,RAD-HOA,LB_AL2395,B0,,5.0,-0.09798803648810711,not_applicable,,,"[""CAR_LB_AL2395_B0_RAD_EPD5"",""CAR_LB_AL2395_B0_HOA_EPD5""]","[""exact"",""exact""]",True
platform,delta_hoa_rms_um,WFS-RAD,LB_AL2395,C0,,3.0,-0.05000749420988759,not_applicable,,,"[""CAR_LB_AL2395_C0_WFS_EPD3"",""CAR_LB_AL2395_C0_RAD_EPD3""]","[""exact"",""exact""]",False
platform,delta_hoa_rms_um,WFS-HOA,LB_AL2395,C0,,3.0,-0.12240209234590188,not_applicable,,,"[""CAR_LB_AL2395_C0_WFS_EPD3"",""CAR_LB_AL2395_C0_HOA_EPD3""]","[""exact"",""exact""]",False
platform,delta_hoa_rms_um,RAD-HOA,LB_AL2395,C0,,3.0,-0.07239459813601429,not_applicable,,,"[""CAR_LB_AL2395_C0_RAD_EPD3"",""CAR_LB_AL2395_C0_HOA_EPD3""]","[""exact"",""exact""]",False
platform,delta_hoa_rms_um,WFS-RAD,LB_AL2395,C0,,5.0,-0.12731562411809383,not_applicable,,,"[""CAR_LB_AL2395_C0_WFS_EPD5"",""CAR_LB_AL2395_C0_RAD_EPD5""]","[""exact"",""lower_bound""]",False
platform,delta_hoa_rms_um,WFS-HOA,LB_AL2395,C0,,5.0,0.0006302314374275753,not_applicable,,,"[""CAR_LB_AL2395_C0_WFS_EPD5"",""CAR_LB_AL2395_C0_HOA_EPD5""]","[""exact"",""exact""]",False
platform,delta_hoa_rms_um,RAD-HOA,LB_AL2395,C0,,5.0,0.1279458555555214,not_applicable,,,"[""CAR_LB_AL2395_C0_RAD_EPD5"",""CAR_LB_AL2395_C0_HOA_EPD5""]","[""lower_bound"",""exact""]",False
platform,delta_hoa_rms_um,WFS-RAD,ATC_M3_AL24477,A0,,3.0,-0.04965424523515723,not_applicable,,,"[""CAR_ATC_M3_AL24477_A0_WFS_EPD3"",""CAR_ATC_M3_AL24477_A0_RAD_EPD3""]","[""exact"",""exact""]",False
platform,delta_hoa_rms_um,WFS-HOA,ATC_M3_AL24477,A0,,3.0,-0.11593312781705285,not_applicable,,,"[""CAR_ATC_M3_AL24477_A0_WFS_EPD3"",""CAR_ATC_M3_AL24477_A0_HOA_EPD3""]","[""exact"",""exact""]",False
platform,delta_hoa_rms_um,RAD-HOA,ATC_M3_AL24477,A0,,3.0,-0.06627888258189563,not_applicable,,,"[""CAR_ATC_M3_AL24477_A0_RAD_EPD3"",""CAR_ATC_M3_AL24477_A0_HOA_EPD3""]","[""exact"",""exact""]",False
platform,delta_hoa_rms_um,WFS-RAD,ATC_M3_AL24477,A0,,5.0,-0.009146786352913744,not_applicable,,,"[""CAR_ATC_M3_AL24477_A0_WFS_EPD5"",""CAR_ATC_M3_AL24477_A0_RAD_EPD5""]","[""exact"",""exact""]",False
platform,delta_hoa_rms_um,WFS-HOA,ATC_M3_AL24477,A0,,5.0,0.0036633052669055866,not_applicable,,,"[""CAR_ATC_M3_AL24477_A0_WFS_EPD5"",""CAR_ATC_M3_AL24477_A0_HOA_EPD5""]","[""exact"",""exact""]",True
platform,delta_hoa_rms_um,RAD-HOA,ATC_M3_AL24477,A0,,5.0,0.01281009161981933,not_applicable,,,"[""CAR_ATC_M3_AL24477_A0_RAD_EPD5"",""CAR_ATC_M3_AL24477_A0_HOA_EPD5""]","[""exact"",""exact""]",True
platform,delta_hoa_rms_um,WFS-RAD,ATC_M3_AL24477,B0,,3.0,-0.039638782008218354,not_applicable,,,"[""CAR_ATC_M3_AL24477_B0_WFS_EPD3"",""CAR_ATC_M3_AL24477_B0_RAD_EPD3""]","[""lower_bound"",""exact""]",False
platform,delta_hoa_rms_um,WFS-HOA,ATC_M3_AL24477,B0,,3.0,-0.10048074303696927,not_applicable,,,"[""CAR_ATC_M3_AL24477_B0_WFS_EPD3"",""CAR_ATC_M3_AL24477_B0_HOA_EPD3""]","[""lower_bound"",""exact""]",False
platform,delta_hoa_rms_um,RAD-HOA,ATC_M3_AL24477,B0,,3.0,-0.06084196102875092,not_applicable,,,"[""CAR_ATC_M3_AL24477_B0_RAD_EPD3"",""CAR_ATC_M3_AL24477_B0_HOA_EPD3""]","[""exact"",""exact""]",False
platform,delta_hoa_rms_um,WFS-RAD,ATC_M3_AL24477,B0,,5.0,0.09419019735426595,not_applicable,,,"[""CAR_ATC_M3_AL24477_B0_WFS_EPD5"",""CAR_ATC_M3_AL24477_B0_RAD_EPD5""]","[""exact"",""exact""]",True
platform,delta_hoa_rms_um,WFS-HOA,ATC_M3_AL24477,B0,,5.0,0.0039836071107243465,not_applicable,,,"[""CAR_ATC_M3_AL24477_B0_WFS_EPD5"",""CAR_ATC_M3_AL24477_B0_HOA_EPD5""]","[""exact"",""exact""]",True
platform,delta_hoa_rms_um,RAD-HOA,ATC_M3_AL24477,B0,,5.0,-0.0902065902435416,not_applicable,,,"[""CAR_ATC_M3_AL24477_B0_RAD_EPD5"",""CAR_ATC_M3_AL24477_B0_HOA_EPD5""]","[""exact"",""exact""]",True
platform,delta_hoa_rms_um,WFS-RAD,ATC_M3_AL24477,C0,,3.0,-0.051479411155635334,not_applicable,,,"[""CAR_ATC_M3_AL24477_C0_WFS_EPD3"",""CAR_ATC_M3_AL24477_C0_RAD_EPD3""]","[""exact"",""exact""]",False
platform,delta_hoa_rms_um,WFS-HOA,ATC_M3_AL24477,C0,,3.0,-0.12445537303234513,not_applicable,,,"[""CAR_ATC_M3_AL24477_C0_WFS_EPD3"",""CAR_ATC_M3_AL24477_C0_HOA_EPD3""]","[""exact"",""exact""]",False
platform,delta_hoa_rms_um,RAD-HOA,ATC_M3_AL24477,C0,,3.0,-0.0729759618767098,not_applicable,,,"[""CAR_ATC_M3_AL24477_C0_RAD_EPD3"",""CAR_ATC_M3_AL24477_C0_HOA_EPD3""]","[""exact"",""exact""]",False
platform,delta_hoa_rms_um,WFS-RAD,ATC_M3_AL24477,C0,,5.0,-0.1274513382265784,not_applicable,,,"[""CAR_ATC_M3_AL24477_C0_WFS_EPD5"",""CAR_ATC_M3_AL24477_C0_RAD_EPD5""]","[""exact"",""lower_bound""]",False
platform,delta_hoa_rms_um,WFS-HOA,ATC_M3_AL24477,C0,,5.0,0.0002664861177565092,not_applicable,,,"[""CAR_ATC_M3_AL24477_C0_WFS_EPD5"",""CAR_ATC_M3_AL24477_C0_HOA_EPD5""]","[""exact"",""lower_bound""]",False
platform,delta_hoa_rms_um,RAD-HOA,ATC_M3_AL24477,C0,,5.0,0.1277178243443349,not_applicable,,,"[""CAR_ATC_M3_AL24477_C0_RAD_EPD5"",""CAR_ATC_M3_AL24477_C0_HOA_EPD5""]","[""lower_bound"",""lower_bound""]",False
cornea,delta_hoa_rms_um,B0-A0,LB_AL2395,,WFS,3.0,-0.0006240809846189133,not_applicable,,,"[""CAR_LB_AL2395_B0_WFS_EPD3"",""CAR_LB_AL2395_A0_WFS_EPD3""]","[""lower_bound"",""exact""]",False
cornea,delta_hoa_rms_um,C0-A0,LB_AL2395,,WFS,3.0,0.0004504824001560562,not_applicable,,,"[""CAR_LB_AL2395_C0_WFS_EPD3"",""CAR_LB_AL2395_A0_WFS_EPD3""]","[""exact"",""exact""]",False
cornea,delta_hoa_rms_um,B0-C0,LB_AL2395,,WFS,3.0,-0.0010745633847749694,not_applicable,,,"[""CAR_LB_AL2395_B0_WFS_EPD3"",""CAR_LB_AL2395_C0_WFS_EPD3""]","[""lower_bound"",""exact""]",False
cornea,delta_hoa_rms_um,B0-A0,LB_AL2395,,WFS,5.0,5.843777301570152e-05,not_applicable,,,"[""CAR_LB_AL2395_B0_WFS_EPD5"",""CAR_LB_AL2395_A0_WFS_EPD5""]","[""exact"",""exact""]",True
cornea,delta_hoa_rms_um,C0-A0,LB_AL2395,,WFS,5.0,-0.002458117936547738,not_applicable,,,"[""CAR_LB_AL2395_C0_WFS_EPD5"",""CAR_LB_AL2395_A0_WFS_EPD5""]","[""exact"",""exact""]",False
cornea,delta_hoa_rms_um,B0-C0,LB_AL2395,,WFS,5.0,0.0025165557095634394,not_applicable,,,"[""CAR_LB_AL2395_B0_WFS_EPD5"",""CAR_LB_AL2395_C0_WFS_EPD5""]","[""exact"",""exact""]",True
cornea,delta_hoa_rms_um,B0-A0,LB_AL2395,,RAD,3.0,-0.010487840482547167,not_applicable,,,"[""CAR_LB_AL2395_B0_RAD_EPD3"",""CAR_LB_AL2395_A0_RAD_EPD3""]","[""exact"",""exact""]",False
cornea,delta_hoa_rms_um,C0-A0,LB_AL2395,,RAD,3.0,0.0027219367401578043,not_applicable,,,"[""CAR_LB_AL2395_C0_RAD_EPD3"",""CAR_LB_AL2395_A0_RAD_EPD3""]","[""exact"",""exact""]",False
cornea,delta_hoa_rms_um,B0-C0,LB_AL2395,,RAD,3.0,-0.013209777222704971,not_applicable,,,"[""CAR_LB_AL2395_B0_RAD_EPD3"",""CAR_LB_AL2395_C0_RAD_EPD3""]","[""exact"",""exact""]",False
cornea,delta_hoa_rms_um,B0-A0,LB_AL2395,,RAD,5.0,-0.08267135660754203,not_applicable,,,"[""CAR_LB_AL2395_B0_RAD_EPD5"",""CAR_LB_AL2395_A0_RAD_EPD5""]","[""exact"",""exact""]",True
cornea,delta_hoa_rms_um,C0-A0,LB_AL2395,,RAD,5.0,0.14409743190101393,not_applicable,,,"[""CAR_LB_AL2395_C0_RAD_EPD5"",""CAR_LB_AL2395_A0_RAD_EPD5""]","[""lower_bound"",""exact""]",False
cornea,delta_hoa_rms_um,B0-C0,LB_AL2395,,RAD,5.0,-0.22676878850855597,not_applicable,,,"[""CAR_LB_AL2395_B0_RAD_EPD5"",""CAR_LB_AL2395_C0_RAD_EPD5""]","[""exact"",""lower_bound""]",True
cornea,delta_hoa_rms_um,B0-A0,LB_AL2395,,HOA,3.0,-0.015915052854690498,not_applicable,,,"[""CAR_LB_AL2395_B0_HOA_EPD3"",""CAR_LB_AL2395_A0_HOA_EPD3""]","[""exact"",""exact""]",False
cornea,delta_hoa_rms_um,C0-A0,LB_AL2395,,HOA,3.0,0.009358058310086625,not_applicable,,,"[""CAR_LB_AL2395_C0_HOA_EPD3"",""CAR_LB_AL2395_A0_HOA_EPD3""]","[""exact"",""exact""]",False
cornea,delta_hoa_rms_um,B0-C0,LB_AL2395,,HOA,3.0,-0.025273111164777123,not_applicable,,,"[""CAR_LB_AL2395_B0_HOA_EPD3"",""CAR_LB_AL2395_C0_HOA_EPD3""]","[""exact"",""exact""]",False
cornea,delta_hoa_rms_um,B0-A0,LB_AL2395,,HOA,5.0,-0.00024202099125503196,not_applicable,,,"[""CAR_LB_AL2395_B0_HOA_EPD5"",""CAR_LB_AL2395_A0_HOA_EPD5""]","[""exact"",""exact""]",True
cornea,delta_hoa_rms_um,C0-A0,LB_AL2395,,HOA,5.0,0.0005928754736724273,not_applicable,,,"[""CAR_LB_AL2395_C0_HOA_EPD5"",""CAR_LB_AL2395_A0_HOA_EPD5""]","[""exact"",""exact""]",True
cornea,delta_hoa_rms_um,B0-C0,LB_AL2395,,HOA,5.0,-0.0008348964649274593,not_applicable,,,"[""CAR_LB_AL2395_B0_HOA_EPD5"",""CAR_LB_AL2395_C0_HOA_EPD5""]","[""exact"",""exact""]",True
cornea,delta_hoa_rms_um,B0-A0,ATC_M3_AL24477,,WFS,3.0,-0.0006699907000918687,not_applicable,,,"[""CAR_ATC_M3_AL24477_B0_WFS_EPD3"",""CAR_ATC_M3_AL24477_A0_WFS_EPD3""]","[""lower_bound"",""exact""]",False
cornea,delta_hoa_rms_um,C0-A0,ATC_M3_AL24477,,WFS,3.0,0.00043394360092937484,not_applicable,,,"[""CAR_ATC_M3_AL24477_C0_WFS_EPD3"",""CAR_ATC_M3_AL24477_A0_WFS_EPD3""]","[""exact"",""exact""]",False
cornea,delta_hoa_rms_um,B0-C0,ATC_M3_AL24477,,WFS,3.0,-0.0011039343010212435,not_applicable,,,"[""CAR_ATC_M3_AL24477_B0_WFS_EPD3"",""CAR_ATC_M3_AL24477_C0_WFS_EPD3""]","[""lower_bound"",""exact""]",False
cornea,delta_hoa_rms_um,B0-A0,ATC_M3_AL24477,,WFS,5.0,4.947771472169071e-05,not_applicable,,,"[""CAR_ATC_M3_AL24477_B0_WFS_EPD5"",""CAR_ATC_M3_AL24477_A0_WFS_EPD5""]","[""exact"",""exact""]",True
cornea,delta_hoa_rms_um,C0-A0,ATC_M3_AL24477,,WFS,5.0,-0.0025773372395303806,not_applicable,,,"[""CAR_ATC_M3_AL24477_C0_WFS_EPD5"",""CAR_ATC_M3_AL24477_A0_WFS_EPD5""]","[""exact"",""exact""]",False
cornea,delta_hoa_rms_um,B0-C0,ATC_M3_AL24477,,WFS,5.0,0.0026268149542520713,not_applicable,,,"[""CAR_ATC_M3_AL24477_B0_WFS_EPD5"",""CAR_ATC_M3_AL24477_C0_WFS_EPD5""]","[""exact"",""exact""]",True
cornea,delta_hoa_rms_um,B0-A0,ATC_M3_AL24477,,RAD,3.0,-0.010685453927030741,not_applicable,,,"[""CAR_ATC_M3_AL24477_B0_RAD_EPD3"",""CAR_ATC_M3_AL24477_A0_RAD_EPD3""]","[""exact"",""exact""]",False
cornea,delta_hoa_rms_um,C0-A0,ATC_M3_AL24477,,RAD,3.0,0.002259109521407482,not_applicable,,,"[""CAR_ATC_M3_AL24477_C0_RAD_EPD3"",""CAR_ATC_M3_AL24477_A0_RAD_EPD3""]","[""exact"",""exact""]",False
cornea,delta_hoa_rms_um,B0-C0,ATC_M3_AL24477,,RAD,3.0,-0.012944563448438223,not_applicable,,,"[""CAR_ATC_M3_AL24477_B0_RAD_EPD3"",""CAR_ATC_M3_AL24477_C0_RAD_EPD3""]","[""exact"",""exact""]",False
cornea,delta_hoa_rms_um,B0-A0,ATC_M3_AL24477,,RAD,5.0,-0.103287505992458,not_applicable,,,"[""CAR_ATC_M3_AL24477_B0_RAD_EPD5"",""CAR_ATC_M3_AL24477_A0_RAD_EPD5""]","[""exact"",""exact""]",True
cornea,delta_hoa_rms_um,C0-A0,ATC_M3_AL24477,,RAD,5.0,0.11572721463413427,not_applicable,,,"[""CAR_ATC_M3_AL24477_C0_RAD_EPD5"",""CAR_ATC_M3_AL24477_A0_RAD_EPD5""]","[""lower_bound"",""exact""]",False
cornea,delta_hoa_rms_um,B0-C0,ATC_M3_AL24477,,RAD,5.0,-0.21901472062659227,not_applicable,,,"[""CAR_ATC_M3_AL24477_B0_RAD_EPD5"",""CAR_ATC_M3_AL24477_C0_RAD_EPD5""]","[""exact"",""lower_bound""]",True
cornea,delta_hoa_rms_um,B0-A0,ATC_M3_AL24477,,HOA,3.0,-0.01612237548017545,not_applicable,,,"[""CAR_ATC_M3_AL24477_B0_HOA_EPD3"",""CAR_ATC_M3_AL24477_A0_HOA_EPD3""]","[""exact"",""exact""]",False
cornea,delta_hoa_rms_um,C0-A0,ATC_M3_AL24477,,HOA,3.0,0.00895618881622165,not_applicable,,,"[""CAR_ATC_M3_AL24477_C0_HOA_EPD3"",""CAR_ATC_M3_AL24477_A0_HOA_EPD3""]","[""exact"",""exact""]",False
cornea,delta_hoa_rms_um,B0-C0,ATC_M3_AL24477,,HOA,3.0,-0.0250785642963971,not_applicable,,,"[""CAR_ATC_M3_AL24477_B0_HOA_EPD3"",""CAR_ATC_M3_AL24477_C0_HOA_EPD3""]","[""exact"",""exact""]",False
cornea,delta_hoa_rms_um,B0-A0,ATC_M3_AL24477,,HOA,5.0,-0.0002708241290970692,not_applicable,,,"[""CAR_ATC_M3_AL24477_B0_HOA_EPD5"",""CAR_ATC_M3_AL24477_A0_HOA_EPD5""]","[""exact"",""exact""]",True
cornea,delta_hoa_rms_um,C0-A0,ATC_M3_AL24477,,HOA,5.0,0.0008194819096186967,not_applicable,,,"[""CAR_ATC_M3_AL24477_C0_HOA_EPD5"",""CAR_ATC_M3_AL24477_A0_HOA_EPD5""]","[""lower_bound"",""exact""]",True
cornea,delta_hoa_rms_um,B0-C0,ATC_M3_AL24477,,HOA,5.0,-0.001090306038715766,not_applicable,,,"[""CAR_ATC_M3_AL24477_B0_HOA_EPD5"",""CAR_ATC_M3_AL24477_C0_HOA_EPD5""]","[""exact"",""lower_bound""]",True
cornea_x_platform_did,delta_hoa_rms_um,(B0-A0)_WFS-(B0-A0)_RAD,LB_AL2395,,,3.0,0.009863759497928254,not_applicable,,,"[""CAR_LB_AL2395_B0_WFS_EPD3"",""CAR_LB_AL2395_A0_WFS_EPD3"",""CAR_LB_AL2395_B0_RAD_EPD3"",""CAR_LB_AL2395_A0_RAD_EPD3""]","[""lower_bound"",""exact"",""exact"",""exact""]",False
cornea_x_platform_did,delta_hoa_rms_um,(B0-A0)_WFS-(B0-A0)_HOA,LB_AL2395,,,3.0,0.015290971870071585,not_applicable,,,"[""CAR_LB_AL2395_B0_WFS_EPD3"",""CAR_LB_AL2395_A0_WFS_EPD3"",""CAR_LB_AL2395_B0_HOA_EPD3"",""CAR_LB_AL2395_A0_HOA_EPD3""]","[""lower_bound"",""exact"",""exact"",""exact""]",False
cornea_x_platform_did,delta_hoa_rms_um,(B0-A0)_RAD-(B0-A0)_HOA,LB_AL2395,,,3.0,0.005427212372143331,not_applicable,,,"[""CAR_LB_AL2395_B0_RAD_EPD3"",""CAR_LB_AL2395_A0_RAD_EPD3"",""CAR_LB_AL2395_B0_HOA_EPD3"",""CAR_LB_AL2395_A0_HOA_EPD3""]","[""exact"",""exact"",""exact"",""exact""]",False
cornea_x_platform_did,delta_hoa_rms_um,(C0-A0)_WFS-(C0-A0)_RAD,LB_AL2395,,,3.0,-0.002271454340001755,not_applicable,,,"[""CAR_LB_AL2395_C0_WFS_EPD3"",""CAR_LB_AL2395_A0_WFS_EPD3"",""CAR_LB_AL2395_C0_RAD_EPD3"",""CAR_LB_AL2395_A0_RAD_EPD3""]","[""exact"",""exact"",""exact"",""exact""]",False
cornea_x_platform_did,delta_hoa_rms_um,(C0-A0)_WFS-(C0-A0)_HOA,LB_AL2395,,,3.0,-0.008907575909930576,not_applicable,,,"[""CAR_LB_AL2395_C0_WFS_EPD3"",""CAR_LB_AL2395_A0_WFS_EPD3"",""CAR_LB_AL2395_C0_HOA_EPD3"",""CAR_LB_AL2395_A0_HOA_EPD3""]","[""exact"",""exact"",""exact"",""exact""]",False
cornea_x_platform_did,delta_hoa_rms_um,(C0-A0)_RAD-(C0-A0)_HOA,LB_AL2395,,,3.0,-0.006636121569928821,not_applicable,,,"[""CAR_LB_AL2395_C0_RAD_EPD3"",""CAR_LB_AL2395_A0_RAD_EPD3"",""CAR_LB_AL2395_C0_HOA_EPD3"",""CAR_LB_AL2395_A0_HOA_EPD3""]","[""exact"",""exact"",""exact"",""exact""]",False
cornea_x_platform_did,delta_hoa_rms_um,(B0-C0)_WFS-(B0-C0)_RAD,LB_AL2395,,,3.0,0.012135213837930009,not_applicable,,,"[""CAR_LB_AL2395_B0_WFS_EPD3"",""CAR_LB_AL2395_C0_WFS_EPD3"",""CAR_LB_AL2395_B0_RAD_EPD3"",""CAR_LB_AL2395_C0_RAD_EPD3""]","[""lower_bound"",""exact"",""exact"",""exact""]",False
cornea_x_platform_did,delta_hoa_rms_um,(B0-C0)_WFS-(B0-C0)_HOA,LB_AL2395,,,3.0,0.02419854778000216,not_applicable,,,"[""CAR_LB_AL2395_B0_WFS_EPD3"",""CAR_LB_AL2395_C0_WFS_EPD3"",""CAR_LB_AL2395_B0_HOA_EPD3"",""CAR_LB_AL2395_C0_HOA_EPD3""]","[""lower_bound"",""exact"",""exact"",""exact""]",False
cornea_x_platform_did,delta_hoa_rms_um,(B0-C0)_RAD-(B0-C0)_HOA,LB_AL2395,,,3.0,0.012063333942072152,not_applicable,,,"[""CAR_LB_AL2395_B0_RAD_EPD3"",""CAR_LB_AL2395_C0_RAD_EPD3"",""CAR_LB_AL2395_B0_HOA_EPD3"",""CAR_LB_AL2395_C0_HOA_EPD3""]","[""exact"",""exact"",""exact"",""exact""]",False
cornea_x_platform_did,delta_hoa_rms_um,(B0-A0)_WFS-(B0-A0)_RAD,LB_AL2395,,,5.0,0.08272979438055773,not_applicable,,,"[""CAR_LB_AL2395_B0_WFS_EPD5"",""CAR_LB_AL2395_A0_WFS_EPD5"",""CAR_LB_AL2395_B0_RAD_EPD5"",""CAR_LB_AL2395_A0_RAD_EPD5""]","[""exact"",""exact"",""exact"",""exact""]",True
cornea_x_platform_did,delta_hoa_rms_um,(B0-A0)_WFS-(B0-A0)_HOA,LB_AL2395,,,5.0,0.0003004587642707335,not_applicable,,,"[""CAR_LB_AL2395_B0_WFS_EPD5"",""CAR_LB_AL2395_A0_WFS_EPD5"",""CAR_LB_AL2395_B0_HOA_EPD5"",""CAR_LB_AL2395_A0_HOA_EPD5""]","[""exact"",""exact"",""exact"",""exact""]",True
cornea_x_platform_did,delta_hoa_rms_um,(B0-A0)_RAD-(B0-A0)_HOA,LB_AL2395,,,5.0,-0.082429335616287,not_applicable,,,"[""CAR_LB_AL2395_B0_RAD_EPD5"",""CAR_LB_AL2395_A0_RAD_EPD5"",""CAR_LB_AL2395_B0_HOA_EPD5"",""CAR_LB_AL2395_A0_HOA_EPD5""]","[""exact"",""exact"",""exact"",""exact""]",True
cornea_x_platform_did,delta_hoa_rms_um,(C0-A0)_WFS-(C0-A0)_RAD,LB_AL2395,,,5.0,-0.1465555498375617,not_applicable,,,"[""CAR_LB_AL2395_C0_WFS_EPD5"",""CAR_LB_AL2395_A0_WFS_EPD5"",""CAR_LB_AL2395_C0_RAD_EPD5"",""CAR_LB_AL2395_A0_RAD_EPD5""]","[""exact"",""exact"",""lower_bound"",""exact""]",False
cornea_x_platform_did,delta_hoa_rms_um,(C0-A0)_WFS-(C0-A0)_HOA,LB_AL2395,,,5.0,-0.0030509934102201652,not_applicable,,,"[""CAR_LB_AL2395_C0_WFS_EPD5"",""CAR_LB_AL2395_A0_WFS_EPD5"",""CAR_LB_AL2395_C0_HOA_EPD5"",""CAR_LB_AL2395_A0_HOA_EPD5""]","[""exact"",""exact"",""exact"",""exact""]",True
cornea_x_platform_did,delta_hoa_rms_um,(C0-A0)_RAD-(C0-A0)_HOA,LB_AL2395,,,5.0,0.1435045564273415,not_applicable,,,"[""CAR_LB_AL2395_C0_RAD_EPD5"",""CAR_LB_AL2395_A0_RAD_EPD5"",""CAR_LB_AL2395_C0_HOA_EPD5"",""CAR_LB_AL2395_A0_HOA_EPD5""]","[""lower_bound"",""exact"",""exact"",""exact""]",True
cornea_x_platform_did,delta_hoa_rms_um,(B0-C0)_WFS-(B0-C0)_RAD,LB_AL2395,,,5.0,0.2292853442181194,not_applicable,,,"[""CAR_LB_AL2395_B0_WFS_EPD5"",""CAR_LB_AL2395_C0_WFS_EPD5"",""CAR_LB_AL2395_B0_RAD_EPD5"",""CAR_LB_AL2395_C0_RAD_EPD5""]","[""exact"",""exact"",""exact"",""lower_bound""]",True
cornea_x_platform_did,delta_hoa_rms_um,(B0-C0)_WFS-(B0-C0)_HOA,LB_AL2395,,,5.0,0.0033514521744908987,not_applicable,,,"[""CAR_LB_AL2395_B0_WFS_EPD5"",""CAR_LB_AL2395_C0_WFS_EPD5"",""CAR_LB_AL2395_B0_HOA_EPD5"",""CAR_LB_AL2395_C0_HOA_EPD5""]","[""exact"",""exact"",""exact"",""exact""]",True
cornea_x_platform_did,delta_hoa_rms_um,(B0-C0)_RAD-(B0-C0)_HOA,LB_AL2395,,,5.0,-0.22593389204362851,not_applicable,,,"[""CAR_LB_AL2395_B0_RAD_EPD5"",""CAR_LB_AL2395_C0_RAD_EPD5"",""CAR_LB_AL2395_B0_HOA_EPD5"",""CAR_LB_AL2395_C0_HOA_EPD5""]","[""exact"",""lower_bound"",""exact"",""exact""]",True
cornea_x_platform_did,delta_hoa_rms_um,(B0-A0)_WFS-(B0-A0)_RAD,ATC_M3_AL24477,,,3.0,0.010015463226938873,not_applicable,,,"[""CAR_ATC_M3_AL24477_B0_WFS_EPD3"",""CAR_ATC_M3_AL24477_A0_WFS_EPD3"",""CAR_ATC_M3_AL24477_B0_RAD_EPD3"",""CAR_ATC_M3_AL24477_A0_RAD_EPD3""]","[""lower_bound"",""exact"",""exact"",""exact""]",False
cornea_x_platform_did,delta_hoa_rms_um,(B0-A0)_WFS-(B0-A0)_HOA,ATC_M3_AL24477,,,3.0,0.015452384780083595,not_applicable,,,"[""CAR_ATC_M3_AL24477_B0_WFS_EPD3"",""CAR_ATC_M3_AL24477_A0_WFS_EPD3"",""CAR_ATC_M3_AL24477_B0_HOA_EPD3"",""CAR_ATC_M3_AL24477_A0_HOA_EPD3""]","[""lower_bound"",""exact"",""exact"",""exact""]",False
cornea_x_platform_did,delta_hoa_rms_um,(B0-A0)_RAD-(B0-A0)_HOA,ATC_M3_AL24477,,,3.0,0.005436921553144708,not_applicable,,,"[""CAR_ATC_M3_AL24477_B0_RAD_EPD3"",""CAR_ATC_M3_AL24477_A0_RAD_EPD3"",""CAR_ATC_M3_AL24477_B0_HOA_EPD3"",""CAR_ATC_M3_AL24477_A0_HOA_EPD3""]","[""exact"",""exact"",""exact"",""exact""]",False
cornea_x_platform_did,delta_hoa_rms_um,(C0-A0)_WFS-(C0-A0)_RAD,ATC_M3_AL24477,,,3.0,-0.0018251659204781001,not_applicable,,,"[""CAR_ATC_M3_AL24477_C0_WFS_EPD3"",""CAR_ATC_M3_AL24477_A0_WFS_EPD3"",""CAR_ATC_M3_AL24477_C0_RAD_EPD3"",""CAR_ATC_M3_AL24477_A0_RAD_EPD3""]","[""exact"",""exact"",""exact"",""exact""]",False
cornea_x_platform_did,delta_hoa_rms_um,(C0-A0)_WFS-(C0-A0)_HOA,ATC_M3_AL24477,,,3.0,-0.008522245215292268,not_applicable,,,"[""CAR_ATC_M3_AL24477_C0_WFS_EPD3"",""CAR_ATC_M3_AL24477_A0_WFS_EPD3"",""CAR_ATC_M3_AL24477_C0_HOA_EPD3"",""CAR_ATC_M3_AL24477_A0_HOA_EPD3""]","[""exact"",""exact"",""exact"",""exact""]",False
cornea_x_platform_did,delta_hoa_rms_um,(C0-A0)_RAD-(C0-A0)_HOA,ATC_M3_AL24477,,,3.0,-0.006697079294814168,not_applicable,,,"[""CAR_ATC_M3_AL24477_C0_RAD_EPD3"",""CAR_ATC_M3_AL24477_A0_RAD_EPD3"",""CAR_ATC_M3_AL24477_C0_HOA_EPD3"",""CAR_ATC_M3_AL24477_A0_HOA_EPD3""]","[""exact"",""exact"",""exact"",""exact""]",False
cornea_x_platform_did,delta_hoa_rms_um,(B0-C0)_WFS-(B0-C0)_RAD,ATC_M3_AL24477,,,3.0,0.011840629147416987,not_applicable,,,"[""CAR_ATC_M3_AL24477_B0_WFS_EPD3"",""CAR_ATC_M3_AL24477_C0_WFS_EPD3"",""CAR_ATC_M3_AL24477_B0_RAD_EPD3"",""CAR_ATC_M3_AL24477_C0_RAD_EPD3""]","[""lower_bound"",""exact"",""exact"",""exact""]",False
cornea_x_platform_did,delta_hoa_rms_um,(B0-C0)_WFS-(B0-C0)_HOA,ATC_M3_AL24477,,,3.0,0.023974629995375862,not_applicable,,,"[""CAR_ATC_M3_AL24477_B0_WFS_EPD3"",""CAR_ATC_M3_AL24477_C0_WFS_EPD3"",""CAR_ATC_M3_AL24477_B0_HOA_EPD3"",""CAR_ATC_M3_AL24477_C0_HOA_EPD3""]","[""lower_bound"",""exact"",""exact"",""exact""]",False
cornea_x_platform_did,delta_hoa_rms_um,(B0-C0)_RAD-(B0-C0)_HOA,ATC_M3_AL24477,,,3.0,0.012134000847958876,not_applicable,,,"[""CAR_ATC_M3_AL24477_B0_RAD_EPD3"",""CAR_ATC_M3_AL24477_C0_RAD_EPD3"",""CAR_ATC_M3_AL24477_B0_HOA_EPD3"",""CAR_ATC_M3_AL24477_C0_HOA_EPD3""]","[""exact"",""exact"",""exact"",""exact""]",False
cornea_x_platform_did,delta_hoa_rms_um,(B0-A0)_WFS-(B0-A0)_RAD,ATC_M3_AL24477,,,5.0,0.1033369837071797,not_applicable,,,"[""CAR_ATC_M3_AL24477_B0_WFS_EPD5"",""CAR_ATC_M3_AL24477_A0_WFS_EPD5"",""CAR_ATC_M3_AL24477_B0_RAD_EPD5"",""CAR_ATC_M3_AL24477_A0_RAD_EPD5""]","[""exact"",""exact"",""exact"",""exact""]",True
cornea_x_platform_did,delta_hoa_rms_um,(B0-A0)_WFS-(B0-A0)_HOA,ATC_M3_AL24477,,,5.0,0.0003203018438187599,not_applicable,,,"[""CAR_ATC_M3_AL24477_B0_WFS_EPD5"",""CAR_ATC_M3_AL24477_A0_WFS_EPD5"",""CAR_ATC_M3_AL24477_B0_HOA_EPD5"",""CAR_ATC_M3_AL24477_A0_HOA_EPD5""]","[""exact"",""exact"",""exact"",""exact""]",True
cornea_x_platform_did,delta_hoa_rms_um,(B0-A0)_RAD-(B0-A0)_HOA,ATC_M3_AL24477,,,5.0,-0.10301668186336094,not_applicable,,,"[""CAR_ATC_M3_AL24477_B0_RAD_EPD5"",""CAR_ATC_M3_AL24477_A0_RAD_EPD5"",""CAR_ATC_M3_AL24477_B0_HOA_EPD5"",""CAR_ATC_M3_AL24477_A0_HOA_EPD5""]","[""exact"",""exact"",""exact"",""exact""]",True
cornea_x_platform_did,delta_hoa_rms_um,(C0-A0)_WFS-(C0-A0)_RAD,ATC_M3_AL24477,,,5.0,-0.11830455187366465,not_applicable,,,"[""CAR_ATC_M3_AL24477_C0_WFS_EPD5"",""CAR_ATC_M3_AL24477_A0_WFS_EPD5"",""CAR_ATC_M3_AL24477_C0_RAD_EPD5"",""CAR_ATC_M3_AL24477_A0_RAD_EPD5""]","[""exact"",""exact"",""lower_bound"",""exact""]",False
cornea_x_platform_did,delta_hoa_rms_um,(C0-A0)_WFS-(C0-A0)_HOA,ATC_M3_AL24477,,,5.0,-0.0033968191491490773,not_applicable,,,"[""CAR_ATC_M3_AL24477_C0_WFS_EPD5"",""CAR_ATC_M3_AL24477_A0_WFS_EPD5"",""CAR_ATC_M3_AL24477_C0_HOA_EPD5"",""CAR_ATC_M3_AL24477_A0_HOA_EPD5""]","[""exact"",""exact"",""lower_bound"",""exact""]",True
cornea_x_platform_did,delta_hoa_rms_um,(C0-A0)_RAD-(C0-A0)_HOA,ATC_M3_AL24477,,,5.0,0.11490773272451557,not_applicable,,,"[""CAR_ATC_M3_AL24477_C0_RAD_EPD5"",""CAR_ATC_M3_AL24477_A0_RAD_EPD5"",""CAR_ATC_M3_AL24477_C0_HOA_EPD5"",""CAR_ATC_M3_AL24477_A0_HOA_EPD5""]","[""lower_bound"",""exact"",""lower_bound"",""exact""]",True
cornea_x_platform_did,delta_hoa_rms_um,(B0-C0)_WFS-(B0-C0)_RAD,ATC_M3_AL24477,,,5.0,0.22164153558084435,not_applicable,,,"[""CAR_ATC_M3_AL24477_B0_WFS_EPD5"",""CAR_ATC_M3_AL24477_C0_WFS_EPD5"",""CAR_ATC_M3_AL24477_B0_RAD_EPD5"",""CAR_ATC_M3_AL24477_C0_RAD_EPD5""]","[""exact"",""exact"",""exact"",""lower_bound""]",True
cornea_x_platform_did,delta_hoa_rms_um,(B0-C0)_WFS-(B0-C0)_HOA,ATC_M3_AL24477,,,5.0,0.0037171209929678373,not_applicable,,,"[""CAR_ATC_M3_AL24477_B0_WFS_EPD5"",""CAR_ATC_M3_AL24477_C0_WFS_EPD5"",""CAR_ATC_M3_AL24477_B0_HOA_EPD5"",""CAR_ATC_M3_AL24477_C0_HOA_EPD5""]","[""exact"",""exact"",""exact"",""lower_bound""]",True
cornea_x_platform_did,delta_hoa_rms_um,(B0-C0)_RAD-(B0-C0)_HOA,ATC_M3_AL24477,,,5.0,-0.2179244145878765,not_applicable,,,"[""CAR_ATC_M3_AL24477_B0_RAD_EPD5"",""CAR_ATC_M3_AL24477_C0_RAD_EPD5"",""CAR_ATC_M3_AL24477_B0_HOA_EPD5"",""CAR_ATC_M3_AL24477_C0_HOA_EPD5""]","[""exact"",""lower_bound"",""exact"",""lower_bound""]",True
pupil_sensitivity,delta_hoa_rms_um,EPD5-EPD3,LB_AL2395,A0,WFS,,-0.033120823929633884,not_applicable,,,"[""CAR_LB_AL2395_A0_WFS_EPD5"",""CAR_LB_AL2395_A0_WFS_EPD3""]","[""exact"",""exact""]",False
pupil_sensitivity,delta_hoa_rms_um,EPD5-EPD3,LB_AL2395,A0,RAD,,-0.10009678951898758,not_applicable,,,"[""CAR_LB_AL2395_A0_RAD_EPD5"",""CAR_LB_AL2395_A0_RAD_EPD3""]","[""exact"",""exact""]",False
pupil_sensitivity,delta_hoa_rms_um,EPD5-EPD3,LB_AL2395,A0,HOA,,-0.15029656521325294,not_applicable,,,"[""CAR_LB_AL2395_A0_HOA_EPD5"",""CAR_LB_AL2395_A0_HOA_EPD3""]","[""exact"",""exact""]",True
pupil_sensitivity,delta_hoa_rms_um,EPD5-EPD3,LB_AL2395,B0,WFS,,-0.03243830517199927,not_applicable,,,"[""CAR_LB_AL2395_B0_WFS_EPD5"",""CAR_LB_AL2395_B0_WFS_EPD3""]","[""exact"",""lower_bound""]",True
pupil_sensitivity,delta_hoa_rms_um,EPD5-EPD3,LB_AL2395,B0,RAD,,-0.17228030564398245,not_applicable,,,"[""CAR_LB_AL2395_B0_RAD_EPD5"",""CAR_LB_AL2395_B0_RAD_EPD3""]","[""exact"",""exact""]",True
pupil_sensitivity,delta_hoa_rms_um,EPD5-EPD3,LB_AL2395,B0,HOA,,-0.13462353334981747,not_applicable,,,"[""CAR_LB_AL2395_B0_HOA_EPD5"",""CAR_LB_AL2395_B0_HOA_EPD3""]","[""exact"",""exact""]",True
pupil_sensitivity,delta_hoa_rms_um,EPD5-EPD3,LB_AL2395,C0,WFS,,-0.03602942426633768,not_applicable,,,"[""CAR_LB_AL2395_C0_WFS_EPD5"",""CAR_LB_AL2395_C0_WFS_EPD3""]","[""exact"",""exact""]",False
pupil_sensitivity,delta_hoa_rms_um,EPD5-EPD3,LB_AL2395,C0,RAD,,0.04127870564186856,not_applicable,,,"[""CAR_LB_AL2395_C0_RAD_EPD5"",""CAR_LB_AL2395_C0_RAD_EPD3""]","[""lower_bound"",""exact""]",False
pupil_sensitivity,delta_hoa_rms_um,EPD5-EPD3,LB_AL2395,C0,HOA,,-0.15906174804966713,not_applicable,,,"[""CAR_LB_AL2395_C0_HOA_EPD5"",""CAR_LB_AL2395_C0_HOA_EPD3""]","[""exact"",""exact""]",False
pupil_sensitivity,delta_hoa_rms_um,EPD5-EPD3,ATC_M3_AL24477,A0,WFS,,-0.033272174173117466,not_applicable,,,"[""CAR_ATC_M3_AL24477_A0_WFS_EPD5"",""CAR_ATC_M3_AL24477_A0_WFS_EPD3""]","[""exact"",""exact""]",False
pupil_sensitivity,delta_hoa_rms_um,EPD5-EPD3,ATC_M3_AL24477,A0,RAD,,-0.07377963305536095,not_applicable,,,"[""CAR_ATC_M3_AL24477_A0_RAD_EPD5"",""CAR_ATC_M3_AL24477_A0_RAD_EPD3""]","[""exact"",""exact""]",False
pupil_sensitivity,delta_hoa_rms_um,EPD5-EPD3,ATC_M3_AL24477,A0,HOA,,-0.1528686072570759,not_applicable,,,"[""CAR_ATC_M3_AL24477_A0_HOA_EPD5"",""CAR_ATC_M3_AL24477_A0_HOA_EPD3""]","[""exact"",""exact""]",True
pupil_sensitivity,delta_hoa_rms_um,EPD5-EPD3,ATC_M3_AL24477,B0,WFS,,-0.03255270575830391,not_applicable,,,"[""CAR_ATC_M3_AL24477_B0_WFS_EPD5"",""CAR_ATC_M3_AL24477_B0_WFS_EPD3""]","[""exact"",""lower_bound""]",True
pupil_sensitivity,delta_hoa_rms_um,EPD5-EPD3,ATC_M3_AL24477,B0,RAD,,-0.16638168512078821,not_applicable,,,"[""CAR_ATC_M3_AL24477_B0_RAD_EPD5"",""CAR_ATC_M3_AL24477_B0_RAD_EPD3""]","[""exact"",""exact""]",True
pupil_sensitivity,delta_hoa_rms_um,EPD5-EPD3,ATC_M3_AL24477,B0,HOA,,-0.13701705590599753,not_applicable,,,"[""CAR_ATC_M3_AL24477_B0_HOA_EPD5"",""CAR_ATC_M3_AL24477_B0_HOA_EPD3""]","[""exact"",""exact""]",True
pupil_sensitivity,delta_hoa_rms_um,EPD5-EPD3,ATC_M3_AL24477,C0,WFS,,-0.03628345501357722,not_applicable,,,"[""CAR_ATC_M3_AL24477_C0_WFS_EPD5"",""CAR_ATC_M3_AL24477_C0_WFS_EPD3""]","[""exact"",""exact""]",False
pupil_sensitivity,delta_hoa_rms_um,EPD5-EPD3,ATC_M3_AL24477,C0,RAD,,0.03968847205736584,not_applicable,,,"[""CAR_ATC_M3_AL24477_C0_RAD_EPD5"",""CAR_ATC_M3_AL24477_C0_RAD_EPD3""]","[""lower_bound"",""exact""]",False
pupil_sensitivity,delta_hoa_rms_um,EPD5-EPD3,ATC_M3_AL24477,C0,HOA,,-0.16100531416367886,not_applicable,,,"[""CAR_ATC_M3_AL24477_C0_HOA_EPD5"",""CAR_ATC_M3_AL24477_C0_HOA_EPD3""]","[""lower_bound"",""exact""]",False
base_sensitivity,delta_hoa_rms_um,ATC-LB,,A0,WFS,3.0,0.00016025552917638825,not_applicable,,,"[""CAR_ATC_M3_AL24477_A0_WFS_EPD3"",""CAR_LB_AL2395_A0_WFS_EPD3""]","[""exact"",""exact""]",False
base_sensitivity,delta_hoa_rms_um,ATC-LB,,A0,WFS,5.0,8.905285692806242e-06,not_applicable,,,"[""CAR_ATC_M3_AL24477_A0_WFS_EPD5"",""CAR_LB_AL2395_A0_WFS_EPD5""]","[""exact"",""exact""]",False
base_sensitivity,delta_hoa_rms_um,ATC-LB,,A0,RAD,3.0,0.00207846089444777,not_applicable,,,"[""CAR_ATC_M3_AL24477_A0_RAD_EPD3"",""CAR_LB_AL2395_A0_RAD_EPD3""]","[""exact"",""exact""]",False
base_sensitivity,delta_hoa_rms_um,ATC-LB,,A0,RAD,5.0,0.0283956173580744,not_applicable,,,"[""CAR_ATC_M3_AL24477_A0_RAD_EPD5"",""CAR_LB_AL2395_A0_RAD_EPD5""]","[""exact"",""exact""]",False
base_sensitivity,delta_hoa_rms_um,ATC-LB,,A0,HOA,3.0,0.00259886691025793,not_applicable,,,"[""CAR_ATC_M3_AL24477_A0_HOA_EPD3"",""CAR_LB_AL2395_A0_HOA_EPD3""]","[""exact"",""exact""]",False
base_sensitivity,delta_hoa_rms_um,ATC-LB,,A0,HOA,5.0,2.6824866434960182e-05,not_applicable,,,"[""CAR_ATC_M3_AL24477_A0_HOA_EPD5"",""CAR_LB_AL2395_A0_HOA_EPD5""]","[""exact"",""exact""]",True
base_sensitivity,delta_hoa_rms_um,ATC-LB,,B0,WFS,3.0,0.00011434581370343283,not_applicable,,,"[""CAR_ATC_M3_AL24477_B0_WFS_EPD3"",""CAR_LB_AL2395_B0_WFS_EPD3""]","[""lower_bound"",""lower_bound""]",False
base_sensitivity,delta_hoa_rms_um,ATC-LB,,B0,WFS,5.0,-5.477260120456684e-08,not_applicable,,,"[""CAR_ATC_M3_AL24477_B0_WFS_EPD5"",""CAR_LB_AL2395_B0_WFS_EPD5""]","[""exact"",""exact""]",True
base_sensitivity,delta_hoa_rms_um,ATC-LB,,B0,RAD,3.0,0.0018808474499641958,not_applicable,,,"[""CAR_ATC_M3_AL24477_B0_RAD_EPD3"",""CAR_LB_AL2395_B0_RAD_EPD3""]","[""exact"",""exact""]",False
base_sensitivity,delta_hoa_rms_um,ATC-LB,,B0,RAD,5.0,0.007779467973158427,not_applicable,,,"[""CAR_ATC_M3_AL24477_B0_RAD_EPD5"",""CAR_LB_AL2395_B0_RAD_EPD5""]","[""exact"",""exact""]",True
base_sensitivity,delta_hoa_rms_um,ATC-LB,,B0,HOA,3.0,0.0023915442847729784,not_applicable,,,"[""CAR_ATC_M3_AL24477_B0_HOA_EPD3"",""CAR_LB_AL2395_B0_HOA_EPD3""]","[""exact"",""exact""]",False
base_sensitivity,delta_hoa_rms_um,ATC-LB,,B0,HOA,5.0,-1.97827140707707e-06,not_applicable,,,"[""CAR_ATC_M3_AL24477_B0_HOA_EPD5"",""CAR_LB_AL2395_B0_HOA_EPD5""]","[""exact"",""exact""]",True
base_sensitivity,delta_hoa_rms_um,ATC-LB,,C0,WFS,3.0,0.0001437167299497069,not_applicable,,,"[""CAR_ATC_M3_AL24477_C0_WFS_EPD3"",""CAR_LB_AL2395_C0_WFS_EPD3""]","[""exact"",""exact""]",False
base_sensitivity,delta_hoa_rms_um,ATC-LB,,C0,WFS,5.0,-0.00011031401728983647,not_applicable,,,"[""CAR_ATC_M3_AL24477_C0_WFS_EPD5"",""CAR_LB_AL2395_C0_WFS_EPD5""]","[""exact"",""exact""]",False
base_sensitivity,delta_hoa_rms_um,ATC-LB,,C0,RAD,3.0,0.0016156336756974476,not_applicable,,,"[""CAR_ATC_M3_AL24477_C0_RAD_EPD3"",""CAR_LB_AL2395_C0_RAD_EPD3""]","[""exact"",""exact""]",False
base_sensitivity,delta_hoa_rms_um,ATC-LB,,C0,RAD,5.0,2.5400091194727192e-05,not_applicable,,,"[""CAR_ATC_M3_AL24477_C0_RAD_EPD5"",""CAR_LB_AL2395_C0_RAD_EPD5""]","[""lower_bound"",""lower_bound""]",False
base_sensitivity,delta_hoa_rms_um,ATC-LB,,C0,HOA,3.0,0.002196997416392954,not_applicable,,,"[""CAR_ATC_M3_AL24477_C0_HOA_EPD3"",""CAR_LB_AL2395_C0_HOA_EPD3""]","[""exact"",""exact""]",False
base_sensitivity,delta_hoa_rms_um,ATC-LB,,C0,HOA,5.0,0.00025343130238122957,not_applicable,,,"[""CAR_ATC_M3_AL24477_C0_HOA_EPD5"",""CAR_LB_AL2395_C0_HOA_EPD5""]","[""lower_bound"",""exact""]",False
platform,delta_f_residual_d,WFS-RAD,LB_AL2395,A0,,3.0,0.0,not_applicable,,,"[""CAR_LB_AL2395_A0_WFS_EPD3"",""CAR_LB_AL2395_A0_RAD_EPD3""]","[""exact"",""exact""]",False
platform,delta_f_residual_d,WFS-HOA,LB_AL2395,A0,,3.0,0.25,not_applicable,,,"[""CAR_LB_AL2395_A0_WFS_EPD3"",""CAR_LB_AL2395_A0_HOA_EPD3""]","[""exact"",""exact""]",False
platform,delta_f_residual_d,RAD-HOA,LB_AL2395,A0,,3.0,0.25,not_applicable,,,"[""CAR_LB_AL2395_A0_RAD_EPD3"",""CAR_LB_AL2395_A0_HOA_EPD3""]","[""exact"",""exact""]",False
platform,delta_f_residual_d,WFS-RAD,LB_AL2395,A0,,5.0,-0.25,not_applicable,,,"[""CAR_LB_AL2395_A0_WFS_EPD5"",""CAR_LB_AL2395_A0_RAD_EPD5""]","[""exact"",""exact""]",False
platform,delta_f_residual_d,WFS-HOA,LB_AL2395,A0,,5.0,0.25,not_applicable,,,"[""CAR_LB_AL2395_A0_WFS_EPD5"",""CAR_LB_AL2395_A0_HOA_EPD5""]","[""exact"",""exact""]",True
platform,delta_f_residual_d,RAD-HOA,LB_AL2395,A0,,5.0,0.5,not_applicable,,,"[""CAR_LB_AL2395_A0_RAD_EPD5"",""CAR_LB_AL2395_A0_HOA_EPD5""]","[""exact"",""exact""]",True
platform,delta_f_residual_d,WFS-RAD,LB_AL2395,B0,,3.0,0.0,not_applicable,,,"[""CAR_LB_AL2395_B0_WFS_EPD3"",""CAR_LB_AL2395_B0_RAD_EPD3""]","[""lower_bound"",""exact""]",False
platform,delta_f_residual_d,WFS-HOA,LB_AL2395,B0,,3.0,0.25,not_applicable,,,"[""CAR_LB_AL2395_B0_WFS_EPD3"",""CAR_LB_AL2395_B0_HOA_EPD3""]","[""lower_bound"",""exact""]",False
platform,delta_f_residual_d,RAD-HOA,LB_AL2395,B0,,3.0,0.25,not_applicable,,,"[""CAR_LB_AL2395_B0_RAD_EPD3"",""CAR_LB_AL2395_B0_HOA_EPD3""]","[""exact"",""exact""]",False
platform,delta_f_residual_d,WFS-RAD,LB_AL2395,B0,,5.0,0.0,not_applicable,,,"[""CAR_LB_AL2395_B0_WFS_EPD5"",""CAR_LB_AL2395_B0_RAD_EPD5""]","[""exact"",""exact""]",True
platform,delta_f_residual_d,WFS-HOA,LB_AL2395,B0,,5.0,0.0,not_applicable,,,"[""CAR_LB_AL2395_B0_WFS_EPD5"",""CAR_LB_AL2395_B0_HOA_EPD5""]","[""exact"",""exact""]",True
platform,delta_f_residual_d,RAD-HOA,LB_AL2395,B0,,5.0,0.0,not_applicable,,,"[""CAR_LB_AL2395_B0_RAD_EPD5"",""CAR_LB_AL2395_B0_HOA_EPD5""]","[""exact"",""exact""]",True
platform,delta_f_residual_d,WFS-RAD,LB_AL2395,C0,,3.0,0.0,not_applicable,,,"[""CAR_LB_AL2395_C0_WFS_EPD3"",""CAR_LB_AL2395_C0_RAD_EPD3""]","[""exact"",""exact""]",False
platform,delta_f_residual_d,WFS-HOA,LB_AL2395,C0,,3.0,0.25,not_applicable,,,"[""CAR_LB_AL2395_C0_WFS_EPD3"",""CAR_LB_AL2395_C0_HOA_EPD3""]","[""exact"",""exact""]",False
platform,delta_f_residual_d,RAD-HOA,LB_AL2395,C0,,3.0,0.25,not_applicable,,,"[""CAR_LB_AL2395_C0_RAD_EPD3"",""CAR_LB_AL2395_C0_HOA_EPD3""]","[""exact"",""exact""]",False
platform,delta_f_residual_d,WFS-RAD,LB_AL2395,C0,,5.0,0.0,not_applicable,,,"[""CAR_LB_AL2395_C0_WFS_EPD5"",""CAR_LB_AL2395_C0_RAD_EPD5""]","[""exact"",""lower_bound""]",False
platform,delta_f_residual_d,WFS-HOA,LB_AL2395,C0,,5.0,0.25,not_applicable,,,"[""CAR_LB_AL2395_C0_WFS_EPD5"",""CAR_LB_AL2395_C0_HOA_EPD5""]","[""exact"",""exact""]",False
platform,delta_f_residual_d,RAD-HOA,LB_AL2395,C0,,5.0,0.25,not_applicable,,,"[""CAR_LB_AL2395_C0_RAD_EPD5"",""CAR_LB_AL2395_C0_HOA_EPD5""]","[""lower_bound"",""exact""]",False
platform,delta_f_residual_d,WFS-RAD,ATC_M3_AL24477,A0,,3.0,0.0,not_applicable,,,"[""CAR_ATC_M3_AL24477_A0_WFS_EPD3"",""CAR_ATC_M3_AL24477_A0_RAD_EPD3""]","[""exact"",""exact""]",False
platform,delta_f_residual_d,WFS-HOA,ATC_M3_AL24477,A0,,3.0,0.25,not_applicable,,,"[""CAR_ATC_M3_AL24477_A0_WFS_EPD3"",""CAR_ATC_M3_AL24477_A0_HOA_EPD3""]","[""exact"",""exact""]",False
platform,delta_f_residual_d,RAD-HOA,ATC_M3_AL24477,A0,,3.0,0.25,not_applicable,,,"[""CAR_ATC_M3_AL24477_A0_RAD_EPD3"",""CAR_ATC_M3_AL24477_A0_HOA_EPD3""]","[""exact"",""exact""]",False
platform,delta_f_residual_d,WFS-RAD,ATC_M3_AL24477,A0,,5.0,-0.25,not_applicable,,,"[""CAR_ATC_M3_AL24477_A0_WFS_EPD5"",""CAR_ATC_M3_AL24477_A0_RAD_EPD5""]","[""exact"",""exact""]",False
platform,delta_f_residual_d,WFS-HOA,ATC_M3_AL24477,A0,,5.0,0.5,not_applicable,,,"[""CAR_ATC_M3_AL24477_A0_WFS_EPD5"",""CAR_ATC_M3_AL24477_A0_HOA_EPD5""]","[""exact"",""exact""]",True
platform,delta_f_residual_d,RAD-HOA,ATC_M3_AL24477,A0,,5.0,0.75,not_applicable,,,"[""CAR_ATC_M3_AL24477_A0_RAD_EPD5"",""CAR_ATC_M3_AL24477_A0_HOA_EPD5""]","[""exact"",""exact""]",True
platform,delta_f_residual_d,WFS-RAD,ATC_M3_AL24477,B0,,3.0,0.0,not_applicable,,,"[""CAR_ATC_M3_AL24477_B0_WFS_EPD3"",""CAR_ATC_M3_AL24477_B0_RAD_EPD3""]","[""lower_bound"",""exact""]",False
platform,delta_f_residual_d,WFS-HOA,ATC_M3_AL24477,B0,,3.0,0.25,not_applicable,,,"[""CAR_ATC_M3_AL24477_B0_WFS_EPD3"",""CAR_ATC_M3_AL24477_B0_HOA_EPD3""]","[""lower_bound"",""exact""]",False
platform,delta_f_residual_d,RAD-HOA,ATC_M3_AL24477,B0,,3.0,0.25,not_applicable,,,"[""CAR_ATC_M3_AL24477_B0_RAD_EPD3"",""CAR_ATC_M3_AL24477_B0_HOA_EPD3""]","[""exact"",""exact""]",False
platform,delta_f_residual_d,WFS-RAD,ATC_M3_AL24477,B0,,5.0,-0.25,not_applicable,,,"[""CAR_ATC_M3_AL24477_B0_WFS_EPD5"",""CAR_ATC_M3_AL24477_B0_RAD_EPD5""]","[""exact"",""exact""]",True
platform,delta_f_residual_d,WFS-HOA,ATC_M3_AL24477,B0,,5.0,0.0,not_applicable,,,"[""CAR_ATC_M3_AL24477_B0_WFS_EPD5"",""CAR_ATC_M3_AL24477_B0_HOA_EPD5""]","[""exact"",""exact""]",True
platform,delta_f_residual_d,RAD-HOA,ATC_M3_AL24477,B0,,5.0,0.25,not_applicable,,,"[""CAR_ATC_M3_AL24477_B0_RAD_EPD5"",""CAR_ATC_M3_AL24477_B0_HOA_EPD5""]","[""exact"",""exact""]",True
platform,delta_f_residual_d,WFS-RAD,ATC_M3_AL24477,C0,,3.0,0.0,not_applicable,,,"[""CAR_ATC_M3_AL24477_C0_WFS_EPD3"",""CAR_ATC_M3_AL24477_C0_RAD_EPD3""]","[""exact"",""exact""]",False
platform,delta_f_residual_d,WFS-HOA,ATC_M3_AL24477,C0,,3.0,0.25,not_applicable,,,"[""CAR_ATC_M3_AL24477_C0_WFS_EPD3"",""CAR_ATC_M3_AL24477_C0_HOA_EPD3""]","[""exact"",""exact""]",False
platform,delta_f_residual_d,RAD-HOA,ATC_M3_AL24477,C0,,3.0,0.25,not_applicable,,,"[""CAR_ATC_M3_AL24477_C0_RAD_EPD3"",""CAR_ATC_M3_AL24477_C0_HOA_EPD3""]","[""exact"",""exact""]",False
platform,delta_f_residual_d,WFS-RAD,ATC_M3_AL24477,C0,,5.0,0.0,not_applicable,,,"[""CAR_ATC_M3_AL24477_C0_WFS_EPD5"",""CAR_ATC_M3_AL24477_C0_RAD_EPD5""]","[""exact"",""lower_bound""]",False
platform,delta_f_residual_d,WFS-HOA,ATC_M3_AL24477,C0,,5.0,0.25,not_applicable,,,"[""CAR_ATC_M3_AL24477_C0_WFS_EPD5"",""CAR_ATC_M3_AL24477_C0_HOA_EPD5""]","[""exact"",""lower_bound""]",False
platform,delta_f_residual_d,RAD-HOA,ATC_M3_AL24477,C0,,5.0,0.25,not_applicable,,,"[""CAR_ATC_M3_AL24477_C0_RAD_EPD5"",""CAR_ATC_M3_AL24477_C0_HOA_EPD5""]","[""lower_bound"",""lower_bound""]",False
cornea,delta_f_residual_d,B0-A0,LB_AL2395,,WFS,3.0,0.0,not_applicable,,,"[""CAR_LB_AL2395_B0_WFS_EPD3"",""CAR_LB_AL2395_A0_WFS_EPD3""]","[""lower_bound"",""exact""]",False
cornea,delta_f_residual_d,C0-A0,LB_AL2395,,WFS,3.0,0.0,not_applicable,,,"[""CAR_LB_AL2395_C0_WFS_EPD3"",""CAR_LB_AL2395_A0_WFS_EPD3""]","[""exact"",""exact""]",False
cornea,delta_f_residual_d,B0-C0,LB_AL2395,,WFS,3.0,0.0,not_applicable,,,"[""CAR_LB_AL2395_B0_WFS_EPD3"",""CAR_LB_AL2395_C0_WFS_EPD3""]","[""lower_bound"",""exact""]",False
cornea,delta_f_residual_d,B0-A0,LB_AL2395,,WFS,5.0,-0.25,not_applicable,,,"[""CAR_LB_AL2395_B0_WFS_EPD5"",""CAR_LB_AL2395_A0_WFS_EPD5""]","[""exact"",""exact""]",True
cornea,delta_f_residual_d,C0-A0,LB_AL2395,,WFS,5.0,0.25,not_applicable,,,"[""CAR_LB_AL2395_C0_WFS_EPD5"",""CAR_LB_AL2395_A0_WFS_EPD5""]","[""exact"",""exact""]",False
cornea,delta_f_residual_d,B0-C0,LB_AL2395,,WFS,5.0,-0.5,not_applicable,,,"[""CAR_LB_AL2395_B0_WFS_EPD5"",""CAR_LB_AL2395_C0_WFS_EPD5""]","[""exact"",""exact""]",True
cornea,delta_f_residual_d,B0-A0,LB_AL2395,,RAD,3.0,0.0,not_applicable,,,"[""CAR_LB_AL2395_B0_RAD_EPD3"",""CAR_LB_AL2395_A0_RAD_EPD3""]","[""exact"",""exact""]",False
cornea,delta_f_residual_d,C0-A0,LB_AL2395,,RAD,3.0,0.0,not_applicable,,,"[""CAR_LB_AL2395_C0_RAD_EPD3"",""CAR_LB_AL2395_A0_RAD_EPD3""]","[""exact"",""exact""]",False
cornea,delta_f_residual_d,B0-C0,LB_AL2395,,RAD,3.0,0.0,not_applicable,,,"[""CAR_LB_AL2395_B0_RAD_EPD3"",""CAR_LB_AL2395_C0_RAD_EPD3""]","[""exact"",""exact""]",False
cornea,delta_f_residual_d,B0-A0,LB_AL2395,,RAD,5.0,-0.5,not_applicable,,,"[""CAR_LB_AL2395_B0_RAD_EPD5"",""CAR_LB_AL2395_A0_RAD_EPD5""]","[""exact"",""exact""]",True
cornea,delta_f_residual_d,C0-A0,LB_AL2395,,RAD,5.0,0.0,not_applicable,,,"[""CAR_LB_AL2395_C0_RAD_EPD5"",""CAR_LB_AL2395_A0_RAD_EPD5""]","[""lower_bound"",""exact""]",False
cornea,delta_f_residual_d,B0-C0,LB_AL2395,,RAD,5.0,-0.5,not_applicable,,,"[""CAR_LB_AL2395_B0_RAD_EPD5"",""CAR_LB_AL2395_C0_RAD_EPD5""]","[""exact"",""lower_bound""]",True
cornea,delta_f_residual_d,B0-A0,LB_AL2395,,HOA,3.0,0.0,not_applicable,,,"[""CAR_LB_AL2395_B0_HOA_EPD3"",""CAR_LB_AL2395_A0_HOA_EPD3""]","[""exact"",""exact""]",False
cornea,delta_f_residual_d,C0-A0,LB_AL2395,,HOA,3.0,0.0,not_applicable,,,"[""CAR_LB_AL2395_C0_HOA_EPD3"",""CAR_LB_AL2395_A0_HOA_EPD3""]","[""exact"",""exact""]",False
cornea,delta_f_residual_d,B0-C0,LB_AL2395,,HOA,3.0,0.0,not_applicable,,,"[""CAR_LB_AL2395_B0_HOA_EPD3"",""CAR_LB_AL2395_C0_HOA_EPD3""]","[""exact"",""exact""]",False
cornea,delta_f_residual_d,B0-A0,LB_AL2395,,HOA,5.0,0.0,not_applicable,,,"[""CAR_LB_AL2395_B0_HOA_EPD5"",""CAR_LB_AL2395_A0_HOA_EPD5""]","[""exact"",""exact""]",True
cornea,delta_f_residual_d,C0-A0,LB_AL2395,,HOA,5.0,0.25,not_applicable,,,"[""CAR_LB_AL2395_C0_HOA_EPD5"",""CAR_LB_AL2395_A0_HOA_EPD5""]","[""exact"",""exact""]",True
cornea,delta_f_residual_d,B0-C0,LB_AL2395,,HOA,5.0,-0.25,not_applicable,,,"[""CAR_LB_AL2395_B0_HOA_EPD5"",""CAR_LB_AL2395_C0_HOA_EPD5""]","[""exact"",""exact""]",True
cornea,delta_f_residual_d,B0-A0,ATC_M3_AL24477,,WFS,3.0,0.0,not_applicable,,,"[""CAR_ATC_M3_AL24477_B0_WFS_EPD3"",""CAR_ATC_M3_AL24477_A0_WFS_EPD3""]","[""lower_bound"",""exact""]",False
cornea,delta_f_residual_d,C0-A0,ATC_M3_AL24477,,WFS,3.0,0.0,not_applicable,,,"[""CAR_ATC_M3_AL24477_C0_WFS_EPD3"",""CAR_ATC_M3_AL24477_A0_WFS_EPD3""]","[""exact"",""exact""]",False
cornea,delta_f_residual_d,B0-C0,ATC_M3_AL24477,,WFS,3.0,0.0,not_applicable,,,"[""CAR_ATC_M3_AL24477_B0_WFS_EPD3"",""CAR_ATC_M3_AL24477_C0_WFS_EPD3""]","[""lower_bound"",""exact""]",False
cornea,delta_f_residual_d,B0-A0,ATC_M3_AL24477,,WFS,5.0,-0.5,not_applicable,,,"[""CAR_ATC_M3_AL24477_B0_WFS_EPD5"",""CAR_ATC_M3_AL24477_A0_WFS_EPD5""]","[""exact"",""exact""]",True
cornea,delta_f_residual_d,C0-A0,ATC_M3_AL24477,,WFS,5.0,0.0,not_applicable,,,"[""CAR_ATC_M3_AL24477_C0_WFS_EPD5"",""CAR_ATC_M3_AL24477_A0_WFS_EPD5""]","[""exact"",""exact""]",False
cornea,delta_f_residual_d,B0-C0,ATC_M3_AL24477,,WFS,5.0,-0.5,not_applicable,,,"[""CAR_ATC_M3_AL24477_B0_WFS_EPD5"",""CAR_ATC_M3_AL24477_C0_WFS_EPD5""]","[""exact"",""exact""]",True
cornea,delta_f_residual_d,B0-A0,ATC_M3_AL24477,,RAD,3.0,0.0,not_applicable,,,"[""CAR_ATC_M3_AL24477_B0_RAD_EPD3"",""CAR_ATC_M3_AL24477_A0_RAD_EPD3""]","[""exact"",""exact""]",False
cornea,delta_f_residual_d,C0-A0,ATC_M3_AL24477,,RAD,3.0,0.0,not_applicable,,,"[""CAR_ATC_M3_AL24477_C0_RAD_EPD3"",""CAR_ATC_M3_AL24477_A0_RAD_EPD3""]","[""exact"",""exact""]",False
cornea,delta_f_residual_d,B0-C0,ATC_M3_AL24477,,RAD,3.0,0.0,not_applicable,,,"[""CAR_ATC_M3_AL24477_B0_RAD_EPD3"",""CAR_ATC_M3_AL24477_C0_RAD_EPD3""]","[""exact"",""exact""]",False
cornea,delta_f_residual_d,B0-A0,ATC_M3_AL24477,,RAD,5.0,-0.5,not_applicable,,,"[""CAR_ATC_M3_AL24477_B0_RAD_EPD5"",""CAR_ATC_M3_AL24477_A0_RAD_EPD5""]","[""exact"",""exact""]",True
cornea,delta_f_residual_d,C0-A0,ATC_M3_AL24477,,RAD,5.0,-0.25,not_applicable,,,"[""CAR_ATC_M3_AL24477_C0_RAD_EPD5"",""CAR_ATC_M3_AL24477_A0_RAD_EPD5""]","[""lower_bound"",""exact""]",False
cornea,delta_f_residual_d,B0-C0,ATC_M3_AL24477,,RAD,5.0,-0.25,not_applicable,,,"[""CAR_ATC_M3_AL24477_B0_RAD_EPD5"",""CAR_ATC_M3_AL24477_C0_RAD_EPD5""]","[""exact"",""lower_bound""]",True
cornea,delta_f_residual_d,B0-A0,ATC_M3_AL24477,,HOA,3.0,0.0,not_applicable,,,"[""CAR_ATC_M3_AL24477_B0_HOA_EPD3"",""CAR_ATC_M3_AL24477_A0_HOA_EPD3""]","[""exact"",""exact""]",False
cornea,delta_f_residual_d,C0-A0,ATC_M3_AL24477,,HOA,3.0,0.0,not_applicable,,,"[""CAR_ATC_M3_AL24477_C0_HOA_EPD3"",""CAR_ATC_M3_AL24477_A0_HOA_EPD3""]","[""exact"",""exact""]",False
cornea,delta_f_residual_d,B0-C0,ATC_M3_AL24477,,HOA,3.0,0.0,not_applicable,,,"[""CAR_ATC_M3_AL24477_B0_HOA_EPD3"",""CAR_ATC_M3_AL24477_C0_HOA_EPD3""]","[""exact"",""exact""]",False
cornea,delta_f_residual_d,B0-A0,ATC_M3_AL24477,,HOA,5.0,0.0,not_applicable,,,"[""CAR_ATC_M3_AL24477_B0_HOA_EPD5"",""CAR_ATC_M3_AL24477_A0_HOA_EPD5""]","[""exact"",""exact""]",True
cornea,delta_f_residual_d,C0-A0,ATC_M3_AL24477,,HOA,5.0,0.25,not_applicable,,,"[""CAR_ATC_M3_AL24477_C0_HOA_EPD5"",""CAR_ATC_M3_AL24477_A0_HOA_EPD5""]","[""lower_bound"",""exact""]",True
cornea,delta_f_residual_d,B0-C0,ATC_M3_AL24477,,HOA,5.0,-0.25,not_applicable,,,"[""CAR_ATC_M3_AL24477_B0_HOA_EPD5"",""CAR_ATC_M3_AL24477_C0_HOA_EPD5""]","[""exact"",""lower_bound""]",True
cornea_x_platform_did,delta_f_residual_d,(B0-A0)_WFS-(B0-A0)_RAD,LB_AL2395,,,3.0,0.0,not_applicable,,,"[""CAR_LB_AL2395_B0_WFS_EPD3"",""CAR_LB_AL2395_A0_WFS_EPD3"",""CAR_LB_AL2395_B0_RAD_EPD3"",""CAR_LB_AL2395_A0_RAD_EPD3""]","[""lower_bound"",""exact"",""exact"",""exact""]",False
cornea_x_platform_did,delta_f_residual_d,(B0-A0)_WFS-(B0-A0)_HOA,LB_AL2395,,,3.0,0.0,not_applicable,,,"[""CAR_LB_AL2395_B0_WFS_EPD3"",""CAR_LB_AL2395_A0_WFS_EPD3"",""CAR_LB_AL2395_B0_HOA_EPD3"",""CAR_LB_AL2395_A0_HOA_EPD3""]","[""lower_bound"",""exact"",""exact"",""exact""]",False
cornea_x_platform_did,delta_f_residual_d,(B0-A0)_RAD-(B0-A0)_HOA,LB_AL2395,,,3.0,0.0,not_applicable,,,"[""CAR_LB_AL2395_B0_RAD_EPD3"",""CAR_LB_AL2395_A0_RAD_EPD3"",""CAR_LB_AL2395_B0_HOA_EPD3"",""CAR_LB_AL2395_A0_HOA_EPD3""]","[""exact"",""exact"",""exact"",""exact""]",False
cornea_x_platform_did,delta_f_residual_d,(C0-A0)_WFS-(C0-A0)_RAD,LB_AL2395,,,3.0,0.0,not_applicable,,,"[""CAR_LB_AL2395_C0_WFS_EPD3"",""CAR_LB_AL2395_A0_WFS_EPD3"",""CAR_LB_AL2395_C0_RAD_EPD3"",""CAR_LB_AL2395_A0_RAD_EPD3""]","[""exact"",""exact"",""exact"",""exact""]",False
cornea_x_platform_did,delta_f_residual_d,(C0-A0)_WFS-(C0-A0)_HOA,LB_AL2395,,,3.0,0.0,not_applicable,,,"[""CAR_LB_AL2395_C0_WFS_EPD3"",""CAR_LB_AL2395_A0_WFS_EPD3"",""CAR_LB_AL2395_C0_HOA_EPD3"",""CAR_LB_AL2395_A0_HOA_EPD3""]","[""exact"",""exact"",""exact"",""exact""]",False
cornea_x_platform_did,delta_f_residual_d,(C0-A0)_RAD-(C0-A0)_HOA,LB_AL2395,,,3.0,0.0,not_applicable,,,"[""CAR_LB_AL2395_C0_RAD_EPD3"",""CAR_LB_AL2395_A0_RAD_EPD3"",""CAR_LB_AL2395_C0_HOA_EPD3"",""CAR_LB_AL2395_A0_HOA_EPD3""]","[""exact"",""exact"",""exact"",""exact""]",False
cornea_x_platform_did,delta_f_residual_d,(B0-C0)_WFS-(B0-C0)_RAD,LB_AL2395,,,3.0,0.0,not_applicable,,,"[""CAR_LB_AL2395_B0_WFS_EPD3"",""CAR_LB_AL2395_C0_WFS_EPD3"",""CAR_LB_AL2395_B0_RAD_EPD3"",""CAR_LB_AL2395_C0_RAD_EPD3""]","[""lower_bound"",""exact"",""exact"",""exact""]",False
cornea_x_platform_did,delta_f_residual_d,(B0-C0)_WFS-(B0-C0)_HOA,LB_AL2395,,,3.0,0.0,not_applicable,,,"[""CAR_LB_AL2395_B0_WFS_EPD3"",""CAR_LB_AL2395_C0_WFS_EPD3"",""CAR_LB_AL2395_B0_HOA_EPD3"",""CAR_LB_AL2395_C0_HOA_EPD3""]","[""lower_bound"",""exact"",""exact"",""exact""]",False
cornea_x_platform_did,delta_f_residual_d,(B0-C0)_RAD-(B0-C0)_HOA,LB_AL2395,,,3.0,0.0,not_applicable,,,"[""CAR_LB_AL2395_B0_RAD_EPD3"",""CAR_LB_AL2395_C0_RAD_EPD3"",""CAR_LB_AL2395_B0_HOA_EPD3"",""CAR_LB_AL2395_C0_HOA_EPD3""]","[""exact"",""exact"",""exact"",""exact""]",False
cornea_x_platform_did,delta_f_residual_d,(B0-A0)_WFS-(B0-A0)_RAD,LB_AL2395,,,5.0,0.25,not_applicable,,,"[""CAR_LB_AL2395_B0_WFS_EPD5"",""CAR_LB_AL2395_A0_WFS_EPD5"",""CAR_LB_AL2395_B0_RAD_EPD5"",""CAR_LB_AL2395_A0_RAD_EPD5""]","[""exact"",""exact"",""exact"",""exact""]",True
cornea_x_platform_did,delta_f_residual_d,(B0-A0)_WFS-(B0-A0)_HOA,LB_AL2395,,,5.0,-0.25,not_applicable,,,"[""CAR_LB_AL2395_B0_WFS_EPD5"",""CAR_LB_AL2395_A0_WFS_EPD5"",""CAR_LB_AL2395_B0_HOA_EPD5"",""CAR_LB_AL2395_A0_HOA_EPD5""]","[""exact"",""exact"",""exact"",""exact""]",True
cornea_x_platform_did,delta_f_residual_d,(B0-A0)_RAD-(B0-A0)_HOA,LB_AL2395,,,5.0,-0.5,not_applicable,,,"[""CAR_LB_AL2395_B0_RAD_EPD5"",""CAR_LB_AL2395_A0_RAD_EPD5"",""CAR_LB_AL2395_B0_HOA_EPD5"",""CAR_LB_AL2395_A0_HOA_EPD5""]","[""exact"",""exact"",""exact"",""exact""]",True
cornea_x_platform_did,delta_f_residual_d,(C0-A0)_WFS-(C0-A0)_RAD,LB_AL2395,,,5.0,0.25,not_applicable,,,"[""CAR_LB_AL2395_C0_WFS_EPD5"",""CAR_LB_AL2395_A0_WFS_EPD5"",""CAR_LB_AL2395_C0_RAD_EPD5"",""CAR_LB_AL2395_A0_RAD_EPD5""]","[""exact"",""exact"",""lower_bound"",""exact""]",False
cornea_x_platform_did,delta_f_residual_d,(C0-A0)_WFS-(C0-A0)_HOA,LB_AL2395,,,5.0,0.0,not_applicable,,,"[""CAR_LB_AL2395_C0_WFS_EPD5"",""CAR_LB_AL2395_A0_WFS_EPD5"",""CAR_LB_AL2395_C0_HOA_EPD5"",""CAR_LB_AL2395_A0_HOA_EPD5""]","[""exact"",""exact"",""exact"",""exact""]",True
cornea_x_platform_did,delta_f_residual_d,(C0-A0)_RAD-(C0-A0)_HOA,LB_AL2395,,,5.0,-0.25,not_applicable,,,"[""CAR_LB_AL2395_C0_RAD_EPD5"",""CAR_LB_AL2395_A0_RAD_EPD5"",""CAR_LB_AL2395_C0_HOA_EPD5"",""CAR_LB_AL2395_A0_HOA_EPD5""]","[""lower_bound"",""exact"",""exact"",""exact""]",True
cornea_x_platform_did,delta_f_residual_d,(B0-C0)_WFS-(B0-C0)_RAD,LB_AL2395,,,5.0,0.0,not_applicable,,,"[""CAR_LB_AL2395_B0_WFS_EPD5"",""CAR_LB_AL2395_C0_WFS_EPD5"",""CAR_LB_AL2395_B0_RAD_EPD5"",""CAR_LB_AL2395_C0_RAD_EPD5""]","[""exact"",""exact"",""exact"",""lower_bound""]",True
cornea_x_platform_did,delta_f_residual_d,(B0-C0)_WFS-(B0-C0)_HOA,LB_AL2395,,,5.0,-0.25,not_applicable,,,"[""CAR_LB_AL2395_B0_WFS_EPD5"",""CAR_LB_AL2395_C0_WFS_EPD5"",""CAR_LB_AL2395_B0_HOA_EPD5"",""CAR_LB_AL2395_C0_HOA_EPD5""]","[""exact"",""exact"",""exact"",""exact""]",True
cornea_x_platform_did,delta_f_residual_d,(B0-C0)_RAD-(B0-C0)_HOA,LB_AL2395,,,5.0,-0.25,not_applicable,,,"[""CAR_LB_AL2395_B0_RAD_EPD5"",""CAR_LB_AL2395_C0_RAD_EPD5"",""CAR_LB_AL2395_B0_HOA_EPD5"",""CAR_LB_AL2395_C0_HOA_EPD5""]","[""exact"",""lower_bound"",""exact"",""exact""]",True
cornea_x_platform_did,delta_f_residual_d,(B0-A0)_WFS-(B0-A0)_RAD,ATC_M3_AL24477,,,3.0,0.0,not_applicable,,,"[""CAR_ATC_M3_AL24477_B0_WFS_EPD3"",""CAR_ATC_M3_AL24477_A0_WFS_EPD3"",""CAR_ATC_M3_AL24477_B0_RAD_EPD3"",""CAR_ATC_M3_AL24477_A0_RAD_EPD3""]","[""lower_bound"",""exact"",""exact"",""exact""]",False
cornea_x_platform_did,delta_f_residual_d,(B0-A0)_WFS-(B0-A0)_HOA,ATC_M3_AL24477,,,3.0,0.0,not_applicable,,,"[""CAR_ATC_M3_AL24477_B0_WFS_EPD3"",""CAR_ATC_M3_AL24477_A0_WFS_EPD3"",""CAR_ATC_M3_AL24477_B0_HOA_EPD3"",""CAR_ATC_M3_AL24477_A0_HOA_EPD3""]","[""lower_bound"",""exact"",""exact"",""exact""]",False
cornea_x_platform_did,delta_f_residual_d,(B0-A0)_RAD-(B0-A0)_HOA,ATC_M3_AL24477,,,3.0,0.0,not_applicable,,,"[""CAR_ATC_M3_AL24477_B0_RAD_EPD3"",""CAR_ATC_M3_AL24477_A0_RAD_EPD3"",""CAR_ATC_M3_AL24477_B0_HOA_EPD3"",""CAR_ATC_M3_AL24477_A0_HOA_EPD3""]","[""exact"",""exact"",""exact"",""exact""]",False
cornea_x_platform_did,delta_f_residual_d,(C0-A0)_WFS-(C0-A0)_RAD,ATC_M3_AL24477,,,3.0,0.0,not_applicable,,,"[""CAR_ATC_M3_AL24477_C0_WFS_EPD3"",""CAR_ATC_M3_AL24477_A0_WFS_EPD3"",""CAR_ATC_M3_AL24477_C0_RAD_EPD3"",""CAR_ATC_M3_AL24477_A0_RAD_EPD3""]","[""exact"",""exact"",""exact"",""exact""]",False
cornea_x_platform_did,delta_f_residual_d,(C0-A0)_WFS-(C0-A0)_HOA,ATC_M3_AL24477,,,3.0,0.0,not_applicable,,,"[""CAR_ATC_M3_AL24477_C0_WFS_EPD3"",""CAR_ATC_M3_AL24477_A0_WFS_EPD3"",""CAR_ATC_M3_AL24477_C0_HOA_EPD3"",""CAR_ATC_M3_AL24477_A0_HOA_EPD3""]","[""exact"",""exact"",""exact"",""exact""]",False
cornea_x_platform_did,delta_f_residual_d,(C0-A0)_RAD-(C0-A0)_HOA,ATC_M3_AL24477,,,3.0,0.0,not_applicable,,,"[""CAR_ATC_M3_AL24477_C0_RAD_EPD3"",""CAR_ATC_M3_AL24477_A0_RAD_EPD3"",""CAR_ATC_M3_AL24477_C0_HOA_EPD3"",""CAR_ATC_M3_AL24477_A0_HOA_EPD3""]","[""exact"",""exact"",""exact"",""exact""]",False
cornea_x_platform_did,delta_f_residual_d,(B0-C0)_WFS-(B0-C0)_RAD,ATC_M3_AL24477,,,3.0,0.0,not_applicable,,,"[""CAR_ATC_M3_AL24477_B0_WFS_EPD3"",""CAR_ATC_M3_AL24477_C0_WFS_EPD3"",""CAR_ATC_M3_AL24477_B0_RAD_EPD3"",""CAR_ATC_M3_AL24477_C0_RAD_EPD3""]","[""lower_bound"",""exact"",""exact"",""exact""]",False
cornea_x_platform_did,delta_f_residual_d,(B0-C0)_WFS-(B0-C0)_HOA,ATC_M3_AL24477,,,3.0,0.0,not_applicable,,,"[""CAR_ATC_M3_AL24477_B0_WFS_EPD3"",""CAR_ATC_M3_AL24477_C0_WFS_EPD3"",""CAR_ATC_M3_AL24477_B0_HOA_EPD3"",""CAR_ATC_M3_AL24477_C0_HOA_EPD3""]","[""lower_bound"",""exact"",""exact"",""exact""]",False
cornea_x_platform_did,delta_f_residual_d,(B0-C0)_RAD-(B0-C0)_HOA,ATC_M3_AL24477,,,3.0,0.0,not_applicable,,,"[""CAR_ATC_M3_AL24477_B0_RAD_EPD3"",""CAR_ATC_M3_AL24477_C0_RAD_EPD3"",""CAR_ATC_M3_AL24477_B0_HOA_EPD3"",""CAR_ATC_M3_AL24477_C0_HOA_EPD3""]","[""exact"",""exact"",""exact"",""exact""]",False
cornea_x_platform_did,delta_f_residual_d,(B0-A0)_WFS-(B0-A0)_RAD,ATC_M3_AL24477,,,5.0,0.0,not_applicable,,,"[""CAR_ATC_M3_AL24477_B0_WFS_EPD5"",""CAR_ATC_M3_AL24477_A0_WFS_EPD5"",""CAR_ATC_M3_AL24477_B0_RAD_EPD5"",""CAR_ATC_M3_AL24477_A0_RAD_EPD5""]","[""exact"",""exact"",""exact"",""exact""]",True
cornea_x_platform_did,delta_f_residual_d,(B0-A0)_WFS-(B0-A0)_HOA,ATC_M3_AL24477,,,5.0,-0.5,not_applicable,,,"[""CAR_ATC_M3_AL24477_B0_WFS_EPD5"",""CAR_ATC_M3_AL24477_A0_WFS_EPD5"",""CAR_ATC_M3_AL24477_B0_HOA_EPD5"",""CAR_ATC_M3_AL24477_A0_HOA_EPD5""]","[""exact"",""exact"",""exact"",""exact""]",True
cornea_x_platform_did,delta_f_residual_d,(B0-A0)_RAD-(B0-A0)_HOA,ATC_M3_AL24477,,,5.0,-0.5,not_applicable,,,"[""CAR_ATC_M3_AL24477_B0_RAD_EPD5"",""CAR_ATC_M3_AL24477_A0_RAD_EPD5"",""CAR_ATC_M3_AL24477_B0_HOA_EPD5"",""CAR_ATC_M3_AL24477_A0_HOA_EPD5""]","[""exact"",""exact"",""exact"",""exact""]",True
cornea_x_platform_did,delta_f_residual_d,(C0-A0)_WFS-(C0-A0)_RAD,ATC_M3_AL24477,,,5.0,0.25,not_applicable,,,"[""CAR_ATC_M3_AL24477_C0_WFS_EPD5"",""CAR_ATC_M3_AL24477_A0_WFS_EPD5"",""CAR_ATC_M3_AL24477_C0_RAD_EPD5"",""CAR_ATC_M3_AL24477_A0_RAD_EPD5""]","[""exact"",""exact"",""lower_bound"",""exact""]",False
cornea_x_platform_did,delta_f_residual_d,(C0-A0)_WFS-(C0-A0)_HOA,ATC_M3_AL24477,,,5.0,-0.25,not_applicable,,,"[""CAR_ATC_M3_AL24477_C0_WFS_EPD5"",""CAR_ATC_M3_AL24477_A0_WFS_EPD5"",""CAR_ATC_M3_AL24477_C0_HOA_EPD5"",""CAR_ATC_M3_AL24477_A0_HOA_EPD5""]","[""exact"",""exact"",""lower_bound"",""exact""]",True
cornea_x_platform_did,delta_f_residual_d,(C0-A0)_RAD-(C0-A0)_HOA,ATC_M3_AL24477,,,5.0,-0.5,not_applicable,,,"[""CAR_ATC_M3_AL24477_C0_RAD_EPD5"",""CAR_ATC_M3_AL24477_A0_RAD_EPD5"",""CAR_ATC_M3_AL24477_C0_HOA_EPD5"",""CAR_ATC_M3_AL24477_A0_HOA_EPD5""]","[""lower_bound"",""exact"",""lower_bound"",""exact""]",True
cornea_x_platform_did,delta_f_residual_d,(B0-C0)_WFS-(B0-C0)_RAD,ATC_M3_AL24477,,,5.0,-0.25,not_applicable,,,"[""CAR_ATC_M3_AL24477_B0_WFS_EPD5"",""CAR_ATC_M3_AL24477_C0_WFS_EPD5"",""CAR_ATC_M3_AL24477_B0_RAD_EPD5"",""CAR_ATC_M3_AL24477_C0_RAD_EPD5""]","[""exact"",""exact"",""exact"",""lower_bound""]",True
cornea_x_platform_did,delta_f_residual_d,(B0-C0)_WFS-(B0-C0)_HOA,ATC_M3_AL24477,,,5.0,-0.25,not_applicable,,,"[""CAR_ATC_M3_AL24477_B0_WFS_EPD5"",""CAR_ATC_M3_AL24477_C0_WFS_EPD5"",""CAR_ATC_M3_AL24477_B0_HOA_EPD5"",""CAR_ATC_M3_AL24477_C0_HOA_EPD5""]","[""exact"",""exact"",""exact"",""lower_bound""]",True
cornea_x_platform_did,delta_f_residual_d,(B0-C0)_RAD-(B0-C0)_HOA,ATC_M3_AL24477,,,5.0,0.0,not_applicable,,,"[""CAR_ATC_M3_AL24477_B0_RAD_EPD5"",""CAR_ATC_M3_AL24477_C0_RAD_EPD5"",""CAR_ATC_M3_AL24477_B0_HOA_EPD5"",""CAR_ATC_M3_AL24477_C0_HOA_EPD5""]","[""exact"",""lower_bound"",""exact"",""lower_bound""]",True
pupil_sensitivity,delta_f_residual_d,EPD5-EPD3,LB_AL2395,A0,WFS,,-0.25,not_applicable,,,"[""CAR_LB_AL2395_A0_WFS_EPD5"",""CAR_LB_AL2395_A0_WFS_EPD3""]","[""exact"",""exact""]",False
pupil_sensitivity,delta_f_residual_d,EPD5-EPD3,LB_AL2395,A0,RAD,,0.0,not_applicable,,,"[""CAR_LB_AL2395_A0_RAD_EPD5"",""CAR_LB_AL2395_A0_RAD_EPD3""]","[""exact"",""exact""]",False
pupil_sensitivity,delta_f_residual_d,EPD5-EPD3,LB_AL2395,A0,HOA,,-0.25,not_applicable,,,"[""CAR_LB_AL2395_A0_HOA_EPD5"",""CAR_LB_AL2395_A0_HOA_EPD3""]","[""exact"",""exact""]",True
pupil_sensitivity,delta_f_residual_d,EPD5-EPD3,LB_AL2395,B0,WFS,,-0.5,not_applicable,,,"[""CAR_LB_AL2395_B0_WFS_EPD5"",""CAR_LB_AL2395_B0_WFS_EPD3""]","[""exact"",""lower_bound""]",True
pupil_sensitivity,delta_f_residual_d,EPD5-EPD3,LB_AL2395,B0,RAD,,-0.5,not_applicable,,,"[""CAR_LB_AL2395_B0_RAD_EPD5"",""CAR_LB_AL2395_B0_RAD_EPD3""]","[""exact"",""exact""]",True
pupil_sensitivity,delta_f_residual_d,EPD5-EPD3,LB_AL2395,B0,HOA,,-0.25,not_applicable,,,"[""CAR_LB_AL2395_B0_HOA_EPD5"",""CAR_LB_AL2395_B0_HOA_EPD3""]","[""exact"",""exact""]",True
pupil_sensitivity,delta_f_residual_d,EPD5-EPD3,LB_AL2395,C0,WFS,,0.0,not_applicable,,,"[""CAR_LB_AL2395_C0_WFS_EPD5"",""CAR_LB_AL2395_C0_WFS_EPD3""]","[""exact"",""exact""]",False
pupil_sensitivity,delta_f_residual_d,EPD5-EPD3,LB_AL2395,C0,RAD,,0.0,not_applicable,,,"[""CAR_LB_AL2395_C0_RAD_EPD5"",""CAR_LB_AL2395_C0_RAD_EPD3""]","[""lower_bound"",""exact""]",False
pupil_sensitivity,delta_f_residual_d,EPD5-EPD3,LB_AL2395,C0,HOA,,0.0,not_applicable,,,"[""CAR_LB_AL2395_C0_HOA_EPD5"",""CAR_LB_AL2395_C0_HOA_EPD3""]","[""exact"",""exact""]",False
pupil_sensitivity,delta_f_residual_d,EPD5-EPD3,ATC_M3_AL24477,A0,WFS,,0.0,not_applicable,,,"[""CAR_ATC_M3_AL24477_A0_WFS_EPD5"",""CAR_ATC_M3_AL24477_A0_WFS_EPD3""]","[""exact"",""exact""]",False
pupil_sensitivity,delta_f_residual_d,EPD5-EPD3,ATC_M3_AL24477,A0,RAD,,0.25,not_applicable,,,"[""CAR_ATC_M3_AL24477_A0_RAD_EPD5"",""CAR_ATC_M3_AL24477_A0_RAD_EPD3""]","[""exact"",""exact""]",False
pupil_sensitivity,delta_f_residual_d,EPD5-EPD3,ATC_M3_AL24477,A0,HOA,,-0.25,not_applicable,,,"[""CAR_ATC_M3_AL24477_A0_HOA_EPD5"",""CAR_ATC_M3_AL24477_A0_HOA_EPD3""]","[""exact"",""exact""]",True
pupil_sensitivity,delta_f_residual_d,EPD5-EPD3,ATC_M3_AL24477,B0,WFS,,-0.5,not_applicable,,,"[""CAR_ATC_M3_AL24477_B0_WFS_EPD5"",""CAR_ATC_M3_AL24477_B0_WFS_EPD3""]","[""exact"",""lower_bound""]",True
pupil_sensitivity,delta_f_residual_d,EPD5-EPD3,ATC_M3_AL24477,B0,RAD,,-0.25,not_applicable,,,"[""CAR_ATC_M3_AL24477_B0_RAD_EPD5"",""CAR_ATC_M3_AL24477_B0_RAD_EPD3""]","[""exact"",""exact""]",True
pupil_sensitivity,delta_f_residual_d,EPD5-EPD3,ATC_M3_AL24477,B0,HOA,,-0.25,not_applicable,,,"[""CAR_ATC_M3_AL24477_B0_HOA_EPD5"",""CAR_ATC_M3_AL24477_B0_HOA_EPD3""]","[""exact"",""exact""]",True
pupil_sensitivity,delta_f_residual_d,EPD5-EPD3,ATC_M3_AL24477,C0,WFS,,0.0,not_applicable,,,"[""CAR_ATC_M3_AL24477_C0_WFS_EPD5"",""CAR_ATC_M3_AL24477_C0_WFS_EPD3""]","[""exact"",""exact""]",False
pupil_sensitivity,delta_f_residual_d,EPD5-EPD3,ATC_M3_AL24477,C0,RAD,,0.0,not_applicable,,,"[""CAR_ATC_M3_AL24477_C0_RAD_EPD5"",""CAR_ATC_M3_AL24477_C0_RAD_EPD3""]","[""lower_bound"",""exact""]",False
pupil_sensitivity,delta_f_residual_d,EPD5-EPD3,ATC_M3_AL24477,C0,HOA,,0.0,not_applicable,,,"[""CAR_ATC_M3_AL24477_C0_HOA_EPD5"",""CAR_ATC_M3_AL24477_C0_HOA_EPD3""]","[""lower_bound"",""exact""]",False
base_sensitivity,delta_f_residual_d,ATC-LB,,A0,WFS,3.0,0.0,not_applicable,,,"[""CAR_ATC_M3_AL24477_A0_WFS_EPD3"",""CAR_LB_AL2395_A0_WFS_EPD3""]","[""exact"",""exact""]",False
base_sensitivity,delta_f_residual_d,ATC-LB,,A0,WFS,5.0,0.25,not_applicable,,,"[""CAR_ATC_M3_AL24477_A0_WFS_EPD5"",""CAR_LB_AL2395_A0_WFS_EPD5""]","[""exact"",""exact""]",False
base_sensitivity,delta_f_residual_d,ATC-LB,,A0,RAD,3.0,0.0,not_applicable,,,"[""CAR_ATC_M3_AL24477_A0_RAD_EPD3"",""CAR_LB_AL2395_A0_RAD_EPD3""]","[""exact"",""exact""]",False
base_sensitivity,delta_f_residual_d,ATC-LB,,A0,RAD,5.0,0.25,not_applicable,,,"[""CAR_ATC_M3_AL24477_A0_RAD_EPD5"",""CAR_LB_AL2395_A0_RAD_EPD5""]","[""exact"",""exact""]",False
base_sensitivity,delta_f_residual_d,ATC-LB,,A0,HOA,3.0,0.0,not_applicable,,,"[""CAR_ATC_M3_AL24477_A0_HOA_EPD3"",""CAR_LB_AL2395_A0_HOA_EPD3""]","[""exact"",""exact""]",False
base_sensitivity,delta_f_residual_d,ATC-LB,,A0,HOA,5.0,0.0,not_applicable,,,"[""CAR_ATC_M3_AL24477_A0_HOA_EPD5"",""CAR_LB_AL2395_A0_HOA_EPD5""]","[""exact"",""exact""]",True
base_sensitivity,delta_f_residual_d,ATC-LB,,B0,WFS,3.0,0.0,not_applicable,,,"[""CAR_ATC_M3_AL24477_B0_WFS_EPD3"",""CAR_LB_AL2395_B0_WFS_EPD3""]","[""lower_bound"",""lower_bound""]",False
base_sensitivity,delta_f_residual_d,ATC-LB,,B0,WFS,5.0,0.0,not_applicable,,,"[""CAR_ATC_M3_AL24477_B0_WFS_EPD5"",""CAR_LB_AL2395_B0_WFS_EPD5""]","[""exact"",""exact""]",True
base_sensitivity,delta_f_residual_d,ATC-LB,,B0,RAD,3.0,0.0,not_applicable,,,"[""CAR_ATC_M3_AL24477_B0_RAD_EPD3"",""CAR_LB_AL2395_B0_RAD_EPD3""]","[""exact"",""exact""]",False
base_sensitivity,delta_f_residual_d,ATC-LB,,B0,RAD,5.0,0.25,not_applicable,,,"[""CAR_ATC_M3_AL24477_B0_RAD_EPD5"",""CAR_LB_AL2395_B0_RAD_EPD5""]","[""exact"",""exact""]",True
base_sensitivity,delta_f_residual_d,ATC-LB,,B0,HOA,3.0,0.0,not_applicable,,,"[""CAR_ATC_M3_AL24477_B0_HOA_EPD3"",""CAR_LB_AL2395_B0_HOA_EPD3""]","[""exact"",""exact""]",False
base_sensitivity,delta_f_residual_d,ATC-LB,,B0,HOA,5.0,0.0,not_applicable,,,"[""CAR_ATC_M3_AL24477_B0_HOA_EPD5"",""CAR_LB_AL2395_B0_HOA_EPD5""]","[""exact"",""exact""]",True
base_sensitivity,delta_f_residual_d,ATC-LB,,C0,WFS,3.0,0.0,not_applicable,,,"[""CAR_ATC_M3_AL24477_C0_WFS_EPD3"",""CAR_LB_AL2395_C0_WFS_EPD3""]","[""exact"",""exact""]",False
base_sensitivity,delta_f_residual_d,ATC-LB,,C0,WFS,5.0,0.0,not_applicable,,,"[""CAR_ATC_M3_AL24477_C0_WFS_EPD5"",""CAR_LB_AL2395_C0_WFS_EPD5""]","[""exact"",""exact""]",False
base_sensitivity,delta_f_residual_d,ATC-LB,,C0,RAD,3.0,0.0,not_applicable,,,"[""CAR_ATC_M3_AL24477_C0_RAD_EPD3"",""CAR_LB_AL2395_C0_RAD_EPD3""]","[""exact"",""exact""]",False
base_sensitivity,delta_f_residual_d,ATC-LB,,C0,RAD,5.0,0.0,not_applicable,,,"[""CAR_ATC_M3_AL24477_C0_RAD_EPD5"",""CAR_LB_AL2395_C0_RAD_EPD5""]","[""lower_bound"",""lower_bound""]",False
base_sensitivity,delta_f_residual_d,ATC-LB,,C0,HOA,3.0,0.0,not_applicable,,,"[""CAR_ATC_M3_AL24477_C0_HOA_EPD3"",""CAR_LB_AL2395_C0_HOA_EPD3""]","[""exact"",""exact""]",False
base_sensitivity,delta_f_residual_d,ATC-LB,,C0,HOA,5.0,0.0,not_applicable,,,"[""CAR_ATC_M3_AL24477_C0_HOA_EPD5"",""CAR_LB_AL2395_C0_HOA_EPD5""]","[""lower_bound"",""exact""]",False
